瘤痢,瘤痢疙,老矫,扁柯(∑C),嚼档(%)
143,措备,2025-12-02 00:00,3,55
143,措备,2025-12-02 01:00,1.8,62
143,措备,2025-12-02 02:00,2.2,56
143,措备,2025-12-02 03:00,5.3,35
143,措备,2025-12-02 04:00,5.1,36
143,措备,2025-12-02 05:00,5,44
143,措备,2025-12-02 06:00,4.8,45
143,措备,2025-12-02 07:00,4.7,41
143,措备,2025-12-02 08:00,4.8,36
143,措备,2025-12-02 09:00,5,37
143,措备,2025-12-02 10:00,6.1,34
143,措备,2025-12-02 11:00,7.7,24
143,措备,2025-12-02 12:00,8.7,20
143,措备,2025-12-02 13:00,9.3,21
143,措备,2025-12-02 14:00,8.9,24
143,措备,2025-12-02 15:00,9.3,23
143,措备,2025-12-02 16:00,8.4,25
143,措备,2025-12-02 17:00,7.1,29
143,措备,2025-12-02 18:00,6.3,29
143,措备,2025-12-02 19:00,5.5,28
143,措备,2025-12-02 20:00,4.4,29
143,措备,2025-12-02 21:00,3.4,27
143,措备,2025-12-02 22:00,2.6,27
143,措备,2025-12-02 23:00,1.9,32
143,措备,2025-12-03 00:00,1,41
143,措备,2025-12-03 01:00,.6,45
143,措备,2025-12-03 02:00,.3,47
143,措备,2025-12-03 03:00,-.1,48
143,措备,2025-12-03 04:00,-.6,46
143,措备,2025-12-03 05:00,-1.1,50
143,措备,2025-12-03 06:00,-2.1,48
143,措备,2025-12-03 07:00,-2.6,38
143,措备,2025-12-03 08:00,-3,37
143,措备,2025-12-03 09:00,-2.6,29
143,措备,2025-12-03 10:00,-1.5,27
143,措备,2025-12-03 11:00,0,25
143,措备,2025-12-03 12:00,1.1,25
143,措备,2025-12-03 13:00,2.4,26
143,措备,2025-12-03 14:00,2.6,27
143,措备,2025-12-03 15:00,2.1,27
143,措备,2025-12-03 16:00,1.7,28
143,措备,2025-12-03 17:00,.7,28
143,措备,2025-12-03 18:00,-.1,31
143,措备,2025-12-03 19:00,-.8,35
143,措备,2025-12-03 20:00,-1.5,38
143,措备,2025-12-03 21:00,-2.1,43
143,措备,2025-12-03 22:00,-2.5,46
143,措备,2025-12-03 23:00,-2.7,49
143,措备,2025-12-04 00:00,-3,54
143,措备,2025-12-04 01:00,-3.2,56
143,措备,2025-12-04 02:00,-3.3,57
143,措备,2025-12-04 03:00,-3.4,58
143,措备,2025-12-04 04:00,-3.7,59
143,措备,2025-12-04 05:00,-3.8,60
143,措备,2025-12-04 06:00,-3.5,59
143,措备,2025-12-04 07:00,-4,61
143,措备,2025-12-04 08:00,-3,58
143,措备,2025-12-04 09:00,-2,53
143,措备,2025-12-04 10:00,-.6,49
143,措备,2025-12-04 11:00,1.1,44
143,措备,2025-12-04 12:00,2.5,40
143,措备,2025-12-04 13:00,4.3,35
143,措备,2025-12-04 14:00,4.6,28
143,措备,2025-12-04 15:00,4.1,27
143,措备,2025-12-04 16:00,4.1,27
143,措备,2025-12-04 17:00,3.5,29
143,措备,2025-12-04 18:00,2.2,33
143,措备,2025-12-04 19:00,.5,39
143,措备,2025-12-04 20:00,-.8,45
143,措备,2025-12-04 21:00,-1.6,53
143,措备,2025-12-04 22:00,-1.6,56
143,措备,2025-12-04 23:00,.2,48
143,措备,2025-12-05 00:00,2.1,65
143,措备,2025-12-05 01:00,1.3,67
143,措备,2025-12-05 02:00,1,69
143,措备,2025-12-05 03:00,1.2,44
143,措备,2025-12-05 04:00,.2,48
143,措备,2025-12-05 05:00,-.6,42
143,措备,2025-12-05 06:00,-1.2,41
143,措备,2025-12-05 07:00,-1.6,42
143,措备,2025-12-05 08:00,-1.5,38
143,措备,2025-12-05 09:00,-.5,34
143,措备,2025-12-05 10:00,.3,33
143,措备,2025-12-05 11:00,1.7,29
143,措备,2025-12-05 12:00,2.9,27
143,措备,2025-12-05 13:00,4.2,25
143,措备,2025-12-05 14:00,4.4,24
143,措备,2025-12-05 15:00,5.2,22
143,措备,2025-12-05 16:00,5,23
143,措备,2025-12-05 17:00,3.6,26
143,措备,2025-12-05 18:00,3.1,27
143,措备,2025-12-05 19:00,2.6,28
143,措备,2025-12-05 20:00,2,29
143,措备,2025-12-05 21:00,.4,36
143,措备,2025-12-05 22:00,.7,32
143,措备,2025-12-05 23:00,.7,33
143,措备,2025-12-06 00:00,-1.5,45
143,措备,2025-12-06 01:00,-2,47
143,措备,2025-12-06 02:00,-2.6,50
143,措备,2025-12-06 03:00,-3.2,53
143,措备,2025-12-06 04:00,-3.7,54
143,措备,2025-12-06 05:00,-4.5,58
143,措备,2025-12-06 06:00,-4.7,62
143,措备,2025-12-06 07:00,-4.1,62
143,措备,2025-12-06 08:00,-3.8,61
143,措备,2025-12-06 09:00,-1.7,54
143,措备,2025-12-06 10:00,.7,49
143,措备,2025-12-06 11:00,4.8,47
143,措备,2025-12-06 12:00,7.3,40
143,措备,2025-12-06 13:00,8.5,35
143,措备,2025-12-06 14:00,9.7,33
143,措备,2025-12-06 15:00,9.8,31
143,措备,2025-12-06 16:00,10.6,27
143,措备,2025-12-06 17:00,8.6,31
143,措备,2025-12-06 18:00,6.5,39
143,措备,2025-12-06 19:00,4.7,46
143,措备,2025-12-06 20:00,3.4,51
143,措备,2025-12-06 21:00,2.5,56
143,措备,2025-12-06 22:00,1.7,62
143,措备,2025-12-06 23:00,1.3,63
143,措备,2025-12-07 00:00,.5,70
143,措备,2025-12-07 01:00,0,72
143,措备,2025-12-07 02:00,-.3,74
143,措备,2025-12-07 03:00,-.4,78
143,措备,2025-12-07 04:00,-.9,81
143,措备,2025-12-07 05:00,-.8,83
143,措备,2025-12-07 06:00,-1.1,86
143,措备,2025-12-07 07:00,-.9,86
143,措备,2025-12-07 08:00,-.5,89
143,措备,2025-12-07 09:00,2.6,78
143,措备,2025-12-07 10:00,5.5,64
143,措备,2025-12-07 11:00,9,57
143,措备,2025-12-07 12:00,10.9,53
143,措备,2025-12-07 13:00,12.7,47
143,措备,2025-12-07 14:00,14,43
143,措备,2025-12-07 15:00,15.2,38
143,措备,2025-12-07 16:00,15,38
143,措备,2025-12-07 17:00,13.4,43
143,措备,2025-12-07 18:00,10.7,52
143,措备,2025-12-07 19:00,8.9,59
143,措备,2025-12-07 20:00,8.2,63
143,措备,2025-12-07 21:00,7.9,64
143,措备,2025-12-07 22:00,7.3,68
143,措备,2025-12-07 23:00,6.5,74
143,措备,2025-12-08 00:00,5.8,76
143,措备,2025-12-08 01:00,6,76
143,措备,2025-12-08 02:00,6.5,75
143,措备,2025-12-08 03:00,9,63
143,措备,2025-12-08 04:00,9.1,55
143,措备,2025-12-08 05:00,8.5,53
143,措备,2025-12-08 06:00,7.9,42
143,措备,2025-12-08 07:00,7.1,30
143,措备,2025-12-08 08:00,6.5,23
143,措备,2025-12-08 09:00,6.5,21
143,措备,2025-12-08 10:00,7.2,17
143,措备,2025-12-08 11:00,8.1,17
143,措备,2025-12-08 12:00,9,15
143,措备,2025-12-08 13:00,9.5,15
143,措备,2025-12-08 14:00,10.3,15
143,措备,2025-12-08 15:00,10.3,13
143,措备,2025-12-08 16:00,10.1,12
143,措备,2025-12-08 17:00,8.7,13
143,措备,2025-12-08 18:00,7.6,15
143,措备,2025-12-08 19:00,6.5,17
143,措备,2025-12-08 20:00,4.4,24
143,措备,2025-12-08 21:00,3.5,25
143,措备,2025-12-08 22:00,4.7,23
143,措备,2025-12-08 23:00,3.9,24
143,措备,2025-12-09 00:00,3.2,25
143,措备,2025-12-09 01:00,2.9,23
143,措备,2025-12-09 02:00,2.5,25
143,措备,2025-12-09 03:00,2.1,31
143,措备,2025-12-09 04:00,2.1,33
143,措备,2025-12-09 05:00,1.8,37
143,措备,2025-12-09 06:00,1.6,41
143,措备,2025-12-09 07:00,1.7,44
143,措备,2025-12-09 08:00,1.9,46
143,措备,2025-12-09 09:00,3.1,41
143,措备,2025-12-09 10:00,4.8,34
143,措备,2025-12-09 11:00,6.1,33
143,措备,2025-12-09 12:00,7.2,33
143,措备,2025-12-09 13:00,8.1,31
143,措备,2025-12-09 14:00,8.6,32
143,措备,2025-12-09 15:00,8.9,30
143,措备,2025-12-09 16:00,8.9,33
143,措备,2025-12-09 17:00,7.6,37
143,措备,2025-12-09 18:00,7.1,39
143,措备,2025-12-09 19:00,6.5,42
143,措备,2025-12-09 20:00,5.9,43
143,措备,2025-12-09 21:00,5.2,46
143,措备,2025-12-09 22:00,4.3,51
143,措备,2025-12-09 23:00,2.2,60
143,措备,2025-12-10 00:00,1.1,65
143,措备,2025-12-10 01:00,.5,69
143,措备,2025-12-10 02:00,.1,70
143,措备,2025-12-10 03:00,.1,72
143,措备,2025-12-10 04:00,.2,71
143,措备,2025-12-10 05:00,.2,72
143,措备,2025-12-10 06:00,.2,73
143,措备,2025-12-10 07:00,.5,73
143,措备,2025-12-10 08:00,0,75
143,措备,2025-12-10 09:00,1.6,74
143,措备,2025-12-10 10:00,3.2,64
143,措备,2025-12-10 11:00,5.2,57
143,措备,2025-12-10 12:00,7.9,48
143,措备,2025-12-10 13:00,9,44
143,措备,2025-12-10 14:00,10,42
143,措备,2025-12-10 15:00,10.5,40
143,措备,2025-12-10 16:00,10.5,35
143,措备,2025-12-10 17:00,9.5,40
143,措备,2025-12-10 18:00,8.1,46
143,措备,2025-12-10 19:00,7,54
143,措备,2025-12-10 20:00,6.4,55
143,措备,2025-12-10 21:00,5.6,58
143,措备,2025-12-10 22:00,5.4,60
143,措备,2025-12-10 23:00,4.9,64
143,措备,2025-12-11 00:00,5,64
143,措备,2025-12-11 01:00,4.8,65
143,措备,2025-12-11 02:00,4.7,66
143,措备,2025-12-11 03:00,4.4,69
143,措备,2025-12-11 04:00,4.5,66
143,措备,2025-12-11 05:00,4.3,69
143,措备,2025-12-11 06:00,4.7,69
143,措备,2025-12-11 07:00,4.5,71
143,措备,2025-12-11 08:00,5.3,71
143,措备,2025-12-11 09:00,6,78
143,措备,2025-12-11 10:00,7.7,72
143,措备,2025-12-11 11:00,9.7,71
143,措备,2025-12-11 12:00,9.9,73
143,措备,2025-12-11 13:00,11.3,67
143,措备,2025-12-11 14:00,12.8,61
143,措备,2025-12-11 15:00,12.4,55
143,措备,2025-12-11 16:00,12.2,47
143,措备,2025-12-11 17:00,11.1,52
143,措备,2025-12-11 18:00,9.9,35
143,措备,2025-12-11 19:00,8.6,36
143,措备,2025-12-11 20:00,7.5,38
143,措备,2025-12-11 21:00,7,29
143,措备,2025-12-11 22:00,5.6,27
143,措备,2025-12-11 23:00,4.4,31
143,措备,2025-12-12 00:00,3.7,40
143,措备,2025-12-12 01:00,3,45
143,措备,2025-12-12 02:00,2.3,48
143,措备,2025-12-12 03:00,1.7,51
143,措备,2025-12-12 04:00,.2,60
143,措备,2025-12-12 05:00,.2,63
143,措备,2025-12-12 06:00,-.7,65
143,措备,2025-12-12 07:00,-1.1,69
143,措备,2025-12-12 08:00,-.4,69
143,措备,2025-12-12 09:00,1,62
143,措备,2025-12-12 10:00,3.5,53
143,措备,2025-12-12 11:00,6.3,48
143,措备,2025-12-12 12:00,7.5,51
143,措备,2025-12-12 13:00,7.1,57
143,措备,2025-12-12 14:00,7.5,61
143,措备,2025-12-12 15:00,6.9,63
143,措备,2025-12-12 16:00,6.2,66
143,措备,2025-12-12 17:00,5.5,71
143,措备,2025-12-12 18:00,4.9,74
143,措备,2025-12-12 19:00,4.9,75
143,措备,2025-12-12 20:00,4.5,76
143,措备,2025-12-12 21:00,3.8,80
143,措备,2025-12-12 22:00,3.3,84
143,措备,2025-12-12 23:00,3.3,84
143,措备,2025-12-13 00:00,2.5,87
143,措备,2025-12-13 01:00,1.9,88
143,措备,2025-12-13 02:00,1.3,92
143,措备,2025-12-13 03:00,.5,93
143,措备,2025-12-13 04:00,-.2,94
143,措备,2025-12-13 05:00,-.2,96
143,措备,2025-12-13 06:00,.1,96
143,措备,2025-12-13 07:00,-.4,96
143,措备,2025-12-13 08:00,-.1,96
143,措备,2025-12-13 09:00,1.5,92
143,措备,2025-12-13 10:00,3.3,82
143,措备,2025-12-13 11:00,5.6,70
143,措备,2025-12-13 12:00,8.1,60
143,措备,2025-12-13 13:00,9.1,55
143,措备,2025-12-13 14:00,9.1,53
143,措备,2025-12-13 15:00,8.8,53
143,措备,2025-12-13 16:00,8.4,56
143,措备,2025-12-13 17:00,7.7,69
143,措备,2025-12-13 18:00,6.5,84
143,措备,2025-12-13 19:00,6.1,91
143,措备,2025-12-13 20:00,5,89
143,措备,2025-12-13 21:00,4.3,89
143,措备,2025-12-13 22:00,4,88
143,措备,2025-12-13 23:00,3.9,89
143,措备,2025-12-14 00:00,3.9,83
143,措备,2025-12-14 01:00,3.5,78
143,措备,2025-12-14 02:00,3.4,75
143,措备,2025-12-14 03:00,2.8,75
143,措备,2025-12-14 04:00,2.1,71
143,措备,2025-12-14 05:00,1.9,67
143,措备,2025-12-14 06:00,2,64
143,措备,2025-12-14 07:00,2.1,64
143,措备,2025-12-14 08:00,2.5,63
143,措备,2025-12-14 09:00,3,64
143,措备,2025-12-14 10:00,3.4,61
143,措备,2025-12-14 11:00,4.4,52
143,措备,2025-12-14 12:00,4.9,53
143,措备,2025-12-14 13:00,5.1,47
143,措备,2025-12-14 14:00,5.5,46
143,措备,2025-12-14 15:00,5.4,44
143,措备,2025-12-14 16:00,5.1,46
143,措备,2025-12-14 17:00,4,49
143,措备,2025-12-14 18:00,3.4,52
143,措备,2025-12-14 19:00,3,55
143,措备,2025-12-14 20:00,2.7,57
143,措备,2025-12-14 21:00,2.9,58
143,措备,2025-12-14 22:00,3,50
143,措备,2025-12-14 23:00,2.1,55
143,措备,2025-12-15 00:00,1.1,65
143,措备,2025-12-15 01:00,2,58
143,措备,2025-12-15 02:00,1.1,64
143,措备,2025-12-15 03:00,1,66
143,措备,2025-12-15 04:00,.5,68
143,措备,2025-12-15 05:00,1.2,64
143,措备,2025-12-15 06:00,.8,67
143,措备,2025-12-15 07:00,.8,67
143,措备,2025-12-15 08:00,1.4,65
143,措备,2025-12-15 09:00,2.6,60
143,措备,2025-12-15 10:00,4,55
143,措备,2025-12-15 11:00,5.5,51
143,措备,2025-12-15 12:00,6.9,45
143,措备,2025-12-15 13:00,7.8,42
143,措备,2025-12-15 14:00,8.6,41
143,措备,2025-12-15 15:00,8.8,41
143,措备,2025-12-15 16:00,8.3,43
143,措备,2025-12-15 17:00,7.3,46
143,措备,2025-12-15 18:00,6,52
143,措备,2025-12-15 19:00,5.1,56
143,措备,2025-12-15 20:00,3.4,66
143,措备,2025-12-15 21:00,2.3,68
143,措备,2025-12-15 22:00,.8,77
143,措备,2025-12-15 23:00,.5,82
143,措备,2025-12-16 00:00,-.1,82
143,措备,2025-12-16 01:00,-.9,86
143,措备,2025-12-16 02:00,-1,86
143,措备,2025-12-16 03:00,-1.8,89
143,措备,2025-12-16 04:00,-2,91
143,措备,2025-12-16 05:00,-1.9,91
143,措备,2025-12-16 06:00,-2.4,91
143,措备,2025-12-16 07:00,-1.7,92
143,措备,2025-12-16 08:00,-1.1,90
143,措备,2025-12-16 09:00,.6,85
143,措备,2025-12-16 10:00,1.6,78
143,措备,2025-12-16 11:00,3.2,73
143,措备,2025-12-16 12:00,4.7,65
143,措备,2025-12-16 13:00,5.6,61
143,措备,2025-12-16 14:00,6.6,56
143,措备,2025-12-16 15:00,7.2,55
143,措备,2025-12-16 16:00,7.5,54
143,措备,2025-12-16 17:00,7.1,56
143,措备,2025-12-16 18:00,6.8,58
143,措备,2025-12-16 19:00,6.6,61
143,措备,2025-12-16 20:00,6.4,65
143,措备,2025-12-16 21:00,6.4,67
143,措备,2025-12-16 22:00,6.2,70
143,措备,2025-12-16 23:00,6,71
143,措备,2025-12-17 00:00,5.8,73
143,措备,2025-12-17 01:00,5.6,75
143,措备,2025-12-17 02:00,5.7,76
143,措备,2025-12-17 03:00,5.7,75
143,措备,2025-12-17 04:00,5.5,76
143,措备,2025-12-17 05:00,5.6,76
143,措备,2025-12-17 06:00,5.8,77
143,措备,2025-12-17 07:00,5.7,78
143,措备,2025-12-17 08:00,5.4,80
143,措备,2025-12-17 09:00,6,79
143,措备,2025-12-17 10:00,8.9,60
143,措备,2025-12-17 11:00,9.7,53
143,措备,2025-12-17 12:00,10.3,43
143,措备,2025-12-17 13:00,10.2,38
143,措备,2025-12-17 14:00,10.2,35
143,措备,2025-12-17 15:00,10.2,33
143,措备,2025-12-17 16:00,9.8,34
143,措备,2025-12-17 17:00,8.5,37
143,措备,2025-12-17 18:00,7.8,40
143,措备,2025-12-17 19:00,6.9,43
143,措备,2025-12-17 20:00,6.2,46
143,措备,2025-12-17 21:00,5.8,48
143,措备,2025-12-17 22:00,5.5,47
143,措备,2025-12-17 23:00,4.5,49
143,措备,2025-12-18 00:00,2.1,64
143,措备,2025-12-18 01:00,1.7,66
143,措备,2025-12-18 02:00,.8,70
143,措备,2025-12-18 03:00,-.2,75
143,措备,2025-12-18 04:00,-.9,79
143,措备,2025-12-18 05:00,-1.1,77
143,措备,2025-12-18 06:00,-1.7,84
143,措备,2025-12-18 07:00,-1.6,81
143,措备,2025-12-18 08:00,-1.6,82
143,措备,2025-12-18 09:00,1,71
143,措备,2025-12-18 10:00,3.3,59
143,措备,2025-12-18 11:00,6.4,48
143,措备,2025-12-18 12:00,8.4,37
143,措备,2025-12-18 13:00,9.9,27
143,措备,2025-12-18 14:00,10.9,22
143,措备,2025-12-18 15:00,11.4,23
143,措备,2025-12-18 16:00,11.5,22
143,措备,2025-12-18 17:00,9.7,26
143,措备,2025-12-18 18:00,6.7,35
143,措备,2025-12-18 19:00,5.2,45
143,措备,2025-12-18 20:00,3.4,55
143,措备,2025-12-18 21:00,2.7,53
143,措备,2025-12-18 22:00,1.4,65
143,措备,2025-12-18 23:00,.7,63
143,措备,2025-12-19 00:00,.1,67
143,措备,2025-12-19 01:00,-.7,75
143,措备,2025-12-19 02:00,-1.4,74
143,措备,2025-12-19 03:00,-1.6,78
143,措备,2025-12-19 04:00,-2,80
143,措备,2025-12-19 05:00,-2.1,82
143,措备,2025-12-19 06:00,-2.2,81
143,措备,2025-12-19 07:00,-2.4,84
143,措备,2025-12-19 08:00,-1.9,82
143,措备,2025-12-19 09:00,-.5,77
143,措备,2025-12-19 10:00,2.9,64
143,措备,2025-12-19 11:00,6.2,51
143,措备,2025-12-19 12:00,7.8,46
143,措备,2025-12-19 13:00,8.7,45
143,措备,2025-12-19 14:00,10.6,43
143,措备,2025-12-19 15:00,11.3,42
143,措备,2025-12-19 16:00,11.9,43
143,措备,2025-12-19 17:00,11,47
143,措备,2025-12-19 18:00,9.5,53
143,措备,2025-12-19 19:00,7.6,61
143,措备,2025-12-19 20:00,6.2,68
143,措备,2025-12-19 21:00,5.1,74
143,措备,2025-12-19 22:00,4.9,75
143,措备,2025-12-19 23:00,4.4,80
143,措备,2025-12-20 00:00,3.6,83
143,措备,2025-12-20 01:00,4,85
143,措备,2025-12-20 02:00,3.4,86
143,措备,2025-12-20 03:00,3.1,88
143,措备,2025-12-20 04:00,2.6,92
143,措备,2025-12-20 05:00,2.1,91
143,措备,2025-12-20 06:00,1.6,91
143,措备,2025-12-20 07:00,1.8,93
143,措备,2025-12-20 08:00,1.6,93
143,措备,2025-12-20 09:00,3.2,87
143,措备,2025-12-20 10:00,4.1,85
143,措备,2025-12-20 11:00,6.3,75
143,措备,2025-12-20 12:00,8.7,67
143,措备,2025-12-20 13:00,10.1,63
143,措备,2025-12-20 14:00,12,61
143,措备,2025-12-20 15:00,13.5,61
143,措备,2025-12-20 16:00,13.8,63
143,措备,2025-12-20 17:00,13.3,66
143,措备,2025-12-20 18:00,12.6,68
143,措备,2025-12-20 19:00,11.9,71
143,措备,2025-12-20 20:00,11.6,73
143,措备,2025-12-20 21:00,12.3,78
143,措备,2025-12-20 22:00,12.3,77
143,措备,2025-12-20 23:00,11.5,75
143,措备,2025-12-21 00:00,10.9,68
143,措备,2025-12-21 01:00,9.6,59
143,措备,2025-12-21 02:00,8.4,49
143,措备,2025-12-21 03:00,7,39
143,措备,2025-12-21 04:00,5.8,32
143,措备,2025-12-21 05:00,4.6,37
143,措备,2025-12-21 06:00,3.7,41
143,措备,2025-12-21 07:00,2.5,40
143,措备,2025-12-21 08:00,2.1,28
143,措备,2025-12-21 09:00,2,27
143,措备,2025-12-21 10:00,1.9,29
143,措备,2025-12-21 11:00,2.6,27
143,措备,2025-12-21 12:00,2.8,25
143,措备,2025-12-21 13:00,3.1,24
143,措备,2025-12-21 14:00,3.4,23
143,措备,2025-12-21 15:00,4.8,20
143,措备,2025-12-21 16:00,4.7,18
143,措备,2025-12-21 17:00,4,21
143,措备,2025-12-21 18:00,3.2,22
143,措备,2025-12-21 19:00,2.5,24
143,措备,2025-12-21 20:00,2.1,24
143,措备,2025-12-21 21:00,.9,28
143,措备,2025-12-21 22:00,.7,28
143,措备,2025-12-21 23:00,.4,29
143,措备,2025-12-22 00:00,.1,30
143,措备,2025-12-22 01:00,-.7,34
143,措备,2025-12-22 02:00,-3,48
143,措备,2025-12-22 03:00,-3.8,57
143,措备,2025-12-22 04:00,-4.6,53
143,措备,2025-12-22 05:00,-4.6,56
143,措备,2025-12-22 06:00,-5.5,61
143,措备,2025-12-22 07:00,-5.7,64
143,措备,2025-12-22 08:00,-4.8,67
143,措备,2025-12-22 09:00,-2.3,55
143,措备,2025-12-22 10:00,-.6,44
143,措备,2025-12-22 11:00,2.2,36
143,措备,2025-12-22 12:00,3.8,29
143,措备,2025-12-22 13:00,5,32
143,措备,2025-12-22 14:00,7.1,33
143,措备,2025-12-22 15:00,7.8,37
143,措备,2025-12-22 16:00,7.8,39
143,措备,2025-12-22 17:00,7.6,40
143,措备,2025-12-22 18:00,5.5,46
143,措备,2025-12-22 19:00,4.6,56
143,措备,2025-12-22 20:00,4.4,60
143,措备,2025-12-22 21:00,3.7,62
143,措备,2025-12-22 22:00,1.9,75
143,措备,2025-12-22 23:00,1.1,71
143,措备,2025-12-23 00:00,-.2,76
143,措备,2025-12-23 01:00,-1.1,80
143,措备,2025-12-23 02:00,-1.2,86
143,措备,2025-12-23 03:00,-1.6,86
143,措备,2025-12-23 04:00,-2.1,87
143,措备,2025-12-23 05:00,-2.4,89
143,措备,2025-12-23 06:00,-2.7,90
143,措备,2025-12-23 07:00,-2.8,90
143,措备,2025-12-23 08:00,-2.8,90
143,措备,2025-12-23 09:00,-1.3,85
143,措备,2025-12-23 10:00,1.2,76
143,措备,2025-12-23 11:00,3.1,65
143,措备,2025-12-23 12:00,5.2,56
143,措备,2025-12-23 13:00,6,53
143,措备,2025-12-23 14:00,7.3,50
143,措备,2025-12-23 15:00,7.9,50
143,措备,2025-12-23 16:00,7.6,51
143,措备,2025-12-23 17:00,7.2,55
143,措备,2025-12-23 18:00,6.6,65
143,措备,2025-12-23 19:00,6.6,66
143,措备,2025-12-23 20:00,5.9,84
143,措备,2025-12-23 21:00,5.4,83
143,措备,2025-12-23 22:00,5.4,82
143,措备,2025-12-23 23:00,5.2,86
143,措备,2025-12-24 00:00,5.5,89
143,措备,2025-12-24 01:00,5.7,81
143,措备,2025-12-24 02:00,5.3,81
143,措备,2025-12-24 03:00,5.1,84
143,措备,2025-12-24 04:00,4.8,90
143,措备,2025-12-24 05:00,4.4,94
143,措备,2025-12-24 06:00,4.2,95
143,措备,2025-12-24 07:00,4.3,95
143,措备,2025-12-24 08:00,4.5,95
143,措备,2025-12-24 09:00,5.1,94
143,措备,2025-12-24 10:00,5.6,92
143,措备,2025-12-24 11:00,6.3,90
143,措备,2025-12-24 12:00,6.7,88
143,措备,2025-12-24 13:00,7.5,80
143,措备,2025-12-24 14:00,7.5,78
143,措备,2025-12-24 15:00,7.4,78
143,措备,2025-12-24 16:00,7.1,79
143,措备,2025-12-24 17:00,6.8,77
143,措备,2025-12-24 18:00,6.3,72
143,措备,2025-12-24 19:00,5.9,71
143,措备,2025-12-24 20:00,5.6,70
143,措备,2025-12-24 21:00,5.4,70
143,措备,2025-12-24 22:00,4.9,68
143,措备,2025-12-24 23:00,4.7,67
143,措备,2025-12-25 00:00,4.3,68
143,措备,2025-12-25 01:00,3.4,64
143,措备,2025-12-25 02:00,3,63
143,措备,2025-12-25 03:00,2.7,64
143,措备,2025-12-25 04:00,2.3,65
143,措备,2025-12-25 05:00,1.9,67
143,措备,2025-12-25 06:00,1.7,65
143,措备,2025-12-25 07:00,1.5,62
143,措备,2025-12-25 08:00,1.1,61
143,措备,2025-12-25 09:00,1,59
143,措备,2025-12-25 10:00,2.2,51
143,措备,2025-12-25 11:00,3.4,41
143,措备,2025-12-25 12:00,4.2,30
143,措备,2025-12-25 13:00,3.7,25
143,措备,2025-12-25 14:00,3.8,28
143,措备,2025-12-25 15:00,3.1,36
143,措备,2025-12-25 16:00,3,29
143,措备,2025-12-25 17:00,1.6,28
143,措备,2025-12-25 18:00,.3,33
143,措备,2025-12-25 19:00,-.6,38
143,措备,2025-12-25 20:00,-1.1,37
143,措备,2025-12-25 21:00,-2.1,48
143,措备,2025-12-25 22:00,-3,45
143,措备,2025-12-25 23:00,-3.8,40
143,措备,2025-12-26 00:00,-4,45
143,措备,2025-12-26 01:00,-4.6,47
143,措备,2025-12-26 02:00,-4.9,47
143,措备,2025-12-26 03:00,-5.5,43
143,措备,2025-12-26 04:00,-6,38
143,措备,2025-12-26 05:00,-6.5,38
143,措备,2025-12-26 06:00,-6.9,32
143,措备,2025-12-26 07:00,-7.3,35
143,措备,2025-12-26 08:00,-7.4,33
143,措备,2025-12-26 09:00,-6.7,26
143,措备,2025-12-26 10:00,-5.9,22
143,措备,2025-12-26 11:00,-4.3,19
143,措备,2025-12-26 12:00,-3.2,17
143,措备,2025-12-26 13:00,-2,15
143,措备,2025-12-26 14:00,-1.3,15
143,措备,2025-12-26 15:00,-1.1,15
143,措备,2025-12-26 16:00,-.9,16
143,措备,2025-12-26 17:00,-1.9,16
143,措备,2025-12-26 18:00,-2.3,18
143,措备,2025-12-26 19:00,-2.9,21
143,措备,2025-12-26 20:00,-3.2,22
143,措备,2025-12-26 21:00,-3.6,22
143,措备,2025-12-26 22:00,-4,21
143,措备,2025-12-26 23:00,-4.3,22
143,措备,2025-12-27 00:00,-4.5,22
143,措备,2025-12-27 01:00,-4.5,21
143,措备,2025-12-27 02:00,-4.6,21
143,措备,2025-12-27 03:00,-4.4,26
143,措备,2025-12-27 04:00,-4.3,31
143,措备,2025-12-27 05:00,-4.3,36
143,措备,2025-12-27 06:00,-4,39
143,措备,2025-12-27 07:00,-3.9,42
143,措备,2025-12-27 08:00,-3.9,45
143,措备,2025-12-27 09:00,-2.8,44
143,措备,2025-12-27 10:00,-1,42
143,措备,2025-12-27 11:00,.4,42
143,措备,2025-12-27 12:00,2.2,41
143,措备,2025-12-27 13:00,3.5,40
143,措备,2025-12-27 14:00,4.9,38
143,措备,2025-12-27 15:00,5.2,38
143,措备,2025-12-27 16:00,4.7,42
143,措备,2025-12-27 17:00,4.6,45
143,措备,2025-12-27 18:00,3.6,49
143,措备,2025-12-27 19:00,2.5,56
143,措备,2025-12-27 20:00,2.3,58
143,措备,2025-12-27 21:00,2.3,55
143,措备,2025-12-27 22:00,1.4,60
143,措备,2025-12-27 23:00,0,66
143,措备,2025-12-28 00:00,-.8,72
143,措备,2025-12-28 01:00,-1.4,76
143,措备,2025-12-28 02:00,-.9,76
143,措备,2025-12-28 03:00,-.6,74
143,措备,2025-12-28 04:00,-1.6,76
143,措备,2025-12-28 05:00,-1.8,77
143,措备,2025-12-28 06:00,-2.6,81
143,措备,2025-12-28 07:00,-2,79
143,措备,2025-12-28 08:00,-1.8,79
143,措备,2025-12-28 09:00,-.4,72
143,措备,2025-12-28 10:00,.9,69
143,措备,2025-12-28 11:00,3.1,58
143,措备,2025-12-28 12:00,3.7,56
143,措备,2025-12-28 13:00,5.8,52
143,措备,2025-12-28 14:00,7.2,49
143,措备,2025-12-28 15:00,7.7,48
143,措备,2025-12-28 16:00,8.4,47
143,措备,2025-12-28 17:00,7.7,48
143,措备,2025-12-28 18:00,5.6,57
143,措备,2025-12-28 19:00,4.7,61
143,措备,2025-12-28 20:00,3.8,66
143,措备,2025-12-28 21:00,3,69
143,措备,2025-12-28 22:00,3,72
143,措备,2025-12-28 23:00,2.7,71
143,措备,2025-12-29 00:00,2.7,70
143,措备,2025-12-29 01:00,2.7,72
143,措备,2025-12-29 02:00,2.1,75
143,措备,2025-12-29 03:00,2.2,77
143,措备,2025-12-29 04:00,1.4,80
143,措备,2025-12-29 05:00,.2,86
143,措备,2025-12-29 06:00,-.1,88
143,措备,2025-12-29 07:00,-.9,89
143,措备,2025-12-29 08:00,-.5,90
143,措备,2025-12-29 09:00,1.3,84
143,措备,2025-12-29 10:00,5.5,66
143,措备,2025-12-29 11:00,7.5,56
143,措备,2025-12-29 12:00,9.5,52
143,措备,2025-12-29 13:00,12.2,49
143,措备,2025-12-29 14:00,12.4,47
143,措备,2025-12-29 15:00,12.5,45
143,措备,2025-12-29 16:00,12.2,45
143,措备,2025-12-29 17:00,11,49
143,措备,2025-12-29 18:00,9.2,60
143,措备,2025-12-29 19:00,9.1,60
143,措备,2025-12-29 20:00,7.5,66
143,措备,2025-12-29 21:00,5.8,75
143,措备,2025-12-29 22:00,4.9,78
143,措备,2025-12-29 23:00,4.2,82
143,措备,2025-12-30 00:00,5.8,72
143,措备,2025-12-30 01:00,5.2,56
143,措备,2025-12-30 02:00,4.8,55
143,措备,2025-12-30 03:00,3.7,56
143,措备,2025-12-30 04:00,3.5,61
143,措备,2025-12-30 05:00,3.4,58
143,措备,2025-12-30 06:00,2.9,55
143,措备,2025-12-30 07:00,2.2,50
143,措备,2025-12-30 08:00,1.6,44
143,措备,2025-12-30 09:00,2.5,40
143,措备,2025-12-30 10:00,3.5,34
143,措备,2025-12-30 11:00,4.9,30
143,措备,2025-12-30 12:00,5.6,22
143,措备,2025-12-30 13:00,6.1,22
143,措备,2025-12-30 14:00,6.5,19
143,措备,2025-12-30 15:00,7,20
143,措备,2025-12-30 16:00,6.7,21
143,措备,2025-12-30 17:00,5.6,20
143,措备,2025-12-30 18:00,4.5,23
143,措备,2025-12-30 19:00,3.8,26
143,措备,2025-12-30 20:00,2.3,32
143,措备,2025-12-30 21:00,.9,35
143,措备,2025-12-30 22:00,1,35
143,措备,2025-12-30 23:00,1.4,34
143,措备,2025-12-31 00:00,.8,37
143,措备,2025-12-31 01:00,.6,37
143,措备,2025-12-31 02:00,-.8,45
143,措备,2025-12-31 03:00,-1.9,51
143,措备,2025-12-31 04:00,-2.3,55
143,措备,2025-12-31 05:00,-.7,46
143,措备,2025-12-31 06:00,-.9,46
143,措备,2025-12-31 07:00,-.9,47
143,措备,2025-12-31 08:00,-1.8,52
143,措备,2025-12-31 09:00,-1.2,51
143,措备,2025-12-31 10:00,-.5,34
143,措备,2025-12-31 11:00,.1,29
143,措备,2025-12-31 12:00,.1,22
143,措备,2025-12-31 13:00,1.4,17
143,措备,2025-12-31 14:00,1.2,16
143,措备,2025-12-31 15:00,1.1,14
143,措备,2025-12-31 16:00,1,14
143,措备,2025-12-31 17:00,.4,16
143,措备,2025-12-31 18:00,-.6,18
143,措备,2025-12-31 19:00,-1.2,22
143,措备,2025-12-31 20:00,-2,26
143,措备,2025-12-31 21:00,-2.7,27
143,措备,2025-12-31 22:00,-3.5,29
143,措备,2025-12-31 23:00,-4.1,33
143,措备,2026-01-01 00:00,-4.5,38
143,措备,2026-01-01 01:00,-4.9,41
143,措备,2026-01-01 02:00,-5.1,44
143,措备,2026-01-01 03:00,-5.4,46
143,措备,2026-01-01 04:00,-5.5,45
143,措备,2026-01-01 05:00,-5.7,44
143,措备,2026-01-01 06:00,-6.1,41
143,措备,2026-01-01 07:00,-6.2,38
143,措备,2026-01-01 08:00,-6.2,35
143,措备,2026-01-01 09:00,-6,34
143,措备,2026-01-01 10:00,-4.6,27
143,措备,2026-01-01 11:00,-3.3,22
143,措备,2026-01-01 12:00,-3.1,22
143,措备,2026-01-01 13:00,-3,21
143,措备,2026-01-01 14:00,-1.9,21
143,措备,2026-01-01 15:00,-1.2,19
143,措备,2026-01-01 16:00,-1.2,18
143,措备,2026-01-01 17:00,-1.5,19
143,措备,2026-01-01 18:00,-1.8,22
143,措备,2026-01-01 19:00,-2.3,25
143,措备,2026-01-01 20:00,-2.5,26
143,措备,2026-01-01 21:00,-2.8,28
143,措备,2026-01-01 22:00,-3.4,32
143,措备,2026-01-01 23:00,-3.8,36
143,措备,2026-01-02 00:00,-4.2,39
143,措备,2026-01-02 01:00,-4.5,41
143,措备,2026-01-02 02:00,-5.6,45
143,措备,2026-01-02 03:00,-5.9,47
143,措备,2026-01-02 04:00,-6.5,49
143,措备,2026-01-02 05:00,-6.8,48
143,措备,2026-01-02 06:00,-7.3,46
143,措备,2026-01-02 07:00,-7.8,46
143,措备,2026-01-02 08:00,-7.9,44
143,措备,2026-01-02 09:00,-7.1,42
143,措备,2026-01-02 10:00,-5.9,38
143,措备,2026-01-02 11:00,-4.8,32
143,措备,2026-01-02 12:00,-3.5,27
143,措备,2026-01-02 13:00,-1.9,24
143,措备,2026-01-02 14:00,-.8,22
143,措备,2026-01-02 15:00,-.5,20
143,措备,2026-01-02 16:00,-.8,21
143,措备,2026-01-02 17:00,-1.2,24
143,措备,2026-01-02 18:00,-2.2,30
143,措备,2026-01-02 19:00,-2.7,36
143,措备,2026-01-02 20:00,-3.1,42
143,措备,2026-01-02 21:00,-3.3,45
143,措备,2026-01-02 22:00,-3.7,48
143,措备,2026-01-02 23:00,-4.3,53
143,措备,2026-01-03 00:00,-4.6,55
143,措备,2026-01-03 01:00,-5.1,57
143,措备,2026-01-03 02:00,-5.6,60
143,措备,2026-01-03 03:00,-5.7,62
143,措备,2026-01-03 04:00,-5.8,61
143,措备,2026-01-03 05:00,-5.5,55
143,措备,2026-01-03 06:00,-5.6,50
143,措备,2026-01-03 07:00,-5.7,44
143,措备,2026-01-03 08:00,-5.3,40
143,措备,2026-01-03 09:00,-4.2,39
143,措备,2026-01-03 10:00,-2.5,35
143,措备,2026-01-03 11:00,-.6,33
143,措备,2026-01-03 12:00,1.3,30
143,措备,2026-01-03 13:00,2.9,27
143,措备,2026-01-03 14:00,4.1,30
143,措备,2026-01-03 15:00,4.4,36
143,措备,2026-01-03 16:00,4.9,36
143,措备,2026-01-03 17:00,3.6,41
143,措备,2026-01-03 18:00,2.7,45
143,措备,2026-01-03 19:00,2.5,47
143,措备,2026-01-03 20:00,2,50
143,措备,2026-01-03 21:00,1.5,52
143,措备,2026-01-03 22:00,.7,56
143,措备,2026-01-03 23:00,-.4,62
143,措备,2026-01-04 00:00,-1.4,66
143,措备,2026-01-04 01:00,-1.1,67
143,措备,2026-01-04 02:00,-1.6,71
143,措备,2026-01-04 03:00,-.9,71
143,措备,2026-01-04 04:00,-.9,70
143,措备,2026-01-04 05:00,-.8,71
143,措备,2026-01-04 06:00,-.9,71
143,措备,2026-01-04 07:00,-1.3,73
143,措备,2026-01-04 08:00,-1.5,73
143,措备,2026-01-04 09:00,-.6,72
143,措备,2026-01-04 10:00,1.8,60
143,措备,2026-01-04 11:00,5.2,47
143,措备,2026-01-04 12:00,6.8,43
143,措备,2026-01-04 13:00,7.3,41
143,措备,2026-01-04 14:00,8,40
143,措备,2026-01-04 15:00,8,39
143,措备,2026-01-04 16:00,7.3,41
143,措备,2026-01-04 17:00,6.5,44
143,措备,2026-01-04 18:00,5.7,46
143,措备,2026-01-04 19:00,5.5,47
143,措备,2026-01-04 20:00,5.3,48
143,措备,2026-01-04 21:00,5,49
143,措备,2026-01-04 22:00,4.5,51
143,措备,2026-01-04 23:00,4.2,51
143,措备,2026-01-05 00:00,3.8,51
143,措备,2026-01-05 01:00,3.9,46
143,措备,2026-01-05 02:00,3.7,44
143,措备,2026-01-05 03:00,3.4,44
143,措备,2026-01-05 04:00,3,44
143,措备,2026-01-05 05:00,2.7,48
143,措备,2026-01-05 06:00,2.3,53
143,措备,2026-01-05 07:00,2.2,53
143,措备,2026-01-05 08:00,1.9,54
143,措备,2026-01-05 09:00,2.4,50
143,措备,2026-01-05 10:00,3.2,45
143,措备,2026-01-05 11:00,4,39
143,措备,2026-01-05 12:00,5.3,29
143,措备,2026-01-05 13:00,4.6,26
143,措备,2026-01-05 14:00,5.4,23
143,措备,2026-01-05 15:00,5.9,20
143,措备,2026-01-05 16:00,5.9,16
143,措备,2026-01-05 17:00,4.7,19
143,措备,2026-01-05 18:00,3.8,18
143,措备,2026-01-05 19:00,2.6,19
143,措备,2026-01-05 20:00,1.5,20
143,措备,2026-01-05 21:00,.5,25
143,措备,2026-01-05 22:00,.1,27
143,措备,2026-01-05 23:00,-.4,30
143,措备,2026-01-06 00:00,-1.1,33
143,措备,2026-01-06 01:00,-1.2,34
143,措备,2026-01-06 02:00,-1.5,36
143,措备,2026-01-06 03:00,-1.7,39
143,措备,2026-01-06 04:00,-1.9,40
143,措备,2026-01-06 05:00,-2,41
143,措备,2026-01-06 06:00,-2.1,40
143,措备,2026-01-06 07:00,-2.1,39
143,措备,2026-01-06 08:00,-1.8,36
143,措备,2026-01-06 09:00,-.7,30
143,措备,2026-01-06 10:00,1,25
143,措备,2026-01-06 11:00,2.6,20
143,措备,2026-01-06 12:00,4,17
143,措备,2026-01-06 13:00,5.3,14
143,措备,2026-01-06 14:00,6.6,13
143,措备,2026-01-06 15:00,7.7,12
143,措备,2026-01-06 16:00,7.6,12
143,措备,2026-01-06 17:00,6.5,14
143,措备,2026-01-06 18:00,4.9,16
143,措备,2026-01-06 19:00,4.6,18
143,措备,2026-01-06 20:00,4,20
143,措备,2026-01-06 21:00,3.5,25
143,措备,2026-01-06 22:00,3.2,28
143,措备,2026-01-06 23:00,2.9,30
143,措备,2026-01-07 00:00,2.5,34
143,措备,2026-01-07 01:00,2.4,40
143,措备,2026-01-07 02:00,1.4,45
143,措备,2026-01-07 03:00,-.6,53
143,措备,2026-01-07 04:00,-1.4,58
143,措备,2026-01-07 05:00,-1.8,63
143,措备,2026-01-07 06:00,-2.1,67
143,措备,2026-01-07 07:00,-2.5,69
143,措备,2026-01-07 08:00,-2.1,69
143,措备,2026-01-07 09:00,-.3,65
143,措备,2026-01-07 10:00,1.9,53
143,措备,2026-01-07 11:00,5.1,45
143,措备,2026-01-07 12:00,7.4,40
143,措备,2026-01-07 13:00,7.4,47
143,措备,2026-01-07 14:00,7.8,30
143,措备,2026-01-07 15:00,8.1,23
143,措备,2026-01-07 16:00,7.7,22
143,措备,2026-01-07 17:00,6.3,22
143,措备,2026-01-07 18:00,4.8,26
143,措备,2026-01-07 19:00,4,31
143,措备,2026-01-07 20:00,3,35
143,措备,2026-01-07 21:00,2,34
143,措备,2026-01-07 22:00,1.1,35
143,措备,2026-01-07 23:00,.1,38
143,措备,2026-01-08 00:00,-.6,41
143,措备,2026-01-08 01:00,-1.1,46
143,措备,2026-01-08 02:00,-2,49
143,措备,2026-01-08 03:00,-2.9,40
143,措备,2026-01-08 04:00,-3.3,37
143,措备,2026-01-08 05:00,-3.8,37
143,措备,2026-01-08 06:00,-4.3,38
143,措备,2026-01-08 07:00,-4.5,39
143,措备,2026-01-08 08:00,-4.4,39
143,措备,2026-01-08 09:00,-3.8,35
143,措备,2026-01-08 10:00,-2.7,32
143,措备,2026-01-08 11:00,-1.7,25
143,措备,2026-01-08 12:00,-.4,21
143,措备,2026-01-08 13:00,.7,19
143,措备,2026-01-08 14:00,1.9,18
143,措备,2026-01-08 15:00,2.2,17
143,措备,2026-01-08 16:00,1.8,16
143,措备,2026-01-08 17:00,1.1,15
143,措备,2026-01-08 18:00,.2,18
143,措备,2026-01-08 19:00,-.5,20
143,措备,2026-01-08 20:00,-1,21
143,措备,2026-01-08 21:00,-1.6,23
143,措备,2026-01-08 22:00,-1.9,24
143,措备,2026-01-08 23:00,-2.1,24
143,措备,2026-01-09 00:00,-2.3,27
143,措备,2026-01-09 01:00,-2.9,29
143,措备,2026-01-09 02:00,-3,29
143,措备,2026-01-09 03:00,-3,31
143,措备,2026-01-09 04:00,-3,37
143,措备,2026-01-09 05:00,-3.9,44
143,措备,2026-01-09 06:00,-5.1,51
143,措备,2026-01-09 07:00,-5.6,57
143,措备,2026-01-09 08:00,-5,55
143,措备,2026-01-09 09:00,-2.7,49
143,措备,2026-01-09 10:00,-.9,43
143,措备,2026-01-09 11:00,2.5,36
143,措备,2026-01-09 12:00,3.8,41
143,措备,2026-01-09 13:00,5.3,37
143,措备,2026-01-09 14:00,5.8,34
143,措备,2026-01-09 15:00,6.9,30
143,措备,2026-01-09 16:00,7.2,31
143,措备,2026-01-09 17:00,6.8,33
143,措备,2026-01-09 18:00,4.2,40
143,措备,2026-01-09 19:00,2.4,46
143,措备,2026-01-09 20:00,1.2,50
143,措备,2026-01-09 21:00,.1,55
143,措备,2026-01-09 22:00,.1,57
143,措备,2026-01-09 23:00,-.2,59
143,措备,2026-01-10 00:00,-.8,61
143,措备,2026-01-10 01:00,-1.7,66
143,措备,2026-01-10 02:00,-2.1,69
143,措备,2026-01-10 03:00,-2,72
143,措备,2026-01-10 04:00,-1,70
143,措备,2026-01-10 05:00,-.3,72
143,措备,2026-01-10 06:00,.4,71
143,措备,2026-01-10 07:00,.5,74
143,措备,2026-01-10 08:00,.7,74
143,措备,2026-01-10 09:00,3.8,67
143,措备,2026-01-10 10:00,7,66
143,措备,2026-01-10 11:00,10,48
143,措备,2026-01-10 12:00,11,26
143,措备,2026-01-10 13:00,10.4,17
143,措备,2026-01-10 14:00,9.7,22
143,措备,2026-01-10 15:00,8.2,30
143,措备,2026-01-10 16:00,7.3,29
143,措备,2026-01-10 17:00,5.1,37
143,措备,2026-01-10 18:00,4.8,32
143,措备,2026-01-10 19:00,3.2,45
143,措备,2026-01-10 20:00,2,56
143,措备,2026-01-10 21:00,1.2,58
143,措备,2026-01-10 22:00,1.1,48
143,措备,2026-01-10 23:00,-.3,61
143,措备,2026-01-11 00:00,-.6,52
143,措备,2026-01-11 01:00,-.6,42
143,措备,2026-01-11 02:00,-1,38
143,措备,2026-01-11 03:00,-1.6,37
143,措备,2026-01-11 04:00,-2.2,38
143,措备,2026-01-11 05:00,-2.8,35
143,措备,2026-01-11 06:00,-3.2,36
143,措备,2026-01-11 07:00,-3.6,35
143,措备,2026-01-11 08:00,-3.6,29
143,措备,2026-01-11 09:00,-3.1,25
143,措备,2026-01-11 10:00,-2.2,17
143,措备,2026-01-11 11:00,-1.4,15
143,措备,2026-01-11 12:00,-.5,14
143,措备,2026-01-11 13:00,-.6,15
143,措备,2026-01-11 14:00,.3,17
143,措备,2026-01-11 15:00,-.1,19
143,措备,2026-01-11 16:00,-.4,22
143,措备,2026-01-11 17:00,-1,25
143,措备,2026-01-11 18:00,-1.7,28
143,措备,2026-01-11 19:00,-2.3,33
143,措备,2026-01-11 20:00,-3.1,37
143,措备,2026-01-11 21:00,-3.7,40
143,措备,2026-01-11 22:00,-4.7,42
143,措备,2026-01-11 23:00,-5.1,44
143,措备,2026-01-12 00:00,-5.6,47
143,措备,2026-01-12 01:00,-6.1,50
143,措备,2026-01-12 02:00,-6.2,53
143,措备,2026-01-12 03:00,-6.8,58
143,措备,2026-01-12 04:00,-7.9,64
143,措备,2026-01-12 05:00,-8.5,66
143,措备,2026-01-12 06:00,-8.4,69
143,措备,2026-01-12 07:00,-8.6,72
143,措备,2026-01-12 08:00,-8.5,68
143,措备,2026-01-12 09:00,-4.6,55
143,措备,2026-01-12 10:00,-2.9,45
143,措备,2026-01-12 11:00,-1.4,41
143,措备,2026-01-12 12:00,.1,39
143,措备,2026-01-12 13:00,2.2,38
143,措备,2026-01-12 14:00,3.6,37
143,措备,2026-01-12 15:00,4.4,36
143,措备,2026-01-12 16:00,5,35
143,措备,2026-01-12 17:00,3.9,37
143,措备,2026-01-12 18:00,3.6,45
143,措备,2026-01-12 19:00,1.6,50
143,措备,2026-01-12 20:00,-.3,56
143,措备,2026-01-12 21:00,-1.2,62
143,措备,2026-01-12 22:00,-1.8,65
143,措备,2026-01-12 23:00,-2.1,67
143,措备,2026-01-13 00:00,-1.4,65
143,措备,2026-01-13 01:00,-.7,64
143,措备,2026-01-13 02:00,-.6,65
143,措备,2026-01-13 03:00,-.4,67
143,措备,2026-01-13 04:00,2.3,73
143,措备,2026-01-13 05:00,2.5,74
143,措备,2026-01-13 06:00,3.4,64
143,措备,2026-01-13 07:00,3.1,61
143,措备,2026-01-13 08:00,2.8,61
143,措备,2026-01-13 09:00,3.8,55
143,措备,2026-01-13 10:00,5.3,46
143,措备,2026-01-13 11:00,5,33
143,措备,2026-01-13 12:00,5.2,25
143,措备,2026-01-13 13:00,5.1,23
143,措备,2026-01-13 14:00,5.4,25
143,措备,2026-01-13 15:00,5.3,26
143,措备,2026-01-13 16:00,5.1,23
143,措备,2026-01-13 17:00,4.1,26
143,措备,2026-01-13 18:00,2.8,27
143,措备,2026-01-13 19:00,1.8,30
143,措备,2026-01-13 20:00,1,28
143,措备,2026-01-13 21:00,0,29
143,措备,2026-01-13 22:00,-1.1,34
143,措备,2026-01-13 23:00,-1.9,38
143,措备,2026-01-14 00:00,-2.1,40
143,措备,2026-01-14 01:00,-2.8,42
143,措备,2026-01-14 02:00,-3.1,45
143,措备,2026-01-14 03:00,-3.1,46
143,措备,2026-01-14 04:00,-3.9,49
143,措备,2026-01-14 05:00,-4.1,48
143,措备,2026-01-14 06:00,-4,49
143,措备,2026-01-14 07:00,-4.3,49
143,措备,2026-01-14 08:00,-5.3,58
143,措备,2026-01-14 09:00,-3.4,50
143,措备,2026-01-14 10:00,-.8,41
143,措备,2026-01-14 11:00,1,32
143,措备,2026-01-14 12:00,2.8,16
143,措备,2026-01-14 13:00,3.6,17
143,措备,2026-01-14 14:00,5.3,16
143,措备,2026-01-14 15:00,6.2,16
143,措备,2026-01-14 16:00,6.5,17
143,措备,2026-01-14 17:00,6.4,19
143,措备,2026-01-14 18:00,4.6,23
143,措备,2026-01-14 19:00,1.9,29
143,措备,2026-01-14 20:00,.9,31
143,措备,2026-01-14 21:00,.4,36
143,措备,2026-01-14 22:00,.4,35
143,措备,2026-01-14 23:00,0,37
143,措备,2026-01-15 00:00,-.6,40
143,措备,2026-01-15 01:00,-.9,43
143,措备,2026-01-15 02:00,-.2,40
143,措备,2026-01-15 03:00,0,41
143,措备,2026-01-15 04:00,.1,43
143,措备,2026-01-15 05:00,.6,42
143,措备,2026-01-15 06:00,1,42
143,措备,2026-01-15 07:00,1.3,46
143,措备,2026-01-15 08:00,1,47
143,措备,2026-01-15 09:00,1.2,47
143,措备,2026-01-15 10:00,3.8,42
143,措备,2026-01-15 11:00,7.2,41
143,措备,2026-01-15 12:00,10.9,38
143,措备,2026-01-15 13:00,16.1,39
143,措备,2026-01-15 14:00,17.2,39
143,措备,2026-01-15 15:00,17.6,37
143,措备,2026-01-15 16:00,17.6,35
143,措备,2026-01-15 17:00,16.3,29
143,措备,2026-01-15 18:00,13.9,37
143,措备,2026-01-15 19:00,12.6,37
143,措备,2026-01-15 20:00,11.5,38
143,措备,2026-01-15 21:00,10.5,35
143,措备,2026-01-15 22:00,9.7,38
143,措备,2026-01-15 23:00,8.1,44
143,措备,2026-01-16 00:00,7.6,49
143,措备,2026-01-16 01:00,5.6,56
143,措备,2026-01-16 02:00,6.2,56
143,措备,2026-01-16 03:00,5,59
143,措备,2026-01-16 04:00,2.6,68
143,措备,2026-01-16 05:00,1.2,74
143,措备,2026-01-16 06:00,.3,76
143,措备,2026-01-16 07:00,-.4,78
143,措备,2026-01-16 08:00,-.7,82
143,措备,2026-01-16 09:00,2.4,70
143,措备,2026-01-16 10:00,4.5,59
143,措备,2026-01-16 11:00,7.4,50
143,措备,2026-01-16 12:00,10.3,36
143,措备,2026-01-16 13:00,12.8,25
143,措备,2026-01-16 14:00,13.5,20
143,措备,2026-01-16 15:00,14.9,18
143,措备,2026-01-16 16:00,15.3,18
143,措备,2026-01-16 17:00,14.6,20
143,措备,2026-01-16 18:00,11.3,27
143,措备,2026-01-16 19:00,9.4,29
143,措备,2026-01-16 20:00,7.3,38
143,措备,2026-01-16 21:00,6.1,38
143,措备,2026-01-16 22:00,4.6,47
143,措备,2026-01-16 23:00,3.9,46
143,措备,2026-01-17 00:00,2.4,52
143,措备,2026-01-17 01:00,1.9,53
143,措备,2026-01-17 02:00,1.2,58
143,措备,2026-01-17 03:00,2.4,51
143,措备,2026-01-17 04:00,2.7,48
143,措备,2026-01-17 05:00,2.4,56
143,措备,2026-01-17 06:00,2.5,60
143,措备,2026-01-17 07:00,3.4,62
143,措备,2026-01-17 08:00,4.1,67
143,措备,2026-01-17 09:00,5.5,64
143,措备,2026-01-17 10:00,6.9,53
143,措备,2026-01-17 11:00,7.6,44
143,措备,2026-01-17 12:00,8.5,34
143,措备,2026-01-17 13:00,10.3,24
143,措备,2026-01-17 14:00,10.9,22
143,措备,2026-01-17 15:00,12.3,17
143,措备,2026-01-17 16:00,11.7,14
143,措备,2026-01-17 17:00,11.3,15
143,措备,2026-01-17 18:00,9.3,20
143,措备,2026-01-17 19:00,6.8,26
143,措备,2026-01-17 20:00,4.8,30
143,措备,2026-01-17 21:00,3.2,36
143,措备,2026-01-17 22:00,1.7,42
143,措备,2026-01-17 23:00,1.5,44
143,措备,2026-01-18 00:00,.6,49
143,措备,2026-01-18 01:00,-.2,53
143,措备,2026-01-18 02:00,-.8,57
143,措备,2026-01-18 03:00,-1.4,60
143,措备,2026-01-18 04:00,-1.5,62
143,措备,2026-01-18 05:00,-2,66
143,措备,2026-01-18 06:00,-2.2,68
143,措备,2026-01-18 07:00,-2.6,70
143,措备,2026-01-18 08:00,-2.5,72
143,措备,2026-01-18 09:00,-.3,66
143,措备,2026-01-18 10:00,2.5,56
143,措备,2026-01-18 11:00,5.2,48
143,措备,2026-01-18 12:00,7.6,46
143,措备,2026-01-18 13:00,9.3,45
143,措备,2026-01-18 14:00,12,41
143,措备,2026-01-18 15:00,12.1,44
143,措备,2026-01-18 16:00,12.9,41
143,措备,2026-01-18 17:00,12.2,42
143,措备,2026-01-18 18:00,10,49
143,措备,2026-01-18 19:00,8.1,57
143,措备,2026-01-18 20:00,7.4,68
143,措备,2026-01-18 21:00,7.7,75
143,措备,2026-01-18 22:00,5.8,76
143,措备,2026-01-18 23:00,5.1,75
143,措备,2026-01-19 00:00,4.2,80
143,措备,2026-01-19 01:00,3.8,85
143,措备,2026-01-19 02:00,3.9,85
143,措备,2026-01-19 03:00,3.8,87
143,措备,2026-01-19 04:00,4,86
143,措备,2026-01-19 05:00,4,86
143,措备,2026-01-19 06:00,4.2,84
143,措备,2026-01-19 07:00,5.8,60
143,措备,2026-01-19 08:00,5.9,50
143,措备,2026-01-19 09:00,5.3,45
143,措备,2026-01-19 10:00,5.2,50
143,措备,2026-01-19 11:00,4.7,56
143,措备,2026-01-19 12:00,5.1,56
143,措备,2026-01-19 13:00,4.2,59
143,措备,2026-01-19 14:00,4.2,54
143,措备,2026-01-19 15:00,3.6,47
143,措备,2026-01-19 16:00,3.9,46
143,措备,2026-01-19 17:00,3.4,41
143,措备,2026-01-19 18:00,2.2,37
143,措备,2026-01-19 19:00,1,33
143,措备,2026-01-19 20:00,.1,23
143,措备,2026-01-19 21:00,-.4,21
143,措备,2026-01-19 22:00,-1.3,25
143,措备,2026-01-19 23:00,-2.3,28
143,措备,2026-01-20 00:00,-2.9,32
143,措备,2026-01-20 01:00,-3.3,30
143,措备,2026-01-20 02:00,-3.6,28
143,措备,2026-01-20 03:00,-3.9,26
143,措备,2026-01-20 04:00,-4.2,27
143,措备,2026-01-20 05:00,-4.5,29
143,措备,2026-01-20 06:00,-4.7,30
143,措备,2026-01-20 07:00,-4.8,31
143,措备,2026-01-20 08:00,-4.8,32
143,措备,2026-01-20 09:00,-4.4,31
143,措备,2026-01-20 10:00,-3.8,29
143,措备,2026-01-20 11:00,-1.5,26
143,措备,2026-01-20 12:00,-.6,24
143,措备,2026-01-20 13:00,.9,23
143,措备,2026-01-20 14:00,2.5,23
143,措备,2026-01-20 15:00,3.6,23
143,措备,2026-01-20 16:00,3.6,22
143,措备,2026-01-20 17:00,2.6,19
143,措备,2026-01-20 18:00,.9,18
143,措备,2026-01-20 19:00,.1,21
143,措备,2026-01-20 20:00,-.8,22
143,措备,2026-01-20 21:00,-1.8,21
143,措备,2026-01-20 22:00,-2.5,20
143,措备,2026-01-20 23:00,-2.5,18
143,措备,2026-01-21 00:00,-3.2,19
143,措备,2026-01-21 01:00,-3.7,19
143,措备,2026-01-21 02:00,-4.3,24
143,措备,2026-01-21 03:00,-5.3,36
143,措备,2026-01-21 04:00,-6.1,47
143,措备,2026-01-21 05:00,-6.3,48
143,措备,2026-01-21 06:00,-6.6,50
143,措备,2026-01-21 07:00,-7,53
143,措备,2026-01-21 08:00,-7.2,57
143,措备,2026-01-21 09:00,-6.7,56
143,措备,2026-01-21 10:00,-5.4,46
143,措备,2026-01-21 11:00,-3.8,38
143,措备,2026-01-21 12:00,-2.8,31
143,措备,2026-01-21 13:00,-2.7,26
143,措备,2026-01-21 14:00,-1.7,25
143,措备,2026-01-21 15:00,-1.4,24
143,措备,2026-01-21 16:00,-1.3,25
143,措备,2026-01-21 17:00,-1.9,24
143,措备,2026-01-21 18:00,-3,24
143,措备,2026-01-21 19:00,-3.6,22
143,措备,2026-01-21 20:00,-4.2,22
143,措备,2026-01-21 21:00,-5,26
143,措备,2026-01-21 22:00,-5.2,30
143,措备,2026-01-21 23:00,-5.9,35
143,措备,2026-01-22 00:00,-6.4,38
143,措备,2026-01-22 01:00,-6.6,43
143,措备,2026-01-22 02:00,-7,46
143,措备,2026-01-22 03:00,-7.3,46
143,措备,2026-01-22 04:00,-7.7,47
143,措备,2026-01-22 05:00,-8,49
143,措备,2026-01-22 06:00,-8.2,51
143,措备,2026-01-22 07:00,-8.5,51
143,措备,2026-01-22 08:00,-8.4,44
143,措备,2026-01-22 09:00,-7.5,37
143,措备,2026-01-22 10:00,-6.3,33
143,措备,2026-01-22 11:00,-5.1,28
143,措备,2026-01-22 12:00,-3.9,24
143,措备,2026-01-22 13:00,-2.9,19
143,措备,2026-01-22 14:00,-2.2,20
143,措备,2026-01-22 15:00,-1.4,21
143,措备,2026-01-22 16:00,-1.3,23
143,措备,2026-01-22 17:00,-2,26
143,措备,2026-01-22 18:00,-3.1,31
143,措备,2026-01-22 19:00,-3.5,32
143,措备,2026-01-22 20:00,-3.9,34
143,措备,2026-01-22 21:00,-4.2,38
143,措备,2026-01-22 22:00,-4.9,42
143,措备,2026-01-22 23:00,-5.2,44
143,措备,2026-01-23 00:00,-5.4,46
143,措备,2026-01-23 01:00,-5.5,48
143,措备,2026-01-23 02:00,-5.5,50
143,措备,2026-01-23 03:00,-5.6,50
143,措备,2026-01-23 04:00,-5.6,51
143,措备,2026-01-23 05:00,-5.9,55
143,措备,2026-01-23 06:00,-6.1,58
143,措备,2026-01-23 07:00,-5.4,57
143,措备,2026-01-23 08:00,-5,57
143,措备,2026-01-23 09:00,-3.8,53
143,措备,2026-01-23 10:00,-2.4,47
143,措备,2026-01-23 11:00,-.8,39
143,措备,2026-01-23 12:00,1.3,32
143,措备,2026-01-23 13:00,2,31
143,措备,2026-01-23 14:00,2.8,29
143,措备,2026-01-23 15:00,2.2,33
143,措备,2026-01-23 16:00,3,32
143,措备,2026-01-23 17:00,2.1,37
143,措备,2026-01-23 18:00,1.3,41
143,措备,2026-01-23 19:00,1.4,44
143,措备,2026-01-23 20:00,1.1,47
143,措备,2026-01-23 21:00,.6,50
143,措备,2026-01-23 22:00,-.2,53
143,措备,2026-01-23 23:00,-1.5,59
143,措备,2026-01-24 00:00,-2.6,65
143,措备,2026-01-24 01:00,-3.6,70
143,措备,2026-01-24 02:00,-3.9,72
143,措备,2026-01-24 03:00,-4,75
143,措备,2026-01-24 04:00,-4.3,75
143,措备,2026-01-24 05:00,-2.6,68
143,措备,2026-01-24 06:00,-1.2,65
143,措备,2026-01-24 07:00,-.4,71
143,措备,2026-01-24 08:00,-1.2,50
143,措备,2026-01-24 09:00,-1.9,37
143,措备,2026-01-24 10:00,-1.1,33
143,措备,2026-01-24 11:00,-.3,28
143,措备,2026-01-24 12:00,.7,18
143,措备,2026-01-24 13:00,1.5,17
143,措备,2026-01-24 14:00,1.2,16
143,措备,2026-01-24 15:00,1.5,16
143,措备,2026-01-24 16:00,1.3,18
143,措备,2026-01-24 17:00,.8,21
143,措备,2026-01-24 18:00,-.3,24
143,措备,2026-01-24 19:00,-.8,25
143,措备,2026-01-24 20:00,-1.7,27
143,措备,2026-01-24 21:00,-1.7,30
143,措备,2026-01-24 22:00,-2.2,33
143,措备,2026-01-24 23:00,-2.2,36
143,措备,2026-01-25 00:00,-2.4,41
143,措备,2026-01-25 01:00,-2.5,45
143,措备,2026-01-25 02:00,-2.3,49
143,措备,2026-01-25 03:00,-2.7,49
143,措备,2026-01-25 04:00,-3.1,47
143,措备,2026-01-25 05:00,-3.8,34
143,措备,2026-01-25 06:00,-4.4,33
143,措备,2026-01-25 07:00,-4.7,29
143,措备,2026-01-25 08:00,-4.7,28
143,措备,2026-01-25 09:00,-3.9,26
143,措备,2026-01-25 10:00,-2.4,26
143,措备,2026-01-25 11:00,-.7,21
143,措备,2026-01-25 12:00,.7,19
143,措备,2026-01-25 13:00,2.1,18
143,措备,2026-01-25 14:00,3,16
143,措备,2026-01-25 15:00,3.3,14
143,措备,2026-01-25 16:00,3.6,13
143,措备,2026-01-25 17:00,2.5,14
143,措备,2026-01-25 18:00,1.1,16
143,措备,2026-01-25 19:00,.4,18
143,措备,2026-01-25 20:00,-.8,23
143,措备,2026-01-25 21:00,-1,26
143,措备,2026-01-25 22:00,-1.8,28
143,措备,2026-01-25 23:00,-3,31
143,措备,2026-01-26 00:00,-3.9,34
143,措备,2026-01-26 01:00,-4.6,41
143,措备,2026-01-26 02:00,-5.4,41
143,措备,2026-01-26 03:00,-6.1,43
143,措备,2026-01-26 04:00,-7,47
143,措备,2026-01-26 05:00,-7.5,50
143,措备,2026-01-26 06:00,-7.7,52
143,措备,2026-01-26 07:00,-8.1,56
143,措备,2026-01-26 08:00,-8,53
143,措备,2026-01-26 09:00,-5.5,52
143,措备,2026-01-26 10:00,-3.9,43
143,措备,2026-01-26 11:00,-1.4,36
143,措备,2026-01-26 12:00,.9,29
143,措备,2026-01-26 13:00,1.7,26
143,措备,2026-01-26 14:00,2.8,23
143,措备,2026-01-26 15:00,3.5,20
143,措备,2026-01-26 16:00,3.8,20
143,措备,2026-01-26 17:00,3.3,22
143,措备,2026-01-26 18:00,2.5,20
143,措备,2026-01-26 19:00,2.2,22
143,措备,2026-01-26 20:00,1.9,23
143,措备,2026-01-26 21:00,1.4,22
143,措备,2026-01-26 22:00,1.2,25
143,措备,2026-01-26 23:00,1,28
143,措备,2026-01-27 00:00,.6,35
143,措备,2026-01-27 01:00,.1,41
143,措备,2026-01-27 02:00,-.2,47
143,措备,2026-01-27 03:00,-.1,51
143,措备,2026-01-27 04:00,-.1,53
143,措备,2026-01-27 05:00,-.1,55
143,措备,2026-01-27 06:00,-.4,57
143,措备,2026-01-27 07:00,-1,60
143,措备,2026-01-27 08:00,-1.2,56
143,措备,2026-01-27 09:00,-.7,50
143,措备,2026-01-27 10:00,0,41
143,措备,2026-01-27 11:00,1.4,30
143,措备,2026-01-27 12:00,2.5,27
143,措备,2026-01-27 13:00,3.1,24
143,措备,2026-01-27 14:00,3.7,21
143,措备,2026-01-27 15:00,4.6,19
143,措备,2026-01-27 16:00,4.1,17
143,措备,2026-01-27 17:00,3.4,17
143,措备,2026-01-27 18:00,2.4,18
143,措备,2026-01-27 19:00,1.6,19
143,措备,2026-01-27 20:00,.7,21
143,措备,2026-01-27 21:00,-.2,22
143,措备,2026-01-27 22:00,-.7,25
143,措备,2026-01-27 23:00,-1.2,27
143,措备,2026-01-28 00:00,-1.8,29
143,措备,2026-01-28 01:00,-2.4,33
143,措备,2026-01-28 02:00,-2.7,38
143,措备,2026-01-28 03:00,-2.9,40
143,措备,2026-01-28 04:00,-3.2,42
143,措备,2026-01-28 05:00,-3.4,42
143,措备,2026-01-28 06:00,-3.9,41
143,措备,2026-01-28 07:00,-4.4,35
143,措备,2026-01-28 08:00,-4.6,35
143,措备,2026-01-28 09:00,-4.2,32
143,措备,2026-01-28 10:00,-2.7,24
143,措备,2026-01-28 11:00,-1.1,22
143,措备,2026-01-28 12:00,.3,19
143,措备,2026-01-28 13:00,2,17
143,措备,2026-01-28 14:00,2.4,15
143,措备,2026-01-28 15:00,2.8,15
143,措备,2026-01-28 16:00,2.5,14
143,措备,2026-01-28 17:00,2.2,15
143,措备,2026-01-28 18:00,.9,17
143,措备,2026-01-28 19:00,.7,18
143,措备,2026-01-28 20:00,-.1,21
143,措备,2026-01-28 21:00,-.8,22
143,措备,2026-01-28 22:00,-1.2,23
143,措备,2026-01-28 23:00,-1.6,24
143,措备,2026-01-29 00:00,-2,27
143,措备,2026-01-29 01:00,-2.5,31
143,措备,2026-01-29 02:00,-2.9,35
143,措备,2026-01-29 03:00,-3,37
143,措备,2026-01-29 04:00,-3.2,40
143,措备,2026-01-29 05:00,-3.3,43
143,措备,2026-01-29 06:00,-3.4,45
143,措备,2026-01-29 07:00,-3.2,49
143,措备,2026-01-29 08:00,-2.9,51
143,措备,2026-01-29 09:00,-2.3,50
143,措备,2026-01-29 10:00,-1.3,45
143,措备,2026-01-29 11:00,.1,40
143,措备,2026-01-29 12:00,1.4,32
143,措备,2026-01-29 13:00,2.9,25
143,措备,2026-01-29 14:00,3.9,21
143,措备,2026-01-29 15:00,3.9,19
143,措备,2026-01-29 16:00,3.9,20
143,措备,2026-01-29 17:00,3.1,21
143,措备,2026-01-29 18:00,2.2,21
143,措备,2026-01-29 19:00,1.7,20
143,措备,2026-01-29 20:00,1.2,20
143,措备,2026-01-29 21:00,.3,20
143,措备,2026-01-29 22:00,-.6,17
143,措备,2026-01-29 23:00,-1.6,20
143,措备,2026-01-30 00:00,-2.1,25
143,措备,2026-01-30 01:00,-2.6,30
143,措备,2026-01-30 02:00,-3.3,34
143,措备,2026-01-30 03:00,-3.8,38
143,措备,2026-01-30 04:00,-3.9,35
143,措备,2026-01-30 05:00,-4.2,29
143,措备,2026-01-30 06:00,-4.9,31
143,措备,2026-01-30 07:00,-5.4,29
143,措备,2026-01-30 08:00,-5.6,29
143,措备,2026-01-30 09:00,-5.1,29
143,措备,2026-01-30 10:00,-4.8,30
143,措备,2026-01-30 11:00,-3.1,25
143,措备,2026-01-30 12:00,-1.2,23
143,措备,2026-01-30 13:00,-.3,19
143,措备,2026-01-30 14:00,.7,17
143,措备,2026-01-30 15:00,1.1,18
143,措备,2026-01-30 16:00,2,17
143,措备,2026-01-30 17:00,1.8,17
143,措备,2026-01-30 18:00,.6,18
143,措备,2026-01-30 19:00,0,20
143,措备,2026-01-30 20:00,-.4,23
143,措备,2026-01-30 21:00,-1,23
143,措备,2026-01-30 22:00,-2.1,27
143,措备,2026-01-30 23:00,-2.6,29
143,措备,2026-01-31 00:00,-2.4,25
143,措备,2026-01-31 01:00,-2.7,26
143,措备,2026-01-31 02:00,-3.3,27
143,措备,2026-01-31 03:00,-3.9,33
143,措备,2026-01-31 04:00,-5.3,40
143,措备,2026-01-31 05:00,-5.9,42
143,措备,2026-01-31 06:00,-6.6,46
143,措备,2026-01-31 07:00,-6.8,49
143,措备,2026-01-31 08:00,-6.2,47
143,措备,2026-01-31 09:00,-3.2,43
143,措备,2026-01-31 10:00,-.9,24
143,措备,2026-01-31 11:00,.9,19
143,措备,2026-01-31 12:00,2.6,14
143,措备,2026-01-31 13:00,3.8,13
143,措备,2026-01-31 14:00,4.9,12
143,措备,2026-01-31 15:00,4.7,15
143,措备,2026-01-31 16:00,4.6,16
143,措备,2026-01-31 17:00,4,18
143,措备,2026-01-31 18:00,2.2,21
143,措备,2026-01-31 19:00,1.3,25
143,措备,2026-01-31 20:00,.6,26
143,措备,2026-01-31 21:00,.1,29
143,措备,2026-01-31 22:00,.1,34
143,措备,2026-01-31 23:00,-.5,40
143,措备,2026-02-01 00:00,-.9,40
143,措备,2026-02-01 01:00,-1.5,41
143,措备,2026-02-01 02:00,-1.9,43
143,措备,2026-02-01 03:00,-2.8,48
143,措备,2026-02-01 04:00,-2.8,49
143,措备,2026-02-01 05:00,-3.6,52
143,措备,2026-02-01 06:00,-3.9,58
143,措备,2026-02-01 07:00,-3.2,53
143,措备,2026-02-01 08:00,-3.1,59
143,措备,2026-02-01 09:00,-1.4,60
143,措备,2026-02-01 10:00,.1,48
143,措备,2026-02-01 11:00,1.3,38
143,措备,2026-02-01 12:00,2.3,25
143,措备,2026-02-01 13:00,3.4,22
143,措备,2026-02-01 14:00,3.9,23
143,措备,2026-02-01 15:00,4.6,21
143,措备,2026-02-01 16:00,4.8,21
143,措备,2026-02-01 17:00,4.2,21
143,措备,2026-02-01 18:00,2.5,25
143,措备,2026-02-01 19:00,1.7,26
143,措备,2026-02-01 20:00,1.2,28
143,措备,2026-02-01 21:00,-.5,33
143,措备,2026-02-01 22:00,-1.1,36
143,措备,2026-02-01 23:00,-2.4,42
143,措备,2026-02-02 00:00,-3.2,45
143,措备,2026-02-02 01:00,-3.8,47
143,措备,2026-02-02 02:00,-4.5,49
143,措备,2026-02-02 03:00,-5.3,64
143,措备,2026-02-02 04:00,-5.5,58
143,措备,2026-02-02 05:00,-5.9,57
143,措备,2026-02-02 06:00,-5.8,60
143,措备,2026-02-02 07:00,-4.7,59
143,措备,2026-02-02 08:00,-4.2,84
143,措备,2026-02-02 09:00,-2.9,91
143,措备,2026-02-02 10:00,-.8,76
143,措备,2026-02-02 11:00,1.2,61
143,措备,2026-02-02 12:00,2.7,47
143,措备,2026-02-02 13:00,1,55
143,措备,2026-02-02 14:00,1.8,38
143,措备,2026-02-02 15:00,2,39
143,措备,2026-02-02 16:00,1.6,32
143,措备,2026-02-02 17:00,1.5,33
143,措备,2026-02-02 18:00,.6,37
143,措备,2026-02-02 19:00,-.1,37
143,措备,2026-02-02 20:00,-.7,36
143,措备,2026-02-02 21:00,-1,36
143,措备,2026-02-02 22:00,-1.5,35
143,措备,2026-02-02 23:00,-2.7,40
143,措备,2026-02-03 00:00,-2.7,40
143,措备,2026-02-03 01:00,-2.7,44
143,措备,2026-02-03 02:00,-3.1,46
143,措备,2026-02-03 03:00,-4.2,56
143,措备,2026-02-03 04:00,-4.9,62
143,措备,2026-02-03 05:00,-4.6,62
143,措备,2026-02-03 06:00,-4.8,67
143,措备,2026-02-03 07:00,-4.5,66
143,措备,2026-02-03 08:00,-4.1,67
143,措备,2026-02-03 09:00,-1.7,52
143,措备,2026-02-03 10:00,.1,43
143,措备,2026-02-03 11:00,1.8,37
143,措备,2026-02-03 12:00,3.6,32
143,措备,2026-02-03 13:00,5.2,28
143,措备,2026-02-03 14:00,6.4,26
143,措备,2026-02-03 15:00,7.6,24
143,措备,2026-02-03 16:00,8,23
143,措备,2026-02-03 17:00,7.7,24
143,措备,2026-02-03 18:00,5.7,28
143,措备,2026-02-03 19:00,4.8,32
143,措备,2026-02-03 20:00,4.3,36
143,措备,2026-02-03 21:00,3.5,39
143,措备,2026-02-03 22:00,3.1,42
143,措备,2026-02-03 23:00,1.1,48
143,措备,2026-02-04 00:00,-.3,53
143,措备,2026-02-04 01:00,-.9,59
143,措备,2026-02-04 02:00,-1.6,61
143,措备,2026-02-04 03:00,-2.1,61
143,措备,2026-02-04 04:00,-2.1,64
143,措备,2026-02-04 05:00,-2.4,64
143,措备,2026-02-04 06:00,-2.9,67
143,措备,2026-02-04 07:00,-3.1,72
143,措备,2026-02-04 08:00,-2.5,73
143,措备,2026-02-04 09:00,1.2,68
143,措备,2026-02-04 10:00,3.6,55
143,措备,2026-02-04 11:00,4.7,52
143,措备,2026-02-04 12:00,6,48
143,措备,2026-02-04 13:00,7.6,42
143,措备,2026-02-04 14:00,8.7,38
143,措备,2026-02-04 15:00,10,35
143,措备,2026-02-04 16:00,9.3,36
143,措备,2026-02-04 17:00,9,36
143,措备,2026-02-04 18:00,8,39
143,措备,2026-02-04 19:00,7,43
143,措备,2026-02-04 20:00,5.5,48
143,措备,2026-02-04 21:00,3.3,57
143,措备,2026-02-04 22:00,1.8,61
143,措备,2026-02-04 23:00,.7,66
143,措备,2026-02-05 00:00,.2,70
143,措备,2026-02-05 01:00,-.3,70
143,措备,2026-02-05 02:00,-.1,69
143,措备,2026-02-05 03:00,-.8,75
143,措备,2026-02-05 04:00,-.5,73
143,措备,2026-02-05 05:00,-.4,74
143,措备,2026-02-05 06:00,-.8,75
143,措备,2026-02-05 07:00,-1.1,77
143,措备,2026-02-05 08:00,-1.2,82
143,措备,2026-02-05 09:00,.6,73
143,措备,2026-02-05 10:00,3.7,60
143,措备,2026-02-05 11:00,6.4,51
143,措备,2026-02-05 12:00,8.4,45
143,措备,2026-02-05 13:00,10.4,42
143,措备,2026-02-05 14:00,11.8,42
143,措备,2026-02-05 15:00,13.4,39
143,措备,2026-02-05 16:00,13.4,35
143,措备,2026-02-05 17:00,13.4,35
143,措备,2026-02-05 18:00,11.9,37
143,措备,2026-02-05 19:00,10.7,36
143,措备,2026-02-05 20:00,9.9,39
143,措备,2026-02-05 21:00,9,44
143,措备,2026-02-05 22:00,8.4,46
143,措备,2026-02-05 23:00,8,39
143,措备,2026-02-06 00:00,7.2,49
143,措备,2026-02-06 01:00,6.4,49
143,措备,2026-02-06 02:00,5.9,50
143,措备,2026-02-06 03:00,5.3,42
143,措备,2026-02-06 04:00,4.5,43
143,措备,2026-02-06 05:00,2.9,51
143,措备,2026-02-06 06:00,1.7,47
143,措备,2026-02-06 07:00,1.3,31
143,措备,2026-02-06 08:00,.7,25
143,措备,2026-02-06 09:00,.4,27
143,措备,2026-02-06 10:00,1.3,24
143,措备,2026-02-06 11:00,1.5,21
143,措备,2026-02-06 12:00,3.5,16
143,措备,2026-02-06 13:00,5,14
143,措备,2026-02-06 14:00,5.9,14
143,措备,2026-02-06 15:00,6.6,13
143,措备,2026-02-06 16:00,6.2,11
143,措备,2026-02-06 17:00,4.7,12
143,措备,2026-02-06 18:00,3.6,15
143,措备,2026-02-06 19:00,2.6,15
143,措备,2026-02-06 20:00,2,15
143,措备,2026-02-06 21:00,1.6,14
143,措备,2026-02-06 22:00,1.1,16
143,措备,2026-02-06 23:00,.9,17
143,措备,2026-02-07 00:00,.1,16
143,措备,2026-02-07 01:00,-.6,20
143,措备,2026-02-07 02:00,-1.1,20
143,措备,2026-02-07 03:00,-1.6,19
143,措备,2026-02-07 04:00,-1.9,19
143,措备,2026-02-07 05:00,-2.5,19
143,措备,2026-02-07 06:00,-2.7,22
143,措备,2026-02-07 07:00,-3.1,23
143,措备,2026-02-07 08:00,-3.5,27
143,措备,2026-02-07 09:00,-3.2,27
143,措备,2026-02-07 10:00,-2.3,23
143,措备,2026-02-07 11:00,-.9,23
143,措备,2026-02-07 12:00,0,21
143,措备,2026-02-07 13:00,.6,15
143,措备,2026-02-07 14:00,1.1,13
143,措备,2026-02-07 15:00,.8,14
143,措备,2026-02-07 16:00,1,14
143,措备,2026-02-07 17:00,-.3,16
143,措备,2026-02-07 18:00,-1.8,20
143,措备,2026-02-07 19:00,-2.4,20
143,措备,2026-02-07 20:00,-3.6,22
143,措备,2026-02-07 21:00,-4.5,25
143,措备,2026-02-07 22:00,-5,29
143,措备,2026-02-07 23:00,-5.5,35
143,措备,2026-02-08 00:00,-5.8,39
143,措备,2026-02-08 01:00,-6.2,42
143,措备,2026-02-08 02:00,-6.6,42
143,措备,2026-02-08 03:00,-7,43
143,措备,2026-02-08 04:00,-7.8,41
143,措备,2026-02-08 05:00,-8.3,42
143,措备,2026-02-08 06:00,-8.7,45
143,措备,2026-02-08 07:00,-9.2,47
143,措备,2026-02-08 08:00,-8.9,51
143,措备,2026-02-08 09:00,-8.2,47
143,措备,2026-02-08 10:00,-6.9,38
143,措备,2026-02-08 11:00,-5.6,36
143,措备,2026-02-08 12:00,-4.6,31
143,措备,2026-02-08 13:00,-3.4,27
143,措备,2026-02-08 14:00,-2.1,25
143,措备,2026-02-08 15:00,-1.3,22
143,措备,2026-02-08 16:00,-1,20
143,措备,2026-02-08 17:00,-.9,20
143,措备,2026-02-08 18:00,-2.1,21
143,措备,2026-02-08 19:00,-2.6,26
143,措备,2026-02-08 20:00,-3,25
143,措备,2026-02-08 21:00,-3.1,22
143,措备,2026-02-08 22:00,-3.6,25
143,措备,2026-02-08 23:00,-4.1,29
143,措备,2026-02-09 00:00,-4.9,32
143,措备,2026-02-09 01:00,-5.5,35
143,措备,2026-02-09 02:00,-5.3,39
143,措备,2026-02-09 03:00,-5.3,42
143,措备,2026-02-09 04:00,-5.6,47
143,措备,2026-02-09 05:00,-5.3,50
143,措备,2026-02-09 06:00,-5.6,54
143,措备,2026-02-09 07:00,-5.1,54
143,措备,2026-02-09 08:00,-4.1,54
143,措备,2026-02-09 09:00,-2.1,48
143,措备,2026-02-09 10:00,-.6,45
143,措备,2026-02-09 11:00,1.2,40
143,措备,2026-02-09 12:00,3.2,35
143,措备,2026-02-09 13:00,5.1,30
143,措备,2026-02-09 14:00,6,24
143,措备,2026-02-09 15:00,7.2,22
143,措备,2026-02-09 16:00,7.4,22
143,措备,2026-02-09 17:00,7.7,22
143,措备,2026-02-09 18:00,5.7,25
143,措备,2026-02-09 19:00,4.3,29
143,措备,2026-02-09 20:00,2.6,34
143,措备,2026-02-09 21:00,1.6,38
143,措备,2026-02-09 22:00,.3,40
143,措备,2026-02-09 23:00,-1.1,47
143,措备,2026-02-10 00:00,-1.3,46
143,措备,2026-02-10 01:00,-1.9,53
143,措备,2026-02-10 02:00,-2.4,54
143,措备,2026-02-10 03:00,-2.9,58
143,措备,2026-02-10 04:00,-2.9,57
143,措备,2026-02-10 05:00,-2.1,55
143,措备,2026-02-10 06:00,-1.6,52
143,措备,2026-02-10 07:00,-1.4,53
143,措备,2026-02-10 08:00,-.7,53
143,措备,2026-02-10 09:00,.2,51
143,措备,2026-02-10 10:00,.7,50
143,措备,2026-02-10 11:00,1.7,47
143,措备,2026-02-10 12:00,4,41
143,措备,2026-02-10 13:00,6.1,34
143,措备,2026-02-10 14:00,6.8,39
143,措备,2026-02-10 15:00,7.1,39
143,措备,2026-02-10 16:00,6.8,42
143,措备,2026-02-10 17:00,6.6,45
143,措备,2026-02-10 18:00,6.4,46
143,措备,2026-02-10 19:00,6.3,49
143,措备,2026-02-10 20:00,5.8,48
143,措备,2026-02-10 21:00,5.6,52
143,措备,2026-02-10 22:00,4.8,53
143,措备,2026-02-10 23:00,4.8,55
143,措备,2026-02-11 00:00,3.7,58
143,措备,2026-02-11 01:00,2.4,64
143,措备,2026-02-11 02:00,1.7,68
143,措备,2026-02-11 03:00,3.3,70
143,措备,2026-02-11 04:00,4.1,68
143,措备,2026-02-11 05:00,4.3,67
143,措备,2026-02-11 06:00,3.8,63
143,措备,2026-02-11 07:00,3.3,64
143,措备,2026-02-11 08:00,3.4,64
143,措备,2026-02-11 09:00,4.5,60
143,措备,2026-02-11 10:00,6.1,55
143,措备,2026-02-11 11:00,7.4,52
143,措备,2026-02-11 12:00,7.1,52
143,措备,2026-02-11 13:00,7.7,48
143,措备,2026-02-11 14:00,8.7,40
143,措备,2026-02-11 15:00,8.8,41
143,措备,2026-02-11 16:00,8.2,40
143,措备,2026-02-11 17:00,8.6,38
143,措备,2026-02-11 18:00,7,42
143,措备,2026-02-11 19:00,6.4,45
143,措备,2026-02-11 20:00,5.5,49
143,措备,2026-02-11 21:00,4.8,51
143,措备,2026-02-11 22:00,2.7,58
143,措备,2026-02-11 23:00,1.9,62
143,措备,2026-02-12 00:00,1.2,66
143,措备,2026-02-12 01:00,1.7,65
143,措备,2026-02-12 02:00,1,68
143,措备,2026-02-12 03:00,.3,70
143,措备,2026-02-12 04:00,.4,68
143,措备,2026-02-12 05:00,-.4,72
143,措备,2026-02-12 06:00,1,63
143,措备,2026-02-12 07:00,.8,60
143,措备,2026-02-12 08:00,1.1,57
143,措备,2026-02-12 09:00,2.4,49
143,措备,2026-02-12 10:00,3.9,42
143,措备,2026-02-12 11:00,6.1,32
143,措备,2026-02-12 12:00,8,26
143,措备,2026-02-12 13:00,9.1,23
143,措备,2026-02-12 14:00,10,21
143,措备,2026-02-12 15:00,10.3,20
143,措备,2026-02-12 16:00,10.6,19
143,措备,2026-02-12 17:00,10.2,19
143,措备,2026-02-12 18:00,8.7,23
143,措备,2026-02-12 19:00,7.5,26
143,措备,2026-02-12 20:00,5.1,34
143,措备,2026-02-12 21:00,4.6,34
143,措备,2026-02-12 22:00,3.3,39
143,措备,2026-02-12 23:00,2.2,43
143,措备,2026-02-13 00:00,1.3,47
143,措备,2026-02-13 01:00,.3,52
143,措备,2026-02-13 02:00,-.5,55
143,措备,2026-02-13 03:00,-1.1,62
143,措备,2026-02-13 04:00,-1.1,60
143,措备,2026-02-13 05:00,-1.1,61
143,措备,2026-02-13 06:00,-1.4,63
143,措备,2026-02-13 07:00,-2,66
143,措备,2026-02-13 08:00,-1.8,68
143,措备,2026-02-13 09:00,.5,58
143,措备,2026-02-13 10:00,3.6,49
143,措备,2026-02-13 11:00,7.1,36
143,措备,2026-02-13 12:00,9.3,31
143,措备,2026-02-13 13:00,11.2,27
143,措备,2026-02-13 14:00,12.6,24
143,措备,2026-02-13 15:00,13.5,21
143,措备,2026-02-13 16:00,13.9,21
143,措备,2026-02-13 17:00,13.6,22
143,措备,2026-02-13 18:00,12.2,24
143,措备,2026-02-13 19:00,9.5,29
143,措备,2026-02-13 20:00,7.3,35
143,措备,2026-02-13 21:00,5.8,41
143,措备,2026-02-13 22:00,4.6,45
143,措备,2026-02-13 23:00,3.3,53
143,措备,2026-02-14 00:00,2.9,49
143,措备,2026-02-14 01:00,1.9,62
143,措备,2026-02-14 02:00,1,58
143,措备,2026-02-14 03:00,.6,62
143,措备,2026-02-14 04:00,.1,64
143,措备,2026-02-14 05:00,.1,71
143,措备,2026-02-14 06:00,-.1,69
143,措备,2026-02-14 07:00,0,69
143,措备,2026-02-14 08:00,0,72
143,措备,2026-02-14 09:00,3.1,61
143,措备,2026-02-14 10:00,4.5,56
143,措备,2026-02-14 11:00,8.8,42
143,措备,2026-02-14 12:00,11.4,32
143,措备,2026-02-14 13:00,12.3,31
143,措备,2026-02-14 14:00,12.7,32
143,措备,2026-02-14 15:00,13.8,26
143,措备,2026-02-14 16:00,13.9,26
143,措备,2026-02-14 17:00,14.1,27
143,措备,2026-02-14 18:00,12.6,30
143,措备,2026-02-14 19:00,10.3,37
143,措备,2026-02-14 20:00,8.6,44
143,措备,2026-02-14 21:00,7.5,52
143,措备,2026-02-14 22:00,6.4,55
143,措备,2026-02-14 23:00,4.8,61
143,措备,2026-02-15 00:00,3.8,63
143,措备,2026-02-15 01:00,3.5,70
143,措备,2026-02-15 02:00,2.4,73
143,措备,2026-02-15 03:00,1.9,77
143,措备,2026-02-15 04:00,1.1,80
143,措备,2026-02-15 05:00,1.6,82
143,措备,2026-02-15 06:00,1.6,81
143,措备,2026-02-15 07:00,1.2,81
143,措备,2026-02-15 08:00,1.7,82
143,措备,2026-02-15 09:00,5.1,70
143,措备,2026-02-15 10:00,10.1,60
143,措备,2026-02-15 11:00,12.2,53
143,措备,2026-02-15 12:00,13.7,47
143,措备,2026-02-15 13:00,14.9,43
143,措备,2026-02-15 14:00,16.2,39
143,措备,2026-02-15 15:00,16.5,37
143,措备,2026-02-15 16:00,15.7,31
143,措备,2026-02-15 17:00,13.7,39
143,措备,2026-02-15 18:00,11.9,39
143,措备,2026-02-15 19:00,11.4,40
143,措备,2026-02-15 20:00,10.6,38
143,措备,2026-02-15 21:00,8.9,46
143,措备,2026-02-15 22:00,8.3,47
143,措备,2026-02-15 23:00,8.3,31
143,措备,2026-02-16 00:00,7.3,26
143,措备,2026-02-16 01:00,6.8,18
143,措备,2026-02-16 02:00,6.1,20
143,措备,2026-02-16 03:00,5.6,22
143,措备,2026-02-16 04:00,5.1,24
143,措备,2026-02-16 05:00,4.9,29
143,措备,2026-02-16 06:00,4.5,31
143,措备,2026-02-16 07:00,4.3,34
143,措备,2026-02-16 08:00,4.1,36
143,措备,2026-02-16 09:00,4.4,36
143,措备,2026-02-16 10:00,5.3,33
143,措备,2026-02-16 11:00,6.8,30
143,措备,2026-02-16 12:00,7.5,29
143,措备,2026-02-16 13:00,9,28
143,措备,2026-02-16 14:00,9.7,29
143,措备,2026-02-16 15:00,10.5,35
143,措备,2026-02-16 16:00,9.5,49
143,措备,2026-02-16 17:00,8.1,57
143,措备,2026-02-16 18:00,6.1,65
143,措备,2026-02-16 19:00,5,70
143,措备,2026-02-16 20:00,4.6,73
143,措备,2026-02-16 21:00,4.3,74
143,措备,2026-02-16 22:00,4.3,73
143,措备,2026-02-16 23:00,4,73
143,措备,2026-02-17 00:00,2.9,79
143,措备,2026-02-17 01:00,2.2,80
143,措备,2026-02-17 02:00,1.4,84
143,措备,2026-02-17 03:00,.8,83
143,措备,2026-02-17 04:00,.2,87
143,措备,2026-02-17 05:00,-.4,90
143,措备,2026-02-17 06:00,0,86
143,措备,2026-02-17 07:00,-.2,86
143,措备,2026-02-17 08:00,.5,83
143,措备,2026-02-17 09:00,2,76
143,措备,2026-02-17 10:00,4.5,64
143,措备,2026-02-17 11:00,6.4,52
143,措备,2026-02-17 12:00,8.2,45
143,措备,2026-02-17 13:00,9.6,31
143,措备,2026-02-17 14:00,10.7,18
143,措备,2026-02-17 15:00,11.5,15
143,措备,2026-02-17 16:00,11.2,10
143,措备,2026-02-17 17:00,10.5,12
143,措备,2026-02-17 18:00,9.1,13
143,措备,2026-02-17 19:00,7.5,15
143,措备,2026-02-17 20:00,6.6,18
143,措备,2026-02-17 21:00,5.4,22
143,措备,2026-02-17 22:00,5.9,23
143,措备,2026-02-17 23:00,5,27
143,措备,2026-02-18 00:00,4.2,29
143,措备,2026-02-18 01:00,2.9,31
143,措备,2026-02-18 02:00,2.6,30
143,措备,2026-02-18 03:00,1.8,31
143,措备,2026-02-18 04:00,1.7,31
143,措备,2026-02-18 05:00,1.7,33
143,措备,2026-02-18 06:00,0,44
143,措备,2026-02-18 07:00,-1.3,50
143,措备,2026-02-18 08:00,-.4,45
143,措备,2026-02-18 09:00,2.5,38
143,措备,2026-02-18 10:00,5.1,34
143,措备,2026-02-18 11:00,6.9,31
143,措备,2026-02-18 12:00,8.7,31
143,措备,2026-02-18 13:00,9.6,30
143,措备,2026-02-18 14:00,10.9,24
143,措备,2026-02-18 15:00,11.5,16
143,措备,2026-02-18 16:00,11.5,15
143,措备,2026-02-18 17:00,10.9,17
143,措备,2026-02-18 18:00,9.9,19
143,措备,2026-02-18 19:00,8.1,23
143,措备,2026-02-18 20:00,5.2,52
143,措备,2026-02-18 21:00,4.2,58
143,措备,2026-02-18 22:00,3.1,63
143,措备,2026-02-18 23:00,2.1,63
143,措备,2026-02-19 00:00,.7,64
143,措备,2026-02-19 01:00,-.7,71
143,措备,2026-02-19 02:00,-1.4,77
143,措备,2026-02-19 03:00,-1.9,65
143,措备,2026-02-19 04:00,-2.7,63
143,措备,2026-02-19 05:00,-3.1,66
143,措备,2026-02-19 06:00,-3.5,70
143,措备,2026-02-19 07:00,-4.5,79
143,措备,2026-02-19 08:00,-1.6,61
143,措备,2026-02-19 09:00,-.1,64
143,措备,2026-02-19 10:00,3,43
143,措备,2026-02-19 11:00,5.7,28
143,措备,2026-02-19 12:00,7.3,17
143,措备,2026-02-19 13:00,9.1,13
143,措备,2026-02-19 14:00,10.2,9
143,措备,2026-02-19 15:00,11.4,8
143,措备,2026-02-19 16:00,12.4,9
143,措备,2026-02-19 17:00,12.5,11
143,措备,2026-02-19 18:00,10.6,11
143,措备,2026-02-19 19:00,8.7,14
143,措备,2026-02-19 20:00,7.6,15
143,措备,2026-02-19 21:00,7.1,16
143,措备,2026-02-19 22:00,5.5,25
143,措备,2026-02-19 23:00,2.7,27
143,措备,2026-02-20 00:00,2.3,40
143,措备,2026-02-20 01:00,1.5,34
143,措备,2026-02-20 02:00,.6,42
143,措备,2026-02-20 03:00,.7,39
143,措备,2026-02-20 04:00,.1,44
143,措备,2026-02-20 05:00,0,44
143,措备,2026-02-20 06:00,-1,49
143,措备,2026-02-20 07:00,-1.5,55
143,措备,2026-02-20 08:00,-.6,50
143,措备,2026-02-20 09:00,2.7,41
143,措备,2026-02-20 10:00,5.9,33
143,措备,2026-02-20 11:00,8.2,27
143,措备,2026-02-20 12:00,10.8,24
143,措备,2026-02-20 13:00,12.9,20
143,措备,2026-02-20 14:00,14,18
143,措备,2026-02-20 15:00,14.9,16
143,措备,2026-02-20 16:00,14.9,16
143,措备,2026-02-20 17:00,15.7,15
143,措备,2026-02-20 18:00,13.7,17
143,措备,2026-02-20 19:00,11.2,22
143,措备,2026-02-20 20:00,8.6,28
143,措备,2026-02-20 21:00,7.1,33
143,措备,2026-02-20 22:00,5.6,35
143,措备,2026-02-20 23:00,4.4,40
143,措备,2026-02-21 00:00,3.7,49
143,措备,2026-02-21 01:00,2.7,54
143,措备,2026-02-21 02:00,2,56
143,措备,2026-02-21 03:00,1.4,57
143,措备,2026-02-21 04:00,1,62
143,措备,2026-02-21 05:00,.6,61
143,措备,2026-02-21 06:00,0,65
143,措备,2026-02-21 07:00,-.3,69
143,措备,2026-02-21 08:00,1.1,65
143,措备,2026-02-21 09:00,3.8,55
143,措备,2026-02-21 10:00,8.7,44
143,措备,2026-02-21 11:00,11.4,43
143,措备,2026-02-21 12:00,13.6,34
143,措备,2026-02-21 13:00,15.7,28
143,措备,2026-02-21 14:00,16.8,26
143,措备,2026-02-21 15:00,18.7,22
143,措备,2026-02-21 16:00,18.9,24
143,措备,2026-02-21 17:00,17.7,28
143,措备,2026-02-21 18:00,16,34
143,措备,2026-02-21 19:00,13.9,45
143,措备,2026-02-21 20:00,12.5,48
143,措备,2026-02-21 21:00,11.5,48
143,措备,2026-02-21 22:00,10.8,51
143,措备,2026-02-21 23:00,9.7,57
143,措备,2026-02-22 00:00,8.5,60
143,措备,2026-02-22 01:00,8,61
143,措备,2026-02-22 02:00,7.2,65
143,措备,2026-02-22 03:00,6.3,69
143,措备,2026-02-22 04:00,6.3,72
143,措备,2026-02-22 05:00,6.2,76
143,措备,2026-02-22 06:00,5.7,78
143,措备,2026-02-22 07:00,6,79
143,措备,2026-02-22 08:00,7.8,76
143,措备,2026-02-22 09:00,10.8,66
143,措备,2026-02-22 10:00,16,54
143,措备,2026-02-22 11:00,19.1,44
143,措备,2026-02-22 12:00,20.4,38
143,措备,2026-02-22 13:00,20.8,39
143,措备,2026-02-22 14:00,21.7,36
143,措备,2026-02-22 15:00,21.1,37
143,措备,2026-02-22 16:00,19.1,43
143,措备,2026-02-22 17:00,17.3,22
143,措备,2026-02-22 18:00,15.3,13
143,措备,2026-02-22 19:00,13,13
143,措备,2026-02-22 20:00,10.4,17
143,措备,2026-02-22 21:00,8.3,16
143,措备,2026-02-22 22:00,7,16
143,措备,2026-02-22 23:00,5.8,16
143,措备,2026-02-23 00:00,4.9,14
143,措备,2026-02-23 01:00,4.1,15
143,措备,2026-02-23 02:00,3.3,24
143,措备,2026-02-23 03:00,2.7,32
143,措备,2026-02-23 04:00,2.3,36
143,措备,2026-02-23 05:00,2.1,37
143,措备,2026-02-23 06:00,1.9,35
143,措备,2026-02-23 07:00,1.8,34
143,措备,2026-02-23 08:00,2.4,31
143,措备,2026-02-23 09:00,3.7,22
143,措备,2026-02-23 10:00,5.3,18
143,措备,2026-02-23 11:00,6.7,15
143,措备,2026-02-23 12:00,8.6,13
143,措备,2026-02-23 13:00,9.8,10
143,措备,2026-02-23 14:00,11.3,9
143,措备,2026-02-23 15:00,11.6,10
143,措备,2026-02-23 16:00,11.6,10
143,措备,2026-02-23 17:00,10.6,11
143,措备,2026-02-23 18:00,9.8,12
143,措备,2026-02-23 19:00,8.8,12
143,措备,2026-02-23 20:00,7.9,13
143,措备,2026-02-23 21:00,6.8,15
143,措备,2026-02-23 22:00,4.8,21
143,措备,2026-02-23 23:00,4.4,23
143,措备,2026-02-24 00:00,4.2,25
143,措备,2026-02-24 01:00,3.4,28
143,措备,2026-02-24 02:00,2.9,32
143,措备,2026-02-24 03:00,2.4,32
143,措备,2026-02-24 04:00,2.3,32
143,措备,2026-02-24 05:00,2.3,33
143,措备,2026-02-24 06:00,1.9,38
143,措备,2026-02-24 07:00,2.2,34
143,措备,2026-02-24 08:00,2.9,31
143,措备,2026-02-24 09:00,3.7,28
143,措备,2026-02-24 10:00,4.7,23
143,措备,2026-02-24 11:00,5.2,21
143,措备,2026-02-24 12:00,5.5,22
143,措备,2026-02-24 13:00,2.8,75
143,措备,2026-02-24 14:00,1,92
143,措备,2026-02-24 15:00,.8,93
143,措备,2026-02-24 16:00,.8,93
143,措备,2026-02-24 17:00,.5,95
143,措备,2026-02-24 18:00,.4,95
143,措备,2026-02-24 19:00,.4,96
143,措备,2026-02-24 20:00,.8,95
143,措备,2026-02-24 21:00,.9,95
143,措备,2026-02-24 22:00,.9,96
143,措备,2026-02-24 23:00,1,94
143,措备,2026-02-25 00:00,1,94
143,措备,2026-02-25 01:00,1.1,94
143,措备,2026-02-25 02:00,1.1,95
143,措备,2026-02-25 03:00,1.2,95
143,措备,2026-02-25 04:00,1.2,95
143,措备,2026-02-25 05:00,1.3,95
143,措备,2026-02-25 06:00,1.5,95
143,措备,2026-02-25 07:00,1.6,95
143,措备,2026-02-25 08:00,2,95
143,措备,2026-02-25 09:00,3.5,88
143,措备,2026-02-25 10:00,5.7,83
143,措备,2026-02-25 11:00,7.6,68
143,措备,2026-02-25 12:00,8.9,58
143,措备,2026-02-25 13:00,9.5,54
143,措备,2026-02-25 14:00,10.5,52
143,措备,2026-02-25 15:00,10.7,49
143,措备,2026-02-25 16:00,10.5,48
143,措备,2026-02-25 17:00,9.9,48
143,措备,2026-02-25 18:00,8.8,51
143,措备,2026-02-25 19:00,8,54
143,措备,2026-02-25 20:00,7.7,54
143,措备,2026-02-25 21:00,7.5,56
143,措备,2026-02-25 22:00,7.1,59
143,措备,2026-02-25 23:00,7.2,59
143,措备,2026-02-26 00:00,7,62
143,措备,2026-02-26 01:00,6.7,66
143,措备,2026-02-26 02:00,6.8,69
143,措备,2026-02-26 03:00,6.9,64
143,措备,2026-02-26 04:00,6.8,64
143,措备,2026-02-26 05:00,6.7,65
143,措备,2026-02-26 06:00,6.6,65
143,措备,2026-02-26 07:00,6.5,66
143,措备,2026-02-26 08:00,6.8,66
143,措备,2026-02-26 09:00,7.3,65
143,措备,2026-02-26 10:00,8.4,60
143,措备,2026-02-26 11:00,9.4,58
143,措备,2026-02-26 12:00,10.6,56
143,措备,2026-02-26 13:00,10.3,60
143,措备,2026-02-26 14:00,10.1,59
143,措备,2026-02-26 15:00,10.1,61
143,措备,2026-02-26 16:00,9.7,63
143,措备,2026-02-26 17:00,9.3,64
143,措备,2026-02-26 18:00,8.8,66
143,措备,2026-02-26 19:00,8.5,69
143,措备,2026-02-26 20:00,8.3,71
143,措备,2026-02-26 21:00,8.1,72
143,措备,2026-02-26 22:00,8.1,72
143,措备,2026-02-26 23:00,7.8,74
143,措备,2026-02-27 00:00,8,73
143,措备,2026-02-27 01:00,8,71
143,措备,2026-02-27 02:00,7.8,71
143,措备,2026-02-27 03:00,7.5,72
143,措备,2026-02-27 04:00,7.5,72
143,措备,2026-02-27 05:00,7.6,71
143,措备,2026-02-27 06:00,7.3,75
143,措备,2026-02-27 07:00,6.6,85
143,措备,2026-02-27 08:00,6.3,90
143,措备,2026-02-27 09:00,6.5,91
143,措备,2026-02-27 10:00,6.8,90
143,措备,2026-02-27 11:00,7.1,91
143,措备,2026-02-27 12:00,7.9,84
143,措备,2026-02-27 13:00,8.7,75
143,措备,2026-02-27 14:00,9.1,73
143,措备,2026-02-27 15:00,9.2,72
143,措备,2026-02-27 16:00,9,69
143,措备,2026-02-27 17:00,9,70
143,措备,2026-02-27 18:00,8.9,68
143,措备,2026-02-27 19:00,8.3,65
143,措备,2026-02-27 20:00,8.1,63
143,措备,2026-02-27 21:00,7.7,60
143,措备,2026-02-27 22:00,7.1,64
143,措备,2026-02-27 23:00,6.4,63
143,措备,2026-02-28 00:00,6.3,61
143,措备,2026-02-28 01:00,5.7,62
143,措备,2026-02-28 02:00,4.6,69
143,措备,2026-02-28 03:00,3.8,72
143,措备,2026-02-28 04:00,2.7,81
143,措备,2026-02-28 05:00,2.3,83
143,措备,2026-02-28 06:00,1.3,87
143,措备,2026-02-28 07:00,.5,91
143,措备,2026-02-28 08:00,2.1,87
143,措备,2026-02-28 09:00,4.3,75
143,措备,2026-02-28 10:00,7.5,62
143,措备,2026-02-28 11:00,9.1,54
143,措备,2026-02-28 12:00,9.6,54
143,措备,2026-02-28 13:00,9.6,57
143,措备,2026-02-28 14:00,9.3,57
143,措备,2026-02-28 15:00,9.4,56
143,措备,2026-02-28 16:00,9.1,57
143,措备,2026-02-28 17:00,8.6,59
143,措备,2026-02-28 18:00,8.3,60
143,措备,2026-02-28 19:00,8.1,60
143,措备,2026-02-28 20:00,7.9,62
143,措备,2026-02-28 21:00,7.7,62
143,措备,2026-02-28 22:00,7.7,58
143,措备,2026-02-28 23:00,7.4,61
143,措备,2026-03-01 00:00,7.3,62
143,措备,2026-03-01 01:00,7.3,63
143,措备,2026-03-01 02:00,7.3,64
143,措备,2026-03-01 03:00,7.2,65
143,措备,2026-03-01 04:00,7.1,66
143,措备,2026-03-01 05:00,7.1,66
143,措备,2026-03-01 06:00,8,65
143,措备,2026-03-01 07:00,6.8,69
143,措备,2026-03-01 08:00,8.3,66
143,措备,2026-03-01 09:00,8.6,64
143,措备,2026-03-01 10:00,8.6,62
143,措备,2026-03-01 11:00,8.7,61
143,措备,2026-03-01 12:00,8.9,58
143,措备,2026-03-01 13:00,9.4,55
143,措备,2026-03-01 14:00,9.2,56
143,措备,2026-03-01 15:00,9,56
143,措备,2026-03-01 16:00,8.6,58
143,措备,2026-03-01 17:00,8.2,60
143,措备,2026-03-01 18:00,7.9,60
143,措备,2026-03-01 19:00,7.8,61
143,措备,2026-03-01 20:00,7.6,61
143,措备,2026-03-01 21:00,7.5,60
143,措备,2026-03-01 22:00,7.5,61
143,措备,2026-03-01 23:00,7.5,64
143,措备,2026-03-02 00:00,7.9,62
143,措备,2026-03-02 01:00,8,60
143,措备,2026-03-02 02:00,8,62
143,措备,2026-03-02 03:00,7.9,63
143,措备,2026-03-02 04:00,7.9,63
143,措备,2026-03-02 05:00,7.7,66
143,措备,2026-03-02 06:00,7.8,69
143,措备,2026-03-02 07:00,7.7,69
143,措备,2026-03-02 08:00,7.2,73
143,措备,2026-03-02 09:00,7.5,71
143,措备,2026-03-02 10:00,6.9,77
143,措备,2026-03-02 11:00,6.6,82
143,措备,2026-03-02 12:00,6.8,82
143,措备,2026-03-02 13:00,6.8,85
143,措备,2026-03-02 14:00,7.2,84
143,措备,2026-03-02 15:00,7.4,79
143,措备,2026-03-02 16:00,7.5,76
143,措备,2026-03-02 17:00,7.3,80
143,措备,2026-03-02 18:00,7,86
143,措备,2026-03-02 19:00,6.9,86
143,措备,2026-03-02 20:00,6.4,83
143,措备,2026-03-02 21:00,5.1,87
143,措备,2026-03-02 22:00,4.2,90
143,措备,2026-03-02 23:00,4.4,93
143,措备,2026-03-03 00:00,4.4,94
143,措备,2026-03-03 01:00,4.5,93
143,措备,2026-03-03 02:00,4.7,91
143,措备,2026-03-03 03:00,4.9,91
143,措备,2026-03-03 04:00,5,92
143,措备,2026-03-03 05:00,4.9,92
143,措备,2026-03-03 06:00,5,93
143,措备,2026-03-03 07:00,5.3,93
143,措备,2026-03-03 08:00,5.9,89
143,措备,2026-03-03 09:00,6.6,86
143,措备,2026-03-03 10:00,7.2,83
143,措备,2026-03-03 11:00,7.9,79
143,措备,2026-03-03 12:00,9.2,63
143,措备,2026-03-03 13:00,10.6,53
143,措备,2026-03-03 14:00,10.7,52
143,措备,2026-03-03 15:00,10.9,46
143,措备,2026-03-03 16:00,10.9,47
143,措备,2026-03-03 17:00,10.6,46
143,措备,2026-03-03 18:00,9.8,52
143,措备,2026-03-03 19:00,8.5,59
143,措备,2026-03-03 20:00,7.3,64
143,措备,2026-03-03 21:00,6.5,67
143,措备,2026-03-03 22:00,6.3,68
143,措备,2026-03-03 23:00,6.3,67
143,措备,2026-03-04 00:00,6.1,69
143,措备,2026-03-04 01:00,6,67
143,措备,2026-03-04 02:00,5.9,68
143,措备,2026-03-04 03:00,5.4,71
143,措备,2026-03-04 04:00,5.3,72
143,措备,2026-03-04 05:00,4.1,78
143,措备,2026-03-04 06:00,2.8,85
143,措备,2026-03-04 07:00,2.2,89
143,措备,2026-03-04 08:00,3.5,84
143,措备,2026-03-04 09:00,5.9,72
143,措备,2026-03-04 10:00,7.7,62
143,措备,2026-03-04 11:00,10,49
143,措备,2026-03-04 12:00,10.9,44
143,措备,2026-03-04 13:00,12.2,36
143,措备,2026-03-04 14:00,13.2,33
143,措备,2026-03-04 15:00,13.3,31
143,措备,2026-03-04 16:00,13.2,30
143,措备,2026-03-04 17:00,13.5,31
143,措备,2026-03-04 18:00,12.5,31
143,措备,2026-03-04 19:00,10.8,36
143,措备,2026-03-04 20:00,8,65
143,措备,2026-03-04 21:00,7.1,68
143,措备,2026-03-04 22:00,6.4,72
143,措备,2026-03-04 23:00,5.9,74
143,措备,2026-03-05 00:00,5.1,78
143,措备,2026-03-05 01:00,4.2,82
143,措备,2026-03-05 02:00,3.3,86
143,措备,2026-03-05 03:00,2.5,89
143,措备,2026-03-05 04:00,2.2,91
143,措备,2026-03-05 05:00,1.5,92
143,措备,2026-03-05 06:00,1.3,93
143,措备,2026-03-05 07:00,1.1,93
143,措备,2026-03-05 08:00,2,91
143,措备,2026-03-05 09:00,3.8,82
143,措备,2026-03-05 10:00,5.1,80
143,措备,2026-03-05 11:00,7.5,70
143,措备,2026-03-05 12:00,9.3,63
143,措备,2026-03-05 13:00,12.1,50
143,措备,2026-03-05 14:00,13.1,44
143,措备,2026-03-05 15:00,14.4,42
143,措备,2026-03-05 16:00,14.4,41
143,措备,2026-03-05 17:00,14.2,42
143,措备,2026-03-05 18:00,12.8,50
143,措备,2026-03-05 19:00,12,53
143,措备,2026-03-05 20:00,11.2,56
143,措备,2026-03-05 21:00,10.6,57
143,措备,2026-03-05 22:00,10.2,59
143,措备,2026-03-05 23:00,9.8,64
143,措备,2026-03-06 00:00,9,69
143,措备,2026-03-06 01:00,8.9,70
143,措备,2026-03-06 02:00,8.9,72
143,措备,2026-03-06 03:00,8.6,78
143,措备,2026-03-06 04:00,7.6,89
143,措备,2026-03-06 05:00,7,87
143,措备,2026-03-06 06:00,5.3,78
143,措备,2026-03-06 07:00,4.6,75
143,措备,2026-03-06 08:00,4.1,70
143,措备,2026-03-06 09:00,4.5,69
143,措备,2026-03-06 10:00,5.3,64
143,措备,2026-03-06 11:00,5.7,57
143,措备,2026-03-06 12:00,7.6,50
143,措备,2026-03-06 13:00,9.4,43
143,措备,2026-03-06 14:00,9.3,39
143,措备,2026-03-06 15:00,8.1,43
143,措备,2026-03-06 16:00,8.1,42
143,措备,2026-03-06 17:00,7.2,44
143,措备,2026-03-06 18:00,7.4,43
143,措备,2026-03-06 19:00,6.1,52
143,措备,2026-03-06 20:00,5.3,49
143,措备,2026-03-06 21:00,4.4,50
143,措备,2026-03-06 22:00,3.3,50
143,措备,2026-03-06 23:00,2.4,50
143,措备,2026-03-07 00:00,1.9,52
143,措备,2026-03-07 01:00,1.6,54
143,措备,2026-03-07 02:00,1.4,53
143,措备,2026-03-07 03:00,.9,54
143,措备,2026-03-07 04:00,.6,54
143,措备,2026-03-07 05:00,.3,56
143,措备,2026-03-07 06:00,.2,57
143,措备,2026-03-07 07:00,.2,57
143,措备,2026-03-07 08:00,.6,56
143,措备,2026-03-07 09:00,1.7,52
143,措备,2026-03-07 10:00,3,47
143,措备,2026-03-07 11:00,3.7,39
143,措备,2026-03-07 12:00,6,32
143,措备,2026-03-07 13:00,6.6,25
143,措备,2026-03-07 14:00,7.6,23
143,措备,2026-03-07 15:00,7.9,22
143,措备,2026-03-07 16:00,8.5,22
143,措备,2026-03-07 17:00,7.7,22
143,措备,2026-03-07 18:00,6.8,24
143,措备,2026-03-07 19:00,5.3,22
143,措备,2026-03-07 20:00,4.5,23
143,措备,2026-03-07 21:00,3.4,27
143,措备,2026-03-07 22:00,2.6,31
143,措备,2026-03-07 23:00,2,29
143,措备,2026-03-08 00:00,2.3,30
143,措备,2026-03-08 01:00,.7,39
143,措备,2026-03-08 02:00,-.8,46
143,措备,2026-03-08 03:00,-1.7,52
143,措备,2026-03-08 04:00,-2.1,53
143,措备,2026-03-08 05:00,-2.7,59
143,措备,2026-03-08 06:00,-3.2,59
143,措备,2026-03-08 07:00,-3.6,69
143,措备,2026-03-08 08:00,-1.1,58
143,措备,2026-03-08 09:00,1.6,48
143,措备,2026-03-08 10:00,3.7,38
143,措备,2026-03-08 11:00,5.7,29
143,措备,2026-03-08 12:00,7.1,24
143,措备,2026-03-08 13:00,8.8,23
143,措备,2026-03-08 14:00,10.5,12
143,措备,2026-03-08 15:00,11.2,10
143,措备,2026-03-08 16:00,11.9,11
143,措备,2026-03-08 17:00,11.2,15
143,措备,2026-03-08 18:00,10.1,18
143,措备,2026-03-08 19:00,9,20
143,措备,2026-03-08 20:00,8.3,20
143,措备,2026-03-08 21:00,7.1,24
143,措备,2026-03-08 22:00,6.1,28
143,措备,2026-03-08 23:00,5.8,30
143,措备,2026-03-09 00:00,5.1,32
143,措备,2026-03-09 01:00,4.3,32
143,措备,2026-03-09 02:00,3.8,33
143,措备,2026-03-09 03:00,3.2,33
143,措备,2026-03-09 04:00,2.7,34
143,措备,2026-03-09 05:00,2.2,39
143,措备,2026-03-09 06:00,2.3,42
143,措备,2026-03-09 07:00,2.2,45
143,措备,2026-03-09 08:00,2.6,49
143,措备,2026-03-09 09:00,4.7,44
143,措备,2026-03-09 10:00,5,47
143,措备,2026-03-09 11:00,6.4,46
143,措备,2026-03-09 12:00,7.3,46
143,措备,2026-03-09 13:00,7.3,49
143,措备,2026-03-09 14:00,7.1,48
143,措备,2026-03-09 15:00,8.6,43
143,措备,2026-03-09 16:00,8.4,37
143,措备,2026-03-09 17:00,6.8,47
143,措备,2026-03-09 18:00,6.8,42
143,措备,2026-03-09 19:00,5.6,52
143,措备,2026-03-09 20:00,5.1,52
143,措备,2026-03-09 21:00,4.6,51
143,措备,2026-03-09 22:00,4.3,48
143,措备,2026-03-09 23:00,4.1,50
143,措备,2026-03-10 00:00,3.6,54
143,措备,2026-03-10 01:00,2.6,57
143,措备,2026-03-10 02:00,1,68
143,措备,2026-03-10 03:00,-.2,73
143,措备,2026-03-10 04:00,-.9,78
143,措备,2026-03-10 05:00,-1.2,81
143,措备,2026-03-10 06:00,-1.8,85
143,措备,2026-03-10 07:00,-2,85
143,措备,2026-03-10 08:00,-.4,78
143,措备,2026-03-10 09:00,2.1,65
143,措备,2026-03-10 10:00,4.8,54
143,措备,2026-03-10 11:00,7,42
143,措备,2026-03-10 12:00,8.8,34
143,措备,2026-03-10 13:00,10,29
143,措备,2026-03-10 14:00,10.6,27
143,措备,2026-03-10 15:00,12,22
143,措备,2026-03-10 16:00,11.7,23
143,措备,2026-03-10 17:00,11.5,22
143,措备,2026-03-10 18:00,10.7,24
143,措备,2026-03-10 19:00,8.8,31
143,措备,2026-03-10 20:00,7.1,39
143,措备,2026-03-10 21:00,5.6,46
143,措备,2026-03-10 22:00,5.1,47
143,措备,2026-03-10 23:00,4.4,52
143,措备,2026-03-11 00:00,3,57
143,措备,2026-03-11 01:00,2,68
143,措备,2026-03-11 02:00,1.5,65
143,措备,2026-03-11 03:00,.8,70
143,措备,2026-03-11 04:00,.4,71
143,措备,2026-03-11 05:00,.1,79
143,措备,2026-03-11 06:00,-.5,82
143,措备,2026-03-11 07:00,-.3,81
143,措备,2026-03-11 08:00,.7,77
143,措备,2026-03-11 09:00,3,67
143,措备,2026-03-11 10:00,6.2,53
143,措备,2026-03-11 11:00,8.9,42
143,措备,2026-03-11 12:00,10.4,35
143,措备,2026-03-11 13:00,12.1,26
143,措备,2026-03-11 14:00,13.1,22
143,措备,2026-03-11 15:00,13.8,19
143,措备,2026-03-11 16:00,13.2,17
143,措备,2026-03-11 17:00,13.7,14
143,措备,2026-03-11 18:00,12.4,17
143,措备,2026-03-11 19:00,10.8,18
143,措备,2026-03-11 20:00,9.3,42
143,措备,2026-03-11 21:00,8.1,50
143,措备,2026-03-11 22:00,7.2,53
143,措备,2026-03-11 23:00,6.2,56
143,措备,2026-03-12 00:00,5.3,65
143,措备,2026-03-12 01:00,4.3,65
143,措备,2026-03-12 02:00,3.2,71
143,措备,2026-03-12 03:00,2.6,74
143,措备,2026-03-12 04:00,1.8,78
143,措备,2026-03-12 05:00,1.9,78
143,措备,2026-03-12 06:00,1.5,81
143,措备,2026-03-12 07:00,1.7,82
143,措备,2026-03-12 08:00,2.9,76
143,措备,2026-03-12 09:00,5.1,69
143,措备,2026-03-12 10:00,7.6,55
143,措备,2026-03-12 11:00,10.1,46
143,措备,2026-03-12 12:00,12.2,38
143,措备,2026-03-12 13:00,10.3,43
143,措备,2026-03-12 14:00,9.3,54
143,措备,2026-03-12 15:00,11.4,48
143,措备,2026-03-12 16:00,9.1,55
143,措备,2026-03-12 17:00,9.3,53
143,措备,2026-03-12 18:00,8.8,59
143,措备,2026-03-12 19:00,7.8,63
143,措备,2026-03-12 20:00,8,57
143,措备,2026-03-12 21:00,7.5,53
143,措备,2026-03-12 22:00,6.7,62
143,措备,2026-03-12 23:00,6,64
143,措备,2026-03-13 00:00,5.7,57
143,措备,2026-03-13 01:00,4.2,66
143,措备,2026-03-13 02:00,4.1,70
143,措备,2026-03-13 03:00,3.2,73
143,措备,2026-03-13 04:00,2.5,76
143,措备,2026-03-13 05:00,2.1,76
143,措备,2026-03-13 06:00,2.5,75
143,措备,2026-03-13 07:00,2.9,72
143,措备,2026-03-13 08:00,4.6,67
143,措备,2026-03-13 09:00,6.6,49
143,措备,2026-03-13 10:00,6.7,47
143,措备,2026-03-13 11:00,8.5,38
143,措备,2026-03-13 12:00,8,39
143,措备,2026-03-13 13:00,9,36
143,措备,2026-03-13 14:00,9.1,38
143,措备,2026-03-13 15:00,9.1,37
143,措备,2026-03-13 16:00,8.1,46
143,措备,2026-03-13 17:00,8,38
143,措备,2026-03-13 18:00,7.9,41
143,措备,2026-03-13 19:00,6.9,46
143,措备,2026-03-13 20:00,5.9,48
143,措备,2026-03-13 21:00,5,50
143,措备,2026-03-13 22:00,4.4,53
143,措备,2026-03-13 23:00,3.1,56
143,措备,2026-03-14 00:00,2.6,64
143,措备,2026-03-14 01:00,1.5,67
143,措备,2026-03-14 02:00,.8,72
143,措备,2026-03-14 03:00,.2,75
143,措备,2026-03-14 04:00,-.5,78
143,措备,2026-03-14 05:00,-.8,81
143,措备,2026-03-14 06:00,-1.1,83
143,措备,2026-03-14 07:00,-1.1,85
143,措备,2026-03-14 08:00,.8,75
143,措备,2026-03-14 09:00,3.4,64
143,措备,2026-03-14 10:00,6.5,50
143,措备,2026-03-14 11:00,9,42
143,措备,2026-03-14 12:00,10.6,35
143,措备,2026-03-14 13:00,12,32
143,措备,2026-03-14 14:00,13.4,29
143,措备,2026-03-14 15:00,13.9,26
143,措备,2026-03-14 16:00,14.1,24
143,措备,2026-03-14 17:00,14.5,22
143,措备,2026-03-14 18:00,13,27
143,措备,2026-03-14 19:00,11.9,31
143,措备,2026-03-14 20:00,10.3,37
143,措备,2026-03-14 21:00,8.6,42
143,措备,2026-03-14 22:00,7.7,44
143,措备,2026-03-14 23:00,6.5,48
143,措备,2026-03-15 00:00,5.3,56
143,措备,2026-03-15 01:00,4.6,58
143,措备,2026-03-15 02:00,4.7,59
143,措备,2026-03-15 03:00,5,60
143,措备,2026-03-15 04:00,5,61
143,措备,2026-03-15 05:00,5,63
143,措备,2026-03-15 06:00,5.2,64
143,措备,2026-03-15 07:00,5.3,63
143,措备,2026-03-15 08:00,5.7,62
143,措备,2026-03-15 09:00,6.9,54
143,措备,2026-03-15 10:00,8.8,42
143,措备,2026-03-15 11:00,9.6,38
143,措备,2026-03-15 12:00,10.2,38
143,措备,2026-03-15 13:00,10.4,43
143,措备,2026-03-15 14:00,10.5,38
143,措备,2026-03-15 15:00,10.6,45
143,措备,2026-03-15 16:00,10.5,47
143,措备,2026-03-15 17:00,10.5,51
143,措备,2026-03-15 18:00,10.2,52
143,措备,2026-03-15 19:00,9.5,55
143,措备,2026-03-15 20:00,8.8,58
143,措备,2026-03-15 21:00,8.2,60
143,措备,2026-03-15 22:00,7.8,61
143,措备,2026-03-15 23:00,7.1,63
143,措备,2026-03-16 00:00,6,68
143,措备,2026-03-16 01:00,5.7,66
143,措备,2026-03-16 02:00,6,65
143,措备,2026-03-16 03:00,3.8,75
143,措备,2026-03-16 04:00,3.2,77
143,措备,2026-03-16 05:00,2.7,84
143,措备,2026-03-16 06:00,2.5,85
143,措备,2026-03-16 07:00,2.1,85
143,措备,2026-03-16 08:00,3.8,79
143,措备,2026-03-16 09:00,6.5,69
143,措备,2026-03-16 10:00,8.8,58
143,措备,2026-03-16 11:00,11.2,48
143,措备,2026-03-16 12:00,12.4,46
143,措备,2026-03-16 13:00,13.4,42
143,措备,2026-03-16 14:00,14.3,38
143,措备,2026-03-16 15:00,14.8,36
143,措备,2026-03-16 16:00,15.7,33
143,措备,2026-03-16 17:00,14.4,39
143,措备,2026-03-16 18:00,13.4,44
143,措备,2026-03-16 19:00,12.4,48
143,措备,2026-03-16 20:00,11.6,52
143,措备,2026-03-16 21:00,10.8,55
143,措备,2026-03-16 22:00,9.7,58
143,措备,2026-03-16 23:00,9.1,61
143,措备,2026-03-17 00:00,8.1,66
143,措备,2026-03-17 01:00,7.4,69
143,措备,2026-03-17 02:00,6.3,75
143,措备,2026-03-17 03:00,5.5,78
143,措备,2026-03-17 04:00,4.8,82
143,措备,2026-03-17 05:00,3.9,87
143,措备,2026-03-17 06:00,3.5,88
143,措备,2026-03-17 07:00,3.3,89
143,措备,2026-03-17 08:00,5.1,82
143,措备,2026-03-17 09:00,7.5,72
143,措备,2026-03-17 10:00,10.4,61
143,措备,2026-03-17 11:00,13,53
143,措备,2026-03-17 12:00,14.2,48
143,措备,2026-03-17 13:00,15.6,42
143,措备,2026-03-17 14:00,15.9,41
143,措备,2026-03-17 15:00,17,33
143,措备,2026-03-17 16:00,17.7,24
143,措备,2026-03-17 17:00,18.1,23
143,措备,2026-03-17 18:00,16.8,26
143,措备,2026-03-17 19:00,14.8,39
143,措备,2026-03-17 20:00,13.4,49
143,措备,2026-03-17 21:00,12.5,53
143,措备,2026-03-17 22:00,11.2,59
143,措备,2026-03-17 23:00,9.9,65
143,措备,2026-03-18 00:00,9,70
143,措备,2026-03-18 01:00,8.3,73
143,措备,2026-03-18 02:00,7.9,75
143,措备,2026-03-18 03:00,8.1,75
143,措备,2026-03-18 04:00,7.9,76
143,措备,2026-03-18 05:00,7.3,83
143,措备,2026-03-18 06:00,6.9,90
143,措备,2026-03-18 07:00,6.8,93
143,措备,2026-03-18 08:00,7.1,95
143,措备,2026-03-18 09:00,7.3,95
143,措备,2026-03-18 10:00,7.6,95
143,措备,2026-03-18 11:00,7.9,95
143,措备,2026-03-18 12:00,8.4,92
143,措备,2026-03-18 13:00,8.5,92
143,措备,2026-03-18 14:00,9,89
143,措备,2026-03-18 15:00,9.6,87
143,措备,2026-03-18 16:00,9.9,81
143,措备,2026-03-18 17:00,10.6,78
143,措备,2026-03-18 18:00,10.3,77
143,措备,2026-03-18 19:00,10.2,80
143,措备,2026-03-18 20:00,10.3,77
143,措备,2026-03-18 21:00,9.9,74
143,措备,2026-03-18 22:00,9.4,70
143,措备,2026-03-18 23:00,8.7,70
143,措备,2026-03-19 00:00,8.2,67
143,措备,2026-03-19 01:00,7.6,64
143,措备,2026-03-19 02:00,6.8,68
143,措备,2026-03-19 03:00,6.5,61
143,措备,2026-03-19 04:00,6,59
143,措备,2026-03-19 05:00,5.5,61
143,措备,2026-03-19 06:00,4.9,61
143,措备,2026-03-19 07:00,4.5,63
143,措备,2026-03-19 08:00,5.4,62
143,措备,2026-03-19 09:00,6.9,55
143,措备,2026-03-19 10:00,8.5,51
143,措备,2026-03-19 11:00,10.1,44
143,措备,2026-03-19 12:00,11.9,38
143,措备,2026-03-19 13:00,13.3,29
143,措备,2026-03-19 14:00,14.2,27
143,措备,2026-03-19 15:00,14.6,16
143,措备,2026-03-19 16:00,14.8,17
143,措备,2026-03-19 17:00,15.4,19
143,措备,2026-03-19 18:00,14.3,17
143,措备,2026-03-19 19:00,12,23
143,措备,2026-03-19 20:00,10.7,25
143,措备,2026-03-19 21:00,9.7,25
143,措备,2026-03-19 22:00,9.4,22
143,措备,2026-03-19 23:00,8.5,21
143,措备,2026-03-20 00:00,8.1,21
143,措备,2026-03-20 01:00,7.7,19
143,措备,2026-03-20 02:00,6.9,21
143,措备,2026-03-20 03:00,6.2,24
143,措备,2026-03-20 04:00,5.6,26
143,措备,2026-03-20 05:00,5.7,23
143,措备,2026-03-20 06:00,4.9,26
143,措备,2026-03-20 07:00,5,27
143,措备,2026-03-20 08:00,4.6,43
143,措备,2026-03-20 09:00,7.4,32
143,措备,2026-03-20 10:00,9.6,19
143,措备,2026-03-20 11:00,11.3,16
143,措备,2026-03-20 12:00,13.6,15
143,措备,2026-03-20 13:00,15.1,13
143,措备,2026-03-20 14:00,16.9,11
143,措备,2026-03-20 15:00,17.1,12
143,措备,2026-03-20 16:00,16.4,15
143,措备,2026-03-20 17:00,16.4,17
143,措备,2026-03-20 18:00,14.5,22
143,措备,2026-03-20 19:00,13.4,25
143,措备,2026-03-20 20:00,12.3,30
143,措备,2026-03-20 21:00,10.1,37
143,措备,2026-03-20 22:00,9,42
143,措备,2026-03-20 23:00,7.6,50
143,措备,2026-03-21 00:00,7.3,47
143,措备,2026-03-21 01:00,6.2,61
143,措备,2026-03-21 02:00,5.1,63
143,措备,2026-03-21 03:00,4.4,68
143,措备,2026-03-21 04:00,3.8,69
143,措备,2026-03-21 05:00,3.1,73
143,措备,2026-03-21 06:00,2.6,77
143,措备,2026-03-21 07:00,2.3,82
143,措备,2026-03-21 08:00,4.7,73
143,措备,2026-03-21 09:00,7.2,63
143,措备,2026-03-21 10:00,10.2,51
143,措备,2026-03-21 11:00,12.4,47
143,措备,2026-03-21 12:00,14,34
143,措备,2026-03-21 13:00,16.2,26
143,措备,2026-03-21 14:00,17.3,14
143,措备,2026-03-21 15:00,18.2,12
143,措备,2026-03-21 16:00,18,17
143,措备,2026-03-21 17:00,18.7,17
143,措备,2026-03-21 18:00,17.9,18
143,措备,2026-03-21 19:00,15.6,22
143,措备,2026-03-21 20:00,13,31
143,措备,2026-03-21 21:00,11.8,39
143,措备,2026-03-21 22:00,10.5,43
143,措备,2026-03-21 23:00,9.3,44
143,措备,2026-03-22 00:00,8,51
143,措备,2026-03-22 01:00,7.5,55
143,措备,2026-03-22 02:00,7.2,54
143,措备,2026-03-22 03:00,6.6,59
143,措备,2026-03-22 04:00,6.8,62
143,措备,2026-03-22 05:00,6.6,65
143,措备,2026-03-22 06:00,6.1,72
143,措备,2026-03-22 07:00,6.6,69
143,措备,2026-03-22 08:00,7.1,68
143,措备,2026-03-22 09:00,8.6,64
143,措备,2026-03-22 10:00,9.4,61
143,措备,2026-03-22 11:00,10.7,57
143,措备,2026-03-22 12:00,12.7,50
143,措备,2026-03-22 13:00,15.1,38
143,措备,2026-03-22 14:00,17.2,25
143,措备,2026-03-22 15:00,17.6,19
143,措备,2026-03-22 16:00,18,15
143,措备,2026-03-22 17:00,19.2,17
143,措备,2026-03-22 18:00,18.3,18
143,措备,2026-03-22 19:00,15.6,22
143,措备,2026-03-22 20:00,12.9,32
143,措备,2026-03-22 21:00,11.4,38
143,措备,2026-03-22 22:00,10.2,45
143,措备,2026-03-22 23:00,9.2,48
143,措备,2026-03-23 00:00,7.9,52
143,措备,2026-03-23 01:00,7.2,53
143,措备,2026-03-23 02:00,6.8,56
143,措备,2026-03-23 03:00,5.6,59
143,措备,2026-03-23 04:00,5.6,58
143,措备,2026-03-23 05:00,4.8,63
143,措备,2026-03-23 06:00,4,68
143,措备,2026-03-23 07:00,4.3,66
143,措备,2026-03-23 08:00,6.9,56
143,措备,2026-03-23 09:00,10.5,43
143,措备,2026-03-23 10:00,13.5,24
143,措备,2026-03-23 11:00,16.2,16
143,措备,2026-03-23 12:00,17.2,17
143,措备,2026-03-23 13:00,18.3,19
143,措备,2026-03-23 14:00,19,20
143,措备,2026-03-23 15:00,18.1,30
143,措备,2026-03-23 16:00,17.3,32
143,措备,2026-03-23 17:00,15.3,38
143,措备,2026-03-23 18:00,13.7,44
143,措备,2026-03-23 19:00,11.8,56
143,措备,2026-03-23 20:00,10.9,59
143,措备,2026-03-23 21:00,10.4,59
143,措备,2026-03-23 22:00,10,60
143,措备,2026-03-23 23:00,9.4,62
143,措备,2026-03-24 00:00,9,63
143,措备,2026-03-24 01:00,8.3,66
143,措备,2026-03-24 02:00,7.5,69
143,措备,2026-03-24 03:00,6.5,73
143,措备,2026-03-24 04:00,5.6,80
143,措备,2026-03-24 05:00,4.8,82
143,措备,2026-03-24 06:00,4.2,86
143,措备,2026-03-24 07:00,4.1,85
143,措备,2026-03-24 08:00,5.6,80
143,措备,2026-03-24 09:00,7.7,70
143,措备,2026-03-24 10:00,9.8,63
143,措备,2026-03-24 11:00,13.1,50
143,措备,2026-03-24 12:00,14.7,41
143,措备,2026-03-24 13:00,16.1,37
143,措备,2026-03-24 14:00,17.5,33
143,措备,2026-03-24 15:00,18.2,31
143,措备,2026-03-24 16:00,17.9,31
143,措备,2026-03-24 17:00,17.9,33
143,措备,2026-03-24 18:00,16.1,42
143,措备,2026-03-24 19:00,15.1,45
143,措备,2026-03-24 20:00,14,50
143,措备,2026-03-24 21:00,12.7,55
143,措备,2026-03-24 22:00,12,57
143,措备,2026-03-24 23:00,11.5,57
143,措备,2026-03-25 00:00,11.1,58
143,措备,2026-03-25 01:00,10.8,59
143,措备,2026-03-25 02:00,10.7,60
143,措备,2026-03-25 03:00,10.5,61
143,措备,2026-03-25 04:00,10.4,62
143,措备,2026-03-25 05:00,10.1,64
143,措备,2026-03-25 06:00,9.9,66
143,措备,2026-03-25 07:00,9.9,67
143,措备,2026-03-25 08:00,10.5,66
143,措备,2026-03-25 09:00,11,64
143,措备,2026-03-25 10:00,12,58
143,措备,2026-03-25 11:00,13.3,52
143,措备,2026-03-25 12:00,14.2,47
143,措备,2026-03-25 13:00,15,44
143,措备,2026-03-25 14:00,16,43
143,措备,2026-03-25 15:00,16.7,41
143,措备,2026-03-25 16:00,17.5,38
143,措备,2026-03-25 17:00,17.9,37
143,措备,2026-03-25 18:00,16.5,40
143,措备,2026-03-25 19:00,15,43
143,措备,2026-03-25 20:00,13.6,54
143,措备,2026-03-25 21:00,12.4,61
143,措备,2026-03-25 22:00,11.6,68
143,措备,2026-03-25 23:00,10.7,73
143,措备,2026-03-26 00:00,9.5,76
143,措备,2026-03-26 01:00,8.5,79
143,措备,2026-03-26 02:00,7.5,81
143,措备,2026-03-26 03:00,6.6,87
143,措备,2026-03-26 04:00,6,91
143,措备,2026-03-26 05:00,5.6,92
143,措备,2026-03-26 06:00,5.2,91
143,措备,2026-03-26 07:00,5.3,91
143,措备,2026-03-26 08:00,7.3,82
143,措备,2026-03-26 09:00,10.1,69
143,措备,2026-03-26 10:00,13.8,49
143,措备,2026-03-26 11:00,17.3,31
143,措备,2026-03-26 12:00,19.1,28
143,措备,2026-03-26 13:00,21.2,20
143,措备,2026-03-26 14:00,21.4,20
143,措备,2026-03-26 15:00,22.7,19
143,措备,2026-03-26 16:00,23.1,19
143,措备,2026-03-26 17:00,22.9,19
143,措备,2026-03-26 18:00,21.6,18
143,措备,2026-03-26 19:00,20.4,18
143,措备,2026-03-26 20:00,18.4,25
143,措备,2026-03-26 21:00,15.4,45
143,措备,2026-03-26 22:00,14.2,49
143,措备,2026-03-26 23:00,13.3,52
143,措备,2026-03-27 00:00,11.5,52
143,措备,2026-03-27 01:00,10.5,63
143,措备,2026-03-27 02:00,9.1,65
143,措备,2026-03-27 03:00,8.6,66
143,措备,2026-03-27 04:00,7.7,75
143,措备,2026-03-27 05:00,7,77
143,措备,2026-03-27 06:00,6.5,79
143,措备,2026-03-27 07:00,6.9,79
143,措备,2026-03-27 08:00,9,65
143,措备,2026-03-27 09:00,11.7,55
143,措备,2026-03-27 10:00,16,41
143,措备,2026-03-27 11:00,19,35
143,措备,2026-03-27 12:00,20.7,26
143,措备,2026-03-27 13:00,21.8,22
143,措备,2026-03-27 14:00,22.8,23
143,措备,2026-03-27 15:00,23.8,23
143,措备,2026-03-27 16:00,24.1,22
143,措备,2026-03-27 17:00,23.7,20
143,措备,2026-03-27 18:00,22.2,22
143,措备,2026-03-27 19:00,20.7,24
143,措备,2026-03-27 20:00,19.5,27
143,措备,2026-03-27 21:00,19.2,26
143,措备,2026-03-27 22:00,18.1,29
143,措备,2026-03-27 23:00,16.4,35
143,措备,2026-03-28 00:00,15,39
143,措备,2026-03-28 01:00,14.3,43
143,措备,2026-03-28 02:00,14.9,43
143,措备,2026-03-28 03:00,14.3,43
143,措备,2026-03-28 04:00,13.4,43
143,措备,2026-03-28 05:00,13.1,45
143,措备,2026-03-28 06:00,12.5,49
143,措备,2026-03-28 07:00,12.5,52
143,措备,2026-03-28 08:00,13.2,49
143,措备,2026-03-28 09:00,14.5,43
143,措备,2026-03-28 10:00,16.2,36
143,措备,2026-03-28 11:00,17.5,33
143,措备,2026-03-28 12:00,19.6,28
143,措备,2026-03-28 13:00,21,22
143,措备,2026-03-28 14:00,22.2,18
143,措备,2026-03-28 15:00,22.9,13
143,措备,2026-03-28 16:00,22.8,15
143,措备,2026-03-28 17:00,22.8,15
143,措备,2026-03-28 18:00,17.3,45
143,措备,2026-03-28 19:00,14.9,57
143,措备,2026-03-28 20:00,13,65
143,措备,2026-03-28 21:00,12,70
143,措备,2026-03-28 22:00,11.3,73
143,措备,2026-03-28 23:00,10.8,75
143,措备,2026-03-29 00:00,10.5,77
143,措备,2026-03-29 01:00,10,78
143,措备,2026-03-29 02:00,9.5,82
143,措备,2026-03-29 03:00,8.5,85
143,措备,2026-03-29 04:00,8.2,87
143,措备,2026-03-29 05:00,7.7,87
143,措备,2026-03-29 06:00,7.5,86
143,措备,2026-03-29 07:00,7.2,88
143,措备,2026-03-29 08:00,8.6,84
143,措备,2026-03-29 09:00,11.1,74
143,措备,2026-03-29 10:00,14,62
143,措备,2026-03-29 11:00,15.7,55
143,措备,2026-03-29 12:00,17.2,49
143,措备,2026-03-29 13:00,18.7,46
143,措备,2026-03-29 14:00,20.4,40
143,措备,2026-03-29 15:00,20.8,39
143,措备,2026-03-29 16:00,22.6,26
143,措备,2026-03-29 17:00,22,24
143,措备,2026-03-29 18:00,20.9,25
143,措备,2026-03-29 19:00,19.1,27
143,措备,2026-03-29 20:00,18.1,32
143,措备,2026-03-29 21:00,16.8,38
143,措备,2026-03-29 22:00,15.3,41
143,措备,2026-03-29 23:00,13.9,47
143,措备,2026-03-30 00:00,12.9,48
143,措备,2026-03-30 01:00,11.5,53
143,措备,2026-03-30 02:00,11,60
143,措备,2026-03-30 03:00,10,64
143,措备,2026-03-30 04:00,9.4,69
143,措备,2026-03-30 05:00,9.8,64
143,措备,2026-03-30 06:00,9.4,72
143,措备,2026-03-30 07:00,9.7,73
143,措备,2026-03-30 08:00,10.2,70
143,措备,2026-03-30 09:00,11.3,67
143,措备,2026-03-30 10:00,13.4,61
143,措备,2026-03-30 11:00,16.2,50
143,措备,2026-03-30 12:00,18.3,41
143,措备,2026-03-30 13:00,19.1,37
143,措备,2026-03-30 14:00,18.9,36
143,措备,2026-03-30 15:00,18.1,48
143,措备,2026-03-30 16:00,16.2,55
143,措备,2026-03-30 17:00,15.2,68
143,措备,2026-03-30 18:00,14.3,79
143,措备,2026-03-30 19:00,13.2,88
143,措备,2026-03-30 20:00,12.6,87
143,措备,2026-03-30 21:00,11.9,91
143,措备,2026-03-30 22:00,11.4,87
143,措备,2026-03-30 23:00,10.6,89
143,措备,2026-03-31 00:00,10.6,91
143,措备,2026-03-31 01:00,10.6,95
143,措备,2026-03-31 02:00,11.2,92
143,措备,2026-03-31 03:00,11.1,94
143,措备,2026-03-31 04:00,11,95
143,措备,2026-03-31 05:00,10.9,95
143,措备,2026-03-31 06:00,10.8,93
143,措备,2026-03-31 07:00,11.2,91
143,措备,2026-03-31 08:00,11.8,86
143,措备,2026-03-31 09:00,12.8,82
143,措备,2026-03-31 10:00,14.7,62
143,措备,2026-03-31 11:00,15.2,61
143,措备,2026-03-31 12:00,15.1,57
143,措备,2026-03-31 13:00,15.5,57
143,措备,2026-03-31 14:00,15.4,59
143,措备,2026-03-31 15:00,15.3,60
143,措备,2026-03-31 16:00,15.2,62
143,措备,2026-03-31 17:00,14.6,65
143,措备,2026-03-31 18:00,14.1,64
143,措备,2026-03-31 19:00,13.4,67
143,措备,2026-03-31 20:00,12.7,70
143,措备,2026-03-31 21:00,12.6,68
143,措备,2026-03-31 22:00,12.2,69
143,措备,2026-03-31 23:00,11.8,72
143,措备,2026-04-01 00:00,11.4,75
143,措备,2026-04-01 01:00,11,77
143,措备,2026-04-01 02:00,10.8,79
143,措备,2026-04-01 03:00,10.5,80
143,措备,2026-04-01 04:00,10.2,82
143,措备,2026-04-01 05:00,10.1,84
143,措备,2026-04-01 06:00,10.2,84
143,措备,2026-04-01 07:00,10.2,84
143,措备,2026-04-01 08:00,10.8,83
143,措备,2026-04-01 09:00,11.8,78
143,措备,2026-04-01 10:00,14.8,69
143,措备,2026-04-01 11:00,14.2,66
143,措备,2026-04-01 12:00,16,57
143,措备,2026-04-01 13:00,16.7,54
143,措备,2026-04-01 14:00,16.2,55
143,措备,2026-04-01 15:00,15.8,59
143,措备,2026-04-01 16:00,15.7,60
143,措备,2026-04-01 17:00,15.8,60
143,措备,2026-04-01 18:00,15.2,61
143,措备,2026-04-01 19:00,15,63
143,措备,2026-04-01 20:00,14.8,64
143,措备,2026-04-01 21:00,13.3,82
143,措备,2026-04-01 22:00,12.6,77
143,措备,2026-04-01 23:00,12.6,74
143,措备,2026-04-02 00:00,11.9,82
143,措备,2026-04-02 01:00,11.7,87
143,措备,2026-04-02 02:00,11.9,68
143,措备,2026-04-02 03:00,11.4,54
143,措备,2026-04-02 04:00,10.6,50
143,措备,2026-04-02 05:00,9.3,60
143,措备,2026-04-02 06:00,8.3,69
143,措备,2026-04-02 07:00,8.7,65
143,措备,2026-04-02 08:00,9.7,70
143,措备,2026-04-02 09:00,12.6,35
143,措备,2026-04-02 10:00,14.3,31
143,措备,2026-04-02 11:00,15.8,29
143,措备,2026-04-02 12:00,17.1,28
143,措备,2026-04-02 13:00,18.5,25
143,措备,2026-04-02 14:00,19.4,23
143,措备,2026-04-02 15:00,19.8,18
143,措备,2026-04-02 16:00,20.3,18
143,措备,2026-04-02 17:00,20.2,18
143,措备,2026-04-02 18:00,19.3,19
143,措备,2026-04-02 19:00,17.5,24
143,措备,2026-04-02 20:00,16.6,29
143,措备,2026-04-02 21:00,15.1,34
143,措备,2026-04-02 22:00,15.4,32
143,措备,2026-04-02 23:00,12,47
143,措备,2026-04-03 00:00,11.3,49
143,措备,2026-04-03 01:00,10.5,57
143,措备,2026-04-03 02:00,9.1,59
143,措备,2026-04-03 03:00,8.1,65
143,措备,2026-04-03 04:00,7.5,63
143,措备,2026-04-03 05:00,7.8,64
143,措备,2026-04-03 06:00,7,69
143,措备,2026-04-03 07:00,7.7,69
143,措备,2026-04-03 08:00,9.7,60
143,措备,2026-04-03 09:00,12.1,49
143,措备,2026-04-03 10:00,15.9,39
143,措备,2026-04-03 11:00,17.6,34
143,措备,2026-04-03 12:00,19.7,32
143,措备,2026-04-03 13:00,21.1,29
143,措备,2026-04-03 14:00,22.1,27
143,措备,2026-04-03 15:00,22.9,23
143,措备,2026-04-03 16:00,22.9,21
143,措备,2026-04-03 17:00,22,21
143,措备,2026-04-03 18:00,20.4,24
143,措备,2026-04-03 19:00,18.8,25
143,措备,2026-04-03 20:00,17.8,31
143,措备,2026-04-03 21:00,17,36
143,措备,2026-04-03 22:00,16.8,40
143,措备,2026-04-03 23:00,16.5,41
143,措备,2026-04-04 00:00,13,75
143,措备,2026-04-04 01:00,12,89
143,措备,2026-04-04 02:00,11.7,91
143,措备,2026-04-04 03:00,11.2,95
143,措备,2026-04-04 04:00,10.8,95
143,措备,2026-04-04 05:00,10.8,95
143,措备,2026-04-04 06:00,10.9,96
143,措备,2026-04-04 07:00,12,94
143,措备,2026-04-04 08:00,12.7,91
143,措备,2026-04-04 09:00,12.6,94
143,措备,2026-04-04 10:00,12.5,95
143,措备,2026-04-04 11:00,12.3,95
143,措备,2026-04-04 12:00,13.4,94
143,措备,2026-04-04 13:00,15.6,86
143,措备,2026-04-04 14:00,17.5,71
143,措备,2026-04-04 15:00,18,64
143,措备,2026-04-04 16:00,18.1,64
143,措备,2026-04-04 17:00,17.8,62
143,措备,2026-04-04 18:00,17.8,59
143,措备,2026-04-04 19:00,17.1,59
143,措备,2026-04-04 20:00,16.5,62
143,措备,2026-04-04 21:00,15.4,66
143,措备,2026-04-04 22:00,13.4,81
143,措备,2026-04-04 23:00,12.8,86
143,措备,2026-04-05 00:00,12.3,85
143,措备,2026-04-05 01:00,11.7,85
143,措备,2026-04-05 02:00,11.9,79
143,措备,2026-04-05 03:00,11.3,70
143,措备,2026-04-05 04:00,10.3,70
143,措备,2026-04-05 05:00,9.6,69
143,措备,2026-04-05 06:00,8.7,68
143,措备,2026-04-05 07:00,8.7,65
143,措备,2026-04-05 08:00,9.6,61
143,措备,2026-04-05 09:00,11.1,55
143,措备,2026-04-05 10:00,12.7,50
143,措备,2026-04-05 11:00,14.5,40
143,措备,2026-04-05 12:00,16.4,33
143,措备,2026-04-05 13:00,17.5,31
143,措备,2026-04-05 14:00,20.1,24
143,措备,2026-04-05 15:00,20.1,22
143,措备,2026-04-05 16:00,19.7,25
143,措备,2026-04-05 17:00,20.3,27
143,措备,2026-04-05 18:00,20.1,29
143,措备,2026-04-05 19:00,18.2,34
143,措备,2026-04-05 20:00,15.6,46
143,措备,2026-04-05 21:00,14.1,55
143,措备,2026-04-05 22:00,12.6,60
143,措备,2026-04-05 23:00,11.6,65
143,措备,2026-04-06 00:00,11.4,67
143,措备,2026-04-06 01:00,10.9,69
143,措备,2026-04-06 02:00,10.2,77
143,措备,2026-04-06 03:00,9.8,77
143,措备,2026-04-06 04:00,9.8,75
143,措备,2026-04-06 05:00,9.7,74
143,措备,2026-04-06 06:00,9.8,75
143,措备,2026-04-06 07:00,10.2,74
143,措备,2026-04-06 08:00,11.6,74
143,措备,2026-04-06 09:00,10.7,88
143,措备,2026-04-06 10:00,11.3,90
143,措备,2026-04-06 11:00,12.6,83
143,措备,2026-04-06 12:00,12.6,90
143,措备,2026-04-06 13:00,12.9,85
143,措备,2026-04-06 14:00,12.7,93
143,措备,2026-04-06 15:00,13.4,88
143,措备,2026-04-06 16:00,12.6,90
143,措备,2026-04-06 17:00,12.4,84
143,措备,2026-04-06 18:00,12.6,74
143,措备,2026-04-06 19:00,12.7,72
143,措备,2026-04-06 20:00,12.8,70
143,措备,2026-04-06 21:00,12.2,72
143,措备,2026-04-06 22:00,11.7,70
143,措备,2026-04-06 23:00,11.3,44
143,措备,2026-04-07 00:00,10.9,36
143,措备,2026-04-07 01:00,10.1,31
143,措备,2026-04-07 02:00,9.2,36
143,措备,2026-04-07 03:00,8.3,35
143,措备,2026-04-07 04:00,7.6,31
143,措备,2026-04-07 05:00,7.3,30
143,措备,2026-04-07 06:00,6.3,33
143,措备,2026-04-07 07:00,7,31
143,措备,2026-04-07 08:00,8,28
143,措备,2026-04-07 09:00,9.1,25
143,措备,2026-04-07 10:00,10.1,19
143,措备,2026-04-07 11:00,10.9,18
143,措备,2026-04-07 12:00,12.4,18
143,措备,2026-04-07 13:00,12.9,17
143,措备,2026-04-07 14:00,13.8,16
143,措备,2026-04-07 15:00,15.1,19
143,措备,2026-04-07 16:00,14.9,19
143,措备,2026-04-07 17:00,14.7,19
143,措备,2026-04-07 18:00,14.2,16
143,措备,2026-04-07 19:00,12.4,17
143,措备,2026-04-07 20:00,11.4,19
143,措备,2026-04-07 21:00,9.4,35
143,措备,2026-04-07 22:00,9.7,28
143,措备,2026-04-07 23:00,9.4,28
143,措备,2026-04-08 00:00,8.6,32
143,措备,2026-04-08 01:00,8.1,34
143,措备,2026-04-08 02:00,7.7,36
143,措备,2026-04-08 03:00,5,54
143,措备,2026-04-08 04:00,3.7,59
143,措备,2026-04-08 05:00,2.9,66
143,措备,2026-04-08 06:00,2.3,72
143,措备,2026-04-08 07:00,3.6,68
143,措备,2026-04-08 08:00,6.9,51
143,措备,2026-04-08 09:00,8.2,46
143,措备,2026-04-08 10:00,10.6,36
143,措备,2026-04-08 11:00,12.7,24
143,措备,2026-04-08 12:00,15,22
143,措备,2026-04-08 13:00,17.2,21
143,措备,2026-04-08 14:00,18.3,18
143,措备,2026-04-08 15:00,20.1,15
143,措备,2026-04-08 16:00,20.3,15
143,措备,2026-04-08 17:00,20.7,17
143,措备,2026-04-08 18:00,20,19
143,措备,2026-04-08 19:00,17.4,24
143,措备,2026-04-08 20:00,15.7,35
143,措备,2026-04-08 21:00,14.2,38
143,措备,2026-04-08 22:00,12.5,51
143,措备,2026-04-08 23:00,11.4,50
143,措备,2026-04-09 00:00,11.1,52
143,措备,2026-04-09 01:00,10.7,52
143,措备,2026-04-09 02:00,9.9,54
143,措备,2026-04-09 03:00,9.5,54
143,措备,2026-04-09 04:00,9.6,56
143,措备,2026-04-09 05:00,9.6,56
143,措备,2026-04-09 06:00,9.6,59
143,措备,2026-04-09 07:00,9.8,57
143,措备,2026-04-09 08:00,10.9,57
143,措备,2026-04-09 09:00,11.4,56
143,措备,2026-04-09 10:00,12.5,54
143,措备,2026-04-09 11:00,12.8,65
143,措备,2026-04-09 12:00,11.7,88
143,措备,2026-04-09 13:00,12.5,90
143,措备,2026-04-09 14:00,13.7,90
143,措备,2026-04-09 15:00,14.2,87
143,措备,2026-04-09 16:00,14.5,88
143,措备,2026-04-09 17:00,14.8,88
143,措备,2026-04-09 18:00,15.3,84
143,措备,2026-04-09 19:00,14.4,90
143,措备,2026-04-09 20:00,14.3,91
143,措备,2026-04-09 21:00,14.6,91
143,措备,2026-04-09 22:00,14.7,93
143,措备,2026-04-09 23:00,14.6,93
143,措备,2026-04-10 00:00,14.6,95
143,措备,2026-04-10 01:00,14.7,95
143,措备,2026-04-10 02:00,14.8,96
143,措备,2026-04-10 03:00,14.8,97
143,措备,2026-04-10 04:00,15,97
143,措备,2026-04-10 05:00,15.3,97
143,措备,2026-04-10 06:00,15.5,97
143,措备,2026-04-10 07:00,16.3,96
143,措备,2026-04-10 08:00,17.6,84
143,措备,2026-04-10 09:00,18.9,71
143,措备,2026-04-10 10:00,17.7,76
143,措备,2026-04-10 11:00,18.1,71
143,措备,2026-04-10 12:00,18.5,63
143,措备,2026-04-10 13:00,20.1,53
143,措备,2026-04-10 14:00,20.5,52
143,措备,2026-04-10 15:00,20.2,48
143,措备,2026-04-10 16:00,19.2,51
143,措备,2026-04-10 17:00,19.3,49
143,措备,2026-04-10 18:00,16.6,55
143,措备,2026-04-10 19:00,14.9,59
143,措备,2026-04-10 20:00,14.4,61
143,措备,2026-04-10 21:00,14,62
143,措备,2026-04-10 22:00,13.7,61
143,措备,2026-04-10 23:00,13.1,61
143,措备,2026-04-11 00:00,12.6,64
143,措备,2026-04-11 01:00,12.1,64
143,措备,2026-04-11 02:00,11.3,67
143,措备,2026-04-11 03:00,10.9,69
143,措备,2026-04-11 04:00,10.6,70
143,措备,2026-04-11 05:00,10,72
143,措备,2026-04-11 06:00,9.9,72
143,措备,2026-04-11 07:00,10.3,75
143,措备,2026-04-11 08:00,11.8,67
143,措备,2026-04-11 09:00,13.5,60
143,措备,2026-04-11 10:00,15.1,52
143,措备,2026-04-11 11:00,17.6,43
143,措备,2026-04-11 12:00,19.8,36
143,措备,2026-04-11 13:00,21.1,36
143,措备,2026-04-11 14:00,23.1,33
143,措备,2026-04-11 15:00,24.5,27
143,措备,2026-04-11 16:00,24.3,26
143,措备,2026-04-11 17:00,22.9,26
143,措备,2026-04-11 18:00,21.9,27
143,措备,2026-04-11 19:00,20.2,29
143,措备,2026-04-11 20:00,19.4,34
143,措备,2026-04-11 21:00,18.5,36
143,措备,2026-04-11 22:00,17.3,43
143,措备,2026-04-11 23:00,16.6,42
143,措备,2026-04-12 00:00,15.4,48
143,措备,2026-04-12 01:00,14.4,50
143,措备,2026-04-12 02:00,13.7,51
143,措备,2026-04-12 03:00,12.2,61
143,措备,2026-04-12 04:00,11.1,66
143,措备,2026-04-12 05:00,10.3,70
143,措备,2026-04-12 06:00,9.2,69
143,措备,2026-04-12 07:00,10.7,63
143,措备,2026-04-12 08:00,12.8,56
143,措备,2026-04-12 09:00,15.6,43
143,措备,2026-04-12 10:00,17.6,30
143,措备,2026-04-12 11:00,19.7,21
143,措备,2026-04-12 12:00,19.9,22
143,措备,2026-04-12 13:00,21.4,20
143,措备,2026-04-12 14:00,22,19
143,措备,2026-04-12 15:00,22.7,19
143,措备,2026-04-12 16:00,22.5,20
143,措备,2026-04-12 17:00,22.5,21
143,措备,2026-04-12 18:00,22.2,23
143,措备,2026-04-12 19:00,21.1,27
143,措备,2026-04-12 20:00,19.4,33
143,措备,2026-04-12 21:00,17.7,40
143,措备,2026-04-12 22:00,16.5,46
143,措备,2026-04-12 23:00,16.2,45
143,措备,2026-04-13 00:00,15.8,44
143,措备,2026-04-13 01:00,15.4,47
143,措备,2026-04-13 02:00,14.8,49
143,措备,2026-04-13 03:00,13.6,57
143,措备,2026-04-13 04:00,12.7,60
143,措备,2026-04-13 05:00,12.1,64
143,措备,2026-04-13 06:00,11.7,66
143,措备,2026-04-13 07:00,11.1,68
143,措备,2026-04-13 08:00,14.7,56
143,措备,2026-04-13 09:00,17.5,46
143,措备,2026-04-13 10:00,19.7,38
143,措备,2026-04-13 11:00,21.9,27
143,措备,2026-04-13 12:00,23.6,26
143,措备,2026-04-13 13:00,23.9,23
143,措备,2026-04-13 14:00,23.9,24
143,措备,2026-04-13 15:00,23.9,22
143,措备,2026-04-13 16:00,22.9,25
143,措备,2026-04-13 17:00,22,26
143,措备,2026-04-13 18:00,21,29
143,措备,2026-04-13 19:00,18.7,40
143,措备,2026-04-13 20:00,16.5,51
143,措备,2026-04-13 21:00,15.5,54
143,措备,2026-04-13 22:00,14.9,59
143,措备,2026-04-13 23:00,14.4,63
143,措备,2026-04-14 00:00,13.9,63
143,措备,2026-04-14 01:00,13.5,65
143,措备,2026-04-14 02:00,13.4,66
143,措备,2026-04-14 03:00,13.2,67
143,措备,2026-04-14 04:00,13,69
143,措备,2026-04-14 05:00,12.9,68
143,措备,2026-04-14 06:00,12.7,69
143,措备,2026-04-14 07:00,13,70
143,措备,2026-04-14 08:00,13.3,71
143,措备,2026-04-14 09:00,14.7,67
143,措备,2026-04-14 10:00,15.9,62
143,措备,2026-04-14 11:00,16.7,59
143,措备,2026-04-14 12:00,16.2,62
143,措备,2026-04-14 13:00,16.4,62
143,措备,2026-04-14 14:00,16.8,56
143,措备,2026-04-14 15:00,17.4,51
143,措备,2026-04-14 16:00,16.9,46
143,措备,2026-04-14 17:00,16.5,52
143,措备,2026-04-14 18:00,16,55
143,措备,2026-04-14 19:00,15.2,53
143,措备,2026-04-14 20:00,14.7,60
143,措备,2026-04-14 21:00,14.1,66
143,措备,2026-04-14 22:00,13.9,68
143,措备,2026-04-14 23:00,13.7,67
143,措备,2026-04-15 00:00,13.1,71
143,措备,2026-04-15 01:00,12.4,75
143,措备,2026-04-15 02:00,11.8,78
143,措备,2026-04-15 03:00,10.8,79
143,措备,2026-04-15 04:00,10.4,82
143,措备,2026-04-15 05:00,9.8,85
143,措备,2026-04-15 06:00,9.5,85
143,措备,2026-04-15 07:00,10,86
143,措备,2026-04-15 08:00,11.4,78
143,措备,2026-04-15 09:00,14.8,63
143,措备,2026-04-15 10:00,16.2,53
143,措备,2026-04-15 11:00,17.8,47
143,措备,2026-04-15 12:00,19.9,39
143,措备,2026-04-15 13:00,22.6,32
143,措备,2026-04-15 14:00,25.3,26
143,措备,2026-04-15 15:00,26.5,21
143,措备,2026-04-15 16:00,26.4,20
143,措备,2026-04-15 17:00,26.7,19
143,措备,2026-04-15 18:00,21.6,34
143,措备,2026-04-15 19:00,18.1,33
143,措备,2026-04-15 20:00,16.3,44
143,措备,2026-04-15 21:00,15.2,62
143,措备,2026-04-15 22:00,14.3,67
143,措备,2026-04-15 23:00,13.9,64
143,措备,2026-04-16 00:00,13.3,66
143,措备,2026-04-16 01:00,12.7,69
143,措备,2026-04-16 02:00,12.1,71
143,措备,2026-04-16 03:00,11,78
143,措备,2026-04-16 04:00,10.3,80
143,措备,2026-04-16 05:00,10,78
143,措备,2026-04-16 06:00,9.3,83
143,措备,2026-04-16 07:00,11,69
143,措备,2026-04-16 08:00,12.9,60
143,措备,2026-04-16 09:00,14.4,57
143,措备,2026-04-16 10:00,15.8,53
143,措备,2026-04-16 11:00,17.3,44
143,措备,2026-04-16 12:00,18.3,35
143,措备,2026-04-16 13:00,19.5,30
143,措备,2026-04-16 14:00,19.9,28
143,措备,2026-04-16 15:00,19.7,31
143,措备,2026-04-16 16:00,19.6,27
143,措备,2026-04-16 17:00,18.9,27
143,措备,2026-04-16 18:00,17.7,31
143,措备,2026-04-16 19:00,15.8,34
143,措备,2026-04-16 20:00,14,40
143,措备,2026-04-16 21:00,12.8,50
143,措备,2026-04-16 22:00,12,67
143,措备,2026-04-16 23:00,11.8,71
143,措备,2026-04-17 00:00,11.6,74
143,措备,2026-04-17 01:00,11,77
143,措备,2026-04-17 02:00,10.8,79
143,措备,2026-04-17 03:00,11.1,78
143,措备,2026-04-17 04:00,11,80
143,措备,2026-04-17 05:00,11,80
143,措备,2026-04-17 06:00,10.9,81
143,措备,2026-04-17 07:00,10.9,82
143,措备,2026-04-17 08:00,11.2,79
143,措备,2026-04-17 09:00,12.2,76
143,措备,2026-04-17 10:00,12.8,71
143,措备,2026-04-17 11:00,14.2,68
143,措备,2026-04-17 12:00,13.8,70
143,措备,2026-04-17 13:00,13.5,68
143,措备,2026-04-17 14:00,13.8,65
143,措备,2026-04-17 15:00,13.7,67
143,措备,2026-04-17 16:00,14,76
143,措备,2026-04-17 17:00,14.1,77
143,措备,2026-04-17 18:00,13,87
143,措备,2026-04-17 19:00,12.5,90
143,措备,2026-04-17 20:00,12.6,92
143,措备,2026-04-17 21:00,12.4,95
143,措备,2026-04-17 22:00,12.6,96
143,措备,2026-04-17 23:00,12.7,96
143,措备,2026-04-18 00:00,12.8,96
143,措备,2026-04-18 01:00,12.8,96
143,措备,2026-04-18 02:00,12.9,96
143,措备,2026-04-18 03:00,12.9,96
143,措备,2026-04-18 04:00,12.9,96
143,措备,2026-04-18 05:00,12.8,95
143,措备,2026-04-18 06:00,12.9,95
143,措备,2026-04-18 07:00,12.9,95
143,措备,2026-04-18 08:00,13.2,93
143,措备,2026-04-18 09:00,13.7,91
143,措备,2026-04-18 10:00,14.8,88
143,措备,2026-04-18 11:00,16.6,82
143,措备,2026-04-18 12:00,19.4,71
143,措备,2026-04-18 13:00,20.4,65
143,措备,2026-04-18 14:00,21.4,62
143,措备,2026-04-18 15:00,23.2,59
143,措备,2026-04-18 16:00,23.3,54
143,措备,2026-04-18 17:00,22.7,54
143,措备,2026-04-18 18:00,22.2,56
143,措备,2026-04-18 19:00,20.8,61
143,措备,2026-04-18 20:00,19.4,71
143,措备,2026-04-18 21:00,18,81
143,措备,2026-04-18 22:00,17.2,82
143,措备,2026-04-18 23:00,16.9,84
143,措备,2026-04-19 00:00,16,89
143,措备,2026-04-19 01:00,15.3,91
143,措备,2026-04-19 02:00,15,91
143,措备,2026-04-19 03:00,14.7,93
143,措备,2026-04-19 04:00,14.2,94
143,措备,2026-04-19 05:00,13.7,93
143,措备,2026-04-19 06:00,13.6,92
143,措备,2026-04-19 07:00,14.1,88
143,措备,2026-04-19 08:00,15.2,82
143,措备,2026-04-19 09:00,18,70
143,措备,2026-04-19 10:00,20.2,62
143,措备,2026-04-19 11:00,22.3,56
143,措备,2026-04-19 12:00,24,50
143,措备,2026-04-19 13:00,24.2,45
143,措备,2026-04-19 14:00,25.7,42
143,措备,2026-04-19 15:00,25.4,45
143,措备,2026-04-19 16:00,24.7,50
143,措备,2026-04-19 17:00,24.2,49
143,措备,2026-04-19 18:00,23.4,52
143,措备,2026-04-19 19:00,22,56
143,措备,2026-04-19 20:00,20.3,62
143,措备,2026-04-19 21:00,19.4,65
143,措备,2026-04-19 22:00,18.5,69
143,措备,2026-04-19 23:00,17.5,73
143,措备,2026-04-20 00:00,16.3,80
143,措备,2026-04-20 01:00,15.7,84
143,措备,2026-04-20 02:00,15.5,84
143,措备,2026-04-20 03:00,14.5,90
143,措备,2026-04-20 04:00,13.7,91
143,措备,2026-04-20 05:00,13.2,92
143,措备,2026-04-20 06:00,13,94
143,措备,2026-04-20 07:00,14.5,88
143,措备,2026-04-20 08:00,17,76
143,措备,2026-04-20 09:00,19.5,68
143,措备,2026-04-20 10:00,22,52
143,措备,2026-04-20 11:00,23.1,47
143,措备,2026-04-20 12:00,24.2,45
143,措备,2026-04-20 13:00,24.3,43
143,措备,2026-04-20 14:00,20.7,55
143,措备,2026-04-20 15:00,20.3,58
143,措备,2026-04-20 16:00,21,54
143,措备,2026-04-20 17:00,21,54
143,措备,2026-04-20 18:00,20.3,56
143,措备,2026-04-20 19:00,19.2,54
143,措备,2026-04-20 20:00,17.6,60
143,措备,2026-04-20 21:00,15.7,59
143,措备,2026-04-20 22:00,13.5,45
143,措备,2026-04-20 23:00,11.5,54
143,措备,2026-04-21 00:00,10.3,53
143,措备,2026-04-21 01:00,9.9,48
143,措备,2026-04-21 02:00,9.5,42
143,措备,2026-04-21 03:00,9.1,38
143,措备,2026-04-21 04:00,8.6,38
143,措备,2026-04-21 05:00,8.1,43
143,措备,2026-04-21 06:00,7.5,48
143,措备,2026-04-21 07:00,8.4,50
143,措备,2026-04-21 08:00,10.7,43
143,措备,2026-04-21 09:00,13.1,22
143,措备,2026-04-21 10:00,15.6,20
143,措备,2026-04-21 11:00,17.7,21
143,措备,2026-04-21 12:00,19.4,18
143,措备,2026-04-21 13:00,21.1,18
143,措备,2026-04-21 14:00,22.2,17
143,措备,2026-04-21 15:00,22.8,13
143,措备,2026-04-21 16:00,23.6,14
143,措备,2026-04-21 17:00,23.8,14
143,措备,2026-04-21 18:00,23.4,14
143,措备,2026-04-21 19:00,21.4,21
143,措备,2026-04-21 20:00,19.1,25
143,措备,2026-04-21 21:00,17.6,31
143,措备,2026-04-21 22:00,16.6,34
143,措备,2026-04-21 23:00,16.2,34
143,措备,2026-04-22 00:00,15.8,38
143,措备,2026-04-22 01:00,15.1,39
143,措备,2026-04-22 02:00,14,43
143,措备,2026-04-22 03:00,13.4,50
143,措备,2026-04-22 04:00,13.2,53
143,措备,2026-04-22 05:00,12.8,53
143,措备,2026-04-22 06:00,12.7,53
143,措备,2026-04-22 07:00,13.2,51
143,措备,2026-04-22 08:00,13.8,51
143,措备,2026-04-22 09:00,14.7,46
143,措备,2026-04-22 10:00,15.6,40
143,措备,2026-04-22 11:00,16.3,36
143,措备,2026-04-22 12:00,17.6,30
143,措备,2026-04-22 13:00,19.4,28
143,措备,2026-04-22 14:00,20.1,25
143,措备,2026-04-22 15:00,20.3,24
143,措备,2026-04-22 16:00,18.8,27
143,措备,2026-04-22 17:00,18.5,32
143,措备,2026-04-22 18:00,18.3,35
143,措备,2026-04-22 19:00,16.5,42
143,措备,2026-04-22 20:00,15.3,47
143,措备,2026-04-22 21:00,14.5,52
143,措备,2026-04-22 22:00,13.7,55
143,措备,2026-04-22 23:00,12.8,58
143,措备,2026-04-23 00:00,12.4,61
143,措备,2026-04-23 01:00,11.8,64
143,措备,2026-04-23 02:00,11.1,70
143,措备,2026-04-23 03:00,11,69
143,措备,2026-04-23 04:00,11,74
143,措备,2026-04-23 05:00,10.4,76
143,措备,2026-04-23 06:00,10.2,78
143,措备,2026-04-23 07:00,10.5,77
143,措备,2026-04-23 08:00,12.7,69
143,措备,2026-04-23 09:00,15.5,56
143,措备,2026-04-23 10:00,17.4,51
143,措备,2026-04-23 11:00,19.7,38
143,措备,2026-04-23 12:00,20.1,31
143,措备,2026-04-23 13:00,20,32
143,措备,2026-04-23 14:00,19.9,37
143,措备,2026-04-23 15:00,19.3,41
143,措备,2026-04-23 16:00,19,41
143,措备,2026-04-23 17:00,18.3,41
143,措备,2026-04-23 18:00,16.2,45
143,措备,2026-04-23 19:00,14.9,49
143,措备,2026-04-23 20:00,13.7,50
143,措备,2026-04-23 21:00,13,50
143,措备,2026-04-23 22:00,12.1,53
143,措备,2026-04-23 23:00,12,51
143,措备,2026-04-24 00:00,11.4,52
143,措备,2026-04-24 01:00,10.6,55
143,措备,2026-04-24 02:00,9.2,60
143,措备,2026-04-24 03:00,8.4,65
143,措备,2026-04-24 04:00,7.5,73
143,措备,2026-04-24 05:00,6.8,79
143,措备,2026-04-24 06:00,6.7,77
143,措备,2026-04-24 07:00,8.5,67
143,措备,2026-04-24 08:00,11.1,50
143,措备,2026-04-24 09:00,13.8,42
143,措备,2026-04-24 10:00,15.7,35
143,措备,2026-04-24 11:00,17.2,32
143,措备,2026-04-24 12:00,18.9,28
143,措备,2026-04-24 13:00,19.8,23
143,措备,2026-04-24 14:00,20.4,21
143,措备,2026-04-24 15:00,20.6,17
143,措备,2026-04-24 16:00,20.3,19
143,措备,2026-04-24 17:00,20.1,22
143,措备,2026-04-24 18:00,18.8,29
143,措备,2026-04-24 19:00,17.1,30
143,措备,2026-04-24 20:00,15.4,38
143,措备,2026-04-24 21:00,14.1,44
143,措备,2026-04-24 22:00,13.2,44
143,措备,2026-04-24 23:00,12,57
143,措备,2026-04-25 00:00,11.7,64
143,措备,2026-04-25 01:00,10.8,64
143,措备,2026-04-25 02:00,9.6,73
143,措备,2026-04-25 03:00,8.2,78
143,措备,2026-04-25 04:00,7,81
143,措备,2026-04-25 05:00,6.4,83
143,措备,2026-04-25 06:00,6,87
143,措备,2026-04-25 07:00,7.8,77
143,措备,2026-04-25 08:00,9.9,68
143,措备,2026-04-25 09:00,13.1,59
143,措备,2026-04-25 10:00,16.5,40
143,措备,2026-04-25 11:00,19.6,25
143,措备,2026-04-25 12:00,22,18
143,措备,2026-04-25 13:00,24,16
143,措备,2026-04-25 14:00,24.7,16
143,措备,2026-04-25 15:00,25.3,14
143,措备,2026-04-25 16:00,25.8,15
143,措备,2026-04-25 17:00,25.8,15
143,措备,2026-04-25 18:00,25.1,16
143,措备,2026-04-25 19:00,23.5,22
143,措备,2026-04-25 20:00,20.7,24
143,措备,2026-04-25 21:00,18.5,29
143,措备,2026-04-25 22:00,16.5,35
143,措备,2026-04-25 23:00,14.9,42
143,措备,2026-04-26 00:00,13.3,45
143,措备,2026-04-26 01:00,12,50
143,措备,2026-04-26 02:00,10.8,59
143,措备,2026-04-26 03:00,10.1,62
143,措备,2026-04-26 04:00,9.6,62
143,措备,2026-04-26 05:00,9.2,66
143,措备,2026-04-26 06:00,8.8,69
143,措备,2026-04-26 07:00,10.5,65
143,措备,2026-04-26 08:00,13.1,51
143,措备,2026-04-26 09:00,16.4,40
143,措备,2026-04-26 10:00,19.7,29
143,措备,2026-04-26 11:00,22,30
143,措备,2026-04-26 12:00,23.3,31
143,措备,2026-04-26 13:00,24.8,29
143,措备,2026-04-26 14:00,26.2,27
143,措备,2026-04-26 15:00,26.2,26
143,措备,2026-04-26 16:00,26.7,26
143,措备,2026-04-26 17:00,25.9,27
143,措备,2026-04-26 18:00,26,26
143,措备,2026-04-26 19:00,24.4,30
143,措备,2026-04-26 20:00,21.6,38
143,措备,2026-04-26 21:00,20.2,43
143,措备,2026-04-26 22:00,18.5,43
143,措备,2026-04-26 23:00,17.6,49
143,措备,2026-04-27 00:00,17.4,43
143,措备,2026-04-27 01:00,18.2,41
143,措备,2026-04-27 02:00,18.2,40
143,措备,2026-04-27 03:00,17.7,34
143,措备,2026-04-27 04:00,16.9,35
143,措备,2026-04-27 05:00,13.4,54
143,措备,2026-04-27 06:00,12.3,61
143,措备,2026-04-27 07:00,14.1,47
143,措备,2026-04-27 08:00,17.2,37
143,措备,2026-04-27 09:00,20.4,25
143,措备,2026-04-27 10:00,21.7,22
143,措备,2026-04-27 11:00,23.3,22
143,措备,2026-04-27 12:00,25,18
143,措备,2026-04-27 13:00,25.6,15
143,措备,2026-04-27 14:00,26.9,15
143,措备,2026-04-27 15:00,27.5,16
143,措备,2026-04-27 16:00,27,15
143,措备,2026-04-27 17:00,26,21
143,措备,2026-04-27 18:00,24,31
143,措备,2026-04-27 19:00,22.1,36
143,措备,2026-04-27 20:00,19.2,53
143,措备,2026-04-27 21:00,17.1,61
143,措备,2026-04-27 22:00,15.8,69
143,措备,2026-04-27 23:00,15.2,73
143,措备,2026-04-28 00:00,14.5,77
143,措备,2026-04-28 01:00,13.9,80
143,措备,2026-04-28 02:00,13.5,82
143,措备,2026-04-28 03:00,13.2,83
143,措备,2026-04-28 04:00,12.8,85
143,措备,2026-04-28 05:00,12.8,86
143,措备,2026-04-28 06:00,13.3,82
143,措备,2026-04-28 07:00,14.3,70
143,措备,2026-04-28 08:00,17.1,43
143,措备,2026-04-28 09:00,17.7,46
143,措备,2026-04-28 10:00,19.4,42
143,措备,2026-04-28 11:00,19.4,41
143,措备,2026-04-28 12:00,21.1,38
143,措备,2026-04-28 13:00,22,33
143,措备,2026-04-28 14:00,22.3,22
143,措备,2026-04-28 15:00,22.2,23
143,措备,2026-04-28 16:00,21.3,25
143,措备,2026-04-28 17:00,19.9,28
143,措备,2026-04-28 18:00,19.4,30
143,措备,2026-04-28 19:00,18.7,34
143,措备,2026-04-28 20:00,18.1,35
143,措备,2026-04-28 21:00,17.3,36
143,措备,2026-04-28 22:00,16.6,37
143,措备,2026-04-28 23:00,15.5,38
143,措备,2026-04-29 00:00,14.6,44
143,措备,2026-04-29 01:00,14.1,45
143,措备,2026-04-29 02:00,13.8,47
143,措备,2026-04-29 03:00,13.4,47
143,措备,2026-04-29 04:00,12.7,49
143,措备,2026-04-29 05:00,12.3,51
143,措备,2026-04-29 06:00,11.6,59
143,措备,2026-04-29 07:00,12.6,52
143,措备,2026-04-29 08:00,13.7,50
143,措备,2026-04-29 09:00,14.9,48
143,措备,2026-04-29 10:00,16.4,44
143,措备,2026-04-29 11:00,16.8,42
143,措备,2026-04-29 12:00,17.9,38
143,措备,2026-04-29 13:00,18.8,35
143,措备,2026-04-29 14:00,18.2,36
143,措备,2026-04-29 15:00,18.9,36
143,措备,2026-04-29 16:00,18.7,35
143,措备,2026-04-29 17:00,18.4,37
143,措备,2026-04-29 18:00,18,37
143,措备,2026-04-29 19:00,16.6,53
143,措备,2026-04-29 20:00,15.5,60
143,措备,2026-04-29 21:00,14.6,64
143,措备,2026-04-29 22:00,14,67
143,措备,2026-04-29 23:00,13.6,71
143,措备,2026-04-30 00:00,13.3,72
143,措备,2026-04-30 01:00,13.1,74
143,措备,2026-04-30 02:00,12.8,75
143,措备,2026-04-30 03:00,12.5,77
143,措备,2026-04-30 04:00,12.1,80
143,措备,2026-04-30 05:00,12,80
143,措备,2026-04-30 06:00,11.9,81
143,措备,2026-04-30 07:00,12.3,80
143,措备,2026-04-30 08:00,13.1,76
143,措备,2026-04-30 09:00,14.8,66
143,措备,2026-04-30 10:00,16.6,58
143,措备,2026-04-30 11:00,18.5,48
143,措备,2026-04-30 12:00,18.8,41
143,措备,2026-04-30 13:00,20.2,37
143,措备,2026-04-30 14:00,18.9,44
143,措备,2026-04-30 15:00,18.8,46
143,措备,2026-04-30 16:00,18,49
143,措备,2026-04-30 17:00,17.6,51
143,措备,2026-04-30 18:00,16.8,51
143,措备,2026-04-30 19:00,16.1,55
143,措备,2026-04-30 20:00,15.2,62
143,措备,2026-04-30 21:00,15,63
143,措备,2026-04-30 22:00,14.6,66
143,措备,2026-04-30 23:00,14.3,68
143,措备,2026-05-01 00:00,13.8,73
143,措备,2026-05-01 01:00,13.7,74
143,措备,2026-05-01 02:00,12.4,75
143,措备,2026-05-01 03:00,11.2,77
143,措备,2026-05-01 04:00,10,85
143,措备,2026-05-01 05:00,9.8,87
143,措备,2026-05-01 06:00,10,84
143,措备,2026-05-01 07:00,10.1,79
143,措备,2026-05-01 08:00,10.3,79
143,措备,2026-05-01 09:00,10.9,71
143,措备,2026-05-01 10:00,11.3,72
143,措备,2026-05-01 11:00,13.4,67
143,措备,2026-05-01 12:00,17.1,45
143,措备,2026-05-01 13:00,19.2,41
143,措备,2026-05-01 14:00,21.6,30
143,措备,2026-05-01 15:00,22.8,24
143,措备,2026-05-01 16:00,23.9,23
143,措备,2026-05-01 17:00,23.7,24
143,措备,2026-05-01 18:00,23.4,24
143,措备,2026-05-01 19:00,22,27
143,措备,2026-05-01 20:00,20.6,31
143,措备,2026-05-01 21:00,19.8,33
143,措备,2026-05-01 22:00,19,33
143,措备,2026-05-01 23:00,18.1,35
143,措备,2026-05-02 00:00,16.3,45
143,措备,2026-05-02 01:00,14,55
143,措备,2026-05-02 02:00,13.1,61
143,措备,2026-05-02 03:00,12.7,61
143,措备,2026-05-02 04:00,12.1,65
143,措备,2026-05-02 05:00,12,66
143,措备,2026-05-02 06:00,12.1,68
143,措备,2026-05-02 07:00,13.5,64
143,措备,2026-05-02 08:00,15.5,57
143,措备,2026-05-02 09:00,17.5,49
143,措备,2026-05-02 10:00,19.7,44
143,措备,2026-05-02 11:00,22.3,31
143,措备,2026-05-02 12:00,23.9,28
143,措备,2026-05-02 13:00,24.7,25
143,措备,2026-05-02 14:00,25.9,25
143,措备,2026-05-02 15:00,26.5,24
143,措备,2026-05-02 16:00,26.9,24
143,措备,2026-05-02 17:00,26.6,26
143,措备,2026-05-02 18:00,25.3,30
143,措备,2026-05-02 19:00,23.9,32
143,措备,2026-05-02 20:00,22.5,39
143,措备,2026-05-02 21:00,21.7,39
143,措备,2026-05-02 22:00,21.2,39
143,措备,2026-05-02 23:00,20.1,43
143,措备,2026-05-03 00:00,19.2,53
143,措备,2026-05-03 01:00,18.6,53
143,措备,2026-05-03 02:00,18.6,42
143,措备,2026-05-03 03:00,17.4,48
143,措备,2026-05-03 04:00,14.9,64
143,措备,2026-05-03 05:00,13.8,75
143,措备,2026-05-03 06:00,13.5,80
143,措备,2026-05-03 07:00,12.7,88
143,措备,2026-05-03 08:00,12.3,91
143,措备,2026-05-03 09:00,12.4,93
143,措备,2026-05-03 10:00,12.2,95
143,措备,2026-05-03 11:00,12.4,94
143,措备,2026-05-03 12:00,12.9,93
143,措备,2026-05-03 13:00,13.4,91
143,措备,2026-05-03 14:00,14.2,88
143,措备,2026-05-03 15:00,15.1,82
143,措备,2026-05-03 16:00,15.3,83
143,措备,2026-05-03 17:00,16.1,79
143,措备,2026-05-03 18:00,15.9,79
143,措备,2026-05-03 19:00,15.8,77
143,措备,2026-05-03 20:00,15.5,83
143,措备,2026-05-03 21:00,15.2,83
143,措备,2026-05-03 22:00,15.1,76
143,措备,2026-05-03 23:00,14.4,75
143,措备,2026-05-04 00:00,14.3,75
143,措备,2026-05-04 01:00,13.8,73
143,措备,2026-05-04 02:00,13.7,71
143,措备,2026-05-04 03:00,12.9,67
143,措备,2026-05-04 04:00,12.8,59
143,措备,2026-05-04 05:00,12.7,57
143,措备,2026-05-04 06:00,12.2,54
143,措备,2026-05-04 07:00,12.4,51
143,措备,2026-05-04 08:00,13.8,46
143,措备,2026-05-04 09:00,14.8,45
143,措备,2026-05-04 10:00,16.1,38
143,措备,2026-05-04 11:00,17.6,32
143,措备,2026-05-04 12:00,18.3,27
143,措备,2026-05-04 13:00,19.2,26
143,措备,2026-05-04 14:00,19.7,24
143,措备,2026-05-04 15:00,20.6,21
143,措备,2026-05-04 16:00,20.8,19
143,措备,2026-05-04 17:00,20.6,18
143,措备,2026-05-04 18:00,19.8,19
143,措备,2026-05-04 19:00,18.4,20
143,措备,2026-05-04 20:00,16.7,26
143,措备,2026-05-04 21:00,16.2,27
143,措备,2026-05-04 22:00,14,37
143,措备,2026-05-04 23:00,11.9,47
143,措备,2026-05-05 00:00,10.9,49
143,措备,2026-05-05 01:00,10.3,53
143,措备,2026-05-05 02:00,9.2,60
143,措备,2026-05-05 03:00,8.2,68
143,措备,2026-05-05 04:00,7.4,77
143,措备,2026-05-05 05:00,6.7,84
143,措备,2026-05-05 06:00,6.8,82
143,措备,2026-05-05 07:00,9.7,67
143,措备,2026-05-05 08:00,11.7,60
143,措备,2026-05-05 09:00,14.9,44
143,措备,2026-05-05 10:00,17.2,34
143,措备,2026-05-05 11:00,19,26
143,措备,2026-05-05 12:00,21.4,26
143,措备,2026-05-05 13:00,22.9,23
143,措备,2026-05-05 14:00,23.5,22
143,措备,2026-05-05 15:00,24.2,23
143,措备,2026-05-05 16:00,25,22
143,措备,2026-05-05 17:00,24.9,23
143,措备,2026-05-05 18:00,23.8,25
143,措备,2026-05-05 19:00,20.8,30
143,措备,2026-05-05 20:00,19.1,32
143,措备,2026-05-05 21:00,17.4,37
143,措备,2026-05-05 22:00,16.4,39
143,措备,2026-05-05 23:00,14.4,49
143,措备,2026-05-06 00:00,13.1,58
143,措备,2026-05-06 01:00,12.9,54
143,措备,2026-05-06 02:00,11.5,62
143,措备,2026-05-06 03:00,10.5,70
143,措备,2026-05-06 04:00,10,70
143,措备,2026-05-06 05:00,9.1,77
143,措备,2026-05-06 06:00,9.4,75
143,措备,2026-05-06 07:00,12.2,63
143,措备,2026-05-06 08:00,14.7,58
143,措备,2026-05-06 09:00,16.2,50
143,措备,2026-05-06 10:00,18.2,45
143,措备,2026-05-06 11:00,20.5,36
143,措备,2026-05-06 12:00,22.6,25
143,措备,2026-05-06 13:00,23.9,21
143,措备,2026-05-06 14:00,24.8,24
143,措备,2026-05-06 15:00,26.3,24
143,措备,2026-05-06 16:00,27.1,25
143,措备,2026-05-06 17:00,27.3,25
143,措备,2026-05-06 18:00,26.6,26
143,措备,2026-05-06 19:00,25,28
143,措备,2026-05-06 20:00,22.3,37
143,措备,2026-05-06 21:00,20.9,45
143,措备,2026-05-06 22:00,19.2,50
143,措备,2026-05-06 23:00,18.1,57
143,措备,2026-05-07 00:00,16.8,64
143,措备,2026-05-07 01:00,16.4,65
143,措备,2026-05-07 02:00,15.7,67
143,措备,2026-05-07 03:00,15.6,65
143,措备,2026-05-07 04:00,14.4,71
143,措备,2026-05-07 05:00,13.3,78
143,措备,2026-05-07 06:00,12.8,79
143,措备,2026-05-07 07:00,15.2,68
143,措备,2026-05-07 08:00,17.3,59
143,措备,2026-05-07 09:00,18.4,53
143,措备,2026-05-07 10:00,19.9,47
143,措备,2026-05-07 11:00,22.4,43
143,措备,2026-05-07 12:00,23.8,35
143,措备,2026-05-07 13:00,25,23
143,措备,2026-05-07 14:00,26.9,21
143,措备,2026-05-07 15:00,27.3,21
143,措备,2026-05-07 16:00,27.4,23
143,措备,2026-05-07 17:00,26.4,27
143,措备,2026-05-07 18:00,24.8,32
143,措备,2026-05-07 19:00,23,39
143,措备,2026-05-07 20:00,22.4,42
143,措备,2026-05-07 21:00,21.2,49
143,措备,2026-05-07 22:00,20.7,51
143,措备,2026-05-07 23:00,20.2,52
143,措备,2026-05-08 00:00,19.2,54
143,措备,2026-05-08 01:00,17.6,63
143,措备,2026-05-08 02:00,15.8,79
143,措备,2026-05-08 03:00,16.1,70
143,措备,2026-05-08 04:00,15.4,63
143,措备,2026-05-08 05:00,14.7,57
143,措备,2026-05-08 06:00,14.4,58
143,措备,2026-05-08 07:00,14.4,57
143,措备,2026-05-08 08:00,15.7,50
143,措备,2026-05-08 09:00,16.7,39
143,措备,2026-05-08 10:00,17.8,28
143,措备,2026-05-08 11:00,18.5,25
143,措备,2026-05-08 12:00,19.7,23
143,措备,2026-05-08 13:00,21,20
143,措备,2026-05-08 14:00,21.1,18
143,措备,2026-05-08 15:00,21.5,17
143,措备,2026-05-08 16:00,21.7,14
143,措备,2026-05-08 17:00,21.4,14
143,措备,2026-05-08 18:00,20.5,15
143,措备,2026-05-08 19:00,19.4,17
143,措备,2026-05-08 20:00,17.9,20
143,措备,2026-05-08 21:00,16.6,24
143,措备,2026-05-08 22:00,15.3,29
143,措备,2026-05-08 23:00,13.3,41
143,措备,2026-05-09 00:00,13.5,36
143,措备,2026-05-09 01:00,11.8,46
143,措备,2026-05-09 02:00,10.4,54
143,措备,2026-05-09 03:00,9.4,58
143,措备,2026-05-09 04:00,8.9,66
143,措备,2026-05-09 05:00,8.1,72
143,措备,2026-05-09 06:00,8.4,71
143,措备,2026-05-09 07:00,11.1,52
143,措备,2026-05-09 08:00,14.3,45
143,措备,2026-05-09 09:00,16.9,36
143,措备,2026-05-09 10:00,18.3,35
143,措备,2026-05-09 11:00,19.9,28
143,措备,2026-05-09 12:00,21.3,23
143,措备,2026-05-09 13:00,22.2,23
143,措备,2026-05-09 14:00,22.7,23
143,措备,2026-05-09 15:00,24,19
143,措备,2026-05-09 16:00,24.7,19
143,措备,2026-05-09 17:00,24.4,20
143,措备,2026-05-09 18:00,24,20
143,措备,2026-05-09 19:00,22.7,21
143,措备,2026-05-09 20:00,19.4,32
143,措备,2026-05-09 21:00,18.3,40
143,措备,2026-05-09 22:00,16.9,46
143,措备,2026-05-09 23:00,15.3,48
143,措备,2026-05-10 00:00,14.5,52
143,措备,2026-05-10 01:00,13.3,63
143,措备,2026-05-10 02:00,12.3,68
143,措备,2026-05-10 03:00,12.4,62
143,措备,2026-05-10 04:00,11.4,67
143,措备,2026-05-10 05:00,10.3,75
143,措备,2026-05-10 06:00,10.3,81
143,措备,2026-05-10 07:00,12.2,69
143,措备,2026-05-10 08:00,14.8,57
143,措备,2026-05-10 09:00,18,46
143,措备,2026-05-10 10:00,19.8,38
143,措备,2026-05-10 11:00,22.1,33
143,措备,2026-05-10 12:00,24,27
143,措备,2026-05-10 13:00,25.7,14
143,措备,2026-05-10 14:00,26.4,13
143,措备,2026-05-10 15:00,26.6,17
143,措备,2026-05-10 16:00,26.3,14
143,措备,2026-05-10 17:00,26,16
143,措备,2026-05-10 18:00,24.4,21
143,措备,2026-05-10 19:00,22.5,23
143,措备,2026-05-10 20:00,20.6,25
143,措备,2026-05-10 21:00,19.5,27
143,措备,2026-05-10 22:00,17.8,32
143,措备,2026-05-10 23:00,15.9,41
143,措备,2026-05-11 00:00,15.2,44
143,措备,2026-05-11 01:00,14.2,49
143,措备,2026-05-11 02:00,13.4,55
143,措备,2026-05-11 03:00,12.6,61
143,措备,2026-05-11 04:00,12.3,64
143,措备,2026-05-11 05:00,11.4,70
143,措备,2026-05-11 06:00,11.5,70
143,措备,2026-05-11 07:00,14.5,62
143,措备,2026-05-11 08:00,17.6,55
143,措备,2026-05-11 09:00,19.7,48
143,措备,2026-05-11 10:00,22,41
143,措备,2026-05-11 11:00,23,37
143,措备,2026-05-11 12:00,24.1,34
143,措备,2026-05-11 13:00,24.9,35
143,措备,2026-05-11 14:00,25.4,33
143,措备,2026-05-11 15:00,26.9,30
143,措备,2026-05-11 16:00,26.8,31
143,措备,2026-05-11 17:00,25.5,35
143,措备,2026-05-11 18:00,25.2,38
143,措备,2026-05-11 19:00,23.9,43
143,措备,2026-05-11 20:00,22.5,48
143,措备,2026-05-11 21:00,21.5,52
143,措备,2026-05-11 22:00,20.7,55
143,措备,2026-05-11 23:00,20.3,56
143,措备,2026-05-12 00:00,19.2,60
143,措备,2026-05-12 01:00,19,62
143,措备,2026-05-12 02:00,18.6,66
143,措备,2026-05-12 03:00,17.6,83
143,措备,2026-05-12 04:00,17.2,81
143,措备,2026-05-12 05:00,16.2,89
143,措备,2026-05-12 06:00,16.3,90
143,措备,2026-05-12 07:00,18.1,81
143,措备,2026-05-12 08:00,19.1,70
143,措备,2026-05-12 09:00,19.7,67
143,措备,2026-05-12 10:00,20.7,63
143,措备,2026-05-12 11:00,23,55
143,措备,2026-05-12 12:00,23.7,49
143,措备,2026-05-12 13:00,23.6,49
143,措备,2026-05-12 14:00,23.9,43
143,措备,2026-05-12 15:00,20.7,60
143,措备,2026-05-12 16:00,20.5,60
143,措备,2026-05-12 17:00,21,59
143,措备,2026-05-12 18:00,20.7,59
143,措备,2026-05-12 19:00,19.1,72
143,措备,2026-05-12 20:00,17.9,75
143,措备,2026-05-12 21:00,17.1,78
143,措备,2026-05-12 22:00,16.5,80
143,措备,2026-05-12 23:00,15.9,83
143,措备,2026-05-13 00:00,15.2,89
143,措备,2026-05-13 01:00,14.5,91
143,措备,2026-05-13 02:00,14.1,93
143,措备,2026-05-13 03:00,14,93
143,措备,2026-05-13 04:00,13.5,95
143,措备,2026-05-13 05:00,13.1,95
143,措备,2026-05-13 06:00,13.4,97
143,措备,2026-05-13 07:00,14.1,97
143,措备,2026-05-13 08:00,15.4,89
143,措备,2026-05-13 09:00,18.6,74
143,措备,2026-05-13 10:00,21,65
143,措备,2026-05-13 11:00,22.8,53
143,措备,2026-05-13 12:00,24.7,48
143,措备,2026-05-13 13:00,26.2,42
143,措备,2026-05-13 14:00,26.4,41
143,措备,2026-05-13 15:00,27.5,36
143,措备,2026-05-13 16:00,27.3,37
143,措备,2026-05-13 17:00,27.5,35
143,措备,2026-05-13 18:00,27.8,34
143,措备,2026-05-13 19:00,27.8,31
143,措备,2026-05-13 20:00,24.1,48
143,措备,2026-05-13 21:00,22.6,52
143,措备,2026-05-13 22:00,21.6,54
143,措备,2026-05-13 23:00,20.3,63
143,措备,2026-05-14 00:00,18.8,68
143,措备,2026-05-14 01:00,17.9,73
143,措备,2026-05-14 02:00,17.1,76
143,措备,2026-05-14 03:00,16.7,79
143,措备,2026-05-14 04:00,16.1,81
143,措备,2026-05-14 05:00,15.5,85
143,措备,2026-05-14 06:00,15.3,85
143,措备,2026-05-14 07:00,16.2,81
143,措备,2026-05-14 08:00,19.2,69
143,措备,2026-05-14 09:00,21.4,59
143,措备,2026-05-14 10:00,22.2,55
143,措备,2026-05-14 11:00,23.2,53
143,措备,2026-05-14 12:00,24.1,49
143,措备,2026-05-14 13:00,24.4,47
143,措备,2026-05-14 14:00,24.8,46
143,措备,2026-05-14 15:00,24.5,45
143,措备,2026-05-14 16:00,23.4,48
143,措备,2026-05-14 17:00,22.6,48
143,措备,2026-05-14 18:00,22.1,53
143,措备,2026-05-14 19:00,20.5,57
143,措备,2026-05-14 20:00,19,65
143,措备,2026-05-14 21:00,17.6,73
143,措备,2026-05-14 22:00,17.2,77
143,措备,2026-05-14 23:00,17.4,75
143,措备,2026-05-15 00:00,17.4,73
143,措备,2026-05-15 01:00,17,74
143,措备,2026-05-15 02:00,17.2,73
143,措备,2026-05-15 03:00,17,71
143,措备,2026-05-15 04:00,16.3,76
143,措备,2026-05-15 05:00,14.9,80
143,措备,2026-05-15 06:00,14.5,83
143,措备,2026-05-15 07:00,16.3,73
143,措备,2026-05-15 08:00,18.5,67
143,措备,2026-05-15 09:00,20.1,61
143,措备,2026-05-15 10:00,21.6,55
143,措备,2026-05-15 11:00,23.7,47
143,措备,2026-05-15 12:00,25.2,42
143,措备,2026-05-15 13:00,27.3,35
143,措备,2026-05-15 14:00,28.6,29
143,措备,2026-05-15 15:00,28.9,27
143,措备,2026-05-15 16:00,28.9,26
143,措备,2026-05-15 17:00,28.6,24
143,措备,2026-05-15 18:00,27.8,28
143,措备,2026-05-15 19:00,26.1,33
143,措备,2026-05-15 20:00,24.2,35
143,措备,2026-05-15 21:00,22.4,41
143,措备,2026-05-15 22:00,21.2,45
143,措备,2026-05-15 23:00,20,50
143,措备,2026-05-16 00:00,18.4,55
143,措备,2026-05-16 01:00,17.2,63
143,措备,2026-05-16 02:00,16,67
143,措备,2026-05-16 03:00,15.2,73
143,措备,2026-05-16 04:00,14.4,77
143,措备,2026-05-16 05:00,14,77
143,措备,2026-05-16 06:00,14.2,77
143,措备,2026-05-16 07:00,17.1,64
143,措备,2026-05-16 08:00,20.2,54
143,措备,2026-05-16 09:00,22.2,46
143,措备,2026-05-16 10:00,25.3,40
143,措备,2026-05-16 11:00,27,38
143,措备,2026-05-16 12:00,29.4,33
143,措备,2026-05-16 13:00,30.1,27
143,措备,2026-05-16 14:00,31.5,23
143,措备,2026-05-16 15:00,32.5,19
143,措备,2026-05-16 16:00,33.1,17
143,措备,2026-05-16 17:00,32.4,18
143,措备,2026-05-16 18:00,32.4,15
143,措备,2026-05-16 19:00,30.5,18
143,措备,2026-05-16 20:00,27.1,27
143,措备,2026-05-16 21:00,25.6,31
143,措备,2026-05-16 22:00,23.2,38
143,措备,2026-05-16 23:00,21.6,46
143,措备,2026-05-17 00:00,20.9,53
143,措备,2026-05-17 01:00,20,55
143,措备,2026-05-17 02:00,18.7,62
143,措备,2026-05-17 03:00,18.2,61
143,措备,2026-05-17 04:00,17.2,68
143,措备,2026-05-17 05:00,16.3,73
143,措备,2026-05-17 06:00,16.3,75
143,措备,2026-05-17 07:00,19.3,59
143,措备,2026-05-17 08:00,22.1,50
143,措备,2026-05-17 09:00,24.9,40
143,措备,2026-05-17 10:00,27.2,34
143,措备,2026-05-17 11:00,29,29
143,措备,2026-05-17 12:00,30.7,27
143,措备,2026-05-17 13:00,31.8,22
143,措备,2026-05-17 14:00,32.7,19
143,措备,2026-05-17 15:00,33.7,17
143,措备,2026-05-17 16:00,33.6,19
143,措备,2026-05-17 17:00,33.3,18
143,措备,2026-05-17 18:00,33.1,21
143,措备,2026-05-17 19:00,31.9,22
143,措备,2026-05-17 20:00,28.9,29
143,措备,2026-05-17 21:00,26.9,32
143,措备,2026-05-17 22:00,24.7,40
143,措备,2026-05-17 23:00,22.8,51
143,措备,2026-05-18 00:00,22,51
143,措备,2026-05-18 01:00,21.3,52
143,措备,2026-05-18 02:00,19.7,55
143,措备,2026-05-18 03:00,18.5,64
143,措备,2026-05-18 04:00,17.5,64
143,措备,2026-05-18 05:00,16.7,67
143,措备,2026-05-18 06:00,16.6,69
143,措备,2026-05-18 07:00,18.5,66
143,措备,2026-05-18 08:00,21.5,52
143,措备,2026-05-18 09:00,23.9,43
143,措备,2026-05-18 10:00,27.3,31
143,措备,2026-05-18 11:00,29.1,27
143,措备,2026-05-18 12:00,30.2,24
143,措备,2026-05-18 13:00,32.2,17
143,措备,2026-05-18 14:00,33.3,11
143,措备,2026-05-18 15:00,34.6,10
143,措备,2026-05-18 16:00,34,12
143,措备,2026-05-18 17:00,33.6,11
143,措备,2026-05-18 18:00,31.2,14
143,措备,2026-05-18 19:00,29.5,19
143,措备,2026-05-18 20:00,27.6,29
143,措备,2026-05-18 21:00,26.2,31
143,措备,2026-05-18 22:00,24.2,38
143,措备,2026-05-18 23:00,23,40
143,措备,2026-05-19 00:00,21.1,48
143,措备,2026-05-19 01:00,19.4,50
143,措备,2026-05-19 02:00,18.4,58
143,措备,2026-05-19 03:00,17.8,60
143,措备,2026-05-19 04:00,17.1,60
143,措备,2026-05-19 05:00,16.5,65
143,措备,2026-05-19 06:00,16.7,65
143,措备,2026-05-19 07:00,17.5,65
143,措备,2026-05-19 08:00,21.7,48
143,措备,2026-05-19 09:00,24,39
143,措备,2026-05-19 10:00,26.1,31
143,措备,2026-05-19 11:00,27.1,28
143,措备,2026-05-19 12:00,28.2,25
143,措备,2026-05-19 13:00,29.6,27
143,措备,2026-05-19 14:00,29.4,28
143,措备,2026-05-19 15:00,30.3,25
143,措备,2026-05-19 16:00,29.6,27
143,措备,2026-05-19 17:00,28.4,33
143,措备,2026-05-19 18:00,28,35
143,措备,2026-05-19 19:00,26.2,38
143,措备,2026-05-19 20:00,24.9,39
143,措备,2026-05-19 21:00,24.3,41
143,措备,2026-05-19 22:00,23.4,45
143,措备,2026-05-19 23:00,22.6,43
143,措备,2026-05-20 00:00,21.9,43
143,措备,2026-05-20 01:00,21.3,48
143,措备,2026-05-20 02:00,18,73
143,措备,2026-05-20 03:00,17.3,86
143,措备,2026-05-20 04:00,15.8,93
143,措备,2026-05-20 05:00,15.1,94
143,措备,2026-05-20 06:00,14.9,95
143,措备,2026-05-20 07:00,15,94
143,措备,2026-05-20 08:00,15.1,95
143,措备,2026-05-20 09:00,15.3,96
143,措备,2026-05-20 10:00,15.7,95
143,措备,2026-05-20 11:00,15.6,94
143,措备,2026-05-20 12:00,15.6,94
143,措备,2026-05-20 13:00,15.8,93
143,措备,2026-05-20 14:00,15.9,89
143,措备,2026-05-20 15:00,15.8,91
143,措备,2026-05-20 16:00,15.4,91
143,措备,2026-05-20 17:00,15.5,92
143,措备,2026-05-20 18:00,15.1,92
143,措备,2026-05-20 19:00,15.2,93
143,措备,2026-05-20 20:00,15.1,95
143,措备,2026-05-20 21:00,15.1,95
143,措备,2026-05-20 22:00,15.2,97
143,措备,2026-05-20 23:00,15.7,93
143,措备,2026-05-21 00:00,16,92
143,措备,2026-05-21 01:00,15.7,94
143,措备,2026-05-21 02:00,15.7,96
143,措备,2026-05-21 03:00,15.8,96
143,措备,2026-05-21 04:00,15.8,96
143,措备,2026-05-21 05:00,15.8,96
143,措备,2026-05-21 06:00,16,96
143,措备,2026-05-21 07:00,16.1,95
143,措备,2026-05-21 08:00,16.5,95
143,措备,2026-05-21 09:00,17.2,93
143,措备,2026-05-21 10:00,17.9,88
143,措备,2026-05-21 11:00,18.6,86
143,措备,2026-05-21 12:00,19.2,84
143,措备,2026-05-21 13:00,19.4,82
143,措备,2026-05-21 14:00,19.6,83
143,措备,2026-05-21 15:00,19.5,82
143,措备,2026-05-21 16:00,19.4,82
143,措备,2026-05-21 17:00,18.8,90
143,措备,2026-05-21 18:00,18.9,85
143,措备,2026-05-21 19:00,17.9,89
143,措备,2026-05-21 20:00,16.9,95
143,措备,2026-05-21 21:00,16.8,95
143,措备,2026-05-21 22:00,16.7,94
143,措备,2026-05-21 23:00,16.5,94
143,措备,2026-05-22 00:00,16.4,93
143,措备,2026-05-22 01:00,16.3,93
143,措备,2026-05-22 02:00,16.2,93
143,措备,2026-05-22 03:00,16.1,93
143,措备,2026-05-22 04:00,16.1,92
143,措备,2026-05-22 05:00,16.1,91
143,措备,2026-05-22 06:00,16.1,91
143,措备,2026-05-22 07:00,17.7,80
143,措备,2026-05-22 08:00,17.5,74
143,措备,2026-05-22 09:00,19,62
143,措备,2026-05-22 10:00,18.6,65
143,措备,2026-05-22 11:00,19.3,61
143,措备,2026-05-22 12:00,20.8,59
143,措备,2026-05-22 13:00,21.4,54
143,措备,2026-05-22 14:00,21.9,52
143,措备,2026-05-22 15:00,21.8,50
143,措备,2026-05-22 16:00,21.5,49
143,措备,2026-05-22 17:00,20.8,49
143,措备,2026-05-22 18:00,19.8,52
143,措备,2026-05-22 19:00,18.3,59
143,措备,2026-05-22 20:00,17.3,65
143,措备,2026-05-22 21:00,17,67
143,措备,2026-05-22 22:00,16.8,72
143,措备,2026-05-22 23:00,16.8,71
143,措备,2026-05-23 00:00,16.7,72
143,措备,2026-05-23 01:00,16.6,73
143,措备,2026-05-23 02:00,16.8,71
143,措备,2026-05-23 03:00,16.7,71
143,措备,2026-05-23 04:00,16.4,73
143,措备,2026-05-23 05:00,16.3,74
143,措备,2026-05-23 06:00,16.2,75
143,措备,2026-05-23 07:00,16.4,72
143,措备,2026-05-23 08:00,16.9,71
143,措备,2026-05-23 09:00,17,73
143,措备,2026-05-23 10:00,17.6,73
143,措备,2026-05-23 11:00,18.6,70
143,措备,2026-05-23 12:00,18.2,73
143,措备,2026-05-23 13:00,18,76
143,措备,2026-05-23 14:00,19.7,69
143,措备,2026-05-23 15:00,19.6,69
143,措备,2026-05-23 16:00,19.6,66
143,措备,2026-05-23 17:00,19.9,67
143,措备,2026-05-23 18:00,19.4,70
143,措备,2026-05-23 19:00,18.3,73
143,措备,2026-05-23 20:00,17.4,77
143,措备,2026-05-23 21:00,17.2,77
143,措备,2026-05-23 22:00,16.7,78
143,措备,2026-05-23 23:00,16.2,79
143,措备,2026-05-24 00:00,15.5,83
143,措备,2026-05-24 01:00,14.7,88
143,措备,2026-05-24 02:00,14.3,90
143,措备,2026-05-24 03:00,14.2,90
143,措备,2026-05-24 04:00,13.8,92
143,措备,2026-05-24 05:00,13.3,94
143,措备,2026-05-24 06:00,13.3,94
143,措备,2026-05-24 07:00,15.3,84
143,措备,2026-05-24 08:00,17,76
143,措备,2026-05-24 09:00,17.9,71
143,措备,2026-05-24 10:00,20.2,63
143,措备,2026-05-24 11:00,22.1,54
143,措备,2026-05-24 12:00,23.4,51
143,措备,2026-05-24 13:00,24.5,49
143,措备,2026-05-24 14:00,26,44
143,措备,2026-05-24 15:00,26.6,45
143,措备,2026-05-24 16:00,27.1,47
143,措备,2026-05-24 17:00,26.8,46
143,措备,2026-05-24 18:00,26.5,47
143,措备,2026-05-24 19:00,25.5,54
143,措备,2026-05-24 20:00,23.5,64
143,措备,2026-05-24 21:00,22.1,68
143,措备,2026-05-24 22:00,20.9,74
143,措备,2026-05-24 23:00,20.1,75
143,措备,2026-05-25 00:00,19.3,78
143,措备,2026-05-25 01:00,19.2,78
143,措备,2026-05-25 02:00,18.6,80
143,措备,2026-05-25 03:00,18.2,82
143,措备,2026-05-25 04:00,17.8,84
143,措备,2026-05-25 05:00,16.9,89
143,措备,2026-05-25 06:00,17,89
143,措备,2026-05-25 07:00,18.5,82
143,措备,2026-05-25 08:00,20.2,74
143,措备,2026-05-25 09:00,22.8,65
143,措备,2026-05-25 10:00,25.4,59
143,措备,2026-05-25 11:00,26.9,57
143,措备,2026-05-25 12:00,28,53
143,措备,2026-05-25 13:00,28.2,52
143,措备,2026-05-25 14:00,29.5,51
143,措备,2026-05-25 15:00,29.9,48
143,措备,2026-05-25 16:00,31.1,44
143,措备,2026-05-25 17:00,29.7,47
143,措备,2026-05-25 18:00,29.4,50
143,措备,2026-05-25 19:00,27.8,56
143,措备,2026-05-25 20:00,26.4,60
143,措备,2026-05-25 21:00,25.6,62
143,措备,2026-05-25 22:00,25,64
143,措备,2026-05-25 23:00,23.4,72
143,措备,2026-05-26 00:00,22.9,74
143,措备,2026-05-26 01:00,22.2,78
143,措备,2026-05-26 02:00,21.4,83
143,措备,2026-05-26 03:00,20.6,87
143,措备,2026-05-26 04:00,20.3,89
143,措备,2026-05-26 05:00,20.1,88
143,措备,2026-05-26 06:00,20,89
143,措备,2026-05-26 07:00,20.1,88
143,措备,2026-05-26 08:00,21.4,83
143,措备,2026-05-26 09:00,23.1,74
143,措备,2026-05-26 10:00,25.9,63
143,措备,2026-05-26 11:00,27.8,57
143,措备,2026-05-26 12:00,28.8,51
143,措备,2026-05-26 13:00,29.8,52
143,措备,2026-05-26 14:00,28.4,55
143,措备,2026-05-26 15:00,28.6,54
143,措备,2026-05-26 16:00,28.5,52
143,措备,2026-05-26 17:00,25.9,64
143,措备,2026-05-26 18:00,24.9,73
143,措备,2026-05-26 19:00,25.2,72
143,措备,2026-05-26 20:00,25.7,61
143,措备,2026-05-26 21:00,24.5,63
143,措备,2026-05-26 22:00,21.6,86
143,措备,2026-05-26 23:00,20.6,91
143,措备,2026-05-27 00:00,20.3,92
143,措备,2026-05-27 01:00,20,93
143,措备,2026-05-27 02:00,20,93
143,措备,2026-05-27 03:00,20.1,92
143,措备,2026-05-27 04:00,20,91
143,措备,2026-05-27 05:00,19.5,92
143,措备,2026-05-27 06:00,19.6,91
143,措备,2026-05-27 07:00,19.9,89
143,措备,2026-05-27 08:00,20.1,86
143,措备,2026-05-27 09:00,20.1,88
143,措备,2026-05-27 10:00,20.5,86
143,措备,2026-05-27 11:00,21.4,81
143,措备,2026-05-27 12:00,21.6,79
143,措备,2026-05-27 13:00,21.8,78
143,措备,2026-05-27 14:00,21.6,78
143,措备,2026-05-27 15:00,21.6,77
143,措备,2026-05-27 16:00,21.6,80
143,措备,2026-05-27 17:00,21.2,79
143,措备,2026-05-27 18:00,20.6,82
143,措备,2026-05-27 19:00,20.3,82
143,措备,2026-05-27 20:00,20.5,80
143,措备,2026-05-27 21:00,20.1,80
143,措备,2026-05-27 22:00,19.7,83
143,措备,2026-05-27 23:00,19.6,83
143,措备,2026-05-28 00:00,19.4,84
143,措备,2026-05-28 01:00,19.1,85
143,措备,2026-05-28 02:00,19,86
143,措备,2026-05-28 03:00,18.9,86
143,措备,2026-05-28 04:00,18.9,87
143,措备,2026-05-28 05:00,19,86
143,措备,2026-05-28 06:00,19.2,86
143,措备,2026-05-28 07:00,19.7,84
143,措备,2026-05-28 08:00,20.6,80
143,措备,2026-05-28 09:00,21.6,76
143,措备,2026-05-28 10:00,22.7,75
143,措备,2026-05-28 11:00,23.7,73
143,措备,2026-05-28 12:00,25.7,67
143,措备,2026-05-28 13:00,26.1,65
143,措备,2026-05-28 14:00,26.8,61
143,措备,2026-05-28 15:00,27.4,61
143,措备,2026-05-28 16:00,27.4,57
143,措备,2026-05-28 17:00,27.2,54
143,措备,2026-05-28 18:00,27.3,51
143,措备,2026-05-28 19:00,25.8,58
143,措备,2026-05-28 20:00,24.5,61
143,措备,2026-05-28 21:00,23.9,62
143,措备,2026-05-28 22:00,23.3,65
143,措备,2026-05-28 23:00,22.8,66
143,措备,2026-05-29 00:00,22.2,64
143,措备,2026-05-29 01:00,21.3,68
143,措备,2026-05-29 02:00,21,67
143,措备,2026-05-29 03:00,20.5,69
143,措备,2026-05-29 04:00,20.1,71
143,措备,2026-05-29 05:00,19.7,73
143,措备,2026-05-29 06:00,19.3,75
143,措备,2026-05-29 07:00,20.1,73
143,措备,2026-05-29 08:00,21.2,66
143,措备,2026-05-29 09:00,21.7,63
143,措备,2026-05-29 10:00,22.9,61
143,措备,2026-05-29 11:00,24.4,55
143,措备,2026-05-29 12:00,25.6,50
143,措备,2026-05-29 13:00,26.3,47
143,措备,2026-05-29 14:00,27.4,40
143,措备,2026-05-29 15:00,27.8,34
143,措备,2026-05-29 16:00,27.3,36
143,措备,2026-05-29 17:00,27.9,35
143,措备,2026-05-29 18:00,27.4,36
143,措备,2026-05-29 19:00,26.1,40
143,措备,2026-05-29 20:00,25,43
143,措备,2026-05-29 21:00,24,42
143,措备,2026-05-29 22:00,23,43
143,措备,2026-05-29 23:00,21.4,51
143,措备,2026-05-30 00:00,19.4,58
143,措备,2026-05-30 01:00,18.1,68
143,措备,2026-05-30 02:00,17.9,63
143,措备,2026-05-30 03:00,16.8,67
143,措备,2026-05-30 04:00,16.3,69
143,措备,2026-05-30 05:00,16.1,69
143,措备,2026-05-30 06:00,16.2,73
143,措备,2026-05-30 07:00,19,61
143,措备,2026-05-30 08:00,20.9,57
143,措备,2026-05-30 09:00,23.8,40
143,措备,2026-05-30 10:00,26.1,33
143,措备,2026-05-30 11:00,27.5,30
143,措备,2026-05-30 12:00,28.8,26
143,措备,2026-05-30 13:00,30.2,22
143,措备,2026-05-30 14:00,30.8,23
143,措备,2026-05-30 15:00,31,21
143,措备,2026-05-30 16:00,31.2,22
143,措备,2026-05-30 17:00,31.5,22
143,措备,2026-05-30 18:00,30.7,22
143,措备,2026-05-30 19:00,29.5,24
143,措备,2026-05-30 20:00,27.9,29
143,措备,2026-05-30 21:00,26,36
143,措备,2026-05-30 22:00,23.2,45
143,措备,2026-05-30 23:00,21.6,55
143,措备,2026-05-31 00:00,20.9,56
143,措备,2026-05-31 01:00,19.2,65
143,措备,2026-05-31 02:00,18.8,67
143,措备,2026-05-31 03:00,18.2,68
143,措备,2026-05-31 04:00,17,76
143,措备,2026-05-31 05:00,16.1,80
143,措备,2026-05-31 06:00,17,77
143,措备,2026-05-31 07:00,19.5,65
143,措备,2026-05-31 08:00,22,54
143,措备,2026-05-31 09:00,24.6,49
143,措备,2026-05-31 10:00,27.2,36
143,措备,2026-05-31 11:00,29.2,33
143,措备,2026-05-31 12:00,30.4,30
143,措备,2026-05-31 13:00,31.7,23
143,措备,2026-05-31 14:00,32.5,20
143,措备,2026-05-31 15:00,32.8,20
143,措备,2026-05-31 16:00,33.1,17
143,措备,2026-05-31 17:00,32.4,19
143,措备,2026-05-31 18:00,31.9,19
143,措备,2026-05-31 19:00,31.2,23
143,措备,2026-05-31 20:00,28.4,30
143,措备,2026-05-31 21:00,26.9,32
143,措备,2026-05-31 22:00,24.9,41
143,措备,2026-05-31 23:00,23,49
143,措备,2026-06-01 00:00,21.4,54
143,措备,2026-06-01 01:00,20.1,55
143,措备,2026-06-01 02:00,19.4,59
143,措备,2026-06-01 03:00,18.3,65
143,措备,2026-06-01 04:00,17.7,66
143,措备,2026-06-01 05:00,17.2,73
143,措备,2026-06-01 06:00,17.1,72
143,措备,2026-06-01 07:00,18.2,71
143,措备,2026-06-01 08:00,20.5,58
143,措备,2026-06-01 09:00,23,46
143,措备,2026-06-01 10:00,25.8,42
143,措备,2026-06-01 11:00,26.6,45
143,措备,2026-06-01 12:00,29.6,45
143,措备,2026-06-01 13:00,29.5,44
143,措备,2026-06-01 14:00,29.4,44
143,措备,2026-06-01 15:00,31,40
143,措备,2026-06-01 16:00,30.6,41
143,措备,2026-06-01 17:00,31,40
143,措备,2026-06-01 18:00,29.7,42
143,措备,2026-06-01 19:00,28.6,48
143,措备,2026-06-01 20:00,26.9,55
143,措备,2026-06-01 21:00,26,54
143,措备,2026-06-01 22:00,25,56
143,措备,2026-06-01 23:00,24.3,57
143,措备,2026-06-02 00:00,23.9,62
143,措备,2026-06-02 01:00,23.2,65
143,措备,2026-06-02 02:00,22.8,67
143,措备,2026-06-02 03:00,22.5,68
143,措备,2026-06-02 04:00,22.4,72
143,措备,2026-06-02 05:00,21.5,74
143,措备,2026-06-02 06:00,20.8,80
143,措备,2026-06-02 07:00,21,76
143,措备,2026-06-02 08:00,21.6,75
143,措备,2026-06-02 09:00,20.7,86
143,措备,2026-06-02 10:00,20.1,91
143,措备,2026-06-02 11:00,20.4,89
143,措备,2026-06-02 12:00,20.7,91
143,措备,2026-06-02 13:00,20.2,92
143,措备,2026-06-02 14:00,20.8,93
143,措备,2026-06-02 15:00,21,94
143,措备,2026-06-02 16:00,22.2,86
143,措备,2026-06-02 17:00,22.6,82
143,措备,2026-06-02 18:00,22.7,82
143,措备,2026-06-02 19:00,22.6,76
143,措备,2026-06-02 20:00,22.1,80
143,措备,2026-06-02 21:00,21.3,85
143,措备,2026-06-02 22:00,20.9,86
143,措备,2026-06-02 23:00,20.2,85
143,措备,2026-06-03 00:00,19.5,88
143,措备,2026-06-03 01:00,18.8,92
143,措备,2026-06-03 02:00,18.5,93
143,措备,2026-06-03 03:00,17.9,93
143,措备,2026-06-03 04:00,17.5,95
143,措备,2026-06-03 05:00,17.3,96
143,措备,2026-06-03 06:00,17.8,97
143,措备,2026-06-03 07:00,18.3,95
143,措备,2026-06-03 08:00,20.1,87
143,措备,2026-06-03 09:00,22.8,75
143,措备,2026-06-03 10:00,24.8,64
143,措备,2026-06-03 11:00,25.9,61
143,措备,2026-06-03 12:00,27.1,58
143,措备,2026-06-03 13:00,28.1,52
143,措备,2026-06-03 14:00,28.4,50
143,措备,2026-06-03 15:00,29.3,47
143,措备,2026-06-03 16:00,29.2,47
143,措备,2026-06-03 17:00,28.1,53
143,措备,2026-06-03 18:00,27.1,58
143,措备,2026-06-03 19:00,26.4,62
143,措备,2026-06-03 20:00,25.4,68
143,措备,2026-06-03 21:00,24.5,72
143,措备,2026-06-03 22:00,23.9,74
143,措备,2026-06-03 23:00,23.2,77
143,措备,2026-06-04 00:00,22.5,80
143,措备,2026-06-04 01:00,22.3,81
143,措备,2026-06-04 02:00,21.5,84
143,措备,2026-06-04 03:00,21.3,86
143,措备,2026-06-04 04:00,21.1,87
143,措备,2026-06-04 05:00,20.7,89
143,措备,2026-06-04 06:00,20.4,91
143,措备,2026-06-04 07:00,21,88
143,措备,2026-06-04 08:00,22.8,77
143,措备,2026-06-04 09:00,24,70
143,措备,2026-06-04 10:00,24.9,63
143,措备,2026-06-04 11:00,25.4,62
143,措备,2026-06-04 12:00,25,58
143,措备,2026-06-04 13:00,26.7,53
143,措备,2026-06-04 14:00,26.9,53
143,措备,2026-06-04 15:00,27.7,50
143,措备,2026-06-04 16:00,27.8,46
143,措备,2026-06-04 17:00,28.3,46
143,措备,2026-06-04 18:00,27.6,49
143,措备,2026-06-04 19:00,26.4,51
143,措备,2026-06-04 20:00,24.7,59
143,措备,2026-06-04 21:00,23.8,63
143,措备,2026-06-04 22:00,23.7,64
143,措备,2026-06-04 23:00,23.3,66
143,措备,2026-06-05 00:00,22.7,70
143,措备,2026-06-05 01:00,21.6,75
143,措备,2026-06-05 02:00,22.3,74
143,措备,2026-06-05 03:00,20.6,82
143,措备,2026-06-05 04:00,20.1,84
143,措备,2026-06-05 05:00,19.8,85
143,措备,2026-06-05 06:00,19.9,86
143,措备,2026-06-05 07:00,22.1,76
143,措备,2026-06-05 08:00,24.2,62
143,措备,2026-06-05 09:00,24.3,56
143,措备,2026-06-05 10:00,25.3,45
143,措备,2026-06-05 11:00,26.4,38
143,措备,2026-06-05 12:00,26.7,29
143,措备,2026-06-05 13:00,26.7,26
143,措备,2026-06-05 14:00,26.9,29
143,措备,2026-06-05 15:00,26.7,31
143,措备,2026-06-05 16:00,26.5,31
143,措备,2026-06-05 17:00,26.5,29
143,措备,2026-06-05 18:00,26.9,25
143,措备,2026-06-05 19:00,25.4,21
143,措备,2026-06-05 20:00,24.1,22
143,措备,2026-06-05 21:00,23.4,25
143,措备,2026-06-05 22:00,21.8,32
143,措备,2026-06-05 23:00,20,40
143,措备,2026-06-06 00:00,18.8,47
143,措备,2026-06-06 01:00,18.3,54
143,措备,2026-06-06 02:00,17.4,60
143,措备,2026-06-06 03:00,16.4,67
143,措备,2026-06-06 04:00,15.5,70
143,措备,2026-06-06 05:00,14.9,74
143,措备,2026-06-06 06:00,15.9,70
143,措备,2026-06-06 07:00,18.5,60
143,措备,2026-06-06 08:00,20.4,53
143,措备,2026-06-06 09:00,22.5,47
143,措备,2026-06-06 10:00,23.9,42
143,措备,2026-06-06 11:00,25.2,36
143,措备,2026-06-06 12:00,26.3,35
143,措备,2026-06-06 13:00,27,32
143,措备,2026-06-06 14:00,27.7,31
143,措备,2026-06-06 15:00,28,31
143,措备,2026-06-06 16:00,27.7,30
143,措备,2026-06-06 17:00,27,34
143,措备,2026-06-06 18:00,25.5,37
143,措备,2026-06-06 19:00,24,43
143,措备,2026-06-06 20:00,22.7,45
143,措备,2026-06-06 21:00,21.6,49
143,措备,2026-06-06 22:00,21.1,52
143,措备,2026-06-06 23:00,20.9,50
143,措备,2026-06-07 00:00,20.3,60
143,措备,2026-06-07 01:00,19.9,66
143,措备,2026-06-07 02:00,19.1,70
143,措备,2026-06-07 03:00,19,73
143,措备,2026-06-07 04:00,18.6,74
143,措备,2026-06-07 05:00,18.6,74
143,措备,2026-06-07 06:00,19.2,76
143,措备,2026-06-07 07:00,19.9,76
143,措备,2026-06-07 08:00,21.1,72
143,措备,2026-06-07 09:00,22.3,69
143,措备,2026-06-07 10:00,22.6,69
143,措备,2026-06-07 11:00,22.7,69
143,措备,2026-06-07 12:00,22.2,74
143,措备,2026-06-07 13:00,21.8,76
143,措备,2026-06-07 14:00,21.2,80
143,措备,2026-06-07 15:00,21.5,78
143,措备,2026-06-07 16:00,22.3,73
143,措备,2026-06-07 17:00,22.1,72
143,措备,2026-06-07 18:00,22.2,67
143,措备,2026-06-07 19:00,21.6,72
143,措备,2026-06-07 20:00,20.9,72
143,措备,2026-06-07 21:00,20.6,72
143,措备,2026-06-07 22:00,20.1,75
143,措备,2026-06-07 23:00,19.7,75
143,措备,2026-06-08 00:00,19.6,75
143,措备,2026-06-08 01:00,19.3,76
143,措备,2026-06-08 02:00,18.5,89
143,措备,2026-06-08 03:00,18.1,91
143,措备,2026-06-08 04:00,18.1,94
143,措备,2026-06-08 05:00,18.2,93
143,措备,2026-06-08 06:00,18.1,93
143,措备,2026-06-08 07:00,18.4,94
143,措备,2026-06-08 08:00,18.4,95
143,措备,2026-06-08 09:00,19,90
143,措备,2026-06-08 10:00,19.3,89
143,措备,2026-06-08 11:00,20.4,84
143,措备,2026-06-08 12:00,21.5,76
143,措备,2026-06-08 13:00,22.5,70
143,措备,2026-06-08 14:00,22.9,65
143,措备,2026-06-08 15:00,24.1,57
143,措备,2026-06-08 16:00,23.9,51
143,措备,2026-06-08 17:00,23.7,51
143,措备,2026-06-08 18:00,23.3,47
143,措备,2026-06-08 19:00,22.4,52
143,措备,2026-06-08 20:00,21.5,59
143,措备,2026-06-08 21:00,20.5,64
143,措备,2026-06-08 22:00,18.7,75
143,措备,2026-06-08 23:00,19,79
143,措备,2026-06-09 00:00,18.6,82
143,措备,2026-06-09 01:00,17.7,81
143,措备,2026-06-09 02:00,16.9,83
143,措备,2026-06-09 03:00,16.4,89
143,措备,2026-06-09 04:00,16,92
143,措备,2026-06-09 05:00,15.6,93
143,措备,2026-06-09 06:00,15.8,93
143,措备,2026-06-09 07:00,16.9,89
143,措备,2026-06-09 08:00,19.2,78
143,措备,2026-06-09 09:00,20.3,68
143,措备,2026-06-09 10:00,21.5,61
143,措备,2026-06-09 11:00,22.7,60
143,措备,2026-06-09 12:00,23.6,54
143,措备,2026-06-09 13:00,24.8,47
143,措备,2026-06-09 14:00,25.5,42
143,措备,2026-06-09 15:00,27.1,38
143,措备,2026-06-09 16:00,26.6,36
143,措备,2026-06-09 17:00,27.4,34
143,措备,2026-06-09 18:00,26.3,40
143,措备,2026-06-09 19:00,25.7,43
143,措备,2026-06-09 20:00,24.2,49
143,措备,2026-06-09 21:00,22.9,60
143,措备,2026-06-09 22:00,22,64
143,措备,2026-06-09 23:00,21,69
143,措备,2026-06-10 00:00,20.6,73
143,措备,2026-06-10 01:00,20.2,75
143,措备,2026-06-10 02:00,18.5,81
143,措备,2026-06-10 03:00,17.9,84
143,措备,2026-06-10 04:00,17.3,86
143,措备,2026-06-10 05:00,16.9,87
143,措备,2026-06-10 06:00,17.1,86
143,措备,2026-06-10 07:00,19.4,75
143,措备,2026-06-10 08:00,21.2,64
143,措备,2026-06-10 09:00,23.2,45
143,措备,2026-06-10 10:00,24.4,41
143,措备,2026-06-10 11:00,25.9,38
143,措备,2026-06-10 12:00,27.3,33
143,措备,2026-06-10 13:00,25.9,36
143,措备,2026-06-10 14:00,27.8,35
143,措备,2026-06-10 15:00,28.4,27
143,措备,2026-06-10 16:00,28.7,26
143,措备,2026-06-10 17:00,28.3,29
143,措备,2026-06-10 18:00,27.7,29
143,措备,2026-06-10 19:00,26.8,31
143,措备,2026-06-10 20:00,25.8,33
143,措备,2026-06-10 21:00,25,36
143,措备,2026-06-10 22:00,23.5,41
143,措备,2026-06-10 23:00,21.7,48
143,措备,2026-06-11 00:00,20.5,51
143,措备,2026-06-11 01:00,19.6,53
143,措备,2026-06-11 02:00,18.3,58
143,措备,2026-06-11 03:00,17.7,61
143,措备,2026-06-11 04:00,16.8,64
143,措备,2026-06-11 05:00,16.2,69
143,措备,2026-06-11 06:00,16.6,64
143,措备,2026-06-11 07:00,19.2,57
143,措备,2026-06-11 08:00,21.1,51
143,措备,2026-06-11 09:00,22.8,49
143,措备,2026-06-11 10:00,23.7,46
143,措备,2026-06-11 11:00,25,39
143,措备,2026-06-11 12:00,26.5,32
143,措备,2026-06-11 13:00,27.3,33
143,措备,2026-06-11 14:00,27.8,31
143,措备,2026-06-11 15:00,28.1,28
143,措备,2026-06-11 16:00,28.2,26
143,措备,2026-06-11 17:00,27.8,26
143,措备,2026-06-11 18:00,27.5,31
143,措备,2026-06-11 19:00,25.9,32
143,措备,2026-06-11 20:00,24.4,36
143,措备,2026-06-11 21:00,23.7,41
143,措备,2026-06-11 22:00,23.1,47
143,措备,2026-06-11 23:00,22.4,53
143,措备,2026-06-12 00:00,21.8,54
143,措备,2026-06-12 01:00,21,57
143,措备,2026-06-12 02:00,20.7,58
143,措备,2026-06-12 03:00,19.9,61
143,措备,2026-06-12 04:00,18.9,60
143,措备,2026-06-12 05:00,17.8,64
143,措备,2026-06-12 06:00,18.2,62
143,措备,2026-06-12 07:00,20,52
143,措备,2026-06-12 08:00,21.5,47
143,措备,2026-06-12 09:00,22.7,45
143,措备,2026-06-12 10:00,24,42
143,措备,2026-06-12 11:00,25.7,40
143,措备,2026-06-12 12:00,26.8,35
143,措备,2026-06-12 13:00,27.8,33
143,措备,2026-06-12 14:00,29.1,28
143,措备,2026-06-12 15:00,29.4,27
143,措备,2026-06-12 16:00,30.7,24
143,措备,2026-06-12 17:00,30.2,23
143,措备,2026-06-12 18:00,29.5,25
143,措备,2026-06-12 19:00,28.3,28
143,措备,2026-06-12 20:00,26.7,33
143,措备,2026-06-12 21:00,25.4,36
143,措备,2026-06-12 22:00,23.5,47
143,措备,2026-06-12 23:00,22.8,48
143,措备,2026-06-13 00:00,21.3,53
143,措备,2026-06-13 01:00,20.8,56
143,措备,2026-06-13 02:00,20.2,59
143,措备,2026-06-13 03:00,18.9,67
143,措备,2026-06-13 04:00,18.1,70
143,措备,2026-06-13 05:00,17.2,74
143,措备,2026-06-13 06:00,18,75
143,措备,2026-06-13 07:00,20.2,64
143,措备,2026-06-13 08:00,22.9,55
143,措备,2026-06-13 09:00,24.5,47
143,措备,2026-06-13 10:00,26.9,33
143,措备,2026-06-13 11:00,28.3,26
143,措备,2026-06-13 12:00,30,20
143,措备,2026-06-13 13:00,30.7,18
143,措备,2026-06-13 14:00,30.8,17
143,措备,2026-06-13 15:00,31.7,21
143,措备,2026-06-13 16:00,32.1,20
143,措备,2026-06-13 17:00,32.4,17
143,措备,2026-06-13 18:00,31.3,19
143,措备,2026-06-13 19:00,28.9,34
143,措备,2026-06-13 20:00,26.9,41
143,措备,2026-06-13 21:00,25.9,43
143,措备,2026-06-13 22:00,24.4,45
143,措备,2026-06-13 23:00,23,52
143,措备,2026-06-14 00:00,21.9,57
143,措备,2026-06-14 01:00,20.9,60
143,措备,2026-06-14 02:00,20.6,66
143,措备,2026-06-14 03:00,20.2,65
143,措备,2026-06-14 04:00,19.8,67
143,措备,2026-06-14 05:00,19.1,70
143,措备,2026-06-14 06:00,19,70
143,措备,2026-06-14 07:00,20.5,66
143,措备,2026-06-14 08:00,22.1,60
143,措备,2026-06-14 09:00,23.5,54
143,措备,2026-06-14 10:00,25.1,48
143,措备,2026-06-14 11:00,26.7,44
143,措备,2026-06-14 12:00,28.8,39
143,措备,2026-06-14 13:00,30.2,27
143,措备,2026-06-14 14:00,30.2,25
143,措备,2026-06-14 15:00,30.5,26
143,措备,2026-06-14 16:00,30.9,27
143,措备,2026-06-14 17:00,29.7,31
143,措备,2026-06-14 18:00,27.8,41
143,措备,2026-06-14 19:00,26.5,41
143,措备,2026-06-14 20:00,25.3,44
143,措备,2026-06-14 21:00,24.6,45
143,措备,2026-06-14 22:00,23.3,53
143,措备,2026-06-14 23:00,22.2,61
143,措备,2026-06-15 00:00,21.1,67
143,措备,2026-06-15 01:00,20.5,72
143,措备,2026-06-15 02:00,20.1,78
143,措备,2026-06-15 03:00,19.6,79
143,措备,2026-06-15 04:00,18.9,81
143,措备,2026-06-15 05:00,18.6,85
143,措备,2026-06-15 06:00,18.7,84
143,措备,2026-06-15 07:00,20,77
143,措备,2026-06-15 08:00,21.7,71
143,措备,2026-06-15 09:00,24.8,59
143,措备,2026-06-15 10:00,26.2,50
143,措备,2026-06-15 11:00,28.1,37
143,措备,2026-06-15 12:00,28.9,35
143,措备,2026-06-15 13:00,29.9,36
143,措备,2026-06-15 14:00,30.1,34
143,措备,2026-06-15 15:00,29.2,38
143,措备,2026-06-15 16:00,29.6,39
143,措备,2026-06-15 17:00,29.2,39
143,措备,2026-06-15 18:00,28,40
143,措备,2026-06-15 19:00,26.8,41
143,措备,2026-06-15 20:00,25.6,44
143,措备,2026-06-15 21:00,24.6,53
143,措备,2026-06-15 22:00,23.5,58
143,措备,2026-06-15 23:00,22,67
143,措备,2026-06-16 00:00,21.2,71
143,措备,2026-06-16 01:00,20.6,73
143,措备,2026-06-16 02:00,20,78
143,措备,2026-06-16 03:00,19.3,82
143,措备,2026-06-16 04:00,18.6,84
143,措备,2026-06-16 05:00,18.1,84
143,措备,2026-06-16 06:00,18.4,81
143,措备,2026-06-16 07:00,19.7,74
143,措备,2026-06-16 08:00,20.9,70
143,措备,2026-06-16 09:00,23.3,62
143,措备,2026-06-16 10:00,26.5,47
143,措备,2026-06-16 11:00,27.7,44
143,措备,2026-06-16 12:00,28.3,42
143,措备,2026-06-16 13:00,29.7,39
143,措备,2026-06-16 14:00,30.3,39
143,措备,2026-06-16 15:00,29.4,42
143,措备,2026-06-16 16:00,30.3,36
143,措备,2026-06-16 17:00,30.1,35
143,措备,2026-06-16 18:00,28.9,42
143,措备,2026-06-16 19:00,27.4,50
143,措备,2026-06-16 20:00,25.9,54
143,措备,2026-06-16 21:00,24.9,57
143,措备,2026-06-16 22:00,24,60
143,措备,2026-06-16 23:00,22.8,65
143,措备,2026-06-17 00:00,22.1,69
143,措备,2026-06-17 01:00,21.9,71
143,措备,2026-06-17 02:00,21.3,74
143,措备,2026-06-17 03:00,20.8,77
143,措备,2026-06-17 04:00,20.5,79
143,措备,2026-06-17 05:00,19.9,82
143,措备,2026-06-17 06:00,20.2,81
143,措备,2026-06-17 07:00,21.7,73
143,措备,2026-06-17 08:00,22.8,69
143,措备,2026-06-17 09:00,24.7,61
143,措备,2026-06-17 10:00,27.1,54
143,措备,2026-06-17 11:00,27.6,51
143,措备,2026-06-17 12:00,28.8,46
143,措备,2026-06-17 13:00,29.8,45
143,措备,2026-06-17 14:00,31.2,44
143,措备,2026-06-17 15:00,31.3,45
143,措备,2026-06-17 16:00,31.9,39
143,措备,2026-06-17 17:00,31,42
143,措备,2026-06-17 18:00,30.1,47
143,措备,2026-06-17 19:00,28.7,52
143,措备,2026-06-17 20:00,27.8,55
143,措备,2026-06-17 21:00,27,57
143,措备,2026-06-17 22:00,26.4,58
143,措备,2026-06-17 23:00,26,60
143,措备,2026-06-18 00:00,25.7,61
143,措备,2026-06-18 01:00,24.9,64
143,措备,2026-06-18 02:00,24.2,71
143,措备,2026-06-18 03:00,22.6,84
143,措备,2026-06-18 04:00,22.4,84
143,措备,2026-06-18 05:00,22.4,84
143,措备,2026-06-18 06:00,22.4,85
143,措备,2026-06-18 07:00,23,84
143,措备,2026-06-18 08:00,24,77
143,措备,2026-06-18 09:00,25.8,69
143,措备,2026-06-18 10:00,26.7,62
143,措备,2026-06-18 11:00,27.2,62
143,措备,2026-06-18 12:00,28.3,55
143,措备,2026-06-18 13:00,29.8,52
143,措备,2026-06-18 14:00,31.3,45
143,措备,2026-06-18 15:00,31.3,44
143,措备,2026-06-18 16:00,32.1,41
143,措备,2026-06-18 17:00,33,39
143,措备,2026-06-18 18:00,31.3,47
143,措备,2026-06-18 19:00,30.4,50
143,措备,2026-06-18 20:00,29.6,53
143,措备,2026-06-18 21:00,28.8,57
143,措备,2026-06-18 22:00,27.4,62
143,措备,2026-06-18 23:00,27,64
143,措备,2026-06-19 00:00,26.1,68
143,措备,2026-06-19 01:00,25.5,71
143,措备,2026-06-19 02:00,24.7,74
143,措备,2026-06-19 03:00,24.1,77
143,措备,2026-06-19 04:00,23.9,78
143,措备,2026-06-19 05:00,23.3,80
143,措备,2026-06-19 06:00,23.3,81
143,措备,2026-06-19 07:00,24.7,76
143,措备,2026-06-19 08:00,25.5,73
143,措备,2026-06-19 09:00,26.5,69
143,措备,2026-06-19 10:00,27.7,64
143,措备,2026-06-19 11:00,28.6,60
143,措备,2026-06-19 12:00,29.9,56
143,措备,2026-06-19 13:00,30,54
143,措备,2026-06-19 14:00,29.8,55
143,措备,2026-06-19 15:00,29.6,60
143,措备,2026-06-19 16:00,28,68
143,措备,2026-06-19 17:00,27,76
143,措备,2026-06-19 18:00,25.9,80
143,措备,2026-06-19 19:00,25.6,78
143,措备,2026-06-19 20:00,24.4,85
143,措备,2026-06-19 21:00,23.7,89
143,措备,2026-06-19 22:00,23.2,92
143,措备,2026-06-19 23:00,23.2,91
143,措备,2026-06-20 00:00,22.7,90
143,措备,2026-06-20 01:00,22.4,92
143,措备,2026-06-20 02:00,22.6,92
143,措备,2026-06-20 03:00,22.6,94
143,措备,2026-06-20 04:00,22.7,93
143,措备,2026-06-20 05:00,22.3,95
143,措备,2026-06-20 06:00,22.3,96
143,措备,2026-06-20 07:00,22.8,97
143,措备,2026-06-20 08:00,23.5,95
143,措备,2026-06-20 09:00,24.9,90
143,措备,2026-06-20 10:00,26.5,82
143,措备,2026-06-20 11:00,29.4,61
143,措备,2026-06-20 12:00,28.8,63
143,措备,2026-06-20 13:00,28,68
143,措备,2026-06-20 14:00,31,57
143,措备,2026-06-20 15:00,30.4,56
143,措备,2026-06-20 16:00,30.7,51
143,措备,2026-06-20 17:00,29,55
143,措备,2026-06-20 18:00,28.5,57
143,措备,2026-06-20 19:00,26.9,61
143,措备,2026-06-20 20:00,26.2,63
143,措备,2026-06-20 21:00,25.9,61
143,措备,2026-06-20 22:00,25,65
143,措备,2026-06-20 23:00,24.2,68
143,措备,2026-06-21 00:00,24.1,67
143,措备,2026-06-21 01:00,23.7,70
143,措备,2026-06-21 02:00,23.2,72
143,措备,2026-06-21 03:00,23.1,72
143,措备,2026-06-21 04:00,22.8,73
143,措备,2026-06-21 05:00,22.6,73
143,措备,2026-06-21 06:00,22.8,71
143,措备,2026-06-21 07:00,23.4,68
143,措备,2026-06-21 08:00,24.5,62
143,措备,2026-06-21 09:00,25.4,58
143,措备,2026-06-21 10:00,25.6,58
143,措备,2026-06-21 11:00,26.8,50
143,措备,2026-06-21 12:00,27.9,49
143,措备,2026-06-21 13:00,28,49
143,措备,2026-06-21 14:00,28,47
143,措备,2026-06-21 15:00,27.8,47
143,措备,2026-06-21 16:00,27.8,47
143,措备,2026-06-21 17:00,27.9,49
143,措备,2026-06-21 18:00,25.6,61
143,措备,2026-06-21 19:00,24.2,64
143,措备,2026-06-21 20:00,23.6,65
143,措备,2026-06-21 21:00,22.9,67
143,措备,2026-06-21 22:00,22.1,70
143,措备,2026-06-21 23:00,21.8,71
143,措备,2026-06-22 00:00,20.7,77
143,措备,2026-06-22 01:00,20.4,78
143,措备,2026-06-22 02:00,20.2,79
143,措备,2026-06-22 03:00,19.9,80
143,措备,2026-06-22 04:00,20,80
143,措备,2026-06-22 05:00,19.9,81
143,措备,2026-06-22 06:00,19.7,83
143,措备,2026-06-22 07:00,20.4,80
143,措备,2026-06-22 08:00,20.6,79
143,措备,2026-06-22 09:00,21.2,70
143,措备,2026-06-22 10:00,21.1,71
143,措备,2026-06-22 11:00,22.2,66
143,措备,2026-06-22 12:00,22.8,62
143,措备,2026-06-22 13:00,22.6,63
143,措备,2026-06-22 14:00,22.3,61
143,措备,2026-06-22 15:00,22.1,64
143,措备,2026-06-22 16:00,21.8,67
143,措备,2026-06-22 17:00,21.4,67
143,措备,2026-06-22 18:00,21.2,68
143,措备,2026-06-22 19:00,20.8,71
143,措备,2026-06-22 20:00,20.1,72
143,措备,2026-06-22 21:00,19.9,74
143,措备,2026-06-22 22:00,19.7,75
143,措备,2026-06-22 23:00,19.3,78
143,措备,2026-06-23 00:00,18.9,80
143,措备,2026-06-23 01:00,18.6,83
143,措备,2026-06-23 02:00,18.5,84
143,措备,2026-06-23 03:00,18.3,84
143,措备,2026-06-23 04:00,17.8,87
143,措备,2026-06-23 05:00,18.6,80
143,措备,2026-06-23 06:00,18.7,79
143,措备,2026-06-23 07:00,18.7,80
143,措备,2026-06-23 08:00,19.2,78
143,措备,2026-06-23 09:00,19.8,75
143,措备,2026-06-23 10:00,20.3,72
143,措备,2026-06-23 11:00,20.6,71
143,措备,2026-06-23 12:00,20.8,69
143,措备,2026-06-23 13:00,22,66
143,措备,2026-06-23 14:00,22,65
143,措备,2026-06-23 15:00,21.9,64
143,措备,2026-06-23 16:00,21.6,65
143,措备,2026-06-23 17:00,21,68
143,措备,2026-06-23 18:00,20.4,70
143,措备,2026-06-23 19:00,19.8,75
143,措备,2026-06-23 20:00,19.4,79
143,措备,2026-06-23 21:00,19.6,76
143,措备,2026-06-23 22:00,19.7,75
143,措备,2026-06-23 23:00,19.6,77
143,措备,2026-06-24 00:00,19,83
143,措备,2026-06-24 01:00,19.5,76
143,措备,2026-06-24 02:00,19.6,74
143,措备,2026-06-24 03:00,19.7,72
143,措备,2026-06-24 04:00,19.6,73
143,措备,2026-06-24 05:00,19.4,76
143,措备,2026-06-24 06:00,19.6,75
143,措备,2026-06-24 07:00,19.9,73
143,措备,2026-06-24 08:00,20.6,70
143,措备,2026-06-24 09:00,21.6,66
143,措备,2026-06-24 10:00,22.1,62
143,措备,2026-06-24 11:00,22.7,61
143,措备,2026-06-24 12:00,22.4,60
143,措备,2026-06-24 13:00,22.4,63
143,措备,2026-06-24 14:00,22.3,62
143,措备,2026-06-24 15:00,22.1,64
143,措备,2026-06-24 16:00,21.6,64
143,措备,2026-06-24 17:00,21.7,62
143,措备,2026-06-24 18:00,21.5,65
143,措备,2026-06-24 19:00,21,66
143,措备,2026-06-24 20:00,20.8,68
143,措备,2026-06-24 21:00,20.1,74
143,措备,2026-06-24 22:00,19.6,80
143,措备,2026-06-24 23:00,19.5,82
143,措备,2026-06-25 00:00,19.7,79
143,措备,2026-06-25 01:00,19.5,80
143,措备,2026-06-25 02:00,19.7,79
143,措备,2026-06-25 03:00,19.6,81
143,措备,2026-06-25 04:00,19.7,80
143,措备,2026-06-25 05:00,19.7,80
143,措备,2026-06-25 06:00,19.9,80
143,措备,2026-06-25 07:00,20.3,80
143,措备,2026-06-25 08:00,21,78
143,措备,2026-06-25 09:00,21.7,75
143,措备,2026-06-25 10:00,21.8,75
143,措备,2026-06-25 11:00,22.1,72
143,措备,2026-06-25 12:00,23.1,69
143,措备,2026-06-25 13:00,24.2,66
143,措备,2026-06-25 14:00,23.8,68
143,措备,2026-06-25 15:00,23.8,71
143,措备,2026-06-25 16:00,23.5,74
143,措备,2026-06-25 17:00,23.4,74
143,措备,2026-06-25 18:00,22.8,76
143,措备,2026-06-25 19:00,22.6,77
143,措备,2026-06-25 20:00,22.2,78
143,措备,2026-06-25 21:00,21.7,82
143,措备,2026-06-25 22:00,21,86
143,措备,2026-06-25 23:00,20.9,86
143,措备,2026-06-26 00:00,20.5,88
143,措备,2026-06-26 01:00,20.3,89
143,措备,2026-06-26 02:00,20,90
143,措备,2026-06-26 03:00,19.7,91
143,措备,2026-06-26 04:00,19.7,91
143,措备,2026-06-26 05:00,19.6,92
143,措备,2026-06-26 06:00,19.6,93
143,措备,2026-06-26 07:00,21.3,86
143,措备,2026-06-26 08:00,23.5,71
143,措备,2026-06-26 09:00,24.6,59
143,措备,2026-06-26 10:00,25.9,55
143,措备,2026-06-26 11:00,27.1,49
143,措备,2026-06-26 12:00,27.4,43
143,措备,2026-06-26 13:00,28.2,41
143,措备,2026-06-26 14:00,29.3,37
143,措备,2026-06-26 15:00,29.6,36
143,措备,2026-06-26 16:00,26.1,58
143,措备,2026-06-26 17:00,25.9,58
143,措备,2026-06-26 18:00,24.2,61
143,措备,2026-06-26 19:00,22.1,67
143,措备,2026-06-26 20:00,21,70
143,措备,2026-06-26 21:00,20.3,73
143,措备,2026-06-26 22:00,19.9,75
143,措备,2026-06-26 23:00,19.5,77
143,措备,2026-06-27 00:00,19,78
143,措备,2026-06-27 01:00,18.9,78
143,措备,2026-06-27 02:00,18.5,80
143,措备,2026-06-27 03:00,17.5,86
143,措备,2026-06-27 04:00,16.9,88
143,措备,2026-06-27 05:00,16.7,90
143,措备,2026-06-27 06:00,16.6,91
143,措备,2026-06-27 07:00,18.3,81
143,措备,2026-06-27 08:00,20.3,72
143,措备,2026-06-27 09:00,20.8,73
143,措备,2026-06-27 10:00,22,67
143,措备,2026-06-27 11:00,23.4,62
143,措备,2026-06-27 12:00,25,54
143,措备,2026-06-27 13:00,26.5,47
143,措备,2026-06-27 14:00,26.5,47
143,措备,2026-06-27 15:00,27.8,42
143,措备,2026-06-27 16:00,28.6,39
143,措备,2026-06-27 17:00,28.1,39
143,措备,2026-06-27 18:00,27.5,39
143,措备,2026-06-27 19:00,26.2,43
143,措备,2026-06-27 20:00,24.3,44
143,措备,2026-06-27 21:00,22.9,45
143,措备,2026-06-27 22:00,21.3,50
143,措备,2026-06-27 23:00,20,57
143,措备,2026-06-28 00:00,19.1,62
143,措备,2026-06-28 01:00,17.9,66
143,措备,2026-06-28 02:00,17.4,70
143,措备,2026-06-28 03:00,16.4,76
143,措备,2026-06-28 04:00,15.7,80
143,措备,2026-06-28 05:00,15.6,84
143,措备,2026-06-28 06:00,16.1,81
143,措备,2026-06-28 07:00,18,70
143,措备,2026-06-28 08:00,19.8,65
143,措备,2026-06-28 09:00,22.7,57
143,措备,2026-06-28 10:00,24.2,56
143,措备,2026-06-28 11:00,26.4,45
143,措备,2026-06-28 12:00,28.2,40
143,措备,2026-06-28 13:00,29.3,34
143,措备,2026-06-28 14:00,30.5,33
143,措备,2026-06-28 15:00,31.2,29
143,措备,2026-06-28 16:00,31.6,31
143,措备,2026-06-28 17:00,30.9,34
143,措备,2026-06-28 18:00,29.1,39
143,措备,2026-06-28 19:00,27.4,47
143,措备,2026-06-28 20:00,25.6,54
143,措备,2026-06-28 21:00,23.9,59
143,措备,2026-06-28 22:00,22.8,64
143,措备,2026-06-28 23:00,22,69
143,措备,2026-06-29 00:00,21.5,74
143,措备,2026-06-29 01:00,20.6,78
143,措备,2026-06-29 02:00,20,81
143,措备,2026-06-29 03:00,19.6,83
143,措备,2026-06-29 04:00,19.1,86
143,措备,2026-06-29 05:00,18.5,88
143,措备,2026-06-29 06:00,18.6,89
143,措备,2026-06-29 07:00,20,81
143,措备,2026-06-29 08:00,21.7,75
143,措备,2026-06-29 09:00,23.4,69
143,措备,2026-06-29 10:00,25.9,60
143,措备,2026-06-29 11:00,27.4,56
143,措备,2026-06-29 12:00,29.1,41
143,措备,2026-06-29 13:00,30,36
143,措备,2026-06-29 14:00,30.7,34
143,措备,2026-06-29 15:00,30.5,33
143,措备,2026-06-29 16:00,30.8,35
143,措备,2026-06-29 17:00,30.4,37
143,措备,2026-06-29 18:00,29.3,48
143,措备,2026-06-29 19:00,27.1,55
143,措备,2026-06-29 20:00,25.3,61
143,措备,2026-06-29 21:00,24.1,65
143,措备,2026-06-29 22:00,23,70
143,措备,2026-06-29 23:00,22.2,74
143,措备,2026-06-30 00:00,21.4,78
143,措备,2026-06-30 01:00,21.2,79
143,措备,2026-06-30 02:00,21.1,79
143,措备,2026-06-30 03:00,20.9,80
143,措备,2026-06-30 04:00,20.7,81
143,措备,2026-06-30 05:00,20.1,84
143,措备,2026-06-30 06:00,20.1,84
143,措备,2026-06-30 07:00,20.8,81
143,措备,2026-06-30 08:00,22.2,73
143,措备,2026-06-30 09:00,24.1,64
143,措备,2026-06-30 10:00,25.7,59
143,措备,2026-06-30 11:00,27.3,55
143,措备,2026-06-30 12:00,29.2,42
143,措备,2026-06-30 13:00,30.4,33
143,措备,2026-06-30 14:00,31.2,32
143,措备,2026-06-30 15:00,31.7,32
143,措备,2026-06-30 16:00,30.7,39
143,措备,2026-06-30 17:00,30.2,42
143,措备,2026-06-30 18:00,29,48
143,措备,2026-06-30 19:00,27.8,56
143,措备,2026-06-30 20:00,26.4,60
143,措备,2026-06-30 21:00,25.2,65
143,措备,2026-06-30 22:00,24.1,70
143,措备,2026-06-30 23:00,23,75
143,措备,2026-07-01 00:00,22.5,78
143,措备,2026-07-01 01:00,22.2,79
143,措备,2026-07-01 02:00,22,81
143,措备,2026-07-01 03:00,22.2,80
143,措备,2026-07-01 04:00,22,81
143,措备,2026-07-01 05:00,21.5,86
143,措备,2026-07-01 06:00,20.8,93
143,措备,2026-07-01 07:00,20.9,92
143,措备,2026-07-01 08:00,20.7,93
143,措备,2026-07-01 09:00,20.8,93
143,措备,2026-07-01 10:00,21.3,85
143,措备,2026-07-01 11:00,22.1,68
143,措备,2026-07-01 12:00,21.4,82
143,措备,2026-07-01 13:00,21.3,87
143,措备,2026-07-01 14:00,22.3,78
143,措备,2026-07-01 15:00,22.4,74
143,措备,2026-07-01 16:00,21.9,78
143,措备,2026-07-01 17:00,21.6,80
143,措备,2026-07-01 18:00,21.3,81
143,措备,2026-07-01 19:00,21.1,82
143,措备,2026-07-01 20:00,21.2,81
143,措备,2026-07-01 21:00,21.3,83
143,措备,2026-07-01 22:00,20.9,86
143,措备,2026-07-01 23:00,20.7,84
143,措备,2026-07-02 00:00,20,88
143,措备,2026-07-02 01:00,20.1,88
143,措备,2026-07-02 02:00,20,89
143,措备,2026-07-02 03:00,20.2,88
143,措备,2026-07-02 04:00,20.3,88
143,措备,2026-07-02 05:00,20.2,89
143,措备,2026-07-02 06:00,19.8,90
143,措备,2026-07-02 07:00,21.2,85
143,措备,2026-07-02 08:00,23.1,75
143,措备,2026-07-02 09:00,24.2,61
143,措备,2026-07-02 10:00,24.7,62
143,措备,2026-07-02 11:00,26.2,55
143,措备,2026-07-02 12:00,27.4,50
143,措备,2026-07-02 13:00,27.3,52
143,措备,2026-07-02 14:00,28.6,47
143,措备,2026-07-02 15:00,28.3,47
143,措备,2026-07-02 16:00,28.6,49
143,措备,2026-07-02 17:00,28.4,49
143,措备,2026-07-02 18:00,28.1,52
143,措备,2026-07-02 19:00,27.6,55
143,措备,2026-07-02 20:00,26.4,62
143,措备,2026-07-02 21:00,25.4,68
143,措备,2026-07-02 22:00,24.3,75
143,措备,2026-07-02 23:00,23.6,79
143,措备,2026-07-03 00:00,23.2,82
143,措备,2026-07-03 01:00,22.9,82
143,措备,2026-07-03 02:00,22.9,84
143,措备,2026-07-03 03:00,22.4,89
143,措备,2026-07-03 04:00,22.2,87
143,措备,2026-07-03 05:00,22.3,85
143,措备,2026-07-03 06:00,22.3,85
143,措备,2026-07-03 07:00,23,80
143,措备,2026-07-03 08:00,24.3,75
143,措备,2026-07-03 09:00,25.9,68
143,措备,2026-07-03 10:00,27.3,62
143,措备,2026-07-03 11:00,28.1,55
143,措备,2026-07-03 12:00,29.1,52
143,措备,2026-07-03 13:00,29.3,52
143,措备,2026-07-03 14:00,29.9,50
143,措备,2026-07-03 15:00,29.8,51
143,措备,2026-07-03 16:00,29.8,51
143,措备,2026-07-03 17:00,29.1,54
143,措备,2026-07-03 18:00,29.1,53
143,措备,2026-07-03 19:00,28.4,57
143,措备,2026-07-03 20:00,26.4,65
143,措备,2026-07-03 21:00,25.5,69
143,措备,2026-07-03 22:00,24.9,71
143,措备,2026-07-03 23:00,24.6,74
143,措备,2026-07-04 00:00,24.2,77
143,措备,2026-07-04 01:00,23.9,78
143,措备,2026-07-04 02:00,23.7,79
143,措备,2026-07-04 03:00,23.5,80
143,措备,2026-07-04 04:00,23.6,80
143,措备,2026-07-04 05:00,23.5,80
143,措备,2026-07-04 06:00,23.3,81
143,措备,2026-07-04 07:00,23.5,80
143,措备,2026-07-04 08:00,23.7,80
143,措备,2026-07-04 09:00,24.7,75
143,措备,2026-07-04 10:00,25.9,70
143,措备,2026-07-04 11:00,27.3,64
143,措备,2026-07-04 12:00,27.8,62
143,措备,2026-07-04 13:00,29,56
143,措备,2026-07-04 14:00,30.1,49
143,措备,2026-07-04 15:00,30.2,50
143,措备,2026-07-04 16:00,30.7,47
143,措备,2026-07-04 17:00,31.4,44
143,措备,2026-07-04 18:00,30.5,48
143,措备,2026-07-04 19:00,29.3,53
143,措备,2026-07-04 20:00,28.1,57
143,措备,2026-07-04 21:00,27,62
143,措备,2026-07-04 22:00,26.3,67
143,措备,2026-07-04 23:00,25.7,70
143,措备,2026-07-05 00:00,25.6,72
143,措备,2026-07-05 01:00,24.9,77
143,措备,2026-07-05 02:00,24.2,81
143,措备,2026-07-05 03:00,23.8,86
143,措备,2026-07-05 04:00,23.6,85
143,措备,2026-07-05 05:00,23.4,86
143,措备,2026-07-05 06:00,23,88
143,措备,2026-07-05 07:00,23.1,90
143,措备,2026-07-05 08:00,23.9,86
143,措备,2026-07-05 09:00,25.2,81
143,措备,2026-07-05 10:00,26.7,74
143,措备,2026-07-05 11:00,26.5,74
143,措备,2026-07-05 12:00,26.7,73
143,措备,2026-07-05 13:00,26,80
143,措备,2026-07-05 14:00,27.1,76
143,措备,2026-07-05 15:00,28.1,71
143,措备,2026-07-05 16:00,30.1,59
143,措备,2026-07-05 17:00,30.4,58
143,措备,2026-07-05 18:00,28.8,63
143,措备,2026-07-05 19:00,28,67
143,措备,2026-07-05 20:00,27,71
143,措备,2026-07-05 21:00,26.6,72
143,措备,2026-07-05 22:00,26,73
143,措备,2026-07-05 23:00,26,75
143,措备,2026-07-06 00:00,25.7,75
143,措备,2026-07-06 01:00,25.5,77
143,措备,2026-07-06 02:00,24.9,81
143,措备,2026-07-06 03:00,24.3,86
143,措备,2026-07-06 04:00,24.1,86
143,措备,2026-07-06 05:00,24.1,87
143,措备,2026-07-06 06:00,24.2,86
143,措备,2026-07-06 07:00,25,83
143,措备,2026-07-06 08:00,24.9,83
143,措备,2026-07-06 09:00,25.4,81
143,措备,2026-07-06 10:00,25.7,80
143,措备,2026-07-06 11:00,27.8,71
143,措备,2026-07-06 12:00,29.6,63
143,措备,2026-07-06 13:00,30.6,59
143,措备,2026-07-06 14:00,32.2,52
143,措备,2026-07-06 15:00,32.9,49
143,措备,2026-07-06 16:00,33.3,48
143,措备,2026-07-06 17:00,32.1,52
143,措备,2026-07-06 18:00,33,52
143,措备,2026-07-06 19:00,31.3,56
143,措备,2026-07-06 20:00,29.6,64
143,措备,2026-07-06 21:00,28.8,67
143,措备,2026-07-06 22:00,28,72
143,措备,2026-07-06 23:00,27.2,75
143,措备,2026-07-07 00:00,26.5,78
143,措备,2026-07-07 01:00,26.1,80
143,措备,2026-07-07 02:00,25.6,84
143,措备,2026-07-07 03:00,25.8,82
143,措备,2026-07-07 04:00,25.8,83
143,措备,2026-07-07 05:00,25.6,84
143,措备,2026-07-07 06:00,25.7,83
143,措备,2026-07-07 07:00,26.2,82
143,措备,2026-07-07 08:00,24.9,90
143,措备,2026-07-07 09:00,24.8,93
143,措备,2026-07-07 10:00,25.7,87
143,措备,2026-07-07 11:00,28,78
143,措备,2026-07-07 12:00,28.9,70
143,措备,2026-07-07 13:00,29.1,72
143,措备,2026-07-07 14:00,30.3,66
143,措备,2026-07-07 15:00,33.2,53
143,措备,2026-07-07 16:00,32.4,55
143,措备,2026-07-07 17:00,31.9,57
143,措备,2026-07-07 18:00,31.1,62
143,措备,2026-07-07 19:00,30.5,64
143,措备,2026-07-07 20:00,29.1,69
143,措备,2026-07-07 21:00,28.1,73
143,措备,2026-07-07 22:00,27.3,75
143,措备,2026-07-07 23:00,27.2,74
143,措备,2026-07-08 00:00,26.5,74
143,措备,2026-07-08 01:00,26.1,70
143,措备,2026-07-08 02:00,25.7,73
143,措备,2026-07-08 03:00,25.2,75
143,措备,2026-07-08 04:00,25.4,73
143,措备,2026-07-08 05:00,25.4,72
143,措备,2026-07-08 06:00,25.6,73
143,措备,2026-07-08 07:00,26.9,68
143,措备,2026-07-08 08:00,28.2,63
143,措备,2026-07-08 09:00,28.9,61
143,措备,2026-07-08 10:00,29.3,58
143,措备,2026-07-08 11:00,30.3,55
143,措备,2026-07-08 12:00,31.6,51
143,措备,2026-07-08 13:00,32.2,50
143,措备,2026-07-08 14:00,31.8,50
143,措备,2026-07-08 15:00,31.5,51
143,措备,2026-07-08 16:00,30.7,56
143,措备,2026-07-08 17:00,30.2,60
143,措备,2026-07-08 18:00,30,61
143,措备,2026-07-08 19:00,28.9,67
143,措备,2026-07-08 20:00,28.1,71
143,措备,2026-07-08 21:00,27.9,73
143,措备,2026-07-08 22:00,27.7,74
143,措备,2026-07-08 23:00,27.8,73
143,措备,2026-07-09 00:00,27.8,73
143,措备,2026-07-09 01:00,28,71
143,措备,2026-07-09 02:00,27.9,71
143,措备,2026-07-09 03:00,27.5,73
143,措备,2026-07-09 04:00,26.4,76
143,措备,2026-07-09 05:00,25.6,81
143,措备,2026-07-09 06:00,25.4,89
143,措备,2026-07-09 07:00,25.5,86
143,措备,2026-07-09 08:00,25.8,85
143,措备,2026-07-09 09:00,26.9,80
143,措备,2026-07-09 10:00,27.3,76
143,措备,2026-07-09 11:00,30.1,56
143,措备,2026-07-09 12:00,30.5,54
143,措备,2026-07-09 13:00,30.4,56
143,措备,2026-07-09 14:00,30.6,55
143,措备,2026-07-09 15:00,28.5,69
143,措备,2026-07-09 16:00,30.3,63
143,措备,2026-07-09 17:00,29.8,64
143,措备,2026-07-09 18:00,28.9,66
143,措备,2026-07-09 19:00,28.7,69
143,措备,2026-07-09 20:00,28.4,68
143,措备,2026-07-09 21:00,27.7,69
143,措备,2026-07-09 22:00,27.2,69
143,措备,2026-07-09 23:00,26.7,70
143,措备,2026-07-10 00:00,26.4,71
143,措备,2026-07-10 01:00,25.8,74
143,措备,2026-07-10 02:00,25.5,76
143,措备,2026-07-10 03:00,25.4,76
143,措备,2026-07-10 04:00,25,78
143,措备,2026-07-10 05:00,24.6,80
143,措备,2026-07-10 06:00,24.6,81
143,措备,2026-07-10 07:00,26.9,72
143,措备,2026-07-10 08:00,28.6,67
143,措备,2026-07-10 09:00,29.2,63
143,措备,2026-07-10 10:00,30.2,60
143,措备,2026-07-10 11:00,31.3,54
143,措备,2026-07-10 12:00,33.4,49
143,措备,2026-07-10 13:00,34.2,47
143,措备,2026-07-10 14:00,33.6,46
143,措备,2026-07-10 15:00,33.4,46
143,措备,2026-07-10 16:00,33.6,47
143,措备,2026-07-10 17:00,32.8,51
143,措备,2026-07-10 18:00,32.7,52
143,措备,2026-07-10 19:00,31,57
143,措备,2026-07-10 20:00,30.1,60
143,措备,2026-07-10 21:00,29,65
143,措备,2026-07-10 22:00,28.7,65
143,措备,2026-07-10 23:00,27.9,70
143,措备,2026-07-11 00:00,27,72
143,措备,2026-07-11 01:00,26.5,74
143,措备,2026-07-11 02:00,25.5,78
143,措备,2026-07-11 03:00,24.8,80
143,措备,2026-07-11 04:00,24.2,84
143,措备,2026-07-11 05:00,23.8,85
143,措备,2026-07-11 06:00,24.2,86
143,措备,2026-07-11 07:00,26.8,72
143,措备,2026-07-11 08:00,28.8,66
143,措备,2026-07-11 09:00,30.5,61
143,措备,2026-07-11 10:00,31.2,56
143,措备,2026-07-11 11:00,33.5,51
143,措备,2026-07-11 12:00,34.3,45
143,措备,2026-07-11 13:00,35.3,41
143,措备,2026-07-11 14:00,36.9,38
143,措备,2026-07-11 15:00,36.2,39
143,措备,2026-07-11 16:00,36.1,39
143,措备,2026-07-11 17:00,36,39
143,措备,2026-07-11 18:00,36.1,37
143,措备,2026-07-11 19:00,34.6,40
143,措备,2026-07-11 20:00,32.7,45
143,措备,2026-07-11 21:00,31.4,49
143,措备,2026-07-11 22:00,30.6,52
143,措备,2026-07-11 23:00,29.1,58
143,措备,2026-07-12 00:00,28.4,61
143,措备,2026-07-12 01:00,27.9,64
143,措备,2026-07-12 02:00,26.9,68
143,措备,2026-07-12 03:00,26.1,72
143,措备,2026-07-12 04:00,25.6,75
143,措备,2026-07-12 05:00,25.4,76
143,措备,2026-07-12 06:00,25.8,74
143,措备,2026-07-12 07:00,27.5,68
143,措备,2026-07-12 08:00,29.8,60
143,措备,2026-07-12 09:00,31.2,55
143,措备,2026-07-12 10:00,32.8,51
143,措备,2026-07-12 11:00,32.9,51
143,措备,2026-07-12 12:00,33.5,50
143,措备,2026-07-12 13:00,34.8,46
143,措备,2026-07-12 14:00,34.6,45
143,措备,2026-07-12 15:00,34.5,47
143,措备,2026-07-12 16:00,33.6,50
143,措备,2026-07-12 17:00,33.5,50
143,措备,2026-07-12 18:00,33.1,51
143,措备,2026-07-12 19:00,32.5,54
143,措备,2026-07-12 20:00,31,59
143,措备,2026-07-12 21:00,30.1,62
143,措备,2026-07-12 22:00,29.2,66
143,措备,2026-07-12 23:00,29.1,66
143,措备,2026-07-13 00:00,28.9,67
143,措备,2026-07-13 01:00,28,71
143,措备,2026-07-13 02:00,28,73
143,措备,2026-07-13 03:00,27.7,74
143,措备,2026-07-13 04:00,27.5,76
143,措备,2026-07-13 05:00,27.3,76
143,措备,2026-07-13 06:00,27.4,76
143,措备,2026-07-13 07:00,29.1,69
143,措备,2026-07-13 08:00,30.8,62
143,措备,2026-07-13 09:00,32.9,53
143,措备,2026-07-13 10:00,32.5,53
143,措备,2026-07-13 11:00,33.1,51
143,措备,2026-07-13 12:00,33.5,49
143,措备,2026-07-13 13:00,34.6,45
143,措备,2026-07-13 14:00,35.1,43
143,措备,2026-07-13 15:00,34.8,44
143,措备,2026-07-13 16:00,34.7,45
143,措备,2026-07-13 17:00,33.9,48
143,措备,2026-07-13 18:00,33.2,47
143,措备,2026-07-13 19:00,32,52
143,措备,2026-07-13 20:00,30.5,58
143,措备,2026-07-13 21:00,29.6,60
143,措备,2026-07-13 22:00,28.8,63
143,措备,2026-07-13 23:00,28.8,65
143,措备,2026-07-14 00:00,28.4,68
143,措备,2026-07-14 01:00,28.2,71
143,措备,2026-07-14 02:00,27.7,72
143,措备,2026-07-14 03:00,27.5,75
143,措备,2026-07-14 04:00,27.2,75
143,措备,2026-07-14 05:00,27.2,75
143,措备,2026-07-14 06:00,27.5,75
143,措备,2026-07-14 07:00,28.5,71
143,措备,2026-07-14 08:00,28.6,70
143,措备,2026-07-14 09:00,29.2,68
143,措备,2026-07-14 10:00,30.9,60
143,措备,2026-07-14 11:00,31.7,56
143,措备,2026-07-14 12:00,33.4,49
143,措备,2026-07-14 13:00,33.3,52
143,措备,2026-07-14 14:00,33.2,52
143,措备,2026-07-14 15:00,33.3,52
143,措备,2026-07-14 16:00,32.6,56
143,措备,2026-07-14 17:00,31.4,57
143,措备,2026-07-14 18:00,30.9,59
143,措备,2026-07-14 19:00,29.9,63
143,措备,2026-07-14 20:00,29.7,63
143,措备,2026-07-14 21:00,29.6,62
143,措备,2026-07-14 22:00,29.6,63
143,措备,2026-07-14 23:00,29.3,66
143,措备,2026-07-15 00:00,29.2,66
143,措备,2026-07-15 01:00,28.1,75
143,措备,2026-07-15 02:00,28.2,72
143,措备,2026-07-15 03:00,27.9,77
143,措备,2026-07-15 04:00,28.3,74
143,措备,2026-07-15 05:00,29.2,67
143,措备,2026-07-15 06:00,29.8,64
143,措备,2026-07-15 07:00,30.4,63
143,措备,2026-07-15 08:00,31.5,60
143,措备,2026-07-15 09:00,32.7,56
143,措备,2026-07-15 10:00,34,52
143,措备,2026-07-15 11:00,33.7,55
143,措备,2026-07-15 12:00,34.3,51
143,措备,2026-07-15 13:00,34.6,45
143,措备,2026-07-15 14:00,35.5,39
143,措备,2026-07-15 15:00,35.8,28
143,措备,2026-07-15 16:00,35.7,28
143,措备,2026-07-15 17:00,34.6,28
143,措备,2026-07-15 18:00,33.9,29
143,措备,2026-07-15 19:00,32.4,37
143,措备,2026-07-15 20:00,30,44
143,措备,2026-07-15 21:00,29,51
143,措备,2026-07-15 22:00,28.4,54
143,措备,2026-07-15 23:00,28,54
143,措备,2026-07-16 00:00,27.7,55
143,措备,2026-07-16 01:00,27.3,55
143,措备,2026-07-16 02:00,27.3,54
143,措备,2026-07-16 03:00,26.9,55
143,措备,2026-07-16 04:00,26.5,59
143,措备,2026-07-16 05:00,26.5,61
143,措备,2026-07-16 06:00,26.2,63
143,措备,2026-07-16 07:00,27.3,60
143,措备,2026-07-16 08:00,28.7,57
143,措备,2026-07-16 09:00,28.3,59
143,措备,2026-07-16 10:00,29.6,56
143,措备,2026-07-16 11:00,30.5,48
143,措备,2026-07-16 12:00,31.9,44
143,措备,2026-07-16 13:00,32.2,45
143,措备,2026-07-16 14:00,33.3,41
143,措备,2026-07-16 15:00,32.7,42
143,措备,2026-07-16 16:00,34,40
143,措备,2026-07-16 17:00,32.1,49
143,措备,2026-07-16 18:00,31.6,53
143,措备,2026-07-16 19:00,30.7,57
143,措备,2026-07-16 20:00,30.2,59
143,措备,2026-07-16 21:00,29.6,62
143,措备,2026-07-16 22:00,29.4,63
143,措备,2026-07-16 23:00,28.7,67
143,措备,2026-07-17 00:00,28.2,68
143,措备,2026-07-17 01:00,28.1,68
143,措备,2026-07-17 02:00,27.5,69
143,措备,2026-07-17 03:00,27.4,70
143,措备,2026-07-17 04:00,27.1,71
143,措备,2026-07-17 05:00,26.8,72
143,措备,2026-07-17 06:00,26.9,72
143,措备,2026-07-17 07:00,27.1,71
143,措备,2026-07-17 08:00,29.2,64
143,措备,2026-07-17 09:00,30.1,60
143,措备,2026-07-17 10:00,30.6,59
143,措备,2026-07-17 11:00,32,55
143,措备,2026-07-17 12:00,32.9,52
143,措备,2026-07-17 13:00,33.8,50
143,措备,2026-07-17 14:00,34.7,47
143,措备,2026-07-17 15:00,34.5,48
143,措备,2026-07-17 16:00,28,80
143,措备,2026-07-17 17:00,26.6,90
143,措备,2026-07-17 18:00,24.7,92
143,措备,2026-07-17 19:00,24.5,86
143,措备,2026-07-17 20:00,23.4,91
143,措备,2026-07-17 21:00,22.5,95
143,措备,2026-07-17 22:00,22,96
143,措备,2026-07-17 23:00,22,96
143,措备,2026-07-18 00:00,22,97
143,措备,2026-07-18 01:00,22.1,96
143,措备,2026-07-18 02:00,22.3,94
143,措备,2026-07-18 03:00,22.4,93
143,措备,2026-07-18 04:00,22.5,93
143,措备,2026-07-18 05:00,22.7,93
143,措备,2026-07-18 06:00,22.9,93
143,措备,2026-07-18 07:00,23.3,94
143,措备,2026-07-18 08:00,24,92
143,措备,2026-07-18 09:00,26.1,87
143,措备,2026-07-18 10:00,28.3,78
143,措备,2026-07-18 11:00,29.6,73
143,措备,2026-07-18 12:00,30.9,66
143,措备,2026-07-18 13:00,31.7,63
143,措备,2026-07-18 14:00,30.7,69
143,措备,2026-07-18 15:00,30.9,70
143,措备,2026-07-18 16:00,30.9,69
143,措备,2026-07-18 17:00,31.3,68
143,措备,2026-07-18 18:00,30.5,70
143,措备,2026-07-18 19:00,29.8,72
143,措备,2026-07-18 20:00,29.3,73
143,措备,2026-07-18 21:00,28.8,74
143,措备,2026-07-18 22:00,28.4,75
143,措备,2026-07-18 23:00,26.3,78
143,措备,2026-07-19 00:00,25,79
143,措备,2026-07-19 01:00,24.4,82
143,措备,2026-07-19 02:00,23,90
143,措备,2026-07-19 03:00,23.1,90
143,措备,2026-07-19 04:00,23.2,88
143,措备,2026-07-19 05:00,22.7,91
143,措备,2026-07-19 06:00,22.5,94
143,措备,2026-07-19 07:00,22.7,94
143,措备,2026-07-19 08:00,23,94
143,措备,2026-07-19 09:00,23.7,92
143,措备,2026-07-19 10:00,24.6,89
143,措备,2026-07-19 11:00,25.2,87
143,措备,2026-07-19 12:00,26.3,84
143,措备,2026-07-19 13:00,27.3,83
143,措备,2026-07-19 14:00,28,81
143,措备,2026-07-19 15:00,28.9,79
143,措备,2026-07-19 16:00,28.2,82
143,措备,2026-07-19 17:00,28.9,80
143,措备,2026-07-19 18:00,29.2,79
143,措备,2026-07-19 19:00,27.1,89
143,措备,2026-07-19 20:00,26.5,90
143,措备,2026-07-19 21:00,26.2,91
143,措备,2026-07-19 22:00,25.8,94
143,措备,2026-07-19 23:00,25.5,93
143,措备,2026-07-20 00:00,25.2,93
143,措备,2026-07-20 01:00,25,93
143,措备,2026-07-20 02:00,24.8,94
143,措备,2026-07-20 03:00,24.6,93
143,措备,2026-07-20 04:00,24.5,94
143,措备,2026-07-20 05:00,24.4,94
143,措备,2026-07-20 06:00,24.2,93
143,措备,2026-07-20 07:00,25,90
143,措备,2026-07-20 08:00,26.3,86
143,措备,2026-07-20 09:00,27.1,82
143,措备,2026-07-20 10:00,29.1,76
143,措备,2026-07-20 11:00,30.9,68
143,措备,2026-07-20 12:00,32.1,60
143,措备,2026-07-20 13:00,32.9,56
143,措备,2026-07-20 14:00,33.7,53
143,措备,2026-07-20 15:00,33.4,55
143,措备,2026-07-20 16:00,32.9,57
143,措备,2026-07-20 17:00,33,58
143,措备,2026-07-20 18:00,31.6,63
143,措备,2026-07-20 19:00,31.2,65
143,措备,2026-07-20 20:00,30.1,69
143,措备,2026-07-20 21:00,29.5,71
143,措备,2026-07-20 22:00,29,72
143,措备,2026-07-20 23:00,28.4,73
143,措备,2026-07-21 00:00,27.7,74
143,措备,2026-07-21 01:00,26.8,78
143,措备,2026-07-21 02:00,26.6,81
143,措备,2026-07-21 03:00,26.2,84
143,措备,2026-07-21 04:00,25.7,85
143,措备,2026-07-21 05:00,25.4,84
143,措备,2026-07-21 06:00,25.5,85
143,措备,2026-07-21 07:00,26.6,80
143,措备,2026-07-21 08:00,28.6,70
143,措备,2026-07-21 09:00,30.1,63
143,措备,2026-07-21 10:00,30.6,62
143,措备,2026-07-21 11:00,31.9,57
143,措备,2026-07-21 12:00,32.7,54
143,措备,2026-07-21 13:00,33.7,53
143,措备,2026-07-21 14:00,34.1,51
143,措备,2026-07-21 15:00,34.4,51
143,措备,2026-07-21 16:00,34.3,50
143,措备,2026-07-21 17:00,32.9,54
143,措备,2026-07-21 18:00,33.7,53
143,措备,2026-07-21 19:00,31.5,60
143,措备,2026-07-21 20:00,30.1,65
143,措备,2026-07-21 21:00,29.2,69
143,措备,2026-07-21 22:00,28.6,71
143,措备,2026-07-21 23:00,28.5,70
143,措备,2026-07-22 00:00,27.8,74
143,措备,2026-07-22 01:00,27.3,77
143,措备,2026-07-22 02:00,27,79
143,措备,2026-07-22 03:00,26.8,81
143,措备,2026-07-22 04:00,26.9,81
143,措备,2026-07-22 05:00,26.1,83
143,措备,2026-07-22 06:00,26.1,84
143,措备,2026-07-22 07:00,28.2,75
143,措备,2026-07-22 08:00,29.5,69
143,措备,2026-07-22 09:00,30.7,65
143,措备,2026-07-22 10:00,31.6,61
143,措备,2026-07-22 11:00,33,55
143,措备,2026-07-22 12:00,33.2,55
143,措备,2026-07-22 13:00,33.9,51
143,措备,2026-07-22 14:00,33.2,55
143,措备,2026-07-22 15:00,34.7,48
143,措备,2026-07-22 16:00,35.2,48
143,措备,2026-07-22 17:00,34.4,51
143,措备,2026-07-22 18:00,34.2,51
143,措备,2026-07-22 19:00,32.4,55
143,措备,2026-07-22 20:00,30.8,60
143,措备,2026-07-22 21:00,29.7,63
143,措备,2026-07-22 22:00,29.2,64
143,措备,2026-07-22 23:00,28.7,66
143,措备,2026-07-23 00:00,28.2,68
143,措备,2026-07-23 01:00,27.5,72
143,措备,2026-07-23 02:00,27,75
143,措备,2026-07-23 03:00,26.5,78
143,措备,2026-07-23 04:00,26,80
143,措备,2026-07-23 05:00,25.6,82
143,措备,2026-07-23 06:00,25.7,84
143,措备,2026-07-23 07:00,27.8,74
143,措备,2026-07-23 08:00,28.8,69
143,措备,2026-07-23 09:00,29,70
143,措备,2026-07-23 10:00,30.6,63
143,措备,2026-07-23 11:00,31.7,57
143,措备,2026-07-23 12:00,33.7,53
143,措备,2026-07-23 13:00,34.3,49
143,措备,2026-07-23 14:00,35.2,46
143,措备,2026-07-23 15:00,35.2,44
143,措备,2026-07-23 16:00,35.1,48
143,措备,2026-07-23 17:00,34.6,49
143,措备,2026-07-23 18:00,34.7,50
143,措备,2026-07-23 19:00,34,51
143,措备,2026-07-23 20:00,32.1,59
143,措备,2026-07-23 21:00,30.9,64
143,措备,2026-07-23 22:00,30.3,67
143,措备,2026-07-23 23:00,29.4,71
143,措备,2026-07-24 00:00,28.9,72
143,措备,2026-07-24 01:00,28.5,74
143,措备,2026-07-24 02:00,27.8,78
143,措备,2026-07-24 03:00,27.5,80
143,措备,2026-07-24 04:00,26.8,82
143,措备,2026-07-24 05:00,26.7,82
143,措备,2026-07-24 06:00,26.3,85
143,措备,2026-07-24 07:00,27.5,78
143,措备,2026-07-24 08:00,28.9,72
143,措备,2026-07-24 09:00,30.9,63
143,措备,2026-07-24 10:00,32.3,53
143,措备,2026-07-24 11:00,33.7,43
143,措备,2026-07-24 12:00,34.6,37
143,措备,2026-07-24 13:00,35.6,38
143,措备,2026-07-24 14:00,35.4,37
143,措备,2026-07-24 15:00,36.8,33
143,措备,2026-07-24 16:00,35.2,39
143,措备,2026-07-24 17:00,35.2,40
143,措备,2026-07-24 18:00,34.5,41
143,措备,2026-07-24 19:00,34.1,46
143,措备,2026-07-24 20:00,32.8,51
143,措备,2026-07-24 21:00,31.7,54
143,措备,2026-07-24 22:00,30.9,56
143,措备,2026-07-24 23:00,30.2,61
143,措备,2026-07-25 00:00,29.3,66
143,措备,2026-07-25 01:00,28.8,71
143,措备,2026-07-25 02:00,28.4,73
143,措备,2026-07-25 03:00,28.2,74
143,措备,2026-07-25 04:00,27.6,77
143,措备,2026-07-25 05:00,27.2,79
143,措备,2026-07-25 06:00,27.1,81
143,措备,2026-07-25 07:00,27.5,79
143,措备,2026-07-25 08:00,28.9,73
143,措备,2026-07-25 09:00,30.1,71
143,措备,2026-07-25 10:00,31.2,64
143,措备,2026-07-25 11:00,32.4,60
143,措备,2026-07-25 12:00,34,51
143,措备,2026-07-25 13:00,34.7,47
143,措备,2026-07-25 14:00,35.1,43
143,措备,2026-07-25 15:00,35.4,44
143,措备,2026-07-25 16:00,35.3,45
143,措备,2026-07-25 17:00,34.9,47
143,措备,2026-07-25 18:00,34.1,49
143,措备,2026-07-25 19:00,33.6,47
143,措备,2026-07-25 20:00,32.2,51
143,措备,2026-07-25 21:00,31,58
143,措备,2026-07-25 22:00,30.1,61
143,措备,2026-07-25 23:00,29.3,65
143,措备,2026-07-26 00:00,28.5,68
143,措备,2026-07-26 01:00,28.3,69
143,措备,2026-07-26 02:00,27.7,70
143,措备,2026-07-26 03:00,27.1,73
143,措备,2026-07-26 04:00,27.1,73
143,措备,2026-07-26 05:00,26.4,78
143,措备,2026-07-26 06:00,26.4,80
143,措备,2026-07-26 07:00,28.1,72
143,措备,2026-07-26 08:00,29.9,66
143,措备,2026-07-26 09:00,31.4,61
143,措备,2026-07-26 10:00,32.4,55
143,措备,2026-07-26 11:00,33.1,52
143,措备,2026-07-26 12:00,34.7,46
143,措备,2026-07-26 13:00,35.4,45
143,措备,2026-07-26 14:00,35.8,42
143,措备,2026-07-26 15:00,36.1,40
143,措备,2026-07-26 16:00,36.2,42
143,措备,2026-07-26 17:00,35.5,43
143,措备,2026-07-26 18:00,35,46
143,措备,2026-07-26 19:00,31.4,61
143,措备,2026-07-26 20:00,30,68
143,措备,2026-07-26 21:00,29.3,70
143,措备,2026-07-26 22:00,28.9,68
143,措备,2026-07-26 23:00,27.8,67
143,措备,2026-07-27 00:00,26.7,68
143,措备,2026-07-27 01:00,26.5,70
143,措备,2026-07-27 02:00,26.2,76
143,措备,2026-07-27 03:00,25.5,77
143,措备,2026-07-27 04:00,25.1,82
143,措备,2026-07-27 05:00,24.8,83
143,措备,2026-07-27 06:00,24.9,84
143,措备,2026-07-27 07:00,26.7,76
143,措备,2026-07-27 08:00,28.9,69
143,措备,2026-07-27 09:00,30.7,62
143,措备,2026-07-27 10:00,31.9,58
143,措备,2026-07-27 11:00,33,52
143,措备,2026-07-27 12:00,34.6,47
143,措备,2026-07-27 13:00,35.8,42
143,措备,2026-07-27 14:00,37.3,36
143,措备,2026-07-27 15:00,37.3,37
143,措备,2026-07-27 16:00,36.6,38
143,措备,2026-07-27 17:00,35.5,46
143,措备,2026-07-27 18:00,33.9,53
143,措备,2026-07-27 19:00,33.5,52
143,措备,2026-07-27 20:00,32.6,56
143,措备,2026-07-27 21:00,31.8,58
143,措备,2026-07-27 22:00,31.2,58
143,措备,2026-07-27 23:00,30.8,58
143,措备,2026-07-28 00:00,30.4,60
