metal_impurity,lithium_input,sintering_temp,humidity,quality_defect
0.019364947,2.249778187,774.1319963,34.39171849,0
0.023586925,1.927030343,823.3179863,59.01792966,0
0.026898645,2.436147735,793.9558667,59.78033071,0
0.025266738,2.075806211,817.2564186,46.74867987,0
0.03141682,2.608867554,786.0523334,55.94603337,0
0.019992793,2.613032682,797.1311293,50.54063256,0
0.032942252,2.074391987,782.1048611,43.07335107,0
0.020545271,2.132242198,796.4269791,46.30118566,0
0.020458136,2.642667802,805.8026143,46.58197883,0
0.026014536,2.651797438,799.3947148,53.89577985,0
0.032151039,2.245668388,783.7641939,,0
0.017864865,1.931845984,778.6927964,55.90012455,0
0.021325147,2.354557799,756.9751043,45.24680035,0
0.019280449,3.022514886,844.8020577,51.43420508,0
0.024656913,2.948627068,772.4161265,46.88152157,0
0.023836402,1.862475547,776.0531131,,0
0.028021203,2.686899331,776.7083927,58.52784185,0
0.019659941,1.440571569,785.140298,57.86191609,0
0.020147029,2.125721275,782.5480941,57.4525841,0
0.029937138,3.025268862,788.9639669,51.38070334,0
0.025416907,2.717095249,787.0546592,53.43005151,0
0.02893451,,844.5722149,61.69155434,0
0.03124611,1.720936596,795.9486049,50.72467926,0
0.027955186,2.476297634,777.2930451,39.38885826,0
0.024056034,2.615677191,812.0147088,48.20912946,0
0.016438588,1.586303248,856.2059628,47.70093311,0
0.039525009,3.05435374,785.2206484,41.50068471,0
0.036167379,2.628134724,838.4855201,64.69530823,1
0.025922399,2.552677164,760.1350742,53.4781286,0
0.02545379,2.82631245,805.526256,58.10172654,0
0.027905703,2.296379061,790.6463615,62.58683922,0
0.035546983,3.026566011,813.6204999,53.63536271,0
0.026414847,2.522691789,800.3900819,61.77193578,0
0.023675994,2.269079098,763.0436381,37.72910876,0
0.013120013,2.825819114,832.9590058,59.41929511,0
0.028625603,2.709821927,818.0596636,40.57357102,0
0.025833387,3.586740964,824.0960717,40.62394246,0
0.027901302,3.163679,768.0174311,52.49607577,0
0.022238642,1.373900618,829.5366496,45.2711726,0
0.018390769,2.270320717,775.9684847,51.86302416,0
0.021870782,1.87762649,796.1558893,48.99992776,0
0.006489181,2.721364317,797.3106826,56.73456054,0
0.030504213,1.951849539,779.2808551,37.18192367,0
0.029626479,3.19243241,815.6789384,50.43482868,0
0.017493261,2.554180709,799.0962339,48.56310869,0
0.02983356,1.440774444,787.9189758,39.62822138,0
0.017686208,2.107280885,792.1277674,49.44689652,0
0.024202108,2.76288222,766.9280567,63.76615865,0
0.021863245,1.933569582,768.4923113,45.72879809,0
0.0183067,1.883684176,823.3191151,38.18513747,0
0.008656547,2.084713105,795.1111918,50.55504908,0
0.030549315,2.67771649,802.2689248,33.41613251,0
0.019373476,2.561132195,775.4038599,47.7250893,0
0.007343744,1.677583135,799.3209167,61.46571605,0
,2.739279138,815.308221,58.68229604,0
,2.913062522,752.1294881,38.03951336,0
0.017786739,1.068958924,784.599312,45.52342171,0
0.014919661,2.88163457,802.4160802,44.49302174,0
0.015245005,2.037961437,818.3705348,61.64036461,0
,2.687782048,756.6632129,55.09976722,0
0.021756674,2.468396418,768.6557305,47.97297945,0
0.022341893,2.187347284,797.1691033,66.28058642,0
0.020397955,2.812037748,792.2827143,50.40913647,0
0.026963893,2.14268967,813.9701725,49.45615795,0
0.026669808,2.504898491,810.3521419,30.72062427,0
0.027438345,2.903100318,801.7903115,62.88892919,0
0.024540903,2.864610106,783.0680959,51.93327776,0
0.018683909,2.460562057,772.1830216,53.58479491,0
0.031091713,2.6182379,829.8497573,55.71056109,0
0.021327262,3.170901022,790.6927405,45.73238122,0
0.02703827,,836.4939449,47.51612819,0
0.020837507,2.184296911,778.0742705,51.37568266,0
0.011380859,1.970048104,796.5321824,63.34310089,0
0.027271264,2.517146278,823.7418423,49.85949739,0
0.029994732,2.47670104,791.1337399,56.27875229,0
0.018954293,2.534930952,860,48.66457656,0
0.018321654,2.293043749,786.6567742,46.32927605,0
0.029132728,2.739433667,798.8820169,42.29089245,0
0.019291977,2.023600933,808.0582534,42.71540093,0
0.021029585,2.721533251,773.7380728,40.27287261,0
0.035115498,3.47268782,834.1050048,42.61690846,0
0.022984003,2.527432094,820.2828036,48.49863207,0
0.018129914,2.143343236,767.1084979,41.83501584,0
0.019772484,3.493781425,817.8076535,47.60588237,0
0.01725565,2.486286806,826.6390626,59.99732214,0
0.020998245,3.145235513,805.354894,63.45453295,0
0.030155654,2.907309692,803.029053,50.48308743,0
0.023319766,2.355878291,789.6015485,48.37668812,0
0.029146271,3.516386937,808.5910165,57.96561109,0
0.027451811,1.959653029,802.5300767,58.7998372,0
0.024408511,2.274936917,791.6093114,44.97547133,0
,1.952356759,790.5561408,33.06676441,0
0.025186371,2.108570141,740,40.97775388,0
0.026234573,2.600605079,839.6070412,50.28461182,0
0.023812364,3.061247353,817.9280995,47.1053397,0
0.02808109,1.879316382,806.0807931,55.33258135,0
0.030042926,3.108006836,802.7043739,45.32100692,0
0.034743712,3.249710373,764.3549108,48.23226146,0
0.041003692,2.132335556,751.6425422,59.95957903,1
0.027608451,2.212368713,798.4368891,58.39471688,0
0.025797487,2.485816547,783.9061164,45.02234044,0
0.01672271,2.712265757,805.0296882,45.0226584,0
0.026459358,2.570580954,788.1942796,50.95380689,0
0.016296145,2.991628093,799.6420469,53.58659253,0
0.016728868,2.291021516,815.3020434,51.69287786,0
0.037890136,3.777876097,813.7038839,28,0
0.019466289,3.198764643,830.0177818,49.98464117,0
0.031246637,3.039507405,795.2381103,44.06246325,0
0.035693244,2.439142072,818.9944187,58.83743372,0
0.018545961,2.319793982,800.4004665,55.05585187,0
0.010875739,2.04753415,832.1107522,49.12212655,0
0.026448149,2.890035457,808.332457,,0
0.03532198,2.647769214,793.2291415,45.99404205,0
0.017912122,2.45482935,763.03865,52.52838297,0
0.026240314,2.343566277,807.655266,59.50107514,0
0.022712722,3.023996278,830.2109437,55.41921095,0
0.032412788,2.315558244,779.4438308,42.35499866,0
0.014049587,,769.5201433,53.28937534,0
0.021096027,3.206551266,822.1531454,41.42429958,0
0.020199505,4,786.9302978,51.81428837,0
0.027844092,1.890335795,774.8933904,50.8831658,0
0.018524851,2.884493667,810.2634312,51.44291154,0
0.022730523,1.715305775,835.496198,54.78677638,0
0.020508639,2.098551213,828.2288695,47.82660493,0
0.025410772,,789.2185659,53.60253822,0
0.025698467,2.454936851,826.6077287,33.22039234,0
0.016055997,3.019632602,793.4045849,49.28962842,0
0.015697262,2.558500096,802.9216245,46.9260327,0
0.031066787,1.454702882,768.2622574,50.01071877,0
0.024196334,3.653545544,788.902119,43.11326657,0
0.02800715,2.304310021,762.9260344,49.32119575,0
0.02545927,1.733729696,768.3711792,55.06286332,0
0.007133156,2.51826378,825.0453701,47.94676707,0
0.030191516,2.877489807,821.2276737,46.11044695,0
0.012451849,1.557522722,771.7655187,57.09407244,0
0.030485156,3.779449606,768.6680269,,1
0.022481756,2.043986393,794.7598287,54.47632296,0
0.021426749,3.297691518,824.9164276,,0
0.019094063,2.041069038,766.8693266,46.70280497,0
0.022533277,2.370860366,808.4255696,44.97212216,0
0.023386534,1.927412028,811.4369458,49.6035293,0
0.016037998,1.946056772,823.0209087,52.98441855,0
0.017260284,2.056835317,799.0911788,33.88717924,0
0.028957405,1.507477368,844.8232146,46.48756872,0
0.027556487,3.142533493,797.1588521,50.42785301,0
0.013753003,2.276926603,769.9121099,47.2198127,0
0.028467303,2.338105063,829.7233603,38.11955617,0
,2.359952066,777.933386,37.28881949,0
0.009765235,3.197657095,802.5004673,53.74842223,0
0.03009791,2.472427024,822.0707136,68.47875538,1
0.032670376,2.881375138,804.3214953,65.30363846,1
0.017362778,2.264315461,776.1779575,56.8960004,0
0.032320837,3.078978495,824.9050175,53.2388407,1
0.01673876,1.877205535,781.0105289,28,0
0.024577981,2.198140629,784.2698768,44.62470381,0
0.026423888,2.468228903,809.4697996,38.72144457,0
0.02446675,2.268436101,846.0468218,49.92964248,0
0.028496496,2.83890108,825.0003172,57.96392226,0
0.020118581,2.636798826,839.404794,56.5954165,0
0.045952853,2.198763454,764.3906487,49.33240973,1
0.021243876,3.774086299,829.0190041,48.84777872,0
0.02174087,2.266400919,826.0876242,46.83804684,0
0.014402146,2.439654957,807.91294,43.16992622,0
0.043591642,2.469791192,767.9684401,59.00035137,1
0.025611036,2.687543565,,53.59982673,0
0.031545097,3.024588068,809.1624061,51.42992771,0
0.02475683,2.195902904,768.4225513,55.69581618,0
0.020709932,2.348698431,796.6189848,49.65493128,0
0.034517208,3.051895351,740,44.2809875,0
0.025775794,2.519079308,764.7670903,58.63103231,0
0.015361292,,782.3063731,66.07004309,0
0.020493525,2.099861282,769.2618002,49.16033475,0
0.038588296,2.67181697,799.167931,45.34622921,0
0.029867852,2.193812,803.2188108,51.1193945,0
0.018531429,2.325376863,803.144232,50.20102969,0
0.019099243,2.053163832,808.4459404,52.76581264,0
0.042849485,2.969528723,746.6119313,42.12004058,1
,1.987129831,806.9804293,51.90880633,0
0.026657378,2.552136798,765.3275444,54.06463284,0
0.031440879,1.907626337,803.7433413,54.25703499,0
0.030247738,1.463602829,823.6237045,51.53936894,1
0.023703228,3.164709598,749.7859849,49.86369689,0
0.038582481,2.597915185,796.5762954,30.68713719,0
0.029470999,2.646891801,792.9606151,60.18306215,0
0.020378131,2.176365877,789.4836395,69.0956144,0
0.031064039,1.99387712,806.526006,44.41055651,1
0.025283752,1.642589923,752.2131645,44.19187922,0
0.016663462,2.528131054,779.2426245,51.98358049,0
,2.434245242,791.9776705,46.27385468,0
0.035458356,3.482770919,817.5120804,65.2232597,1
0.023108498,2.067169427,745.7260628,41.89852919,1
0.03114639,3.072186616,808.1068148,65.38356955,1
0.026779409,2.371859122,,48.28499912,0
0.029203838,2.04204558,792.7290566,61.81914932,0
0.029572219,2.482890255,798.3841234,43.80391951,0
0.015147041,1.375844591,826.1415004,50.56335302,0
0.032595626,2.828492721,798.0628665,42.6579717,0
,2.847442316,834.5268909,51.68533502,0
0.018935809,2.328990471,794.2743519,58.87335849,0
0.026286343,2.569661017,797.5939088,47.39441512,0
0.023538731,2.768755731,809.0798134,50.73883231,0
0.0367484,3.118325158,769.3584548,49.94306516,1
0.039322607,,804.2457365,59.77382933,0
0.023392292,2.718818665,790.2522534,50.45928057,0
0.012093215,2.205414699,773.3454342,45.3014339,0
0.029039723,3.006255778,796.4053251,55.29102552,0
0.022011915,2.772643178,770.3298818,53.14701496,0
0.022104543,2.513597716,818.3811072,55.42819161,0
0.023461559,3.362997109,752.292946,55.83863031,0
0.022566112,2.523839715,768.3667425,52.13388934,0
0.037031251,2.449852819,790.3703128,47.86869173,0
0.023330774,1.717972942,789.0706518,48.95979151,0
0.02296194,3.178668291,765.5086913,54.41487017,0
0.026951663,3.424869723,792.6977331,58.21524597,0
0.02312466,,797.5419766,36.24671093,0
0.029880397,2.980002147,781.8156503,43.58704927,0
0.027828604,2.809149555,766.4671372,43.03027142,0
0.032149738,2.711472541,806.7641587,40.37842731,0
0.0298877,,806.5024824,51.907107,0
0.013838898,1.911622609,824.5986751,56.15885514,0
0.022953386,2.550709102,777.5540688,43.71218714,0
0.019307655,2.412761952,812.3556837,57.72136394,0
0.032669835,,860,53.47207859,1
0.020652617,2.254452598,847.0812504,64.21746272,1
0.02026988,2.315737721,785.4429167,,0
0.040292575,3.351658662,821.0071182,46.17533554,0
0.022423359,2.970911357,824.5413062,42.05041698,0
,2.529994133,782.6023722,53.98338347,0
0.02468139,2.167477484,843.1144768,46.05712185,0
0.022084429,2.342721738,813.1680382,48.61703134,0
0.034876332,3.255077009,771.8686435,50.45197354,0
0.018461051,2.595824845,807.0070044,51.2675844,0
0.022523333,2.454349342,820.7923642,51.0549905,0
0.012213676,2.14629587,758.8754438,36.28411284,0
0.024293506,3.097282237,781.319326,53.12363946,0
0.023221174,2.472334835,789.7559783,56.18031846,0
0.011601957,1.67640735,837.287291,53.37831215,0
0.02033169,3.03431202,782.2393889,56.7704325,0
0.029514323,2.663427787,809.9126766,42.45856068,0
0.033415547,2.660595611,792.2638631,54.80767428,0
0.005,2.885501327,756.2513561,54.83994701,1
0.029613969,2.933694642,789.380222,40.26717028,0
,1.128089321,792.5773878,35.10012198,0
0.020860373,2.299018768,843.7693409,42.5514121,0
0.024764588,2.612040402,808.9086411,45.68371854,0
0.017290144,2.640268771,809.0401006,46.52639653,0
0.023528541,2.524939981,789.3347106,44.80589664,0
0.02150198,2.496943284,784.3269408,54.63425577,1
0.033002837,2.572264564,828.1641401,49.68720863,0
0.022185679,1.89946448,770.5948722,45.03585103,0
0.01886944,2.343503791,801.7797716,58.27028934,0
0.024760537,3.053563318,759.8431854,48.44016091,0
0.021180714,2.37886017,746.9790178,55.05019784,1
0.033532227,3.356037389,795.3098078,50.10684473,0
0.013410449,2.504258252,840.6974446,53.57329212,0
0.032006932,2.50902515,813.4642846,47.55104761,1
0.00984736,2.011763028,793.8492271,60.32823244,0
0.023210776,2.272612844,816.1684134,53.23985855,0
0.036172862,3.476674819,814.4881974,32.24420593,0
0.020487602,2.776914706,820.3134462,50.67729025,0
0.035922084,3.240033822,786.2367689,56.49388568,1
0.030309359,1.567841184,815.5213663,,0
0.005,2.692600761,853.3692619,47.18187972,0
0.01267028,2.698180322,776.8042221,48.09250919,0
0.030555129,1.998754639,778.2737872,47.81036803,0
0.017249514,2.464316865,743.2987182,49.64003834,0
0.028370948,2.530091491,790.1472391,44.846334,0
0.035304727,2.968664655,769.372234,47.16329962,0
0.015253358,2.264981349,740,44.04013649,0
0.028916423,2.486342033,831.5941657,59.07031418,0
0.033873865,2.583507783,825.0456108,48.05904762,0
0.009376248,3.102124163,796.0797865,55.91754007,0
0.028718849,2.577416117,818.100962,54.32904671,0
0.039655527,2.866338092,752.1423685,39.49465825,0
,2.347271335,835.4893948,46.31178976,0
0.026753459,2.139331538,761.3703577,47.75945098,0
0.019809699,2.71634398,787.650151,61.02188989,0
0.006559771,2.033375591,830.2842714,32.45965207,0
0.013389525,2.314645221,805.5732436,62.17360362,0
0.013278379,2.642372278,812.3541453,45.30787479,0
0.025469204,2.560663159,831.3140771,65.14439108,1
0.016430875,2.620669108,811.2516901,51.16411844,0
0.021597742,2.299596657,806.0229438,47.43567697,0
0.030520874,1.647089059,769.9089311,49.13413329,0
0.010339143,2.364224498,841.2220446,52.87165153,0
0.018783748,2.532141713,825.1349093,53.75488528,0
0.032811371,2.502552966,821.6272659,60.13043646,1
0.015845075,2.312274118,797.5768858,61.28129596,0
0.041192532,2.517657396,829.4425873,59.9030695,1
0.02375998,2.358579185,809.9849169,42.82005623,0
0.027302957,2.731139507,830.1788196,35.14551678,0
0.028390648,2.715502914,805.2237614,51.69168122,0
0.018463231,2.825648307,816.336881,49.55451958,0
0.031409092,2.424064176,834.268055,49.2967481,0
0.016725057,2.794072234,777.666276,41.54090604,0
0.032253379,2.646755081,800.556988,53.59852261,0
0.023106961,2.873277811,822.90587,49.84078663,0
0.020008339,2.502013384,812.6493722,54.06927634,0
0.026357762,3.482282096,758.6069965,35.94818623,0
0.025338248,2.687693851,804.3038223,57.63478663,0
0.017698191,2.30304899,740,51.68691682,0
0.019869975,2.247724054,800.5981793,40.87834515,0
0.025638902,2.24683857,772.4098533,36.12310802,0
0.03290283,2.843507121,837.4532334,39.58452344,0
0.014352277,1.284975757,769.8529666,43.17649746,0
0.0282904,2.55749893,798.4101668,55.99812443,0
0.023611062,2.033000363,752.3568033,56.00118611,0
0.024354751,3.01226431,802.6596676,64.02118044,0
0.024257487,2.812797971,782.2292528,54.44729625,0
0.018469956,2.069300397,802.0728742,50.75575993,0
0.025780043,2.981529231,794.1004596,58.80296545,0
0.018260304,2.158770976,819.2688041,42.14472123,0
0.027407548,2.74795441,764.1080605,46.63593325,0
0.023993486,1.847345268,815.594429,52.39134522,0
0.028727857,3.451500868,825.3376018,42.67819423,0
0.017896771,2.757266945,819.6576295,50.60319635,0
0.027765081,2.670821336,798.9244586,56.28959415,0
0.019397299,1.60848284,762.1873428,51.00932157,0
0.029602932,2.941059533,860,,1
0.036653532,,766.1007207,32.05737903,0
0.017655875,2.370357869,820.3771836,49.9846528,0
0.027072583,1.953946818,797.1583164,44.69460999,0
0.028849126,2.587755645,817.1941496,58.16977831,0
0.030945927,1.58257706,780.4638533,65.10339177,0
0.035164921,,828.4221534,44.22404368,0
0.018648816,2.667803802,833.2381649,47.50688453,0
0.026308412,3.703796195,761.7624002,46.78996049,0
0.017591704,2.781775901,780.6162466,53.37973939,0
0.034723085,3.382538391,776.1256441,54.24978583,0
0.031009839,2.569611905,835.2048894,37.20040533,0
0.027638759,2.263902719,797.1230235,50.95299143,0
,1.760157394,801.157547,52.07430113,0
0.022674794,2.098350926,817.4972952,49.52766226,0
0.03266421,2.139936685,813.0491586,,0
0.027330662,2.471543869,823.4699169,68.87817547,0
0.011621478,,792.7686632,33.6421739,0
0.02045271,2.183481228,808.4221232,43.27240689,0
0.021679135,2.288688033,840.3742571,49.23293118,0
0.018975258,2.70333218,810.1782878,53.88242626,0
0.026511605,2.379292002,771.8664641,40.89338618,0
0.009461876,1.623782347,810.2955922,47.67947381,0
0.026668421,2.14847556,817.5171317,56.16559026,0
0.028613409,2.531755455,832.0631211,51.83568292,0
0.022215235,1.876581637,829.1922285,44.67950624,0
0.009625385,1.967304188,801.5185319,41.87186776,0
0.017904196,2.833323978,838.6075579,43.4962078,0
0.026138556,2.863708953,818.024306,43.40695423,0
0.019345168,2.401334571,814.510233,53.30313116,0
0.024475491,2.873866674,815.2995734,60.1261994,0
0.023120626,2.365140513,820.6487916,52.97860448,0
0.009902423,3.18280177,777.5744261,45.13408217,0
0.019528681,2.39593349,786.455049,55.41291641,0
0.014790594,2.333481601,750.488737,57.81332296,0
0.019438451,2.531460139,822.7158937,38.0156818,0
0.025555509,2.665659513,768.3189731,,0
0.01996837,2.947885781,768.8979192,46.65385288,0
0.021216606,2.327247159,792.081376,58.16706257,0
0.017036175,2.636199361,841.2259597,59.6661026,0
0.019891588,2.59587231,741.4175305,42.68338977,0
0.016002207,2.397556818,790.8715291,54.36635008,0
0.026328425,2.132643762,763.2474574,53.88098047,0
0.022728436,2.62547598,814.3800192,57.72903745,0
0.025588763,2.303287543,798.7009808,52.64415623,0
0.030107943,2.697723898,766.2514086,47.39005055,0
0.030621796,,775.2546471,63.94897494,0
0.016952751,2.17203296,765.0379605,41.77196607,0
,2.502733644,842.1273574,46.4689415,0
0.023167618,2.159796118,856.2227704,,0
0.013077553,2.437836029,813.8686996,48.70623198,0
0.019493102,2.218642385,793.7957565,52.27124801,0
0.035316645,3.152226708,806.2426493,50.44964522,0
0.02088557,2.13057879,796.5063359,56.25702591,0
0.025175942,,742.6288543,56.60536763,1
0.027211888,2.142296824,785.9802789,31.92628898,0
0.028896406,1.915474971,785.8622704,47.9586866,0
0.024075659,2.710879366,839.612622,47.77522966,0
0.028880487,2.169537158,784.1444823,37.60594259,0
0.02292931,2.110874114,817.6771067,47.91817096,0
0.030033833,3.243061852,821.0297063,55.67729493,0
0.021760372,2.937327596,804.6049017,50.52426065,0
0.016543108,2.208222447,805.1148349,72,0
0.01406054,2.122837946,757.7492868,50.85724058,0
0.008355336,2.082023786,834.8511557,50.51182169,0
0.021011714,2.74269395,809.7773977,55.63352276,0
0.031056867,2.1723645,760.9432616,50.8145649,0
0.035622698,3.13843114,843.5979384,57.49120334,1
0.037798797,3.170072514,825.2195314,59.10365416,0
0.019186988,2.006157232,800.6797335,52.12422919,0
0.017212318,1.868785777,813.4349693,58.02781033,0
0.028472894,3.102652299,820.8399357,63.18489729,0
0.025415677,2.883486546,770.5147429,52.85405032,0
0.016838543,2.980288199,790.5433114,37.315173,0
0.013448656,2.044377535,778.6592526,60.45599643,0
0.026623576,2.943255101,813.9308277,52.81602363,0
0.023548674,,797.2579116,44.05856916,0
0.021276344,2.377154947,777.7533832,43.38925459,0
0.016897564,2.451661151,845.6238995,53.92485522,0
0.0402125,2.812098811,796.6972797,51.48842275,0
0.025864769,2.127450022,790.9374025,41.81081791,0
0.024098621,2.145826259,811.6947887,69.94191093,0
0.038829262,2.517087196,860,50.56108415,1
0.024335483,3.068987019,830.2331759,46.29244309,0
0.022502808,2.352662389,823.3653926,,0
0.021143064,2.215451117,822.7573337,59.52480543,1
0.02311297,2.379517969,818.221679,37.55328471,0
0.024994767,2.733402676,841.3902357,50.41321372,0
0.025196655,2.594890022,812.8820968,42.74450412,0
0.031971662,3.15597072,803.485449,41.19547734,0
0.034420877,2.80989084,761.4409137,41.62232992,0
0.024538167,2.808803258,840.2424544,52.14219358,0
,3.029752735,795.8807782,60.26234285,0
0.029861694,2.771883285,796.4182408,43.75047179,0
0.024910268,2.070571583,,48.823412,0
0.01844298,2.679381175,807.9153397,55.57129513,0
0.009873814,3.29050892,807.6470998,44.11398408,0
0.018979812,1.662259426,765.6278238,46.20735621,0
0.034286052,3.056347156,783.4638067,44.18460033,0
0.034603505,2.127368091,788.9991675,39.82515852,0
0.020246269,2.81850781,822.8201272,57.39759357,0
0.019002942,2.433933784,807.6197826,42.5094298,0
0.030583627,2.761933538,762.5594463,64.59903214,0
0.016360616,,766.5521007,55.77761367,0
0.021378692,2.934414518,761.5608667,48.23475141,0
0.022899704,,814.341489,47.5610571,0
0.015821754,1.875517815,800.7625675,57.67045325,0
0.013257979,3.088347622,815.011335,40.99821192,0
0.026986785,1.838821361,804.5350753,47.45061528,0
0.040246279,3.147597282,810.1909501,71.91603306,1
0.025310787,2.335476271,798.4715604,40.80672568,0
0.00772493,2.390048504,780.1761206,41.25956584,0
0.031630138,2.334649702,,39.77032026,0
0.016124525,1.972974229,775.9800142,59.88626314,0
0.027812637,3.169193226,762.3090562,31.28201507,0
0.023282177,2.302591929,763.8633413,55.30020904,0
0.031748553,2.752577897,759.65886,60.82075128,1
0.028930987,2.652278443,777.8014553,53.16138514,0
0.024392357,1.859984605,829.0104985,38.52622234,0
0.01631442,2.88735072,809.7852592,53.75781872,0
0.017537996,2.003356488,813.8684184,60.46332499,0
0.021857799,2.968841228,789.6765796,33.97749009,0
,1.98519557,812.6430586,48.08423148,0
0.021499467,2.508660939,772.3389687,63.60634207,1
0.025792669,2.118340649,807.0579231,47.13975913,0
0.031979894,2.633389687,833.1565857,41.72711088,0
0.026312221,2.838022205,826.8612552,52.02563608,0
0.020317829,2.399186671,803.2584411,59.33030645,0
0.014954467,1.977460273,802.8348243,47.43216128,0
0.028361506,2.93574702,764.3243593,55.07768514,0
0.030997637,2.561421278,809.743588,67.59078283,0
0.03433325,2.879999771,796.8331554,48.8053181,0
0.018002857,2.61922337,808.1306071,54.57676579,0
0.016394945,2.219427732,793.285628,44.97273777,0
0.030573246,2.200579206,742.7463617,,0
0.02840596,2.580315173,806.4990943,56.88494018,0
0.029781258,2.428893704,747.8605931,68.21230952,1
0.018809447,2.237357116,800.213895,48.24270662,0
0.034640369,3.6134242,823.8937048,61.75010996,0
0.030548469,2.503793334,774.1898897,57.79726153,0
0.020897244,2.143120395,793.3988317,58.08050957,0
0.023493912,2.591390308,792.8015666,45.12717485,0
0.022036435,2.419398663,860,61.36022334,1
,1.759674819,797.0158669,43.28915112,0
0.032219041,2.944413243,813.7011168,54.26601617,0
0.024572664,2.068969582,782.8040184,54.85642748,0
0.041659405,2.865190979,840.4897326,59.63606041,1
0.022354296,2.902288477,816.4194617,66.97339988,0
0.026046004,2.134423841,754.3323961,33.67312919,0
0.02691612,2.491023256,829.0281136,57.10165005,0
0.017040303,3.090138836,791.7589641,59.67616562,0
0.021832214,3.578534359,857.6597499,53.35038263,1
0.028306006,2.936812695,817.6957167,59.83459945,0
0.028720191,2.820108126,803.7086186,43.98370997,0
0.028951421,2.353695014,844.0865063,53.8590899,1
0.022161446,2.917504151,821.4727924,58.95269668,0
0.015974321,2.176303808,833.3205377,39.83000672,0
0.036540157,1.789789376,827.1083522,42.33232715,0
,2.636854716,812.3285285,48.95684609,0
0.022387286,2.265783156,795.216892,44.72401843,0
0.022455806,2.602362508,753.8920571,52.07689078,0
0.025066324,2.233324017,787.3858376,49.57910326,0
0.027483036,3.409745189,808.7840663,42.53419559,0
0.03424777,2.69124372,839.8895722,58.17235093,1
0.037534381,3.112359425,799.9765598,49.35114275,1
0.027669093,1.835826474,793.7219931,40.816777,0
0.028065146,2.556548275,784.0525136,52.81969998,0
0.027582986,2.382853835,793.0132927,55.8891541,0
0.023598054,3.701265175,759.2119624,46.2204783,0
0.01899243,3.152365527,817.4346654,,0
0.034789504,2.629325185,762.9867871,50.52786642,1
0.014527737,1.978219876,,60.16034347,0
0.01448079,2.601770506,801.6622656,48.68124495,0
0.016629249,2.433650465,826.1829473,44.43456704,0
,3.123933709,781.39559,54.23061995,0
0.033735595,2.550128455,772.7363964,32.7340027,0
0.022358157,1.53255574,806.1853239,43.85085756,0
0.02568833,2.586837785,802.7102665,51.69690961,0
0.022746222,2.598873911,800.3682615,69.41334207,0
0.019497091,2.424581987,789.1411473,45.8670019,0
0.021786359,2.612343697,800.1473971,63.55012993,0
0.038787455,2.194971085,788.3245212,39.01559472,0
0.027771999,3.243485904,807.9310858,44.39167341,0
0.020691888,2.867465886,806.1425577,44.01048901,0
0.025126175,3.237722774,747.3634752,48.89694249,1
0.02287417,1.471598992,785.426723,52.32106662,0
0.038202771,2.342671443,792.3976275,58.46267815,1
0.020260752,1.804396897,740,43.44740269,0
0.019197814,2.564381925,822.8856679,56.33199146,0
0.021385413,,808.8325418,,0
0.020448885,1.944591152,819.8347751,42.81585797,0
0.010368003,2.475982362,778.7314927,53.74091861,0
0.02429058,2.293285694,836.4596925,56.05694695,0
0.022921097,2.54287467,800.1757493,54.45917246,0
0.025909403,2.288018689,814.7675213,46.61853612,0
0.017050177,2.538720653,860,49.66465614,0
0.031754781,2.486951258,799.3803095,35.92072902,0
0.032376543,2.710286099,747.9854555,45.1564041,1
0.028500776,2.224048842,796.9782958,51.36019451,0
0.028637901,2.233650007,779.8603755,50.56396983,0
0.005,2.109661073,774.5154736,60.43464106,0
0.01964151,2.69395618,798.0747546,60.56728002,0
0.033059996,2.335608662,780.6881959,44.80701503,0
0.020812667,,832.9479641,44.05503674,0
0.016489896,2.42229924,808.3640583,35.49929307,0
0.024917044,2.007129971,775.1132703,45.51280727,0
0.022666879,2.372618818,787.564138,28.03508908,0
0.031026528,2.81736099,825.3468895,47.38701333,0
0.029433816,2.716940629,798.3285985,56.50606143,0
0.030372195,1.849296851,,40.15791882,0
0.018691242,1.496582161,762.8523637,51.34564646,0
0.010598297,2.212982518,784.8336231,52.94408029,0
0.029609502,2.3630762,740,48.10380902,0
0.024237286,1.532395375,774.0452537,52.50532486,0
0.028304097,3.529235482,799.3458062,55.86442874,0
0.021998246,2.973026918,,54.34141077,0
0.027159377,2.71464359,787.0143684,50.53744888,0
0.027775092,2.344439574,859.5792258,38.97518927,0
0.032278871,2.259249215,758.887258,,1
0.026193918,2.911959953,769.5110329,41.85609021,0
0.027499595,2.283499135,,57.21893934,0
0.036403868,2.978848947,,59.69399126,1
0.024369264,1.957520067,807.4867034,43.03701061,0
0.024989232,2.289653437,788.9625468,40.40791686,0
0.024981124,2.849220022,772.457758,44.97344012,0
0.021295908,1.779638266,784.2868177,,0
0.022214931,2.388793552,828.3875825,33.34207005,0
0.027000901,3.030871649,821.2115678,49.24124314,0
0.034869401,3.062946967,813.9013487,52.24965165,0
0.013235471,2.399363804,,52.58327384,0
0.0229945,2.870690832,797.4249396,52.05427025,0
0.026534754,2.905246021,794.2084477,65.11503637,0
0.024065346,2.555316294,752.6698117,58.98481688,0
0.020045492,2.297120862,780.5392885,46.0951298,0
0.026941851,2.42782612,798.1359073,57.91251697,0
0.019448735,3.37691682,802.6375933,51.5665471,0
0.029178063,2.513235974,796.0084873,37.51706021,0
0.02109289,2.10293776,783.020734,42.85814233,0
0.029497534,3.386585516,749.2148331,43.47770857,0
0.022362164,2.941730666,796.1507146,45.91647321,0
0.022660191,2.925912451,751.6860273,49.03385139,0
0.027699948,2.276555824,802.1803715,38.23004772,0
0.017959569,2.640154043,768.1144465,32.98321965,0
0.023275327,2.436949207,804.7227538,44.1543002,0
0.030992022,2.812678396,805.8104778,42.18891834,0
0.018612972,1.939808205,803.7512193,49.60925131,0
0.018961362,2.203159667,798.2897692,42.12761182,0
0.025855425,2.93598396,760.8557666,66.24298393,0
0.022053326,1.805810163,817.7003193,42.42349738,0
0.025732217,,798.0715806,46.96078541,0
0.018205978,1.638490637,825.6570167,56.42651379,0
0.018370178,2.966341916,797.0159701,61.85388476,0
0.022098667,2.625697949,806.8202785,45.68378024,0
0.039060682,3.647035143,818.8536209,58.63190912,1
0.012248376,2.078953924,760.7364035,50.37301474,0
0.034697395,3.375909969,774.2800763,38.15829871,0
0.020401682,1.969782168,763.7853344,55.81117211,0
0.016797586,1.935042577,842.5945714,,0
0.020185752,2.294901469,811.9915071,50.88144462,0
0.01989195,2.06766095,832.6108769,40.62593318,0
0.034696855,3.014935687,756.555128,38.24267646,0
0.021072515,3.047625989,801.3166052,44.28803922,0
0.016442665,1.991133135,755.463734,58.08625107,1
0.033658746,3.038953596,805.2471108,66.35858599,0
0.014726806,2.504841813,798.1906438,,0
0.022204575,3.306732776,817.8635673,61.41061582,0
0.029864416,3.233303399,782.0783628,,0
0.029955757,3.626391806,760.2178003,43.97500485,0
0.030086651,1.969724128,767.5431471,46.47928792,1
0.014103472,2.913055973,812.9750966,43.87529669,0
0.020701713,2.656255537,855.5220945,44.07736507,0
0.018916939,1.940104513,839.5535456,64.43144387,0
0.017972267,2.549504873,,49.78856036,0
0.025070602,3.606016784,843.0949557,43.2761187,0
0.017017397,2.698503707,796.3679643,52.42994002,0
0.026800365,1.423576407,805.3234474,51.60374177,0
0.016876823,2.618240889,817.6680794,45.48157319,0
0.023702863,2.565817395,787.6512252,48.92936114,0
0.023661,2.950254543,845.348253,50.04258405,0
0.014740466,2.466302064,819.0179651,47.46701756,0
0.019837409,1.614106692,803.9792389,39.9851823,0
0.023287586,3.192682012,,54.96603857,1
0.038194068,2.511258936,815.4628888,51.89016616,0
0.0242957,1.48184079,824.6909715,57.41781189,0
0.015719305,2.361067806,766.2003262,48.57318852,0
0.007086572,1.936250828,,52.52273614,0
0.019025519,2.604972297,797.6801275,49.95385963,0
0.028037686,2.237950321,792.1419512,51.28753709,0
0.031592783,3.395325818,809.4119086,54.99354491,0
0.01727071,2.604089258,775.7340762,61.81446905,0
0.018614883,2.676140814,,42.94697854,0
0.019433284,1.728633596,786.2881294,56.3669759,0
0.02778411,2.390379658,760.0467176,56.27007814,0
0.0402517,3.062923204,782.5556643,44.06024352,0
0.023621527,2.215362892,802.9961632,37.67141603,0
0.025596406,3.150898966,814.3944093,55.12241894,0
0.025426872,2.57443887,806.8285692,44.24731617,0
0.034340274,3.473224586,790.2166369,40.30231981,0
0.011523209,2.063296891,832.0547359,52.69994511,0
0.029056938,2.011642159,819.6047734,53.94978172,1
0.028742845,2.760139691,775.598199,60.72892489,0
0.022732419,2.109363918,,49.33926831,1
0.018353587,1.73978179,821.2333858,45.58378985,0
0.021658401,2.535313201,798.66834,53.14512723,0
0.015226895,1.817719419,775.1839733,55.06271306,0
0.015030875,2.776950514,815.7011215,44.46276743,0
0.020895352,2.697303328,773.8543058,70.27994197,0
0.041071939,4,768.7569494,65.34531516,1
0.02340353,2.197028145,740,52.91109603,1
0.034582977,3.283875078,828.8081722,43.23225807,0
0.026939521,2.71463645,814.7514554,34.40159059,0
0.023272415,2.330284716,785.3527545,49.23601541,0
0.031133067,1.968608714,813.388396,47.37485734,1
0.021399297,1.21760667,810.9273982,42.99912286,0
0.011261865,2.006864866,812.9652443,47.84779335,0
0.033924832,3.221760499,773.2537774,59.15674671,1
0.021401002,2.55649019,845.4795239,56.93745451,0
0.02297853,2.931277274,800.0762458,53.77960811,0
0.042826373,2.480181942,804.4715817,59.17902145,1
0.029054261,3.578559945,804.0089768,55.29020087,0
0.024435005,2.065579529,811.5761566,35.44993785,0
0.018606061,1.995660743,827.5311346,51.90860888,0
0.029386562,2.576675342,835.1783115,47.22055064,1
0.019422035,2.37375046,826.3892863,58.88312778,0
0.025756731,2.590103097,812.9060373,40.5290571,0
0.01156558,2.323297122,770.8904853,50.22519928,0
0.025101873,3.022079316,820.1495141,46.23993025,0
0.022747726,2.70558779,788.4077209,41.91173851,0
0.024216281,2.273433024,772.5694668,53.507709,0
0.023632347,2.133027783,745.3608355,,1
0.025101931,2.556790751,763.0027914,57.41101398,0
0.01499663,2.771498668,807.8876771,55.86168754,0
0.017031832,2.495349345,821.7349439,43.26831878,0
0.024764074,1.511615585,820.5333828,53.861084,0
0.028703128,2.026780391,857.2729434,51.4201698,1
0.017984899,2.032494667,837.468558,47.10247093,0
0.010288451,2.784432557,857.4792691,56.62969125,0
,1.747984208,809.5214626,53.63625497,0
0.016522769,2.993334755,797.9747663,55.73304853,0
0.023599894,2.285382652,807.3891793,51.10202954,0
0.028211487,3.174761697,777.7146105,49.17369268,0
0.020726105,2.749414822,798.482663,40.70951836,0
0.016670282,2.509826836,756.8638604,59.79703486,0
0.019654971,2.271722363,740.3163215,53.41415138,0
0.017773563,3.261749423,842.9097307,62.75949459,0
0.01594794,,821.0793683,51.41034097,0
0.027917266,2.649139899,798.4446619,43.99699753,0
0.022527487,2.978101325,800.1494138,46.03339797,0
0.02178938,2.484474887,769.0494664,51.62533181,0
0.019224154,2.418789078,740,38.62617007,0
0.023991797,3.172644303,798.6104218,58.20745705,0
0.023523059,2.058785952,809.1674653,53.98908694,0
0.017533484,1.846518873,841.0129895,47.58655379,0
0.024600049,2.505073873,856.311018,39.24204203,0
0.028398467,2.753218995,805.934338,40.42356516,0
0.015819872,2.231314768,818.6103777,43.03574422,0
0.026730202,3.198107436,818.9074725,41.32882968,0
0.038601331,2.149747919,847.3797391,38.40606815,1
0.018816289,2.26812844,753.4332588,64.49627113,0
0.018680701,2.092168204,804.9133969,43.25750182,0
0.016555637,2.793620874,825.5097061,47.90202513,0
0.03279669,2.414832337,796.1100826,61.61670506,0
0.015418806,2.381473492,827.5733075,47.70949275,0
0.023168721,2.427660384,782.0000112,38.23827502,0
,2.15285847,823.30441,65.69604531,0
0.017925896,1.936887183,782.8112005,43.58848976,0
0.029287176,2.923554665,785.9155191,52.29274838,0
0.046637912,2.948791684,809.290897,66.66568767,1
0.02800178,2.80889046,817.0701056,29.14107577,0
0.032888893,2.989370001,818.2928522,,0
0.029785579,2.439747404,797.4114116,56.78725159,0
0.028475553,2.329939237,817.6054426,36.95473902,0
0.018648027,2.112424072,,56.0892044,0
,2.528115167,830.0766112,56.06982417,0
0.024637249,2.446514123,794.0196298,49.20123701,0
0.021447269,3.093390745,,49.73499153,0
0.009706099,2.116078974,781.683384,47.85898348,0
0.021820763,2.64609707,771.5786423,42.13135602,0
0.020021662,2.452017436,747.5317118,49.36636767,0
0.034189195,1.86447418,805.5099489,63.16266135,0
0.022143179,2.414325755,764.0596973,59.86242951,0
0.02653643,,816.095449,35.02638811,0
0.033090438,2.035046102,780.3292627,57.92609388,0
0.00875091,2.643072428,810.7562898,54.40210457,0
0.030199192,3.119773326,856.6163872,50.82151817,0
0.030597822,1.843146317,797.7697342,51.31750096,0
0.014437181,2.210492471,760.5540881,48.04650465,0
0.028890169,2.332677789,836.7914955,50.07145498,0
0.014861736,2.527558411,822.4365269,59.17481404,0
0.018746676,3.143585788,798.1498021,41.96612379,0
0.026150226,2.858170567,,35.80722642,0
0.037013342,2.477597954,807.2972348,66.59561116,1
0.016739777,2.720122875,753.1979838,65.31460327,0
0.025485937,3.135454831,816.0602799,38.94736661,0
0.021539326,1.313935602,772.2289807,41.98153787,0
0.023609688,2.601735564,838.1366689,55.12715327,0
0.018162603,1.954800481,798.6409352,42.76437419,0
0.017332032,2.129748691,836.1598463,61.35570778,0
0.011662038,2.124945996,839.8582191,46.37158738,0
0.023600752,3.043111849,817.9228048,52.12339237,0
0.012095153,3.289957571,836.2935736,55.38183503,0
0.038763801,2.222897252,795.6050098,43.01952713,0
0.026154337,2.610654263,786.0049376,55.29716225,0
0.035009679,2.03875794,820.1750301,49.65487725,0
0.016494321,2.067014709,,72,1
0.022451732,2.302313062,759.2245331,44.504572,0
0.017007407,2.678460012,790.5350937,58.52223497,0
0.023314537,2.257639455,835.3126258,31.23369406,0
0.03725119,2.460883955,838.2469897,48.12571438,1
0.028451198,2.212717946,791.1759718,63.50396353,0
0.029572469,2.611407976,795.0479459,55.02519422,0
0.030921313,2.354964554,804.1870569,54.72842781,0
0.013341977,2.10908214,800.6365843,46.33377865,0
0.028041889,2.557381461,772.0045221,53.32532776,0
0.024625664,2.158508263,793.3040572,56.29058935,0
0.016149068,2.080192919,789.5547019,47.55457711,0
0.020888773,2.239159385,799.7184024,30.00055421,0
0.028997982,2.168091426,821.8971216,45.27911638,0
0.019735935,2.409802272,792.5460817,45.72423503,0
0.021876663,2.792042018,809.4722992,51.59016542,0
0.031490458,2.424424319,754.8856179,43.70971103,1
0.030885372,2.855478052,798.0807706,60.99926169,1
0.04052651,3.415855042,860,44.24842375,1
0.024052893,2.097471769,,36.83013049,0
0.022043015,2.190569803,811.8708071,38.92701258,0
0.011367076,1.992095799,823.5714762,53.51178112,0
0.031629361,2.206913048,813.4571478,43.71753926,0
0.027656133,2.505098729,792.5576109,61.99861438,0
0.01966087,3.148880651,792.4451355,34.70547872,0
,2.851421664,822.5303257,48.29130034,1
0.023399036,2.081461635,757.5567257,64.28102242,0
0.013049008,2.135632556,783.7961224,52.63922305,0
0.030338035,2.665670641,779.8102411,49.48811475,0
0.028903223,2.45016665,844.8360356,61.05861957,1
0.026360168,1.930032278,786.7033571,50.23800596,0
0.008758492,2.382713769,769.4284925,49.74732201,0
0.030312583,3.175859046,776.4230322,55.95526987,0
0.017264645,2.683319028,791.0866475,62.16084898,0
0.016531931,2.187646385,784.1226449,56.22347376,0
0.026489135,2.287976911,803.2496284,49.55977627,0
0.024286972,2.267964187,802.1063073,34.16598019,0
0.032472997,2.776481423,838.6176506,50.11511755,1
0.021296756,2.117697247,745.8268932,47.37806067,0
0.013715925,1.772648744,810.9165086,39.65892158,0
0.025339091,2.412765699,816.6814782,62.37147117,0
0.018708603,2.035902812,753.094132,59.27040689,0
,2.751068302,784.6169344,36.35122448,0
0.031245539,2.780695367,777.7215476,57.95258536,0
0.028222553,2.126920472,801.88228,41.73203575,0
0.00957604,2.941950526,791.8076495,50.31382342,0
0.034309352,3.025928437,825.3290699,48.10481953,0
0.019347572,2.022219422,785.0983785,42.16484666,0
,2.22572447,808.8925926,61.52861423,0
0.029658872,3.66286998,810.8077754,52.87860533,0
0.015637226,1.772858755,815.1600872,57.60932137,0
0.023019271,2.718082301,805.9809995,63.78471916,0
0.016174768,1.20194524,770.3818122,51.67361994,0
0.023591329,2.116968876,805.1407112,37.33635664,0
0.032367971,2.763896391,813.0870018,44.69627162,0
0.016047265,2.229612442,793.4812812,41.64622388,0
0.029604649,2.689162251,793.2279786,37.15893439,0
0.023971157,2.806707502,780.2595845,,0
0.02154036,3.140742835,827.7572753,50.33483581,0
0.020259415,1.465624323,804.2258174,46.75485894,0
0.025192892,2.316232611,775.454555,32.78202348,0
0.009894192,2.734986913,818.4678148,64.08704912,0
0.013120607,2.118656093,784.5946836,58.48872206,0
0.031478783,3.642087967,814.0089458,53.28441308,1
0.015370279,2.659899714,768.0067269,,0
0.024660334,2.520510755,802.9193731,44.91812775,0
0.022964274,2.318063144,794.1815608,39.52860419,0
0.016880326,2.209533294,820.0032213,48.90042406,0
0.016812824,2.109583361,804.0266104,38.04675755,0
0.020813897,2.599030318,806.8933412,52.81171889,0
0.025453656,2.381585601,824.6867784,48.47424098,0
0.017692605,2.624412739,860,56.74149763,1
0.013370855,2.505550294,813.5539675,46.44444381,0
0.021657161,2.472544993,798.4239105,39.99008972,0
0.021032666,2.198307806,814.7385095,39.06229687,0
0.01615791,1.986523998,829.0032347,49.13999876,0
0.02690509,2.134304717,797.0210757,45.04690434,0
0.030087317,2.815816469,806.4376604,60.04326168,0
0.015374763,2.699719536,826.0777882,45.80498666,0
0.036665757,2.469211344,771.5481283,46.67605869,0
0.023956294,1.999061252,783.6481007,54.61508248,0
0.022021795,1.930040473,786.1804923,58.50026813,0
0.012175112,1.921123245,767.4753836,58.79014098,0
0.023784317,2.184692153,759.2780929,45.98943846,0
0.014599128,1.874537743,810.5765221,61.13146543,0
0.019627985,2.48604289,819.4727281,54.9275995,0
0.032789941,2.659725687,825.879658,67.29553425,0
0.016950894,2.970379989,817.0155335,54.35191691,0
0.0260434,2.503705041,779.0292198,43.14123398,0
0.029189811,2.5931481,807.982895,49.05129929,0
0.030781361,2.678761019,794.0255114,50.15089477,0
0.021827804,2.870032771,799.5534285,40.97597433,0
0.031240516,2.786271447,818.8163523,50.5165438,1
0.026593384,3.107131864,832.0469772,41.73616619,0
0.010954152,2.435121604,760.3555773,54.25921045,0
0.026635155,3.112909677,796.0881182,47.11185252,0
,2.942538593,834.6096684,46.47491076,0
0.037038946,2.247285412,752.4593799,44.19308766,0
0.020489265,2.689631556,786.6072376,58.7245887,0
0.024521163,2.546524146,782.7789576,53.05570427,0
0.010585638,3.315529093,796.4723626,38.14935951,0
0.018604494,2.698776899,740,42.70670099,0
0.023162028,2.787483443,787.4034788,51.71450789,0
0.019812068,3.055426008,830.7045719,58.38611501,0
0.02196465,1.809720194,749.0492777,44.03842023,0
0.018060247,2.080626059,764.4476177,59.97941069,0
0.028620226,2.423038815,767.4109951,61.75656557,0
0.024615545,3.075046673,823.6745337,53.56170168,0
0.0319578,2.421434285,810.3088982,59.79517184,0
0.023180967,2.655439748,826.3705212,28,0
0.03602727,2.672763014,818.0995648,39.9073995,0
0.033950474,3.176206686,792.7379773,32.62241488,0
0.026727406,2.885170725,785.8019474,57.76046872,0
0.023262337,2.686091371,822.3948154,37.9764713,0
0.027897089,2.577856344,821.2888618,54.7570898,0
0.022410725,2.262580038,794.7628229,52.60035793,0
0.028200418,3.279202112,794.6564978,52.39078436,0
0.013590581,2.724378624,795.9398206,51.30174988,0
0.031264447,2.60684743,791.2741893,46.06226517,0
0.021375802,2.190690962,745.1495286,53.6246406,0
0.013170488,2.432683914,793.0700902,55.33636438,0
0.015143622,1.601694306,,59.16885311,0
0.022374467,2.922418911,777.6597643,52.03352541,0
0.032113899,2.823353192,813.3827384,49.86170046,0
0.013494712,2.222662507,782.2607521,47.95987478,0
0.02531726,2.402420415,797.5656019,36.50427009,0
0.02061046,1.998442214,793.5206162,64.36875717,0
0.022381182,3.253662042,770.6399644,59.80605159,0
0.029012348,2.157238471,762.6996414,55.06560348,0
0.014353676,2.490765502,781.8982353,43.0422611,0
0.022745149,2.427212732,825.7321158,58.2886236,1
0.036319995,2.200866525,781.0910311,54.25786149,1
0.027648089,2.04070081,820.9120635,51.97483143,0
0.0185969,1.972405561,752.9976719,55.22801057,0
0.016973585,1.641549351,806.2776444,45.4913501,0
0.036454951,2.506668669,766.5269104,58.96803526,1
0.022868749,2.829689201,742.1088587,48.25992635,0
,2.737599759,780.0703806,42.18111504,0
0.031314208,3.562714165,820.5335978,30.251759,0
0.024243364,2.338374691,793.3419303,49.89421139,0
0.017001808,2.896529505,759.6890127,45.373259,0
0.019637249,2.858028003,803.7312718,45.67633219,0
0.025168784,2.466631875,774.4978462,52.14094007,0
0.027624794,1.778705349,793.192272,47.16189062,0
0.024639986,2.901342964,789.2471915,61.54024315,0
0.017668571,2.286274573,778.7019486,,0
0.025344319,2.891465455,834.53508,55.19004238,0
,1.82497778,819.5805895,49.93428016,0
0.028279027,1.975863152,860,59.53337148,1
0.032532349,3.738766249,808.447426,43.97562609,0
0.022307153,2.133388065,801.552643,66.9456785,0
0.020023386,1.988064954,777.6819442,41.67102826,0
0.0193694,2.15394069,775.824414,58.50117891,0
0.017418531,2.568544734,792.4204105,56.07240452,0
0.027359739,2.737338463,762.8434198,,0
0.018962006,3.429576985,826.3983316,56.36840494,0
0.033024045,2.430889296,753.1422832,54.59913534,0
0.032649626,3.192356521,804.9851961,46.1763287,0
0.028435298,2.826087137,,47.18158683,0
0.036126336,2.902327577,,44.1710851,0
0.025118167,2.489644137,795.1857232,55.96502886,0
0.015666012,2.10553128,785.8742526,63.15229052,0
0.011248708,2.887004592,791.3044916,32.45968127,0
0.018569737,2.403591716,792.4384427,62.73772109,0
0.019352006,1.492169795,800.350697,56.11276831,0
0.024834668,2.327065473,809.3461678,49.45138025,0
0.025284904,2.861155766,774.5930247,66.32394731,0
0.029960309,2.423573325,,35.08718374,0
0.020593151,2.628485597,781.5318293,43.20287172,0
0.029225857,3.261900333,844.2559036,46.05329828,0
0.017412073,2.562457095,779.5190702,54.33084672,0
0.024251364,1.210211774,798.2421284,51.01801624,0
,2.141661472,787.8523436,52.99454582,0
0.021371708,1.709045171,805.2110426,61.03930241,0
0.014471029,2.850923003,797.0834745,55.07249885,0
0.017729645,3.620706116,833.5032026,61.30819481,0
0.023043398,2.720744531,769.7016138,58.28791579,0
0.025826336,2.29234168,813.9695106,44.90014841,0
,3.193254995,811.3559246,,0
0.022090704,2.067428609,805.4567866,43.34286478,0
0.016606633,2.832496553,793.8074213,45.73925599,0
0.031987015,2.462272361,826.8547685,48.31955382,1
0.019424575,2.474914267,827.8534099,54.55309153,0
0.026105019,2.53844938,788.7135427,55.07503724,0
0.027593482,2.393352462,801.6621104,50.28296491,0
0.01998088,1.952631862,835.1228351,40.92745088,0
0.022234545,2.250260375,824.0729508,44.54204963,0
,1.950338349,818.0067291,40.2928266,0
0.020230593,2.334199785,816.6288951,58.8479382,0
0.034788876,3.048032128,791.546271,43.44456819,0
0.029704452,2.092128471,831.8835259,54.73440815,1
0.013288909,2.858365028,830.0992661,45.04691166,0
0.026549204,2.838943493,773.2609501,53.61784599,0
0.027164836,2.094282266,796.9296322,51.58687334,0
0.0257474,2.201412356,789.167296,60.47154525,0
0.021942601,2.526611252,,44.07386717,0
0.025321582,2.378002603,812.1702324,60.69874581,0
0.022061591,2.162750436,860,47.54342353,0
0.030481646,2.326571583,806.4625061,55.7958036,0
0.019379199,1.617202648,795.0187284,51.42889473,0
0.024155155,1.627554697,798.3675702,54.53126306,0
0.02752722,2.241574502,780.9290262,50.97905859,0
0.021286111,1.132722177,759.6192098,55.5753493,0
0.012767749,3.117919148,827.4015899,56.91511154,0
0.012677259,2.405164042,797.8167599,37.57185966,0
0.02519189,1.682808517,765.9914883,52.29464696,0
0.018881811,3.452198319,775.2854518,32.52522654,0
0.029118663,2.532825254,822.1233267,49.8979516,0
0.03124306,1.883980308,783.6102544,48.65446364,0
0.023052996,2.642166997,,43.71983676,0
0.023811431,2.792330461,821.7723095,48.19421446,0
0.017024618,2.401413158,779.0676977,59.27277155,0
0.021953673,1.864758124,752.7966488,56.31612862,0
0.026622055,2.450744203,822.5464822,53.38643587,0
0.023397092,2.507154511,813.9665494,63.78728606,0
0.019780841,2.142486071,792.2881144,41.12592755,0
0.026034722,1.80563352,834.061424,61.16617722,0
0.023770558,2.125361946,762.9449308,52.63996283,0
0.034773963,2.770967412,786.3504194,55.71961513,1
0.034007275,2.181911931,811.218184,62.01884377,1
0.024851879,2.614470166,818.814282,51.55401723,0
0.030812207,3.420923362,780.3686499,66.43200231,0
0.019268003,1.685440306,820.6181929,,0
0.033606425,2.952051444,789.4283129,47.4525574,0
0.03715349,3.098658254,747.8327438,50.76901752,1
,2.801444917,841.0697065,69.80334512,1
0.018096052,2.843991932,808.3129098,52.60415042,0
0.009203228,2.822710928,796.0211195,43.83307062,0
0.027216791,2.506861461,818.0983191,60.8622204,0
,1.789458484,822.5052147,51.69893222,0
0.038022453,2.323376067,791.2661473,34.25888643,0
0.020208584,1.474579063,832.0579651,52.38727681,0
0.019830441,2.251708684,782.4205511,43.97643361,0
0.01741391,,792.5356475,47.72518547,0
0.005,2.492925111,770.1758996,47.23708311,0
0.025702036,2.632835902,816.7655258,28,0
0.030794537,2.867947461,836.7248189,45.42019361,0
0.015389817,2.303351066,788.1949363,51.80262937,0
0.027745902,2.68464773,843.4942793,53.99455655,1
0.015414337,1.974795115,781.8467599,40.11461135,0
0.023318759,2.833817378,776.9211192,51.50497315,0
0.018814322,2.842363123,789.8795883,50.64740187,0
0.025154339,3.465784772,792.9193798,51.22296569,0
0.028366848,2.623461253,770.7935076,54.73701721,0
0.023821306,1.609144825,795.8731465,59.62022054,0
0.028946253,2.515941309,768.4574123,54.58262499,0
0.021797589,3.230403919,802.665872,45.31829198,0
0.028688511,2.415988144,812.4934382,55.6184223,0
0.018976934,2.641121564,820.7602605,47.99208944,0
0.03342587,,828.9444025,39.58722119,0
0.030065153,3.479539061,748.1737797,65.76391972,1
0.030775597,2.550581755,,50.36446257,0
0.027639747,2.631557304,781.3751033,46.4592781,0
0.028302757,3.0846116,814.9490422,51.09259614,0
0.022039583,1.36947221,830.3931417,39.09479589,0
,1.854848189,814.3447324,59.26435757,0
0.016301328,2.172044441,799.7205919,44.00483375,0
0.026667439,1.897860802,,46.407507,0
0.024598429,2.67187203,818.5961122,56.09173132,0
0.03194332,2.023708285,767.5159939,61.44997263,0
0.029062977,3.680967338,826.5170969,45.39825384,0
0.018351923,1.76433258,835.5890588,53.70359208,0
0.028028127,2.546251128,803.0298241,62.22376943,0
0.012679721,2.616385805,801.9503854,45.89647108,0
0.024793437,2.240578298,777.7572345,46.26835716,0
0.016828742,1.622170188,807.590786,45.6096803,0
0.021325848,2.239152182,802.3147617,57.12035602,0
0.029771571,1.649998613,763.5803867,51.51640677,0
0.028404298,3.175201488,775.8851544,58.49459482,0
0.017619421,2.480853787,811.5829578,52.49653139,0
0.012036152,2.66606511,800.8482061,42.05211252,0
0.023320864,,815.3053479,49.42222702,0
0.03224133,2.234503573,804.7346019,60.38641973,0
0.01676016,,756.363561,39.71854326,0
0.024389926,2.731930377,801.660376,52.87589916,0
0.017719641,1.67382584,783.6082909,51.65925188,0
0.026425346,2.042825798,788.6189466,44.75815105,0
0.023361395,1.441198223,811.2747961,57.17053453,0
0.021311045,2.614003003,767.9842144,59.49496359,0
0.030464069,2.835489361,826.1688434,55.2426078,1
0.016670375,2.704503701,772.9458225,67.05284245,0
0.015054865,2.605617104,,69.25860577,0
0.034481803,2.51911431,820.8401731,54.49113955,0
0.006809754,1.066416638,804.1408508,44.11842849,0
0.009287928,2.013322755,808.6949792,49.04455146,0
0.023038268,1.857551896,798.0705107,62.1030934,0
0.029305902,2.567465337,812.0359691,41.40690122,0
0.016448377,1.587705281,769.8941342,52.75320173,0
0.019334801,1.99962798,,45.60738559,0
0.019655627,2.45562382,837.2345305,51.27132229,1
0.016914635,2.584192219,785.1420338,53.81959683,0
0.026372596,2.96689597,783.8819099,34.23018085,0
0.022800773,,808.4041412,50.73993929,0
0.020292054,2.844916973,766.5316735,35.18444518,0
0.025835101,2.691672662,809.6724586,,0
0.017237952,2.827447283,799.2097028,63.4339959,0
0.009979012,2.214922669,807.1365428,42.98182047,0
0.021480199,3.073174577,798.9751861,,0
0.015799562,2.273139091,781.80253,43.8136343,0
0.035972471,3.167235745,768.9839331,50.07964469,0
0.024673927,2.252977914,774.1883981,47.52547518,0
0.021079324,3.051609068,740,44.71138136,0
0.022264903,2.507879497,813.3537362,46.72506456,0
0.027897201,2.854715427,803.1821161,46.6387607,0
0.022871426,1.94879689,808.8781545,48.680066,0
0.01232565,3.711158794,816.909861,48.72643012,0
0.036152164,2.348614679,803.5555336,49.49375257,0
0.031913502,3.027990408,812.9211605,37.69606045,0
0.029366243,2.769225675,782.2305357,47.46130308,0
0.030612637,3.073344733,773.3061974,35.77863951,0
0.032679412,2.411490144,804.9218638,36.53771636,0
0.021176296,2.25655732,772.1374521,42.45563844,0
0.030754341,2.337140321,793.4128086,50.59812333,0
0.035394561,2.128665555,768.9178873,30.82611384,0
0.022600806,2.052699375,822.814187,35.10178426,0
0.03314845,3.346123389,801.9309743,42.96722221,0
0.027783068,2.594284769,777.7196961,43.8573079,0
0.028728911,2.049237645,797.65989,46.50582715,0
0.005,1.594061714,807.3661054,33.45058437,0
,2.699020912,805.5859565,51.44696181,0
0.015313446,2.447091543,815.4020576,52.18686195,0
0.020119812,2.829060442,795.6242694,71.4302078,0
0.030291428,,789.5544012,43.22226434,0
0.030673553,3.238278566,786.939769,37.76157208,0
0.028724549,2.314552877,774.7830941,55.68247322,0
0.018804643,1.307875218,763.5406177,49.93000483,0
,2.544576926,782.9549106,42.84947605,0
0.033430344,2.816656057,764.7670353,54.24450499,0
0.014586732,1.560310665,802.6139532,60.47584272,0
0.014438989,2.979705923,805.6506352,63.92213142,0
0.023430903,2.034329419,762.2720204,51.34934133,0
0.01920615,2.23983344,846.8967428,45.10649571,0
0.030085234,1.778588267,781.8757071,55.83213802,1
0.01730607,1.544294182,777.4858951,41.51445995,0
0.024165866,2.708936398,804.1027192,49.73898382,0
0.041125459,3.468478346,782.4456852,50.80810112,1
0.024374271,2.652222663,793.7529834,49.36820655,0
,3.485355387,812.4165348,62.87706962,0
0.019453444,2.824244185,763.6381653,45.535304,0
0.015196332,2.243410909,802.5819606,46.27461363,0
0.028886812,2.055485983,742.4738129,60.1698484,1
0.027446307,2.445424285,826.6759741,34.26486199,0
0.022663282,2.880598891,810.2140842,41.64635079,0
0.027448824,2.299700506,828.7770818,54.07411994,0
,1.869036583,807.6616785,46.22384309,0
0.020786403,2.163133992,800.7189483,57.87442124,0
0.023184199,1.56578826,836.6381222,54.95883184,0
0.02060104,2.37737961,818.257795,57.48016153,0
0.026547643,2.187168216,827.2635131,54.23532515,0
0.030958534,2.282038297,781.881653,54.04045077,0
0.005263213,2.585889422,777.9749012,55.90298073,0
0.019590958,1.854603453,785.2747445,51.05395088,0
0.020476625,2.245683035,860,40.96860515,0
0.020456356,2.189531002,809.0582913,60.95700695,0
0.019685121,2.558045524,779.7953855,47.59117124,0
0.014231609,2.889350741,780.3525044,57.65441016,0
0.024164847,2.06805122,794.5577646,52.84763744,0
0.02558675,2.55524943,781.1826012,56.71517374,0
0.035812027,3.243464198,800.6585679,45.70331104,1
0.030122482,1.995281512,823.0644815,50.33288279,1
0.022491981,1.202399888,832.7548801,40.39055902,0
0.018732778,2.531529569,782.4125837,62.15266941,0
0.013898614,1.655142044,851.3966967,58.25610478,0
0.032516476,3.856340577,787.2063007,34.93337279,0
0.030760443,,801.9580207,36.87051816,0
0.020579034,2.619950655,845.0310692,51.57787102,0
0.021836378,2.713459274,745.5464074,54.63847875,0
0.03022238,3.510457653,811.1865691,38.24800495,0
,3.346944476,768.992536,54.48238675,0
0.017596455,3.98090813,771.780403,50.71141496,0
0.027787099,2.498350123,772.0669752,46.40266769,0
0.018579782,2.454199687,791.5982829,47.98258989,0
0.032045679,2.717962149,804.171871,52.78961598,0
0.029888164,1.725907864,767.1817412,51.7147286,0
0.038208228,3.016648316,805.7060971,53.28818134,0
0.027044156,3.671231486,846.2841525,33.48508792,0
0.026063023,1.985993689,784.7723587,45.42000659,0
0.023765517,2.457132465,808.9322148,65.69161459,0
0.018423201,2.064741229,822.7151746,49.22387474,0
0.032107599,2.461325449,768.5823432,53.54644193,0
0.009925984,2.045551902,848.5664042,42.47911279,0
0.021247722,2.597360692,803.3606418,55.15811976,0
0.030941188,2.158262384,801.5872316,54.55164485,0
0.02146273,2.97841216,767.5330187,46.38963463,0
0.020517367,2.255805848,831.6812032,43.74139175,0
0.020713569,2.92119669,816.1616105,,0
0.024895419,2.550841452,741.2376422,48.96219985,0
0.022657355,2.595646363,790.4022592,57.31443301,0
0.027145509,2.684720815,763.4795881,44.98323253,0
0.018834369,2.17251556,824.5333835,47.7176147,0
0.022908566,1.907308164,805.7349107,53.2031552,0
0.027490037,2.404041242,793.8465161,53.34367284,0
0.025430103,2.950622011,797.0657847,,0
,3.259406133,785.609568,50.74928678,0
0.018742745,2.059730022,763.747223,43.95997582,0
0.022154795,2.616333285,825.5119076,40.01969232,0
0.028189407,2.896117791,842.2292765,43.95112286,1
0.026732833,3.661206129,812.9691909,29.91256908,0
0.008170461,2.242300607,794.4968196,45.48282827,0
0.024365464,2.575943505,788.9001663,45.97426349,0
0.02759393,2.943007151,761.250873,48.31247419,0
0.023926291,2.036989921,779.7708279,41.37599583,0
,1.375278656,801.3782625,41.91991471,0
0.020663909,2.209283871,799.1750421,61.04433753,0
0.025301186,3.186053299,820.8272554,50.95701613,0
0.025239439,2.873291277,792.1587435,70.94538739,0
0.023342232,2.380529368,828.5107096,60.17348157,0
0.034386175,3.106979763,799.4651559,42.2966889,0
0.027334621,2.6080815,792.0924268,58.65179139,0
0.026713164,2.385490081,802.3627858,52.65747973,0
0.029484344,2.407087445,807.3342357,46.69814832,0
,,824.0366431,58.29436346,1
0.025505174,2.50228052,838.8743914,40.17461564,0
0.033928563,3.213913643,786.9809816,51.29124676,0
0.017730877,2.926963971,810.0596053,36.91405369,0
0.025103693,3.05206715,798.8874985,59.6565831,0
0.023739018,1.613944947,808.5196941,50.24430644,0
0.009672124,2.741097494,849.4058811,53.04621548,0
0.021953579,2.689449005,817.9383902,53.42868933,0
0.020271097,,815.1918011,59.04779542,0
0.020111313,3.042653619,823.7328898,45.29025515,0
0.027274466,2.568478956,796.1455935,56.56340503,0
0.034375221,2.383447662,768.175314,55.29765711,0
0.029225665,2.459607417,785.4541905,53.86725853,0
0.017366499,2.003830946,777.7486251,55.35803277,0
0.031177482,2.90558507,834.1141932,47.13651797,0
0.023606973,2.419737831,797.6013537,44.33571774,0
0.033762374,2.889438944,857.9359652,44.40017852,1
0.043392918,2.44815324,761.1340476,44.93049613,0
0.020897596,3.34235643,761.7091323,51.16577142,0
0.012147329,3.036545641,808.6923249,39.03598348,0
0.022959317,3.625999197,812.2856075,45.52890302,0
0.020659898,2.613084184,791.6170793,57.28566011,0
0.026662284,2.01665099,805.5881497,56.35631775,0
0.019270163,1.823368786,794.2110029,58.23543661,0
0.024985828,3.705740004,805.7900123,47.38869912,0
0.02728995,3.127623203,838.1153454,43.87243248,0
0.030436205,2.560025173,807.2879153,44.63095143,0
0.034262474,3.103413744,824.9105435,43.66842993,0
0.030694177,2.654085171,812.7977176,48.13385433,0
0.009985725,3.145494689,831.8672452,58.32260986,0
0.024035874,2.697896658,791.3673692,54.16940601,0
0.027454303,2.67245536,822.8927994,52.21240686,0
0.017699328,2.078419333,785.8478803,46.71322456,0
0.023540488,2.784444768,786.1395034,66.89223465,0
0.016457255,2.477553959,805.9231982,58.74193053,0
0.037741745,2.734128922,798.1555144,50.55884392,0
0.036166267,2.45695937,809.0400959,55.36088556,0
0.018590453,1.550525919,,51.07836483,0
0.035452098,2.685422289,819.7068511,54.1279539,1
0.030605431,2.765540986,760.2400629,52.20458319,1
0.028798004,3.357852033,770.6094795,58.07517057,0
0.031992527,2.834657463,837.8095943,58.45545425,1
0.017746468,2.541834198,818.2807039,50.90457889,0
0.036400125,2.26723072,820.96106,47.38716963,0
0.025643462,2.997952118,801.675983,48.77357028,0
0.022650648,2.672784642,790.9663898,,0
0.029833219,2.332682953,849.5660424,,1
0.013832912,2.384825089,795.2317768,38.2713459,0
0.035189284,2.829971181,,72,0
0.021383455,2.494652545,848.6111309,43.21343688,0
0.034247152,3.066604633,813.1588631,56.65073096,0
0.017041944,2.607622639,804.7485836,51.92311058,0
0.02852836,2.526474348,765.5784945,58.83219109,0
0.025103419,2.343117713,787.9182005,57.70512779,0
0.022937519,2.041489779,806.7400139,46.30345963,0
0.02082774,2.74795127,857.3871661,54.24868767,0
0.021595311,1.901482887,786.9005699,45.70370453,0
0.016179953,2.273064744,795.7863692,54.69170778,0
0.019663102,1.915009728,818.9575342,42.27799585,0
0.027423874,3.880945563,762.8540643,48.94574542,0
0.027556724,3.17350658,768.2485086,48.54032312,0
0.032407,3.060599015,754.586132,,0
0.017583905,2.114785341,819.1443352,50.60837694,0
0.019262391,2.56771692,799.825751,55.35046806,0
0.019858275,2.073861668,786.1576969,39.31786022,0
0.019910326,2.000230052,767.807566,46.79770696,0
0.027761832,2.181558506,786.7381616,40.11407335,0
0.027953296,2.61874339,783.4693913,46.20957458,0
0.031684896,2.382255953,791.8943499,67.26898982,1
0.020396443,2.571746056,783.4309821,49.91628165,0
0.029074629,2.592564052,792.8685409,41.29209741,1
0.015127914,2.806080986,804.5068639,46.33159392,0
0.011722884,3.139132871,768.506659,60.26209482,0
0.022448829,2.518981702,816.2889883,40.88700625,0
0.038300009,2.338639576,834.6305533,28,0
0.032159193,,800.4505583,45.89304985,0
0.036550256,2.314813721,805.0151796,48.11912681,0
0.025886302,2.256413472,794.1822039,50.07099817,0
0.022834898,1.895340295,811.4277677,50.00071225,0
0.021039821,3.00084032,741.521064,63.96276015,1
0.023132907,1.81427697,807.0693596,52.19778919,0
0.027258802,2.237893158,770.6180103,53.19900548,0
0.016692671,3.416368825,790.0303018,65.86077628,0
0.020030487,2.751412157,817.1078506,34.50091908,0
0.015044137,1.904134624,749.3469922,50.39796201,0
,1.677767328,860,48.0922605,0
0.015629658,1.935596867,791.5674177,58.30678403,0
0.01668244,3.162757893,797.1838803,41.98609005,0
0.012123058,1.985334636,836.6119819,53.7110664,0
0.022582886,2.5359753,801.2679507,52.16651326,0
0.02485654,2.195951847,804.8525652,57.83614081,0
0.021718945,1.785290571,823.8419483,58.9056648,0
0.024328612,2.891408569,840.3925965,61.82627672,0
0.028593854,2.158431436,833.8730186,49.04010264,0
0.023601113,,768.8792385,51.73857302,0
0.023402023,1.537405113,829.2158177,51.04491518,0
0.026607471,2.078619985,860,53.26231205,0
,3.385936228,794.561148,52.4526203,0
0.013612101,2.66343984,800.326579,40.16163741,0
0.028613889,2.488454852,793.8916177,49.48015215,0
0.015719896,1.919871337,846.1261545,48.81012327,0
0.023425099,1.931563456,785.2888884,57.04128307,0
0.029748869,3.185058552,806.2950318,51.94628372,0
0.035940076,2.304405093,786.1577327,53.74142702,1
0.013165517,1.984232471,787.6170696,47.73916119,0
0.033101625,2.261081341,828.2205508,38.96953014,0
0.0237322,2.211667671,821.0722291,51.05205564,0
0.034929158,2.428237092,860,37.73860435,1
0.030388282,2.482967092,823.1980469,56.56443952,0
0.026929154,2.535912097,794.2277991,52.63987274,0
0.016332064,2.713297602,777.8559261,45.17057461,0
0.030655388,2.336505057,771.3273426,46.62367652,0
0.017058981,2.407139005,801.8076493,57.79751311,0
0.015914795,1.717575449,785.9393749,42.60320206,0
0.029009932,,832.5349094,48.35915196,1
0.034041042,2.064863193,795.8493733,45.59134554,0
0.031058222,2.224308744,802.1861509,32.74484091,0
0.029002911,1.730859549,819.1421947,52.64308396,0
,,765.3041876,59.26140128,0
0.02088316,2.200811291,836.7196946,44.58110531,0
0.021092272,1.673311846,804.3047442,46.87246776,0
0.021553796,1.567394579,802.3190509,65.21357558,0
0.022310213,3.234665647,800.6473742,59.06101859,0
0.02398502,2.787451567,816.6913427,41.17418588,0
0.014188854,3.301360466,746.8583115,37.45507089,0
0.022539939,2.447687903,826.9611642,47.29916999,0
0.018480182,2.863821013,815.3069809,36.85612352,0
0.035440391,2.745693591,794.5282529,52.96512718,0
0.010780223,1.969850125,804.1915903,58.64334774,0
0.033871687,2.271344341,756.1946786,41.37897474,0
0.025660855,3.303421116,784.5747486,42.5267451,0
0.023538826,3.122686834,825.2040603,43.14670356,0
0.034499304,2.373299069,815.3636386,46.55772223,0
0.026049615,1.995231867,817.2841264,42.55815943,0
0.02404269,2.556102403,785.526872,41.5085608,0
0.029675878,2.981394719,804.5332591,34.27601302,0
0.028259342,3.245435328,824.0882407,53.90227717,0
0.023987218,2.820129479,805.0629984,49.64815416,0
0.032522441,3.666863223,819.7613403,61.07284677,0
0.007354555,2.079336815,784.8526836,43.64594124,0
0.035842553,2.366182525,786.4892658,59.26535972,0
0.031143087,2.841453973,755.5860969,46.29854969,0
0.027267444,2.049247799,813.4954582,72,0
0.026225237,3.199136752,777.0819403,57.98135291,1
0.018533335,2.096608046,817.7774182,49.06459167,0
0.024586916,2.165306529,793.5412481,64.73799805,0
0.020427295,2.609045302,795.1848298,50.46783538,0
0.014154095,2.5918941,796.9086863,58.67987628,0
0.01870135,3.312358863,809.1944722,54.64067334,0
0.011639036,1.969298732,835.2480409,60.55446919,0
0.01792143,2.367210778,775.5088319,48.34902057,0
0.024965768,2.416726369,773.9215186,60.21403852,0
0.021416157,2.600053257,789.8087383,56.07036985,0
0.024975143,1.991564622,810.4325792,50.06259835,0
0.005,3.565206768,833.3142889,43.65977061,0
0.014284282,2.423121328,781.7744739,40.31531868,0
0.032423969,2.417833838,785.1113816,38.75782842,0
0.009097696,2.12675249,798.1183538,53.41310254,0
0.029120009,2.205311828,797.3853061,59.94470886,0
0.022487888,3.127446868,773.6587607,38.47013333,0
0.035933588,1.534205936,799.6861991,65.4888224,1
0.033519423,2.919749572,766.0935201,40.03124264,0
0.026138483,2.19081581,795.2501934,49.42243571,0
0.024505538,2.387772829,803.0046346,58.59175633,0
0.020121997,2.815353736,800.1378176,51.17599527,0
0.025942881,3.827698746,809.430269,45.49521835,0
0.013946613,1.77957444,826.2486694,43.62316453,0
0.033641663,2.66325857,823.8450577,54.19382629,0
0.034297073,2.893583603,788.9406495,50.56956495,0
0.030412081,2.980421098,,44.89524426,0
0.016156169,1.888139437,790.7249309,48.10012606,0
0.014055768,1.880763296,827.3400803,62.56200699,0
0.032199621,3.173240875,770.900908,41.08737124,0
0.01731325,2.635969229,786.8039753,,0
0.031987123,3.013204306,783.3749581,55.06510719,1
0.028344622,2.844994974,806.3517251,54.23347993,0
0.016301109,2.875135442,820.645345,52.6214695,0
0.02004971,3.025353843,764.6281126,39.3991169,0
0.029826432,2.922078738,802.5948486,47.62851195,0
0.00929948,1.572717197,799.1062774,52.58766796,0
0.015737797,2.759310901,772.233301,48.4853099,0
0.019107225,2.590298249,788.2112668,53.79227464,0
0.01820305,2.765212874,755.2492922,47.71328232,0
0.024702055,3.308686668,781.4953928,52.17403081,0
0.023045417,2.561561687,761.7785015,50.93783465,0
0.019620976,,813.9051886,58.25914313,0
0.01935421,1.269199663,829.2571011,62.3303732,0
0.016754792,2.125495748,754.2566445,60.24790143,0
0.0276245,2.593515489,785.6170525,59.38948841,0
0.018520722,2.04732629,791.6765447,68.60953709,0
0.026928944,2.489313857,798.5315693,49.41571848,0
0.027066181,2.888320771,801.9695138,50.46469125,0
0.028552202,2.391136613,789.0155233,42.23248622,0
0.023185516,2.916769074,771.5011035,51.57583844,0
0.021460412,2.690279474,789.6620566,50.02012253,0
0.008260289,3.185989337,,51.30369697,0
0.02309131,2.836040609,827.0940026,52.69039371,0
0.022335004,2.289813628,,50.4513189,0
0.01691237,1.828777241,823.2155073,50.80367417,0
0.026655718,2.422913288,797.8409302,56.3171814,0
0.037720724,2.602359293,783.4260214,50.48188938,0
0.028362052,2.677810932,781.9858358,50.22776633,0
0.03378982,3.187002701,818.0879173,41.0218873,0
0.021909134,2.920721668,828.4000658,40.24944723,0
0.014246664,1.965601347,749.1734349,59.96715346,0
0.025361964,3.222969531,809.6630857,48.55866362,0
0.015882264,1.804848014,847.0731461,50.50674523,0
0.024395306,1.551009571,768.4979295,42.51980581,0
0.025605931,4,805.9813257,53.64440278,0
0.028057148,2.495691785,830.0345623,46.66340958,0
0.034765454,2.973315573,779.50369,50.58100683,0
0.02460944,1.714195506,804.2275056,49.87494308,0
0.029157057,2.123915794,782.0503212,66.61999866,1
0.03150683,3.291048712,787.2224474,55.78082157,1
0.023095064,2.500431561,791.2524802,51.13624823,0
0.025727195,2.489344327,760.9890174,50.86409444,0
0.029851886,1.483035589,782.141015,58.36326092,0
0.025771604,2.471997788,774.415732,35.14647805,0
0.026019768,2.251944713,773.4563279,45.79664272,0
0.023843075,1.823015114,801.8522305,49.94984821,0
0.020272302,2.053565848,848.5867208,38.20457498,0
0.024987005,2.048831662,790.4797711,60.44195627,1
0.02614853,2.681027138,836.9449277,37.94212352,0
0.033394327,2.01625204,817.4897101,43.3339278,0
0.031301154,2.349978547,785.0439733,49.61467854,0
0.028800327,2.252508314,776.7554839,48.884778,0
0.028388274,2.905474541,823.7529387,46.05928034,0
0.025891644,2.366233955,841.5469599,48.16287805,1
0.029055124,2.815895938,,52.81300799,0
0.02490172,2.022130134,797.1623564,50.19246162,0
0.017828134,2.864155017,808.2861006,60.72045292,0
0.016623564,2.009156153,805.7054487,48.23019479,0
0.033273585,3.662522952,802.1488266,64.78439033,1
0.027293653,2.819477195,795.9887974,50.48543278,0
0.014196283,1.887944584,820.1636444,51.47721766,0
0.032705597,2.515536446,803.3173432,49.69078257,0
0.01194701,2.858656974,,43.40580208,0
0.021894023,2.505981143,803.6831625,56.10626037,0
0.027541612,3.327411197,787.2036124,38.63684915,0
0.032476936,2.813011372,774.2020269,39.82077714,0
0.023002398,2.837641518,812.3961744,51.88806503,0
0.027552956,3.091712504,784.5441794,38.75906766,0
0.022953981,2.015401735,821.856125,48.14736577,0
0.02571428,1.460011309,822.506727,64.35452692,1
0.028477405,2.876710611,781.3178656,46.52557389,0
0.02645716,2.237923778,,49.81840376,0
0.017921266,2.981993615,778.2963241,36.21773503,0
0.028184307,2.128800057,813.7285639,51.44040377,0
0.027964568,2.354369468,785.6298954,40.18944929,0
0.037533334,2.624807053,813.0184216,63.85059529,0
0.022108742,3.620141768,791.3408096,43.5081401,0
0.022914195,2.60958057,851.3120817,47.09763533,0
0.025912494,3.403986509,786.6424924,55.43483343,0
0.027230735,3.008883659,780.93034,56.73640535,0
0.025522322,,805.7137717,39.92773967,0
0.034551245,2.202979773,804.9948062,46.4173227,0
0.027363589,1.810223905,818.5921289,,0
0.029666101,2.765191495,818.5759489,48.3475833,0
0.015814633,1.842074938,763.7567348,56.34985864,0
0.011595821,2.295420301,827.8485132,63.70939391,0
0.03720773,1.581531262,834.2539768,56.92290367,1
0.023478998,2.797824327,805.84836,44.10392429,0
0.019649223,2.729696335,807.787213,44.72353685,0
0.030745051,3.134660948,,52.04322489,0
0.017890015,2.618964514,791.9956772,47.824594,0
0.018112893,2.565407615,847.4560033,45.0777351,0
0.033508473,2.663087744,826.2058056,32.86997849,1
0.019764863,2.372036718,751.2421643,47.29682331,0
0.028180569,2.750238235,825.1691604,49.281766,0
0.013217217,2.814766188,794.0054481,65.41918203,0
0.018579652,3.452644113,823.1131267,64.93979178,0
0.031291013,3.493765457,792.2958744,,0
0.028647605,2.111311321,803.1819395,51.00522779,0
0.01370041,2.711459017,797.6033192,42.40809729,0
0.012985625,1.55572418,782.5946196,41.90617017,0
0.031564068,2.317479592,806.0108101,58.20446685,0
0.024730213,2.426363364,821.7292127,,0
0.032786376,2.648884927,793.1902815,45.35670911,0
0.012984691,2.74057745,850.494206,51.9492218,0
0.032028317,2.895630583,773.7773485,48.24407788,0
0.023582866,2.905845072,821.4171431,40.97125164,0
0.030693499,2.035503959,774.7101487,47.7231737,0
0.022276707,3.188840674,860,47.07956526,0
0.027225179,2.36298962,791.4220026,47.18893553,0
0.027099484,2.751152047,784.3713147,40.88178195,0
0.025591549,2.78962486,772.6288588,53.65951213,0
0.016012475,1.931164323,850.9583999,55.77522227,0
0.005,2.004296231,800.4477845,37.14239495,0
0.026765015,2.912180758,784.6319682,49.22096066,0
0.019594847,1.669665532,843.4661536,44.60314554,0
0.028907428,2.900865356,822.9957774,55.99298538,0
0.023373746,2.971515495,766.9012734,37.50930725,0
0.022552545,2.812980827,751.6173416,54.41552814,1
0.032119277,2.336430474,805.9037102,45.46175861,0
0.01979729,2.936745625,816.2140026,56.11649338,0
0.024650462,2.140888649,809.7174797,55.77129899,0
0.030615535,3.227515565,755.5815013,44.747998,0
0.019328803,1.627116669,857.0812004,40.81065307,0
0.019422399,1.627345495,784.7116782,50.41458662,0
0.02581351,2.281545649,837.9374366,45.2012714,0
0.03284495,2.011870315,818.5428779,46.46841698,0
0.024743711,2.995338071,806.5729157,41.74184572,0
0.031077202,1.090424831,777.6602087,43.36685091,0
0.042387505,2.99282073,781.4714072,59.52039343,0
0.031741158,2.070383976,759.6609237,54.73485856,0
0.034152298,2.286416837,802.3932544,,1
0.02188061,2.235480454,782.1150701,41.22532251,0
0.018555019,2.652121172,798.1754741,51.76879237,0
0.025119271,3.33195882,803.1361174,31.47776258,0
0.022654753,2.441049059,757.9406435,62.37317747,0
0.021567635,3.049906595,801.2023291,62.11858625,0
0.021218129,2.855772829,787.721084,56.33930258,0
0.021942091,2.543066023,794.9669876,42.84796428,0
0.027415508,2.225236439,799.3056126,50.66043231,0
0.036388604,2.522380289,809.9186279,59.18064372,0
0.023644949,2.31276223,851.4428292,36.20206006,0
0.028752808,2.685314398,782.0999218,43.7325849,0
0.028948739,2.996151825,804.2341,45.30863445,0
0.021373033,2.159686348,808.8197197,46.1306915,0
0.029174284,2.495962459,838.7947138,45.1547156,0
0.014653674,3.037327501,807.1786221,47.84687641,0
0.028100338,3.454104045,821.8948605,54.21365356,0
0.039659169,2.268095777,787.4211308,49.679409,0
0.026840967,2.153267141,845.7681605,35.45536493,0
0.022658774,1.594540872,818.837364,33.2289645,0
0.024346487,1.855016015,793.5779572,51.17013536,0
0.021422438,2.617603632,816.1070128,47.00060265,0
0.025025273,1.876413402,860,42.51637483,0
0.012497772,2.097146606,811.8992529,50.15069103,0
0.0274497,2.799881407,814.4066334,48.24671808,0
0.019120454,1.630303004,826.021226,52.31984399,0
0.028829111,2.396213787,826.3366678,43.72082689,0
0.015192643,2.611700521,802.0692845,57.21585036,0
0.039892262,2.655836955,761.8242804,54.70138576,1
0.022190186,1.829419022,807.3075369,,0
0.015868753,1.857557014,799.903495,58.48813301,0
0.021410982,2.952186717,797.0876672,44.95705883,0
0.018097148,2.264463667,786.459914,,0
0.026085375,3.372640234,796.1181027,50.10742732,0
0.017507521,2.259740147,810.0819143,44.55478629,0
0.020421429,2.345502682,823.872957,45.76738639,0
0.021633404,2.447324431,847.4559882,52.16585487,0
0.045848248,3.155097693,772.7850615,56.29284283,1
0.032782713,1.8057048,796.6128895,52.95660112,0
0.027326313,2.389622709,860,34.36025165,0
0.025865524,3.16323849,827.0003424,56.17104421,0
0.024844901,2.4991276,757.3874406,34.99159303,0
0.019829895,2.627361692,830.2627576,49.05747756,0
0.027281886,1.440495957,784.4829121,62.68951606,0
0.032225648,2.291371147,,53.0605655,0
0.043242036,2.78956418,763.2292873,44.1125468,0
0.022278158,2.479139866,777.6528865,67.77593831,0
0.016946455,2.929082688,828.8055325,32.57849906,0
0.018816784,2.25395231,740,44.73039867,0
0.024694309,2.0259709,821.7615564,62.01961535,0
0.032606106,1.85683107,778.9785923,32.13787729,0
0.023538756,2.705145156,808.0148052,,0
0.038712243,2.883871605,795.813629,49.21848575,0
0.025094018,3.438154502,793.8518175,56.99794435,0
0.034225877,3.488582076,788.1894285,45.34641551,0
,2.640117849,839.4293458,53.31111192,0
0.017498699,2.766047968,807.0902653,67.32136665,1
0.016042045,2.621035907,811.3742146,41.82378509,0
0.026566902,2.763960083,808.1661028,48.59457681,0
0.03123445,2.640708034,823.337469,43.87933843,0
0.015535416,2.102160866,776.0627532,,0
0.024638585,2.309292836,822.2831404,33.79338593,0
0.026047079,2.195110421,816.4129443,48.89511451,0
0.036479886,1.972667559,794.5661808,50.50177533,0
0.026910213,2.419334854,798.3067787,49.80594864,0
0.015166649,3.530121298,803.6136923,,0
0.033544126,,794.9752468,51.1583031,0
0.016565235,3.348033328,820.4087305,48.06491575,0
0.026378545,2.307287902,794.032141,34.24009165,0
0.010096842,2.66803547,799.9213173,50.33140008,0
0.029049189,2.501100323,757.5140284,45.55502832,0
0.017654067,2.764499443,766.1609565,38.20369495,0
0.030035875,2.677026266,807.0322419,47.87709302,0
0.018859359,2.014516376,797.6793566,57.79629288,0
0.029454306,2.193222451,815.6812324,37.1099157,0
0.013468642,2.31904991,802.6275914,53.61929694,0
0.024047907,2.512035626,782.1210301,44.09955884,0
0.017498737,2.152244942,811.1661458,44.48936246,0
0.01886519,3.006075086,781.0800203,37.89488519,0
0.029716326,2.109267793,779.61815,35.03919224,0
0.011272843,2.619601441,786.969047,46.93509109,0
0.025460363,2.154015469,781.3812761,62.28522065,0
0.032073515,3.234125047,832.2753789,48.56727231,0
0.034011501,2.132315931,798.4532005,,0
0.033938858,2.893967523,810.221648,60.64747007,0
0.009952461,2.716622144,810.9970652,44.29318042,0
0.014723052,2.635716643,809.3286085,45.7436149,0
0.02980571,1.965814889,807.6168533,50.23917766,0
0.033523087,2.787292345,813.8100595,58.49841601,0
0.02038316,3.109394168,842.1735427,53.05138654,1
0.017637089,2.023456878,834.3500388,53.52141301,0
0.010753097,2.285721619,809.0574641,54.34021272,0
0.022912211,1.092854085,812.6586653,44.99512545,0
0.029759084,2.70350816,794.4869161,44.28854833,0
0.030551273,3.316541374,801.9509321,54.25536441,0
0.0338687,3.156913257,860,49.94086962,1
0.022560891,2.757843275,786.0159565,46.10607443,0
0.013826189,2.99073615,767.7112483,43.08032405,0
0.032237476,2.576029047,819.0546422,42.30979211,0
0.028465404,2.479891699,860,36.99445915,0
0.03191919,2.718748376,783.3005696,56.44005987,0
0.031395196,2.184467899,,50.81675482,0
0.02096475,2.801946691,789.0585632,50.52197702,0
0.025800323,2.238183556,809.8676714,54.09764811,0
0.015492926,2.023074523,844.6963868,47.57873439,0
0.021984115,1.922455647,835.9895537,57.9068934,0
0.025271873,3.04853354,772.6046214,60.4829512,1
0.022327084,3.005304963,800.0801045,50.84688123,0
0.032936711,2.591973134,807.2892609,56.41668699,0
0.0264695,1.927373621,805.8066624,45.00710933,0
0.018270058,3.008592725,811.9004923,57.1384679,0
0.036466632,2.482475917,778.5257743,49.13519929,0
0.022588125,2.247283271,829.0660715,55.17379502,0
0.022584869,2.205242099,801.7296925,55.39470459,0
0.027704834,3.016651794,740,52.9488017,0
0.039887167,2.73777956,831.256235,60.23409596,1
0.031327025,2.779124757,764.29575,55.08920128,0
0.017766719,2.731647213,836.6976673,50.78520684,0
,3.040070593,805.5259349,53.52941127,0
0.018784723,2.128583074,810.0456785,49.12618935,0
0.023586673,1.757392238,800.7757105,69.83522762,0
0.02725732,3.072189787,766.1185311,35.96306822,0
0.022509346,2.231219241,759.7472238,45.71398252,0
0.026372569,2.731297373,824.9685093,50.10209983,0
0.023632948,2.488524339,832.1199237,60.37091038,0
0.034763111,3.489809561,751.4497333,52.46809457,1
0.033045532,3.484404902,784.6062547,58.17030211,1
0.035784366,1.980972339,796.5036474,65.01227099,1
0.038339286,2.826230959,770.0867773,45.52704545,1
0.035765528,3.010656752,800.775378,,0
0.02630903,2.295823139,793.6986569,45.59944713,0
0.022695196,2.750682362,814.7481604,47.08047629,0
0.031122422,2.418837335,806.7740187,52.53180571,0
0.023403324,2.242600822,818.1547269,48.73783389,0
0.023543749,2.31396166,807.8686343,43.25163146,0
0.022606671,2.583019485,815.2595429,57.41316739,0
0.021611816,1.716860175,800.3432554,61.47027164,0
0.029449338,2.213714908,793.8640215,54.14809322,0
0.021058269,2.079993187,850.5879758,44.22195747,0
0.01737896,2.335457534,802.824244,53.22094943,0
0.033053995,2.994344845,782.8589243,52.77126501,0
0.021727765,2.259725644,775.7912858,,0
0.03934694,3.349699163,836.3954197,33.65704528,0
0.026160602,2.994131865,779.8241648,46.61225517,0
,2.634996554,793.281738,48.3661184,0
,2.837800815,808.5046772,61.68650849,1
0.016637318,1.769659579,794.2560536,49.10238332,0
0.033122634,2.978295635,753.6932457,53.1102271,0
0.015540239,2.998310172,820.2056783,38.54928841,0
0.025969764,2.60363407,793.1752542,48.49386099,0
0.023840614,2.403970426,,45.7690365,0
0.029776477,3.47607386,839.41456,42.12780958,0
0.022663308,2.32461401,793.3460634,48.12262248,0
0.016309428,2.501544194,782.1693026,46.02114616,0
,1.313234503,788.8582703,,0
0.014285011,2.064380741,797.709141,46.09336461,0
0.016417407,2.47193915,799.3687687,45.68960534,0
0.021740856,1.880684433,814.9037379,67.43911447,0
0.03229405,2.129190158,801.086248,49.47182636,0
0.020316809,1.067348795,806.5487237,28,0
0.04138451,2.862457217,803.8562568,59.17873938,0
0.020580614,2.342083235,761.8388897,41.47482612,0
0.028476098,3.120341888,808.6200646,48.57876216,0
0.012499232,2.391538314,844.4408164,51.04964757,0
0.021280425,1.875251824,749.7967945,51.45305969,0
0.025897072,2.140357115,779.7271301,48.97248625,0
0.032463698,1.791988134,821.3154681,42.80074633,0
0.016580562,1.561359182,784.8310175,49.04447383,0
0.027887063,2.296414986,840.6980694,39.06902362,0
0.015135997,3.097281397,786.2164507,63.7471117,0
0.018095233,1.977811832,823.3106705,54.24794623,0
0.026486499,3.022731949,776.9547371,42.56419982,0
0.024166718,2.241083612,820.3367455,62.73503709,1
0.026446484,3.304022631,787.6501283,36.89685227,0
0.027549686,2.294474293,805.7898549,45.35808544,0
0.02446,2.58896884,773.9192449,41.77835837,0
0.013521111,2.593334067,842.4679508,57.15158657,0
0.023163122,2.009476285,824.7083386,42.26273187,0
0.021392312,2.071832834,775.9102564,51.21754305,0
0.030760453,1.96768572,835.076307,64.96722236,1
,2.244736722,805.156058,55.0352129,0
0.033488717,2.801860947,806.3695575,64.24664439,1
0.024701354,2.233431295,805.2875908,52.96722036,0
0.022961312,1.926163506,860,39.10678224,0
0.020681544,2.744403025,772.6018249,58.17574951,0
0.031050856,2.406395267,815.3951481,58.1252485,0
0.033878604,2.646132125,837.925315,45.04383485,1
0.010335707,1.823789358,792.3534314,37.31892074,0
0.021426677,3.431995215,810.8671167,55.28542569,0
0.02108523,2.446411944,786.4024285,46.5549972,0
0.034489826,1.904926885,804.0771761,64.75443339,1
0.027683431,2.970383228,808.2103647,50.41475911,0
0.027273232,2.976749906,781.6538181,49.42668756,0
0.01665734,2.1827728,771.4723776,53.82914932,0
0.022737327,3.536819289,817.7138166,56.71428287,0
0.019815045,2.188327328,817.9413465,54.39979165,0
0.028988392,2.858006876,779.3472296,51.23602599,0
0.033513443,3.725750619,789.6894132,54.46473242,0
,,796.8577612,49.17677463,0
0.037884202,2.12610014,839.1283153,49.34226565,1
0.007394045,2.293647338,750.4493166,68.23897261,0
0.026286855,2.736729603,807.3843501,39.92249355,0
0.022212337,2.963066849,762.0670365,52.74552605,0
0.021965374,3.050376603,803.6120966,41.4416256,0
0.028598775,3.448935409,801.2577243,44.63011351,0
0.015632738,1.86507126,830.8670608,53.78844318,0
0.024280369,3.029836052,808.3398092,53.3775332,0
0.022775626,2.006245517,753.9034283,52.09479964,0
0.028372758,1.870764722,770.2307424,59.10960642,0
0.032900419,2.326169377,800.4925328,45.74615363,0
0.019458224,1.592907529,762.9283755,46.70652793,0
0.012746311,1.527293378,761.9877225,50.52489822,0
0.023836279,2.33569054,830.8281714,49.92151343,0
0.021205956,2.784191009,807.9423005,49.54911119,0
0.032880856,3.344464577,804.830658,38.34734308,0
0.025304387,3.129443299,788.829433,46.97074972,0
0.031126762,2.718221175,801.5445396,70.41079163,1
0.034782959,2.542261445,822.2950172,50.12225903,0
0.013560736,1.891237723,779.1169109,44.14485635,0
0.021442168,3.157062625,,52.27740852,0
0.011179962,1.900946071,817.3122146,36.11569989,0
0.020655882,2.864660106,770.5785549,48.43897245,0
0.031670115,2.46003118,762.9785845,41.36164876,1
0.030048427,2.834455692,829.1276809,45.63981856,0
0.031212106,2.934540808,769.4692532,63.86342207,0
0.023977763,2.815751597,771.3995601,36.81333887,0
0.021901753,2.385331116,799.9636769,57.10759658,0
0.014365005,1.762362851,836.665695,49.0900541,0
0.019922845,2.796022178,822.3131941,42.08277883,0
0.025993591,2.142603211,793.8148961,53.80290067,0
0.009138398,2.349442817,758.4379218,58.10175855,0
0.029978811,2.240224857,805.0071384,49.47442089,0
0.031713396,3.495674139,824.5795508,59.57851787,1
0.026581528,,809.5257891,50.22958487,0
0.026340987,2.388925461,806.7899614,52.23765927,0
0.01780546,2.865281869,789.7528266,50.77243797,0
0.021847486,2.983426899,796.4911098,48.6790428,0
0.025443136,1.214790778,812.0338563,45.31710156,0
0.016638635,2.555521235,807.2736252,43.88601485,0
0.025703528,2.807498277,812.096325,48.08976974,0
0.025334421,3.038769364,849.9984348,49.88455795,0
0.027948668,3.413939852,813.0226343,51.35586061,0
0.024387087,1.969589735,760.3050764,40.0683843,0
0.011732744,2.550992953,835.5317998,41.05455124,0
0.032123698,2.773170873,779.232691,56.78281485,0
0.019352189,2.550925474,803.1616775,52.86644351,0
0.016864009,2.828280073,791.4033304,58.65426934,0
0.037647272,2.873701739,790.1440194,65.8470912,1
0.022950053,3.024748332,814.897888,30.94328462,0
0.028489052,2.671227382,740,62.98443391,1
0.019991507,2.609874558,821.8298216,50.58796119,0
0.01511833,1.865811251,747.5309937,45.32367094,0
0.028445618,2.665743976,790.2355993,45.3446271,0
0.020647879,2.461022075,754.0147298,38.61279916,0
0.031208207,3.111013961,807.957066,47.71675409,0
0.014987729,2.249999265,773.3260415,51.85954475,0
0.015808166,1.968869652,819.9634352,51.80932253,0
0.019887724,1.848503368,792.1812978,48.62158916,0
0.029235519,2.132973097,795.5253434,61.28895756,0
0.018905133,1.967003321,804.1403575,53.28178019,0
0.034404492,2.136976294,810.9944036,59.52633459,0
0.024201506,2.323501664,766.1513672,54.04744902,1
0.025671716,2.011438635,797.0718047,49.93779577,0
0.022266963,2.333202764,833.151435,47.82767649,0
0.026233351,2.629871285,775.1643093,47.10104772,0
0.030051499,2.054472946,802.6273214,52.1787578,0
0.043591773,2.996400473,793.1485696,70.46809466,1
0.023176216,2.349132312,777.5538122,70.79222516,0
0.010792592,2.143358315,780.2104787,32.96464875,0
0.021640303,2.178681113,795.7260153,54.60701309,0
0.010791725,2.204753853,791.9577447,46.87086553,0
0.018221238,2.956679928,807.0593089,60.07470781,0
0.019720482,2.096149933,817.8733898,65.65702493,0
0.033040469,2.649019727,812.0492192,38.62511058,0
0.02296456,2.440892356,795.8925359,43.4527961,0
0.015937478,2.165134462,785.2349776,42.05527201,0
0.024057248,3.510231482,836.4610343,45.40184625,0
0.025660194,1.977577928,776.3629166,56.88922318,0
0.028905666,3.007467778,809.8309593,42.07455718,0
0.025262533,1.729545525,817.6228925,45.34127417,0
0.039997103,,805.4752483,44.56422057,0
0.02918517,2.917825753,809.965825,40.1744286,0
0.007400301,2.169266931,801.5651369,48.60127597,0
0.023598981,2.80357025,792.1271967,41.10996597,0
,2.366305338,852.3946289,53.42088186,0
0.020137955,2.978138709,761.470156,54.09138054,0
0.033569308,2.791101785,775.0103308,43.90811337,0
0.021471203,2.566168066,849.1047544,48.53450386,0
0.02749357,2.270818762,781.9556427,39.60506657,0
0.035882884,2.359631161,788.6729604,59.7247008,0
0.018054056,2.081303149,794.7671447,54.48345875,0
0.027474095,2.071928585,,50.58076038,0
0.02676536,1.671012166,814.8559315,46.7545115,0
0.01878744,1.767052112,779.7208148,44.35371531,0
0.032312224,3.024610577,814.4552353,40.75259165,0
0.02034813,3.020833655,785.339947,45.4945827,0
0.028464125,2.544731724,799.998824,41.63539566,0
0.033553197,2.350319499,790.637949,53.79629348,0
0.016254056,2.87625671,787.9391621,55.7404673,0
0.03297124,3.15160522,783.6815564,46.30518895,0
0.025571057,2.459097802,802.4138635,55.02567517,0
0.031265131,2.279216119,822.9980675,51.08731522,0
0.018127489,2.44223006,812.3577196,52.18044732,0
0.024896789,3.035782455,805.1840543,60.13539253,0
0.025452114,2.103191981,769.5972821,40.15177331,0
0.008838093,2.676805441,757.2722473,52.11620192,0
,2.32358406,810.4873214,49.98876314,0
0.019724431,2.974058578,826.7336912,36.09494844,0
,2.328804806,816.8478635,52.50473548,0
,2.993672869,797.1830148,46.61098001,0
0.022488374,1.928598491,773.6404082,46.52968164,0
0.019317066,2.519147611,821.2093822,59.69383274,0
0.035870463,2.791119752,802.5811076,,0
0.023652055,2.519169937,823.4263392,55.96932187,0
0.035327984,2.764257896,763.7201196,47.24789087,0
0.016989441,2.700719095,772.4537342,54.13093952,0
0.031238774,2.595361515,797.4663634,38.14696903,0
0.037509435,2.29063846,785.2103549,43.61066477,0
0.025723398,2.422910097,826.9643778,42.84218515,0
0.036888212,2.273437228,790.301553,50.76358149,0
0.018995531,2.498771174,832.6903332,45.76987394,0
0.021434043,3.25209744,780.1987429,56.73626361,0
0.025509191,1.795515341,788.7441224,67.33477964,0
0.029439746,3.061205401,811.4689652,51.47764396,0
0.029192971,3.048467934,836.6143324,59.80457218,1
0.013538367,2.398938701,787.2229836,40.05659181,0
0.011938986,2.00546495,806.973816,72,0
0.030008895,2.694871345,764.7598087,37.58122524,0
0.023974923,2.646619613,775.0224453,50.05104526,0
0.021255879,3.079912141,816.0580372,49.02950432,0
,2.85560101,797.0170809,55.75045445,0
0.035944888,3.564859003,769.9193463,43.8197953,1
0.024108174,3.331287746,798.1077657,48.61485625,0
0.018482945,2.102452916,773.4216155,60.49497774,0
0.026541589,2.385450578,802.4230709,46.92795773,0
0.025809204,2.69174167,796.8437989,32.57265021,0
0.028528088,2.998510547,833.2258681,41.27385318,0
0.018201029,2.229355286,799.0414763,49.21955631,0
0.039591431,2.214192874,810.3301575,36.63431882,0
0.033876648,1.976628105,740,55.70567651,1
0.021162345,2.483064302,790.2862688,53.25832144,0
0.021614191,2.365177317,806.3235832,57.18505482,0
0.02165838,3.820656083,799.983574,44.04747959,0
0.023770153,2.495759936,809.1246331,66.1667337,1
0.03300615,3.134720864,813.3763052,44.85045355,0
0.029727064,2.903195023,813.7515143,52.76191664,0
0.024885311,2.72752111,777.379389,37.19333369,0
0.020378258,2.96388348,828.1255664,43.63151615,0
0.026912826,2.639571385,820.7766128,39.24080243,0
0.028767777,2.528980469,831.2641312,56.44814182,0
0.025909304,2.366508861,809.6545755,46.8906729,0
0.029567977,2.824065499,836.0826483,62.80973523,1
0.020752244,2.166314882,799.3951782,32.53747724,0
0.013342875,2.295686597,758.9432189,30.69590298,0
0.028345538,2.300622792,762.9991075,38.88609365,0
0.021885831,2.069776255,837.5879083,54.82400157,0
0.021486239,2.884808812,825.1400055,41.56311239,0
0.030767611,3.128630712,771.1106201,53.33779564,0
0.031061662,2.925360642,808.8808924,46.59369891,0
0.019119738,2.573849452,782.0313882,58.28699404,0
0.028594673,2.292905961,860,35.90577102,0
0.042802786,2.388148472,794.5189444,53.2381321,0
0.029329725,2.882784526,795.8368973,49.64475161,0
0.03378814,2.926410766,779.0499923,45.83119061,0
0.033335845,2.825897095,792.701973,53.42956659,0
0.02932827,2.654268799,789.8945173,46.53451717,0
0.013251211,2.433456004,792.4605664,51.66841684,0
0.03308242,2.789990156,797.7413445,57.79227255,0
0.015841958,1.904576313,829.9520054,54.23014109,0
0.027101553,2.439241463,854.4604526,59.57811057,0
0.025731031,1.585154297,803.576574,51.41028654,0
0.028506026,2.969265631,791.860996,44.47448048,0
0.023399953,2.15185668,802.2126696,29.10878279,0
0.020522232,1.98179671,784.3310343,47.55948754,0
0.018314073,3.238709023,826.7215397,41.58749604,0
0.011685892,1.809748565,806.401616,52.07967203,0
0.022293444,2.60486911,860,63.16926999,0
0.016789007,1.813141106,792.6525032,43.98032317,0
0.036660974,2.671471138,765.9792387,52.07305675,0
0.029491058,3.029955582,785.6237073,52.70463193,0
0.009986581,1.717790414,809.875342,51.89100256,0
0.017086597,2.232600351,791.6891768,47.19667715,0
0.024875621,2.800145869,807.7762114,55.28388179,0
0.028818183,1.705897667,829.8335672,47.37946726,0
0.016705312,2.398400159,809.0354987,43.04405153,0
0.028787657,2.690827711,781.1386353,56.05498865,0
0.026392283,2.851746352,798.0725676,50.3918289,0
,3.382865425,801.1222784,58.78501974,0
0.022829066,,825.923495,45.39587983,0
0.026505436,2.67803197,789.6680864,55.29807901,0
0.031052185,2.286999278,785.4346994,45.46084659,0
0.027783036,3.133202471,815.4943716,48.41810216,0
0.020585134,2.932201004,784.4377154,,0
0.025382615,2.263860957,792.4190958,50.54107029,0
0.015488491,1.499876345,795.1699863,51.92035973,0
0.03237959,3.019359084,826.951732,61.26664284,0
0.0196416,2.363618234,841.0912687,49.55745147,0
0.018270759,3.319389319,814.7036585,60.13393993,0
0.022732163,2.916082303,796.2855283,33.71418005,0
0.037507896,2.537430559,817.322079,42.4317585,0
0.021544909,3.41546304,805.8382786,65.00611222,0
0.010215699,2.04608604,794.3840889,54.32885737,0
0.022331147,2.438608865,744.9733517,48.17528766,1
0.022119263,2.829547383,847.514509,44.6477112,0
0.0311785,2.578634193,820.9057723,42.44262936,0
,2.676638514,820.0970067,49.77642389,0
0.02578678,2.494451624,827.4509996,54.63356189,0
0.028443405,1.326166589,823.7233796,52.69083271,0
0.023669591,2.318659969,816.4373683,62.28424919,0
0.02844054,2.609056242,787.7906467,49.66066496,0
0.030701579,2.062003288,781.9681746,47.83585655,0
0.016099083,2.739876908,807.7896925,44.93159332,0
0.014783048,1.818939365,817.1615154,58.4773651,0
0.027100584,3.004861825,800.2337012,63.1662405,0
0.031905564,2.845367379,795.1420802,44.85685481,0
0.020336633,2.52564249,840.327636,53.96491068,0
0.018452126,1.664877263,850.5166804,38.6959484,0
0.01859142,2.832890774,764.3148608,49.67022038,0
0.024238824,2.685817365,803.633809,52.94699541,0
0.029894871,3.380254601,834.461622,55.41423822,1
0.030041068,3.103126091,808.5545397,53.60125855,0
0.016925883,2.699029339,760.4985949,54.97862005,0
0.015771205,1.952043841,845.8371264,39.68538855,0
0.031069474,2.31296567,759.1874352,,1
0.026588813,2.671016596,791.4278906,64.63361838,0
0.033630037,3.319762142,800.6628155,37.45250841,0
0.016046498,3.005771142,820.0479858,47.71799654,0
0.021527924,2.515880024,761.3457107,49.11958984,0
0.016532226,2.527655591,778.1029962,42.95330402,0
0.013160828,2.379159732,771.1606427,48.2223558,0
0.02025276,2.194393526,787.8740388,47.84159104,0
0.036803804,2.666358646,788.3960118,54.07788819,0
0.012622481,2.593335963,825.1487099,47.42930116,0
0.011614003,2.619354306,779.5999032,66.34669536,0
0.030173895,3.220568021,837.3441644,55.35691808,0
0.021190791,2.580084579,839.1193785,60.44763236,0
0.035735103,2.084475834,803.5299599,41.31452457,0
0.023139319,2.623111995,801.27333,54.48120791,0
0.013797648,2.367811772,788.1562681,53.00773286,0
0.015252747,2.367948729,830.4697439,49.25479363,0
0.032585748,2.966526609,805.6756984,36.49779706,0
0.022592727,2.590045854,798.3331632,61.38070768,1
0.024240478,2.689361168,800.4876637,50.01924708,0
0.021430052,2.570676154,789.2672386,52.60198159,0
0.026847695,2.257978497,860,44.19160633,0
0.033985451,2.398106166,810.7889856,62.33264099,1
0.015081819,2.659620876,802.1927586,43.3708726,0
0.029373309,3.208742448,833.9363237,38.73290607,0
0.013757776,3.046543216,801.7638612,59.48911228,0
0.029262363,1.964867757,774.8688118,64.77255405,0
0.01956703,2.02738384,791.5843802,53.37943023,0
0.017287288,2.202263627,825.2612102,51.02036808,0
0.029564656,1.321072053,829.0198469,55.75046057,0
0.016900241,1.514237807,780.2494094,57.69776458,0
0.021061209,2.186727428,810.5096078,45.4857803,0
0.038628126,2.954922199,795.9876919,49.98093032,0
0.023168063,2.426056185,860,46.28428179,0
0.031674891,4,778.0292249,69.04567622,0
0.024931172,2.249432809,812.5417935,45.7580079,0
0.029798882,2.41680257,761.4083105,58.89958291,0
0.029015603,2.4287616,791.950322,56.93920356,0
0.019605343,2.898375191,849.1659147,50.36086401,0
0.024454337,2.47456834,777.4223633,61.73277211,0
0.021426209,1.483486354,801.8263343,47.44858479,0
,2.742552818,819.0778214,,0
0.02693744,2.338871372,807.7192315,50.16558552,0
0.018148009,1.244205936,843.9587268,,0
0.013917608,2.516695962,805.0647585,67.57354205,0
0.036465022,3.612791902,,46.08928712,0
0.027068739,2.547014212,799.6230681,54.72965996,0
0.032079685,3.0570124,780.7657199,50.93183078,0
0.022674919,2.643317121,795.7567299,55.61054063,0
0.019126742,,761.8219095,54.07383631,0
0.018702243,3.194637923,803.5280397,42.65329802,0
0.02360236,2.559932285,796.7384466,48.4004789,0
0.034496351,1.992812121,827.8963169,60.00772094,1
0.024010153,1.219223717,835.8943322,51.92824399,0
0.02803621,2.643355605,,58.59968947,1
0.026478199,2.444935861,,56.75676576,0
0.017116797,2.654577151,825.942505,48.45697632,0
0.029721037,2.246933658,788.5468935,56.74737231,0
0.028890982,2.743925246,831.4956592,43.77349381,0
0.029951876,3.166309706,786.4194958,60.5700448,0
,2.524226158,752.9852343,64.84330802,1
0.005,1.589219763,755.1563116,48.41709037,0
0.015654577,2.784820462,,52.74653499,0
0.028021572,2.519510333,785.8370549,48.80823221,0
0.026014948,2.463609378,819.5944169,46.47088599,0
0.01881312,1.70212018,762.0567145,50.89787745,0
0.02566233,2.487253674,795.5257469,34.35339339,0
0.030544421,2.781761845,806.9388861,48.83943665,0
0.024490692,1.986862118,803.5815077,54.38832889,0
0.020154938,2.761909867,797.4063805,56.19680092,0
0.02536018,2.066144162,777.2822165,48.50329456,0
0.02635193,2.613459899,800.7427784,46.00275042,0
0.030644871,2.791652429,830.8634,58.90430904,1
0.027904132,1.882291864,749.6721522,48.58159611,0
0.033722039,3.280879341,809.4768512,50.78197146,0
0.01874816,1.936637151,821.8351584,,0
0.024780855,2.278092988,780.3372009,46.39365348,0
0.029962533,2.941074534,798.7600133,54.87749234,0
0.033972318,2.993467026,775.903376,57.23242294,0
0.020860378,2.777292359,805.2735825,51.95480326,0
0.029900786,1.584082198,740,50.26036025,1
0.030311576,3.290877406,819.6391594,55.42912758,0
0.017933963,1.846760603,780.3276134,41.69037636,0
0.018216014,3.001934726,806.1728844,45.79837399,0
0.018711146,2.86221308,783.9814929,56.05006359,0
0.020709445,2.68129064,834.5573729,48.12061243,0
0.021057384,2.278073959,799.6936098,42.68776515,0
0.015987023,1.978422162,820.9930347,40.69601141,0
0.033777239,2.831546907,818.1128117,50.16794835,0
0.020095473,1.577058838,823.7410917,57.59499064,0
0.018999738,2.310557673,836.0847996,62.12423687,0
0.015683838,2.130923385,785.8977977,46.72209376,0
0.007225552,2.133539741,799.8223965,60.13765988,0
0.025276243,2.617823611,820.308295,49.95804062,0
0.01599141,2.35868006,790.2766831,48.46807575,0
0.021881145,,773.1898962,55.25891861,0
0.028739862,3.257427641,795.2021324,62.93001389,1
0.018217331,2.595562712,812.9359527,50.83688718,0
0.020441278,2.574178948,807.4121653,,0
0.032801405,2.988581963,814.0138986,49.54987317,0
0.028532885,2.538752927,795.3463059,,0
0.022960819,1.696461246,838.456513,60.94902121,1
0.023841357,2.002126892,758.3642446,,0
0.021715784,2.584898182,,49.06967612,0
0.019592455,1.809009615,810.0113326,52.84628569,0
0.022812263,1.772222875,837.6538298,53.48119352,0
0.025104878,2.21308429,827.3391736,66.00982443,0
0.017422874,2.097685464,811.3788883,51.51629814,0
0.02595819,2.678349979,791.0529561,57.66856823,0
0.026325224,2.974049282,824.0312651,52.72348257,0
,2.039049381,816.1562814,44.35736406,0
0.025313149,3.003967637,785.2412159,40.36237764,0
0.031645842,2.798514738,774.6717078,54.82856259,0
0.024093988,2.088594751,803.1539294,64.15319338,0
0.02466053,2.260473898,793.308303,49.06632585,0
0.034143003,3.448151541,817.9820537,48.44288966,0
0.025095264,2.937404327,765.2773512,45.87195549,0
0.032350229,2.751397017,802.2662553,45.26957783,0
0.016021604,1.947573449,793.1376188,42.28138302,0
0.02997637,2.743415042,778.4200116,51.64652397,0
0.034714609,2.943826053,825.8210622,41.56724162,0
0.015169221,2.726867335,831.9293085,36.11671873,0
0.024278981,1.989593208,782.9279408,60.0481659,0
0.023711856,,789.2193695,35.42961471,0
0.02078329,2.327268359,811.8852651,41.48058655,0
,3.059217523,745.2159418,52.73568922,0
0.021256572,2.737550709,744.754566,59.71213001,1
0.014024851,2.912064666,782.7579038,51.65357359,0
0.029013185,1.434588135,761.5175172,53.20435053,0
0.024892821,2.9334467,820.528914,49.64223796,0
0.022963852,,810.4392143,48.75986638,0
0.022673195,2.26061066,784.2628944,41.52195157,0
0.010299193,1.911570139,792.1902598,57.88990626,0
0.024415044,3.784131521,812.21048,64.98038223,0
0.021574297,2.421390792,859.1553266,52.35871489,1
0.022842143,3.119348416,805.0921506,48.85797416,0
0.018755419,2.752055886,778.9102043,52.70461752,0
0.026129091,2.176755264,841.7750094,38.37648426,0
0.019748807,2.299582509,791.0907653,49.32945041,0
0.027196788,2.78970143,841.0569399,48.32906587,0
0.030420279,2.152434597,786.9367503,38.81405753,0
0.029530827,1.075964913,796.5100049,56.55652845,0
0.022657192,2.88623801,825.4221101,38.73849264,0
0.026546183,2.553790036,791.4613328,55.1331063,0
0.034445073,3.224908296,821.5157176,43.35953696,0
0.022970573,2.513439919,824.439196,36.80875021,0
0.018424506,2.528641344,805.3554296,56.09204266,0
0.011728748,3.096122004,809.0878022,55.69731889,0
0.012481292,2.847541523,817.7255935,36.52710793,0
0.016238238,2.513780146,811.3413607,55.76567784,0
0.026982903,2.307560487,857.8315453,42.6616376,0
0.018780085,1.594281152,825.6222626,51.03801289,0
0.018708961,2.472194199,827.6537178,51.77324074,0
0.012691629,,762.8630932,57.1488068,0
0.0241044,2.727340671,766.6638151,40.7207805,0
0.027986373,2.304832711,818.057804,49.27149101,0
0.023227111,3.020814962,755.7624312,47.26397239,0
0.028415602,2.006824466,803.07988,40.83795095,0
0.034089394,2.30596119,776.3959261,39.63381697,0
0.031321451,2.703348722,814.4961869,44.41327761,0
,3.334050842,815.4847172,49.13460783,0
0.033876152,2.990330311,790.8196145,60.78462267,0
0.025211727,3.211875142,794.0081288,52.16133644,0
0.027184171,2.437623074,797.6412947,50.9301131,0
0.027407631,2.158549901,,52.86690813,0
0.028353967,3.114088048,791.9485046,41.00717119,0
0.022537043,3.194318634,782.488897,54.95765735,0
0.028376078,2.378747405,822.3197319,54.62184438,0
0.016771403,2.334615248,803.4630008,57.07180461,0
0.029735161,3.125800924,792.7246389,45.4296509,0
0.024104905,3.15405399,761.7293849,50.62043851,0
0.010531311,2.424459874,784.0915038,40.44624951,0
0.020753472,2.060690025,796.7045544,,0
0.017860858,3.347999683,802.591819,49.12208322,0
0.027996249,2.660040185,792.0057893,48.93775009,0
0.0212198,2.270407173,799.3943971,54.4776156,0
0.021824074,2.625018732,767.8488668,50.92286972,0
0.027212977,2.917066219,829.8812556,54.63163544,0
0.023046695,2.649411601,770.9980868,53.43455786,0
0.025821514,2.935635738,799.5945315,50.67512406,0
0.034258426,2.599566624,798.5691435,49.90504375,0
0.022727549,2.772420332,767.5345864,48.17528077,0
0.021317962,2.002805693,834.6534656,59.61148841,0
0.030827067,3.543775246,844.0383275,40.22969667,0
0.018997953,2.695916025,837.0753367,48.03449658,0
,1.791679641,758.6188637,,0
0.023715531,1.8999608,779.5149424,34.63580782,0
0.036289487,3.62777187,,47.68214937,0
0.029619181,2.377961962,813.2272672,48.77344753,0
0.030064642,2.775383789,799.5362804,43.17706683,0
0.01667643,2.698083402,818.2697886,52.42303133,0
0.029390269,2.855940074,803.2350528,59.04303594,1
0.018320793,,745.7422878,51.26857928,0
0.019653683,2.101425889,786.9689505,45.15642935,0
0.026463224,3.05050534,776.3417567,42.82585866,0
0.023219814,3.018336229,753.0642938,54.1712698,0
0.02378472,2.865459419,763.9781258,48.43681277,0
0.020406417,2.183962539,802.5769035,55.62236631,0
0.0265857,1.886839315,757.2336802,49.12235815,0
0.018369745,1.856148336,749.8824722,45.7796732,0
0.027700332,1.834762792,845.0397269,48.30693485,0
0.021384117,1.636369948,833.4002522,43.972201,0
0.013985904,2.310177949,789.2444205,49.39506916,0
0.029036079,2.591675287,810.8331511,40.06508103,0
0.031089923,2.779146503,777.3295905,48.67103539,0
0.01165177,,843.3948169,42.10536344,0
0.026229689,2.225365875,805.3121853,50.78556269,0
0.023220236,1.965482517,778.7580796,60.59435492,0
0.015827092,2.708102663,852.3347999,52.92487571,0
0.018595054,2.472463022,783.4164203,61.80109685,0
0.024876999,2.849000085,740,58.89389327,1
0.027668324,2.347247315,837.8395973,44.2580042,0
0.024530592,1.825545233,777.2133211,47.96340941,0
0.014908055,2.910299867,814.1271353,59.54438011,0
0.030528544,2.593791634,816.5393142,54.26427428,0
0.018956793,2.086041663,777.6072892,59.58055732,0
0.022963905,2.869427858,821.2047141,40.18128722,0
0.020426202,2.294926805,775.4544079,45.39553596,0
0.018391768,2.754852168,839.0798365,,0
0.023722431,1.990919759,789.2074607,48.14631827,0
,2.722985985,847.2729255,61.96062419,0
0.023277412,2.713944409,827.5329482,49.60790387,0
0.037019458,2.515785828,823.1346095,52.17394513,1
0.039402273,2.3462693,809.0383973,57.44622995,0
0.033787502,2.580778277,785.704824,39.63721863,0
0.039219141,2.218394828,846.3864096,54.12425828,1
0.022883638,3.019536382,772.9159945,58.06482288,0
0.016285154,2.251241244,,42.5670779,0
0.017105977,3.308026869,806.7998269,60.03311896,0
0.017396868,3.175205808,805.9924395,47.22140901,0
0.026240706,2.767469108,860,53.19083481,1
0.025259812,2.575074865,775.8317406,47.8699668,0
0.013738693,1.786084452,805.1332466,56.75161839,0
0.026724528,2.336127954,810.865034,56.70195923,0
0.026918822,3.022384054,772.5916178,60.24666205,0
0.02164626,2.393592169,832.6536882,48.20052498,0
0.023080875,2.381664346,839.1850076,46.62072491,0
0.016454999,2.273416196,788.6337255,53.11881392,0
0.02112022,3.318412384,780.8665287,57.84822479,0
0.02620225,2.168839767,819.1411358,49.54511882,0
0.027477528,2.446534741,860,51.94029028,1
0.022646098,2.730052808,802.6221983,54.07437442,0
0.016166726,2.681242115,823.2505148,52.24465823,0
0.018150196,2.598706811,793.9561834,58.88237366,0
0.031843375,1.892795091,792.3300126,41.61950439,0
0.021234984,2.344255091,806.989493,47.47246665,0
,2.071773282,740.0440149,,0
0.028366707,2.358730501,797.166395,51.92192114,0
,2.625259557,771.029911,44.88205645,0
0.015367959,2.517688056,801.2467276,34.71657051,0
0.031860333,2.60656929,847.9082426,,0
0.028464204,2.188215889,807.7831718,60.80634119,1
0.017816943,2.564349511,815.7644448,48.91304791,0
0.015148289,1.902200924,788.3855932,42.057999,0
0.025359221,3.38109961,848.641449,43.71752244,0
0.029705203,3.147867442,809.0639775,50.07065012,0
0.025765715,2.208020347,788.8077084,59.45598442,0
0.035474306,,791.4870938,62.18763086,1
0.023795082,2.776641073,783.2983435,59.45121042,0
0.01302482,2.383042687,791.3659298,46.71541535,0
0.028627949,2.766472982,777.5670266,44.40043732,0
0.00827357,1.969657795,775.5969262,45.94817103,0
0.018532665,2.556392707,795.5921786,40.84914456,0
0.020448728,3.614961078,,44.1271928,0
0.018366355,1.933530451,745.1903091,54.19561396,1
0.029348563,3.049885722,815.1926919,47.90191089,0
0.009789987,2.397341813,826.9876795,49.62369073,0
0.03015177,3.175003792,847.3487536,49.0738705,1
0.012974997,2.619322861,860,51.89611837,0
0.0318306,2.727109387,784.3530519,44.1950521,0
0.01750502,1.901378937,806.2438905,43.02789064,0
0.009783306,1.971526524,796.2838832,44.41419008,0
0.033781888,2.97600836,819.5889812,44.90405682,1
0.023457587,2.077241268,825.5023745,41.15959339,0
0.02626671,2.649950304,804.1773404,45.71165745,0
0.017964849,2.108215144,818.0380043,40.81748026,0
0.021201472,3.142954433,794.2206501,48.86009561,0
0.017776466,1.504460249,806.7070471,59.47987192,0
0.024276808,1.808828558,807.8400728,37.65530904,0
0.024906085,2.551184273,775.7847021,56.47342154,0
0.024313936,2.54109759,775.4051817,58.78065964,0
0.022854081,3.109411444,813.7864258,29.05056469,0
0.011941574,2.257335073,830.0032092,47.47110852,0
0.030479992,2.236397905,827.8414297,49.55209129,0
0.023354428,3.316858016,822.6042688,50.8109338,0
0.029920168,1.921416093,,52.96948744,0
0.022234423,1.775976146,803.4548431,33.26379302,0
0.010336532,,,51.9056002,0
0.027468018,2.222533654,802.7644567,38.64183163,0
0.015261445,1.928476859,771.3599602,51.21581067,0
0.019924762,1.714585575,797.2329987,59.70499942,0
0.022225214,2.286492853,860,63.7760141,1
0.017430115,1.957711636,802.0700536,50.01281968,0
0.022356335,2.157855246,855.9675231,32.72364722,0
0.029727009,3.018583554,793.6404114,65.99062254,0
0.01779503,2.681990659,800.395725,57.57948509,0
0.032286178,1.871683072,,43.09639186,0
0.017108314,2.086607143,762.6964266,40.51028049,0
0.016464613,1.70483304,860,43.0453643,0
0.015385163,2.824875535,799.0571616,37.68631506,0
0.020104979,2.056900925,782.4638271,54.85235069,0
,3.078736066,813.1907677,42.05869874,0
0.019687811,,767.348316,42.90531625,0
0.034764348,3.673275857,782.6669702,43.12065547,0
0.016945572,1.960766836,848.4882045,52.51303298,0
0.02734942,2.078580973,760.8429313,44.77833068,0
0.020260977,2.587333637,788.1820176,48.42128373,0
0.026843674,1.87002707,801.8349419,44.24383856,0
0.013760814,3.05981206,797.0573791,46.84249293,0
0.018990001,2.100181615,810.7244653,60.48142078,0
0.013039938,2.352867275,805.0440644,49.39427947,0
0.026433742,2.652348131,769.6507495,47.08054708,0
0.026418828,2.625687413,750.0333651,48.1457001,0
0.020655976,2.277294185,823.3528994,52.45443948,0
0.014868093,2.094189428,809.8718718,47.72056446,0
0.024346171,2.811776882,812.7147027,55.21817694,0
0.032053899,3.415402798,830.0037065,47.83630608,0
0.023663338,2.821978569,791.338627,56.02177763,1
0.025821913,2.426634322,758.5704996,56.34164105,1
0.016588111,2.399961965,809.3606652,55.59755063,0
0.032451449,3.109583285,832.5095264,51.83980892,0
0.010859819,2.613114405,844.8086109,58.56203179,0
0.023966638,1.323610341,805.8074232,60.79018275,0
0.017879699,1.360196105,813.6899687,49.20606071,0
0.015550344,3.453697007,811.7440143,34.19282492,0
0.02212945,2.73109529,831.9935016,64.30866415,0
0.026007403,2.112172927,798.0250658,53.81211731,0
0.016638625,2.692693199,821.280062,44.88944623,0
0.036712844,2.564650105,818.1095301,46.71674445,0
0.038432928,2.959351775,824.9261606,58.83420382,1
0.022469395,3.513499176,823.0972781,56.93157609,0
0.031924341,,818.0252109,55.70147398,0
0.026050057,2.475849515,788.6714208,49.3186465,0
0.014051794,2.659469254,852.6204734,57.85324508,0
0.010938912,2.432821828,796.7824775,46.83666807,0
0.026248133,2.884022919,813.4465699,60.94719474,0
0.014699513,1.647442158,829.4264222,42.02327014,0
0.032443409,2.150534224,809.2531428,59.44349902,0
0.033370732,2.531809874,793.246727,44.04704133,0
0.01424443,2.271403985,810.7742657,55.41860011,0
0.022222436,1.977144571,796.783393,61.59615179,0
0.030814029,1.629771364,767.8443044,58.98973489,1
0.030967608,2.835664686,807.0659338,48.03136211,0
0.017061719,2.411999928,801.7738813,47.6538581,0
0.021307148,2.278897677,771.3504136,61.13347019,0
0.027626864,2.95388198,820.1040743,65.51649086,1
0.01439193,1.634149361,782.4466684,35.97416155,0
0.030694019,2.750592046,818.0271129,60.68290063,0
0.023222625,1.94603522,812.3713563,54.28133164,0
,2.595437568,799.9439223,58.42141729,0
0.021480637,1.997357017,785.7189105,49.49970046,0
0.022011785,2.242414294,794.8133453,64.71630124,0
0.009160934,2.448325053,767.3195765,47.26025513,0
0.021209488,2.230380662,808.2007758,45.5622182,0
0.025617831,2.944345919,806.6524932,68.46923613,0
0.032588513,3.064438681,794.0304368,49.66165702,0
0.0120041,,832.5847661,54.93414821,0
0.02479718,2.159685288,755.8744383,52.7059582,0
0.019718728,3.100641257,781.0329595,65.9020739,0
0.022860761,2.901461053,781.0903614,57.14845617,0
0.016453592,3.077146607,820.0219902,44.10760572,0
0.034101473,3.062902888,838.9098899,49.53574395,0
0.017924225,,783.1529427,39.77806059,0
0.005,3.316400109,768.0601268,59.38897185,0
0.015084975,2.718108401,804.5194459,48.26172085,0
0.023453591,2.319491071,817.2139425,40.14270635,0
0.009378194,2.591994084,799.8181409,55.4237441,0
0.033455687,2.168030165,827.8326828,60.55227573,1
0.017559118,2.753656145,783.8027756,66.26771343,0
0.02862111,2.952213606,831.0772374,40.11923004,0
0.016962342,2.633529616,771.3353016,54.74042749,0
0.020573486,2.595903103,770.9696371,59.10285292,0
0.0112199,1.113030846,802.8405756,72,0
0.017251089,,772.2953937,49.9302346,0
0.01879823,2.04105246,770.4687704,31.06853313,0
0.029117356,2.119257049,792.159624,58.17649994,0
0.034642938,3.00299376,833.0589567,57.91414907,1
0.033867181,2.382861301,806.5284243,46.07250602,0
0.012789545,2.249116289,740,46.44900366,0
0.007446821,1.741763643,787.7139446,57.92181594,0
0.025912401,1.94049873,834.5158812,70.73557638,0
0.023422399,2.593106325,808.0013348,47.19407168,0
0.033923641,2.407099719,790.2395179,58.1871995,0
0.01965465,2.041901405,825.7493472,60.06777251,0
0.024142709,2.717780688,,53.52085194,0
0.023392852,2.956626694,810.261433,52.91476066,0
0.024448034,2.323356797,803.8423239,43.1761657,0
0.035182407,2.663836233,822.9588081,51.83587932,1
0.023968858,2.815219761,826.5633302,60.64257375,1
0.024196519,2.398946465,822.7207864,54.78174394,0
0.027422733,2.538581347,807.9723066,53.65702872,0
0.022570234,1.802113612,837.9375513,65.37132262,0
0.018438252,2.652126172,789.9447009,47.83925722,0
0.038254388,2.397310667,774.3161834,51.44305296,0
0.026207978,2.404898727,796.0363718,63.79718168,0
0.027974348,2.751758526,742.7678912,63.43379674,1
0.03051768,2.521556176,803.2566906,47.16223799,0
0.021349266,1.955188067,740,58.99174843,0
0.010872595,2.02881387,808.7469396,60.81920041,0
0.023741426,2.263298669,786.1229283,34.09951494,0
0.026738831,2.733465624,801.7244878,47.2156157,0
0.015067979,2.892447569,763.4145605,58.84457075,0
,2.248762217,818.9995719,39.23352242,0
0.021673973,2.389227088,804.765312,57.57120254,0
,3.519983391,795.3700224,58.56298307,0
0.031121069,2.984547466,840.4351174,52.40030895,1
0.028929689,2.8121211,794.7304439,36.38947941,0
0.029330669,,779.4926052,48.09139869,0
0.030986337,1.947975277,817.6621384,42.88268952,0
0.011040464,3.162682837,820.6112668,47.39790137,0
,2.96384204,824.0584111,49.86940483,1
0.024828975,2.771815111,765.8907022,41.76288445,0
0.014691609,2.970900602,814.8253883,55.01510177,0
0.025797281,2.633630991,843.1504978,47.12482922,0
0.026031082,1.503889644,842.2607718,55.17306765,0
0.017191088,1.962937625,832.0589214,59.47005537,0
0.028934851,1.589461798,829.455579,52.75739536,0
0.019051448,,846.3459303,56.15495778,0
0.019368161,2.751792604,786.1796255,38.9747805,0
0.02646192,2.05277775,,52.42764067,0
0.022634004,1.81798736,802.3085525,49.92931691,0
0.023043932,2.494937733,799.6977161,40.61832196,0
0.02993265,2.639860697,,36.57070758,0
0.016677136,,782.5432277,37.69172615,0
0.030429837,3.129534743,773.402754,44.39657295,0
0.02325359,2.244278583,819.4112162,44.66006397,0
0.018102827,2.742125476,812.196772,50.76907979,0
,2.418387731,819.5511461,44.41932109,0
0.021550386,,797.973795,42.69442851,0
0.027322776,2.375940164,814.4901819,47.70297896,0
0.036156498,1.947670649,787.590111,56.12275338,0
0.040817333,3.416137087,825.9116144,58.43742208,1
0.009788497,1.877848025,777.3538356,51.25482423,0
0.027893541,2.346936664,792.857733,35.67935842,0
0.021265789,2.052013034,778.9341238,54.33335321,0
0.027432792,2.576651226,810.5779584,48.39608666,0
0.034167176,2.363093941,814.1461596,37.42653593,0
0.021303337,3.491885474,799.9850356,35.3660267,0
0.023316855,2.573052581,773.5005876,53.26041488,0
0.027204884,2.714720357,761.3462739,49.52591942,0
0.021824686,2.837305355,816.0261298,48.07749505,0
0.02683341,1.968685453,796.5847714,49.77481895,0
0.043150052,3.111531907,,54.83368278,1
0.016400986,2.747636425,795.5161078,48.36782357,0
0.019600125,1.815989386,830.1112793,31.24673933,0
0.023195612,2.853606243,835.0874972,56.7616377,1
0.025490404,2.467028679,771.0801365,58.42198598,0
0.015790154,2.258727296,820.6848039,50.23734247,0
0.026081632,2.410063767,760.9560278,51.10443504,0
0.026182264,2.13068901,851.1988124,41.9508645,1
0.010712539,2.946018661,799.960951,44.98236469,0
0.03135875,2.473826492,787.4755307,58.47845503,1
0.020506388,2.649008087,,52.15277246,0
0.028527243,2.790902491,795.6533535,44.29704891,0
0.011751073,3.058191193,803.7165753,37.5893864,0
0.026356414,2.417022218,802.7098566,42.21426244,0
0.027334285,3.045627334,804.8546828,41.78789968,0
,2.760720368,776.0993151,57.25662898,0
0.023481709,2.15025953,809.4579097,57.15245221,0
,2.123779417,816.6529158,56.66637084,0
0.024367234,2.67306902,813.9451649,48.23843412,0
0.017638569,2.769074889,805.8140025,50.29662996,0
0.012894922,2.489726389,839.8722536,61.76813513,1
0.025942124,1.539318124,773.1577605,35.76126128,0
0.02548694,2.380535113,,44.29039061,0
0.02846383,3.205080004,825.0895328,51.55434483,0
0.018359907,3.307238529,836.4014745,55.04720558,0
0.027741392,3.328190651,845.4131645,29.88392621,0
0.017666936,2.415251816,756.1317829,37.8250786,0
0.026694581,2.2655006,794.5501442,58.27714939,0
0.015160629,2.604895607,793.3010793,35.50662482,0
0.024684248,2.588767121,789.7460615,36.06781634,0
0.022671633,2.524248916,799.2928657,43.98237818,0
0.018748132,1.726830617,781.1764964,35.01094601,0
0.012310125,1.836188239,764.9097,,0
0.034384192,2.091126996,812.6994548,51.90012842,0
0.024110199,2.761483122,816.8876259,33.68432096,0
0.016464503,,818.7383919,52.54961688,0
0.025109839,2.529386799,773.067157,61.67531322,0
0.01135527,2.567329573,792.0062115,50.26245766,0
0.023274906,2.020890922,826.0982197,41.68703335,0
0.018777011,2.187042376,793.9366258,48.00803246,0
0.017573875,2.603299369,740,43.12759209,0
0.02500071,3.075544339,788.9876643,47.29974482,0
0.026603871,3.038122462,784.4029297,54.99842668,0
0.025434761,2.371388215,793.3969815,36.96945683,0
0.019003691,3.050289642,826.4864652,39.24066556,0
0.025846165,3.102987759,767.88916,69.32513541,0
0.036707252,3.684651721,781.320478,45.06801771,0
0.028176712,2.879421361,794.4091713,,0
0.044096039,3.192527251,796.8377228,52.64323963,1
0.025807674,1.962315846,803.6863536,58.62733036,0
0.035226637,3.624577817,828.6101356,44.92712026,1
0.014293944,1.500585457,809.283087,28,0
0.017353232,2.625600216,772.3914739,52.53172726,0
0.016692495,2.332820676,822.6884791,48.53174783,0
0.023692445,2.625177259,838.2798351,64.18362443,0
0.02980199,2.63050214,789.162374,53.70469453,0
0.029691464,3.052822189,792.9244894,49.5131053,0
0.023659613,2.650210912,819.2393634,44.29303106,0
,1.595516482,802.8989426,39.66637044,0
0.01584742,2.222867193,797.2999069,44.06226618,0
0.028083421,2.472416071,742.2466343,46.23902274,1
0.025868725,1.74242946,821.3490921,43.80614344,0
0.03739149,3.333222954,768.531142,66.02029583,1
0.024672464,2.217456411,796.6642555,58.22811043,0
0.019968319,2.463268691,775.8804538,48.1805708,0
0.022051938,2.926718814,809.3767018,51.62276559,0
,1.833426461,849.8993206,48.332577,0
0.015551442,2.603596382,818.5212956,51.32552996,0
0.018628317,2.38068807,811.3641096,61.40004448,0
0.036940233,2.126095656,807.1647616,53.00233096,0
0.032065162,2.193686196,841.3494692,57.94147869,1
0.023273811,2.390931095,783.8006694,47.4663409,0
0.025597765,2.084675013,777.0798813,46.77427875,0
0.021597402,2.200564153,801.8739943,46.88883663,0
0.021803849,2.551356615,834.0548069,43.77835099,0
0.030002592,2.55497943,784.7646338,53.24065337,0
0.024133759,2.674119739,813.3447492,,0
0.027821599,3.428082102,779.6726235,52.77344068,0
0.026262142,2.076576591,756.8324346,57.87751354,1
0.00914791,3.342682227,755.2578226,45.61187112,0
0.028384172,2.706011506,788.7922716,46.58519995,0
0.023296624,3.097993317,785.4113569,48.15743231,0
0.026882533,1.76977591,803.7605873,49.41781333,0
0.019276525,2.082842559,795.6384401,62.45403349,0
0.030037596,2.342558271,850.5020089,58.61161737,1
0.017734316,3.057120017,798.4254196,55.48350385,0
,2.220632864,828.9827062,57.22278749,0
0.023774671,2.37029362,807.7968963,57.09581079,0
0.027652868,2.694897843,787.9514958,41.37593829,0
0.032196927,4,765.1407931,38.8529103,0
0.02603079,2.957913011,787.8872636,53.02709915,0
0.023054207,2.594913371,792.8634532,46.56578212,0
0.032523153,2.515594852,759.3878779,60.58495042,1
0.033422559,2.710478453,814.0030851,35.810667,0
0.023773207,3.050364039,775.3778725,46.85372343,0
0.011687062,1.862729222,781.7514782,57.64731706,0
0.021491068,3.06626067,827.0204371,45.32421013,0
0.027575658,2.110159518,841.8615129,39.43223475,0
0.020226686,3.082464118,828.4444552,47.99858207,0
0.022272595,3.228574789,791.0438082,61.6868067,0
0.026021793,2.100394617,785.6463707,60.50793483,0
0.037452626,2.722212075,799.7219016,53.9152364,0
0.026630747,2.356292045,769.3821383,63.31329266,0
0.019102791,3.72913371,799.8775647,51.30136122,0
0.030665067,2.331335696,798.5540294,52.25491071,0
0.030157632,3.095146368,791.498548,52.96020788,0
0.02376453,2.991566274,808.8367741,43.58985652,0
0.029923682,3.252673995,792.4716468,49.13842259,0
0.018093004,2.468817171,783.7246523,45.60192507,0
0.023149295,1.825170837,780.5094931,,0
0.024014866,2.277599544,793.7300523,,0
0.026299133,3.676082823,792.4263727,58.16152112,0
0.032663216,3.066248124,750.0153771,54.3120924,1
0.015850682,2.815826868,794.3338363,51.04577146,0
0.017626367,1.9112217,789.6795455,46.77487758,0
0.015185166,2.413724324,807.6512032,58.73910854,0
0.013055993,1.996250584,740,46.83604831,0
0.024090299,2.892628671,792.6705663,52.16849844,0
0.020696409,1.486680367,828.1230219,46.31702877,0
0.028627384,2.179640907,740,44.20493935,0
0.023359028,1.409283536,796.5251444,38.3675552,0
0.018310095,2.268193458,814.8823802,57.00227572,0
0.024477214,2.952050303,775.4281676,62.06034123,0
0.023117333,3.184936314,783.868862,57.55958217,0
0.023713931,2.010857329,798.8509192,49.21174706,0
0.021244693,2.055951465,796.8388422,37.75367102,0
0.025610615,2.198538447,786.6865819,54.01204443,0
0.025610538,2.727194572,789.8340234,50.82891178,0
0.03723644,2.408725833,794.7213766,30.43810989,0
0.021543712,1.984039443,766.6130919,46.80246443,0
0.02854041,3.171773241,828.6078617,59.6279298,0
0.027844821,3.008753078,790.1741081,45.46758661,0
0.025496734,1.639109399,788.3502849,42.08380499,0
0.021874934,2.146385604,830.9717482,48.95483791,0
,,800.7731699,54.32401049,0
0.021312134,3.473626122,815.168618,62.41653857,0
0.032342395,3.438246786,791.0011462,67.54170531,1
0.028347726,3.401859637,782.9818019,52.93882519,0
0.017022242,2.30546281,769.9645664,49.21272045,0
0.012682864,2.527995574,810.0232658,56.20545313,0
0.021651065,2.266389523,,47.50364148,0
0.017657086,2.162008611,816.8549814,49.73687558,0
0.0339497,2.030017871,788.3706013,50.7811927,0
0.012725879,2.788026314,792.1878469,44.97545033,0
,2.550847228,801.0447788,47.15813973,0
0.031529205,2.343718036,802.1722129,59.18394429,0
0.022704721,2.425811064,770.1932616,52.03492215,0
0.015790233,2.13839176,786.8271517,47.53774545,0
0.028902611,2.380220529,784.2178194,,0
0.019773884,2.898295079,792.3966443,49.71020476,0
0.024534335,3.313571306,807.7703587,69.37748758,0
0.019177839,2.1885989,832.3734421,52.106317,0
0.015978612,2.188092076,772.9815102,60.15730519,0
0.026172759,2.279827567,763.9780447,39.30398679,0
0.029398907,2.212990726,809.8713422,45.81512078,0
0.023323652,1.909275255,806.2917389,48.35351554,0
0.039350437,3.266078672,793.4328705,53.43465542,0
0.016667999,2.729194814,830.0325271,58.58049394,0
0.017443139,2.850729011,844.1579723,49.82350924,1
0.02419823,3.021837798,809.0070092,28.58339055,0
0.026213532,2.384002018,854.5291063,45.43413196,0
0.014174702,2.018549294,776.1334392,56.69324476,0
0.015859331,2.232818957,820.6031229,40.1283996,0
0.02805831,3.727318168,782.7907253,56.15959319,0
0.024956376,2.728053691,814.250506,51.39716659,0
0.03557197,2.404282098,812.7710343,45.10320288,0
0.025288091,2.792256966,821.2992882,45.933105,0
0.020831029,2.206812305,805.733906,50.29384787,0
,2.603009383,799.2823486,,0
0.027233226,,814.8091153,52.09830289,0
0.026231483,3.034587451,842.4935631,47.74064877,0
0.029897408,3.005788634,758.4540697,47.03388891,0
,3.081112678,801.4615475,40.35503667,0
0.023308026,1.730661564,800.1410168,,0
0.027026517,2.762091233,805.9035443,55.35830949,0
0.019867687,1.996138722,775.8159973,55.4432108,0
0.022457279,2.129090025,781.3287065,41.40069948,0
0.023330849,1.983277094,846.6016328,52.01813316,0
0.025973056,1.681883804,815.8655352,45.75320024,0
0.036142128,2.450874182,752.1807638,58.35566299,1
0.027000477,2.734110783,784.770431,63.26596232,0
0.023737332,3.509254785,833.9330339,36.27760332,0
0.017957727,1.89022642,795.8340888,,0
0.017748337,2.207653187,774.7108775,45.14990361,0
0.025393802,2.54652008,812.5126214,44.12959343,0
0.024483936,2.259733353,828.0901066,60.06479199,0
0.021587552,2.090353918,817.2614038,56.06786494,0
0.039853501,3.032531305,794.2945834,50.81403101,0
0.020580125,2.980392569,801.2799748,54.07476773,0
0.028206942,2.802364742,810.563605,46.64799592,0
0.027999046,,826.7544085,47.7162785,0
0.018801564,2.249791956,774.1134821,37.79615883,0
0.014736849,2.205304162,800.6736216,66.27041967,0
0.016518451,2.264664307,795.5413286,43.15410058,0
0.014484759,2.069567011,807.749266,40.84250812,0
0.033751882,3.317248989,806.7997427,45.61582139,0
0.022688552,2.316647016,821.8882891,43.86424225,0
0.007014518,1.738971183,780.8549624,58.45269376,0
0.026769847,2.24558944,841.4091422,52.42086885,0
0.017069648,1.861615663,809.5566692,48.16972181,0
0.027717569,1.823258081,824.6792123,54.1590678,0
0.018114968,2.041411262,815.9308739,55.69889372,0
0.025899381,2.710090895,796.2470492,41.36371584,0
0.02831977,2.974593229,797.6570168,49.06103375,0
0.022188971,3.104020232,770.1089816,46.61131009,0
0.046840224,2.788112808,830.3840004,60.611706,1
0.021718717,,793.7431239,45.44475006,0
0.017708714,2.505883308,818.572081,47.52023783,0
0.026791716,2.380369352,801.3594107,42.98458441,0
0.023568814,2.379672178,825.3502559,51.15896137,0
0.017197177,3.15784715,802.9045252,48.52317449,0
0.027091998,2.457638986,809.3636471,47.16840205,0
0.027639587,,820.2303002,53.61202816,0
0.01459232,2.209987036,825.0747608,41.67617893,0
0.029664959,2.495422366,804.5331082,42.92976569,0
0.023335349,2.78982736,761.9761137,55.92717196,0
0.025456332,1.702959335,740,47.80640038,0
0.017313475,2.209261702,783.0727402,44.99582694,0
0.017766034,2.743782653,803.2596181,51.92619915,0
0.035019767,3.478109586,747.4834324,54.13835389,1
0.014115811,1.577987233,778.1558063,67.07777656,0
0.025116131,2.640212619,791.3922135,59.92709183,0
0.021709409,3.451371195,797.9073556,60.10818594,0
0.030916837,2.165908374,784.0088181,54.19062409,0
0.027781584,2.780716531,829.8477609,49.04628416,0
0.02651437,2.337177224,833.495691,47.42021718,0
0.027836451,1.414043584,803.2876896,56.02510588,0
0.024152323,2.446146491,790.7825815,54.97518839,0
0.0257033,2.371732834,796.7636262,45.54921215,0
0.020422069,2.841664212,794.9233511,59.4843467,0
0.028523122,2.943022511,813.1486303,62.69029812,0
0.021815316,2.746130375,782.1070439,51.01272286,0
0.017582038,2.471196649,849.9074246,54.44245977,0
0.024174755,2.281973212,795.5699879,35.81656676,0
0.02984705,2.017703752,777.3513634,52.39013828,0
0.026463561,2.362537931,794.3099803,52.58268348,0
0.029672812,2.392162676,860,53.72741191,1
,2.957106996,817.6949893,60.69015486,0
0.014686464,1.826113728,762.726473,51.35573328,0
0.036127459,3.238730567,780.4212207,43.02003696,0
0.031826283,2.142316053,775.0781383,55.71054128,0
0.022482291,2.163761164,804.4118336,59.20515361,0
0.036000337,2.606750375,803.0843154,45.48027562,0
0.03626191,2.836590532,791.0661791,62.91286699,1
0.022227745,1.886383697,829.0143039,51.36462617,0
0.027982152,1.793137876,814.3599005,35.0697388,0
0.028217234,3.049528378,752.1577884,54.08676011,1
0.022881901,2.647562179,832.1878005,51.93704023,0
0.020978116,3.193381149,785.0213478,42.91357942,0
0.023157623,2.171960107,816.8823395,47.86416255,0
0.021837151,2.433050069,812.9509019,49.28252587,0
0.017524647,1.402733459,785.1216283,51.67125409,0
0.012332114,2.135231848,753.1724781,49.35149846,0
0.029827865,2.933140195,771.2467271,51.68927358,0
0.00940889,1.701003747,801.2605679,57.41411928,0
0.019147245,2.234366079,757.3494799,57.22188786,0
0.02666827,3.005774847,816.7727355,42.20340023,0
0.026535774,1.759619646,804.6553179,47.89707828,0
0.030745612,2.406477314,812.6270382,57.99234758,0
0.028055663,2.761916823,816.4109206,36.64563535,0
0.026235373,2.782318725,817.0872666,54.9391022,0
0.029627394,2.95574656,807.5589567,53.96560854,0
0.030065878,1.878737276,834.3046699,58.46178624,0
0.020580647,2.616261498,791.0988543,46.89750762,0
0.014611521,1.711739739,826.3394769,55.44291937,0
0.018834932,1.868547775,800.095585,40.26786679,0
0.015387971,2.121388698,782.5674794,,0
0.036801261,3.368022275,811.5939355,64.05186831,0
0.019871579,2.529883333,773.2630722,45.00233681,0
0.024356028,2.881218738,754.2398187,43.61460699,0
0.02462184,2.872923149,809.10431,47.72851,0
0.024309974,2.112795804,794.6740272,,0
0.024862218,2.209380367,796.688747,46.05300011,0
0.017904699,2.71131598,766.088363,51.67047032,0
0.02371618,2.183396488,762.8117472,58.43679685,0
0.014390319,2.69086717,803.6920057,48.62779519,0
0.024556129,3.213136321,805.2942337,32.66107004,0
0.018266343,2.889960301,788.8578052,52.45250533,0
0.019125002,2.604860277,839.8835845,43.12032528,0
0.019173434,2.327493947,839.7010589,53.52705711,0
0.019365469,,821.3607618,57.09268449,0
0.023599271,2.952680538,776.8317909,47.816268,0
0.018921352,3.303363852,803.1819363,50.75259774,0
0.021627772,2.161045855,830.2591034,37.2513884,0
0.021313833,2.545885703,801.1336688,55.619511,0
0.015312905,2.722574794,783.3925446,49.3100974,0
0.028131628,2.017100004,792.5150763,49.86717598,0
0.028661161,2.419950778,823.9181477,67.96942264,1
0.016152302,2.814649543,850.903471,50.7759655,0
0.02378743,2.766510858,834.8777193,61.13741633,0
0.035000807,2.321542279,803.8632023,55.69543414,0
0.015256857,2.530180187,833.0142529,41.47007315,0
0.017314765,2.778814181,803.1807906,52.27036169,0
0.031475331,3.279328224,779.9600811,51.3414004,1
0.02543055,2.057747277,832.6440836,42.75903046,0
0.012486729,2.446778548,798.1687848,56.81267083,0
0.020288056,2.578577616,837.8210815,47.10392913,0
0.028379069,3.605827082,806.6295608,60.47898098,0
0.033467923,2.319467227,855.4111924,38.78451162,0
0.032890761,,812.3615205,40.45541603,0
0.014496074,1,790.0015847,43.42776162,0
0.02716297,2.978912893,827.3266949,51.63122108,0
0.032936212,2.061248747,810.0385918,61.53231206,0
0.005520613,2.414189136,784.2912707,49.07576362,0
0.019428093,2.207793393,818.5431187,54.91570066,0
0.023319943,2.855947185,830.963933,54.0147614,0
0.012354412,2.237556449,809.3999764,66.11393434,0
0.033939729,2.787977341,832.9361913,59.27762415,0
0.019711606,2.933055076,835.2930219,39.96984093,0
0.02122246,2.358217648,825.6258095,49.1072081,0
0.04126704,3.04725423,802.4684297,55.55517579,1
0.023681984,2.60365607,785.9755268,49.90782708,0
0.025992649,2.334696441,787.1480345,45.99812928,0
0.010649628,1.378327512,816.5951641,52.35202287,0
0.018319084,1.782209895,823.7171458,49.61651971,0
0.021518607,2.799025434,836.942368,51.76031238,0
0.031803818,3.0012281,785.8449317,45.73185189,0
0.015055288,1.506201063,844.1836938,56.26976515,0
0.043963437,2.629681047,802.503949,43.13067343,0
0.021582326,2.03337736,799.2251679,59.49498337,0
0.023812381,2.333181762,801.4151498,53.27944132,0
0.015393902,3.219339614,761.1462349,45.79015365,0
0.033190016,2.46621113,791.8871734,47.64339182,0
0.033873625,3.662505467,806.4478831,48.79396502,0
0.022555083,2.389937095,818.299007,44.9744294,0
0.021148867,2.748600424,797.9143093,50.33860416,0
0.018450223,1.580378162,791.6328199,,0
0.027169901,3.236226983,792.7545347,37.63171361,0
0.013578151,2.16493156,781.6391309,47.21063818,0
0.02738286,2.289793457,807.4802106,55.25684872,0
0.021053705,3.718074961,837.6842492,47.21240358,0
0.019854178,2.255056564,789.4157042,48.62771337,0
0.013745239,2.332330006,767.7332165,52.05275693,0
0.012788601,3.112160323,780.1722538,43.12448721,0
0.022770581,2.067681771,823.6947721,43.03798762,0
0.03273109,2.592739907,841.7336417,48.19441768,0
0.021622205,2.304878817,781.6315535,41.24305626,0
0.018701414,3.349707288,782.2629923,67.80982386,0
0.029346344,1.763582353,818.4904651,55.75598095,0
0.031081549,2.576225454,822.6815387,49.22925911,1
,1.981569742,845.5626269,52.18346262,0
0.026672763,2.477615445,792.6237023,39.99064386,0
0.026668403,2.668838496,804.7890003,60.76652776,0
0.014139505,2.747479146,787.5424028,40.88525709,0
0.015425825,2.921390115,825.7491752,47.58853212,0
0.025497237,1.515204303,812.4510244,48.71212822,0
0.032221429,3.139451073,,48.98993223,0
0.024609077,2.904768242,823.841852,44.91868438,0
0.013016517,2.222357374,800.3894577,45.47613184,0
0.025878631,2.179603174,827.1255336,42.56078109,0
0.027858129,3.011172625,781.3188332,41.67068326,0
0.019379304,2.305114295,776.973011,45.42037379,0
0.033272046,2.654524255,791.3839708,37.50455146,0
0.020366822,1.887909908,791.0970302,52.06572136,0
0.029742695,2.54736916,836.5001171,48.1710886,0
0.018467584,2.166247841,,41.34842113,1
0.030071192,2.158946889,742.5627603,57.08722002,0
0.029987607,2.366996463,790.5636264,42.17886298,0
0.022987696,1.81469917,792.778222,48.70482265,0
0.011805189,1.724494646,811.3267597,51.63262,0
0.034045417,2.617744502,802.9204482,49.98940215,0
0.031285436,3.238658897,827.3565181,53.39518783,0
0.02662297,3.044393038,809.0632273,28.98939923,0
0.031230891,2.749280064,805.6855168,34.25474023,0
0.020367192,2.725057986,820.1357796,46.43434595,0
0.033556487,2.246739108,785.6527563,49.58031229,0
0.024795361,1.838883396,768.9855391,58.56996608,0
0.034229536,2.025423802,843.177133,35.74859109,1
0.019664038,2.446832384,807.4611265,48.37163528,0
0.022720449,2.702245548,740,60.24104385,1
0.03584484,2.427343778,789.7909928,41.57552837,0
0.023781637,2.02099874,815.340384,56.58279279,0
0.020353501,1.789545666,783.8450788,44.99067392,0
0.024597467,3.041760666,785.907364,51.07502819,0
0.021410572,1.949946434,802.2804236,36.979473,0
0.030302548,3.058850668,821.911996,44.88515204,0
0.011755144,1.854904371,777.2275687,59.27157804,0
0.031628855,3.168680354,798.7146296,62.07190579,0
0.029517907,1.946284155,821.7413691,51.03984037,0
0.011130355,2.09753647,812.2016048,43.72702361,0
0.014899173,2.810585858,783.496337,47.74814612,0
0.015937471,1.912458326,808.6130467,,0
0.021211319,2.225564309,784.7131465,38.82121193,0
0.032887268,2.183421531,783.8132755,45.65452106,0
0.028530748,3.27764073,780.69436,34.70118981,0
0.024729924,2.531218133,793.0743711,59.18186234,0
0.023608387,2.633665644,767.9559426,46.23920958,0
0.032954501,1.407989484,796.1340092,61.66751374,1
0.027009781,2.332337142,814.8840147,56.15670604,0
0.021183074,3.082337535,860,47.87575431,0
0.045922599,2.876002289,774.8434241,40.76996597,0
0.006073326,2.334037354,797.2597365,44.52538006,0
0.031058266,2.418510514,775.9472376,53.49900915,0
0.015377101,2.41746554,762.3168205,51.14273554,0
0.018980992,1.801504824,802.9548919,63.62957039,0
0.017000877,3.390000156,744.2544498,47.50145215,0
0.026402674,2.365609993,832.7354299,59.47373403,0
0.019098098,1.434974763,807.0613989,43.19215678,0
0.021141988,1.76552979,809.2454346,42.58325736,0
0.018034923,1.702899197,813.4918155,60.74932456,0
0.036658873,2.410786406,816.9112351,37.55297533,0
,2.954351733,835.0475921,48.41107034,0
0.0240791,3.069474048,780.3982471,58.37440362,0
0.010827786,1.670395281,800.457454,51.19873363,0
,2.231382511,777.6036795,55.40825686,0
0.027456281,2.112917115,818.2174404,41.15167452,0
,2.566757943,810.595255,50.65457213,0
0.023841578,3.066378808,815.6836213,55.78463202,1
0.022298098,2.32327088,827.7078689,43.66343475,0
0.023919712,2.511689775,796.6569738,41.97298592,0
0.025206921,1.782266227,799.9746496,54.31471255,0
0.027386729,2.096122524,793.8939925,45.8496334,0
0.026391757,3.028674689,,48.94595615,0
0.030226964,2.511346316,810.4301517,40.92713671,0
0.026850497,2.833602092,823.7406118,54.44340907,0
0.015746601,2.417046153,820.402666,66.86443283,0
0.031916987,3.628376852,,59.41962913,0
0.022082414,2.645684027,779.3085431,50.64359172,0
0.027300993,2.980387305,860,51.94618965,1
0.019419732,3.040693387,753.8995754,51.86477391,0
0.025085623,2.497379273,830.6603462,49.12593334,0
0.03456943,3.003314554,826.9829421,,1
0.015194316,2.719777408,833.431833,54.42143072,0
0.021204669,2.478205099,835.931868,54.2034949,0
0.025108225,1.989579133,800.3789342,34.34923135,0
0.014150495,2.320576611,821.0075578,39.30271786,0
,2.207174612,843.8151053,,0
0.024237455,2.612827642,777.7081995,51.50057262,0
0.027347123,2.492325046,833.0514886,35.03940591,0
0.022429832,3.469064029,771.2885077,55.60551439,0
0.019086287,1.712807872,810.9897043,56.73705234,0
0.037887932,2.882100137,824.7671583,54.13790192,1
0.02133043,2.646953265,800.3534046,52.34145706,0
0.016241402,2.98315722,811.0478411,35.34656848,0
0.027717928,2.385537668,836.2671941,43.09104247,0
0.031578701,2.664609918,783.5672739,54.19100593,0
0.006277814,2.393730324,818.2836745,47.58457712,0
0.030056139,3.604509585,797.3959238,45.02128965,0
0.016337123,2.281944946,777.7766254,47.45279782,0
0.025487171,2.193619998,780.4902941,51.55958001,0
0.012362786,2.60587356,785.992278,48.34244111,0
,2.120573789,789.2635015,51.58533872,0
0.015389154,2.781752865,792.5441653,56.23186896,0
0.009739688,1.565407981,788.9441194,53.86512804,0
0.015407185,2.077695778,831.3533741,42.44491086,0
0.026466367,3.464566903,825.419152,41.38314313,0
0.020355508,2.463938759,811.3867855,40.95352549,0
0.024545649,2.781177151,816.0922467,49.08988145,0
0.016489983,3.208763551,756.0007838,54.85913141,0
0.033635385,2.455795466,775.7052731,46.31313867,0
0.023639937,1.339688471,790.8506912,65.39812225,0
0.022747331,1.961650127,,56.13133516,0
0.021303842,,774.7250929,65.17478776,0
0.020918504,1.877052224,793.0128532,45.70339256,0
0.005150514,2.131072601,801.0055083,43.73956093,0
0.019011021,2.744395185,837.0313622,50.67405567,0
0.024262948,2.931085851,,40.23442943,0
0.021361528,2.782956408,792.543671,54.51502937,0
,2.809864453,789.2639293,63.62611431,0
0.010631391,2.119957365,800.7480072,69.57110634,0
0.040368924,3.568067521,,49.60173869,0
0.015137183,2.401452781,789.979279,50.13217283,0
0.01736507,,781.9714808,51.93626406,0
0.016055606,2.728952081,789.8718951,51.44038333,0
0.027465066,2.42719496,748.4305873,51.20670003,1
0.018648398,3.459489091,795.2074125,32.54413051,0
0.022530567,2.921387914,804.7786377,55.22176638,0
0.012038113,3.161537605,810.6183537,47.20077683,0
0.017246756,2.495101537,851.9823703,58.16022103,0
0.019306577,2.486257394,776.0564954,47.20156029,0
0.024609329,2.828515899,798.8238177,48.70701369,0
0.024165815,2.324396787,813.7710483,37.64785897,0
0.013026079,2.220844395,805.9872612,41.05682597,0
0.023382012,2.558969234,772.0256432,54.06383171,0
0.013078397,2.365260292,796.7883804,50.17144086,0
,2.525465707,812.1081924,38.93800889,0
0.019886775,2.808169636,783.3564995,47.24719194,0
0.025387927,2.318390032,809.9736095,43.71845267,0
0.027420943,2.94832127,814.3755204,59.38967625,0
0.020352012,1.240096526,824.329836,65.08697334,0
0.027625158,2.872662455,764.6549665,51.82095651,0
0.020512574,3.369158176,802.3768727,49.79050343,0
0.026642119,2.362310687,760.0877087,34.68499206,0
0.019756792,2.376923056,798.5697138,49.63276112,0
0.020160638,2.556569287,788.896306,44.23051249,0
0.019388821,2.668248778,770.9772686,61.37236846,0
0.023835601,1.573847294,783.0170777,54.50451478,0
0.012958629,2.629445518,820.7687342,39.73262019,0
0.030615022,2.667411516,763.7023378,70.16335264,1
0.033768304,1.971603974,789.258229,55.32126944,0
0.029246886,3.147799254,,48.67524692,0
0.01002856,2.660226831,793.0058097,,0
0.0133038,2.34625276,,,0
0.025373232,2.567738001,787.11014,53.93758752,0
0.017480409,2.417071772,792.0820035,41.29434467,0
0.020933305,2.780300719,770.8878458,53.40685892,0
0.0156345,1.60520842,784.6124804,43.44644755,0
0.023128567,2.66582391,795.5267966,,0
0.02330828,2.323384784,832.4114686,43.39331584,0
0.025222828,2.358753953,806.6691557,54.34351636,0
0.029411693,2.565387059,806.5762722,52.87610649,0
0.021799707,3.226603389,787.1398277,41.44128692,0
0.031338609,3.072337701,786.1418913,60.82479096,0
0.025251901,3.036762827,807.6401498,50.51670582,0
0.022804974,2.035969625,,53.98705202,0
0.024564027,2.439545713,789.1232728,46.07427391,0
0.018829747,3.516533496,753.6352751,48.83120662,1
0.030529348,1.578483592,783.0046846,43.54428251,0
0.008522554,1.544318337,775.5137879,31.06165751,0
0.024472996,3.213382253,,33.81637165,0
0.030953262,3.176943538,789.0434014,42.92469363,0
0.021453546,2.422222907,786.4654512,51.84030172,0
0.019598195,1.739458726,824.2170835,69.23586735,0
0.025072716,2.227691007,823.5239527,49.57419666,0
0.014153635,2.344556628,814.1726973,50.23380258,0
0.02648803,2.658137077,820.1589426,60.64573157,1
,2.631466742,825.4101497,44.67877709,0
0.023096896,3.642303414,773.5419493,60.86525092,0
0.033713593,2.727894115,785.7434651,40.61654973,0
0.022162995,1.974298238,800.4906551,54.1325364,0
0.022780566,2.150467891,811.9998773,51.80634361,0
0.031054259,3.47189557,801.723718,49.71163129,0
0.016765215,2.847193625,810.9775419,34.53983355,0
0.024674771,2.924852597,,47.63694068,0
0.034417682,3.804820815,804.4169675,60.10833591,0
0.018117145,2.257814679,806.2997456,,0
0.031540899,2.484422667,775.6274211,33.10972558,0
0.034707956,2.006962515,779.7264534,54.70243514,0
0.005,2.856774538,838.8208955,54.96216074,0
0.019274678,3.149362405,802.7585351,43.5991593,0
0.016935412,2.052426903,823.3007745,61.02750992,0
0.024738013,3.27967066,856.8843877,55.05064485,0
0.024910707,2.556978855,782.864743,65.54344337,0
0.03131519,1.948504012,852.2910668,55.18556866,1
0.010377913,1.955464981,789.9250545,40.8689954,0
0.020728074,2.625323386,801.829857,57.69084759,0
0.018433587,2.091731556,818.9877772,46.39636658,0
0.017824257,1.349335211,785.6666956,42.93775647,0
0.023073082,2.483734568,792.9427968,46.7852731,0
0.017049618,3.32553714,,48.0406522,0
0.010304843,2.759330044,777.9210006,39.02526408,0
0.011240953,2.488625337,816.5720574,,0
0.023527718,1.756161767,801.935324,51.63029649,0
0.038407302,2.152261008,,61.22023082,0
0.032588059,2.553073995,780.89889,46.4682392,0
0.031170408,2.490365281,,44.54008613,0
0.02271009,2.171797201,841.2514173,54.88102701,0
0.029447764,2.424657424,831.9389485,40.98276718,1
0.020754018,3.222912393,805.2569752,60.25932781,0
0.028353201,2.911731002,797.8969288,48.20266856,0
0.016355061,1.731101205,821.3624327,65.23125224,0
0.025218584,2.594525228,817.1679244,45.93374188,0
0.024118698,3.172364053,815.7559664,45.50836715,0
0.017937348,2.723814908,822.7018408,50.53254489,0
0.035024225,2.964273714,,50.46190196,0
0.026005523,2.574066183,840.4018068,58.55925664,0
0.014612705,2.138641894,752.9369462,60.58814347,1
0.005416663,1.989714106,768.2968851,41.33479819,0
0.01867961,2.641312976,773.001213,53.40666087,0
0.024578115,2.262770249,814.9618422,55.13773832,0
0.026872817,3.522709487,788.3437362,50.93444934,0
0.028230147,1.587625318,788.2936847,41.75087296,0
0.021588117,3.333573882,802.4511407,50.48534785,0
0.009710046,2.304305329,826.0741641,50.47883122,0
0.018529994,1.694525587,798.8086359,51.08005441,0
,3.290556903,798.1921197,48.8044529,0
0.014691885,2.467799381,779.5720792,54.55422508,0
0.033393143,3.32339208,788.6819734,72,0
0.021649513,2.136365474,797.6297362,43.85957556,0
0.018581132,2.63121566,792.8595432,,0
0.019784818,2.605519802,785.7910848,39.82925029,0
0.020785071,,823.2363287,55.47293012,0
0.00833924,1.683821902,787.367196,50.28574474,0
0.022816741,2.560082089,772.1060674,52.39388019,0
0.040919618,3.339097908,788.3149549,69.29192888,1
0.025179626,2.107182853,740,46.48541455,0
0.022258458,2.084420737,809.4144813,47.92947853,0
0.03753766,3.268792387,762.7244944,47.32574261,0
0.033248396,2.81676155,785.7548996,53.37136098,0
0.022275166,2.220691616,768.0728874,45.25110705,0
0.030870128,3.012814826,792.9337421,46.37054164,0
0.017853788,2.083685091,846.8509622,56.8439792,0
0.025656622,3.305363287,785.2036388,60.87626847,0
0.020771872,3.002734091,797.1141494,63.69672742,0
0.02200507,1.486035052,809.6970759,54.16619818,0
0.0266745,2.583861893,839.2666549,57.54404372,1
0.022363239,2.709598564,819.7331437,40.91665872,0
0.027014911,2.247959621,787.3901664,48.04231517,0
0.022177675,2.458887637,821.5043438,45.30462225,0
0.043802582,2.784615265,,54.78118336,1
0.0145327,2.693660002,806.4823279,51.06068296,0
0.009750575,2.465963782,780.7906655,46.48284267,0
0.020981514,2.979460612,784.5133191,44.16160996,0
0.016589362,1.847954512,806.2968375,57.41239552,0
0.036009885,2.451800064,783.6420484,60.76028237,0
0.034626208,2.699495701,811.6406735,54.55223737,0
0.01315684,2.41741403,797.1909842,52.51730743,0
0.026639815,2.452490306,790.8641532,45.66042986,0
0.021436059,2.535560012,785.5692887,55.70505845,0
0.013018546,2.528179048,774.4337365,57.71203049,0
0.035150748,2.367139895,811.3285703,52.64897878,0
0.014428423,2.549825988,798.2016993,50.63724654,0
0.019209949,2.50089975,855.012755,44.53266854,0
0.016626744,2.215724257,780.6785719,43.92532722,0
0.018636272,2.333052516,825.414611,36.47576126,0
0.020136776,2.244785943,788.7575748,47.97761935,0
0.011056304,2.192580246,768.6433541,56.64411935,0
0.013511895,1.178594536,,44.71119408,0
0.021325275,2.63264738,,37.02437879,0
0.021278663,2.716509382,796.8859761,55.48356929,0
0.0195068,2.418947485,820.277346,,0
0.026466663,3.297339223,860,40.44125935,0
0.018801858,2.38584903,746.287739,46.1630883,0
0.018445901,1.808779815,854.7413736,52.0613208,0
0.019920023,1.729987324,799.1578087,58.70383337,0
0.016375206,2.381024446,797.3947949,43.89999134,0
0.00866243,1.927831547,814.3495823,44.65021273,0
0.028797941,2.074100919,803.2646129,,0
0.029184706,2.473460143,800.4141266,63.78739371,0
0.02183241,2.456542789,773.7073692,49.17563686,0
0.005,2.181411108,846.2806756,43.07900296,0
0.014898752,2.437683931,804.1828705,46.41001133,0
0.019031292,2.138475659,,56.80922122,0
0.019529073,1.768972266,835.9917016,57.69636309,0
0.021944984,3.24106277,814.5948958,52.9324262,0
0.027673724,2.924199286,812.2186654,48.87411278,0
0.015998713,2.522048937,770.6733179,54.63069722,0
0.030534659,2.030527204,807.2809538,40.36621867,0
0.024073151,2.433622023,818.7239637,60.77909402,1
0.020530477,2.265672594,797.3285577,58.76628652,0
0.024088713,2.1546128,786.0534606,32.28878799,0
0.025043756,3.097749345,822.8906157,48.48252789,0
0.02332496,2.150096025,834.0916173,42.90403883,0
0.015136663,2.94388851,827.978306,52.74164597,0
0.03336602,3.125842692,787.6789015,63.08222342,1
0.022519809,3.084640955,758.9920858,49.71141947,0
0.0210845,2.16635214,779.4702072,,0
0.025725976,2.248996775,782.5647015,49.79905065,0
0.019532229,1.688034458,814.6786683,56.02420805,0
0.017300992,2.286250598,805.2310025,44.82538857,0
0.023096282,1.879051515,769.4712066,44.17882609,0
0.042862901,2.507453818,796.4017432,50.57513655,0
0.023810004,2.027785693,809.9949573,41.25495484,0
0.026900456,1.42321533,819.0548368,64.26293066,0
0.006842384,1.894704663,778.071511,62.37243145,0
0.028217547,2.555736775,839.4936487,46.2677682,0
0.023850465,2.45061332,807.5072081,59.02023474,0
0.026230741,4,769.3322865,35.11984671,0
0.037686548,2.447576013,834.6840896,58.96944211,1
0.020682048,2.644160915,814.9594497,55.87050729,0
0.025348954,2.238733237,793.0991043,34.83042994,0
0.026353707,1.597330403,789.9962216,50.20747652,0
0.028714558,2.422058517,,38.9542352,0
0.030115089,1.882945501,771.0368405,44.99026011,1
0.024866854,1.794004156,801.246021,45.23701025,0
0.028558886,2.910168154,799.2421381,,1
0.036049494,2.334198817,805.6262972,65.71411709,0
0.025585936,2.047173516,830.0015953,41.5081908,0
0.018592617,2.146134136,781.688614,59.37010581,0
0.018448452,2.732073313,860,52.51359914,0
0.035810453,2.928606205,802.4636231,44.13793628,0
0.019151886,2.250991465,774.0658457,48.14865398,0
0.022198211,2.641269608,804.1347115,46.70926602,0
0.02744475,2.707446404,775.920355,58.58335024,0
0.013336532,2.719477468,826.4402059,44.94752156,0
0.03226496,2.592210367,807.4892996,35.10445183,0
0.027250314,2.523566085,841.0801903,44.44128641,1
0.020305902,3.45782949,799.6321205,61.2520358,0
0.013088454,2.9154746,827.0810442,43.73750982,0
0.024182239,2.466539619,798.3296608,47.98635473,0
0.032929646,2.483662059,740,59.88962978,1
0.036217316,3.338307246,783.0166827,56.12915676,0
0.031750409,2.038504829,754.3420149,49.43700653,0
0.023693578,2.028654898,822.2428246,44.09154565,0
0.025286488,2.95721877,803.591703,61.63618049,0
0.021590759,2.087276909,810.5953855,57.1217228,0
0.029636899,2.707915761,799.1671251,39.78451106,0
0.030031489,2.980690446,802.4241819,58.40643332,0
0.027088779,2.47450231,843.4497959,58.1006275,0
0.023970722,,831.4804496,55.90073095,0
0.034112516,2.072795629,860,52.05413073,1
0.027433583,2.293622477,816.0203447,57.44946732,0
0.02698409,1.93057948,822.8949756,50.03789446,0
0.013439155,3.188243266,802.438176,51.93060996,0
0.02439805,2.371772753,839.3939889,55.57328513,0
0.011682817,2.190643714,816.8741012,62.55920553,0
0.021652226,2.462052723,795.1021478,53.48719651,0
0.033728668,1.89794552,797.7886214,50.79881945,0
0.005,2.664749545,785.6233219,51.40825261,0
0.018893691,2.463712291,826.7694199,55.34564745,0
0.028446768,2.974107151,780.8514042,43.22474415,0
0.014214648,1.974077315,822.3504517,47.20374593,0
0.023830593,2.613862887,817.5930969,32.84244178,0
0.01888907,3.004396363,812.4998294,33.07784298,0
0.0195187,2.944905173,799.0800763,56.63905018,0
,,789.902971,54.39220738,0
0.019021117,2.19788368,813.1555082,51.5669699,0
0.021514461,2.749102031,810.6832602,42.76923568,0
0.032920839,2.49991278,809.0496177,54.41960598,0
0.035117143,2.64246902,806.6679704,58.43989718,1
0.023513306,1.929766039,,55.97406735,0
,2.497175567,,57.77639666,0
0.023089858,1.975517456,785.6217439,53.34296488,0
0.033826248,2.337050084,820.9624522,64.47604651,1
0.026422564,2.946883137,802.3471671,55.42176034,0
0.028968818,1.888965868,813.9782483,35.65686633,0
0.037942568,2.663946297,841.2609193,53.314784,1
0.023647224,2.401475655,798.9986267,47.82526147,0
0.020667051,1.552249187,784.1196072,49.39331987,0
0.022719937,1.794483473,775.2130587,65.16082919,0
0.032296944,2.731518569,793.4508486,38.39678496,0
0.024044555,1.415405191,808.1059531,72,1
0.029734216,2.048482094,783.0667919,45.65031325,0
0.019397814,1.907018654,794.2417574,56.72480783,0
0.01173843,2.824117091,752.1758449,48.22894441,0
0.026021185,1.764631159,826.9132805,63.78567079,1
0.015480874,2.656224626,780.6057139,48.75601531,0
0.027806921,2.783384468,801.3492738,57.54568452,0
0.025267235,2.801070347,816.8167197,56.61096748,0
0.017432371,2.005691307,740,49.30972673,0
0.034073089,2.788077989,768.206841,55.67837715,1
0.027404449,2.382311242,788.7043177,56.04648689,0
0.033077423,1.276573979,781.2309979,60.41565232,0
,2.05803602,768.0623453,44.18240817,0
0.027615701,2.809533855,814.2525079,57.14958187,0
0.028626932,2.549740506,833.7100213,60.84093512,1
0.02663455,,807.6783996,47.39678645,0
0.028608427,2.871559882,821.4916181,50.35742586,0
0.017028361,2.583721845,765.6044846,54.75875508,0
0.018464349,3.018875273,801.2544879,44.61719122,0
0.027078386,2.675079352,776.4446111,52.00887776,0
0.025248393,2.433659781,828.3256717,71.58973592,0
0.015411505,2.825593978,815.5017817,43.69837314,0
0.032399573,2.481830964,753.3724881,41.34922918,1
0.029485111,1.577017796,829.7391243,64.4026121,1
0.028577449,2.736244383,802.0451122,40.06793272,0
0.024061478,1.81421032,815.1069782,57.88066715,0
0.026993014,1.572377081,810.8005985,47.19548065,0
0.029357225,2.276190668,827.4883397,47.68726632,0
0.023849639,2.598519896,820.7287,49.9138064,0
0.018932429,3.106744104,808.2877678,68.70331524,0
0.02563276,2.50030987,815.0529165,44.22393936,0
0.019264916,2.106963468,805.2613627,70.49934482,0
0.033599272,2.997790678,778.1394407,53.11368194,0
,2.126528676,800.5090305,53.40077223,0
0.024806006,2.053938637,810.1975304,42.28183397,0
0.023718874,2.061679047,792.0462041,49.73712951,0
0.030669943,2.787217148,797.315906,47.58012657,0
0.02486902,2.493616615,776.9869166,54.94870091,0
0.027678823,1.904144986,775.6596634,36.71547063,0
0.021772829,3.071070581,822.0019183,48.41825041,0
0.017057455,2.195216229,819.7989295,40.5198295,0
0.010477783,3.65197011,788.0158303,54.96999048,0
0.022845284,2.481404364,818.4954753,,0
0.026161063,2.288048564,802.4302044,39.76808951,0
0.026563604,1.897669893,783.4940697,70.8734879,1
0.027026892,3.140891965,787.043297,59.14197527,0
0.025722451,3.178503446,810.5733753,36.88492085,0
0.023073549,2.726723155,854.3102664,45.58079826,0
0.025496282,2.858844826,816.9391902,53.39023814,0
0.029951266,3.127079016,813.3124784,53.94738427,0
0.018873428,1.855717731,791.8799662,47.23734164,0
0.033041916,2.49694595,850.4018578,54.33867522,1
0.027918997,2.341889602,740,50.14808229,0
0.023900384,3.095267909,780.7244454,46.7367527,0
0.041986629,2.572732052,794.4421331,55.71468598,0
0.02632928,2.699423502,777.235088,48.46179779,0
0.022612146,2.995037413,785.4107262,57.68077036,0
0.02115729,2.556483431,847.2535219,58.26382057,0
0.022982734,1.782145909,780.4177895,36.5371493,0
0.038428482,3.828399745,790.3799799,55.30003898,1
0.029602558,1.850796308,780.2641236,56.31859639,0
0.022272284,1.709204383,802.9503734,62.74139393,0
0.020958035,2.355892531,806.9659003,43.08020839,0
0.028110871,2.672357449,792.0849609,54.74080932,0
0.020305041,2.555665622,773.2772163,49.30879642,0
0.02707502,2.249463837,793.5425566,51.7215319,0
0.021573362,1.307884413,751.1898572,57.39861335,0
0.011583711,3.580708676,800.5261141,50.01588657,0
0.022886443,2.346398972,805.9066818,61.8578477,0
0.023997467,2.171708325,790.9028738,61.78637516,0
0.008525175,2.334087671,799.9458342,47.82804453,0
0.027886768,1.888374066,787.4638509,53.61771331,0
0.029300876,2.684661319,790.8888295,51.20765026,0
0.041342707,2.751164679,803.4944236,43.05015549,0
0.030941051,1.687525625,762.8485277,46.05047968,0
0.015073133,1.069935813,792.3718816,39.81314499,0
0.027532126,2.448927641,860,41.8565313,1
0.022268733,2.999220068,793.9089863,53.66468339,0
0.033291409,2.841795455,,48.32920384,0
0.020521892,2.480420708,800.3259475,41.26142422,0
0.029386678,1.70773703,800.8079211,50.53846829,0
0.018618001,2.413151074,845.3694795,57.16313293,0
0.016525042,1.723245515,786.9453428,66.94153944,1
0.036067015,2.624874268,787.2172697,50.885783,0
0.029769606,3.127319425,784.4758451,53.10051727,0
0.019974125,2.460416312,801.5980627,40.00720909,0
0.024097157,2.592930405,837.6112716,53.22694011,0
0.017855309,3.554540573,790.3615938,40.32134884,0
0.024329117,1.460263997,783.5210362,41.50264847,0
0.020578457,2.470389801,757.6498149,44.70008539,0
0.027347665,2.637940185,796.5200969,46.1477737,0
0.021000628,2.644941529,781.4937023,57.74638899,0
0.032038291,2.373716885,803.7267032,51.93093122,0
0.028651788,2.527252168,772.4339401,45.38269459,0
0.024013394,2.410076661,825.7320793,41.40871643,0
0.027638919,3.654494155,781.5012608,45.71806065,0
0.027781936,3.029756802,780.4245139,53.04353279,0
0.031789304,2.378908265,788.9911735,49.88675489,0
0.019824716,2.744706814,827.8216909,54.91871514,0
0.024188806,2.131661923,800.0444339,46.69626884,0
0.024786128,2.399731541,820.0581437,47.81208701,0
0.025530973,1.839074025,766.3056465,42.70182882,0
0.023231462,2.271806573,771.6888218,56.51846063,0
0.036027094,3.022438179,762.0313633,43.09834172,0
0.029689139,1.462813883,812.5585302,38.48036466,0
0.022986034,2.584884668,765.9886513,48.29656836,0
0.024211851,2.416167401,806.0800998,65.29467232,0
0.015098659,2.80113896,741.4297859,34.62019851,0
0.021071558,2.813802008,798.9754178,46.79678149,0
0.024495287,2.463149731,796.9428943,39.46909715,0
0.027256583,1.922904161,822.0136165,47.51764126,0
0.017246106,2.835270714,759.8091093,43.8100915,0
0.025163854,2.772810987,775.4071656,48.22401728,0
,2.266568039,809.9358639,51.32297866,0
0.017446562,2.51387984,837.9690868,46.63704328,0
0.020555719,,797.1287155,56.77136896,0
0.016548777,1.870509693,769.0144012,50.38048559,0
0.026481386,2.282987355,794.4613585,53.80755678,0
0.019640931,3.565190052,814.8307467,57.59619222,0
0.024198999,3.098286176,841.7841378,71.79365489,1
0.035372287,2.298458669,831.8657098,46.4283802,0
0.02604054,3.214035192,842.7818505,46.67808434,0
0.016298318,2.17131727,766.9500883,49.15172727,0
0.023842765,2.513141537,754.5166391,55.39479712,0
0.027305336,1.621716177,779.2475894,45.07982153,0
0.020483905,2.34647544,792.5825832,64.47528519,0
0.021728838,1.950984786,812.5543017,62.08138257,0
0.033076146,2.73461828,,52.83056879,0
0.024528631,2.239712529,765.1396482,43.62602914,0
0.021083157,2.941436108,798.6950603,56.41060806,0
0.026630006,3.02053173,791.8869032,55.04566759,0
0.028612431,2.350203925,790.8122805,51.39818199,0
0.026472108,2.719625499,812.6475362,43.96906881,0
0.034976254,2.10185653,783.3406938,50.95903097,0
0.023120717,2.47835367,803.898975,51.53816098,0
0.031053879,2.66567649,844.603086,48.98985448,1
0.019321791,2.519999566,773.9774364,67.22095442,0
0.01765107,2.152455113,782.2035111,40.11774379,0
0.023444632,2.83015073,774.3026594,45.61407839,0
0.0219757,3.021970373,787.3450242,54.13855162,0
0.011000199,3.3304942,784.7535866,50.21806106,0
0.030725581,2.781009978,829.1236647,47.46342491,0
0.023081248,2.051317,808.5273047,55.4448487,0
0.023311957,2.179483172,818.2766382,46.87867271,0
0.021619676,1.845213705,804.2981759,47.53326604,0
0.027706686,3.018925671,819.0564822,64.94191557,0
0.022287705,2.613308852,802.9451438,51.85406484,0
0.014221591,2.197449335,790.8665334,,0
0.025035567,1.806144703,823.7025335,32.07160434,0
0.01695049,2.700945835,803.9031182,72,0
0.0229125,2.323752906,773.7955166,50.01860966,0
0.024615867,2.65535208,823.4078142,48.34791239,0
0.026087602,3.326541279,776.6718701,39.33012612,0
0.022340083,2.41961209,780.7894196,53.51777489,0
0.024530098,2.302218553,825.5069908,,0
0.024027998,2.682140934,755.9915906,46.34119886,0
0.021320417,2.82609706,772.7318265,40.71596331,0
0.020150383,2.347546521,780.6358142,60.26049694,0
0.023617851,3.172559548,796.5561625,60.42149419,0
0.018500392,2.302049769,780.9165907,46.26906894,0
0.014976245,2.30421708,815.7360177,55.49038394,0
0.028647715,2.57522931,805.4869756,36.54538092,0
0.026839776,3.344495201,851.6965696,41.6345309,0
0.016831259,3.247171424,811.4598272,58.86944874,0
0.024875261,2.974335731,786.8744455,50.77439249,0
0.022038603,2.157430493,803.1466727,46.02433515,0
0.034514454,2.718634995,784.9759565,38.99981248,0
0.033754325,3.276534705,824.1543605,58.70718453,0
0.034901313,2.299317097,790.8153536,,0
0.02369737,2.11176616,806.5396641,46.82418868,0
0.030249566,2.250782301,804.5930177,48.87518632,0
,2.550496103,772.8214377,41.60488982,0
0.029475806,2.711129969,762.485821,,0
0.037427331,2.661585497,767.7931836,,1
0.02670398,2.323132627,784.2026084,54.10586577,0
0.024281654,2.795084336,830.5045903,47.44730717,0
0.023091996,3.080920513,785.7272466,48.7036625,0
0.016171089,2.16070014,792.481299,54.7850823,0
0.026490701,1.708617397,808.7013686,42.7267531,0
0.030076313,2.096318744,790.7631451,40.9261697,0
0.025389713,2.907673223,770.3310962,47.2242591,1
0.027554539,2.856239272,783.3615616,48.18536198,0
0.026587975,1.988513745,782.6092641,57.0897829,0
0.019730694,3.027067531,813.3881621,43.21103107,0
0.018175463,1.824387839,803.3595005,49.60065851,0
0.025945296,2.259471175,816.1436363,42.20322691,0
0.011135487,2.37362818,796.5880628,51.50628601,0
0.021861248,2.47987261,820.4809292,45.31124431,0
0.029246588,3.171823628,794.1632405,62.5578908,0
0.018146148,1.536716795,823.6199371,53.5797736,0
0.020815247,1.614675901,782.2562623,54.71952937,0
0.023425424,2.014967515,812.2494826,48.79675828,0
0.028235927,2.463579323,814.5671457,47.65823361,0
0.022127643,2.505263535,819.1408039,44.16826387,0
0.028451246,3.471548635,803.1502934,54.42575058,0
0.037453752,2.965795152,806.817016,39.8944478,0
0.029799933,3.735912212,808.4758195,51.5905295,0
0.025736051,3.147930061,794.0911035,53.53003727,0
0.021877588,1.627684786,815.4525815,40.27583137,0
0.026337086,1.380002435,803.8449945,37.87747382,0
0.032653433,2.416087913,818.2981336,44.63648252,0
0.02858568,2.037343064,778.0256698,33.6490615,0
0.026682566,2.446293518,777.5215819,43.46579987,0
0.017684396,2.959896169,801.3094903,54.79813473,0
0.022968442,2.442091647,797.9193447,41.67081108,0
0.016785709,2.866611483,801.9742349,42.04351182,0
0.025773688,2.665999793,811.1595254,34.02994371,0
,2.989513256,823.8332561,60.17939771,0
0.033625471,2.625874375,753.6524025,48.88025677,0
0.026412868,2.875359611,837.02844,65.56161871,1
0.027685255,2.64568523,793.8799216,,0
0.026010844,1.923746705,808.8068539,61.70492818,0
0.026514851,2.722928008,804.326501,47.46663701,0
0.026534079,2.088507308,802.4359778,56.34528215,0
0.012214342,2.024527105,771.0741004,66.28808254,0
0.02606438,2.390874129,803.2018291,52.52422302,0
0.030404595,2.163795999,812.3237749,34.09529872,0
0.017568243,2.785760697,802.4551376,49.16347538,0
0.028786507,2.340246627,846.6309042,41.21858796,0
0.017863175,2.019834147,840.6071733,58.46947741,0
0.016155807,2.395282982,821.822959,49.68278312,1
0.015638537,2.807136551,809.0902628,54.90135334,0
0.03440076,2.770955194,811.9648414,43.28336769,0
0.028299011,2.466610449,790.9426235,56.4852928,0
0.0235582,2.185588239,782.6729352,57.09784272,0
0.015276824,2.195079332,775.5943891,51.30991881,0
0.018873987,2.87474945,822.3788183,35.87312503,0
0.02054587,1.823866993,798.2523023,61.89085003,0
0.023953428,2.193061574,805.4430504,52.82996194,0
0.026908689,2.630331253,780.9576379,52.09496231,0
0.035500791,2.832497734,762.4588301,56.68949805,1
0.03780405,3.923603565,760.7513293,46.29643306,0
0.029069286,2.227388286,796.5527768,55.35211578,0
0.027904049,1.742866596,860,59.95625745,1
0.014724946,2.289002468,763.4842694,60.79379638,0
0.028904863,2.974937947,805.8244246,35.46380722,0
0.024845201,1.917799552,786.9487464,70.38403003,0
0.025942731,1.963679013,830.864838,60.21402472,0
0.027501662,2.363886555,815.1126124,42.25916363,0
0.016632169,1.800305932,819.3400253,46.7441642,0
0.019629577,2.734292218,805.0599088,34.72534818,0
0.016281515,1.999608092,806.8287595,47.83882372,0
0.020137942,2.346707964,806.4178564,45.90671679,0
0.0231693,3.746769822,758.8269165,46.67230223,0
0.020628522,3.169354488,815.4108078,,0
0.03009638,2.659638304,792.4988024,67.43860512,1
0.017577073,2.726491531,810.5366654,41.9455238,0
0.015397272,1.678619366,825.9432805,58.66160445,0
0.044245946,2.22112189,814.0113475,50.74852417,1
0.034882541,2.134672483,827.8421268,48.7324876,0
0.034161744,2.285248384,825.3234994,59.67949777,1
0.026025988,2.293925014,811.8402663,60.86073397,1
0.024291262,2.513643782,813.6416027,46.63131171,0
0.037445088,1.532995655,821.0790265,52.02899057,0
0.023054267,1.851327302,794.1837275,56.17408962,0
0.019693114,2.193793303,823.0320302,58.70306372,0
0.024992514,2.151729991,791.1273747,42.13582449,0
0.011812889,2.543589958,801.5461305,35.84856733,0
0.019810852,2.820315462,755.0840839,57.12625229,0
0.024612859,1.721493522,789.0979495,50.83467996,0
0.016864934,2.262548025,827.933336,67.4567858,0
0.028190885,2.912745603,830.4447459,58.38286511,1
0.017463506,2.224131918,773.5317731,72,0
0.017733125,2.306531675,814.820248,56.32150995,0
0.023957203,3.142529226,778.2918132,49.14654698,0
0.015944178,2.660060274,783.1985516,35.10068579,0
0.023635331,2.074872503,850.8557936,52.40000023,0
0.026408444,2.602150463,,53.474266,1
0.02344577,3.262045806,768.7169717,57.52856779,0
0.026512888,2.162761991,776.1900184,59.1201359,0
0.021410123,2.930327762,777.6596702,53.18224879,0
0.01591799,2.0759865,,38.26893798,0
0.014242165,2.152544507,792.8864856,49.65135798,0
0.026359986,2.74907306,772.3347329,28,0
0.017062017,2.671269788,842.9372725,54.31871458,0
0.018381386,3.066185603,816.4078991,47.63233688,0
0.035168074,1.658230523,816.2115156,52.11216499,0
0.030920152,2.061521007,793.3085776,44.94550671,0
0.036350326,2.245110106,774.8130864,45.46612435,0
0.031489853,3.131629875,797.1389756,50.22948429,0
0.028396104,3.136158008,823.5744213,64.5055766,0
0.021584442,2.227243063,797.5207105,56.30977995,0
0.025978783,1.853859474,756.1512418,46.49803709,0
0.017092354,2.643354987,760.6890365,44.45583774,0
0.022550647,2.17204759,846.9775646,47.63848809,0
0.023677715,2.540578716,824.3693291,46.55513556,0
0.022987078,2.314702915,816.557869,42.08049232,0
0.025523386,2.301272518,833.6401135,56.27114058,0
0.023175689,2.708551836,850.2383992,59.74435482,0
0.017699016,3.349443087,770.2757846,51.69716368,0
0.027002321,1.943759161,825.241179,54.39322156,0
0.034263061,3.0862674,789.3523328,55.89944333,0
0.021745917,2.846250937,821.1509643,56.15267925,0
0.031848394,2.666373086,812.7368904,35.31981496,0
0.024227252,1.071912205,779.8638483,45.8827911,0
0.024296974,2.465366679,808.8556893,,0
0.025656635,3.975079983,740,58.37615235,0
0.028691726,2.617165808,816.647273,54.96210292,0
0.036736401,2.22624566,809.8378648,45.79438144,0
,2.196432112,828.6010367,62.57376731,0
0.024443863,1.813648713,832.58345,50.2620304,0
0.031138893,2.492131376,790.5597781,48.14844146,0
0.023878462,2.513163841,812.6262478,52.4890665,0
0.031461469,2.46090562,740,44.18644111,1
0.021695437,2.633254804,810.975205,47.58283917,0
0.020457044,2.678690552,799.3783569,33.05989933,0
0.036088711,1.781433747,828.3497037,56.359702,1
0.021074637,2.571071162,781.2938613,57.88762533,0
0.027828623,2.41000025,740,40.73984909,0
0.017894846,2.061132466,758.6288621,49.98053092,0
0.014689169,1.637541165,773.0971931,56.31695695,0
0.023756871,2.822642667,773.0962174,28,0
0.016304004,2.397553772,807.7224869,48.77621061,0
0.010766337,1.972248908,767.2810449,36.10078555,0
0.018403871,2.567626408,820.6242388,41.35954207,0
0.008387396,2.027542659,778.7182916,56.28941581,0
0.023666098,3.104036791,,42.51257692,0
0.013643616,3.271434611,770.4027268,55.45509139,0
0.020135107,1.7522642,823.3097335,59.82539826,0
0.031400677,2.576188992,804.3513975,,0
,3.065549683,812.7575448,49.85745492,1
0.034191671,1.977400827,808.0189908,58.24576229,0
0.015923159,1.536442232,829.9541262,48.21744632,0
0.012551671,2.706443912,839.7299883,35.08360413,0
0.015497457,2.226263176,828.9930783,,0
0.034759878,2.250253092,839.2265418,46.1742878,1
0.01551994,2.441484066,774.5958007,53.50838267,0
0.019725522,2.215730179,835.556197,60.13313522,0
0.016792843,1.673767035,827.8957331,61.21734355,1
0.017158663,2.00704576,769.8884505,52.98503873,0
0.029014185,2.61060567,822.7905608,,0
0.026205784,2.931570438,763.9176734,50.20277941,0
0.019735557,2.816544662,799.4771205,44.24058865,0
0.023768357,2.293231444,767.8574696,40.41024746,0
0.042289437,2.529960225,860,49.85300549,1
0.03628954,2.615831219,838.3063529,50.20351492,1
0.01478666,2.520171995,812.8005768,46.69731226,0
0.024757229,2.235133943,797.5421043,58.89675994,0
0.021276571,2.634304133,815.3760985,48.83970615,0
0.022414591,3.428841714,786.7823958,32.13613378,0
0.00683503,2.405662725,814.4924486,39.71272223,0
0.022882002,1.806850796,778.9142172,34.05167682,0
0.022166047,2.575867212,799.3587429,52.17867297,0
0.01850339,3.235532748,833.8133281,44.51896683,0
0.023142137,2.311955445,790.7643922,46.64012352,0
0.017698827,1.456766918,831.9844236,47.69396604,0
0.014700402,2.562581931,832.3283423,57.17430082,0
0.024417001,2.422316358,793.7919058,42.85420036,0
0.021664084,1.657542654,797.8877052,62.90016928,0
0.009669841,2.281935149,797.0336765,46.23674572,0
0.024212637,2.290130751,837.1961255,49.9547802,0
0.025190224,2.505051925,828.3980404,60.22300003,0
0.02099265,2.89655002,812.2437531,,0
0.023821264,1.541860664,818.9755943,62.32167633,0
0.034781405,3.062600178,758.8269965,38.4191622,0
0.02329768,2.554017638,769.5438173,54.90128987,0
0.020930083,2.94228859,791.4070688,39.65559065,0
,2.587236572,807.7566882,72,0
0.025961639,2.030541088,743.5821891,46.51209652,0
0.015376793,2.527889205,828.669747,47.86530836,0
0.026828024,2.55398571,753.8484602,72,1
0.034968157,3.101790464,810.3290462,35.2336008,0
0.018222706,2.649837605,848.7650667,50.51261951,0
0.016120561,1.904772842,825.5164256,52.40779022,0
0.03293335,2.210345373,810.8502653,48.12445785,0
0.019896672,2.459478456,764.5159542,54.92694479,1
0.019400301,2.381940192,795.0737898,42.50591361,0
0.020139739,3.002526073,796.6827656,63.82278105,0
0.012321793,2.703024445,740,44.49106607,0
0.023501559,2.098240427,808.6525884,53.70176554,0
0.023839795,2.230407575,758.16344,43.64383699,0
0.018516594,2.688761027,809.8235289,42.10726946,0
0.02994176,2.727728562,810.0618544,51.40821742,0
0.018206416,2.966682859,819.7646953,51.13252404,0
0.026256745,3.088429133,782.0944829,55.71656906,0
0.019369329,1.733526908,788.8633666,44.13920849,0
0.019732409,2.262264412,775.7576854,62.97520625,0
0.017939022,1.14154087,793.1206294,45.67670077,0
0.030502163,1.102085858,799.3050969,41.97984171,0
0.023605033,2.442471667,795.6414575,45.18224563,0
0.016229653,2.169888414,859.7566545,50.47960919,0
0.019205637,2.317007794,779.0847013,40.29165731,0
0.027788118,2.104810699,780.9857924,51.14930786,0
0.027902177,2.645844289,837.6028648,71.60416063,1
0.029111845,1.71960166,785.7750533,42.63177218,0
0.025867043,2.496397729,781.9912841,41.23429422,0
0.021697779,2.256830373,763.8031837,50.38736606,0
0.017512113,2.034714789,767.9849078,54.81280793,0
0.019293762,2.728252117,812.7127309,,0
0.02160393,1.95436513,815.6873359,49.4508146,0
0.036433724,2.776764429,,53.02268632,1
0.0276728,1.722848693,,45.64962018,0
0.02858228,2.083849632,809.1334033,39.2197664,0
0.02295901,2.613477605,816.0380701,42.85811414,0
0.031167245,3.17338894,769.8488884,56.34559096,0
0.018263032,2.110295361,746.2733832,45.74915215,0
0.01409146,2.164705425,763.5052909,68.02274474,0
0.025264059,2.769743415,794.7928495,53.51807839,0
0.034308712,3.756768328,816.8268114,63.07542324,1
0.03277546,2.784585218,,50.20885689,0
0.02782817,2.144531948,838.6496934,49.73794643,0
0.010926861,2.768468644,835.5077437,46.22595884,0
0.024290257,2.057927448,824.7580808,41.52740343,0
0.017180672,3.23031382,831.9745475,49.19585234,0
0.013863268,2.265956485,859.8487996,49.29634224,0
0.032792094,2.644895323,814.6313231,44.94670406,0
0.012358895,2.624279906,816.2852436,49.14172717,0
0.030740891,2.32848019,810.2784608,64.86339211,1
0.020692552,2.161162336,805.0866209,56.55376344,0
0.036909357,3.004480155,805.6582428,48.74972936,0
0.032349564,2.717462226,821.9249892,61.02335516,0
0.033587292,2.648866869,756.5486717,47.940287,0
0.010539198,2.016738942,833.5286587,46.06179173,0
0.0160058,1.306598104,815.8789208,53.57937926,0
0.033350341,3.303934896,801.5578423,55.93567665,0
0.027034903,3.267508111,800.0113001,37.29236407,0
0.02118463,1.898400911,785.0993721,52.15561288,0
0.028572611,3.36125096,811.41168,49.73045631,0
0.020432535,2.418835207,829.1593576,39.15729054,0
0.031523781,2.022945191,821.1800831,63.86608497,0
0.028227076,2.315509564,782.4208971,57.97240811,0
0.026940429,1.937310007,833.8820163,51.1609782,0
0.01865429,2.595244753,806.5723886,45.9711345,0
0.022206055,3.453555511,798.2175156,60.72166478,0
0.030788117,2.082200347,769.6272506,50.12431878,0
0.014775168,2.366958774,744.9396417,49.88240667,0
0.026959251,2.648124827,811.3485768,48.1368278,0
0.033910712,3.112304782,761.9595347,50.99198114,0
0.016070227,2.21583897,769.0020229,,0
0.012990097,2.595880264,825.7649173,55.26915373,0
0.02343865,2.801355924,829.4140615,39.34074624,0
0.023894659,1.742951817,793.7652041,55.80777257,0
0.017241285,2.673900753,769.3526392,62.50683969,0
0.015552345,1.988886349,784.8607783,48.42373654,0
0.022821118,,793.4284968,41.50517745,0
0.01784547,,,39.29188361,0
0.025192143,2.416515803,795.9050521,44.5388364,0
0.023620611,3.172605246,798.0177957,50.76028581,0
0.029777646,2.472645206,798.7057476,59.77024733,0
0.031315662,2.114487745,802.7724474,53.25913244,0
0.034280638,2.916682943,855.1851099,41.80943223,1
0.020402698,1.883225751,824.7717433,53.61494465,0
0.02775033,2.264093207,776.6609939,46.79549169,0
0.025766756,2.259566587,805.3429748,57.7912269,0
0.02148928,2.318064458,835.4518748,45.24793225,0
0.021679698,2.555107253,822.6610463,47.67839681,0
0.025681194,3.05070767,812.5924352,42.09667939,0
0.035103161,1.847218654,790.9728257,68.00860114,1
0.018816992,2.109418563,798.6234402,36.5421767,0
0.022695891,2.557776446,817.4043926,51.45390127,0
0.02130131,3.089342114,,42.90300985,0
0.037855403,3.269233076,842.2746522,44.92797178,0
0.028943729,,829.7399684,53.01747119,0
0.026812686,2.783774617,769.6646022,47.08805976,0
0.027168162,2.43464324,795.2330688,61.4683668,0
0.011218554,,773.6401269,37.02511468,0
0.01341386,2.230654461,825.0349,45.49467317,0
0.035326281,2.949100654,790.5521329,60.67339701,0
0.037210509,2.758780984,804.2210511,38.88451395,0
0.016218702,2.24175669,845.0543132,52.19540036,0
0.034572995,2.077822361,799.045493,59.75792272,0
0.013590914,1.181909645,788.3313459,58.6615503,0
0.024619758,2.949065701,846.9982705,,0
0.027109124,2.896556138,768.6041308,57.93224337,0
0.024477327,2.523557755,803.975087,33.12288999,0
0.019489611,3.076293327,828.4923176,48.22939397,0
0.02483739,1.960661417,794.2552185,56.97473762,0
0.012680118,2.79598294,815.663254,,0
0.020070852,1.384907379,777.0694573,61.71268106,0
0.025932137,2.797286326,776.429426,51.08637079,0
0.026453103,1.826548383,,50.57703537,0
0.028423051,2.547795704,824.3839905,52.02163323,0
,2.794236138,782.2219528,38.60454082,0
0.020226671,2.943177744,789.4415851,52.74540857,0
0.021650119,2.669537043,808.4108282,44.29431613,0
0.025568253,2.009268746,762.1553051,50.99916424,0
0.025698963,2.390120008,809.6822665,54.02449401,0
0.02604364,3.096272394,799.4305102,28,0
0.032941387,2.272687896,833.2401309,34.15175334,0
0.016372924,2.077306915,775.2446007,50.74580304,0
0.023169749,1.770607537,830.2256935,64.12083328,0
0.032401182,1.895534194,784.5435357,56.73059117,0
0.027795319,2.620172874,827.0656105,44.04328625,0
0.020409184,2.421454134,804.6688048,57.46310687,0
0.018562071,2.313442269,859.5314904,56.18751526,0
0.017783125,3.279780744,768.5797512,57.99605476,0
0.024773104,3.221248102,798.5686841,56.99582021,1
0.031448663,2.400322096,764.3874692,51.78587216,0
0.022974965,2.942351184,796.7155955,61.58035572,0
,2.222404611,812.2378378,44.56939267,0
0.027806272,2.799609361,835.3280714,38.12466414,0
0.020808676,1.807753968,783.3499665,56.27336276,0
0.025565615,1.870924892,770.2942774,44.70704732,0
0.01769678,2.60121776,860,48.76033892,0
0.018574663,3.48408012,815.8758687,63.08981318,0
0.02794569,2.641802744,767.1949643,47.36863227,0
0.016594943,2.714737634,840.1406529,50.09008774,0
0.020757696,2.186266922,808.3233845,50.34192772,0
0.025937784,3.047748565,824.6945806,54.53984931,0
0.020504202,2.254365098,828.9398934,51.67292071,0
0.025833197,2.068944503,783.5791812,47.67662576,0
0.026653757,1.815119353,805.1400275,54.87849824,0
0.02855187,,845.6270832,51.10738854,1
0.016038021,2.089134162,860,52.33229803,0
0.014632086,2.41508056,817.2479333,51.36792862,0
0.029895135,2.791154281,817.2499175,43.78137189,0
0.037276571,3.245605247,783.5755494,39.28056342,0
0.025635701,2.310858274,814.9559091,32.4529105,0
0.027813204,3.016125452,825.8716172,37.27002606,0
0.025594052,2.582894585,784.6592427,32.74225296,0
0.027195107,3.500086479,797.1876801,49.92152727,0
0.027939956,2.752699965,818.8343889,,0
0.021487502,1.950831191,820.1902744,50.74422352,0
0.016935724,2.363397575,796.8946577,38.73240254,0
0.032971256,3.196993681,796.7053151,46.90981831,0
0.023420823,1.704062763,805.0933607,38.09096843,0
0.029597738,1.98644061,790.9180965,59.50893556,0
0.022487945,1.766577752,828.6023977,38.58897022,0
0.037701528,3.253750155,783.9073798,59.5088072,0
0.015334949,1.787800786,851.5117505,35.96902659,0
0.036373232,1.889755898,836.8180307,47.90827571,1
0.033004089,2.478968069,827.0803022,47.02417193,0
0.032249587,2.641964903,787.8701437,48.03963599,0
0.026812014,2.325058464,777.2986806,39.48399997,0
0.016777404,2.499122075,814.1908205,53.36653922,0
0.02373336,2.38943173,829.3571596,52.68952737,0
0.030425889,2.235257826,774.9891928,57.86324971,0
0.029614036,2.399057164,805.646515,48.28278994,0
0.020477379,1.691755321,780.5056448,41.24850983,0
0.018760188,2.173723333,832.2968438,58.43701097,0
0.022542322,1.893667679,761.4320001,54.76122323,0
0.024646116,2.579339141,798.2323693,51.66984962,0
0.021032958,2.461527667,810.6595033,50.39138697,0
0.025433164,2.688069697,781.8411275,48.76317923,0
0.014762861,3.025408427,773.5874095,60.16922081,0
0.013459247,1.436095399,764.9076054,52.43621081,0
0.027648819,1.837130318,808.1083185,53.79108209,0
0.025066059,1.626719931,807.4340377,51.42780661,0
0.023232722,2.807594398,793.406696,49.54493257,0
0.009150742,1.609641066,802.6600151,42.58979966,0
0.024624796,1.728722369,811.1472794,32.95164091,0
0.018491572,,800.9740969,56.00426889,0
0.025507102,2.797201571,768.4376615,49.45338694,0
0.019155086,2.646518887,832.0361179,38.65405951,0
0.017397677,2.662904932,808.5679987,56.96860029,0
0.016287582,1.257073548,780.9024334,54.89077509,0
0.031915552,1.850228227,831.5235142,56.06512609,0
0.019304879,2.142979564,748.5311224,53.20208547,1
0.025932613,2.619760232,786.8718791,55.39343919,1
0.011633632,1.70689507,811.9743842,48.66833193,0
0.016503608,2.237914753,779.435927,51.25522414,0
0.026454897,2.348987644,763.7588558,61.0138537,1
0.027156683,2.668554485,824.1897789,47.233084,0
0.030134305,2.664879248,795.0787632,56.92526931,0
0.037491313,3.018940368,780.2678145,65.83493933,0
0.018632194,1.753620115,751.4679972,41.0410481,0
0.017556752,2.827204624,818.4665036,48.10373695,0
0.037010176,2.470908415,800.7331236,45.66489277,0
0.019121244,2.410340445,838.1971404,48.50067904,0
0.033980297,2.11451173,824.5293256,52.90088723,0
0.013248546,3.037548722,773.8808554,45.59161796,0
0.027696945,2.848770339,800.9276846,52.58853028,0
0.013999022,2.212816401,796.1548127,57.92898214,0
0.024175634,3.228306595,798.9534149,41.31898435,0
0.020417938,2.634716512,777.486593,43.24355223,0
0.011740145,,840.3387254,51.0862191,0
0.018820888,1.960720164,814.7357268,65.55910458,0
0.007615304,2.255876428,743.2416498,45.09656564,0
0.018683598,2.181610731,780.5707278,44.56545028,0
0.022616235,2.734638827,793.2559765,36.22270663,0
0.0172405,2.851249092,813.3393066,52.58940799,0
0.036568843,1.832943075,842.8472657,39.81678775,1
0.013629445,2.84279286,835.9940957,46.62034684,0
0.039767839,3.103054639,801.5428626,53.5885318,0
0.037438294,3.203824936,836.4280058,53.90357184,1
0.018601179,2.287765154,782.2801427,43.47581192,0
0.018447522,1.693184187,798.2046926,49.00586844,0
0.030813329,2.170257524,774.4862702,37.87802738,1
0.03021611,2.11191608,832.7837458,56.35819767,0
0.035260625,2.818502472,793.1893499,41.90348373,0
0.039375068,2.265996872,804.9747964,66.32662758,1
0.030838608,1.585595704,779.2698809,48.18758189,0
0.028816068,2.603773868,775.1603405,49.293824,0
0.012727495,2.050289029,774.0869301,43.97986705,0
,2.850810378,794.7228432,39.30333386,0
0.024280714,2.700869119,807.3692923,56.47502245,0
0.02680876,3.325503634,803.6363354,43.4057616,0
0.026381852,3.447140663,794.4133555,46.5906408,0
0.016538433,1.921433997,761.0073722,42.17298658,0
0.011680033,2.232204732,811.5742254,43.58696792,0
0.022525752,2.742624802,802.9580668,45.19383444,0
0.018440691,2.080493332,803.1870734,57.22865876,0
0.005,2.053031734,783.0343549,58.54940487,0
0.013972766,2.183523373,818.8303322,59.39843378,0
0.018616929,1.925742881,,49.76877388,0
0.030735012,1.717607131,849.285771,53.92423052,1
0.01822625,2.265262893,807.8137765,58.35001544,0
0.017141637,3.426739921,775.455114,60.07796755,0
0.02435519,2.819932249,810.240024,47.46245665,0
0.024734865,2.013415942,790.0056576,28,0
0.019573457,2.251935245,799.6128587,61.44086356,0
0.028826581,2.939307972,800.5524508,37.45769862,0
0.032406873,,828.7857881,51.72189418,1
0.023660309,3.025845651,784.9934547,59.05861564,0
0.042571593,1.864760175,807.0253269,35.78693063,0
0.027349713,1.535889747,860,67.38097908,1
0.011500374,2.965806852,774.2531558,44.19080883,0
0.036023467,3.368938313,800.008544,49.4112133,0
0.017315561,2.763767861,798.3563737,47.93277701,0
0.026094857,2.416628841,750.6252927,44.35769989,0
0.011066436,,818.6334597,45.82468983,0
0.023874959,2.25411206,778.1889761,52.15258218,0
0.034878176,2.362618361,822.6082577,55.00025238,1
0.03400227,3.808735259,839.3408619,52.11016596,0
0.030908951,2.581835004,761.2030178,53.07001908,0
,2.458525245,787.1973227,40.59149896,0
0.021265557,2.599481281,798.7083983,53.67198918,0
0.020460049,1.967966803,811.1659276,55.21968696,0
0.030499707,1.963134926,787.678157,43.40031056,0
0.019513712,1.970451795,,52.89644742,0
,2.633175759,817.041357,44.2780657,0
0.020542361,2.564013515,829.8933201,45.73374961,0
0.027124184,2.720008151,793.227786,45.15784599,0
0.017177577,1.559454113,820.0687914,43.43437288,0
0.018021357,2.721094132,783.6664939,42.59353312,0
0.027577382,2.596741934,798.943402,57.50979761,0
0.01070461,2.58982875,825.847979,47.98802628,0
0.030993235,2.704637176,798.4791245,39.42649397,0
0.026639785,2.865585288,810.898662,57.36740384,0
0.032157495,2.834852493,813.9799053,50.49596233,0
0.020554108,1.765439723,829.1801696,46.54938773,0
0.019338642,2.55742168,791.5429698,32.7534528,0
0.022665274,2.598638564,764.9237837,58.99461896,0
0.01923169,1.821466607,777.8436487,51.93059639,0
0.028711258,3.000848947,823.6980273,37.40421266,0
0.031492883,2.820262906,803.4694204,49.35306246,0
0.021255777,2.045926398,778.7354368,49.34662004,0
0.023138731,2.698228298,827.9103041,46.0713378,0
0.021129185,2.940513936,768.2564953,57.69701001,0
0.022072237,2.018456334,786.0246971,42.25587384,0
0.022667492,2.851005668,797.9762562,45.41754267,0
0.033449401,2.065193929,,62.49897254,0
0.019508318,2.731132242,766.9627786,,0
0.021979351,3.214639496,821.0448163,49.97633857,0
0.016929867,2.543970975,804.0642826,37.05061955,0
0.028634783,2.436952269,785.9331085,45.14338949,0
0.016553487,1.914073731,770.2286811,37.62282827,0
0.029734869,2.388908587,807.8614153,42.37954393,0
0.028566938,2.063971381,786.3500938,36.51442627,0
0.026912776,3.221544859,763.8169847,48.96991997,0
,3.060555525,787.2092956,59.81944548,0
0.018483394,3.253966142,843.684148,,0
0.024314493,2.809156535,,47.63755643,0
0.028345623,2.840796669,841.0019439,,0
0.026176518,2.304347797,819.1143639,41.42460318,0
0.016373244,1.815917732,766.1971882,66.01264144,0
0.018636719,1.691634053,779.0861699,59.62037839,0
0.021051705,3.597331881,781.2593673,46.16902239,0
0.032145388,3.052083648,780.1293484,43.00879202,0
0.02366928,3.051388563,830.0264999,,0
0.021902698,2.703870579,815.3041394,42.18973057,0
0.030056045,3.131973451,801.0179486,41.31403775,0
0.01808205,2.053001257,795.76889,42.86912229,0
0.030236199,2.576830133,816.825992,,0
0.027310429,2.106636412,804.7526174,,0
0.009946452,2.315015772,788.3214521,47.02567405,0
0.015513325,2.859954424,822.9296509,47.24352887,0
0.009638486,2.500617856,806.8703623,45.7640836,0
0.026247235,2.71794062,806.7485077,52.96563442,0
0.030921109,2.757700735,778.8873307,42.13087908,0
0.028890855,2.743311634,783.0051397,56.61270288,0
0.014282256,2.061345099,769.831687,54.27792007,0
0.023495853,2.414392895,828.0773487,32.25776327,0
0.019210939,2.630880694,768.2451762,42.94157188,0
0.014095438,2.179137541,782.5805878,52.16957853,0
0.033045714,,785.3198695,47.40000602,0
0.024930374,2.329922209,784.1933083,51.07088396,0
0.0270463,2.572481006,779.1591112,57.21817681,1
0.028424952,2.093465145,795.8167474,44.42872089,0
0.025237873,2.090970102,785.4648251,37.60609009,0
0.014662307,3.070691586,810.3946863,37.08520858,0
0.015603574,,796.1018196,44.58723193,0
0.034783666,2.906093201,837.1011513,49.75100289,0
0.022841996,2.476490634,772.6937354,57.16867258,0
0.036823357,2.704427162,839.2592249,56.05722791,1
0.026754466,3.126630603,823.670572,,1
0.024133801,1.846464089,804.4711374,58.48725407,0
0.025603863,2.286768164,813.0685871,35.07455757,0
0.020138534,,796.5531067,38.25029032,0
0.032282653,2.892591058,784.4147738,54.84011151,0
0.031959191,2.727420924,784.0467296,61.20345293,1
0.026373134,2.751244922,792.64088,44.10840853,0
0.021138273,2.739310283,768.9681608,38.14089163,0
0.024487153,,781.0217784,48.62208324,0
0.02564736,2.634911518,808.9422362,43.41648234,0
0.007525562,3.312408109,773.9322857,58.25537184,0
0.012071911,1.555369343,776.1985545,47.4853532,0
,3.555152564,778.6452877,45.59751425,1
0.023739029,1.38175961,806.164492,61.31696128,0
0.026385893,,795.9550382,49.84922164,0
0.019839733,2.35005787,771.0028486,43.66751127,0
0.02982707,2.43189965,762.9518772,43.56660952,0
0.016082289,2.865575377,812.1688827,58.14724065,0
0.01720563,2.874576011,806.7697437,50.84968772,0
0.035284795,2.926204376,860,45.44346174,1
0.033486249,2.379319703,809.5369168,55.01354018,0
0.026006977,2.490907357,842.5198855,48.4125531,0
0.030572191,2.179466447,817.2375737,43.05073852,0
0.019504474,2.748723279,860,50.28617185,0
0.034168147,2.640098319,794.4693937,53.81224412,0
0.025520363,2.168475036,779.730872,34.78418886,0
0.014219764,2.778684497,811.2118976,49.60217321,0
0.036142401,3.180898283,809.2125419,49.46808306,0
0.038681113,1.923679553,,43.61887902,0
0.025862508,1.170071656,825.5012901,52.14752105,0
0.033019553,2.735006773,794.8818259,53.99128314,0
0.009662874,1.70877135,786.0995541,,0
0.018714176,2.431822043,780.7013115,45.72878952,0
0.031098531,3.167790699,766.5179351,62.24080035,0
0.017738154,2.146426158,802.4651951,41.08222519,0
0.018689415,2.887900056,794.1676923,50.5043125,0
0.031074711,2.334669808,806.7869008,,0
0.009379599,2.775922941,783.6743774,52.56864139,0
0.012056268,2.435318822,,55.55857576,0
0.028558132,2.574775536,749.3379101,63.098621,1
0.025173133,2.589836041,779.306321,64.45156062,0
0.02184517,2.493008636,819.1381277,52.76137835,0
0.024651903,3.215140874,764.3942449,48.38457885,0
0.024964888,2.099288949,797.5857323,51.73119546,0
0.019442232,2.499287688,779.6907245,41.7561325,0
0.032530309,2.022697124,791.5634737,62.52805355,0
0.028628519,2.405739459,790.0798809,47.52499775,0
0.029009249,2.107397221,798.2835496,,0
0.011429146,2.340269621,814.1488842,46.28841583,0
0.022551892,2.681648378,785.8044158,37.31628514,0
0.014993543,2.103670991,815.1480875,42.17458557,0
0.031303553,1.882244944,740,44.94586472,1
0.022302235,2.410074183,791.7252389,42.2109015,0
0.021580337,1.936696866,793.7599895,49.17737237,0
0.021280741,2.752637737,794.8497777,64.22244649,0
0.025340941,2.438816089,795.0557786,46.78708953,0
0.016256386,2.594141469,818.1759124,63.29174269,0
0.005,1.066920789,811.8363522,51.97125852,0
0.017134305,2.617313203,778.4855513,48.83355796,0
0.017493715,1.775812493,782.2553648,52.87560072,0
0.017982357,3.013102504,811.3414668,48.55854749,0
0.031955981,2.015478702,829.0904269,39.79381489,0
0.027301644,3.002242675,782.7070263,54.57576135,0
0.029033355,2.879190191,782.2941547,,0
0.025355178,2.303054233,833.076232,36.6058619,0
0.029991496,3.09746768,784.9795596,57.21465897,1
0.029606054,3.017541685,860,51.95244914,1
0.017456339,2.094608134,808.6048387,33.407354,0
,2.604522978,753.041903,66.75882599,0
0.027930075,2.736094993,790.1925156,52.05472293,0
0.021293325,2.73191082,812.7028564,47.43137674,0
0.024051622,2.674779957,791.4318526,37.67184083,0
0.030283423,2.09489457,854.6506764,53.1712353,1
0.027306855,2.220217639,758.897757,45.0972105,0
0.026120933,2.605557813,762.859326,57.27838706,0
0.017086452,1.946183567,762.0058075,53.1648517,0
0.031073986,2.838291283,780.6568513,39.13760247,0
0.026417499,1.653583896,797.2673667,64.02641108,0
,,816.0232652,58.37041493,0
0.020044918,2.835703006,740,46.97691813,1
0.028730357,2.663527756,834.7974488,67.11095108,1
0.035971923,1.991109789,789.1060529,42.17604534,0
0.023250192,3.06505381,812.8648669,59.87167391,1
0.036948908,2.738393484,782.9171574,53.78658335,0
0.018638006,2.069060524,787.9132263,51.84993728,0
0.020926415,2.050395465,806.5839069,47.16661271,0
0.037372626,2.090074866,860,61.6629455,1
0.020280196,3.051587778,819.3209929,45.75433974,0
0.02784137,3.909949494,807.0136775,50.26245369,0
0.030760737,2.008467172,841.9615452,56.43599688,1
0.024807052,2.065953484,814.6589686,46.20861168,0
0.035585962,2.112951619,807.2040971,52.83845545,0
0.028513591,2.212760572,762.1456759,60.18818235,0
,2.781788414,790.1984485,43.52658623,0
0.02354516,2.439226859,791.9412914,33.5260988,0
0.012923736,2.615506938,806.8551666,41.97248901,0
0.018416728,2.798997352,772.386184,57.38943154,0
0.012059469,1.808136413,778.4297836,51.28812397,0
0.023996783,2.103514825,824.707123,51.49097253,0
0.030925107,2.310428807,783.6031767,62.41786201,0
0.030471373,2.639382958,807.336231,37.03305961,0
0.033520014,2.752717047,793.6603612,49.82746548,0
0.028784234,,762.6555664,56.00723815,0
0.01824523,1.928090877,813.3265154,39.33930178,0
0.030666657,3.757272608,792.9305921,57.59042731,0
0.02640763,2.117741141,779.1630361,50.73123077,0
0.030077737,2.770798149,804.8827691,45.23454515,0
0.037288931,2.669529461,778.6938805,51.77024076,1
0.010011678,2.866839618,779.9697633,39.43861731,0
0.021592069,2.40857124,795.6944411,63.30672507,0
0.027133299,1.657875851,830.2880287,60.13938156,1
0.027244383,2.691828723,802.4613856,49.88484183,0
0.017778127,2.317538179,806.5896545,36.20267256,0
0.02315279,3.634130902,,56.03254479,0
0.018729472,3.425992161,789.1811892,64.38256373,0
0.021297596,2.783489428,830.5441013,56.34366452,0
0.021030013,2.372914898,794.5624546,57.34646281,0
0.019813886,3.132167514,753.5729157,61.34882264,0
0.02566864,2.971772701,790.3270783,66.14489395,0
0.009177015,3.033629767,778.5021131,47.2436133,0
0.027936987,1.999328319,803.7371068,38.77616754,0
0.031340825,1.967654474,818.2828327,40.47709602,0
0.027113883,2.065076695,796.0864851,51.09027083,0
0.026479652,2.713904223,777.9458315,56.03407896,0
0.019744412,3.197616064,796.3072289,54.0622077,0
0.013176492,1.697762349,784.3646465,46.66236351,0
0.023098771,2.443978826,806.6180755,50.88408894,0
0.035309645,3.05649399,832.7607728,49.10505072,1
0.027722357,2.616532198,824.0758872,44.41541818,0
0.014462705,2.268654613,796.2679853,60.1361316,0
0.019518118,2.048248787,777.3848286,43.71184223,0
0.012534087,2.211483338,822.2403724,45.17578777,0
0.023201723,2.105577589,795.7769617,31.28024437,0
0.02405234,2.71035815,766.3664209,49.79712794,0
0.025871204,1.874281069,790.3361188,58.5099886,0
0.025474763,1.713962105,801.469103,43.08325489,0
0.026496626,2.257053434,786.0826048,59.56531897,0
0.025276617,2.345091069,769.7811284,54.20264454,0
0.036162765,2.654575972,813.1108392,53.31296966,1
,2.720007786,804.6788019,60.5631882,0
0.018274671,2.80403803,778.4979142,49.1823258,0
0.0286263,2.617174215,796.8769027,53.88503722,0
0.04261589,2.789150475,771.4540206,51.72369795,0
0.024667938,,814.198589,55.07124617,0
0.022031998,2.899936048,793.8751149,58.775171,0
0.029282066,2.581331022,801.7826144,51.18020804,0
0.023546312,,802.4719125,45.67448622,0
,2.534229851,778.1369208,44.64035154,0
0.026119292,2.03758774,802.9384408,58.75298703,0
0.023710044,1.829063847,799.4225066,58.43191033,0
0.020124408,2.543474109,801.1771668,50.00247452,0
0.012438756,1.971672327,822.2656912,47.10652049,0
0.02890131,1.868238515,786.3662917,55.09823218,0
0.040742251,3.039986257,785.195181,54.64486785,0
0.02296086,2.514342152,785.9489633,35.02474004,0
0.01496117,1.786996782,800.7180544,53.07831718,0
0.041882337,3.03725461,772.9171004,44.61546345,0
0.020053974,2.556215575,,51.93576166,0
0.016818524,2.671428334,776.8566893,37.30094047,0
0.012445162,1.484129824,806.9679241,50.72972131,0
0.027279111,2.619105504,811.8344977,52.05353646,0
0.021605213,2.819842501,803.4056254,42.8807823,0
0.027175729,1.687767541,843.7075782,56.39941083,1
0.031393638,3.161035724,,50.63567524,0
0.027024221,2.526263175,787.9666424,40.36493324,0
0.022173512,2.81173183,797.3059993,71.82214314,0
0.020714438,2.302286146,802.7984359,57.52249945,0
0.020036717,2.216458756,819.8898718,41.18058749,0
0.030151557,2.615927035,770.376589,51.39300621,0
0.029146903,2.567350512,825.0021736,42.97943011,0
0.027951342,2.213723042,818.3516335,52.03190138,0
0.017099938,2.337751781,827.7628859,,0
0.034239971,2.87307016,797.3431805,49.05915425,0
0.027010272,3.342658472,836.5361151,47.86546799,0
0.028311561,1.86234076,807.0601428,34.89684137,0
0.023804456,2.504096423,818.4691982,,0
0.020675741,2.92724476,793.0919826,54.40603536,0
0.023665664,2.671291598,798.0788507,54.07746631,0
0.019751273,3.179811044,806.3500941,57.06992676,0
0.032025501,2.649030575,852.11998,49.58870277,1
0.012789614,2.883936102,796.8594295,51.9341639,0
0.03586107,2.738057704,787.9010197,44.61745434,0
0.029115332,1.797489299,813.2765844,50.56144973,1
0.015309253,1.531039508,781.2427631,52.79011211,0
0.030518292,1.557143076,817.3531692,54.40834866,0
0.024285307,3.109103759,759.2983867,44.92512105,0
0.026999255,2.22879547,782.450234,54.68224989,0
0.020188686,2.064147708,,37.17309209,0
0.025303978,2.79861101,799.5057109,40.49277496,0
0.034708334,2.318624176,760.6375456,57.07633901,0
0.024069652,2.380137023,806.6333898,41.69310675,0
0.031672691,2.718286362,827.8284818,43.08371748,1
0.023460201,2.613258432,796.8849224,55.18131819,0
0.028913276,2.827210402,768.6641683,62.33220039,1
0.02391068,2.076349512,777.9718289,43.97596947,0
0.033888339,2.431026549,818.6040964,52.47450218,0
0.02834323,2.353765266,822.3969347,,0
0.03389771,2.247917005,774.8558598,62.00551617,1
0.02731385,2.052728773,778.7114918,56.35938567,0
0.025786327,,823.6752825,48.50247478,0
0.01872003,2.298450409,800.469436,44.59614028,0
0.043295659,2.807896266,811.2654286,58.11792621,1
0.011077144,1.994997675,816.867158,46.9280455,0
,3.018825997,754.5402288,60.16422021,1
0.042204424,,790.8367616,,0
0.020008382,2.181077608,770.7177713,51.00291568,0
0.017531765,1.662116271,758.4014826,47.30084072,0
0.030294638,1.905170127,806.2277139,43.5663329,0
0.032179478,2.363615485,809.3825784,50.30573273,0
0.027584551,2.32444732,802.2425585,31.37810579,0
0.025552796,2.270022405,776.1412642,52.93435156,0
0.035185582,2.828580735,780.2806412,57.41669855,0
0.011438257,1.145894354,803.875939,56.3415211,0
0.02110691,2.638708224,794.4940174,39.13287812,0
0.023977,2.148642477,762.630493,43.60455107,0
0.036566953,2.539625866,818.7858686,59.29897559,1
0.027640221,1.654540584,813.0667371,,1
0.027768978,3.311235351,817.2682082,49.35790424,0
0.032786006,2.285381643,814.0466053,44.42774857,0
0.01016417,3.506702406,793.5087066,44.59250868,0
,2.831356042,784.2420186,60.7923412,0
0.031122077,3.123756693,819.5418149,62.32765385,0
0.012285188,2.554178236,789.3580761,55.6564248,0
0.02725949,2.441941487,783.7608564,55.42138188,0
0.027438598,1.947959896,810.2810277,48.19945,0
0.025178408,2.343837658,834.505697,48.32019026,0
0.018703797,2.053450837,787.2761787,39.09482296,0
,1.898750061,788.3031,42.44302288,0
0.020548265,4,811.1907322,45.84428691,0
0.038757583,2.488497502,826.6337818,52.18727724,0
0.030671647,3.250259978,806.7835869,40.31772819,0
0.027267182,2.781560536,765.9022792,50.58608143,0
0.035739146,3.121482192,803.9832131,52.09558834,0
0.02440791,2.693439663,795.8645316,49.17533774,0
0.01576409,1.475122466,791.6825308,56.07423439,0
0.025103199,1.852644003,832.8053246,63.41339622,0
0.029846629,2.053177926,775.314638,28,0
0.021991651,1.701722497,808.4009801,69.16275547,0
0.019431024,2.386763672,793.3766315,62.90704884,0
0.030982028,1.936687414,764.0682644,49.53747229,0
0.018038456,3.290124045,777.6614147,58.20255239,0
0.023627616,2.488584341,814.5943597,67.11994441,0
0.016519272,,799.7612047,67.32747951,0
0.017773993,2.587851352,758.1322874,60.90356851,0
0.017568079,2.22618307,784.7226678,53.47541338,0
0.027520218,2.279663746,770.6176408,44.27519336,0
0.026061333,1.943174251,791.3190931,35.09460154,0
0.018956459,2.794431006,805.844219,62.59695414,0
0.032994914,2.195260891,795.3140809,52.7731935,0
0.016749341,2.155458419,804.2404044,48.91261015,0
0.029905157,3.974283208,818.1940077,45.95915366,0
0.011925413,1.659036524,783.6283784,63.16472374,0
0.018248103,3.075865145,809.0052474,58.9218247,0
0.026574019,3.243177082,826.4017646,44.28529518,0
0.020387445,3.11236156,740,45.90544036,0
0.013615007,2.278358773,797.7782915,36.29646863,0
0.030678802,2.521482319,797.2913965,41.941107,0
0.02495925,2.610699997,786.343055,57.47334625,0
0.016286685,2.393773148,806.7090319,58.69367257,0
0.012197137,2.262587401,816.382449,47.31307639,0
0.017425726,3.104979423,820.523296,53.8938265,0
0.024470984,2.299077559,762.1130087,50.00135453,0
0.028357575,2.286242631,740,49.48577346,0
0.030172288,2.785075519,802.4759358,49.56435403,0
0.027776587,,749.6960639,56.55818648,1
0.027331479,2.459310374,801.350647,53.17548008,0
0.027628462,2.552684227,760.9340801,40.89870307,0
0.03080773,2.882189307,829.6943929,65.57909101,0
0.034984048,2.326041579,774.8082606,45.28430505,0
0.021683613,2.045234276,780.4243761,42.11937373,0
0.020010668,2.873391095,795.3388006,54.57437678,0
0.024977058,1.827050181,832.0220797,41.95525897,0
0.026582107,2.178843036,,50.7912834,0
0.025286007,2.645426569,756.2671721,58.46808481,1
0.019377223,2.530862065,800.716246,65.84068403,1
,2.120506283,770.2572197,51.7618333,0
0.032799746,3.137580926,809.6185784,54.367329,0
0.020539502,3.006222726,838.8539183,45.50306291,0
0.014025414,1.263219561,792.8456218,58.4143046,0
0.014193729,2.684000477,777.0583571,44.54750772,0
0.034739884,2.953276599,811.1749844,44.11214665,0
0.02359964,2.646851407,774.5006275,67.54242472,0
0.027155493,3.158407667,804.2732695,62.49268954,0
0.028745959,2.426657555,797.9254263,57.12286665,0
0.023581027,3.244520584,794.7825492,48.75396307,0
0.021982968,2.789802614,839.03944,44.32054674,0
0.015063543,2.069174247,761.7316535,56.26438557,0
0.018759449,3.007546138,825.0745179,43.72451702,0
0.019261999,3.081528098,800.9877155,,0
0.020755568,2.203504398,809.6005649,39.71507181,0
0.017694372,,788.7017666,54.72209151,0
0.02734898,1.656787185,786.6589951,48.08289158,0
0.020958744,2.423463944,808.0389519,55.72888186,0
0.043143369,2.950085483,789.7348666,47.5405063,0
0.022425683,2.708812356,743.0103882,41.37564896,0
0.017963459,3.543882351,799.5807627,55.0786017,0
0.023633436,2.179044033,786.34402,54.14441795,0
0.024798972,3.063981836,805.2363184,57.7688891,0
0.024635446,1.567404956,762.2240764,37.8556216,0
0.02125167,2.651450924,817.6849427,52.97533742,0
0.01749468,2.235207283,804.5563908,46.6395719,0
0.017052799,2.983646914,815.906816,50.21886392,0
0.034576144,2.191367045,804.7691264,57.54089039,0
0.023166257,2.492235049,816.8898899,48.81498534,0
0.025669756,2.085691688,762.208009,59.20102184,0
0.029153143,2.887607744,816.0440589,54.63869297,0
0.028655821,2.453028182,806.5491766,62.40790768,0
0.008250183,2.014951336,796.4913548,56.24659512,0
0.025040432,2.235702214,813.9545966,51.11186795,0
0.023567982,2.311813965,811.1771338,,0
0.019969437,2.989446307,794.897474,47.86581254,0
0.017037099,2.922578439,787.5335543,59.38609364,0
0.038351232,2.218893826,842.3355951,52.20559526,1
0.023948735,1.691881879,779.1199521,43.98420181,0
0.031740942,2.420786993,773.998405,34.0206152,0
0.018870467,1.53295888,797.589029,41.02393901,0
0.030332264,3.101877058,787.8656031,48.27895529,0
0.020023553,2.030152382,791.838208,56.19705336,0
0.028485487,2.353789601,,43.59112119,0
0.013735289,1.849082378,780.7207073,45.4810773,0
0.02088968,2.573950246,781.9460084,45.85029041,0
0.026780523,,780.4459415,28.15684757,0
0.024542829,3.389045914,836.7430257,56.02367549,0
0.024605895,3.16936213,813.1061677,53.63757519,0
0.01394553,1.605037079,804.7658203,62.32154388,0
0.029071877,3.230258523,808.7130222,53.65311197,0
0.018347504,2.402105426,788.4055856,44.42772662,0
0.022798314,2.431358789,785.0197116,43.3486217,0
0.028372393,2.390149507,793.3263515,55.6589726,0
0.027662602,2.852653298,818.9751827,72,1
0.024243909,2.685654307,836.7036633,60.15546422,0
0.032630884,2.888501233,778.4387834,55.28301698,1
0.037646205,3.028437882,799.1217844,46.64230824,0
0.024003594,2.105245902,789.0913527,48.81656366,0
0.032581914,2.519126422,812.1939583,49.3693626,0
0.008769904,3.223098127,807.6730452,35.77974782,0
0.023416214,2.833540764,838.1882066,54.85838129,0
0.020713364,2.919749163,797.0224839,51.38325083,0
0.024101991,1.94127837,813.368925,53.71440718,0
0.018603031,2.780609469,783.5830016,59.99858718,0
0.016430872,2.622688454,809.3608815,52.87608036,0
0.021946737,3.229475874,777.2208747,54.38881507,0
0.026799084,2.616276116,,52.62816511,0
0.015373538,2.724471861,762.8151035,36.55197937,0
0.022907357,3.069021977,788.3910695,66.59115029,0
0.01670698,1.886503759,812.8712682,53.01439754,0
0.016159759,2.505056793,826.8928108,46.63564862,0
0.02480275,2.65405706,776.7992357,46.1961039,0
0.014698208,1.746587498,769.1712313,46.45446743,0
0.031136264,2.657824529,818.671343,30.66790769,0
0.018703275,2.474505767,773.0094864,42.9178122,0
0.027729426,2.279209076,803.2513737,53.73575519,0
0.029407386,2.483692016,800.4368,53.04314575,0
0.025380731,3.094458665,766.5892126,48.47545556,0
0.01737512,2.278586864,828.4125425,43.20802091,0
0.032721779,2.654949868,759.3488878,49.40200231,0
0.02072016,2.779515706,804.590157,51.33497375,0
0.020374934,2.681766752,807.9397383,49.43956344,0
,2.446331134,818.7188847,59.50447308,0
0.019875589,1.912927966,778.8101619,54.06321367,0
0.020535481,2.401759868,775.261418,45.41656251,0
0.019414391,1.808073655,804.7876916,34.67051955,0
0.015116614,,818.7296422,40.5275255,0
0.015589317,3.119834792,754.7990324,71.50199824,0
0.026549896,2.255586394,800.5495905,53.33894361,0
0.026342107,3.424362866,793.5992619,56.65419011,0
0.020147479,2.948470029,777.7757657,60.18587407,0
0.028665179,2.039826053,801.3177376,48.67000292,0
0.01998791,1.608114398,793.1588642,45.85022059,0
0.014008051,2.947266014,789.9127175,51.73882715,0
0.031326642,2.841757637,785.1999134,58.67505826,0
0.007282746,2.224693459,790.1925088,42.59638026,0
0.017051098,2.509756157,837.3077345,53.90018115,0
0.02406927,1.883348032,803.0686059,40.4028521,0
0.036488613,3.131640145,777.496051,41.18911715,0
0.018870953,2.218940597,,45.90498927,0
0.033537067,3.454838319,830.370707,38.77765621,0
0.026347892,2.998807414,,39.12788452,0
0.033746872,2.746477238,787.8688958,48.15679918,0
0.021343023,2.472129038,762.8969369,60.89855551,0
0.021775156,2.646905983,765.6126707,52.23952905,0
0.031912509,2.054257061,800.0874557,58.63117248,0
0.011237658,2.727536413,825.3286564,41.34751506,0
0.024583482,,797.0977903,68.45971213,0
0.030239538,2.666348366,776.406571,51.55840977,0
0.040778295,3.038230678,824.5693536,52.0109795,1
0.028700985,1.71996929,793.7583948,,0
0.02968444,2.918807831,779.1682609,43.14803657,0
0.022983999,2.224952169,831.7881272,58.91213391,0
0.027277897,2.280305725,764.6221743,50.23716606,0
0.010127593,1.868553007,822.9931456,44.61655193,0
0.022225087,2.662426962,809.0302484,48.36977646,0
0.016417712,2.98159975,807.0721462,46.57338977,0
0.026288738,2.27612365,796.6661468,55.62767306,0
0.01910908,2.85753273,804.3928069,49.90974012,0
0.019515221,3.210236567,767.2434452,39.37999364,0
0.021656273,2.72961873,821.6405416,53.57922003,0
0.021311115,2.052857655,787.4591268,64.83265808,0
0.034611291,1.122893707,776.2120472,35.89419775,0
0.029183718,2.648549905,806.6337508,60.74408492,0
0.027384133,2.636525111,762.792505,46.38631889,0
0.021163395,2.890375916,782.9760724,42.71483199,0
0.024461407,2.41697005,744.867712,35.24124541,0
0.033694879,,774.8395302,66.47119147,0
0.027064284,2.745140187,809.1855708,47.68550683,0
0.022151392,2.465828029,825.1265823,43.6998775,0
0.023277838,2.354136784,836.6514099,53.00273512,0
0.033203759,2.158992689,822.7410216,52.7191499,0
0.023747548,2.082526328,742.9928063,59.26429018,0
0.016429015,2.533267906,797.5307158,54.76680928,0
0.013617248,1.979063973,,45.14357972,0
0.02545903,2.679861922,776.7419115,47.01267019,0
0.027361435,2.953539492,806.2250839,57.98503149,1
0.036761229,3.058166344,780.55679,60.43391342,0
0.019594379,2.10781005,771.7481253,59.51887081,0
0.031277896,2.886063966,830.4939353,58.88900329,1
0.019256347,2.537833733,806.7638016,41.05827188,0
0.021339849,2.629096499,791.4622326,56.81403945,0
0.017245321,2.177312397,794.8095692,43.54121254,0
0.030446402,2.69266029,834.8778732,39.48799487,0
0.020446925,2.354230917,,55.56651256,0
0.022421595,3.003390614,746.6649948,43.59011682,0
0.007789713,2.336170203,792.0323854,62.49929711,0
0.021650999,2.545154472,817.5898201,55.09358153,0
0.0346371,3.319863032,792.5893913,48.57967413,0
0.021392428,2.709478867,792.0986365,34.08343225,0
0.010503149,2.468853495,821.9715364,56.81931203,0
0.027031246,2.756826861,758.6642838,48.91179123,0
0.027097545,,784.3518208,59.2817436,0
0.031582937,2.143176727,,48.86490371,0
0.01463578,1.859823173,781.233419,42.02724419,0
0.028130821,2.416209938,792.9431529,46.09247882,0
0.032833812,2.76059074,805.6338752,53.08902569,0
0.02967009,2.074456237,805.7913053,52.51643697,0
0.026879022,2.790371483,742.6577559,54.47435085,1
0.010697695,2.488021151,810.5874954,54.29783363,0
0.018447682,1.911495256,770.3130789,31.03992344,0
0.022241548,3.321541957,794.9204397,56.93623201,0
0.031891781,2.176577239,796.2292663,48.99243493,0
0.020485266,1.905745092,814.8444186,47.21824985,0
0.02050716,3.094348488,831.3469029,46.69279078,0
0.019605847,2.030642263,793.7843921,38.04725758,0
0.013509711,2.738778193,789.1281504,50.1780481,0
0.030442472,2.825845737,850.9542948,52.69495549,1
0.027206682,2.689907812,837.077581,46.40872696,0
0.02509402,3.499385143,813.6503121,42.09215411,0
0.034038079,2.556086888,814.5941116,47.49260185,0
0.035001749,2.215288271,806.22772,49.17614493,0
0.023424924,2.660275268,785.2153033,40.31573384,0
0.030479519,1.767615705,817.5043641,46.51761469,0
0.031006206,2.894417854,831.9009277,42.49052901,0
0.026143179,2.601639428,786.0157587,48.5374563,0
,2.57503038,762.6375218,28,0
0.014719032,1.650164055,758.8048671,51.61132653,0
,2.492951381,811.5225505,43.91025025,0
0.025708843,2.570755605,784.167092,57.93763621,0
0.014987335,2.232213258,808.4615878,43.37667439,0
0.026005863,2.79687566,797.5839566,47.80743895,0
0.019822052,2.317517967,771.490808,68.02841605,0
0.030825004,2.038042298,802.3680566,49.40320554,0
0.02657336,2.280091942,783.119194,54.95044754,0
0.024249167,2.372612612,781.510564,61.63599107,0
0.0273178,2.571323239,,50.27911609,0
0.025043063,2.146528512,773.4880126,41.29646741,0
0.028091881,1.775727093,824.9373548,36.26851124,0
0.028752407,3.133283909,819.8491193,48.96823503,0
0.02452909,2.279526561,777.0167165,40.67487387,0
0.023869569,2.288543733,,48.91300821,1
0.030975726,2.144781285,804.4782405,51.00177358,0
0.011681649,2.968857592,801.7098838,49.53444646,0
0.033062316,2.360375591,806.9947791,51.90878287,0
0.023070681,3.931136797,810.166076,46.10443734,0
0.01483022,2.806691542,822.7724765,40.03029411,0
0.033937323,2.802784106,823.2511807,39.84406783,0
0.028482328,3.164474689,799.034866,45.66315969,0
0.015466502,2.575448592,803.0132235,55.75797263,0
0.024305857,2.173684804,807.2902696,66.73325406,0
0.022581203,1.773234637,819.7182563,44.08810562,0
0.012504911,2.670448026,775.451107,56.71513863,0
0.012327192,2.686880653,757.2495724,47.55141104,0
0.006817469,1.929210218,818.8656353,51.12047046,0
0.034619337,3.439023249,846.9182731,49.9156692,1
0.038783593,3.586237962,855.46729,70.47838415,1
0.041813428,2.802207248,790.3090458,55.08380562,0
0.024945232,2.994643866,826.6616293,72,0
0.017641389,3.241393785,,47.56706649,0
0.041397901,,774.1795436,50.64405071,0
0.02169504,2.561154459,794.5039009,43.17623456,0
0.02775818,2.582179313,768.8198032,46.43591158,0
0.027947371,1.997591087,850.6033834,54.22076578,1
0.023589228,2.487031327,808.5094059,53.67670048,0
0.018141707,1.680275444,812.4801461,55.23703123,0
0.029083893,2.67581031,816.4361159,48.10240014,0
0.037486686,2.933458713,812.565263,44.39060673,0
0.027743611,2.549462097,811.8106228,47.02935981,0
0.033120703,2.741163176,778.6491279,56.0938,0
0.021168298,3.138461,834.4237532,50.16114228,0
0.031513126,2.419858898,833.4608509,38.98863642,0
0.028810823,2.890644007,740,55.08496689,1
0.017532077,1.87479997,829.4176302,51.02412277,0
0.015456272,1.30890849,793.7406725,55.95956734,0
0.032391077,2.342438867,788.8874179,47.60285465,0
0.020635015,2.047953471,776.642689,47.25309045,0
0.02341228,1.72228426,794.9826404,51.40888909,0
0.032895252,2.257039688,775.2673113,39.98582325,0
0.025862036,3.230309896,791.6090308,49.93347809,0
0.02348043,3.107685913,819.874773,51.47178841,0
0.024557971,2.724200388,824.1630631,50.92459353,0
0.019458877,1.782537813,821.4810325,56.48880653,0
0.028247127,2.665792705,803.0489555,46.74958075,0
0.015429794,2.4771733,786.0390964,34.58937684,0
0.034301981,3.428229842,825.9945719,51.19717376,0
0.034485351,2.821397443,811.4789699,47.10287237,0
0.018396334,2.847801376,819.6865177,43.9876997,0
0.037435464,3.587633533,770.3415031,67.32020395,1
0.032944052,2.722426813,800.0891101,57.08090299,0
0.022065288,2.432200921,768.8611644,43.20970892,0
0.026779096,2.017320418,827.5385128,62.10540194,0
0.01848796,2.982448957,792.5015197,40.51964029,0
0.017401305,2.197012297,812.5159553,30.60870566,0
0.037149976,2.25855746,798.0409789,44.60506489,0
0.016927908,2.032473569,776.2474239,63.87666177,0
0.030402612,2.855116132,835.0119187,43.65710581,0
0.037900489,1.967892945,788.161421,43.02648375,0
0.024561772,1.592390617,787.9300313,45.73489292,0
0.020881601,2.560906669,822.7534077,60.86812566,0
0.024757993,2.512786443,806.0771022,62.96009774,0
0.030450813,2.443607178,800.7926868,39.81436379,0
0.027744166,2.463511832,797.1896023,56.76774006,0
0.015192941,3.262065247,796.1663199,44.64598834,0
0.012822994,2.120139453,754.9974067,67.3447523,0
0.012417958,2.393497532,784.8934041,44.11941942,0
0.028712478,2.779186875,815.7670302,44.41018044,0
0.027674472,3.081600005,802.3266877,44.83791294,0
0.026111766,2.370844128,824.6243369,44.37683136,0
0.01967925,2.835470015,749.5007517,46.40382656,0
0.005,3.063775122,810.5126088,43.67269099,0
0.013800013,2.415679485,785.1479359,52.21579853,0
0.02054066,2.331458935,807.7691107,65.31421094,0
0.032477217,2.83476705,856.9317206,44.07953279,1
0.016400053,,790.3007042,45.48171286,0
0.020485209,2.237458422,826.4766439,49.67264077,0
0.019159297,2.395655551,784.6552931,56.27075008,0
0.019639421,1.644494358,804.920244,50.41362266,0
0.037159659,1.355514338,840.3467025,41.37200913,0
0.038931966,2.830662781,851.4089307,51.08084905,1
0.027724285,3.252189956,812.2766903,57.68654141,0
0.026012211,1.514454657,791.9978605,38.91744447,0
0.034827708,2.90116767,806.2228129,48.48829006,0
0.023846843,2.986519291,785.756665,48.76557436,0
0.028618812,2.671076338,824.8286921,47.12828628,0
0.016931591,1.233795885,821.4123064,30.52657848,0
0.027114004,1.80720467,808.0411404,54.03915696,0
0.019868083,2.230837488,824.4499529,56.54081237,0
0.030953488,2.899324261,791.6734367,59.86018309,0
0.036494355,4,784.9715617,50.36075928,0
0.01531075,2.439815605,796.2030785,53.22713952,0
0.036647494,2.346436592,789.1076615,47.75506788,0
0.033918271,3.843360274,770.4309302,38.36413253,0
0.024216479,3.243118168,768.7146938,53.45443978,0
0.029541798,3.094712857,796.9194325,48.39220254,0
0.022637443,3.967598962,814.3643069,47.62407543,0
0.016657283,3.157659618,769.6674682,71.72414397,0
0.018424081,1.84689929,845.2984992,44.05685348,0
0.024414309,3.125217733,840.0830371,53.70428945,0
,3.225787408,793.5464657,39.62460389,0
0.006114884,2.222842276,782.0844019,50.08245922,0
0.027836319,3.550745876,799.3853898,43.32215752,0
0.034316468,3.355301919,753.866642,56.99233319,0
0.020733949,2.608810573,773.0553243,,0
0.023381116,2.540498005,784.4991881,35.91343425,0
0.042046777,3.080232521,778.586276,59.67874784,1
0.029465647,2.944655368,756.5388954,47.93005702,0
0.016813784,2.827391662,810.5885871,61.33055625,0
0.031002522,3.305209523,,51.97263646,0
0.020130314,2.987193494,786.571841,50.83194274,0
0.020856051,2.479948448,805.1362585,44.28798289,0
0.03537797,3.504507357,797.1902041,55.04077204,0
0.038376875,2.476632911,,53.54046346,1
0.03595345,2.284140514,848.7269043,44.37638303,1
0.023403881,1.422454876,794.0614255,47.93059009,0
,2.427268422,775.5819553,63.43818494,0
0.01879398,2.280854982,797.7138902,47.54102862,0
0.026856201,3.654870282,791.534397,48.7668945,0
0.035366713,2.392477271,818.3064849,53.80705241,0
0.009529508,2.289503002,850.5982019,53.21828146,0
0.030578206,2.457895524,843.5433396,49.26233159,0
0.022745156,2.907622235,822.8088372,46.74392291,0
0.027877981,2.820527615,843.3747613,,1
0.014383577,2.72684391,775.3727379,47.61992267,0
0.042591812,2.594321136,792.7624876,,0
0.014651889,2.136705393,767.8776612,34.40641662,0
0.037550717,,833.8239142,59.44986391,1
0.020161695,2.736642917,805.733302,50.71379337,0
0.031833633,3.174636878,808.1052587,49.74572253,0
0.038892572,3.080433033,795.5832583,43.38154507,0
0.029936931,2.462092411,837.9289061,52.91291672,0
0.021328346,2.339805761,779.289754,42.41876915,0
0.024600681,2.408339883,813.8144102,50.96917072,0
0.024107147,2.991704783,795.4956889,42.75034109,0
0.031212605,2.237028603,754.1158528,33.70771336,0
0.026688526,1.913237003,818.8547162,50.21542659,0
0.015966088,2.154640798,802.5205103,45.18049374,0
0.033372436,3.116663685,741.7466469,53.72577593,1
0.03198498,2.476931852,798.1498138,50.92506315,0
0.023170124,2.431151374,786.0490918,56.55755269,0
0.008376761,1.7975437,811.3754814,48.29576587,0
0.02989527,3.205328564,777.762534,58.13366913,0
0.015462528,2.293722967,766.6661529,54.70986486,0
0.023268558,1.947132807,783.5988016,55.41540907,0
0.030471409,2.923642751,803.4161827,58.08867605,1
0.027643438,2.032900627,807.1128813,64.95750667,0
0.018097845,3.147892093,771.4083797,59.25393376,0
0.040500399,2.235670769,814.3283124,55.52046078,0
0.032488608,2.948990009,811.5054932,51.23466154,0
0.034790277,1.971011558,831.8980673,48.59925712,0
0.017528825,2.35310058,813.8419069,64.23422823,0
0.031613277,2.886519619,816.3997791,46.00500765,0
0.035573995,3.258997894,782.593277,42.42587681,0
0.019432699,1.968044258,740,48.09664228,1
0.02226756,2.844152862,810.3862275,39.03817106,0
0.025442966,2.954692455,814.3321927,65.46036759,0
0.038877566,3.083264645,825.75616,42.54541091,1
0.021901292,2.691325294,802.2074807,42.65945948,0
0.018022934,2.789994953,812.9662398,53.1351577,0
0.025218853,2.667934325,785.6858297,53.00267708,0
0.021438264,2.820196712,819.549973,40.56542028,0
0.013509473,1.603413309,781.6409018,64.79067488,0
0.030458142,2.475972846,783.2823393,44.15469235,0
0.023069115,2.276766147,781.5726866,66.19949977,0
0.020404467,2.706307606,802.2641369,35.04171242,0
0.026168533,2.00289625,791.559771,33.7717386,0
0.02513883,2.237425513,775.441048,32.62165436,0
0.02799726,2.401771325,813.0701679,60.23735464,0
0.020018801,2.494302296,797.2861983,61.27014633,0
0.036343228,1.918330286,820.0415199,47.1554581,0
0.027922993,3.291120796,782.0325787,62.18788575,0
0.02767065,2.501175899,775.1505007,65.41989079,0
,2.247294276,760.3478785,29.18749509,0
0.024516748,2.820689545,747.5824168,43.55570592,0
0.027881197,1.309061346,802.2985144,39.95607061,0
0.032127964,,822.47511,46.11615863,0
0.030580947,2.923537616,,58.65170533,0
0.035070792,2.726445871,798.7533713,39.49556607,0
0.029624936,2.584838795,759.7433743,53.62382815,0
0.018779405,2.842012366,803.5957042,40.11723231,0
0.025899334,2.025916214,767.4393266,53.56824779,0
0.01295006,2.095938389,758.8356563,39.38489602,0
0.022760556,2.873463702,768.5718074,40.19915593,0
0.036285006,2.830419043,780.1570444,61.87068645,0
0.02052926,3.336105799,827.1839383,58.17155349,0
0.022631118,2.734933269,789.3333644,53.35135849,0
0.02637596,1.975908479,806.342883,48.14359124,0
0.033324761,2.327001854,851.0043663,48.33348312,0
0.033016365,1.757910317,814.9059303,57.71806529,1
0.030168678,3.267284788,774.7643759,42.99814238,0
0.020339888,2.803892022,806.691266,55.15214792,0
0.02706699,3.113734284,815.9409284,45.12105902,0
0.024154514,1.607499642,805.1797486,51.54988837,0
0.011028689,2.968604215,,40.83711171,0
0.019546735,2.185779905,819.7454318,57.33945791,0
0.029057574,3.604360122,798.3012135,65.57497345,0
0.027999224,2.773062601,791.8699885,45.84576032,0
0.013275017,2.136038012,775.4575853,44.95956358,0
0.036405151,2.647723499,823.7409782,63.47577637,1
0.039686334,2.816028722,788.0820691,57.97759575,0
0.018979416,2.414814966,830.4472498,45.04110838,0
0.016754262,2.373453936,772.5711238,54.44317469,0
0.028320262,2.431766407,797.0311069,38.44666856,0
0.027931196,2.297499337,777.4726199,43.42486504,0
0.011272864,2.731301106,769.2627667,42.18545547,0
0.018733404,1.828163195,789.7371157,51.10614013,0
0.019944106,1.985888842,839.2866925,48.12141739,0
0.020496968,2.685027122,788.7130593,37.47520759,0
0.023021356,2.850154493,791.0389023,51.93391761,0
0.026100397,2.585053414,809.3434796,54.71311934,0
0.029683148,1.661381614,812.9946836,47.362462,0
0.03125599,2.187511661,805.4466196,44.6961356,0
0.020270632,2.89446727,796.1866951,49.71363616,0
0.010312248,2.644124878,766.1673191,53.4693669,0
0.00818399,1.529612369,770.2828392,50.37230462,0
,2.643931597,848.0852797,49.86887728,0
0.015842456,2.751929725,795.9673915,,0
0.036998559,2.780183122,853.8047804,42.31930329,1
0.025364955,,830.8106929,52.5827528,0
0.024208327,2.60445705,808.6988897,68.30752667,1
0.021138378,2.397838948,853.698534,51.28255335,0
0.025392926,2.079454616,810.6842056,54.43948665,0
0.016070558,2.117829493,834.8383902,44.6233048,0
0.032029021,2.756080904,809.4984292,47.58987249,0
0.015961628,2.480152728,838.0299178,43.3555913,0
0.017714641,1.858632017,797.8783771,50.37962742,0
0.038564601,2.66386205,792.7594428,51.66756958,0
0.014039628,1.865073965,768.1151407,49.1405319,0
0.019472635,2.61302846,754.3712775,53.40263236,0
0.024158628,1.541605553,789.545223,48.58337966,0
,2.688043582,776.2484349,45.08358525,0
0.030001586,2.379537624,799.5325108,45.66876742,0
0.023399599,1.808981818,755.5994629,43.56116711,0
0.02879899,2.468505374,816.7019473,55.94581773,0
0.034142215,2.762813612,766.5353556,47.69984441,0
0.016737394,2.294097331,781.4791163,39.70767411,0
0.030371444,2.353544167,829.5124505,39.44438432,0
0.028602817,2.55527992,817.1710807,51.18293834,0
0.017649846,2.621755914,829.428543,41.9737614,0
0.032771831,3.065807199,835.1075247,,0
0.022105809,2.422469262,,46.24811596,0
0.013231898,3.223358391,855.5159177,42.77167438,0
0.0189465,3.047449138,828.6588841,51.81775385,0
0.031937276,2.154072474,777.0677639,43.71959911,0
0.017406689,2.637998306,810.8374545,,0
0.030113884,2.936938708,771.708091,49.59940287,0
0.016301016,2.310136811,759.4288828,42.48915016,0
0.02714403,2.386594661,812.8682785,65.9543469,0
0.04064231,3.14854671,754.0063789,48.57373002,0
0.023068784,2.435078328,813.2119663,46.36187985,0
0.038912155,2.724587421,785.0170932,33.46291256,0
0.0186236,1.943806571,806.4113045,39.98611829,0
0.021808849,,789.3277151,30.91636045,0
0.029295751,2.243003652,799.7232273,40.7626649,0
0.022133696,2.558516786,793.6460351,43.43124576,0
0.018135913,1.942304674,794.4660465,43.25946107,0
0.033611807,,768.4901955,51.09841001,0
,2.012133939,856.6871097,41.02047903,0
0.020777652,2.902521618,815.813327,56.22278671,0
0.020729732,1.291757301,760.1726841,46.95331309,0
0.025987136,2.430971409,848.8262917,53.36174593,1
0.024073604,2.352797573,796.3173902,43.70539122,0
0.027759328,1.728594923,740,45.0426387,0
0.015364975,2.75150956,820.132911,45.52908689,0
0.032142942,2.438382247,817.8391824,54.92656696,1
0.018447191,1.884009769,819.9751361,54.25552357,0
0.005069422,2.357716388,765.3854169,51.02404156,0
0.020249119,3.214682502,813.5473299,47.67287288,0
0.025534618,3.594718848,806.9095423,50.9436831,0
0.021343052,1.681457774,783.8424613,54.14406791,0
0.034441141,2.592768862,774.0555263,47.00735221,0
0.021149524,2.312988705,794.1617921,49.35741773,0
0.018279491,2.51535494,784.8303086,42.90357765,0
0.040840266,2.998846553,791.7656335,48.53974437,0
0.021174832,2.176474374,808.866078,53.29098226,0
0.020595954,3.10188235,799.501041,58.42922371,0
0.020378544,2.999221711,808.9381847,42.04702644,0
,3.075885818,813.7288228,,0
0.020368836,2.830301392,740,64.20967861,1
0.027464023,2.957795196,833.5415819,42.80185461,0
0.027025697,2.339815397,812.6246269,54.84542454,0
0.026474716,2.961385615,774.8207728,,0
0.023351412,2.279715971,766.4680993,51.00704519,0
0.029581909,2.486411103,776.4336306,55.01419101,0
0.021293997,2.056296943,750.9159426,43.6256171,0
0.025820008,2.757431666,860,63.59929842,1
0.035084747,2.961322661,860,53.77696589,1
0.0198559,3.359160812,841.6490686,49.10938466,0
0.039877378,2.130307621,798.5853972,44.75435539,0
0.015423432,2.195514324,773.5809571,44.9898564,0
0.016473524,2.908536512,795.3229829,54.03295633,0
0.027683366,2.733154704,818.4042842,61.54108928,0
0.039284184,3.093213057,781.250683,56.65312699,0
0.024899857,2.106973702,740,60.29818347,1
,2.564388936,789.5787307,53.87810602,0
0.024301015,2.395455871,815.4536521,54.98048248,0
0.033926131,2.683023824,746.4212601,50.65907543,0
0.027294992,1.837397766,835.1126591,49.43701245,0
0.017347408,,793.8145506,55.57921673,0
0.018896628,3.3756294,807.921067,55.88320836,0
0.017791016,2.397932153,823.4378858,55.09323232,0
0.015923201,,759.9496078,54.87901543,0
0.01668448,2.445448112,788.2427176,55.51520492,0
0.014970028,2.836542241,741.253048,58.309277,0
0.016466947,1.843551156,805.5891314,62.06832193,0
,3.283631339,795.4265367,46.75568193,0
0.035734446,2.709486261,816.9911968,45.15382138,0
0.025787561,2.745078641,787.515969,41.405009,0
0.024426833,3.162402181,843.1173262,49.60391607,0
0.021307347,2.152622971,834.0063186,45.24341364,0
0.026559165,2.159668926,,49.68612353,0
0.024898506,1.966409473,799.2997556,52.04831426,0
0.023341603,2.529253682,819.161246,70.63414609,1
0.037533898,2.570908186,800.1913409,52.25787518,0
0.015187561,2.860628733,799.1046005,68.91233676,0
0.024157739,2.053399161,779.79584,51.18287977,0
0.035311634,2.961285723,780.2049022,43.66696993,0
0.022535008,3.292758096,761.8204012,59.09702386,0
0.027415849,2.742859389,778.1460745,50.81961336,0
0.014349236,3.357637625,772.9650626,39.10061341,0
0.017407096,2.68681461,842.7776836,51.9171668,0
0.019194153,2.719530164,773.1741056,33.38073516,0
0.029727143,2.571763708,822.190769,49.37558048,0
0.020656067,2.635909708,800.4178026,40.45230134,0
0.035643816,2.835823787,797.0066127,61.85698323,0
,2.875993553,787.4010359,44.82514751,0
0.027736237,2.430942977,797.1835934,51.73468179,0
0.023439303,2.362308164,835.2602074,49.77999235,0
0.028759254,2.184659259,773.8288991,42.73156247,0
0.02058785,2.07534435,829.2145295,56.03397109,0
0.027411945,2.785750276,835.8908621,47.05065682,0
0.019069695,2.5182675,840.1277226,45.24836343,0
0.015215547,2.725820544,,55.32534328,0
0.031944421,2.153808246,784.0706935,45.6495991,0
,2.724678991,759.9699624,46.43427516,0
0.025059238,2.898574456,825.4179876,50.42069289,0
0.036263168,2.297749077,805.3196756,59.51639643,0
0.022486034,3.222607643,808.1030489,54.22908013,0
0.019666768,1.880761578,773.8044559,49.27216495,0
0.011497379,2.941860727,807.3087915,43.38854949,0
0.028414904,2.60496887,781.5521788,50.44285724,0
0.018688547,3.273037135,778.140559,54.58649977,0
0.027732431,2.139156985,811.2885865,54.15394508,0
0.018218104,1.727879566,773.6537496,45.75206944,0
0.029208545,2.71837245,791.0649479,,0
0.005,2.194447838,820.0758622,51.84681063,0
0.022863614,1.994223038,810.3651969,52.62261814,0
0.01672809,2.551641232,804.3043614,61.15613734,0
0.037901595,1.951278979,751.5245748,65.37674498,1
0.027735617,3.222117218,793.2024934,54.54653457,0
0.020810367,2.025457442,793.9298536,,0
0.039963123,2.828016631,781.3213198,37.01798746,0
0.02261722,2.823849405,826.2391488,66.8978259,1
0.017584184,2.599512244,821.7052563,40.9667833,0
0.021736503,2.241850345,809.5627662,47.42772261,0
0.017859635,1.340307794,796.9325855,58.26336255,0
0.023995771,2.503451482,798.1209949,,0
0.028153074,2.520504752,771.4640735,53.15049741,0
0.021791612,3.042012782,808.1356097,57.75075465,0
0.036769323,2.561378643,801.2182657,55.84688573,0
0.006617368,2.053863302,740,31.54093818,0
0.033148541,2.295232558,,57.17533685,0
0.023552017,2.349487568,751.5305985,43.50617927,0
0.026572391,2.907482614,805.7084235,48.15136872,0
0.030782265,2.541537368,,58.1081585,0
0.019422372,2.94852256,792.2351667,49.71228673,0
0.010200684,2.589814091,806.9888628,49.76400093,0
0.011836297,1.798337736,790.2188526,60.05559951,0
0.021258474,2.600525456,793.9753331,52.83192978,0
0.027434403,2.872432094,770.4432539,57.08149716,0
0.023610658,2.227906165,814.2037577,42.62037725,0
0.033278302,2.808876899,812.5907812,54.54706722,0
0.017597825,2.964233409,794.4969688,48.39162314,0
0.011214194,1.953749825,814.7105033,46.0791634,0
0.037269003,2.308795016,815.2497415,46.85796912,0
0.027921005,3.037735346,805.2798457,46.661234,0
0.02598147,,799.8313937,48.32002996,0
0.011357834,1.985983198,820.7641134,48.9277936,0
0.016365904,2.239464336,806.8406931,48.01322878,0
0.029090313,3.156568173,768.4553528,53.9827135,0
0.025530082,2.440683995,792.7036116,49.46702125,0
0.032477503,3.141971951,806.864497,,0
0.031504902,1.665107581,855.9108305,43.72282805,1
0.020228041,2.021708118,839.608988,55.94540074,0
0.026849194,2.456865574,792.4057065,50.76221604,0
0.012388396,1.722666495,769.0206473,32.123585,0
0.014456324,2.302494028,801.141263,55.19779421,0
0.029882129,1.361215504,777.1276333,58.74906626,0
0.030959407,2.939804119,806.0096784,40.45711957,0
0.013738774,2.736401627,825.2996584,42.1011672,0
0.018189428,2.541082255,817.7715884,42.22809695,0
0.019583932,1.495941128,794.2450877,47.40552273,0
0.017361428,2.847452225,810.1663913,51.82179465,0
0.025292606,2.267944764,807.1631632,48.61395733,0
0.020121279,1.910099019,816.7030685,52.0492031,0
0.03069498,2.254223786,800.2592739,53.73824228,0
0.036793772,2.597508708,806.5996329,48.49254664,0
0.024201844,1.96205711,812.1994151,39.41663595,0
0.023371773,2.980597934,779.4150743,42.32775598,0
0.018352879,2.645476363,824.1266324,39.63697337,0
0.02344915,1.900904241,743.6018054,56.31489,1
,2.313641959,782.9526714,51.14088361,0
0.029941908,2.414722805,789.2832717,30.52723586,0
0.023138745,2.088725453,809.0778849,55.85276544,0
0.041069911,3.731870654,838.4639048,49.93950344,1
0.027740708,,743.7249009,53.33458033,1
0.017696918,1.771063106,847.6759973,37.85210064,0
0.023522472,2.190334288,760.2878097,51.13798687,0
0.033770322,2.99769603,761.7802481,43.73991322,0
0.023908433,2.39460293,844.5165574,46.69536792,0
0.029814548,2.603063515,740.8310763,61.28380884,1
0.014520456,1.868434159,803.6050847,47.65217569,0
0.027143412,2.869059576,812.8627212,50.90365124,0
0.024934384,2.509116756,791.8355343,42.46067399,0
0.024258341,1.788528443,838.2055636,57.51132042,0
0.023269512,2.208595802,825.6904209,61.11645401,0
0.025681873,2.122280634,831.1137464,46.07616556,0
0.014052991,1.225045965,774.5715363,40.59940549,0
0.030002669,2.163167613,804.3705514,43.50197389,0
0.017558501,,809.6322239,49.52395356,0
0.016457728,2.195762929,754.1046796,43.85047979,0
0.031622504,2.153974478,808.2267655,66.40974627,0
0.023336118,2.623737877,,57.81246381,0
0.01219691,3.381812884,823.9198619,51.07319691,0
0.020358362,,748.4763417,38.41287973,0
0.033739381,2.475380768,807.9221684,45.24628244,0
0.021253098,2.734867328,816.7351508,46.29570029,0
0.020046786,2.57927904,797.4940278,45.18646481,0
0.031848883,3.077477591,783.320205,61.17435394,0
,,834.200962,48.08588101,0
0.027350163,2.477992628,784.84459,42.32114863,0
0.020859634,2.241297397,773.6891576,65.7990457,0
0.023572501,2.866672164,795.3781197,48.09724206,0
,3.308832772,794.9482484,52.90458135,0
0.026738835,3.537244292,800.0670224,39.16992758,0
0.023987153,2.034242611,791.1558671,57.95223087,0
0.036470645,2.495474657,813.9521479,68.53107864,1
0.035217285,1.885396396,837.0730942,35.40274146,1
0.029756065,2.50909723,778.8025957,47.46378345,0
0.021987233,2.088435559,792.6503278,46.06891549,0
0.019274964,2.161390345,804.3663658,47.66929052,0
0.023043303,2.691782086,824.5996849,37.62777903,0
0.030473419,2.457071365,774.4997009,62.6343492,0
0.022286553,2.37932664,780.8297128,55.02192354,0
0.039844812,2.792748474,771.4205478,35.4938012,0
,2.74595951,783.0972134,54.75827984,0
0.036372219,2.893438302,803.7550272,45.59425796,0
0.025550063,2.523594076,771.9589586,48.45019959,0
0.018468997,3.010938203,836.5816937,61.74835805,0
,1.592094087,813.3601904,29.839147,0
0.025258853,2.304677508,765.9465091,31.55721412,0
0.019970502,2.28864597,809.9420478,40.62717248,0
0.016756835,3.285394129,772.2721443,55.57838336,0
0.015606506,2.092939836,814.3518454,52.19759525,0
0.031781567,2.554147507,800.8179699,35.68966556,0
0.017426347,2.274605582,821.7879054,45.30603492,0
0.026489811,1.956752894,813.1491797,46.85093649,0
0.025216088,,820.8505887,36.30030119,0
0.02280681,2.915976393,,40.68890374,0
0.019260741,2.420837119,780.1442118,57.36101992,0
0.028174604,2.266641484,828.1952158,68.91323255,1
0.027045646,2.640130495,772.5783246,61.49321364,1
0.035691327,2.218009035,821.5772067,44.89532337,0
0.013748526,2.855420788,769.2355309,46.40743191,0
0.027779843,3.412798093,780.9908359,52.71945559,0
0.026337702,3.040890255,787.3629737,55.72457506,0
,3.433787106,792.7550539,36.45199761,0
0.020545651,3.075151928,788.8592626,59.64047114,0
0.026656684,3.116107847,789.3189267,51.27748338,0
0.036832213,2.8260958,827.5982307,44.599225,0
0.025395276,1.72332535,785.5299842,58.48356699,0
0.021057617,2.290199442,808.0630011,58.67468439,0
0.012005304,1.932097714,775.8288627,43.7208598,0
0.023635437,1.368644131,801.8976927,43.84104842,0
0.023682202,2.354074873,829.199855,44.41375726,0
0.036721925,2.750539968,795.2105067,40.87809778,0
0.019273661,1.807509361,790.5017371,45.54890052,0
0.013966371,2.231996931,801.9371157,40.6164422,0
0.02234179,2.751940957,798.9090159,67.27912825,0
0.031455376,1.845898955,824.5051915,49.61774378,0
0.018221772,3.082234584,762.4433118,40.88701033,0
0.018769319,2.815708329,790.1489932,51.47742919,0
0.016440584,2.551606666,745.5048137,58.15100392,1
0.020944714,3.517684614,804.3156728,57.38293091,0
0.019466433,2.42055406,828.9013537,47.79756649,0
0.020245132,2.306167698,740,52.10011296,0
0.019319322,2.171731773,782.1437802,47.87605476,0
0.031204862,2.76956597,777.9680124,46.04149266,0
0.022986323,2.303977935,758.2615248,58.60063754,0
0.017265944,2.810322708,778.6405609,36.28423432,0
0.025461537,2.626718366,809.3472892,46.83765014,0
0.020954039,2.637040979,818.7563029,57.50569558,0
0.024058628,3.468878564,,39.02020297,0
0.0190937,1.098386747,774.2921955,53.56138801,0
0.019887639,2.688338219,784.2057484,37.66466888,0
0.031207428,2.490464739,795.0178995,44.18225041,0
0.033681056,3.141709644,771.518533,35.57516915,0
0.017006639,2.373149326,779.2366749,,0
,2.522187785,806.4030752,46.00306326,0
0.033396504,2.676210894,,28,0
0.028719975,3.365834748,846.7358643,51.82948386,1
0.035478032,2.421529706,822.597707,36.40272412,0
0.023759527,3.058265104,818.4264535,54.97702769,0
0.019246437,2.935229711,759.0795756,61.13815254,0
0.022435541,3.126559261,809.8947154,44.48523802,0
0.021722096,2.378340406,843.933484,43.11482686,0
0.022525122,1.973909136,818.6480387,49.12766646,0
0.017860612,2.351632023,775.7643688,43.28844198,0
0.023627944,2.364753143,797.3682301,45.14700067,0
0.0272712,3.87201269,816.6480778,52.18014783,0
0.041312186,2.088652637,818.8476018,57.20450069,1
0.034847088,2.271306296,769.9124721,44.95932807,0
0.016135085,1.859351019,815.3872103,38.87916167,0
0.024195283,3.204225119,807.42552,51.64021083,0
0.035869678,2.842511173,795.0401877,62.53293953,1
0.044655828,2.794226648,798.311578,51.76905274,0
0.026443641,2.642748543,804.63677,59.33706987,0
0.021897869,2.692469019,804.0368812,50.65070919,0
0.034221692,2.551181239,829.8326316,47.21692534,0
0.030249603,3.249749187,839.9134827,30.57248591,0
0.02855652,1.43815426,792.1651675,39.67349262,0
0.028869175,2.376032924,788.4020789,44.63551011,0
,1.748154533,792.8638312,51.37847516,0
0.018237727,2.747449827,852.5622133,57.69512503,0
0.024204569,2.45022914,818.3529609,46.54471069,0
0.028737098,3.398867425,776.0232809,50.64047014,0
0.023865083,2.04059339,795.4230714,62.6605637,0
0.029274892,2.95771948,784.2316152,57.14749924,0
0.023598745,1.547610166,800.367927,44.69438107,0
0.021205273,1.473493427,,59.15814675,0
0.04067581,2.140910025,780.2130612,43.08296027,0
0.028511154,2.44276602,773.7948439,55.30347459,0
0.019752072,2.630342563,808.3278619,52.45372781,0
0.02791169,1.850872277,817.3787477,50.47493128,0
0.024873953,2.608497176,815.6539746,52.07150444,0
0.015758538,1.431508519,788.7809504,40.58770077,0
0.026701528,2.675139463,779.5623142,48.92355909,0
0.020889167,2.294861153,769.0636898,56.38317737,0
0.020354165,,802.2100988,54.12442452,0
0.0172278,2.515202224,740,46.32442427,0
0.022246578,2.026914564,788.6512675,51.47262155,0
0.018745109,1.478201192,762.0859035,59.00407758,0
0.028296642,2.373267541,800.6155994,49.86618595,0
0.015079834,2.1374588,799.4199248,54.71607258,0
0.03372246,2.284476407,799.203405,,0
0.018486817,2.906051538,812.6557233,,0
0.023137847,2.001670211,781.0628189,44.40680059,0
0.01619783,2.59562016,775.958134,47.18630248,0
0.019805553,2.416318274,788.3114271,,0
0.018510783,2.48833821,793.4137149,59.36929868,0
0.030610511,2.456614484,761.3709928,53.0523095,0
,2.677154228,809.7486636,40.48539365,0
0.014262406,2.052592354,770.1637359,48.30591917,0
0.015011788,1.635127168,824.3263811,50.35599529,0
0.027978776,1.750209828,773.1260341,53.17575005,0
0.026580827,2.87919075,749.5958909,56.5993037,0
0.020948994,2.13765379,830.2599747,66.3456355,0
0.022776034,3.049821044,795.5783695,44.44426785,0
0.018220852,1.527078401,793.9314551,55.98031061,0
0.038778451,1.887381291,780.0258567,44.41346355,0
0.030594052,2.041512111,810.175101,44.12015567,1
0.041782582,1.55803452,786.4866173,50.21731634,1
0.01542296,2.200654546,809.9353992,44.77943754,0
0.026907773,2.055695379,797.0403892,46.30505799,0
0.021942834,2.499539361,821.7095345,54.90227968,0
0.029540781,2.255639607,784.6028576,40.92550039,0
0.02964607,2.213116548,764.2185901,50.42153799,0
0.018924662,2.270409957,777.8043075,56.60465302,0
0.030719183,3.158722658,860,45.27215047,0
0.026196289,1.559895727,843.5380364,58.13873437,0
0.023987596,2.891196579,801.1318828,,0
0.029063067,2.542215547,815.9241551,57.43598074,0
0.03298747,2.761480386,814.7801102,48.29764115,0
0.017681814,2.413624361,761.293435,54.42201617,0
0.018133255,2.945404407,823.7729704,51.89696603,0
0.028423345,3.198689391,823.9131038,42.48347879,0
0.033126721,2.679045612,809.6026293,57.78002821,0
0.029418813,2.077540152,764.7565079,70.1514788,1
0.02978486,1.643126213,848.9993258,55.89449205,1
0.014444643,1.985851797,740,37.47515721,0
0.033507316,3.03409866,802.8871311,49.00962189,0
0.025672763,1.97588797,834.8736507,47.72711761,0
0.03946052,3.010137424,807.4157636,51.14383471,0
0.030957595,2.731017973,806.8767302,60.86939481,0
0.020842474,1.72244013,803.5934324,55.20094761,0
0.012086989,2.431078444,796.5330719,50.66998347,0
0.036832244,3.313428434,768.893258,48.44790525,0
0.019766771,2.171975298,807.7620452,59.17490025,0
0.025327889,2.196936488,832.4967169,57.21010475,0
0.025662331,2.47893691,800.2803699,59.5868843,0
0.033239225,2.832584974,814.8744063,45.07834135,0
0.015968794,3.104605558,786.2354656,48.75190036,0
0.023574998,3.032384714,794.5854707,53.72244958,0
0.034044057,1.621439834,805.8049978,64.43663189,1
0.013992209,2.561689251,836.3656548,72,0
0.030553815,3.029446117,806.9782127,38.89445169,0
0.019365326,,823.7886117,61.50573843,0
0.026831762,2.776221247,814.2479224,49.26551397,0
0.016295426,2.434348206,771.2192423,50.54100248,0
0.025070216,2.303741168,784.9079236,44.15890738,0
0.017273141,1.993510488,785.4708748,52.0523577,0
0.019456752,2.738187592,817.989414,47.16482077,0
0.017978803,1.994394495,786.1229299,56.95368816,0
0.036528889,,786.7450821,44.52681436,0
0.022020614,2.400940846,795.3570613,59.29034536,0
0.022409331,2.099371647,782.1043257,44.45891137,0
0.028256243,1.546877582,808.9128281,66.06910289,0
0.029422603,2.719499566,816.6582954,62.1800305,0
0.019422448,2.888932704,791.1662756,40.62034481,0
0.022592265,2.299731266,784.4831525,51.13133587,0
0.023251555,2.113364311,807.2902503,41.31005479,0
0.034499596,3.003433002,819.9227813,59.63805746,1
0.021601241,2.185270863,777.5296084,56.71652548,0
0.008212245,2.254384774,812.3704182,65.43939212,0
0.01913243,2.409137592,827.1997807,37.66691224,0
0.019869429,3.321318848,824.4918065,46.57297573,0
0.022054763,2.956106623,810.1762856,44.51671155,0
0.029060711,2.908173348,809.6275514,50.5280804,0
0.023717139,2.288334664,779.2671206,55.80978267,0
0.036940326,3.312198945,763.2940659,53.3828476,1
0.033268539,2.712334168,821.3374802,45.72908681,0
0.028143931,2.720986445,791.4984196,29.13269383,0
0.023351776,3.291297542,,61.47032653,0
0.023936885,2.834860995,774.1669977,44.84139805,0
0.04113842,2.414617399,763.4208635,45.70215732,0
0.026086242,2.994514379,780.3907661,50.68245887,0
0.016918609,2.722396966,788.8972975,53.64195763,0
0.026919645,2.376965837,786.400777,40.45878039,0
0.025321044,2.825737322,801.4217006,59.75324799,0
0.030726094,2.176097884,793.4754696,28,0
0.020147616,2.086281792,804.1204051,65.52883751,0
0.020649723,2.765518965,770.0747218,58.53559577,0
0.014496561,3.204814566,792.0507973,50.79007471,0
0.028105577,1.671678413,810.7743762,54.99992324,0
0.019215424,2.115288162,812.3051343,52.34763196,0
0.037796526,3.007853878,801.9517912,35.14309695,0
0.023389177,1.657778057,806.6092513,52.67165167,0
0.021127316,1.958647414,740,53.22862628,1
0.022221456,1.888964845,843.5292125,59.08311542,0
0.033216361,2.524991521,798.2274183,56.20287045,0
0.027328722,3.375099437,787.9796236,52.52684515,0
0.02633874,2.718874544,769.1228036,53.07509792,0
0.033524822,2.6480688,783.9413494,48.85923082,0
0.022958591,2.273586533,835.1345982,48.86983662,0
0.025461593,1.719930215,786.0164082,54.90791895,0
0.013918021,2.848927128,802.9042292,39.00150145,0
0.005069438,2.087631743,788.8145327,54.52415161,0
0.018079183,2.916005412,793.1403882,47.35830255,0
0.022912232,2.003493711,763.201135,60.05011002,0
0.024895546,1.698123577,796.7931657,,0
0.012238244,,769.7869041,57.02581156,0
0.033287406,3.226056532,822.2342579,55.20158032,0
0.025466641,2.036841615,824.448429,58.70946197,0
0.019546316,2.333075132,824.8662305,50.85836295,0
0.017372862,1.683152537,805.8307133,51.21449517,0
0.023656423,2.589421079,847.98386,59.28174173,0
0.021387305,2.775223234,778.5805186,54.1130407,0
0.021870215,2.158848089,795.7507167,53.89957129,0
0.012547393,2.476449158,780.5627777,56.40721295,0
0.02345414,3.169473197,812.2825063,48.16753159,0
0.02571341,1.389949199,772.242185,51.38728577,0
0.016076249,2.249829147,782.2684693,,0
0.026068704,2.571660205,798.9451388,,0
0.019228146,2.72262282,777.4620852,36.8156746,0
0.012864786,2.125423948,829.1870104,51.47384104,0
0.016660411,1.66171513,808.4599247,61.67814434,0
0.028302971,2.417355374,785.767808,53.56748089,0
0.025376194,3.033061056,798.7898148,40.82724227,0
0.018947068,1.942196219,792.1576124,43.348495,0
0.031233867,2.761210466,819.866306,53.01376382,0
0.032576645,,847.8881281,61.02749043,1
0.02206807,2.400915947,767.5365604,42.21068036,0
0.035632971,3.340807799,790.2814203,64.5188809,1
0.038557944,2.309364384,808.9306235,46.31043453,1
0.037599535,3.202049342,810.86873,62.67312735,0
0.03068805,3.209128073,818.9813548,55.01150526,0
0.029185235,2.690017355,800.8415586,49.61000168,0
0.014362891,2.248901619,819.367043,44.01808838,0
0.01977277,,803.950762,59.95042754,0
0.013721802,2.031642048,779.2125922,58.06801783,0
0.016246625,3.138487831,829.5067759,58.3026704,0
0.017798383,2.486209122,807.2586644,28,0
0.042784121,2.525181854,798.8386882,55.47820871,0
0.012064358,1.52419521,798.4686798,58.39035583,0
0.025505782,2.709899333,789.2699812,45.99687619,0
0.020515073,2.136243061,825.060504,42.13903669,0
0.022766754,2.61503142,840.7034611,59.77010321,0
0.030832066,2.215679487,777.6301338,54.98710361,0
0.010897295,2.847403338,796.5710204,47.71719685,0
0.006100202,1.960600124,777.656243,49.95121263,0
0.024969699,,793.5348912,43.64706333,0
0.03341207,2.560745415,772.717089,59.44292669,1
0.023305274,2.495002805,813.2780359,52.72108531,0
0.015219828,2.039703766,781.1449414,56.28117773,0
0.033496123,2.917027051,815.1281666,50.79720735,0
,2.491947298,802.9956799,55.39372265,1
0.019712187,2.763301496,812.87669,50.41248461,0
0.02606174,2.128676675,827.8108866,62.29001153,0
0.012630475,2.998979935,805.1410156,41.27729338,0
0.034315821,2.24757452,814.0193161,69.59288835,1
0.031445428,2.678767148,813.6900874,48.48209841,0
0.027457177,2.966305749,806.3976909,53.31983309,0
0.021566753,2.599967699,787.2933214,43.85636315,0
0.022315043,2.927300134,835.3530837,,0
0.006338852,1.935370068,778.7485779,40.37975649,0
0.026570209,2.696824714,765.9282981,41.41914084,0
0.015914097,2.601596971,,35.9636226,0
0.032899571,2.328550045,811.9465204,,0
0.02326888,2.20874681,791.9274237,49.58962403,0
0.01280842,2.116417558,837.3192244,37.51407495,0
0.029734309,1.876239148,820.9093703,51.4633776,0
0.041213347,2.537410486,808.559093,39.64418408,0
,2.880024809,805.6664496,59.08612009,0
0.0155939,1.898367821,764.1934102,54.45249634,0
0.034021058,2.647830376,812.6051548,52.74306727,0
0.023259029,3.15896343,786.7911393,44.92245964,0
0.026562881,,769.2993544,44.20959965,0
0.022000788,2.351545336,838.1844032,44.20188033,0
0.021727278,2.759330618,806.7874198,49.94523934,0
0.024969274,2.767181833,781.4451767,38.43415927,0
0.015104786,1.830929834,816.1017009,51.14902518,0
0.024744149,2.398110743,824.4810086,48.53356147,0
0.023931444,2.730630644,783.6239847,60.34938256,0
0.028026989,2.121686619,740.9863264,44.85715514,1
0.025819765,2.88699384,792.7578369,69.09743372,0
0.022541421,2.073354907,817.326719,38.68600863,0
0.020114138,2.017214767,805.852997,52.34155668,0
0.024513004,1.270204418,822.134624,43.53854282,0
0.021913714,2.40044505,811.9605881,43.29778703,0
0.025914666,3.141453681,784.6067058,46.85735467,0
0.02882457,2.991388881,814.9335092,52.75552845,0
0.012156045,2.098139541,765.5451532,55.69206207,1
0.026824432,2.572116531,816.0519385,54.74081518,0
0.030184471,3.265290429,762.0677262,58.21176369,0
0.020860517,2.377383027,783.6762373,53.58419164,0
0.025242756,2.264896989,794.108144,65.17440658,0
,2.125322093,767.7845492,59.17314508,0
0.026229639,2.386692174,799.4535778,45.69113874,0
0.019772246,2.696169575,779.51082,50.22067987,0
0.031208463,2.778507703,821.5159683,47.30925816,0
0.014708944,3.457750714,830.0234927,42.72122956,0
0.021295122,2.083976396,808.8695855,52.79324674,0
0.029685102,2.616217125,807.7602928,46.81428986,0
0.02753217,2.407948725,790.3936124,59.71920547,0
0.017996375,2.19971843,833.7989058,60.92944179,0
0.028244554,2.279850708,768.6936957,43.59416323,0
0.022052234,2.761143366,822.2029844,62.23739875,1
0.027707697,3.197222594,,,0
0.032592256,2.179440053,786.1883024,46.75298221,0
0.014928813,2.388869271,778.7794869,39.52534697,0
0.030737495,2.28555261,806.7760212,39.73483382,0
0.027594561,2.220220401,765.2197399,45.54925454,0
0.0138837,2.24599688,817.6429395,53.87482504,0
0.030482602,2.49082996,746.010997,49.85082534,0
,3.238575268,815.6923293,37.48398314,0
0.01917997,2.062357811,780.4481657,42.076129,0
0.029101266,2.793491844,832.0785283,40.72022784,0
0.030486252,,825.7145699,34.98803655,0
0.026013887,3.595086535,802.2205021,42.44412735,0
0.020571476,1.317450653,773.3417732,41.5793137,0
0.026801079,2.284180029,821.745643,28,0
0.023146066,2.17613038,808.1832223,50.00976019,0
0.023703101,3.198642502,812.6363857,39.70495663,0
0.025737626,2.424509489,819.6591151,61.06573265,0
0.021436545,2.921722732,778.2207721,52.68349232,0
0.031499369,1.984712383,835.3038044,45.24036389,1
0.027710098,1.702214701,822.1003821,72,0
0.034406469,,794.9620677,56.51526587,0
0.025502897,2.87685579,790.6304322,60.55011541,0
0.016405812,2.306246039,820.1080125,43.58258529,0
0.02391993,2.460484174,833.4531646,45.86432399,0
0.026346019,2.290776786,767.8030682,41.22262149,0
0.014105352,2.472731086,759.2058732,47.59772751,0
0.01202919,2.655835931,819.9176467,37.6069645,0
0.028190686,2.489575676,799.6289093,53.92407065,0
0.021526665,3.234187239,788.6108972,50.04044934,0
0.022002279,2.08002035,817.0079552,45.59276105,0
0.013447224,2.058564999,816.2666432,46.08933045,0
0.025592913,2.384781947,845.3751495,53.53590548,0
0.02860374,2.15931143,812.3457233,50.64425697,0
0.019796858,2.527912694,759.9498018,56.17303536,0
0.019137026,3.034985337,811.0586121,41.80822964,0
0.010987788,2.165503322,771.7325812,51.41760741,0
,2.396277359,827.2256598,47.38713188,0
0.023558853,1.64709863,799.6047321,45.6308819,0
0.017037192,1.470353037,800.4434919,,0
0.028644507,3.016554901,789.7300367,43.65127126,0
0.017066929,2.608193535,,55.56832756,0
0.017664298,2.733398995,837.1441629,55.15505058,0
0.021524368,1.798070756,829.6671424,44.44926123,0
0.017770993,,790.9272821,47.05186059,0
0.030183284,2.312303532,796.0207333,50.39113875,0
0.019759685,2.650362124,789.4259958,53.29173085,0
0.014294751,2.210660365,824.5362112,45.15707323,0
0.03114712,1.49787317,813.046611,45.88607484,0
0.035801578,2.955049505,840.9029109,41.01325448,0
0.040259002,1.651610993,813.1769499,53.49964168,1
0.018095022,2.682295594,820.9127271,43.51097102,0
0.015489326,2.20892438,774.8480719,51.48418856,0
0.02002791,1.985234304,777.8590832,54.46770045,0
0.021631311,2.273027071,820.7112156,33.88073848,0
0.021940572,2.97500956,787.1213065,42.89410836,0
,1.873184751,779.5639013,37.23889945,0
0.025635679,,798.6427713,50.93046818,0
0.030807811,3.374696951,813.4661185,45.73024409,1
0.01890481,1.779038655,819.0086021,41.48301253,0
0.023844338,2.475674928,811.6490362,53.60355643,0
0.028980005,3.065723649,807.0159385,61.90603367,0
0.026994544,2.711747183,778.4430886,54.10017643,0
0.028804133,2.568899271,803.6305366,48.25901906,0
0.016845118,1.9005144,761.5342045,63.42729023,0
0.014292892,1,740,36.76133305,0
0.021732409,2.163603957,765.2684381,50.68415613,0
0.026344786,2.639352668,827.2549116,52.07008406,0
0.0254985,1.842613287,799.5919159,51.50196843,0
0.013103921,3.111178877,774.9407183,45.76009334,0
0.023752398,2.625613174,799.3523766,,0
0.023411504,2.699631806,791.8666541,43.16895668,0
0.020179816,,760.5598281,51.11508772,0
0.028586717,3.129970195,776.3450339,54.99581918,0
0.026745763,2.537872893,795.0188205,41.45089093,0
0.018373356,1.560010301,763.2857986,72,0
0.007848238,1.854870013,798.9007411,52.69839166,0
0.018755042,2.481883524,845.5811163,48.20309343,0
0.024774754,2.564953127,773.3687665,54.13778732,0
0.021764766,3.111102737,791.9764785,42.66909382,0
0.031529923,2.434115583,857.4752607,52.93084364,1
0.027102339,2.050151828,799.1367838,54.37106851,0
0.026964378,2.386760713,795.8045485,40.93554344,0
0.015872377,2.006216227,784.2165962,56.43008201,0
0.012783934,1.918554323,794.1048155,54.41287015,0
0.025925211,2.580467426,838.5903801,58.37028105,0
0.020487837,2.620163945,753.4980403,55.65726029,0
0.020272178,2.608682378,808.3996669,57.59378083,0
0.020733795,1.743899819,805.0360649,58.31778005,0
0.020764308,2.126500005,776.9304108,55.39080634,0
0.022727405,2.12453555,780.3417031,56.88461599,0
0.023922004,2.589242871,802.4967315,56.39637726,0
0.025430431,2.777467807,787.5312974,67.21322175,0
0.023036322,2.376984807,787.8058511,47.84518129,0
0.01623799,2.305456607,778.9178175,51.89476087,0
0.011749486,2.93618652,803.4390486,46.89580315,0
0.02171564,2.728578879,770.3640642,55.00702316,0
0.022356761,3.869713559,796.6668073,53.05737853,0
0.022273474,2.879619505,817.3074372,56.12591271,0
0.03033649,2.593218493,798.6751695,46.12626387,0
0.016140014,1.848868535,788.2233185,31.5400424,0
0.027493803,2.187982719,799.2848611,58.65827865,0
0.034859763,2.378284616,822.7080258,,1
0.021358444,2.015138287,813.8916508,45.13625721,0
0.030079991,2.065301322,807.5109529,41.11740631,0
0.033732823,2.714770986,,54.8930513,1
0.024275888,1.560752901,764.8672127,52.54411543,1
0.019383085,2.473764964,786.5191635,48.76599586,0
0.029334291,3.124443762,765.4407111,47.81838044,0
0.015176527,1.425609425,817.6196972,55.85775572,0
0.025598341,2.023715668,804.1379355,67.73203367,0
0.019046156,,814.0034051,47.96498057,0
0.026726692,2.308024207,804.6956745,58.19544987,0
0.012484014,2.214414237,813.4567589,43.79298991,0
0.005,2.550459114,801.8190805,,0
0.023736582,2.15494518,824.607356,56.23137603,0
0.023782346,2.472226711,783.2229782,49.73618196,0
0.020515601,2.041464376,815.2113719,46.27637825,0
0.024191716,2.325632984,839.4680168,58.12541057,0
0.023557997,2.42112977,797.4416567,49.57225217,0
0.020085864,2.51820343,740,43.21718789,0
0.013934798,3.077802937,792.3501767,49.64988009,0
0.023754371,2.698948991,791.919997,53.18840073,0
0.005,2.546654457,779.2907007,,0
0.020948135,2.807223894,816.2684911,57.84193819,0
0.02070592,2.983321716,766.8999157,50.09932028,0
0.026640407,3.157567551,781.9092024,40.55940601,0
0.023429032,1.16803443,755.1202381,56.48411766,0
0.023545574,1.410707628,822.2428582,47.93832568,0
0.01632599,2.832319213,842.5699748,64.65863451,0
0.029394019,2.737715335,791.3328836,51.05153997,0
0.030011214,2.871188303,860,49.60021757,1
0.029729099,2.962256544,798.450889,47.6137054,0
0.016532907,2.429517273,824.7049702,43.70672652,0
0.009876638,2.249515753,796.5197655,48.34570811,0
0.025283038,3.338167292,749.1564354,58.72808838,0
0.011522124,2.384721992,836.9994306,32.40741547,0
0.03924703,2.892120549,859.8726197,40.51446408,1
0.022037641,3.37189797,796.960807,,0
0.031719326,2.893789677,824.7561245,45.23392887,0
0.032707937,3.278054297,801.2879625,48.56912784,0
0.019512707,2.276905706,794.0171717,55.6283476,0
0.034348868,3.325498889,807.1018161,42.54710271,0
0.020459714,2.179028537,808.5544403,41.91065546,0
0.023951604,2.653928935,793.0680832,50.24994877,0
0.023883022,2.950385562,772.9056142,44.92531785,0
0.031656351,2.31449827,788.7082465,,0
0.030317867,3.157160606,801.8703844,55.44451093,0
0.021097173,2.184427413,793.2777216,56.03891076,0
0.029743198,1.609714397,794.6812063,45.32874267,0
0.012664048,,798.4804439,49.60403814,0
0.015371745,2.825165838,793.0564465,30.07856741,0
0.023123108,1.780968256,797.7435717,44.75559767,0
0.02463485,3.35731441,778.1210072,51.58119836,1
0.02271449,2.076029195,824.4175384,44.5626936,0
0.028012974,2.296972112,808.4310004,37.69657675,0
0.020992593,2.607336131,778.6364908,54.58688499,0
0.02535452,2.750297918,763.5173625,46.36436058,1
0.024602397,2.357626003,814.7981053,49.12807907,0
0.034399046,2.253060844,809.4391486,46.60458427,0
0.009037156,2.64714203,783.9865353,49.73206871,0
0.017174964,3.995275436,751.0730373,54.57488047,0
0.029614569,2.510214618,843.4262038,35.52994248,1
,2.792227967,766.4989823,52.55014296,0
0.022373363,3.185119398,792.2574866,46.04666065,0
0.025366802,3.071086386,785.0995725,51.30177433,0
0.033895354,2.444749104,806.1832358,40.55995772,0
0.025068454,2.658558981,833.8566897,44.46219183,0
0.020679211,2.476253146,793.2411119,46.92233947,0
0.013492956,2.519214591,812.3219328,50.60536645,0
0.024155507,1.894593806,752.6503721,39.84867755,0
0.03469737,3.271745686,779.3363679,44.97149928,0
0.020612966,2.810059467,779.9078982,56.49116024,0
0.015458472,2.395425189,801.4144251,46.41553073,0
0.013778231,2.074348513,837.3943793,45.86007529,0
0.030790708,2.754101975,,53.94129341,0
0.023574153,3.051529614,853.1683871,43.6539834,0
0.022100488,2.280234346,849.9349776,51.12777787,0
0.017240013,2.587920286,749.3315817,55.5988133,0
0.019618455,3.032849693,740,40.14727781,0
0.018051391,1.833783704,791.2929343,42.75946408,0
0.034837134,2.595006338,785.7208956,42.00815937,0
0.024326466,2.061854645,789.0713323,53.64476421,0
0.032684785,2.73170602,813.7036495,38.98697907,0
0.032738633,2.80696282,801.8670205,57.76508453,0
0.02972767,,786.0322483,58.53055021,0
0.019641157,2.22374787,772.1484431,34.84559762,0
0.017539185,2.781014922,766.1362037,40.10655217,0
0.032140717,3.030025092,760.9219134,37.00840659,1
0.025387058,2.324546526,792.5287777,55.69946598,0
0.016281649,2.295776326,841.496541,50.72438815,0
0.025734656,3.030226046,773.5878778,57.28016881,0
0.028291408,2.947743792,836.5349985,49.38622157,0
0.025583534,2.596395778,760.9393131,50.12444287,0
0.026474869,2.503606748,772.52259,43.06201674,0
0.021113196,2.591715258,779.5211705,45.58199384,0
0.024171456,2.617296284,779.8790039,52.44928324,1
0.01030428,2.405602188,806.696382,57.83442629,0
0.020356563,2.360614668,795.4302408,28,0
0.018605238,2.321708422,777.626714,36.95220266,0
0.02367225,2.289445359,828.3032424,50.63190528,0
0.036706708,2.96182753,787.7506094,47.05358935,0
0.021439989,2.467031446,786.7895592,45.70229442,0
0.01978206,2.46130314,827.3994399,56.58284383,0
0.025203892,2.836423827,818.711132,50.46417184,0
0.017603597,1.812126442,799.2584859,56.73295154,0
0.020520541,2.813013769,793.3678593,49.52607838,0
0.026788871,2.023525598,806.69866,48.94808579,0
0.023906741,2.950141937,777.2605725,44.66979779,0
0.03280899,2.514535135,797.5549101,52.22356373,0
0.01340056,2.905345435,796.5337743,56.83942863,0
,2.033643203,799.5138462,50.42267559,0
0.028625914,2.409120859,805.2176491,61.24548204,0
0.026596303,3.376750413,828.4511613,41.52981858,0
0.026105148,2.920519153,812.336468,51.45597961,0
0.012316024,2.489687551,816.4691885,57.44524186,0
0.027119551,1.88483774,787.7062833,45.19863529,0
0.033749131,2.322172556,759.4309512,64.49940483,1
0.020578837,1.995531615,840.6194928,64.82282611,1
0.029023492,1.805001613,824.8583621,35.47096904,0
0.020879957,2.246218683,803.0450776,56.59841249,0
0.018088912,2.138875147,757.4611519,47.55692392,0
0.021530224,2.280047265,773.3418404,49.29363515,0
0.017103453,2.232485498,796.2814928,66.53892364,0
0.033957918,2.35923987,,59.65172322,1
0.031179924,2.649582035,784.1935902,42.28461726,1
0.02813478,2.880819674,771.2832522,38.52914924,0
0.017831113,2.145662434,766.6819927,47.43278509,0
0.023687407,1.996496651,790.9814662,44.12900281,0
0.027188697,1.996419526,823.9068473,43.00836623,0
0.023466451,2.919446525,792.1980447,51.6129958,1
0.024519269,2.129257452,814.3579165,57.01932302,0
0.028253967,3.473266137,817.2694868,50.26952728,0
0.029919545,,780.7074157,61.84163972,0
0.025346659,1.657084838,825.6380285,49.75887268,0
0.013477326,2.926118644,793.3459406,44.89915521,0
0.027040464,2.255101325,820.2904069,43.21654428,0
0.005596966,2.774882024,779.0611151,46.36044835,0
0.027954482,2.755796626,806.0972566,43.89401867,0
0.031644675,2.253269898,779.4495067,49.34008945,0
,2.153382178,775.3970192,50.48242154,0
0.024297265,2.191101504,788.6603051,44.85655615,0
0.025380841,2.33081757,780.4208291,51.15520778,0
0.017313632,2.633445057,787.9798184,54.18209707,0
0.020981829,2.700623186,818.6926633,51.48664213,0
0.028514762,2.151596042,828.6555835,64.73361222,0
0.036648946,3.627158906,796.7964597,64.27372092,1
0.023475327,3.083764085,785.1284671,54.71794044,0
0.024082163,2.334123783,846.8505923,56.31474562,0
0.019189619,2.883958227,787.9085945,38.8428801,0
0.022597512,2.295688179,807.000671,47.68116709,0
0.030135026,2.791541248,786.2247093,50.71262675,0
,2.792878214,819.351297,54.56044475,0
0.025479075,2.875109071,841.7163383,47.72280339,0
0.026243296,1.638690729,805.4569963,48.60286142,0
0.030232011,2.916312499,,40.01219385,0
0.025164824,1.857733194,832.1545087,57.64165684,0
0.030857906,2.991823866,740,54.48945424,1
0.025875812,1.729872687,762.0310524,40.8090332,0
,1.501357312,806.3202023,48.12412779,0
0.038824693,3.120650874,793.9928539,51.81040158,0
0.028049131,1.997685156,819.0351053,57.29890191,1
0.018957307,2.472512582,825.1886884,49.9559248,0
0.026614241,2.098704006,804.8701041,38.11734969,0
0.025168798,2.901665137,800.6672676,53.94178867,0
0.038032986,1.738481732,778.3898507,64.61088558,1
0.028236582,2.521723674,764.4560534,54.94029265,0
0.030979755,1.900940172,817.4213596,47.20888862,0
0.022921371,2.671295476,784.5034418,45.29341846,0
0.030416569,3.641646907,840.003335,47.97475008,1
0.017664592,3.058790312,806.3591752,49.01248216,0
0.030620309,2.397502445,806.6795441,54.27160507,0
0.034292602,2.5552666,792.2129542,48.39111014,0
0.024309034,1.823630285,781.5980878,55.27270149,0
0.029018417,2.550874824,790.8237257,44.74247915,0
0.024407408,2.26621028,815.6278306,51.06585066,0
0.022487051,2.11968064,807.9829468,44.24609473,0
0.016611976,2.69043311,776.3093613,54.3113019,0
0.028050229,2.450590428,773.1542612,48.3347458,0
0.025744297,2.745749769,819.6300469,49.8533238,0
0.022828556,1.52551938,827.6912099,43.89727011,0
0.013247638,1.287311763,778.7350081,50.34017371,0
0.030005882,2.402822498,813.0475769,52.8194318,0
0.020322002,2.821459424,825.5330393,43.41766114,0
0.006893751,2.342230146,777.7204157,56.8603832,0
,2.437930888,853.7710679,42.54827304,0
0.030717689,2.689537923,811.8422394,45.03886486,0
0.022068378,3.12927367,803.5670379,48.66524409,0
0.030205761,,786.3198475,60.23038596,0
0.017463275,2.578210953,796.6294002,43.93216059,0
0.033244491,2.993912291,794.815521,56.46272278,0
0.023496734,1.988660797,789.1833125,54.86588178,0
0.01606787,3.225480286,770.7205081,43.29242921,0
0.012117779,1.540324048,800.1930288,51.21487076,0
0.031702554,1.974253607,771.5350738,44.09448647,0
0.027439761,2.125401034,832.5736516,70.25885787,0
0.024755337,2.110378034,806.299263,70.74861373,0
0.019288599,2.723740884,769.106013,43.73346771,0
0.024290704,3.194384668,789.9819661,42.72276985,0
0.018451593,1.951498649,786.8808763,61.32383773,0
0.026027938,2.49519971,799.1854384,55.87709793,0
0.029095672,2.615863386,768.2603027,53.88560966,0
0.014605097,1.70784364,801.7342335,60.23896107,0
0.036895828,3.351427454,805.3742956,55.06358269,1
0.011938712,2.113296365,812.4395265,45.75345839,0
0.029626179,2.636728614,750.8240708,50.87598793,0
0.030926117,2.563873297,782.8435339,57.09119767,0
0.022781539,2.464773317,798.3551746,49.37678184,0
0.031484612,1.865338188,823.236698,58.16131046,1
0.026741364,2.962243797,812.6306342,46.68249241,0
0.025757322,1.864680505,766.4435708,49.8684938,1
0.015255157,2.704243689,780.6118416,41.49284059,0
0.014246824,1.278008686,833.2530554,59.07949812,0
0.027216937,2.961661656,802.6754798,44.86362513,0
0.023248345,1.51302475,798.7268713,45.83302555,0
0.021787532,1.741877313,832.2311639,46.54787879,0
0.009511681,1.959368999,830.5204526,52.71008669,0
0.027636206,2.409659795,786.7429876,35.55145347,0
0.025413707,2.176875202,818.7668398,57.47749001,0
0.033247428,2.851575445,789.3148135,51.33754285,0
0.012928703,2.171537428,846.2884538,38.80445777,0
0.029650953,2.459721014,841.8101829,47.34855127,0
0.031181028,2.726524766,812.6346412,55.60992117,0
0.022855717,2.715633438,760.8182013,55.03715239,1
0.022853012,2.823857292,812.9566588,33.45335412,0
0.031794548,2.907889731,832.0465278,49.47986451,0
0.010100016,2.194088753,809.2976958,51.63488033,0
0.030144441,2.334535616,783.6539066,54.63465793,0
0.016443681,2.570141572,781.6382687,48.62082146,0
0.030898127,2.085444034,835.4854557,48.22783299,1
0.013314457,,769.960133,69.56305408,0
0.011200102,2.806136329,790.0140916,50.09529558,0
0.024983771,2.996387745,816.1686153,41.9251189,0
0.011123688,2.082515601,774.6235438,37.86827674,0
0.029339291,3.503019773,763.0946673,50.97414159,0
0.018656376,1.725554967,825.3280048,61.38951899,0
0.028246898,2.618553597,797.4962013,61.68023542,0
0.011869641,2.602953028,846.6863787,40.75204456,0
0.023757739,3.387485873,789.7678075,33.71292138,0
0.014902434,1.480744344,806.9682606,56.77005549,0
0.013398621,3.094989239,825.4310537,39.44035335,0
0.01419574,,805.6910533,43.06786667,0
0.029021192,2.699973101,824.3250747,47.96667011,0
0.029021333,2.774568534,836.3797213,54.86871745,0
0.026613539,2.342173849,801.6053988,46.71109465,0
0.024752178,2.110705284,778.9394109,44.66110553,0
0.017773928,3.42226286,754.8118969,60.34418257,0
0.010082046,2.313783711,794.8701851,,0
0.0335636,2.182041478,795.1608751,49.15318821,0
0.031323322,2.412885945,816.2351749,46.02950102,0
0.023103695,2.306974648,777.3003647,37.85133358,0
0.020326237,2.42162391,811.9182038,40.16028323,0
0.014900927,2.17353627,833.4010376,48.75365814,0
0.026857445,2.81563168,805.5965961,48.57711237,0
0.030319981,2.269118782,781.3356786,57.09286702,0
0.03733654,3.676018235,778.1383753,56.72829694,0
0.026643737,2.425203289,778.6243064,43.50431678,0
0.019970688,2.206360636,821.2458347,54.69514277,0
0.014091508,3.073826988,797.208763,50.61678143,0
0.022087195,1.756049521,834.7869222,59.59014941,0
0.024861756,2.252555997,802.6498856,46.72802966,0
0.025102535,2.725225907,804.8748763,49.21086736,0
0.02051914,2.566818042,782.556929,47.44162125,0
0.035208288,2.221047106,767.7906064,42.60815528,0
,1.986869391,786.4163291,48.27975702,0
0.029837552,3.806554579,807.239535,40.67245007,0
0.026299096,1.683367247,776.8526458,51.232745,0
0.037533997,2.907181297,810.0810963,43.42484979,0
0.021122256,2.550492624,794.0971491,58.1733727,0
0.027531714,2.937775274,828.680666,43.43221672,0
0.033967689,2.818423239,809.8586765,49.62038744,0
0.021074405,2.050921753,825.324247,65.25328099,0
0.023468395,1.745037313,800.9003176,32.46148352,0
0.012795841,2.382292089,787.4897519,39.01448035,0
0.026479789,1.990489343,808.2065731,55.54444006,0
0.023370882,2.299054826,813.180045,49.21130121,0
0.021008734,1.554988492,799.5453283,60.88600648,0
0.015285892,2.266066883,788.930484,37.63768175,0
0.030394326,2.998637998,816.3697811,49.09482742,0
0.01683879,3.455943828,778.6490473,54.23902813,0
0.023032723,2.202741934,806.171339,53.75980202,0
0.022016233,2.461181751,814.7999305,40.35974816,0
0.017294249,2.215930837,764.0042971,40.15272073,0
0.023604536,2.2923212,807.58836,53.39954466,0
0.013171484,2.68491375,787.5074701,56.05387228,0
0.030568052,2.786209296,805.4129171,,0
0.014843842,1.240142929,791.4110709,56.65143792,0
0.024736072,2.981141895,784.449414,41.99662274,0
0.022087151,2.922593332,809.9188324,56.14301133,0
0.033991074,2.245323043,831.7552895,64.18007715,1
0.031187673,2.97329753,803.9264442,54.16952764,0
0.023587788,2.088743761,800.7287327,48.10912082,0
0.025873582,2.489178834,801.0030874,48.34348427,0
0.012530276,1.699470117,812.9522268,57.84259576,0
0.04296589,1.863539426,802.4339345,57.23067712,1
0.028193481,1.960776295,772.7931839,37.63236762,0
0.028256406,2.499606924,798.5476446,37.40651736,0
0.023514696,2.515539352,761.4046595,,0
0.019165325,2.914676679,771.4309344,43.48740505,0
0.015932905,2.157427655,795.6744042,54.61775121,0
0.017350448,2.339671225,783.3235319,52.18901028,0
0.02162823,2.697651304,835.7369563,42.39797193,0
0.039189278,3.269093888,837.2943464,56.06221224,1
0.028578533,3.079084577,823.9358769,53.74718068,0
0.02661469,2.117500171,793.4309074,44.97572875,0
0.028226766,2.523831113,785.1452733,42.04591503,0
0.01378945,2.116286787,791.5148733,57.10624105,0
,2.793840352,801.1062357,39.79076672,0
0.027126285,2.399818982,813.0271664,65.04472263,0
0.02297218,2.730733421,832.4604138,48.70779202,0
0.018840731,2.103831735,860,,0
0.031457365,2.169961279,816.6316574,52.84026346,0
0.01533056,2.060993811,783.787967,50.48380806,0
0.024525934,3.367610338,816.5999737,56.00207599,0
0.024651238,2.898390231,803.6255778,60.58939665,0
0.01143536,3.184712441,785.0657461,45.68968901,0
0.028661355,2.797095237,827.3034645,44.08046161,0
0.036055258,1.657644016,769.5344488,51.7924466,1
0.025737131,2.772884805,819.8887204,44.80924495,0
0.026067376,2.263153116,776.50189,45.31208197,0
,2.826765314,798.6695715,44.47206663,0
0.031004778,2.98848097,747.3192409,52.47586992,0
0.022935666,2.232023133,769.4376376,50.84934554,0
,2.389998833,,49.62459613,0
0.023336301,2.657823042,752.2577429,53.21613485,0
0.020149098,3.945269419,804.2946156,42.22535453,0
0.029004814,2.258672483,805.3343158,62.61092549,0
0.030186398,3.030981149,779.5037251,42.98885089,0
0.026711379,2.696987989,774.4338629,54.68438428,0
0.029011719,2.916206661,801.2447148,51.97915497,0
0.014751012,2.542735362,830.6458808,42.53259454,0
0.02673482,,793.0037084,46.72236969,0
0.031611297,2.535213393,837.9496678,,1
0.005376948,2.215979705,758.505006,50.9087447,0
0.03400036,2.627654014,754.8418583,44.28545063,0
0.044032934,3.133530263,797.5571171,55.99534079,1
0.023275313,1.715851443,822.0690681,51.90747867,0
0.018103205,2.626714086,761.6285457,54.48755658,0
0.023737433,2.761056275,773.6462091,59.21184808,0
0.025125351,2.9254743,784.1106598,49.87733869,0
0.028378232,2.568594182,855.0463063,55.84948176,1
0.037337091,2.445055964,779.0709826,49.13067767,0
0.027095896,2.87144227,807.0439005,57.0411942,0
0.017174726,2.432978022,804.234407,49.97177997,0
0.012251445,2.587302855,782.890998,56.10359023,0
0.026605148,,784.2956819,60.72800466,0
,,825.9036594,55.91602018,0
0.025816138,2.811442337,760.966324,53.9509198,0
0.017922493,2.541992683,813.8325085,45.58431408,0
0.03109894,2.52915999,798.9055703,72,1
0.023841987,2.260548086,789.0258707,36.61836001,0
0.008894658,1.496837389,767.750301,64.21189124,0
,2.499424636,856.0749588,46.5952816,0
0.027105192,2.168196823,820.7891326,42.17776949,0
0.02751814,3.073783598,800.9273439,45.42742262,0
,2.329551235,810.7385641,50.96438373,0
0.024292317,1.959831193,765.9201046,53.422672,0
0.035073297,2.249274381,813.4007888,55.6196253,0
0.036692219,3.10192667,792.4128835,50.28008636,0
0.018694625,2.317911018,824.1181398,63.42358536,0
0.028233067,2.815599499,813.5770663,54.8081783,0
0.025902549,2.137401042,829.8406444,46.50634487,0
0.024165955,2.882921211,814.9111783,49.98364376,0
0.029079908,2.582242776,800.263365,50.62519109,0
0.016821073,2.873967971,836.2991752,45.049197,0
0.022011362,2.967049322,824.2996087,52.04699681,0
0.033295521,2.830746366,795.9947753,32.57794548,0
0.030338686,3.321032245,804.7338088,53.72027116,0
0.020237388,2.367700929,811.5933062,43.98063785,0
,2.270493238,821.7046208,47.46992195,1
0.021342989,2.958246146,805.2694866,,0
0.009987324,1.681696658,828.4550519,45.72613952,0
0.023581178,2.754331114,814.3106644,54.94889521,0
0.030323273,2.62253174,807.6466302,54.83179793,0
0.033204935,2.01178457,781.9701519,67.02760588,1
0.038797641,2.417863625,812.7736735,55.30287076,0
0.021163906,3.244405675,806.0921512,57.57138047,0
0.027473902,2.623601204,787.3710569,61.99639986,0
0.031834914,2.613486552,776.6221631,52.28060784,0
0.016556611,2.257775851,793.3354946,28,0
0.030625561,2.250691761,803.9952705,50.61561598,0
0.040882467,2.607713481,793.763612,39.77305729,0
0.027138238,2.2990314,795.8841243,62.39883717,0
0.027290082,2.217678501,761.6836506,62.36642687,0
0.020433352,2.02277862,804.8656564,48.96665093,0
0.026265074,3.313204255,834.7442056,,0
0.022995457,2.92548848,750.3931827,48.55396444,0
0.027658754,2.791405731,794.1049177,60.96584833,0
0.036434086,2.778707866,789.3808283,39.56239942,0
0.030884507,2.573324776,829.7114248,56.40261356,0
0.024522578,1.515323094,806.3707518,50.36450773,0
0.027645093,3.431561325,764.9939186,41.79943643,0
,2.166789352,740,56.58918768,1
0.018705551,2.159944291,794.0097547,38.47838815,0
0.027430874,1.746078979,810.0533929,60.82227966,0
0.032601104,2.314334457,789.5424538,52.42884928,1
0.01738735,2.833831296,840.7736466,45.74725163,0
0.025654548,2.356773495,827.5926093,46.90943045,0
0.02025897,2.801809546,789.0454769,52.29505812,0
0.027292557,2.362227888,778.7549784,52.26872225,0
0.024314648,2.393297755,794.9890243,35.87564905,0
0.031344738,2.566204736,797.3262147,38.82517718,0
0.022818767,2.015519441,817.8117319,55.55446478,0
0.020377118,2.408203743,768.5342215,58.39288598,0
0.037582503,,799.0205514,54.66075176,0
0.016431822,1.555738452,779.0332563,47.77576629,0
0.023202772,2.004837303,782.1468079,46.25620165,0
0.020644662,3.087187581,767.9780787,53.10893192,0
0.021208636,1.583638898,815.6183198,46.95628434,0
0.021263586,2.112151164,765.2606054,48.58234429,0
0.029179983,2.794858974,820.6973235,40.39444608,0
0.03430364,2.890099026,803.821978,57.71932508,0
0.025760123,1.460035021,785.6744271,48.75512746,0
0.021879942,2.746474229,833.7308142,44.73645474,0
0.027108685,2.976784899,804.6380647,56.62264145,0
0.025889885,2.8944486,835.6925531,43.53948633,0
0.018299773,2.274044769,808.5379758,70.04067468,0
0.019507559,1.845993526,781.516321,48.14458273,0
0.024937534,2.435879158,799.8798904,49.8388156,0
0.010980741,2.178620122,776.7738446,59.74018179,0
0.025883483,2.444604729,795.3335985,47.70971294,0
0.016935946,2.220056912,828.9924747,52.44307852,0
0.024707272,2.412265862,829.7861048,53.67328776,0
0.026201774,2.942928668,770.6305643,42.71986511,0
0.028018047,2.704826846,789.6772275,36.76641272,0
0.021192184,2.150832089,839.4001392,59.74600433,0
0.03640833,2.42501052,790.9042142,65.99728064,1
0.025082421,3.022503075,810.662824,43.71198456,0
0.030713072,2.021359198,838.8700072,64.10031377,1
0.015546705,3.371573713,776.0475886,56.68340986,0
0.035568361,3.099228681,792.3728216,43.99030509,0
0.025531759,2.591473603,810.5232547,48.97271566,0
0.019573347,2.269431446,803.9003336,44.30751562,0
0.026054897,3.25969728,812.132839,45.55461626,0
0.032372562,3.125405973,785.6958837,38.99053658,0
0.023661701,2.431283269,779.7060418,50.92924775,0
,3.196543712,770.5000537,60.41119748,0
0.03223775,1.520259894,756.6045688,53.5779412,0
0.017674672,1.811016278,824.3277673,45.40172607,0
0.020461173,2.46997737,814.5191124,44.8064671,0
0.018827254,2.650814264,802.5102496,49.19978962,0
0.023526925,2.800405392,805.1020805,49.29240449,0
0.020866348,2.204151753,800.1354189,51.13022093,0
0.028319872,2.584242889,814.7847007,55.93804294,1
0.034225319,2.358377075,775.4673587,48.9880952,0
0.023447393,1.499989105,800.275478,41.29400171,0
0.019491976,3.258237192,800.1917723,45.13197376,0
0.031447239,2.251614164,813.6425494,46.40903141,0
0.025615517,3.661730013,778.4966318,48.34640896,0
0.023099253,1.885932639,765.0080994,55.02807399,0
0.023906612,,795.1255299,52.72345145,0
0.030949711,2.735508621,824.2546269,49.78347359,0
0.031772653,2.072202833,790.8595315,46.38683766,0
0.019778995,2.522560201,796.4502589,46.79079452,0
0.026151255,2.116772824,814.6477753,48.55684858,0
0.024416452,2.24361007,786.0653054,43.3512926,0
0.025453949,2.590100491,778.0571854,40.48005213,0
0.027077398,2.174259524,807.0287797,57.75690591,0
0.029142598,3.947942699,748.3058776,53.17326644,1
0.01935531,2.326342503,809.2203829,38.62579365,0
0.033088089,3.206129883,792.2228845,39.54658954,0
0.027050737,2.89139325,809.1022446,49.15276757,0
0.023881328,1.797263872,831.8052155,64.21330798,0
0.031531644,3.417501054,812.7745867,54.89550081,0
0.03507536,1.924077599,820.6946,46.15694854,1
0.019773362,1.814792658,811.2421663,39.66279581,0
0.030087489,2.506352854,827.7137682,53.39688813,0
0.015488811,2.689231017,809.3986289,60.03351803,0
0.026800535,2.997944241,813.4902036,57.12013327,0
0.034502549,2.831261307,800.2693131,56.64724382,0
0.022640686,2.865308744,780.6246945,54.3831368,0
0.029346826,1.84968313,771.449943,55.27126508,0
0.031897915,,794.711478,49.13290837,0
0.027575389,3.283181737,810.6631715,67.03568818,1
0.020664637,2.803843366,803.8114473,57.63598611,0
0.020874734,2.630013478,789.3102942,49.27815594,0
0.024147176,1.84498928,853.5524047,49.08018942,1
0.021532834,2.99595144,820.1212571,45.68919215,0
0.028373319,2.195520738,788.7717797,45.53812165,0
0.012527779,2.826051183,794.7025528,57.54267587,0
0.035190563,1.886246039,815.2628478,44.57221974,0
,2.043064969,777.899943,30.45418051,0
0.033677819,2.406453726,809.6468947,50.63165675,0
0.021500874,2.223046256,801.7897296,53.12903315,0
0.031159867,3.182426855,824.7850364,57.55844571,1
0.022353491,2.564174289,813.2869379,48.86976526,0
0.019602473,2.953977258,812.7255072,61.82777974,0
0.020242602,2.37528012,749.7954076,,0
0.020397138,2.029374728,792.8123246,43.92663333,0
0.020213327,,782.1675575,60.53705392,0
,2.323053501,815.1636643,47.97565472,0
0.023944524,2.043938876,799.1402824,54.14475081,0
0.028125446,2.192480487,844.1499859,41.85936282,0
0.018697136,2.063588676,836.405946,54.71883993,0
0.022802152,2.197336864,793.4000335,50.02098851,0
0.024122108,3.180919675,809.1237819,48.99098958,0
0.018790224,2.063387393,787.3430445,50.41746559,0
0.021866324,2.89756214,754.5455931,47.80849474,0
0.028490968,2.439483823,794.3144665,56.74015769,0
0.025841589,2.03958928,825.3575654,40.10372895,0
0.024071553,1.832968396,799.3289774,58.45157462,0
0.029739638,3.395699686,789.626742,58.42903297,0
0.034600231,2.12085812,751.8341063,42.80134719,0
0.020575864,2.065547507,794.3242229,40.18151246,0
0.037591139,3.397614617,771.4700497,53.17518469,1
0.028144003,3.209637764,816.8646647,58.30560472,0
0.017417665,3.392800638,818.380633,56.67997951,0
,2.50812165,836.2102107,41.89673274,1
0.00989858,2.724123878,793.7215417,51.43245993,0
,2.229111115,796.2586311,,0
0.020936595,1.623621628,780.155269,45.18397058,0
0.023955952,2.136623823,794.8668826,34.21189556,0
0.019299466,1.767744934,820.473946,65.1395307,1
0.025022918,2.502355511,807.8972497,58.09365433,0
0.027443253,2.401765524,794.8496925,47.75777583,0
0.031348616,2.885579725,776.452983,48.89470327,0
0.020428612,2.537480249,794.5810611,41.79596497,0
0.0128225,2.859960526,844.9963966,45.12490942,0
0.017177883,2.054711383,775.805952,52.76057036,0
0.023874766,3.220624536,841.1282603,44.32153072,0
0.018260664,1.709456644,807.6746442,54.96095306,0
0.01676809,3.717244262,768.7606664,50.2711422,0
0.021917685,,801.6668114,44.62068765,0
0.023583898,3.126791462,811.400673,46.70100039,0
0.010235443,2.596575856,789.9762978,38.04759808,0
0.019830822,2.384829884,796.9771114,53.30950617,0
0.031797203,2.024594026,,52.853773,1
0.023932613,2.284445981,778.0299306,44.20817401,0
0.016100221,2.720787091,787.5748639,56.75770609,0
0.037980883,2.07068259,787.8263345,,0
0.024581409,2.7711579,785.6354452,47.12380214,0
0.013219648,2.398086301,792.5837558,56.46937009,0
0.015044602,1.94404219,779.5629557,47.65834742,0
0.028208597,2.399736282,768.5101438,58.11737005,1
0.02550027,1.997489067,,47.53160332,0
0.015816276,1.884518784,765.7017142,44.14000721,0
0.019427964,2.488212313,824.7175142,46.72207447,0
0.037524117,3.141567869,770.4465175,35.39751821,0
0.033855141,,791.1661514,65.17725551,0
0.019490498,2.473581627,786.7206258,43.41708407,0
0.012505591,2.234487776,791.9133628,53.32447646,0
0.03741182,1.830002109,827.8121568,46.9545059,0
0.01801325,2.183156215,790.0782212,57.58918166,0
,2.698002195,804.3116331,55.24405715,0
0.030002624,1.762570716,834.0370033,61.16380768,0
0.027304868,3.423698207,764.1304703,41.70988529,0
0.021185084,2.567185242,795.8466929,50.40886567,0
0.017644984,2.677342115,769.7204337,38.40946727,0
0.018893326,2.606613397,795.9837502,51.25808353,0
0.012864416,2.717078072,847.6265028,40.54483056,0
0.032923457,2.90458885,827.3644581,54.90030458,0
0.017591308,2.497213253,785.0819765,44.87968221,0
0.019260001,3.462956161,813.0549148,49.02272903,0
0.027273103,2.68429455,798.7027598,45.81061771,0
0.026963092,2.070469112,799.2607287,51.33358342,0
0.028716872,,792.7132741,42.46547457,0
0.024574503,2.374399908,744.6137891,51.61947647,0
0.024032042,1.651476373,793.8770438,45.75183656,0
0.025909513,2.803866538,816.2209266,46.02170273,0
0.022996723,2.174910968,780.0426928,52.91087757,0
0.035867386,2.304655684,809.0743568,59.81780408,1
0.026107064,2.756211831,816.2873848,41.76460092,0
0.020053062,2.31630548,826.7511145,39.01173401,0
0.029328648,1.830245367,795.0169323,46.85342043,0
0.023875604,2.281778974,854.5581887,50.82163125,0
0.036968858,1.708616094,818.6828169,53.11365035,1
0.028649741,2.965088069,814.1756812,48.64882951,0
0.024074562,2.39143773,791.3957187,36.21172726,0
0.034244661,2.509516376,778.8688969,51.51433566,0
0.030319874,2.693815534,789.1325783,47.02486879,0
0.023669471,2.53209698,805.7786528,47.31265442,0
0.017202567,2.20375467,846.5125758,46.44946065,0
0.025984825,2.295737693,824.0157921,50.79387593,0
0.018670412,2.525716945,860,57.21427364,0
0.023680553,2.904184914,795.7122907,41.07554004,0
0.027057291,2.748327682,809.2596897,47.35332009,0
0.018149753,2.580958368,776.0912682,39.9901302,0
0.024408143,2.854796863,803.8041207,47.86031302,0
0.024732103,2.295138205,801.1080992,49.2166313,0
0.037770504,3.186480288,777.4291026,51.99752106,0
0.025237033,3.112617618,814.8241903,59.55731813,0
0.028571179,2.442028633,806.623725,42.15166527,0
0.022963444,2.16154102,802.4028457,38.80879219,0
0.016907868,2.242404912,781.7093292,47.75413552,0
0.024618854,3.083022551,820.7797284,44.82144914,0
0.031807188,2.742173592,802.0493574,49.19511633,0
0.017821173,,810.8173803,58.35314578,0
0.008794531,1.806517949,801.3398769,40.42274622,0
0.016975555,1.753321295,803.0895943,57.00665658,0
0.018700627,2.064103847,798.5912157,53.97109811,0
0.027528576,2.374084335,818.0503643,55.4241958,0
0.026683767,3.166349923,799.9278499,59.4275651,0
0.03243939,3.102539608,773.761659,48.99886036,0
0.017679164,2.271945531,827.9135587,62.13967927,0
0.023520491,3.028323194,796.8153712,66.24856757,0
0.015266585,2.184302495,856.8444389,56.54216468,0
0.026908006,2.818567899,856.7428977,46.21061126,1
0.016112888,2.891832094,784.8975291,50.48266207,0
0.037827825,3.183708414,835.8265544,50.32492923,1
0.022579899,2.235936846,780.9983753,52.04199414,0
0.031674054,2.879709778,785.5213659,50.20743465,1
0.031372126,,809.9626083,45.93997944,0
0.026149588,2.235666902,799.9610663,57.36200447,0
0.02999627,3.119646898,791.3519808,43.59531314,0
0.018215916,3.413642208,823.2961726,56.91988,0
0.021701511,1.772110723,750.6299635,51.94723501,0
0.027453233,3.06869242,772.1177003,59.52848367,0
0.021092928,2.495369888,825.8563736,44.21570084,0
0.023691974,2.643664391,797.174728,62.12726887,0
0.023506915,1.774180243,797.1811193,56.94305899,0
0.015099898,2.246697884,797.079233,28,0
0.028624502,2.05745008,819.6242116,40.05157951,0
0.029549567,2.374861542,762.094955,,1
0.027845083,1.902236154,789.0470269,50.08645748,0
0.01848755,3.102560466,787.3458663,50.76562882,0
0.021876273,,808.7447449,34.14556387,0
0.033069041,2.774419186,824.9945773,46.38630152,0
0.011193419,1.707465536,769.7577929,44.82805068,0
0.016856957,2.577916449,796.9369334,45.31972178,0
0.032089641,3.200675482,790.4979366,52.92616638,0
0.025728902,3.000344122,860,51.96446463,1
0.005,2.01728302,823.4311758,47.47230782,0
0.032174931,2.798978843,786.9735063,61.12738985,1
0.005285714,1.578851515,760.172942,38.48167547,0
0.028037265,2.756865014,819.3135019,54.57487553,0
0.019033247,2.197835076,813.996325,34.88922776,0
0.019066529,2.141220433,776.2900885,60.10604504,0
0.02456722,2.599264545,776.2166189,37.12074472,0
0.023149685,2.591422123,824.9322462,51.44656457,0
0.029382853,2.759908434,838.9719157,37.15697003,0
0.037874948,1.956419821,801.9725435,55.52579479,1
0.029532625,2.093401358,787.6997628,49.73051191,0
0.012839417,2.604254539,,61.90191915,0
0.020904869,2.071839031,786.9294817,48.05405461,0
0.022748339,2.234287234,808.3428552,32.45681283,0
0.023583965,1.502383943,787.8087803,28.78759068,0
0.013054506,2.034203948,789.7984141,39.73500844,0
0.030465013,2.321958246,762.9197972,40.55756363,0
0.017330901,2.362672643,786.2341116,44.97433712,0
0.015450852,1.801877171,790.1161214,55.62374171,0
0.022004101,2.835727858,758.9970221,54.55077327,0
0.024404529,2.886393648,819.0423537,57.03177392,1
0.028189843,3.049985466,775.976121,54.72493365,1
0.033175071,2.379725151,818.0565347,41.66448785,0
0.017141523,1.935048348,800.6843525,48.7811739,0
0.02341757,2.302979793,826.6671392,44.35743594,0
0.028412005,2.447610886,797.6751247,52.91830156,0
0.023870384,3.393213123,815.6340431,56.12768171,0
0.017544457,2.33893168,799.967516,41.11257981,0
0.010954029,3.384199486,798.6754933,53.53290509,0
0.031347516,2.561833264,777.5720448,46.84100824,0
0.0237606,2.858235946,822.5527609,54.42956555,0
0.026677144,2.041316328,781.1972847,51.00731058,0
0.01621902,2.541965107,790.0828314,46.04182488,0
0.017699599,2.64246619,791.034991,72,0
0.032851071,1.941893129,821.5507306,43.95203537,0
0.017838093,1.974677584,806.4734976,48.03190761,0
0.034394089,2.225825863,803.1725465,63.65490875,1
0.016990076,2.876510656,790.5432646,53.37413653,0
0.018349562,2.999739112,756.4494704,50.41133836,0
0.025537691,3.201195986,772.5697357,47.50597394,0
0.013682726,1.99475618,773.2170458,42.91340281,0
0.016714902,1.416887832,818.4026906,40.1901535,0
0.023297605,3.458932593,784.2736635,37.47058865,0
0.028970233,2.477410151,793.2690896,,0
0.015512083,,808.9693334,45.68193669,0
0.019950603,3.105073222,787.9738482,51.6831316,0
0.024007628,2.403788358,801.9969249,50.68021997,0
0.017138436,2.649273336,815.6481116,45.95167921,0
0.024744813,2.423103386,841.485241,50.43401156,0
0.019734714,2.606332005,765.0246764,60.84950491,0
0.026424196,2.615641551,776.032366,53.6606256,0
0.02605415,2.567879436,810.5857238,45.15409876,0
0.020330375,2.857166607,784.5644867,57.6733638,0
0.02285978,2.587274843,740,47.17097224,0
0.032917827,2.735261903,770.767281,52.61913928,0
0.016762989,3.18541735,825.6850436,50.54886516,0
0.0310789,2.731350428,790.6724162,44.90460368,0
0.029572737,2.376409922,776.3676002,65.33319946,1
0.023694512,3.096736323,823.2114787,48.30981305,0
0.032235077,4,826.5860548,53.16762771,1
0.02277354,3.085409415,,56.04266215,0
0.018546531,2.433178347,797.2331408,42.25163615,0
0.036785617,3.332268207,803.1140486,50.77272002,0
0.016380234,2.736086949,827.7808141,44.33593391,0
0.022806586,2.265543023,790.3133337,45.70296353,0
0.021769222,2.287589398,825.1566619,47.04500303,0
0.014100808,2.571246961,809.0982127,62.63478308,0
0.025034084,3.000210342,796.6303149,56.53474242,0
0.015661124,2.657792649,762.5346089,65.31376016,0
0.021603091,2.624555532,819.7098153,47.03217401,0
0.021627546,1.847397142,772.3535518,56.89761559,0
0.012673625,2.507614529,823.9675332,72,0
0.017039117,1.644048267,761.6898849,47.20719363,0
0.017562057,3.066974659,802.03694,64.13140911,0
0.023887055,1.841495414,808.1702906,52.85441777,0
0.031783241,2.067829239,829.9573054,49.75524786,1
0.035721601,2.956443932,758.3446181,50.30248114,0
0.0186683,1.27869153,855.759647,47.07005953,0
,2.586291801,812.4329194,42.85189611,0
0.010960746,1,785.2353517,29.14879167,0
0.023495987,2.989377849,773.4219488,45.57499787,0
0.027861717,1.769196178,796.3674962,51.64090502,0
0.030143069,2.875386349,798.094129,60.67581638,1
0.030695378,2.402258264,792.7949826,45.21046967,0
0.019710502,2.678947845,813.0553386,55.95688611,0
0.015851486,2.010395302,815.7478205,72,0
0.027624383,2.686755243,786.5072218,33.09009873,0
0.029747478,3.020330445,824.1112701,28.29334899,0
0.02736693,2.633051071,833.1198166,64.17200409,0
0.031284436,2.424770645,758.9698037,57.74707446,1
0.034098107,2.213506722,770.0143285,48.68883791,0
0.021569582,1.65579652,823.6188356,58.88555664,0
0.023808364,2.42693376,800.702051,43.21383547,0
0.02440184,2.134405578,793.5803455,42.95795377,0
0.023843793,2.554784721,,56.73693853,0
0.024919124,2.872729796,778.7324959,44.25943052,0
0.028439817,1.789803157,824.2735989,52.24268776,0
0.028614921,1.97256262,834.7576356,54.55552904,1
0.011970919,2.04723217,802.4514432,68.61170208,0
0.03056179,2.291751465,775.0839445,50.79272557,0
0.028188482,1.253021241,821.7516343,54.38935177,0
0.019713962,2.163576371,795.9138667,43.91891971,0
0.030683505,2.848631103,802.4334006,35.44072253,0
0.025464459,2.554101412,761.5863137,36.80020274,0
0.015084667,2.182487234,754.2353781,52.73414946,0
0.033026584,2.669027804,808.962965,41.01765368,0
0.0280923,1.93531606,800.362631,47.42390877,0
0.014997043,1.891325398,817.582468,58.1657631,0
0.027864133,2.913476807,770.6518032,42.23873186,0
0.028640432,2.284894173,829.5736106,55.95465392,0
0.017441176,2.434935841,762.7704215,53.61596929,0
0.022341431,2.164516303,815.186696,45.61481489,0
0.022489461,2.735470253,822.2419198,50.50782077,0
0.018612025,2.757892765,806.4303051,34.2720853,0
0.029730695,1.402169935,833.0448461,47.75497474,1
0.0107738,2.083645091,788.3687214,52.05569477,0
0.028077568,1.697576386,787.904102,53.27014319,0
0.022646007,2.478974551,817.8668273,40.96477188,0
0.018277089,2.975108429,794.9364485,46.45306772,0
0.020881024,2.476887518,777.0651028,58.60016178,0
0.014652072,2.214816826,826.5988103,46.21649647,0
0.015655175,3.332674369,756.2849132,53.28861788,0
0.031519177,1.952933558,829.7255763,45.49714507,0
0.016302953,1.510592123,817.3624381,51.94010595,0
0.025878451,2.629046235,767.1251325,52.70700805,0
0.033215452,1.915000758,799.3215924,54.49946866,0
0.036064846,1.750726986,797.1186373,52.89221799,0
0.016280053,2.95829282,772.0187092,50.11214186,0
0.023755474,2.95057423,793.1217776,48.68110972,0
0.023867375,2.761163425,791.8839952,44.91432271,0
0.027710752,2.798060572,792.7433009,48.22022816,0
0.018658791,3.312928727,791.241587,,0
0.019145734,2.350200985,816.4040546,45.89862772,0
0.023415698,1.393749103,799.5564362,72,0
0.027737328,2.527154124,820.3781936,31.38044099,0
0.013652481,2.204323203,815.7037924,35.0308769,0
0.030641605,2.843370314,832.6380969,45.80438869,0
0.024620392,2.559711408,833.3346626,40.91659587,0
0.030103718,2.437786924,799.7472893,49.37703848,0
0.034046076,1.820718871,820.3464503,44.64862764,0
,2.949682776,829.9276096,52.17849625,0
0.014384505,2.922937695,776.9350997,52.01043949,0
0.027506235,1.65732008,807.9113934,44.12000185,0
0.028002888,2.545447886,829.2610864,52.29884171,0
0.021294545,2.663891051,811.8515762,54.04048756,0
0.027559279,2.770656497,775.1949362,34.96181783,0
0.021625786,1.50479285,793.962191,44.10199188,0
0.017477554,2.231902804,781.5786331,50.47445389,0
0.025585622,2.747435199,,51.71074214,0
0.01716445,2.444638597,793.4283438,38.82197523,0
0.011314829,1.606405127,746.9746606,42.4421447,0
0.020408013,2.145180856,772.8860946,41.45248955,0
0.028457414,2.847551202,800.4555451,61.1370887,0
0.035097537,3.538183281,829.7996825,45.48338995,1
0.034783543,1.543840962,821.5407352,51.78816502,0
0.030230041,2.243859193,797.5444571,54.47319319,0
0.035004977,3.108065356,810.1722373,58.2684399,0
0.022603096,2.286960338,835.0597323,43.74578927,0
0.019111085,2.422462954,796.9509681,60.8935606,0
0.02487182,2.535679219,847.4543287,44.95604434,0
0.019622866,2.503822681,813.8464393,48.56463313,0
0.033192851,2.092622968,779.6891236,,0
0.032219956,2.107671381,781.8293564,62.53331382,1
0.01618424,2.51487038,831.3345464,48.08825153,0
0.024845728,1.667365653,799.3868868,53.13712174,0
0.024462732,2.404975109,794.4353746,38.87152604,0
0.027955863,2.491403941,792.1496398,56.43585115,0
0.025938435,2.458873384,811.7752243,55.80456124,0
0.031266396,2.696856107,801.6581956,52.03137437,0
0.02344645,2.548063042,,52.61111285,0
0.026489358,2.309756287,780.6541238,54.95571909,0
,2.60500382,780.0449789,53.79436682,0
0.020487098,2.580289245,781.8437441,49.32293953,0
0.029488562,2.701896403,817.0101547,54.33193797,0
0.014625776,2.12098055,803.7785155,47.79544327,0
0.039271241,2.644717708,767.3444425,35.17993337,1
0.036403082,2.06080267,819.403612,61.2432367,1
0.022285664,3.096083754,811.9900989,52.95763999,0
0.025609205,2.862661253,787.6655072,61.99207462,0
0.023721694,3.0130259,805.7912658,46.3922943,0
0.024335857,3.124579618,786.3677135,44.01299433,0
0.034528562,2.540874181,794.5146404,49.1784469,0
0.019383711,2.363039781,800.9606395,56.86898278,0
0.032154707,2.6568963,793.7090292,59.45948058,1
0.035662809,3.207524604,836.393898,55.489217,1
0.027846496,3.289893135,740,50.02854568,1
0.023272493,2.887796757,836.0500726,52.43367257,0
0.019933723,3.101833144,794.1959283,63.4110991,0
0.021631448,1.425521838,806.3881897,58.1032249,0
0.025318877,2.46073378,750.2183511,51.14014902,1
0.031893222,3.084694666,816.014033,41.17364179,0
0.020968949,3.039177062,762.5414893,31.75614308,0
0.015735864,3.252358227,793.8739527,57.38658382,0
0.021120169,,808.8233663,57.39723201,0
0.014078125,2.720540237,773.0987791,51.23634027,0
0.015561741,3.525001029,785.9840466,47.25101749,0
0.024755056,2.198895021,819.2743637,36.0014385,0
0.025859796,2.746319743,843.4696177,47.48761548,0
0.032821977,2.332131014,820.7817956,48.37037134,0
0.031345318,2.523191282,821.1185341,37.83414931,0
0.019085086,1.886479982,766.3356827,52.59722776,0
0.024922295,2.98859202,815.0350016,50.00971023,0
0.01407161,1.89605473,806.6764846,47.77262651,0
0.024564867,,838.3246339,46.85790368,0
0.032861702,3.078081687,805.9734953,58.08050542,0
0.031598527,2.489114908,829.6619614,58.7704385,1
0.017842137,2.654838787,812.3154191,45.13060207,0
0.02026012,2.114848714,797.9872201,57.70166732,0
0.017313283,2.641991199,780.2015438,56.57934374,0
0.029738767,,821.8082472,56.68483745,0
0.022237331,2.213058342,777.6587362,50.28398848,0
0.032608082,3.113158585,766.0901271,49.65413132,0
0.02222918,3.068998356,830.7149492,53.79578483,0
0.023745707,,836.9237222,48.45135281,0
0.034000946,3.407368846,798.7271704,40.09793723,0
0.029606854,1.898697174,858.2182014,53.36731853,1
0.030741714,2.226712451,845.6474755,64.2909185,1
0.022435551,2.295112682,798.3854178,57.02600931,0
0.03322953,2.536182125,792.2563477,57.07990118,1
0.025953196,,786.0435488,49.81425903,0
0.029686945,2.714211259,795.4497178,51.15780328,0
0.034966902,2.043499806,859.2959848,43.36056985,1
0.019504509,1.754150857,800.0043182,48.50662638,0
0.026057224,1.72124456,822.4686664,41.89540183,0
0.01135085,2.987724516,801.3240663,57.66120037,0
0.027322166,3.205446154,818.9592871,51.91786889,0
0.029023165,1.711685598,752.8279463,,1
0.020083505,2.860734678,756.0425333,61.57210465,0
0.014804846,2.188554588,820.0021357,44.62754281,0
0.019036882,2.137272759,809.5291589,56.85072686,0
0.02977883,2.467109774,828.7348518,53.02100742,0
0.024257323,2.58358385,782.4099883,52.38941789,0
0.022225653,2.290400923,767.9777328,51.17497325,0
0.015287937,2.545436804,796.0753459,35.67013784,0
0.031712341,3.556533505,848.4863217,50.24050229,1
0.018315152,2.910891061,847.1534481,60.09831316,0
0.009089325,1.876138836,805.8524871,45.12902261,0
0.018532704,2.427052779,847.5190472,45.08048159,0
0.017337672,2.228977737,808.7473742,47.93323248,0
0.027525337,3.163745563,759.8317273,55.77431686,0
0.020733032,2.42689724,777.8091033,48.41960931,0
0.019742678,2.453250559,755.2113119,53.01189884,0
0.011116179,1.821823828,779.1174338,53.95785303,0
0.030156028,1.959392584,823.5329802,61.39048566,1
0.033249507,1.868986811,789.8642795,50.95185373,1
0.011190542,1.432522845,822.8806841,49.25809741,0
0.010258772,2.73071174,818.0563487,50.62041592,0
0.021327327,2.289130718,789.5257592,46.22822445,0
0.023508325,3.110475772,828.826449,53.90891758,0
0.029907424,2.640455724,792.4564452,43.05797098,0
0.0159618,,768.2661554,54.49111651,0
0.015444399,1.777513511,775.6704449,47.44653164,0
0.020874497,,809.3023406,46.02522507,0
0.017000839,1.809942169,786.2235283,64.23065429,0
0.037989396,3.049108608,781.8057428,61.09108659,0
0.035616597,3.089114372,816.7141185,55.2669723,0
0.036253997,3.226983197,794.8261922,49.00214377,1
0.024978381,1.605899358,801.1106964,37.5174259,0
0.02066853,3.280045292,788.5694401,49.26935635,0
0.032402944,2.885882359,775.6730432,64.97732193,1
0.019586061,2.44719512,763.5310901,39.73216575,0
0.032402733,,798.8569013,50.17599928,0
0.021592378,2.808528307,797.1824753,47.21181185,0
0.015908223,2.261854041,823.9804054,,0
0.021576429,2.108471293,801.3143615,62.0072496,0
0.023866144,,803.624,64.19530625,0
0.027267135,2.457963046,789.0452847,51.61910628,0
0.017228316,2.436347825,791.0222406,48.48087253,0
0.037786853,2.209042213,815.6865632,54.27669664,0
0.015700004,2.729044718,753.9250598,36.19979096,0
0.010904264,2.369680454,802.5093225,47.58030313,0
0.030259038,2.730348111,802.0072993,50.04509478,0
0.023846668,,,53.75355273,0
0.027504992,2.406321104,826.0817755,49.38233442,0
0.034354156,2.3963031,840.8348101,49.35050545,0
0.022544466,3.528947423,797.6317976,47.15827271,0
0.028627019,,769.2024878,45.84218494,0
0.029737092,2.782616511,786.6186868,39.72078516,0
0.020969662,2.213158136,843.5737623,37.88555006,0
0.025291842,3.134896487,832.5130634,63.39180012,0
0.026352746,2.988015073,810.4104879,45.72748352,0
0.020585771,2.811062733,753.8052547,54.05990549,0
0.012291657,1,852.5254926,37.67900272,0
0.031222086,2.700228488,809.6195465,50.70909401,0
0.01637275,2.951107661,794.3019544,43.74525733,0
0.012204526,2.459225185,801.5705621,54.68931438,0
0.019466766,2.178121243,794.5585998,43.9885501,0
0.017973269,2.049155178,766.3894647,44.89198774,0
0.014732662,1.876856542,787.3108398,57.48338313,0
0.024615036,2.771168901,798.3652864,52.66423811,0
0.019115112,2.846646459,,66.08240887,1
0.023430764,2.096599752,781.1631773,28.20607813,0
0.017540989,3.035425272,790.3909895,53.50799177,0
0.019315505,2.299285469,826.1023821,48.81117633,0
0.041901309,1.60693032,790.1480009,,0
0.01770672,3.149406288,820.2045771,46.95590547,0
0.024581208,2.442219545,802.8131713,56.54719455,0
0.029495645,2.676649363,772.9667946,39.08729057,0
0.020364464,1.916123904,792.2928302,54.99035496,0
0.035727334,2.675413895,812.6660288,57.13817474,1
0.0360266,1.909848518,785.369827,43.20571575,0
0.032999245,3.400133272,814.6212534,42.16271591,0
0.026420632,3.070828096,790.320096,43.93068963,0
0.030133808,1.877858597,815.9664004,,0
0.035792095,2.316008206,766.5480677,,0
0.027719112,2.34372833,,54.22951839,0
0.017816189,2.046980876,797.0746561,42.97209183,0
0.020482699,3.020564304,822.5700681,40.3897896,0
0.014139574,2.871911009,822.03176,72,0
0.023374484,2.642221551,749.0512722,48.36466483,0
0.02336621,2.388174362,806.0063713,61.24718736,0
0.026580422,2.10308255,852.2674172,60.3749294,0
0.026883562,2.044435399,794.8868623,32.31328543,0
0.028545254,2.664967334,793.992698,57.72491652,0
0.021819509,2.71539386,808.685833,49.79172686,0
0.025630661,2.612602376,788.0372091,56.76033971,0
0.025206682,1.678934858,838.0708977,51.98255727,0
0.02674166,3.038934107,832.7730114,49.20623973,0
0.026663986,3.205302173,789.4328795,47.99962102,0
,3.10617369,840.1948837,,0
0.020921323,2.552250928,747.6207367,47.87612925,1
0.022360112,2.14742754,857.016232,57.14228724,1
0.027982637,2.473200152,793.0787768,38.22768454,0
0.020689245,2.879362539,804.2106672,61.92200855,0
0.025693467,2.718113574,763.4194635,45.8111421,0
0.015071914,2.120015959,829.7874098,48.21308519,0
0.028690248,1.934344254,827.2420945,61.91213988,1
0.024204159,1.816773526,796.6163135,54.9468175,0
0.023894166,3.129687722,817.1749849,50.87777827,0
0.024687609,2.575919767,818.5894222,36.31270497,0
0.023624415,2.80031219,782.5140862,68.45239595,1
0.02045422,2.488146094,805.5751473,42.5796456,0
0.033675887,2.886079147,806.5189691,49.14336846,0
,1.82495537,849.7941103,44.37801943,0
0.028430218,2.405282499,766.7301302,50.22847856,0
0.027329928,2.793046909,826.4477047,52.08182139,0
0.032996637,2.448112264,812.8203433,55.95101749,0
0.016935726,1.985394951,775.1140814,61.85293495,0
0.015519337,3.40074471,,,0
0.019967316,1.746764302,825.7545431,59.6275754,0
0.023837466,1.785557465,766.1567458,47.52033813,0
0.02681535,1.660425398,838.32812,35.00953829,0
0.020072735,1.994917773,802.5741538,48.84089302,0
0.016481273,2.278450548,771.0302543,,0
0.018408074,2.915021055,770.0991022,66.13642049,0
0.023628179,,778.7296679,47.30828597,0
0.035728085,3.433063643,845.620061,36.58464273,1
0.018935249,2.462769034,832.0681139,43.32490396,0
0.025583618,2.12227144,783.9063559,42.91174028,0
0.021088396,1.718122172,776.2540351,51.97860336,0
0.020367795,2.334499376,786.8278641,56.28717439,0
0.007784942,2.295369218,764.6075141,48.52589782,0
0.026608695,2.461838101,795.4674011,44.46634672,0
0.026790771,2.913043343,808.9597058,53.90880153,0
0.018609301,3.433870645,815.4458441,37.25531599,0
0.021885482,1.7095293,780.7206504,48.52124269,0
0.030283429,2.566483419,793.1489433,44.12221009,0
0.019633134,2.238783903,759.7021251,59.83480499,0
0.035876488,2.893839122,769.6116258,53.80039914,1
0.028148254,2.539782111,811.0800701,47.70195454,0
0.034617069,2.662539752,791.4621062,43.90536996,0
0.016302586,3.087920525,801.5554815,52.44722851,0
0.028265557,2.429159298,813.7079692,51.44502405,0
0.03680995,,820.0265117,40.05686027,0
0.023965281,2.695668816,787.7528084,54.24792101,0
0.022936973,2.457855327,800.544758,63.61066374,0
0.014547506,1.650669285,784.5674222,60.36441487,0
0.022107081,2.822901833,841.373306,42.2722641,0
0.02224115,2.846739524,769.7513736,51.37139369,0
0.022200273,2.161570175,794.5115835,57.59104951,0
0.022476999,2.688312725,808.2170852,57.94118699,0
0.021030995,1.747110618,763.992195,35.03428196,0
0.035226355,2.010391071,816.5242339,35.06592129,0
0.029356808,3.47896184,750.7886683,63.11122279,0
0.032336351,1.925632976,817.9383605,42.91872567,0
0.015020208,2.798126132,760.8913704,48.65547561,0
0.015230615,3.31447952,791.6352205,57.78901899,0
0.027572081,2.999278706,828.5335072,52.63784056,0
0.029876648,3.055066796,789.8883871,44.85999222,0
0.037862389,3.684894282,805.5654614,71.84066083,1
0.016689089,2.097665981,794.6604763,63.01271947,0
0.030136222,1.973591,781.489465,39.27020071,0
0.022938355,3.245638494,781.3279004,42.91077184,0
0.029761658,2.819233829,818.3279787,49.57126095,0
0.011602034,3.367240823,786.4281173,40.55853852,0
0.02581824,3.049415714,830.0651903,36.90558653,0
0.027309259,,833.4132094,46.77565761,0
0.023796135,2.83130083,771.519446,46.20542715,0
0.032290145,2.411117416,813.2354503,46.6596689,0
0.011544669,2.795794806,775.0467616,42.94240242,0
0.028235831,2.594199505,800.4699001,38.36399225,0
0.041365634,2.312579618,793.1464596,41.09343797,0
0.028346692,2.927482251,852.3946221,57.33712814,0
0.023970645,2.726120132,747.6679205,54.58862476,0
0.024116193,1.548063478,791.5008651,54.63735864,0
0.014504148,2.010988373,783.8834847,49.29495393,0
0.031066431,2.059972325,799.9654678,53.59098812,0
0.030918328,2.407216394,783.5642735,46.85166005,0
0.040308089,3.334822918,800.3084539,54.1981032,1
0.029402866,3.09695797,740,62.0792326,1
0.035684127,3.271226591,789.7500356,46.2878708,0
0.026187715,2.478704907,740,53.05062964,0
0.015520662,3.102605122,,48.10875606,0
,3.47375234,770.2029458,44.18574356,0
0.023823871,1.498876932,804.4500159,52.88686881,0
0.030786598,2.519670974,782.5784479,58.81791513,0
0.026927122,2.951885642,787.4362507,40.69630113,0
0.022603428,2.570609098,802.8058454,,0
0.014685191,2.659254596,782.7434849,61.39634088,0
0.02148884,2.804014883,769.5639029,55.44248656,0
0.013631451,2.487691736,820.8533416,46.8764195,0
0.02681834,2.131042413,803.2355552,62.22443288,0
0.031088551,2.457669969,860,43.48009325,1
0.027836378,1.934493342,778.055704,44.51842262,0
0.027760691,2.044962698,813.1434615,46.716141,0
0.021997114,2.896993582,799.4798486,42.20426225,0
0.013323185,1.870366374,805.2385847,51.00832244,0
0.030884228,2.775598784,816.7069605,41.6674109,0
0.036078761,2.439265591,794.4943805,44.78939449,0
0.01819222,2.414843949,818.6428482,56.76808954,0
0.025324479,2.2093956,758.8057726,55.82791449,0
0.016124299,3.454544636,810.6245261,38.12850517,0
0.02596102,2.657926,822.3290831,45.43829819,0
0.022739969,2.74176712,763.1007048,49.10226408,0
0.024455571,2.740543435,770.7948928,49.66464604,0
0.026322866,1.766189433,794.3886602,42.26333976,0
0.030353276,2.432463145,781.0247998,67.44915471,0
0.026131932,2.57864038,790.1869685,58.77123823,0
0.027137587,2.55682779,860,57.49573854,0
0.022561561,2.634255411,800.6236248,51.31344572,0
,1.968434083,798.0702606,62.05587085,0
0.038144099,2.59517696,787.6329164,46.91200718,0
0.023650164,1.714712977,785.2737585,53.9181915,0
0.034309765,1.224070131,781.1341943,51.02582155,1
0.028379869,2.60188225,,46.73722644,0
0.026969714,2.998237569,828.0591033,58.42342418,0
0.029326809,2.482433972,812.498327,38.92870657,0
0.021733098,2.237090057,769.9227811,70.58401,0
0.026631103,3.229211326,771.7369964,41.42382885,0
0.026562238,3.694709586,824.9733651,62.58131773,0
0.028265938,2.725367866,782.5717076,55.96486382,0
0.013856234,2.709278474,767.5077491,60.89268856,0
0.025126853,1.585780712,774.2781757,43.41520044,0
0.027676809,2.396394465,764.5460362,49.89373437,0
0.029659072,2.344553606,764.4098875,,0
,2.183264664,784.4289555,47.5268621,0
0.015281273,2.299169333,765.6211732,37.99954416,0
0.032272351,2.446443608,785.2651586,52.61032874,0
0.023564554,1.799121598,785.6698335,50.12302379,0
0.026810185,2.116710327,814.1130138,63.32989501,0
0.017402367,3.021724283,760.9154742,57.62025976,1
0.037277825,2.533214503,771.061181,46.1650684,0
0.025157988,2.707592053,801.741763,54.4823668,0
0.021836,2.6320067,805.9767554,63.63899142,0
0.024334253,1.8411827,818.1474153,39.14606662,0
0.032281412,2.068545591,803.5774441,42.67152158,0
0.021225799,2.900825745,827.5431837,68.00952631,0
0.029231392,2.641202782,786.2686395,52.55742906,0
0.019855468,3.403178766,842.2276655,56.62074646,0
0.036799777,2.591633339,,28,0
0.026866739,3.51925026,847.7382193,63.92851164,1
0.026959707,2.06256257,782.2965673,56.16586679,0
0.029158244,2.72904365,792.7415493,51.68243508,0
0.018488786,2.243735801,740,29.50649257,0
0.012832778,1.946113846,843.4075915,43.34831829,0
0.02077188,2.054282195,747.1482059,43.06776023,0
0.017147347,3.075316185,817.2631133,52.60332707,0
0.022926836,3.066786239,811.8272624,51.42377726,0
0.017641895,2.617248992,795.0796226,56.2880132,0
0.020065573,2.435152409,815.8193051,31.22563451,0
0.020301957,2.755706161,831.1974448,47.63425532,0
0.039421545,2.589371605,771.0967527,52.53274913,1
0.020399456,2.453746423,769.1258668,46.0379264,0
0.024906429,2.920010711,793.4158647,43.76662953,0
0.02273438,1.942975692,785.3298384,35.22016802,0
0.012059056,2.225130934,800.672884,48.1375154,0
0.023389156,1.851728479,770.3044913,54.44180651,0
0.020977431,2.358251313,784.8577686,49.68853824,0
0.029778258,2.400798054,777.9179125,55.86547021,0
0.020466757,,785.9716796,51.26006213,0
0.02725177,2.333517788,786.6542161,51.80312738,0
0.019615616,1.816145894,841.8688117,55.02006223,0
0.01451449,2.39212529,757.5341487,47.46336739,0
0.027241839,3.291695992,775.550902,72,1
0.031755876,3.160622666,759.5596387,41.27801806,0
0.036526045,3.285581804,780.3408566,68.0165502,1
0.028414891,2.686888164,785.2381336,49.05465418,0
0.033101535,2.940392996,793.193547,49.08194291,0
0.021957888,2.582317788,754.9289056,42.70495083,0
,2.880009155,,42.73699989,0
0.031282188,1.53110738,827.4621603,53.21611314,0
0.018574891,2.913517699,802.2306013,37.09442194,0
0.019663652,2.113960899,795.281057,28,0
0.01405337,2.638918066,,29.89943464,0
0.01950796,2.888091244,810.6968788,67.81765951,0
0.028834789,3.043936691,773.3072242,52.95804718,0
0.03642239,2.811534459,756.8824357,33.92522146,0
,1.952478554,794.5891751,60.11783397,0
0.024014585,1.891842815,817.9051602,,0
0.019195376,2.070006538,794.1150835,43.38864954,0
,2.726199622,799.1403937,35.76681074,0
0.016745354,2.085178306,843.840403,52.28961137,0
0.016418854,2.149805247,740,39.14035426,0
0.022828265,2.141887468,791.0859095,50.7462338,0
0.019696779,2.145508965,817.9105295,56.7908108,0
0.033827581,3.178760332,795.0248558,56.62647809,0
0.006018698,2.105498918,818.8533977,39.54454643,0
0.025617706,2.613259604,838.1219549,43.63228875,0
0.030576088,2.562611219,778.5356827,40.9636234,0
0.018676064,2.018169393,832.519997,58.90157155,1
0.019682218,2.691531667,770.3478563,48.16917379,0
0.022022764,1.264544196,777.5728747,40.51222867,0
0.023886384,3.018517215,812.8424307,61.52279163,0
0.035692688,2.888138125,771.5112739,41.34107819,0
0.032166901,2.88952342,812.9686177,44.5613859,0
0.026657059,2.111270264,783.1908275,38.77141537,0
0.007322054,2.935120661,851.7377913,46.73816863,0
0.028125543,2.089291373,796.1934322,42.88973778,0
0.019312784,2.533132326,807.7404836,38.72876466,0
0.013468642,2.270717552,786.1428699,43.77013095,0
0.02627761,2.089032967,,51.71809057,0
0.028657073,3.314969683,811.1800094,52.23884832,0
0.037076783,2.269015402,784.7114337,42.29036039,0
0.021828468,1.799975647,775.863586,46.06768316,0
0.021493994,2.789561447,768.5234582,46.30946233,0
0.017082381,2.300056518,811.9798474,57.52837891,0
0.022470879,2.518025697,780.0165725,53.63635945,0
0.025805907,,854.105913,41.29796769,0
0.016786127,1.714131697,817.2937129,47.16815725,0
0.015797651,,826.4862364,36.71617088,0
0.012162909,1.77605596,775.6158022,37.53991786,0
0.019755452,2.737525956,804.1231396,64.23205891,0
0.019970604,2.12702731,806.9049823,,0
0.033102739,3.185138443,827.226765,56.00806251,0
0.019664073,2.537400765,778.5464909,39.6259479,0
0.014297565,2.383534674,813.5002316,61.47430189,0
0.02503087,2.890083888,797.1982329,41.75694545,0
0.021691395,3.013975078,833.0214494,62.06469053,0
0.030897426,2.305763329,820.9913457,59.19065683,1
0.017173827,1.879843259,783.878225,62.55817201,0
0.016673346,2.897853761,813.1758331,,0
0.020614509,2.414044795,792.5779077,54.76546699,0
0.014891866,2.478308511,766.8433363,62.08488314,0
0.034346648,3.210774755,814.0842803,65.10460194,0
0.021352137,2.302071851,782.3598208,46.96104435,0
0.017615969,2.513097128,818.3803653,52.93035992,0
0.019638141,,754.3220936,65.8361614,1
0.02907673,1.881897155,791.637543,56.29015165,0
0.033083794,2.913899587,745.6855679,46.76412925,1
0.022749473,2.397387597,805.0678288,49.69505599,0
0.015410697,2.836553419,807.8341557,53.65989512,0
0.035209441,3.121806313,791.3770124,60.60486107,0
0.017238747,1.766823218,804.7362047,51.8417473,0
0.027944697,3.307134076,788.1468516,32.89638506,0
0.011726137,1.670576451,774.6767948,39.18215886,0
0.021603991,3.219057674,769.2169517,55.70838598,0
0.026772291,3.136325637,804.4994697,55.47565624,0
0.01760724,2.444186836,818.0170697,57.60522235,0
0.014374428,2.726885887,833.7778623,61.10196054,0
0.017511326,1.823596612,,47.04659744,0
0.01549139,1.8793256,792.372282,56.32740282,0
0.023388079,2.12888217,781.5427897,48.01132943,0
0.016742945,2.946472332,778.237316,51.44712086,0
0.028429798,1.800747032,773.2118207,44.09541048,0
0.01900116,2.11040954,792.8758759,67.87264778,0
0.030718228,3.163018992,785.362728,53.99091549,0
0.018407759,2.356645192,826.736615,38.27695595,0
0.033728437,2.240565075,827.4508792,49.89471258,0
0.025478172,2.930142875,812.834261,50.52925218,0
0.021533741,1.510278414,830.8848959,40.66891842,0
0.031920947,3.058449658,798.5814358,36.61432284,0
0.017632041,2.214060189,761.2434127,38.45892746,0
0.021404383,1.972719694,,47.60817708,0
0.026269676,3.123663723,808.9609542,61.06389923,0
0.030910254,,763.4590734,41.04153739,0
0.027408036,2.93840573,812.4652662,48.4942352,0
0.010991588,2.393381778,766.9770926,38.9833342,0
0.012589194,,797.4638288,50.81650018,0
0.012193996,2.721046297,784.0675657,51.35228849,0
0.036221545,2.690620764,795.7010263,54.99111113,0
0.017170471,3.140426629,822.1690998,45.4138965,0
0.031217319,2.649228671,797.202814,51.91569905,0
0.027227026,2.775664294,743.934842,50.66311665,0
0.023856054,2.72553678,827.1979756,63.80656192,0
0.023050175,1.659728037,745.0707558,57.7769176,0
0.026681999,2.235709872,773.0091724,56.2854565,0
0.033630557,2.548736012,781.6177588,47.83624986,0
0.019588214,2.129147286,791.2222734,41.48723419,0
0.032214159,3.130152475,826.2619885,,1
0.026859255,2.778581419,775.3989604,52.69700231,0
0.024262458,2.673929104,797.2747949,58.61622198,0
0.035056885,2.611466771,777.1327648,56.60937527,1
0.030643515,3.133837421,809.1273947,52.375642,0
0.019609974,2.768286545,832.5676043,51.79655963,0
0.0258297,2.465536987,786.5823678,48.6250162,0
0.032901516,2.500248567,798.4114037,41.65635657,0
0.030959973,3.192635622,778.2392539,47.12803113,0
0.014826996,2.484123968,827.8419272,54.67305138,0
0.019213396,2.200639472,789.7813734,52.58062301,0
0.032221741,2.210143119,755.2041674,47.62724232,0
0.017713716,2.172923663,812.7905549,40.97066605,0
0.029095622,2.246692016,819.7099141,53.1066985,0
0.027670189,2.374638296,740,42.16158806,1
0.012277391,2.357998806,795.7334346,48.51587808,0
0.026052722,3.017040462,805.5555967,,0
0.025126584,2.860722109,787.7141389,47.88196822,0
0.019507913,2.60780321,771.7836629,49.7798524,0
0.012386114,2.271724723,780.6122401,52.69870586,0
0.029375579,2.479385569,797.2139431,41.71342703,0
0.018955824,1.336061918,812.8791197,41.51177534,0
0.033206028,2.345538124,777.4092593,53.17494291,0
0.026231094,2.716005169,811.5579252,46.57621612,0
0.016203583,2.939293361,759.5342802,55.79113588,0
0.036641845,2.327883571,793.1530753,46.03784718,0
0.032133428,2.108406112,777.2406198,49.44431915,0
0.026719826,2.430256546,778.2532654,52.95258761,0
0.025896591,2.564340321,,54.87458971,0
0.019596432,2.684023786,816.6509014,,0
0.027660961,2.729837298,819.9779778,41.69165396,0
0.017901829,3.666703277,830.6680168,40.15498169,0
0.026111839,2.08783994,802.6533262,43.078278,0
0.021540025,2.185586634,803.6234746,44.95972536,0
0.020490144,2.214926939,763.3906626,59.67629906,0
0.022275573,2.827472919,830.5724121,45.06038046,0
0.025006572,2.525405248,823.9421517,28.91543154,0
0.029835807,3.062515851,764.0270367,60.49126306,0
0.034948079,2.750118143,803.565756,40.09728695,0
0.020671395,2.735410214,815.6889768,55.75287452,0
0.041573272,3.27721872,821.6192546,59.66994188,0
0.019066845,2.562684289,813.0002979,45.48289048,0
0.015029303,1.993708152,781.5291645,43.02764793,0
0.032991637,1.920547709,812.302262,48.30953955,0
0.019274578,2.287554726,807.3138167,38.27346187,0
0.027323256,3.116466001,803.6587749,38.66402047,0
0.033829312,2.38445981,748.7705394,49.3963477,1
0.030383098,2.024128044,794.2284215,48.37351197,0
,3.034555752,782.4783742,38.79932915,0
0.03109565,2.535941876,830.5246467,42.15344482,0
0.025886672,1.849754904,772.9561483,45.48729105,0
0.015900571,1.429814821,816.8393383,49.09409682,0
0.033505487,3.207447537,833.4495224,45.99210898,0
0.02277763,3.657473533,854.9873443,41.719714,0
0.011415623,2.600607988,809.4261717,48.72904915,0
0.026732277,3.500664175,763.6136798,57.50333839,0
0.034556946,2.422645644,761.9142436,67.03954663,1
0.020761763,2.164302268,788.2788903,59.72926921,0
0.023784438,2.141658278,780.6985161,46.75745755,0
0.025381643,2.457913695,836.9732502,45.44223518,0
0.022660027,3.924971303,808.9753147,55.69079919,0
0.036186256,2.876949005,766.6092412,48.17961982,0
0.031782513,1.969420729,815.4111842,49.77532376,0
0.03242424,2.636871101,792.5002366,45.19634099,0
0.02274467,2.621686949,779.7532279,63.79609592,0
0.022053695,2.204502141,804.606884,37.08499983,0
0.029903746,2.210974584,802.1808205,41.88795619,0
0.015232503,1.899185467,806.3770595,51.38401353,0
0.007056671,1.520971434,817.1670666,45.96959405,0
0.023394396,3.015745919,748.0914213,44.6668709,0
0.021880822,3.089426729,829.9441533,43.49379552,0
0.014566743,2.565187988,790.1809361,51.61500165,0
0.013470913,2.435918662,818.4070922,47.58300401,0
0.028102105,3.19649119,786.6079698,31.82112442,0
0.020991277,2.680639032,768.8450115,47.41523894,0
0.014839866,,804.5720365,64.23214984,0
0.026621667,3.232769124,828.982357,56.07843111,0
0.040885462,2.712570967,774.5062196,36.49099696,0
0.015413634,2.234326648,802.1003965,49.85855261,0
0.028873456,3.629111116,791.3250937,39.07796105,0
0.029581574,2.97644552,836.370277,43.1703241,0
0.022381605,2.418312142,787.9008049,31.99200526,0
0.023356492,1.741375459,772.0149027,39.18950443,0
0.021816035,2.798866224,804.1141704,60.5532082,0
0.026736659,3.057069384,800.4986298,60.84906796,0
0.005,2.178112206,810.6129835,44.65479728,0
0.020220457,2.226747081,740,43.85964493,0
0.01379884,2.728178109,814.7066273,56.17445003,0
0.026470462,2.881920609,779.8186825,48.61925284,0
0.026644498,2.576173053,767.8219043,42.92877999,0
0.018074177,2.571614958,827.0913483,43.24227397,0
0.025184783,3.09425907,768.4157725,62.20442814,0
0.027749378,1.611506224,773.3954294,39.61147282,0
0.015469247,2.27754843,810.4085473,36.44747745,0
0.024416931,2.110307586,784.1019637,60.16659277,0
0.025768312,2.346408847,805.1023828,59.21509212,0
0.025326314,2.359682473,784.2339365,42.11830731,0
0.022633306,2.840085027,822.3664846,49.34986784,0
0.026537562,1.620738909,773.7849339,47.96944307,0
0.025420533,1.055191525,806.1018982,55.66599577,0
0.027680197,2.202751868,786.8458889,41.12237974,0
0.01259983,1.819747207,782.7223203,50.38459704,0
0.023654479,1.616088654,796.9265885,62.80479528,0
0.019933138,2.897285928,776.2759643,45.4991393,0
0.023036083,2.065225162,785.7746055,48.11518653,0
0.023093462,1.959991638,793.4653227,47.70705427,0
0.015173869,1.784943971,836.1314883,66.56292131,0
0.023021935,2.246420967,797.9088937,45.68472165,0
0.028293112,2.559122462,,41.30625787,0
0.019749706,3.262371717,820.0688671,55.06801535,0
0.016189352,2.078082205,775.9713858,53.49814493,0
0.027422659,2.372825887,791.848575,61.02912585,0
0.031240603,2.994556987,783.615594,56.17835358,0
0.017436027,3.023987325,807.0908111,47.98969919,0
0.019385684,2.802661345,860,54.5394431,1
0.017537315,2.640384617,743.7886581,65.54120538,1
0.017547876,2.069055081,818.0274632,,0
0.027636309,2.764949565,816.4796401,35.7993537,0
0.03015661,2.393544549,834.6327277,67.31637887,1
0.025916188,1.623285354,807.1289435,43.93714114,0
0.023454065,2.604225525,807.0934952,48.12667349,0
0.027920264,2.472771051,823.5159023,48.59269092,0
0.022517834,1.847734539,778.9897682,54.74705934,0
0.021129894,2.020936421,807.3319453,50.70278352,0
0.029507089,2.612538804,806.849765,44.67250132,0
0.032003868,2.819718231,794.0814785,47.90128851,0
0.0293466,2.436716762,776.5711539,54.96543141,0
0.03064715,2.010918777,795.9448211,44.95007724,0
0.019388461,1.990729041,783.4461479,55.56300411,0
0.013042655,2.443146227,803.5458265,63.72890564,0
0.020531715,2.354917449,821.519976,46.13657085,0
0.020601495,2.899604927,803.4750097,59.96194253,0
0.011987706,2.119587708,829.4253359,50.31966002,0
0.023451332,1.879292182,800.5752335,49.00518291,0
0.023905768,,780.074248,42.21830567,0
0.02524082,2.127778491,771.7842365,41.96532317,0
0.020369647,2.763663343,785.6754795,61.29548206,0
0.01022429,2.613141958,796.4024497,51.62744982,0
0.011786172,2.531044574,812.7592042,49.69050936,0
0.031578831,2.698651708,785.3843968,63.44489498,0
0.018716821,2.029717832,772.0940235,60.86986425,0
0.039814231,2.323920774,789.2167867,42.24373753,0
0.023968983,2.361305651,844.8540419,45.76273908,0
0.022145676,2.690958558,814.4961308,47.29269011,0
0.025421514,2.281980103,747.507777,46.11370822,0
0.025088682,2.011686968,805.7482972,50.0357743,0
0.033658602,2.322595657,758.5999022,43.99912192,1
0.016608393,2.705202436,834.1151319,56.94341754,0
0.021749894,1.843103696,817.1351117,66.62636913,0
0.015076222,1.409171735,774.8537444,49.6485497,0
0.024875284,2.200073359,786.9060787,49.96010985,0
0.024147972,2.898885349,790.0337175,52.89193382,0
0.016486591,2.243066544,760.3117904,47.47733505,0
0.023245632,2.678391297,797.3942736,42.51363227,0
0.026299306,1.621339647,822.0176636,52.03001485,0
0.029596048,2.592922139,775.1004236,45.8136658,0
0.032169663,2.642131153,825.8197208,54.15191468,0
0.018752852,2.774173909,782.322359,53.21445175,0
0.031539313,2.576898376,825.8900263,50.68108956,0
0.02047532,2.661881248,829.7346836,65.6882135,0
0.023608633,1.83366201,834.3092992,56.96749842,0
0.017300516,2.280428408,782.378325,65.0226044,0
0.016003764,2.156650446,804.7050104,42.07468396,0
0.024902529,2.879522274,860,52.51729485,1
0.034380389,2.702101347,804.8188684,49.065956,0
0.022786725,2.767559472,775.4183115,61.57342942,1
0.016029852,,789.5748756,,0
0.013024851,2.529299875,777.1850965,46.72880713,0
0.023323799,2.678904957,771.6651334,63.86971666,0
0.010869347,2.032288971,772.8492933,52.26288142,0
0.037988922,2.392044667,798.0642493,54.04845793,0
0.018950734,2.061046846,740,52.71242138,0
,,780.9087096,44.89494686,0
0.021672203,,798.2299271,61.07556512,0
0.02131521,2.402117351,749.3021284,,0
0.024766064,2.054200144,796.4881438,59.45313711,0
0.04611001,2.283642186,802.0674626,50.53402529,1
0.028500401,2.092680341,773.5208129,46.94292785,0
0.025186347,2.200742712,848.3283512,37.44783867,0
0.030134867,1.863903315,799.0339851,50.15305765,0
0.033079597,3.143969204,740,52.82807782,1
0.014267728,1.719029383,777.8135205,43.91814596,0
0.019904638,,784.9544813,64.58072954,0
0.026242655,2.076234017,794.3586724,54.59567385,0
0.043718611,3.250028541,799.1741335,64.30776416,1
0.012639931,2.096168051,848.541254,45.749629,0
0.021505818,2.151436033,860,49.7258064,1
0.026365279,1.808586782,770.62987,46.05629857,0
0.023808129,2.697486931,819.6890709,46.9423599,0
0.022903706,2.976815229,830.298167,34.65854473,0
,2.337174742,821.845107,42.32675294,0
0.017398532,2.525060586,832.1952372,39.52770874,0
0.017523225,2.498373749,798.0087226,46.44102757,0
0.022848758,2.420012646,809.2411053,56.6976371,0
0.026837431,2.621624872,815.6986817,37.50770807,0
0.033361696,,780.4865291,64.40424694,1
0.022356778,3.222934148,830.1859298,37.35052901,0
0.022499076,2.912415222,844.1837915,54.6528752,0
0.021770687,2.379832027,775.0173716,51.97135903,0
0.027595989,2.401371771,797.369084,43.727834,0
0.0167829,3.121366326,794.4390114,50.60222534,0
0.035746664,2.954311431,815.0327279,53.62282175,0
0.020577289,2.001748903,781.0777826,52.33774259,0
,2.045029087,858.8892092,43.42254682,0
0.018783998,2.88428172,821.4034837,55.12937722,0
0.028639868,2.383017721,797.6292157,55.08471787,0
0.026258597,2.444634373,857.3860879,43.30438423,1
0.026601284,3.073184385,742.915134,38.73910714,0
0.025598496,2.848229638,841.5315063,56.88628185,0
0.01939315,,827.5530383,32.06466599,0
0.023097965,2.10438816,804.7277958,61.03556088,0
0.020874025,2.975901379,810.9336289,44.6564802,0
0.017988081,2.26496857,765.5755827,48.36887716,0
0.016356357,2.231071595,784.7996358,45.85271788,0
0.032166449,2.783890965,780.4383573,67.42221502,0
0.021392981,3.000458501,812.8264827,35.00729583,0
0.019299679,1.507387475,823.0466067,34.38269621,0
0.021253971,3.202202679,793.7898896,50.47795413,0
0.025604385,2.775891248,811.597963,70.4071979,0
0.021531068,3.360587785,775.4900841,57.87453128,0
0.029679279,,796.6230287,50.03536985,0
0.028968702,2.639690602,785.3825164,54.30393223,0
0.028529633,2.409343411,860,52.95824026,1
0.023364132,2.436398291,779.2857252,33.89013031,0
0.027611466,1.680327051,776.4058132,54.15042509,0
0.01574044,2.596005764,834.6609831,50.17826432,0
0.02584039,3.034975131,801.6450729,41.69481342,0
0.007763783,2.171240153,798.8801565,52.22574763,0
0.02225883,2.363626848,749.7361218,46.4101629,0
0.012137285,2.118153174,790.1176926,57.78064274,0
0.017795579,2.250190397,828.2747975,50.47891891,0
0.030763323,2.658462802,807.5672088,40.75553611,0
0.021356293,2.929993514,801.9583826,66.0889064,0
0.029722597,2.139491973,835.6118921,41.61078579,0
0.027505707,2.881839618,811.7247801,50.32880357,0
0.030201974,2.176021177,,36.94282107,0
0.021598201,2.122188497,764.6682247,53.47557966,0
0.018698539,2.340223109,787.0663339,51.75518418,0
0.029921714,3.31678403,830.0375865,44.9793668,0
0.015054597,1.578422093,801.7813463,43.73093929,0
0.026585376,2.462809751,782.3410235,49.95619788,0
0.028864165,3.141799725,788.4370673,41.11387016,0
0.026122085,2.460542079,799.4819199,35.61512264,0
0.02926384,1.386911619,783.9909866,56.96653729,0
0.029360915,2.048271794,815.7874695,52.63665144,0
0.016880026,2.340174472,844.48741,58.46238621,0
0.043872477,2.861829113,805.5394331,43.65247972,0
0.035088208,3.385662004,777.0022932,46.95549765,0
0.041082323,2.758915431,818.1342684,59.47044082,1
0.023372892,1.279675282,798.4577478,63.62692606,0
0.013235289,2.795177275,816.60769,45.38179292,0
0.025162726,2.796992092,819.2098923,33.33025055,0
0.028162767,2.799708576,831.0157203,39.2308988,0
0.026997594,3.820760478,822.0465843,43.8052559,0
0.025223042,3.484733723,777.3829695,50.81876462,0
0.027404379,1,800.6667017,34.71901807,0
0.031799868,2.832618533,789.6105303,55.74246408,0
0.016076263,2.818674496,858.8775233,62.5268806,1
0.008699105,1,798.1095886,47.94117837,0
0.018874839,3.060199564,822.6305942,49.75186199,0
0.024123751,1.651991857,763.4358449,60.0485013,0
0.031683447,3.061764093,821.3197351,36.22684054,0
0.014626781,2.121204232,792.51511,52.98930954,0
0.02477776,2.605731561,770.1774212,43.49511381,0
0.019650399,2.543680444,813.3099272,52.57809563,0
0.029006528,2.690750462,787.4457896,39.54525715,0
0.0231724,1.162091165,839.0657853,50.62823315,0
0.023155269,2.345306168,771.8457674,57.65755991,1
0.026584082,1.950778237,793.7371788,47.80869706,0
0.029666861,2.817647114,817.1543227,55.17451189,0
0.022704543,2.086894169,765.9238168,53.20130066,0
0.032281558,3.822617285,776.6063242,56.39982983,0
0.028421163,,786.6464606,59.84665675,0
0.029760179,2.768529117,838.1796022,55.27867248,1
0.017598575,1.881387344,793.1165606,43.58139435,0
0.01487223,2.093706679,787.352355,46.32059609,0
0.024395369,2.598737027,835.1094784,49.11463112,0
0.030139579,3.024802196,825.2612612,51.39088231,0
0.024061935,2.833066356,803.1443967,55.58929318,0
0.036754771,2.417003048,830.222279,47.09796578,1
0.023123575,2.537130028,769.4947681,35.74714071,0
0.02714208,2.697604455,818.1673329,38.78737217,0
0.021680196,2.611709589,829.3577733,68.12821685,0
0.021589728,2.283669306,,46.22177316,0
0.010479867,2.624911819,780.7907999,35.6450819,0
0.024931151,2.332993701,804.669158,,1
0.021672254,3.155311096,794.9510469,42.85235951,0
0.019895308,1,830.0235482,60.86280821,0
0.017125952,2.25977334,757.16066,58.16062568,0
0.018891975,2.890206559,813.1057809,59.51867246,0
0.021645933,1.718522224,786.4283871,51.6093018,0
0.016357648,2.743661603,836.261383,50.7527501,0
0.029740104,,792.2569374,64.26438329,0
0.016878264,1.578428114,780.4910604,31.96393376,0
0.026475854,2.31738806,822.3190007,35.52446928,0
0.027003211,2.199119811,809.7628932,60.39233626,0
0.017858463,1.092733456,763.1101596,49.87284065,0
0.011259144,2.795730405,829.4164299,59.99019348,0
0.019033215,2.07410228,785.9985169,53.46771952,0
0.032367042,2.514423722,798.1130557,49.44475887,0
0.032984422,2.629588507,776.1669256,59.87768888,0
0.028715965,3.499478718,797.122762,60.67643676,0
0.023823969,3.294440797,797.1724833,41.10110653,0
0.025602822,2.575563407,860,53.93395752,1
0.015396272,2.278729474,778.9937721,50.22591986,0
0.026257985,2.189132119,818.6662764,42.91177208,0
,2.69079249,814.9457726,42.5128333,0
0.022166116,2.078052569,774.0169709,46.02181707,0
0.029918982,2.234589157,775.6976398,43.1538165,0
0.037771377,3.055971085,793.4587295,43.85838069,0
0.022893727,2.510106305,781.1376531,37.84305608,0
0.014152537,2.005030588,787.7870176,67.17332181,0
0.01867486,1.740475881,790.0552855,52.00345079,0
0.033383308,2.428749201,743.205356,,0
0.018976628,1.965066902,810.6656441,63.50911017,0
0.021721976,2.173616183,827.3953182,51.70430386,0
0.033564212,3.686940793,799.4170985,50.66516491,0
0.029198235,2.686207382,823.2954435,44.26852161,0
0.020930005,2.278225892,796.75239,44.49359717,0
0.023525297,2.540190017,765.7236587,62.07431739,1
,1.9304791,786.8313859,52.97427656,0
0.026713553,2.363971282,793.5017229,50.73289196,0
0.032365612,2.55321841,803.454073,55.89309081,0
0.014609784,2.745031105,804.1016802,,0
0.021290828,1.859029192,783.2490731,35.36310114,0
,2.226567196,813.8604797,47.62041447,0
0.019041825,1.521639814,792.3883615,50.73625507,0
0.02660096,2.845043265,,44.89580836,0
0.025631591,2.752526829,802.815802,56.33072675,0
0.03329836,2.288527979,791.5606559,52.8456169,0
0.014335132,1.534693679,,43.79689971,0
0.018279499,1.838640968,798.9363247,58.77700112,0
0.031175618,2.278116007,790.788827,46.79340025,0
0.037043856,2.49106245,795.5385034,39.55170903,0
0.02504638,3.315017072,760.5188938,65.42399458,0
0.029109852,2.624209872,792.2188442,44.57711612,0
0.024150446,1.721225675,794.4186484,,0
0.031016777,3.045095618,810.1951172,39.24958258,0
0.025305993,2.592475461,789.2864426,40.95176792,0
0.020648567,2.423089471,777.6998103,44.24258269,0
0.025182044,2.344077685,,,0
0.033192505,2.789848705,788.5580616,53.69368113,1
0.016653979,2.41873914,803.2829259,50.79646661,0
0.032348714,3.106849867,801.2931317,60.91862312,0
0.032254497,3.232450052,795.7630062,35.19398088,0
0.020564577,2.525751871,811.9073606,62.54610154,0
0.023225879,2.974744744,860,49.30238359,1
0.022773276,2.046293258,808.3370546,59.84063037,0
0.019643982,1.317525887,756.8345166,45.89475185,0
0.025834579,2.683168333,783.3718852,67.10645701,0
0.02242861,2.252528874,831.9801307,39.41757439,0
0.025690209,1.991813134,,61.05375371,1
0.020151196,2.451059161,824.0903787,41.32380564,0
,2.775330572,777.7831657,47.50929717,0
0.022765794,3.067012609,852.8578742,58.13791062,1
0.027393751,2.082759976,812.9839979,39.57430002,0
0.015796392,2.197713121,822.7443136,51.5378071,0
0.026873869,3.166713758,825.4118668,48.40243767,0
0.03620657,2.580901494,782.2108533,55.72350005,0
0.020678533,2.799240825,827.2524257,47.20367021,0
0.030650185,,789.2741484,45.26954413,0
0.026827781,1.977574298,823.111351,61.40546559,1
0.027359794,1.842895918,783.3660116,55.85501581,0
0.01613355,1.890232119,811.673426,45.90037659,0
0.014410003,1.948175958,789.9778294,59.48013144,0
0.012679439,2.692381804,754.4514187,38.66090956,0
0.019530255,2.861776826,792.4920458,44.02166397,0
0.031683321,3.540920451,815.5624035,50.92915068,0
0.03574936,1.467466975,798.9037136,49.06590057,0
0.019951975,2.812761282,798.4308889,51.59214571,0
0.03115284,2.199242441,820.8954238,44.06598993,0
0.008972852,2.901188528,774.1839805,59.30334585,0
0.029756115,2.571154784,822.7620652,50.92408497,0
0.027184453,2.85478652,799.7974056,40.2847939,0
0.031035303,2.347066984,787.8629719,50.22669177,0
0.034250511,2.683325987,801.3672555,67.30232964,0
0.029349764,3.530080745,805.4364671,60.32383234,0
0.026015424,1.518266973,826.7610473,48.04221776,0
0.029550608,2.60153861,813.3470738,39.4351188,0
0.024073768,2.124085487,812.4032347,49.17273771,0
0.028703008,2.849750523,804.8980562,59.65700421,0
0.022317312,2.132205252,817.6543103,51.54971209,0
0.026527525,2.708702836,836.5130178,57.49944228,0
0.032395621,2.318156657,779.1553798,44.80772565,0
0.022479881,2.487184808,810.7475687,60.60530959,0
0.030443664,1.729434598,794.4453283,,0
0.030878435,2.413341538,795.8496859,59.97946087,0
0.021784183,2.554841644,836.5142054,36.05671557,0
0.027934628,2.339452638,827.4540878,49.50840642,0
0.019656775,2.845707306,764.8184872,42.14690681,0
0.006972702,3.111008589,843.3187324,50.12015166,0
0.014518139,2.304873879,816.7169587,33.26849044,0
0.025893037,2.574661315,,63.69029079,0
0.033083163,2.218390153,787.0985032,43.76598017,0
0.01877687,3.148795985,809.154022,44.60634632,0
0.023642609,2.449932364,804.0535603,43.16477415,0
,3.151255027,800.8901013,50.86362526,0
0.029625815,1.882165237,808.9076717,54.64959017,0
0.02701829,2.31148164,786.5010707,35.81973447,0
0.020996088,1.850688651,832.2010742,48.54154698,0
0.018385419,1.861463982,788.2536505,46.53846015,0
0.027170196,2.306856083,830.5923594,48.64886356,0
0.021262554,3.50314226,804.132419,50.08051739,0
0.029291017,2.592875867,801.4110228,54.78891183,0
0.038546973,2.122045298,753.5976249,48.83819313,1
0.024252726,2.277084371,785.1761249,49.35934676,0
0.017669995,3.026045924,760.5809962,42.55631169,0
0.02240349,2.361306348,799.1013364,52.05691244,0
0.017248989,2.89947496,769.7369661,41.07911199,0
0.025932255,2.426867305,794.6962372,39.18994332,0
0.016796458,1.979411027,782.0885527,65.55979326,0
0.018802688,3.186239105,800.5493027,55.27779144,0
0.019696604,2.479238665,812.2499849,49.98942187,0
0.022209728,3.315179855,763.0691453,45.15211633,0
,3.070976519,781.9481076,,0
0.014243183,2.610971006,821.9118319,39.89958668,0
0.032461204,2.998447483,802.7839202,50.02548083,0
0.010923605,2.40315465,824.1348568,65.5150223,0
0.022439724,2.804208073,769.4225247,44.04372972,0
0.015358948,1.90240374,844.9790522,50.62176579,0
0.016019394,2.296149223,766.644398,43.79207432,0
0.025392405,1.635819584,809.2719197,43.36269547,0
0.022643249,2.526649644,802.9361847,40.49402972,0
0.028777229,2.9500093,826.7182293,48.90511245,0
0.021471444,1.545961663,799.4363569,42.53545297,0
0.041131701,2.393435285,811.302835,64.65926241,1
0.021779873,2.222530621,802.8024388,49.78032036,0
0.021192167,,792.1311333,44.11236039,0
0.023908336,2.218234719,800.1318821,51.75916611,0
0.012709884,,805.0562638,56.91254164,0
0.027377857,2.840317635,,48.38506451,0
0.014713317,1.842518077,,44.22027678,0
0.024628476,2.423283101,768.0529259,46.54932735,0
0.023021048,2.775564018,790.0642787,54.96492025,0
0.025079859,1.943518626,765.949415,53.29505783,0
0.03221012,3.279649397,771.1750239,42.34042866,0
0.015837728,1.23587227,790.1099356,54.58837975,0
0.028384596,2.20814393,799.127675,50.39849575,0
0.026158908,,807.7354449,50.70520829,0
0.030750131,2.772014907,816.1999531,30.94683146,0
0.027502939,1.908997859,,37.63497637,0
0.013215343,2.029293319,819.0019278,46.9432377,0
0.025729631,3.865388582,802.9473282,44.76263991,0
0.035089192,2.467164768,807.329111,42.29556865,0
0.031707472,2.65165152,794.1139809,48.898795,0
0.020287634,2.644234292,803.6721061,54.8406831,0
0.018844166,2.626731417,796.7673801,48.28170691,0
0.029615249,3.593231493,770.1613724,44.43148533,0
0.030722596,2.068570683,792.8389915,41.07484328,0
0.032053423,2.775498707,792.9673065,43.63151917,0
0.019751218,,845.7937766,42.61777354,0
0.025747983,2.503329799,807.3942532,48.23692776,0
0.025423163,2.093678688,740,61.77660373,1
0.007172741,2.16212044,851.2747883,38.78629389,0
0.030932294,3.149094149,803.3823863,55.22511765,0
0.017695997,2.291821371,,40.3660391,0
0.016884753,2.196624984,829.5964337,60.36059969,0
0.026187264,3.525394177,763.4104888,36.73894361,0
0.032643901,2.954716207,800.7717389,51.7259551,0
0.024532435,2.537286757,776.3535927,56.70865946,0
0.028119354,2.832895552,761.8763195,52.78448694,0
0.008394628,2.903853095,803.1948484,42.64524521,0
0.036241882,3.280652519,822.4108799,55.20258294,0
0.014933306,1.995813038,836.5750055,60.19161697,0
0.020893585,2.74943831,760.2428858,48.93455557,0
0.012087607,3.004312073,808.896783,29.19451649,0
0.018173416,1.722435983,805.9805277,45.23183463,0
0.00974368,2.06798561,814.6728226,52.69465789,0
0.015582368,3.313876063,819.2821319,40.38535016,0
0.013453707,2.729631074,823.2054719,47.52174339,0
,2.42816869,798.0311978,,0
0.02884807,1.680926846,768.3985382,43.57169479,0
0.022332203,1.748453073,790.7483919,56.57168637,0
0.023526409,2.972571922,808.8702023,46.61347886,0
0.028274393,2.311391423,815.4321584,62.72351674,0
0.025322553,1.599689627,797.4456302,54.43337841,0
0.027169315,2.141713844,806.6186209,56.47080651,0
0.027722348,2.69291574,816.0819521,,0
0.031642992,2.68344877,812.5621302,59.91616085,0
0.016701539,2.684176914,782.2788053,30.46899044,0
0.019423083,2.750172466,798.7549964,40.63245946,0
0.038224008,1.84111425,810.7108436,40.34560909,0
0.033561078,1.899482724,829.6313323,56.20719223,0
0.022494967,2.629713011,794.894301,49.20094314,0
0.024026934,2.848635288,854.6418131,54.8281027,0
0.022685361,3.817023648,803.2675725,55.36522653,0
0.041922248,2.952165754,857.7661118,42.08526271,1
0.015472111,3.26915488,800.7022283,70.78167036,0
0.023857968,2.220093894,801.4261159,40.83352795,0
0.027135313,2.937845823,758.285405,56.55161418,0
0.027194621,1.985540131,776.5662435,49.15589425,0
0.033177249,2.409383511,764.399828,53.49910589,1
0.032560138,,770.5835973,52.87286571,1
0.022253446,1.29977448,785.3096745,48.60035276,0
0.024974465,1.971634511,820.4597434,51.66922337,0
0.029775493,2.344165147,809.6947109,47.19711397,0
0.027125055,3.309544232,808.4852246,67.32588319,0
0.018967712,2.177745364,793.8163808,58.57730518,0
0.035880822,3.193901008,803.9995227,52.44606769,0
0.02844151,2.35262313,823.9016425,,0
0.017297042,2.405504456,792.7582316,45.47253855,0
0.017770558,1.906461063,794.762535,49.59366874,0
0.02498699,3.069921588,805.0691748,46.21801093,0
0.02381509,2.432130087,810.7403786,53.91420534,0
0.014592873,2.046650786,827.6109949,61.54952409,0
0.025549403,2.433941227,788.4314796,50.85236125,0
0.033640725,3.19632971,769.7233649,54.31054723,1
0.033246332,2.658176192,787.8248514,38.78477886,0
0.034568599,2.827351014,788.2758962,52.11929655,0
0.037301708,1.74121954,800.1276143,63.31921899,0
0.011427562,2.198923162,764.1751894,,0
0.01538576,2.209575821,769.980307,38.44509868,0
0.026285899,2.405102708,810.5760486,40.37268988,0
0.028409466,2.22993771,860,49.19846017,1
0.016580324,2.514893141,778.2346748,62.13346663,0
0.020311113,2.397563843,791.5253227,44.46381162,0
0.017029311,2.063922279,813.1696377,47.87560124,0
0.023872335,1.717573072,,61.79579237,0
0.026952632,2.149068456,759.2670424,38.60839971,0
0.03043914,,824.0041272,52.52749259,0
0.026531893,3.096105433,803.4106178,61.76317282,0
0.030010314,2.695461925,825.3350395,48.76831556,0
0.024288565,2.302404265,795.2603651,53.63462108,0
0.022260412,2.549244438,811.3052165,49.65889718,0
0.018721404,2.860922507,806.7677389,45.354888,0
0.0368383,1.683357461,839.4973052,43.62346413,0
0.027096129,2.561879919,792.4108766,46.19752839,0
0.033281805,3.11597271,,55.48817655,1
0.022126518,3.026612221,840.0929352,57.43097821,0
0.024307421,2.701031273,792.4554556,52.98196612,0
0.019714448,2.301157838,793.7403189,57.86194735,0
0.020656117,,768.5798308,48.52518702,0
0.020835547,3.315678035,794.5756951,43.32049368,0
0.020615168,2.6589789,839.646251,44.93860421,1
0.026040402,2.252746461,798.5685421,44.07881656,0
0.024897746,1.840526233,827.0792896,48.22398593,0
0.032702997,2.951329114,784.7792551,62.22224766,0
0.025759029,2.714953462,818.4966637,47.90740541,0
0.026899525,2.549868625,797.5346116,33.61033241,0
0.045344401,3.272726014,778.0248296,40.25122629,0
0.025002281,2.660878635,777.6611872,54.59802341,0
0.026498437,2.623954861,793.4159507,54.64729009,0
0.033903304,1.907966619,840.9385111,48.93215542,0
0.010694874,2.337185416,801.2865261,41.69888804,0
0.022941025,2.016819953,860,52.41025216,1
0.024452706,2.366147568,845.7115219,52.05831091,0
0.030985991,1.837624675,787.9716937,56.14920114,0
0.02438409,2.51690671,790.6019053,53.93083272,0
0.030679506,2.582405308,767.0661357,46.15759991,0
0.024214562,1.868945458,809.8731136,35.28501772,0
0.016396692,2.886046105,802.767433,,0
0.023011265,2.093986875,783.8787847,45.01898146,0
0.017774926,2.37999535,807.4915384,49.52724648,0
0.025674839,2.193179807,758.7311944,55.17924695,0
0.030979659,2.880095786,813.4553229,39.64964399,0
0.023233162,1.697017156,812.6326509,62.5673612,0
0.032297484,2.392894749,785.3677019,54.60570216,0
0.025615334,2.693757736,812.5561856,60.68203311,0
0.028885122,2.482597069,812.5391828,37.76012531,0
0.031530327,2.990100559,791.0940492,40.91814582,0
0.022804743,2.642677682,834.080145,52.24429804,0
0.023469152,2.610099829,,55.25038689,0
0.024220207,1.429953349,811.1335265,55.40868552,0
0.024194569,1.931829677,817.5823221,65.9424401,1
0.025012361,2.745203929,802.4117965,50.50602522,0
0.025218903,2.52217452,777.8291342,47.95987856,0
0.022055924,1.577677185,785.0274448,60.44273243,0
0.014792184,2.439002764,740,45.27411359,0
0.017677934,2.162901391,756.0877958,37.23051626,0
0.019741349,2.930419147,793.7032651,41.06283573,0
0.019942094,2.600898582,789.9911382,35.11326845,0
,2.008579944,815.4663763,51.99392256,0
0.030140289,1.871892385,821.5523997,46.98031563,0
0.044409656,2.697034735,810.980307,56.31299857,1
0.027700331,3.543686942,788.5490588,58.34637244,0
0.015399031,1.642968104,803.329702,48.43499809,0
0.026984737,2.619594745,836.1968706,43.400353,0
0.007525947,1.729251198,,42.87885267,0
0.012617209,2.9476201,740,52.70968198,0
0.024098385,1.431981551,821.9417786,57.14682083,0
,,789.0632578,51.52172799,0
0.020189764,2.094445747,785.2977316,63.41089891,0
0.02961738,2.678659021,769.7274663,45.21464838,0
0.029332674,2.083422627,828.1875758,49.23301567,0
0.026173458,2.779650784,795.7973592,66.35647541,0
,2.656543639,777.5589368,51.11299455,0
0.009148691,2.671889378,764.3806622,43.85744638,0
0.010582747,3.059710064,744.3004621,46.48466569,0
0.027381155,2.375204827,810.4133167,54.89592458,0
0.024662715,2.53841733,860,32.72710052,0
0.033585622,3.02296662,827.2431153,50.43999494,1
0.018636767,2.251458837,797.0124224,48.50965014,0
0.03306654,3.154645561,791.4970503,54.66011458,0
0.032083355,2.326205346,779.5565639,49.10634562,0
0.032250521,2.605301174,793.5934571,49.05406925,0
0.032620713,2.574530875,790.1082542,43.6600735,0
0.013283129,2.009272226,797.7850088,52.92715131,0
0.031339159,2.858462916,786.7762041,43.9803426,0
0.029532647,2.851659387,801.5010247,37.76122983,0
0.008841625,2.538572402,825.3282724,44.16064374,0
0.020183774,1.643848132,789.1151799,60.14098224,0
0.021153371,3.089998852,825.5785254,59.66773174,0
0.028757533,2.408636892,814.0377491,55.99623637,0
0.027640672,2.13145753,845.3692953,45.66115576,0
0.016940479,2.643734991,794.1791169,45.64452869,0
0.025648845,2.241594608,817.1423154,47.84191408,0
0.032996449,2.486630736,829.8357126,56.47972722,0
0.025646794,2.737447235,782.7614613,52.15888415,0
0.018035704,2.8758238,778.3605827,51.29453724,0
0.028716299,3.221146165,814.5713147,37.16679618,0
0.026712983,1.232685108,766.420841,51.54555341,0
0.026377514,2.53185816,782.4438836,43.52097413,0
0.013158806,2.486193209,756.5895002,50.54503572,0
,2.330923102,779.3279448,57.79228238,0
0.024878413,2.548365011,821.9531409,48.12797603,0
0.015152153,1.635739291,794.0898622,46.76157621,0
0.016049213,2.463593,782.6195568,37.39948446,0
0.0062676,2.308537532,799.6257164,54.84379343,0
0.025965227,2.269510325,784.1055235,46.0384268,0
0.036819502,3.287045287,810.9261423,46.99068485,0
0.027840747,2.970884042,827.1089432,40.07001134,0
,1.616308646,796.2959382,54.51738171,0
0.022498047,2.434301825,794.08036,47.82955503,0
0.008715093,2.196175293,775.9091481,61.36316333,0
0.03121462,1.952423433,815.0576348,38.30279876,0
0.02463991,3.310710974,824.4355383,51.37317935,0
0.02584808,2.814028689,789.3547677,54.84070313,0
0.020152147,2.791132774,796.3610833,45.87860214,0
0.02417367,2.472019085,795.4096312,56.68483215,0
0.023095401,2.287415459,832.3331223,54.19402626,0
0.023468392,2.442484659,761.4445049,65.84009563,0
0.011208898,2.594420285,806.2474432,45.23366958,0
0.020194773,2.447354305,860,51.06305517,1
0.028841712,,814.1067497,36.9235298,0
0.021140624,3.203070806,841.763493,39.80680318,0
0.022781137,2.474878773,790.0718855,44.23165363,0
0.005548817,1.669388981,791.0549128,51.41533621,0
0.026105676,2.649362902,793.490894,55.16022929,0
0.023196359,2.225552413,829.7658499,47.65511921,0
0.01049123,2.021616888,815.6604232,44.65277911,0
0.032330261,,768.8309279,65.1045647,1
0.022362895,3.165009011,824.2065909,47.39959431,0
0.022189038,2.792766945,752.4134805,55.67508371,0
0.024323478,2.761296493,786.0663372,61.13504078,0
0.022387826,2.93653152,783.8131835,51.96445599,0
0.011120942,2.591493244,758.4059037,55.65090061,0
0.023669373,2.647889403,,56.04079406,0
0.026010002,1.962230792,849.5689198,40.27463142,1
0.021056285,3.390190282,779.4514985,44.49347641,0
0.014796798,2.244078751,832.513861,58.41736335,0
0.018539033,2.046265389,762.3551127,48.04703606,0
0.01232996,2.681948882,846.843939,40.55067949,0
0.03243176,2.523707054,774.0191762,49.49404734,0
0.015394127,2.11547057,815.7016194,48.39545703,0
0.01646132,2.254767648,,55.49270552,0
,3.589109485,819.7916167,47.34436149,0
0.031273073,1.692995314,836.3069192,58.75625345,0
0.021822294,2.27586465,,44.13991277,0
0.026658305,2.609984899,,61.44664403,0
0.023105347,2.011003498,781.1980795,57.06244406,0
0.032303898,,824.1819223,50.99691901,0
0.030659201,2.74831719,803.6183668,47.17908652,0
0.035520792,3.078582444,799.9024903,54.68561854,0
0.019282866,2.646521436,793.0367826,44.52911327,0
0.018655778,3.38533697,804.1000593,45.4124385,0
0.033008943,1.656507099,767.2214131,50.29306169,1
0.020470717,1.90080662,746.1804498,35.12905278,0
0.009259592,1.987626889,815.567371,46.21614546,0
0.020746623,2.070959769,788.2090217,53.18392796,0
0.024614683,2.190846882,849.4085762,45.19828836,1
0.025510385,2.435841708,812.331865,59.72399892,0
0.036682641,3.449565555,778.7049743,45.94960947,0
0.032270118,2.116848893,830.3554267,48.57149718,0
0.019498126,2.664429014,765.1111914,48.43140494,0
0.020650774,2.680651551,844.0103902,44.30233027,0
0.025195369,3.412535666,785.8707793,38.4370814,0
0.012339629,2.736388787,793.455465,29.96959447,0
0.028658695,2.395263067,805.8261638,63.1052799,0
0.029882462,2.173933787,798.0494811,54.09157039,0
0.035512076,2.539922122,788.0297935,60.13259737,0
0.021166472,2.082507319,800.2992941,43.54100745,0
0.025771889,1.947592833,818.8248503,46.28554643,0
0.018982506,2.397909462,788.899279,43.89238172,0
0.024000869,2.140908888,776.4486403,63.988612,0
0.027817448,2.533648052,778.0503345,42.42918666,0
0.031376517,2.044666647,777.6572203,38.16111451,0
0.019735192,1.720006667,806.1462982,57.42919872,0
0.032776762,2.957624381,824.5049842,46.87356379,0
0.023869024,2.247109658,798.5416682,37.25734051,0
0.019561768,2.17810459,776.9358767,52.54823011,0
0.016831742,2.250235541,802.367877,,0
0.036012658,2.320714412,759.1727489,57.8741624,0
0.028768792,3.236395075,810.1869939,53.49878999,0
0.032573093,2.66387994,794.2020927,43.87738932,0
0.019817604,2.638900776,,56.22427868,0
0.036531612,3.236410011,817.8951504,46.0430896,0
0.028799356,1.425591153,804.7883525,55.02196517,0
0.021092141,2.043726775,855.0492831,58.67279174,0
0.026803346,2.957480057,796.6829396,53.76208584,0
0.026151096,3.091388769,823.653883,43.83428677,0
0.024043524,2.066626004,792.2751839,50.39368933,0
0.024638904,2.873544529,827.4581227,53.18435986,0
0.034284579,3.513360558,782.1425761,55.21718107,0
0.019555409,2.209449186,784.7259703,55.30518919,0
0.022217004,3.744779511,770.2529434,52.37935986,0
0.042440758,2.342815814,806.4494063,49.62607976,1
0.032140698,2.455960366,776.5763569,39.67713727,0
0.029736172,3.143531379,800.8960573,41.74981426,0
0.034277349,3.12083161,827.7960635,52.30290739,1
0.017519985,1.935721899,746.5286681,61.83624926,0
0.016564464,2.315581411,765.2596461,56.59845083,0
0.024998021,2.067497773,834.8609414,62.0184272,1
0.042017861,2.548635007,804.0838627,48.74703037,1
0.023782296,2.495888984,841.6320005,43.91935104,0
0.017698951,2.355813824,792.4607967,48.97011851,0
0.019768543,2.347993852,772.9785554,53.62793909,0
0.021816985,2.659636254,782.0070088,39.32639869,0
0.010883986,3.064255141,819.1626411,30.45132233,0
0.023571226,2.344466754,756.1214281,46.26273559,0
0.030771094,2.333714182,806.217451,42.20508848,0
0.028131574,3.188419801,816.5921578,49.71491939,0
0.009451036,2.084010159,815.6274931,55.28389721,0
0.02715647,2.242842543,813.7579044,37.77555825,0
0.014142841,1.947195199,766.8825995,58.15200776,0
0.01890036,,793.2044943,33.96189517,0
0.016968231,2.1819892,784.9023734,62.54151521,0
0.029357863,2.102440303,799.3969254,56.91337429,0
0.03432022,2.837049099,859.3893186,31.99644731,1
,2.06738265,768.8868122,44.82605072,0
0.013619788,2.113644864,787.708071,60.1285669,0
0.024911553,3.178471553,807.0795666,44.03732305,0
0.020190044,3.106442231,809.2907068,60.72337151,0
,1.725650578,796.330053,65.49111921,0
0.031311269,2.700193139,807.0806618,42.60290399,0
0.020833996,1.801757027,756.61133,49.30192086,0
0.028358398,2.294558176,799.8821255,47.88286522,0
0.027680922,1.925084553,807.1793394,62.66356582,0
0.014245706,1.862828983,795.1561373,51.6826004,0
0.030231953,1.139590588,814.4203346,41.92922863,0
0.019944146,1.758956433,810.856204,49.81850907,0
0.032554315,2.782766637,793.3080955,49.31666695,0
0.032454986,2.444261511,790.2417655,45.55830913,0
0.035416688,2.5345839,754.2423938,34.24350661,0
0.024090139,2.165368136,795.1619059,60.28938753,0
0.018105023,1.80480429,750.3613106,56.96012117,0
0.01453041,1.509128472,802.6038793,47.48272398,0
0.018093991,2.474474007,799.5490771,49.34464079,0
0.029551476,2.342008587,817.109704,54.01413106,0
0.024245271,1.2227063,782.4755649,64.9100144,0
0.024410177,2.547166779,831.1101773,55.64511139,0
0.020979663,3.349437306,813.1216056,34.14513562,0
0.02663791,1.647735211,817.3489124,54.79572131,0
0.031090309,2.923281334,794.9923288,55.27220184,0
0.031304939,3.067974123,837.9144039,48.5144671,0
0.021314554,1.684255005,836.378854,46.69466238,0
0.027996399,2.33349684,791.933964,48.47199997,0
0.017249401,3.100367636,744.7982983,55.36999367,0
0.024667834,3.20489392,813.4362892,45.49363902,0
0.019115454,2.911864055,827.880275,65.32494142,0
0.017067158,2.267703394,834.2664028,43.62554121,0
0.019004576,3.00092338,837.6290352,51.42557235,0
0.023658192,3.081208611,811.198111,54.96556208,0
0.010729895,2.190300343,783.1365371,45.09971842,0
0.027313481,2.529419696,793.0883417,51.54148614,0
0.016848356,2.693787389,784.6797025,51.52388235,0
0.03305617,2.608949929,770.2911858,56.06090664,0
0.022461065,3.192240688,791.3928689,71.61322926,1
0.016381901,2.453971847,826.8396388,51.52089611,0
0.021127802,3.029849972,843.7671086,45.58789985,0
0.027828272,1.794361268,781.5444994,49.61040444,0
0.00873949,2.637245163,794.2429356,55.98810557,0
0.03089785,,772.9976534,42.12612476,0
0.033910935,2.441810455,806.4053219,55.30865598,0
0.033925491,3.839275752,860,51.29869532,1
0.023350117,2.597722215,817.5205727,58.8869671,0
0.020053963,2.053298281,803.5026961,64.894775,0
0.023041872,2.058974723,814.3529759,46.91530259,0
0.018453046,1.433704617,809.0257214,47.08074401,0
0.022876453,2.841470337,837.3810568,55.26626014,0
0.024422836,2.333729361,790.0032838,56.51166384,0
0.019851555,3.726935759,835.6365294,55.08890762,0
0.019307532,2.805243539,793.5412048,60.76886655,0
0.029590094,2.172664801,813.6655954,48.4996837,0
0.014611786,2.745860988,767.6401295,,0
0.027593747,2.715235721,804.839786,31.39934348,0
0.026095992,2.159312371,808.0495185,40.71103774,0
0.011528705,3.7954179,,48.58074709,0
0.031501572,2.867087362,791.3984066,54.52922099,0
0.006839849,1.837577231,816.0333559,45.17904079,0
0.027434781,1.201299772,811.9612545,50.01838795,0
0.028447796,2.266615606,779.2236752,45.68473121,0
,2.886571066,790.7048513,43.64661801,0
0.023508367,3.11827373,789.1831769,49.02317742,0
0.015749574,2.619418154,792.3654132,45.19900624,0
0.029723657,2.413720313,780.9371111,51.08465265,1
0.011450558,2.53221543,828.8957823,59.79705127,0
0.027848822,3.247793905,773.1400435,49.23721907,0
0.033783314,2.817048067,793.5268997,46.83832575,0
0.018005895,1.78961924,799.0971317,44.39245339,0
0.020396858,2.123141963,814.0628544,54.09945285,0
0.017590673,2.196469237,786.5587136,53.49009827,0
0.034377738,2.621834835,777.7660349,57.12318796,1
0.021154581,3.61708193,815.350784,42.73767152,0
0.018833438,2.791224245,806.4938121,54.85046463,0
0.014147075,1.141960019,815.5158107,53.08996865,0
0.032623946,2.681193212,755.8826558,49.71670062,1
0.024434478,2.464864937,770.3031261,56.00678131,0
0.027199802,2.925853046,832.4527837,55.08741304,0
0.029027233,1.951737831,,53.12338497,0
0.02500011,1.351185341,,65.74841485,0
0.020100874,1.477215276,818.7542824,52.28971386,0
0.024770117,2.322564515,748.0728252,61.89843968,1
0.015204,2.901661045,813.1815474,42.96335221,0
0.021309313,3.032385278,853.9786904,70.22804644,1
0.022370354,2.961990307,825.2659175,57.7402793,0
0.035137098,2.965209431,801.5162529,59.75990465,0
,3.173715822,808.4931374,45.74281245,0
0.011706043,2.4149354,843.8158646,36.73809945,0
0.020105801,1.677982219,754.0274996,65.69376993,1
0.0189182,2.859079,780.3931967,54.95062533,0
0.030440119,3.101671119,838.8949672,43.51875108,0
0.020666433,2.310097773,805.724114,44.97743572,0
0.021290308,2.834140052,802.2569141,45.57262457,0
0.029608748,2.728555739,825.4889242,,0
0.023815473,3.383777283,787.4128071,46.86680785,0
0.0373679,2.218068285,796.9270366,67.37176227,1
0.03604525,2.906851625,787.4541432,48.61961707,0
0.012609573,3.300515977,813.9311716,48.94429648,0
,3.075995893,839.5732319,59.21825383,0
0.011984544,2.37932004,776.6965964,44.7338995,0
0.036062919,2.814321096,762.4618391,42.55167205,0
0.01507218,2.380168619,815.5081712,61.3980723,0
0.02236979,2.128789118,817.1946778,58.23201638,0
0.023040519,2.792006812,791.8492543,52.64081484,0
0.019826597,2.697842242,773.2219068,52.88986943,0
0.019612935,2.337112646,797.0337799,52.63961701,0
0.024581465,2.559578943,801.4001151,47.84071332,0
0.022099575,2.648195248,819.9533266,58.73172158,0
0.022546123,2.32564602,784.3374365,56.04699646,0
0.022265472,2.740785765,856.6021586,57.34817845,0
0.018975968,1.640199069,807.9148928,45.77075506,0
0.015873785,2.133173849,769.1407159,43.33310235,0
0.032160248,2.856191766,809.1236602,50.93696122,0
0.029089984,2.400285205,772.7974745,37.90594962,0
0.010468144,2.867922225,786.9801392,49.29741904,0
0.011347928,2.71542086,832.1473652,50.99463058,0
0.026495206,2.738168087,801.5033906,59.11668705,0
0.022160819,2.641901479,773.6545559,43.20552916,0
0.027093556,,818.0245674,67.75761485,1
0.035993809,2.283607314,771.4670613,56.18975016,1
0.014449523,1.763042773,827.017821,49.35431577,0
0.010948901,3.791108427,778.1295438,45.04148175,0
0.040816618,1.886834782,815.9315752,48.40334278,1
0.028462757,2.108574465,815.1584075,57.36702343,0
0.017816679,2.638734024,814.2580367,52.90631196,0
0.027243288,2.882740839,751.9388184,43.92044202,0
0.018969521,3.059370588,784.6352371,53.47633704,0
0.019336917,,789.9917328,60.72084359,0
0.028270855,2.969988081,795.5804585,38.9777573,0
0.032500277,2.410315216,766.8736864,45.03795973,0
0.021131314,2.200827229,785.3302846,39.6641976,0
0.022620469,2.724545367,793.7883314,57.68433131,0
0.023589212,2.701993979,780.0842337,,0
0.02749313,2.518853799,823.1715048,44.21200559,0
0.020616515,2.41610186,806.3288623,48.09927654,0
0.019764035,2.963057916,792.7772636,59.50260722,0
0.020363438,2.037126985,800.4506419,48.53611929,0
0.0093444,3.472197075,770.0226659,70.03625807,0
0.032402095,2.203814236,779.2940602,47.3930654,0
0.020423303,2.380844926,798.9779617,52.77391718,0
0.032851075,,842.5933187,70.41698375,1
0.03633592,2.610214641,791.8108792,43.7653918,0
0.023239471,3.008503935,812.1686107,59.20726437,0
0.023108941,3.032214401,811.7631353,42.10131829,0
0.027502557,2.853567552,786.9261877,51.5563347,0
0.037475801,1.351712651,816.1813794,56.02720677,1
0.028131337,3.002467577,803.0744166,56.96191871,1
0.012558342,2.573689931,820.4594428,34.80041147,0
0.023529707,2.439897288,816.4121072,49.35832804,0
0.022135031,2.214189906,840.5104443,43.40780399,0
0.032462175,2.072936974,841.1389918,60.20338913,1
0.031035017,2.660412231,787.7061041,44.74864482,0
0.028936277,1.96389269,815.6032502,37.05227446,0
0.023824954,2.568894218,795.8010853,50.84921618,0
0.014266025,2.545652701,817.8653163,43.8868919,0
0.023931995,2.337233917,,56.78544139,0
0.036786079,1.974759654,828.1205798,52.60200589,1
0.013028525,2.584247406,796.6643586,41.70319199,0
0.02745,2.084644994,778.8661799,53.21996029,0
0.030056635,3.240078634,784.6660447,61.57519131,0
0.037930684,3.071225853,797.9313377,45.72510854,0
0.033413939,1.934847107,789.1644872,37.82486019,0
0.021033485,2.253425136,832.1858227,44.06766369,0
0.021111922,2.407599442,797.8940051,42.25995636,0
0.028364893,2.274217976,,52.01630288,0
0.024449719,3.364801191,810.8407166,47.21665414,0
0.02571834,2.787301838,792.7081976,40.80924683,0
0.028410466,2.500187754,812.334308,47.10985839,0
0.029517486,2.736842566,819.3767784,28,0
0.021539733,2.015998828,806.1968191,61.07805828,0
0.016584728,2.336131424,839.6901216,49.37657379,0
0.023934828,3.114348875,819.4569539,56.73486339,0
0.031222819,2.282782911,835.7697901,51.48644062,0
0.0199084,2.469758607,842.2706813,47.64375142,0
0.019622393,2.37264609,824.4957053,56.50456124,0
0.037791608,3.047700393,790.0938079,31.29738986,0
0.026744546,3.152824787,789.9490265,48.25249769,0
0.034196795,2.582813596,786.7554661,44.15760374,0
0.027955845,2.931340151,823.0325082,52.81093737,0
0.034524857,3.165310522,799.1813347,45.11124853,0
0.01724273,2.342461156,811.4697476,48.98994101,0
0.022380374,2.487191929,807.6490812,41.33497846,0
0.018048362,1.844544862,793.6316077,40.73350118,0
0.035152273,1.873137783,750.1801903,56.94044803,1
0.016437948,2.644398104,793.5066979,53.97130753,0
0.022764613,2.914490443,784.9338363,55.09626631,0
0.022880617,2.056486291,831.7780185,,0
0.014371477,2.467650185,740.5421115,34.39028386,0
0.035057987,2.470358883,754.9778522,51.79463822,0
0.026986222,1.457347202,801.6148895,60.022527,0
0.034506112,2.46643489,777.3734276,52.35437308,0
0.009339696,2.476876217,808.776433,61.46583563,0
0.02208597,3.019037978,747.9979725,35.75900617,0
0.008665818,3.328278706,823.3034216,38.52565334,0
0.026891788,2.149256541,795.3146601,54.89625192,0
0.021354776,2.467355489,816.9148951,48.9744964,0
0.017565459,3.108502367,775.4612819,43.0260615,0
0.020019672,2.92611818,789.1394195,52.70470582,0
0.014825547,2.400310255,801.6122499,46.56716151,0
0.02013461,2.09497487,796.755488,65.09813479,0
0.028934898,2.829796015,837.7104492,52.16789409,0
0.019601614,2.981912607,832.6176146,39.06990152,0
0.017321132,1.700549992,774.3808492,70.15421216,0
0.028846882,,826.0906089,,1
0.013848379,2.668733636,,58.03839432,0
0.029777656,3.166962777,781.2093223,50.77549292,0
0.026081791,2.320250786,801.650679,59.95189014,0
,2.387316696,829.9942858,42.78265717,0
0.03607215,1.687036641,823.0505296,48.75106329,0
0.02810649,2.053484677,787.2920801,31.30053512,0
0.014490859,2.841501383,805.9441417,48.42380188,0
0.01218503,1.549947451,811.1793411,59.40976334,0
0.026805295,2.463502693,805.0593157,40.26567163,0
0.020357342,2.474980247,780.9129821,48.48734649,0
,2.08109143,816.2628526,50.04782658,0
0.023996907,3.025147473,764.1145474,57.14489539,0
0.023342476,3.456746085,816.93785,,0
0.019035932,2.732356399,806.9417969,45.33107756,0
0.025676487,2.683431102,749.7966336,58.21811985,1
0.016899648,3.261128375,819.5168256,54.1879807,0
0.020639652,3.157668796,846.0598358,29.56028382,0
0.026461261,2.320949635,842.4607183,42.5045612,0
0.028961614,2.518721744,845.8684963,44.26110326,0
0.028764598,2.611174451,806.8504622,60.57590233,0
0.02822877,2.177308344,774.2979467,31.9608954,0
0.022161743,2.018702,812.9315567,53.86217235,0
0.016525228,2.145972692,830.9101665,40.21518851,0
0.028584597,2.191999566,818.131177,58.27944625,0
0.024378351,,821.935617,46.11738658,0
0.017718707,2.368600399,816.9186682,49.01744154,0
0.024936297,2.532963401,799.924884,57.44858292,0
0.025558403,3.43808262,839.9412671,62.42636361,0
0.025214394,,767.9681681,52.6345815,0
0.022134147,2.915843056,785.752641,37.48513821,0
0.03235935,2.850996101,852.7365697,51.2242697,1
0.021337711,2.37028976,799.0957712,50.2023305,0
0.030370911,3.084541745,763.9193081,59.06794013,0
0.027584099,2.527198856,799.8234853,46.63372315,0
0.027572078,2.298447718,781.0791667,52.65325642,0
0.0216901,2.172333731,826.750903,49.3225358,0
0.026607639,,845.0886446,52.99505987,1
0.03504408,2.945196656,775.3201034,58.19434953,0
0.025251739,2.163036814,792.9785094,45.07072506,0
0.035888931,2.282993394,799.5919485,32.65089789,0
0.023500262,2.288612338,784.8018776,53.68314401,0
0.017067989,2.662881934,789.8679058,58.65601208,0
0.020300536,2.536651682,802.8212256,56.72119509,0
0.025076823,2.482700565,825.1615243,59.96303504,0
0.015624604,2.732889871,823.0984601,39.52206809,0
0.025205781,2.105928448,740,52.84870437,1
0.026580588,1.681087563,797.1375116,41.01097873,0
0.027816866,3.379734866,786.42446,54.97115218,0
0.01617166,2.442679346,807.9583978,59.58924869,0
0.043964768,1.698817866,840.6692489,59.61132528,1
0.032924716,2.286655141,788.015658,54.24616901,0
0.02135633,2.036279865,,49.37333967,0
0.02499536,2.73464098,804.043337,49.57623489,0
0.026982992,2.804938881,769.7929344,56.81189423,1
0.016946085,1.277322498,814.7456298,51.83067627,0
0.034485274,1.980623452,770.5351551,55.40782817,0
0.027409336,2.157977894,807.543479,48.89075163,0
0.030461381,1.894696062,752.7120044,50.28969711,0
0.016625979,2.883209247,793.1233819,40.71334812,0
0.034282992,2.667368375,778.7195042,48.04757844,0
0.017223266,2.837718372,797.4196645,52.31083169,0
0.02402646,2.780265814,744.534769,55.77540025,1
0.02338768,2.19208077,803.5661549,49.89025844,0
0.025271214,2.433109861,813.8620742,33.41539429,0
0.017114224,2.803483407,810.0164351,50.89187558,0
0.021659547,2.870279609,827.153834,40.96701493,0
0.032912065,3.254432536,831.9963998,48.05824715,1
0.025081233,2.526764723,778.7556036,,0
0.017021609,2.375222175,756.3022472,67.73423296,0
0.028815921,2.861191812,786.0936093,44.60533143,0
0.032571279,2.517332996,817.9980287,43.08620495,0
0.024866152,2.654601356,752.9071538,51.50733206,0
0.031636776,3.385784696,807.2980319,55.27773121,0
0.027825817,2.6693854,826.4158961,62.31967003,0
0.025516631,2.272564908,795.7901344,42.46716908,0
0.0335566,3.198595478,785.5116853,58.04751805,1
0.025857029,2.173238288,773.4882761,49.5177611,0
0.034036307,2.073243957,801.215367,54.75998281,0
0.015796538,1.808189268,772.9249572,65.62015973,0
0.016387736,2.625861475,811.7001169,54.30931998,0
0.024678391,,810.5788209,52.30865344,0
0.023817391,2.643239729,787.5092275,55.58621615,0
0.022238773,2.881785899,767.7273411,47.44706377,0
0.04663702,2.093847158,757.0788447,51.49434465,1
0.041404167,2.371251903,790.40785,36.59245728,0
0.028077462,2.451987054,822.6961028,45.82724708,0
0.02522501,2.766228366,803.9216264,42.28337008,0
0.03635208,2.289948437,806.6052034,40.98961408,0
0.023528845,2.401016769,778.9970417,43.68450274,0
0.031072676,2.07630703,810.1283232,55.46977375,0
0.032718179,2.777906368,847.2388932,52.55782421,1
0.027098722,1.935612132,740,48.93641212,0
0.028222839,2.84541302,782.062276,54.96879554,0
0.026243268,2.468603053,790.1097474,53.11271063,0
0.0239298,2.757365287,757.0827002,51.33089274,0
0.022742472,2.817960383,791.7680612,55.95118823,0
0.017608111,2.562051242,858.6139717,58.29609715,0
0.030054723,2.167903192,809.0743406,43.84582481,0
0.009902633,2.816080644,764.0397901,53.01217349,0
0.022951406,2.400682354,834.3028605,54.2113648,0
0.031446666,3.539963515,836.5036419,48.36849841,1
0.011240549,2.420108706,800.8099487,57.88707437,0
0.014426959,2.844859267,796.2326063,44.32468576,0
0.029450651,2.664414464,783.7726954,41.88406793,0
0.029042325,2.931989829,809.8625248,41.04583859,0
0.026084755,3.087671143,790.2043027,48.1771511,0
0.028038347,2.861985456,763.6377419,45.87101437,0
0.017694036,2.59754192,770.0163793,46.49735036,0
0.030698686,2.620050231,813.4797524,49.42848251,0
0.021234147,2.457577873,742.9618355,48.66482782,0
0.020696021,3.342154959,784.9058472,28,0
0.02134753,1.893272975,768.440841,47.20315341,0
0.033679802,2.357368506,860,56.50709087,1
0.02571683,2.390320896,799.4923505,53.25255438,0
0.020569797,2.920012997,803.6793928,56.07077194,0
0.020510382,2.073735326,822.1819418,51.46242059,0
0.024638393,1.766940773,,65.13596114,0
0.02801178,2.788459205,782.8448122,52.02881394,0
0.011199764,2.333221572,,50.36787953,0
0.03116239,2.137464767,770.6851792,42.33208083,0
0.029092844,1.570426963,789.2579388,41.82656363,0
0.034571152,2.044510898,797.7351465,68.45384404,1
0.036695255,2.850426796,766.8021537,45.62537704,0
0.020683063,2.20431185,818.4869855,66.85781623,1
0.026963321,2.176910003,826.4322265,48.1222593,0
0.01708504,2.806466862,823.5105289,,0
0.021238461,2.30273422,809.7392116,56.6150718,0
0.028954011,2.741563856,799.1867924,52.25749802,1
0.027601248,2.686114116,784.3883008,51.48234531,0
0.029612991,1.762622655,798.548826,43.45068862,0
0.005717963,2.643290665,815.683623,53.17282562,0
0.021541918,1.611761449,821.7518734,44.31260438,0
0.018213337,1,784.8207249,45.87890595,0
0.024253692,2.065292108,768.4339852,56.01655269,0
0.029865564,3.528986046,766.6884085,41.99539823,0
0.02708065,1.628491049,836.6708177,53.63563666,1
0.03074428,2.672495239,814.8265592,54.22302187,0
0.018998122,2.07118647,758.4849353,51.22660694,0
0.017645989,1.865424285,811.0101502,41.53612388,0
0.018921228,2.477931119,838.7723094,37.98316258,0
0.026465933,3.527884854,836.0835576,55.88711474,0
0.024107813,2.090996377,771.4629876,42.23740779,0
0.02054196,2.204720171,759.8984034,52.71657886,0
0.011775633,1.45022901,776.7669518,61.92809904,0
0.030499784,2.665831948,809.2123863,39.62883891,0
0.026138548,3.197005683,814.1822474,44.85050057,0
0.022894537,3.028509015,827.6558887,61.47669577,0
0.022796733,1.876423756,839.0593573,49.58089046,0
0.020875589,2.410291606,788.2801437,53.54606461,0
0.019392413,2.328265356,812.6260883,39.589209,0
0.028490091,2.61979368,777.7065243,50.36935235,0
0.02547519,2.756619913,784.666903,62.87032173,1
0.02936176,3.996073349,827.8109353,58.72008997,1
,2.743949104,803.6277067,49.26235672,0
0.021079945,1.899854237,797.5312464,56.00004405,0
0.022980047,2.398819763,779.3591812,59.60910077,0
0.015323978,2.395696455,774.9320837,51.22400056,0
0.018199314,2.859755562,793.6075064,50.2609885,0
0.023657506,2.247482003,808.5088518,49.04967694,0
0.030441292,2.748206298,766.6518068,60.61651416,0
0.021767425,2.373265429,830.0353524,61.93097911,0
0.026721233,3.045937332,784.5205527,56.56071039,0
,2.545145706,793.930435,49.91290528,0
0.027170341,2.406859729,811.8668476,37.68613338,0
0.03436573,2.411209512,813.0244519,46.90707144,0
0.021881403,2.819819653,822.2310389,39.86089981,0
0.025615833,1.824535494,807.1489352,49.93788388,0
0.030711409,2.640057598,798.7652646,52.23485607,0
0.010691432,2.594620032,812.5997079,59.01238228,0
0.020724548,1.68945404,781.3612657,45.73095456,0
0.030587424,3.004006022,860,31.90130149,0
0.024240881,2.096761312,816.3096709,62.20753971,0
0.028927379,2.533879631,794.6082028,41.22579213,0
0.02615843,1.452897549,761.4754656,52.07864359,0
0.027826404,2.912952728,776.7853334,56.41472942,0
0.020886137,3.124268686,813.0641237,54.28320556,0
0.029410528,2.920910588,794.9069781,56.69600992,0
0.026952023,1,813.8026443,54.69404907,0
0.029361413,2.481535313,740,41.38156127,1
0.035366608,1.61191679,806.6401488,59.02878322,0
0.019264402,2.186557604,823.8278038,44.01823272,0
0.026354527,2.691159601,785.8151382,47.46813075,0
0.020928627,3.101455966,779.4348762,61.78645309,1
0.017520838,1.748922434,756.9604618,53.18638114,0
0.018455315,2.57180661,806.9210219,54.13243709,0
0.023915661,2.519396317,812.4742261,54.32721858,0
0.023490861,3.194545299,799.0459585,71.43714464,0
0.026832484,2.855622977,771.5958923,51.21647018,0
0.027136036,2.705612594,816.7507056,44.67952653,0
0.015367495,2.061023393,814.0176594,42.49700824,0
0.01827716,1.709044054,797.8451162,61.77843006,0
0.025157406,2.774725091,835.3500464,55.59154036,0
0.02512896,,818.6099176,54.30325046,0
0.017231085,2.275827602,789.1886172,55.40332819,0
0.021977046,3.156353906,771.6364555,50.64420492,0
0.021318166,2.921323039,785.9182367,47.67902806,0
0.027142051,2.156671218,800.0710486,62.12229845,1
0.016651986,3.435686606,763.6910431,46.19542374,0
0.020385731,2.357647716,771.9594546,38.89261201,0
0.024648599,2.552417958,,50.12969652,0
0.022654075,1.800821285,830.0102607,55.39485429,0
0.017544965,2.567682689,822.9402985,35.18453141,0
0.029703512,3.311384103,790.0342657,36.39487451,0
0.015366096,3.169727265,805.0412563,41.26550925,0
0.029354711,2.353481362,795.8592284,60.99536151,0
0.023420682,2.099830818,822.7260657,51.20917347,0
0.0301619,2.566089076,793.965262,53.41206258,0
0.024127111,1.972980494,817.1278847,47.20946769,0
0.019496019,2.627161328,793.9889206,48.92354821,0
0.022768065,1.643818515,787.2659114,53.89236265,0
0.015280265,2.999470219,781.8736209,59.95334056,0
0.018978044,2.509554181,795.7173748,48.8756463,0
0.019417786,2.751039346,817.9370077,63.64951562,0
0.01886651,2.399971622,821.9652897,54.33664526,0
0.035464026,2.469858545,780.2297114,43.39556079,0
0.021269982,1.693467219,804.3045566,57.40831038,0
0.018956716,2.083261334,805.9314018,44.59866881,0
0.027490475,2.962982994,774.1587689,49.70520169,0
0.033324489,,764.2640136,55.88871574,0
0.033925755,3.438057309,812.9215817,47.43260461,0
,3.569299491,775.0046122,42.90477366,0
,3.345387909,794.5120508,65.82334597,0
0.017146722,2.53993187,810.4765077,52.24694055,0
0.0257448,2.334111602,797.7772838,58.45032674,0
0.023211074,1.975728325,,49.5251423,0
0.021514735,3.182147387,810.5113399,48.42072819,0
0.027143749,2.289701657,784.9356939,57.90989925,0
0.038844348,3.058114075,767.7895929,53.00459835,1
0.023745011,2.889278611,749.3627584,68.68103794,0
,1.639087208,787.1992235,56.67405648,0
0.024226557,2.321280552,821.1785558,41.64747369,0
0.026882012,3.19808542,791.4986567,,0
0.017163775,2.784126232,803.1022444,55.90154635,0
0.007306187,1.454347155,823.1960498,45.29012179,0
0.01230474,2.854383897,770.9320014,40.04352742,0
0.02143703,2.232263929,786.0701774,51.13220493,0
0.0237654,2.156752474,831.8504017,52.50283646,0
0.013846902,3.023904287,795.5890044,,0
,3.580880941,797.3157901,56.20322305,0
0.024775054,2.471483834,765.7052878,56.81846574,0
0.02149153,3.064640534,,55.39029209,0
0.02553938,2.122791769,799.1705682,44.63876886,0
,2.642053946,823.7389765,54.95403149,0
0.02472945,2.382585312,799.3211091,54.48170969,0
0.012166163,2.043802171,814.28958,64.46265339,0
0.015581868,2.07606239,757.4414506,45.72720542,0
0.0195165,1.686892225,744.7417012,42.88988478,0
0.021628728,,789.4909459,54.64389494,0
0.019757693,2.064958932,784.0665025,50.47463328,0
0.02956484,2.484295507,814.5825814,58.06392838,0
0.023383042,1.198937471,778.8765521,37.87194335,0
0.032767305,1.690952277,801.9427368,46.9725626,0
0.016213009,2.817856135,822.5265,52.05535975,0
0.028504941,3.053250416,803.8102977,63.14851166,0
0.032482446,3.325471957,807.1924392,57.72266022,0
0.010855143,3.132975927,781.6170768,66.75937973,0
0.024042128,3.282756587,830.0126513,50.27326904,0
0.016827143,2.949883737,789.7261176,54.88366378,0
0.01409149,2.539378414,831.9223705,60.16047726,1
0.024230331,2.711500261,824.279526,44.62213795,0
0.01585045,2.366594268,793.7881383,52.00883764,0
0.028245996,2.38888961,854.4394597,51.35661323,1
0.024829911,2.856609901,754.6301337,52.4745302,0
0.01954095,2.095763184,780.1932827,60.00776071,0
0.026351432,2.896617717,806.329064,57.32319652,0
0.022900738,2.066477073,795.3915932,53.20495206,0
0.024336714,3.009803641,821.9409732,48.64731732,0
0.018983497,2.110331947,748.628964,49.86486848,0
0.018808621,,781.7690091,59.36014072,0
0.017049267,2.160307869,758.7520628,,0
0.030957649,2.106341807,767.5392758,71.84501019,1
0.020525282,2.086156482,806.8983355,42.33918093,0
0.031444985,1.718264808,784.2051844,55.29952855,0
0.023203071,3.01282342,798.3001346,55.01501102,1
0.018483136,3.491324009,802.3887745,38.50192316,0
0.015728599,2.802092101,770.9307036,48.10552244,0
0.016787095,,832.7596031,54.53410221,0
0.009931251,2.040092074,826.3202516,59.08785922,0
0.026713395,1.944504867,817.3549185,72,0
0.018590543,3.012270959,784.2176133,54.92345905,0
0.010379267,2.284996799,759.538435,49.19208966,0
0.028460485,2.725567882,791.8920395,50.75799499,0
0.025460439,2.854849824,784.3589906,47.15030464,0
0.013199059,1.882034934,807.8841454,42.40561151,0
0.025703357,2.886991631,814.5575765,59.41176612,0
0.01436791,2.55898921,807.4888621,60.9097456,0
0.0197053,2.417336657,774.5579954,50.63351524,0
0.033923283,,813.5898101,57.65083527,1
0.023958027,3.544609022,848.1912897,45.33351041,0
0.034809877,2.409002797,814.3765532,49.46270688,0
0.024222141,2.787648281,755.7749112,37.34336073,0
0.025397244,2.211173457,830.9463935,58.54434305,0
0.017965555,1.796577066,752.7305601,47.34997413,0
0.021127706,2.837140361,807.0457515,49.65796424,0
0.02845794,2.313200622,783.5788825,36.13005632,0
0.022911068,2.952492779,847.9627708,37.37381713,0
0.014114406,2.22832451,782.8118609,38.71727624,0
0.0161376,3.19107018,759.2223569,56.31138552,0
0.024173109,2.168360317,838.5503544,47.37193083,0
0.019199934,3.768285816,766.2675192,43.85575926,0
0.023298271,2.660395695,800.9404254,53.27299911,0
0.021820755,2.516945624,740,44.22138728,0
0.026542361,2.123782847,772.8329368,38.05957887,0
0.024084593,2.498437635,771.0100753,58.58607238,1
0.024867148,2.124415918,799.6545174,49.20546747,0
0.031778616,2.894048464,795.4066024,43.57778545,0
0.012520139,2.107189607,802.401422,53.07602936,0
0.039181397,2.5924173,806.2546676,41.0795059,0
0.024562794,1.865122491,798.9235419,52.31611254,0
0.027639288,3.330190361,748.1557737,56.05032601,0
0.028676117,3.044140115,799.0802962,44.96503399,0
0.02198975,1.952383746,766.7618156,69.70525421,0
0.019709888,2.350921664,765.6320345,68.06531236,0
0.05044401,2.75696676,860,42.5333122,1
0.014427072,2.475027469,809.7080609,33.5806334,0
0.027071061,2.851138415,775.9245897,56.56992517,0
0.021634436,,801.731996,46.69144112,0
0.022520436,2.723969548,798.500586,43.0707284,0
0.018756359,2.264627469,806.8599852,43.74707893,0
0.022325516,2.369003997,816.9856814,52.01777031,0
0.019574645,2.146649086,789.3783083,41.12658288,0
0.028342617,2.843444577,817.2901057,44.08754853,1
0.022750332,2.329807178,784.260967,51.7529506,0
0.023201753,1.982549102,802.7098918,60.235413,0
0.025510583,2.421919803,856.2941763,65.62327411,1
0.024842989,2.615314005,819.8152765,44.34096748,0
0.024826981,2.590459876,812.5441068,50.87778005,0
0.015695309,2.587064999,814.289342,61.29618474,0
0.010470145,1.521526518,860,49.68828419,0
0.020328975,2.907312644,786.8595206,51.00577542,0
0.027792758,2.194740041,792.1615026,50.97731841,0
0.029337038,3.248838499,788.8237153,38.71281853,0
0.025371531,1.754307596,808.051137,52.01745405,0
0.026562496,3.445220446,773.2181564,45.55469503,0
0.01525343,1.737742517,851.2033159,50.57766515,0
0.029386822,3.396519401,797.4224179,54.66970545,0
0.025400379,,740,63.39702689,1
0.032312061,3.434081975,804.4808032,51.0356341,0
0.014345362,2.460439942,779.6088981,49.04862387,0
0.030123579,2.294987489,,44.98783018,0
0.039702533,2.548436004,832.4321066,48.31434836,1
0.031281021,3.297596851,821.6738047,53.30887755,0
0.02502933,1.895348893,771.064425,45.22630701,0
0.02452592,1.946237083,800.8215922,64.83454297,0
0.020333965,1.888982196,799.7402784,55.78381011,0
0.034151364,2.748150099,787.462177,42.11757926,0
0.022888234,2.652689258,812.7744852,58.37962996,0
0.01763423,1.918752328,769.6892973,,0
0.043202816,2.487929074,759.2138174,42.93247289,0
0.02358318,2.719013798,767.7861114,47.18113176,0
0.014934337,2.595630151,847.1001946,52.43380326,0
0.011420028,2.082355181,814.536389,43.38342651,0
0.034905047,1.456773405,794.9182594,44.93690915,0
0.019906692,1.552210089,825.9531765,52.92041917,0
0.023944354,1.426815008,752.0896876,44.44269534,0
0.025757605,,815.4884953,55.40146995,0
0.026063197,2.26822294,804.7598532,56.88264665,0
0.019988011,,804.6596031,47.59775724,0
0.038895057,2.182847985,823.181544,39.11613266,0
0.021114244,2.522832113,854.9384016,62.27680361,1
0.02399473,2.411395099,803.5276748,45.77250936,0
0.035884723,2.570132174,760.4797297,48.78181323,0
0.011669487,2.642495144,837.7373581,51.04075831,0
0.022442926,2.758511827,779.5390999,57.9999694,0
0.03494553,3.028667901,782.0368036,47.88195181,0
0.017100405,1.652740321,778.1044723,,0
0.025454194,2.5316428,,54.42417423,0
0.031590994,2.944468551,799.5048828,52.73998049,0
0.027580711,3.221803219,822.130517,57.75066061,0
0.010333025,1.479125315,800.6678061,41.51970334,0
0.011547793,2.752408775,825.9700436,72,0
0.028294592,2.478492199,800.5724561,56.71793891,1
0.022895253,2.360477542,774.917537,57.59033713,0
0.030548067,2.113791524,817.1734013,48.97754762,0
0.018193939,2.153753089,782.4200722,59.29582433,0
0.022474217,2.591204443,770.1793772,65.49066996,0
0.025890049,1.814261036,,48.50407979,0
0.024497194,2.169314911,859.16632,34.83384601,0
0.019808591,2.903315948,800.3282895,66.42169727,0
0.028498965,3.301362414,810.8185761,50.0207283,0
0.030982172,2.341537881,860,59.41082186,1
0.00871071,2.727560086,830.2143561,47.59543627,0
0.027407081,2.82918534,781.1370724,46.38853394,0
0.034529129,2.628871252,765.0881789,59.06762321,1
0.022887892,2.308888256,841.4628425,46.63703311,0
0.02307823,2.367121874,795.2280105,44.02603483,0
0.024744694,3.026023549,843.476627,36.78560398,0
0.024178392,2.344311326,811.5222351,44.922957,0
0.0259094,1.65273788,786.391523,50.27327572,0
0.037065748,3.146507345,794.65863,72,0
0.024726855,1.804993158,811.3227247,59.4482985,0
0.031206758,2.80624476,770.0877168,55.78814035,0
0.031996226,2.425603241,847.5216318,39.55259858,0
0.025431063,2.727327964,822.8291627,49.96030478,0
0.025968975,2.390470963,842.5897315,51.00096451,0
0.026052752,2.813686811,829.7044012,47.7554994,0
0.022513269,2.557326125,819.1930591,64.86093541,0
0.022873863,2.964269169,794.497471,49.35329821,0
0.019555106,2.83474165,845.3072236,41.00199791,0
,2.997010262,805.0913954,50.90007428,0
0.020328681,2.444473552,860,50.73788983,0
0.021983958,2.173594024,798.756667,49.56476632,0
0.008246167,2.008472324,824.9119595,49.91937512,0
0.008362967,1.901846782,821.6329922,,0
0.022483468,,801.764006,66.09220385,0
0.021718128,1.706358098,789.8624782,53.7608323,0
0.018201198,2.047389521,804.6677497,59.5030564,0
0.019176978,2.520618645,791.4164102,43.4361669,0
0.011553775,2.670355299,802.8899106,48.47542253,0
0.024056862,3.379302304,793.9904313,47.65889003,0
0.031072088,2.51187856,803.3100548,42.09380264,0
0.025463556,2.664538585,785.2617991,37.98295236,0
0.019534722,2.590186826,791.7334908,45.03576169,0
0.021243635,1.971501891,807.9385106,49.04074078,0
0.019295727,3.140906535,794.3506032,47.47594508,0
0.03221116,2.430308578,826.6103913,48.50652404,0
0.029280761,2.418413211,816.5308484,45.60665112,0
0.02180079,2.048112691,819.8592559,38.44081893,0
0.024852751,3.105149336,810.3103575,41.43629099,0
0.032744248,2.469236006,806.5797196,54.05593289,0
0.038942337,2.085290785,804.4345737,36.37202924,0
0.017715746,3.072310597,812.9878622,55.9011278,0
0.041491546,2.815962761,818.2079417,35.38104285,0
0.024411797,2.980088607,787.5215624,45.90380079,0
0.016607655,1.963528705,778.6878599,49.86284387,0
0.024434167,2.146807901,821.6439962,40.53771053,0
0.031344675,2.250020278,769.2981865,53.78922982,0
0.019179948,2.52122907,825.9529721,,0
0.021484166,2.167732163,753.5352841,51.72990174,0
0.014546999,3.240525764,793.2246633,56.23638103,0
0.027548857,2.578332625,814.1459264,63.59810275,0
0.021277652,2.18223015,801.3373417,56.9780773,0
0.032963439,2.430717203,826.5544908,35.07791601,0
,2.371804357,833.8844195,53.75312291,1
0.032454124,1.919896184,793.4915546,67.51983001,1
0.022988922,3.192993148,826.7786989,56.86533655,0
0.020621727,2.884435436,778.3646885,69.98505822,0
0.024225511,2.910084971,797.3388036,70.86742851,1
0.036223935,2.713232649,836.1843935,53.53871431,0
0.010481701,2.419403023,813.8156107,53.96143693,0
0.024880578,3.009569131,805.1450395,54.26218977,0
0.028355564,3.656531227,826.6408609,42.50865437,0
0.020704025,2.086490324,752.420002,50.03746226,0
0.020105923,3.062618346,811.4754702,45.37589311,0
0.025606584,2.427608812,823.975383,49.63413399,0
0.042590214,2.746828067,806.1464962,47.34439875,0
0.022721176,2.327047251,778.3944843,33.72976119,0
0.018748976,2.794443539,795.9738219,43.1554739,0
0.019150841,3.667933783,790.3788555,49.77338656,0
0.005557242,2.490902891,744.7732535,32.60775107,0
0.025168427,2.009700116,806.9110544,36.12467962,0
0.034135012,2.443819152,799.6618135,58.98028606,0
0.030812362,2.78183707,774.989594,58.3795918,1
0.020555185,3.155836012,788.5700679,39.48137718,0
0.022163465,2.556193295,777.1167911,52.62577018,0
0.022774726,2.194405849,787.7792687,42.1491186,0
0.00906892,1.198503278,758.9543485,57.30960455,0
0.021945677,2.979403822,786.3181289,50.20235365,0
0.022482254,2.245813262,860,47.70620464,1
0.025169102,2.084206518,824.296473,48.69077002,0
0.017023086,1.57053965,793.8752776,44.85855702,0
0.020250023,2.818031375,763.8664007,60.402764,0
0.03857449,,830.7792445,,1
0.01880567,3.087781676,799.658052,42.21149618,0
0.014022902,2.926546549,858.1993122,55.77476877,0
0.022214237,3.580703984,,47.72886033,0
0.028171015,2.307614804,778.1896242,55.44122474,0
0.03082155,2.620376763,768.6840126,59.4611001,0
0.016076426,1.794166922,810.7869357,57.63780409,0
0.029334024,2.614425037,819.8426484,51.86241953,0
0.023418477,2.486996366,817.6686174,58.78924406,0
0.029145403,3.408519334,810.6354619,32.94343717,0
0.032549306,2.331800884,770.672202,47.968038,0
0.018275417,2.432601692,774.4643606,44.03086249,0
0.021817721,2.190523303,804.2547671,60.65346974,0
0.026457439,2.884639479,810.5064363,62.56836995,0
,,818.0990418,43.97844669,0
0.016274169,1.750615159,784.237843,49.41201656,0
0.050149041,,823.425788,39.2686589,1
,2.681551165,818.0544008,37.52308366,0
0.024447701,2.014492534,787.2149181,43.66487512,0
0.031999492,2.371442644,813.4095242,40.9797483,0
0.032479698,2.047261456,813.4216996,58.84137902,0
0.03408153,2.243287113,799.4794975,48.0918609,0
0.021769499,1.730248697,746.8626199,52.61957006,0
0.029611125,3.325782508,769.515357,52.9848207,0
0.028569763,2.640962411,807.9949634,42.40494828,0
0.035462467,2.784773398,797.240874,45.6511923,0
0.0248081,2.901958265,785.5356825,50.14121237,0
0.012472755,2.242332859,786.383142,42.92391177,0
0.018919612,1.686939004,776.8389813,36.4465986,0
0.020567535,2.176213359,860,36.5659597,0
0.023376551,2.609437829,770.2863853,49.32659891,0
0.026147709,3.026322526,801.2295835,39.55263512,0
0.019784696,2.952670232,829.0433802,40.78002045,0
0.017074647,1.380014861,812.5028361,55.1803065,0
0.026545796,3.004021964,763.3540121,54.96720161,0
0.031274118,3.269270249,834.108131,49.92331105,0
0.033532276,2.283536635,806.4085561,52.74398161,0
0.015701432,,808.0798593,34.9674117,0
0.024558018,2.560206128,817.5498231,61.59124495,0
0.014235712,2.496569769,828.7631088,61.65899171,0
0.027624349,2.091148546,,54.77401594,0
0.023887058,2.84898675,797.5887056,64.04821681,0
0.013070496,2.909518171,777.3337611,36.87640751,0
0.02445448,2.06013297,765.0425975,56.35047207,0
0.018410837,2.330385738,766.0319603,44.55402541,0
0.023552898,2.52553235,771.3530741,60.63531275,0
0.0238355,1.702039792,806.1044857,48.13668637,0
0.028586202,2.59437971,852.4067586,54.37726553,1
0.030627172,2.700453131,860,48.66382001,1
,2.195875569,783.7171385,49.33630244,0
0.027264404,2.661606857,773.4219178,52.62267244,0
0.029141227,2.281658246,806.5279571,42.56579518,0
0.028646455,3.11387552,833.57114,50.6725403,0
0.014153993,2.100534772,797.1592557,41.02938731,0
,2.370850783,806.4890068,37.99066047,0
0.022141715,2.156164672,821.1036372,38.67401866,0
,,808.6925615,42.23434628,0
0.023019239,2.245330263,854.5604427,48.99462838,0
0.031769466,2.815742313,,43.37775491,1
0.026382984,2.235369738,802.7423717,32.73813577,0
0.020497265,1.935671068,794.9171863,38.63536751,0
0.007729308,2.552713869,791.3644567,40.05126564,0
0.023358127,3.411076635,823.0060981,41.28010443,0
,1.46199764,772.0024376,39.37177155,0
0.021853409,1.304260046,782.6140897,46.77367546,0
0.022350201,3.64865984,821.1856947,41.88082164,0
0.046622003,3.298298951,785.5323496,36.73338753,1
0.017498022,2.973218212,800.9981234,43.74765355,0
0.032248774,2.893214466,805.0402527,48.37728788,0
0.020930468,2.470630868,776.7333785,60.62880668,0
0.032225745,2.508466005,857.7733589,54.5549366,1
0.034767506,1.836272472,769.1197156,,0
0.020625363,1.626532646,821.3392892,51.0678924,0
0.01750256,1.806950399,778.1390068,40.27933376,0
0.030920533,2.233687979,830.1083527,57.74058092,0
0.0307441,1.608303251,819.269085,58.98121022,0
0.025266266,2.523001696,858.9559058,59.37802161,1
0.023189694,2.759409305,,49.96148309,0
0.029999966,2.261230115,795.5816,50.3345825,0
0.036600192,2.767797586,806.2351553,49.16404593,0
0.027658862,2.590162633,800.5275326,59.08895012,0
0.035428029,2.509972225,817.8951511,42.15303065,0
,2.83282128,809.5927067,36.59468389,0
0.02411977,3.322117784,784.3079785,51.60514289,0
0.014877087,1.894910119,823.9655064,58.63055608,0
0.027691921,2.707076808,810.2062361,46.00805431,0
0.017845116,3.654410056,767.4968391,37.85522193,0
0.022891832,,802.9233015,47.02248135,0
0.023060659,2.359606789,799.6290443,46.80471148,0
0.034972369,3.719052039,822.2980355,41.98780457,0
0.024613764,2.418289427,805.9682768,54.5064657,0
0.02113837,3.162246713,804.229792,41.24121766,0
0.016716714,,809.4031002,52.12900491,0
0.027985756,2.304975256,809.2231962,,0
0.018074503,2.787754838,762.263384,42.92742583,0
0.016622639,1.259009253,822.3411377,55.18097843,0
0.024918145,2.254267541,805.7581237,65.02588163,0
0.032378881,2.945412897,762.0171568,55.99888408,0
0.038217669,2.579984997,793.3390305,44.08898891,0
0.027320303,2.325505976,839.3543196,37.50415328,0
0.017473494,2.302532906,807.6469671,38.30266937,0
0.029727857,2.997891638,836.8574005,52.804127,0
0.024746434,1.947133968,796.9560287,48.27855276,0
0.034463025,2.520299774,827.6066499,49.36391986,0
0.022041968,3.399231151,813.1065656,42.09576685,0
0.030232099,3.216073607,830.0060812,53.9287724,0
0.015681718,3.040442817,747.0252886,45.10778337,1
0.023762755,2.344551701,815.1218478,43.10890848,0
0.020245877,2.997808842,798.7482681,37.33971859,0
0.019577001,2.172565991,808.1509173,45.88581778,0
0.033182661,2.977580042,795.7523418,50.94722976,0
0.021689815,1.92038718,828.6240973,58.77894615,0
0.028022889,2.433153988,797.4971566,48.70916764,0
0.037806409,2.554831147,814.1187517,54.1570066,1
0.02950068,2.773721256,780.9510507,57.28786209,0
0.027793541,2.455995208,801.3611095,,0
0.033802919,2.15079854,781.3495379,61.79830228,0
0.021044872,2.101236432,816.7705154,43.19400914,0
0.031356219,2.27970892,803.2550858,28.03554203,0
0.03336754,3.167005121,860,56.28944487,1
0.01753623,2.390442141,820.9781529,36.96831608,0
0.03385597,1.542927323,816.5043305,49.57206874,0
0.029595854,3.984979856,789.2053198,35.29311127,0
0.026259202,3.078653985,794.9486622,37.33166857,0
0.019573787,3.284316025,816.6337993,,0
0.013110742,2.651179348,815.781549,45.06556452,0
0.021369401,,800.9751154,61.40195547,0
0.022704093,1.988569589,787.438681,42.08532675,0
0.015975483,2.631504225,834.6396612,53.83978978,0
,1.672444636,772.172142,45.02699132,0
0.022484829,2.471206772,822.6083498,49.16625004,0
0.021717226,2.979174268,764.4025379,45.56587137,0
0.026720879,2.356852378,809.6938098,44.78243583,0
0.019691331,2.37038984,810.529278,45.2782832,0
0.02043865,2.641947851,801.9920219,49.98358219,0
0.027318952,2.253510917,,56.40723334,0
0.028140353,2.36731831,822.1628469,45.49834164,0
0.02103374,2.757433992,801.1430738,58.25997858,0
0.014274191,2.52915388,783.2705173,60.7720457,0
0.018549206,2.46124927,749.0622996,53.8684117,0
0.025175454,2.6117653,816.1898975,57.4601829,0
0.01867904,2.965362725,802.4245482,58.33513156,0
0.024613852,2.876617937,772.8141325,43.87559201,0
0.030059223,1.480830326,795.6130827,57.81726402,0
0.023040373,3.332447369,805.2997374,34.92511701,0
0.021952442,1.73648796,795.0094217,39.40095809,0
0.027403887,3.179976708,740,58.33705307,1
,2.731913387,829.5736587,65.1235532,0
0.018845589,2.917299972,822.0949322,57.00038408,0
0.023329147,2.630347971,740,40.34136544,0
0.036066823,2.431864961,810.8527847,50.79844699,0
0.023130717,2.34961503,842.7026046,51.74400635,1
0.034553531,2.888631804,805.3211896,64.42958907,0
0.017539816,2.455282429,803.6585043,56.92040537,0
0.032184378,3.256201117,756.1333913,52.457014,0
0.030020789,2.95173121,790.8474207,48.47899354,0
0.017502293,3.252369172,838.3807114,33.63553505,0
0.025303556,2.081741425,787.6292973,45.98691682,0
0.018605033,2.578205289,773.5918118,55.78524683,0
0.014747647,2.517920992,771.3610039,43.06716106,0
0.012945703,2.308930702,823.8423146,52.4437934,0
0.033275562,2.383921341,768.2677626,37.92551501,0
0.032816332,2.765475654,780.9572082,46.25519206,0
0.032928389,2.586362485,758.2881349,65.29046489,1
0.017636529,2.802493672,758.6605213,57.279047,0
0.005,1.168387615,782.1273804,51.43325933,0
0.023007519,2.886120451,759.7697734,46.20351212,0
0.028700496,3.782735492,802.498234,56.19270769,0
0.03714008,2.423909281,837.8351177,46.47574378,1
0.021663741,,794.0064156,53.46948282,0
0.027722181,3.184970407,816.3333315,53.41527841,0
0.014846138,2.011576002,810.5660946,51.58867723,0
0.017994176,2.061911663,811.0352112,34.23864803,0
0.028910918,2.57079386,796.3727877,48.4682618,0
0.034062144,3.080828357,828.052921,59.86278611,1
0.017918408,2.153225055,802.3136153,42.89241219,0
0.028507559,3.46272334,782.2793165,49.29942782,0
0.013974642,2.2275071,792.827263,66.9721249,0
0.022169261,2.424397082,824.9475193,48.87988745,0
0.020478289,2.960221576,783.2405022,53.5277375,0
0.018596657,2.116229009,789.3439376,55.01670764,0
0.029934709,2.864790633,815.9940441,43.52257485,0
0.036725001,2.254441114,796.9278372,67.58690147,1
0.022414891,3.419579457,793.7233992,63.69822846,0
0.028192668,2.638507088,775.692277,50.28393889,0
0.022572378,,800.6954522,53.09881443,0
0.029919991,2.511596315,749.0532463,55.83942291,1
0.022996261,1.938766759,801.4951388,,0
0.024744202,2.683496718,811.6542859,42.34768282,0
0.023527572,2.741720431,759.7660104,61.91967293,0
0.022523909,2.263468342,841.3393367,46.01045325,0
0.024829007,2.754049271,798.37278,58.98636035,0
0.014526073,2.50115186,828.8834449,43.70849814,0
0.019402858,1.796481055,761.5287745,51.53835145,0
0.019406027,2.647645483,809.077841,55.83400841,0
0.023468371,1.823128808,813.5539322,40.54584813,0
0.025285798,2.704500428,767.4930618,60.34220918,0
0.025221796,2.3352359,772.4116626,55.37065022,1
0.012193439,1.798118591,846.2594154,,0
0.020609032,2.068368489,803.3545948,44.1410784,0
0.025059016,1.400914236,780.7963954,40.05740714,0
0.0428976,2.473171749,858.968815,39.50806238,1
0.025802771,2.588605491,777.8398114,40.79009455,0
0.022820402,2.89218665,798.3993292,57.48648762,0
0.010758766,2.466678801,783.9788345,54.87515783,0
0.024879486,2.787840061,827.8367768,55.8836974,0
0.021619155,1.861712871,840.2209688,51.96056676,0
0.020590093,2.57835243,782.4641567,56.05219641,0
0.029571956,2.693704929,770.1318686,59.37909388,1
,2.744430944,819.3802135,49.18900634,0
0.021432497,2.386452156,798.6147704,61.51081704,0
0.041891668,3.573143839,801.9640845,54.89657519,1
0.021341959,2.302356014,756.2874104,35.77109327,0
0.027020992,2.21384764,818.3590441,43.28614165,0
0.0294753,2.293798959,777.4506401,47.44596812,0
0.039630055,2.210003022,809.2378133,61.63689264,1
0.025774973,1.660452054,794.0170634,38.06457022,0
0.023863614,3.137769389,775.4583394,54.72192626,0
0.024179723,2.130557565,822.7095497,70.99691943,1
0.022895149,2.434005379,746.9057474,29.95088535,0
0.022543445,2.623852703,804.0478949,42.46481551,0
0.02228897,1.480861938,806.3429876,56.85234119,0
0.018456721,1.958990012,787.9919578,52.30906427,0
0.028217513,2.565000285,771.7241948,51.63299723,0
0.024771224,2.489596551,757.5670363,43.63166299,0
,2.576048515,788.4654163,40.20889066,0
0.020977431,2.072004818,788.4307637,42.20102608,0
0.032724291,2.186326017,794.0177521,42.72200745,0
0.025164418,2.949040945,793.3677028,37.18889604,0
0.018385296,,810.482014,52.36018985,0
0.02427823,3.097104225,787.2357776,63.16044507,0
0.01093034,1.92117164,778.9535264,43.91482667,0
0.026117213,3.44994216,740,44.17681244,0
0.015488067,1.607609601,799.8590227,48.57222842,0
0.026375065,2.500183527,790.7311521,34.92306845,0
0.01624244,2.025835152,798.6021187,53.03871022,0
0.032034761,2.890399443,818.2739131,49.59698208,0
0.026767447,2.35125929,814.9999998,64.85520281,0
,2.298074014,801.7735751,36.00191639,0
0.018286769,3.149678334,804.6431737,38.99256704,0
0.026016067,2.848016863,828.402511,56.92268994,0
0.033675729,2.606538952,822.6844272,49.64870637,0
0.022281609,2.827859762,757.4079434,58.56507025,0
0.019922342,2.289784779,793.7752485,55.26076318,0
0.013453871,2.36602891,801.9282425,47.49149675,0
0.024991214,2.294331095,803.4157547,52.67562073,0
0.0171535,2.834854445,799.2288195,54.45930566,0
0.039714956,2.327395393,787.3372002,56.8084893,0
0.019666642,2.509653098,763.2974626,36.67365844,0
0.034522903,2.169461994,758.9953748,40.55195611,0
0.018575511,2.527030703,763.1275981,54.99020724,0
0.042263741,3.271346462,825.6737911,36.99002632,0
0.012681516,2.092089887,812.7225328,41.72066538,0
0.024986986,1.464829087,813.6192136,38.58772784,0
0.029379611,2.721832927,781.7992001,49.33333053,0
,2.759975302,860,46.17443357,1
0.027924124,1.970308981,773.4087392,42.27926881,0
0.018704515,1.583200624,768.1556225,49.78495859,0
0.01887589,1.767575605,772.2187806,51.30706505,0
0.019077193,2.351140667,787.3291422,36.84965333,0
0.036709779,,,38.1697604,0
0.037111786,2.601084633,813.876676,48.20042436,1
0.020591292,1.873862904,794.1846543,53.64916058,0
0.037091529,3.106343863,830.5346759,56.73185416,1
0.035051081,2.475609774,800.1102358,52.30845135,0
0.034921632,2.682846148,795.8233039,,0
0.031347166,3.2253671,816.3831863,51.09439121,0
0.021493212,2.564948267,814.9138563,48.81264903,0
0.028370471,3.555511065,849.6480693,43.19752993,0
0.018271983,2.647584769,782.1466836,61.67491293,0
0.026273579,2.756022695,787.3370387,46.11311839,0
0.030032599,2.683979784,820.3579023,50.23276559,1
0.025188893,2.410687723,848.4199812,57.02438383,0
0.034148935,2.339394876,786.9140519,61.42665967,0
0.039102134,2.584100269,803.6325628,40.12144413,0
0.011515197,1.586563502,756.0748709,45.48559351,0
0.016753636,2.389913648,775.8762217,53.70197354,0
0.031937085,2.379189802,812.4240469,51.74769866,0
0.023955365,2.864978408,811.5194541,55.17595062,0
0.021824649,2.438016884,803.2586688,46.28432526,0
0.009388659,3.170874659,782.5293139,54.12738159,0
0.035619339,2.792185452,860,63.10445008,1
0.027339389,2.385895634,792.2472856,64.12267347,0
0.026851918,2.410272824,824.3619281,61.00117269,0
0.017678957,2.681535025,829.9825691,46.37233092,0
0.025069006,2.812262005,790.201076,51.82906165,0
0.019621865,2.679433357,797.5491291,56.06642256,0
0.024085781,3.259352994,812.7654073,39.1134977,0
0.023073202,2.789600165,782.7817995,57.0711967,0
0.026164637,2.2445237,803.7595784,31.93433346,0
0.030498604,2.938051898,771.1684392,54.77547097,0
0.016900026,2.464236685,785.5326774,56.97471245,0
0.030742316,2.639190932,811.1712852,59.59586562,0
0.020777252,2.487282209,827.935246,54.10309627,0
0.024756607,2.711702246,762.8002721,50.74663851,0
0.023705319,3.02159193,794.6426225,44.27795922,0
0.026921919,2.40720904,856.0284382,48.09976734,1
0.01610193,2.915407833,782.4419035,46.81332788,0
0.015205808,1.459283732,818.6169694,71.0423123,0
0.030026718,3.297211255,776.5083892,61.74304554,0
0.027038867,2.540983512,811.9062602,34.61871026,0
0.029658462,3.122162343,781.5975957,54.57176981,0
0.034822674,2.514188039,776.6077529,43.79692103,0
0.01146301,2.147469073,775.2359869,50.55738996,0
0.020555901,3.343423477,833.8577509,39.17892746,0
0.036091998,2.982517119,777.6636393,44.42222378,0
0.017077889,2.762420515,799.3654482,41.8614393,0
0.014949244,1.198833823,790.1486248,48.25640589,0
0.023456285,2.563261537,805.7005626,54.4648716,0
0.017230521,2.926858963,806.0001848,38.63025447,0
0.025916804,,813.0733145,60.72509396,0
0.024961634,3.052040539,787.443012,54.7452982,0
0.027909973,3.171120244,832.1402471,54.23460289,1
0.029182053,3.045871382,847.4352001,54.85714079,1
0.021905486,2.377768135,777.8331178,49.38949389,0
0.02736418,2.734546295,762.6256103,64.94165649,0
0.022886878,2.96453064,772.023846,47.56951272,0
0.021485561,3.473071508,808.8755536,53.84836144,0
0.023814701,2.03272705,772.8908675,,0
0.016881768,3.190446419,776.8697521,59.46941966,0
0.030005571,2.776016179,817.396524,60.96483886,0
0.029604349,2.123945127,803.1062776,35.12792467,0
0.01710875,1.547110776,772.0446267,46.89835093,0
0.023488038,1.956483019,765.3827176,56.16810048,1
0.022852913,2.703502472,781.836672,54.60530306,0
0.021407531,2.392268192,756.0054586,46.48968155,0
0.021457852,1.830539931,808.2664119,50.10647349,0
0.045603074,3.096668161,802.2655592,67.61262878,0
0.020626526,2.874140641,778.3123668,53.20485149,0
0.024359107,2.657830596,802.6817249,60.09941911,0
0.029967215,2.814458817,774.3409386,49.89303432,0
0.024734217,2.087595119,807.9648187,46.63653991,0
0.020654984,2.320269915,801.5151298,46.4825353,0
0.02672426,2.354711039,792.7049284,67.10331658,0
0.025620626,2.465577619,837.1777396,58.89612647,0
0.035246336,2.115240445,793.3086034,72,1
0.027954558,2.654388381,800.808294,36.13594919,0
0.034534111,2.454113416,800.9060889,48.94650893,0
0.012017989,1.993588699,804.5873228,51.19376247,0
0.016220686,2.173250373,785.1226764,51.86985421,0
0.0154911,3.264868032,755.560487,39.29958181,0
0.0319193,2.035842195,754.5001235,44.99312913,0
0.018366344,3.010259583,804.7690017,43.01797267,0
0.030526528,3.229403183,829.7441017,54.12809602,0
0.024575468,2.849787804,784.7689176,54.11032046,0
0.02829212,2.926971333,789.0281029,41.30634901,0
0.022879542,2.460237353,754.1011462,36.85932197,0
0.024362159,2.505830598,766.570751,71.58800466,0
0.024797191,2.654895223,789.2338852,47.40305773,0
0.031544682,2.790396081,774.4329354,50.88634475,0
0.019236115,3.037931403,808.8832056,49.55231961,0
0.023896122,2.714361176,779.4133912,62.37969461,0
0.013225642,2.814815748,798.0884592,38.07815729,0
0.014945561,3.31562002,791.8296265,69.01499168,0
0.031667779,2.204372066,757.2215291,51.66167415,1
0.020849136,2.634243277,785.9390667,51.34693579,0
0.02882203,2.975106417,814.9274434,47.24668813,0
0.021392029,2.846899452,756.5777926,54.88316824,1
0.021338782,1.878174557,798.7254947,60.21830468,0
0.012788883,1.943829879,858.8844114,44.5047361,0
0.02592789,2.490407448,797.1045894,43.16272192,0
0.023337007,2.626521312,855.5182323,37.58516906,0
0.025874362,2.630823083,789.6034502,59.19822361,0
0.028246893,2.936072253,827.7167723,53.97905235,0
0.023101289,2.653703471,842.7524326,45.03393544,0
0.014461425,1.962081351,784.5914092,38.33544001,0
,1.911574015,785.9375539,52.45006807,0
0.028759838,2.007735759,777.7985667,50.45746842,0
0.013143122,2.189401736,800.0469186,57.35546928,0
0.023487815,2.861869112,825.9217725,47.59741035,0
0.018676884,1.659792469,803.6563066,37.95291046,0
0.02875943,2.394907303,827.3845132,53.32387278,0
0.017251738,2.282920218,827.8819744,55.42273809,0
0.020076111,2.187276796,823.1330115,51.48016812,0
0.020390926,2.040997331,786.5379387,43.67726419,0
0.027831347,2.637965079,854.5654231,40.29196606,0
0.022192748,2.711206207,799.9525157,47.05665967,0
0.022693887,2.048330794,741.9097587,64.2069378,1
0.03518908,2.678415651,805.592405,42.34416508,0
0.023679689,2.216667543,796.1108973,51.30101165,0
0.020241426,1.135753977,810.9154895,44.48756688,0
0.025609803,2.329096482,781.3009577,46.27308807,0
0.035029755,3.006520761,830.1880887,47.38030947,1
0.018661247,2.262333761,784.1798202,45.10855827,0
0.013431893,2.857744709,777.7914281,63.88350306,0
0.024253091,1.941849129,814.8658943,48.04486013,0
0.018991023,2.733232563,785.8271152,62.68928234,0
0.022716738,1.982893494,771.4676453,42.067564,0
0.030668648,1.803813015,793.5375531,46.37777559,0
0.031562404,2.077249455,766.7683588,36.11277108,0
0.035770818,2.648086909,788.3324993,51.42439059,0
0.025089361,2.472894385,789.6415832,49.4499187,0
0.023103756,2.093889595,803.024801,50.87938286,0
0.022890254,2.473163489,820.2154605,28.72962956,0
0.024060783,2.74011089,777.4063095,47.68346208,0
0.028741139,2.001067906,798.2694731,61.8868955,0
0.005519166,2.676887736,800.2134199,58.66623621,0
0.033674412,2.010292284,787.0453065,53.68832057,1
0.021954782,,826.2662484,53.21864461,0
0.023907485,2.4918621,818.8408767,55.64111387,1
0.01538077,2.953373812,811.4477587,42.35231381,0
,2.058663217,790.929135,49.85389343,0
0.023442187,2.759375156,811.1725999,51.62663331,0
0.017779458,2.074447367,816.8025736,58.23153702,0
0.033064691,2.279117089,788.3627813,50.89751974,1
0.028382969,2.663567026,834.6550523,41.33850723,0
0.024759289,2.816570603,811.0939529,55.28655035,0
,2.497269548,,55.3696522,1
0.020807307,2.144479317,763.7239517,45.42904071,0
0.031531602,3.288118907,837.9178547,34.07018225,0
0.014400884,2.501870445,813.9849128,46.89383374,0
0.013215398,2.926263468,782.2171938,53.67364602,0
0.031418761,2.73640329,774.7714448,43.48795407,0
0.026512848,1.96984122,748.4357109,54.93361756,1
0.021711815,2.015910938,786.9080691,58.26283362,0
0.022588397,1.746798635,811.7176392,57.45159959,0
0.029728589,2.143819768,802.9709849,67.98248297,1
,2.905627146,805.5380406,54.23164539,0
0.023737035,2.661612674,851.9987398,45.61930835,0
0.022103188,3.040626332,751.2413046,52.07957796,0
0.026128749,3.160240398,804.2610254,44.82071255,0
0.034174552,2.124526306,793.5943148,56.63986782,0
0.028891723,2.776575394,818.3331353,34.99469593,0
0.016876787,2.560792097,802.1518709,44.59066756,0
0.0344777,2.886701538,784.8180804,48.75595559,0
0.014108313,1.399156956,799.7767204,48.93100281,0
0.025743255,3.181827863,794.2412333,49.33936339,0
0.017850523,2.733788271,781.3082037,51.34836727,0
0.026179145,3.226339475,839.5006215,,0
0.018448969,2.465210931,792.9505001,54.1735115,0
0.027811316,2.922467638,836.3347027,61.71187873,0
0.034398535,2.334573884,793.0992308,45.17302765,0
0.012370803,3.029800861,829.0180705,58.50379607,0
0.02791257,2.003581644,810.9792802,51.2044627,0
0.016804398,2.933167195,763.0039359,52.15085915,0
0.030596913,2.699451456,785.0416584,51.69819351,0
0.018775874,2.318460334,808.6714845,58.87955632,0
0.015040609,2.977604836,818.5693081,55.25501574,0
0.018045495,2.722320705,794.9605354,55.5854692,0
0.025037601,3.132510342,829.8537097,,0
0.03792297,2.323470573,771.9509735,58.0442298,1
0.017819539,2.320243385,807.7998676,47.52378177,0
0.023961639,1.558064791,858.38874,42.83360812,0
0.021890121,2.820737803,809.5133428,,0
0.024543464,2.865566954,776.7835655,48.40783574,0
0.020241516,3.141646128,794.5603119,35.94596015,0
0.028900979,1.242157523,834.8652699,62.27903454,0
0.031893754,3.047319324,843.6168061,59.06056789,1
0.017213912,3.206962611,793.1529566,51.65143253,0
0.028292914,2.157223078,795.3473153,52.50125827,0
0.017251343,2.675708191,,47.47286085,0
0.015805851,2.105106588,811.9933954,43.61880985,0
0.020901219,2.68475957,798.1228565,37.71258244,0
0.020079775,3.261203794,801.191045,56.18038277,0
0.023617974,2.163305262,821.8531158,43.59517673,0
0.025364778,3.282470024,791.6021461,45.97251628,0
0.03064477,3.047563913,813.122733,51.77589971,0
0.02557321,3.000020542,777.4375994,56.61642198,0
0.042052861,3.177908334,824.8688362,41.77886261,1
0.025281585,3.323121531,778.6095356,63.1034214,0
0.020200753,2.766653431,791.2387232,50.6031871,0
0.021921276,2.781160056,784.0481398,63.27498375,0
0.023068089,2.090334913,809.7183029,46.2701321,0
0.021584508,2.918928175,762.0622624,48.69128015,0
0.024984545,2.125042201,,63.118322,0
0.031317524,2.746689986,764.5372539,62.81627371,0
0.020862902,2.967139113,772.1317565,64.92549268,0
0.020064288,1.34621877,823.9119855,59.53244085,0
0.032694267,2.378637843,818.5305332,46.33496017,0
0.013580822,2.784159695,800.3532992,45.97283461,0
0.024676735,3.229141439,791.8495807,47.20610608,0
0.016672894,3.284975335,754.9957634,54.98151382,0
0.045307827,2.640061682,771.9568312,52.18145919,1
0.010102353,2.655569377,806.6186343,41.30316776,0
0.030255015,2.234273816,800.15856,51.18663928,0
,2.006211988,823.5984969,55.29704146,0
0.022889591,2.408480814,777.305492,30.08609092,0
0.026181114,3.194534482,835.0311873,54.41339821,0
0.037918247,2.488970703,825.0777419,56.33383433,0
0.019911193,2.092556807,810.6895465,48.06929966,0
0.012746764,2.323612787,809.764817,52.75507237,0
0.017190262,2.245096654,811.1474206,55.14251498,0
0.021819747,1.773102743,833.555185,46.44167891,0
0.028461753,2.329685125,825.2255475,43.87169936,0
0.024510672,2.167686905,824.0734787,,0
0.019496656,1.750412457,808.651378,45.291907,0
0.023652675,3.112720631,779.9563449,56.7848155,0
0.023778458,2.916688482,808.2661384,56.67428336,0
0.033796966,3.066208262,743.5403212,64.55708394,1
0.030270915,3.152395895,822.4517649,53.61382909,0
0.02329724,3.055766295,833.1954107,46.24388685,0
0.019199852,3.197696671,787.5598798,58.48968075,0
0.016774299,1.94415456,770.8579684,37.31054581,0
0.023800139,2.342834247,740,47.96649965,1
0.031794865,2.76854834,813.2628446,50.21253456,0
0.034984796,2.571224637,815.5249235,51.4626831,1
0.020657632,2.070016212,799.9614763,64.27366473,0
0.026824498,2.916811072,806.364402,54.17833365,0
0.041395297,3.491798784,831.5376197,45.05306581,1
0.027813299,1.64178594,743.9300613,63.74949823,0
0.030221659,2.913852929,787.4811003,50.15685394,0
0.014449786,2.230818233,770.7516032,57.26883347,0
0.028862384,2.23330573,804.634663,31.30132534,0
0.017117754,2.400839206,776.0928911,,0
0.014772155,2.109103881,822.4020861,54.27832516,0
0.029179362,1.489830563,796.040466,48.23720406,0
0.019462392,2.190270256,841.5912513,41.5029262,0
0.032075024,2.458856011,770.7339531,54.15860317,0
0.03182147,2.201375188,793.1223734,37.02649866,0
0.031701885,1.823397828,772.2905149,57.94057708,0
0.032128056,2.600786214,814.3249459,50.76903851,0
0.016952368,2.555157286,766.3436862,51.87597573,0
0.020947453,2.249518504,822.4993981,40.29992856,0
0.028589429,2.615548141,777.6843693,48.41393789,0
0.031585067,2.218086809,789.6565426,57.04469561,1
0.020983973,1.708301701,754.7400054,57.1164847,0
0.028355218,3.727035999,796.3353767,35.43407506,0
0.01365461,2.305381847,834.9371025,51.54093086,0
0.032117701,2.98258354,756.8876562,,1
0.021595448,2.806097524,775.9793889,50.64377164,0
0.024161328,2.669493971,758.1601965,48.68908029,0
0.015808683,2.819603737,775.3927413,62.21211359,0
0.038587437,3.360027008,812.6880424,52.2426134,0
0.016942634,2.260121029,807.9512531,44.24450385,0
0.014596938,3.298872852,798.7677861,53.78226757,0
0.024957748,1.809775894,802.3904881,62.55102059,0
0.021219831,2.342180431,798.0702316,44.08489235,0
0.023986817,3.30787574,819.1848551,34.5351882,0
0.023999412,2.36568974,837.4562183,68.12494328,1
0.021168487,1.899466653,801.3214484,50.8031489,0
0.031298004,3.22135797,781.0416234,46.83185839,0
0.021760283,2.094897951,803.3787374,53.73378928,0
0.026543156,2.14436156,790.7228615,47.19394511,0
0.028969264,3.33434497,780.3720504,36.08500219,0
0.024259121,3.077334631,828.1253442,57.50428878,0
0.014654318,1.594573005,784.1733707,46.45874258,0
0.029400785,2.392865038,859.9292665,46.0066311,1
0.033012128,2.145843967,809.0153063,45.82664977,0
0.034020941,2.956546121,765.7260342,51.73225831,0
0.035027799,2.626535988,802.9076711,56.23870077,1
0.037539352,2.383496517,790.1988592,58.37603704,0
0.011217448,2.021006776,771.8790955,47.98936155,0
0.014040553,1.774049518,811.6994627,51.9094632,0
0.023339457,2.364944528,810.1460199,33.92713199,0
0.022661684,3.461367784,855.9715906,51.71480528,0
,2.594395649,791.2832092,50.08914335,0
0.026948129,3.277584477,849.2376768,53.63559854,1
0.01346398,2.134556633,805.8937116,54.15099054,0
0.012700303,,835.4560668,54.39366708,0
0.019894504,2.819041396,807.1702679,60.4990659,0
0.022055274,2.626546399,831.5692688,53.28352793,0
0.016915907,2.940851648,773.8836733,51.39623861,0
0.027031376,2.099433992,803.2187976,49.16532878,0
0.025440177,2.47192887,769.6864001,49.57864848,1
0.025009053,1.994589397,805.9327767,36.7299635,0
0.020436756,2.084191352,819.4401035,47.29864983,0
0.024243663,2.469297366,757.1398831,41.30372225,0
0.025744707,2.574206294,802.1952076,46.89863873,0
0.024080507,2.118553851,756.5126186,37.46194276,0
0.021924523,2.917829724,797.5435688,46.35981893,0
0.029863589,2.387268991,818.1400593,37.86521068,0
0.025215388,2.344830211,759.0758663,,0
0.035504851,2.242598079,811.1472289,41.94145452,0
0.018571335,2.668575183,773.4615533,53.62849256,0
0.005,2.426621009,841.8947279,45.08111953,0
0.017832691,2.065767794,807.8369026,40.9675373,0
0.02617252,2.20773843,779.3798488,,0
0.025107804,2.291378241,,42.60536175,0
0.023077145,1.984664648,800.1656863,53.22225971,0
0.028144816,2.320988336,799.4897365,45.45737313,0
0.016488364,2.447587057,801.0550292,45.99624263,0
0.025320393,2.872608336,828.0620402,34.78518765,0
0.034460272,2.576606827,792.1010756,43.26321112,0
0.01676421,2.748043529,787.989608,56.19909502,0
0.022321205,2.211737783,802.2057191,51.59928953,0
0.018813575,2.589713507,826.3705699,57.11890275,0
0.015892297,3.152749642,775.274393,55.62653596,0
0.018349831,2.812472155,813.9236422,30.90756846,0
0.033069288,2.822070455,758.1193936,51.62599127,1
0.026127206,2.206337062,764.7466775,43.57383929,0
0.020684996,2.542915155,752.5405106,47.89714761,0
0.016012904,2.264812121,828.9491487,59.83974007,0
0.031568048,3.408689902,783.9023896,44.85852425,0
0.026744805,2.866976151,807.0339914,59.57141786,0
0.026765341,2.45675856,814.0137588,,0
0.026725609,2.436784724,789.4531822,38.40548084,0
0.025197709,2.398280575,810.5105876,56.53385178,0
0.021169489,1.791306477,778.4512574,53.21932598,0
0.040593419,2.422351829,771.2407316,63.48280664,1
0.033842527,,797.2123969,51.99445104,0
0.023431616,2.625436023,753.9954613,49.21187962,0
0.024354343,2.169232747,805.3955416,51.60980456,0
0.019727468,1.98091409,790.7081597,47.29739201,0
0.026665773,2.348708823,809.2425781,49.2811437,0
0.024639282,2.122002864,822.7570773,55.54075874,0
0.016734904,3.220188041,795.2134378,39.00668062,0
0.037843118,2.428824231,855.3018598,46.8024216,1
0.027858923,2.724556238,792.207199,48.97349614,0
0.022322459,2.721201732,747.2201291,,0
0.026652068,3.348250237,851.9456048,35.90700408,1
0.023241804,,860,45.48936154,1
0.020501604,2.878390438,776.3682424,46.22732008,0
0.011051965,2.646217846,860,42.4793108,0
0.026702794,2.200973492,795.8604354,43.90342666,0
0.020374257,2.17170429,816.0343719,33.95806308,0
0.026414545,2.967654862,783.1728064,53.66582943,0
0.027566312,3.210214435,820.5617418,48.76178495,0
0.018482384,1.396034839,818.9736092,40.83983096,0
0.018841827,2.515950627,841.3292054,44.73406086,0
0.027285867,,852.2579456,60.61216373,1
0.036313637,3.368737268,813.8963666,50.63614526,0
0.020388133,2.889190943,797.9967936,52.147103,0
0.022029133,2.125620229,763.6727639,43.85068268,0
0.022069073,1.929225335,803.4797689,52.75404846,0
0.018011822,2.123782452,832.0662133,63.96640987,0
0.032660392,2.792757409,780.8533646,44.55383658,0
0.028194593,2.478575876,791.2978348,52.51026456,0
0.013477934,2.449509858,792.0451369,52.77394887,0
0.025888888,2.977404827,768.6970085,48.10095151,0
0.020867446,2.828021841,824.3532534,44.57330245,0
0.021616672,2.719978059,793.5100301,47.20194513,0
0.028966328,2.766806003,825.2628061,52.25861513,0
0.02684753,2.801782658,792.1758205,50.17986503,0
0.031299946,2.457418284,823.1637026,53.3167046,0
0.034728359,2.368794327,786.6235128,46.38651932,0
0.013659008,2.403147021,770.3627657,48.43011244,0
0.017850181,1.764395378,803.4302041,,0
0.018938413,1.733861644,813.1904133,41.43828088,0
0.032887495,2.463759835,823.3452707,39.95029624,0
0.030650701,2.338500646,769.1161459,56.668913,0
0.027950458,1.82014216,770.1255786,39.19301041,0
0.011431237,2.525045394,831.7484397,44.74570368,0
0.024198275,2.51922287,784.4922735,48.35153809,0
0.009238837,2.521363475,782.2701086,50.34116831,0
0.018943275,1.927426324,814.5359203,57.32141246,0
0.023765951,2.907671726,801.674965,45.1669688,0
0.016454611,2.941045058,816.6075486,50.73709641,0
0.032754639,2.476394072,805.0126917,45.62232293,0
0.016464756,1.450041347,785.5843316,49.8591929,0
0.023335211,2.005668953,800.587436,64.30523909,0
0.016977933,2.949093439,829.079442,54.4584449,0
0.02950503,3.536461825,747.5178357,45.55797705,0
0.027132735,3.159392924,782.9085859,62.31202188,0
0.020975282,2.11500808,773.4950456,49.28778381,0
0.019149011,1.569312276,846.7156314,63.67089626,0
0.021049242,2.83051344,785.3423324,30.03496856,0
0.030478058,3.122161896,772.2686272,42.57861552,0
0.031366529,2.693847413,829.6175959,44.57185683,0
0.02785585,2.52297474,807.8221519,48.78447878,0
0.020562124,2.264232443,820.74354,61.08407924,0
0.028177319,2.557968126,,54.26391428,0
0.028307291,2.216343216,825.0348462,58.27137203,0
0.030306281,2.581792803,763.7143062,37.35158122,0
0.034275608,1.983408698,790.6828321,31.92822011,0
0.028550861,2.872943232,801.8523242,59.10717572,0
0.016273874,2.655001705,836.0186444,58.17375105,0
0.021994653,2.29973975,763.3030006,55.76132368,0
0.032479724,1.852383588,819.988839,50.76713755,0
0.031798849,2.120428521,802.3390803,48.71138974,0
0.014793738,2.340901873,819.7242393,50.18910088,0
0.015798933,2.67892876,760.2875109,40.96329986,0
0.0319934,2.099633296,784.069996,47.18414807,0
0.029340248,2.983650593,823.6129569,44.92238317,0
0.015118289,2.42530118,851.3149093,50.57164163,0
0.026111108,1.882230548,775.8789204,56.52594054,0
0.030002806,3.544073542,793.3655673,60.34946033,0
0.031831907,2.68840509,740,61.82227212,1
0.021813756,2.290670673,762.4854328,65.06846424,0
0.020716828,3.18903202,814.1180345,66.47784492,0
0.017125076,2.512141547,,56.52901609,0
0.026692995,2.878005152,746.3863731,51.05454096,1
,2.388266332,796.2994971,60.75443048,0
0.024435793,2.388889916,767.258412,51.80345113,0
0.009807732,2.034217316,803.096691,52.22013757,0
0.007281842,1.973188599,791.5583091,38.44219696,0
0.033757049,2.742072368,841.6551564,56.25072925,1
0.010392521,1.980780455,801.5490491,66.36182441,0
0.033484307,1.702406401,784.7276373,43.63632579,0
0.024643194,2.087745143,,60.56571577,0
0.02942593,2.689057343,781.5657546,46.69170021,0
0.02848472,2.636412529,769.2005265,,0
0.022996055,3.033718393,779.3628635,44.26319615,0
0.008281752,3.123067563,827.8192838,59.37546882,0
0.018763549,2.818013461,809.0613102,50.30279667,0
0.033603959,2.991690039,810.7057368,53.84554639,0
0.022709678,1.9797578,819.0989997,47.33506192,0
0.029348393,2.222954032,831.1223204,37.38945318,0
0.022636688,2.729274835,795.9365394,51.29291696,0
0.030770211,2.359088935,819.8960433,64.13201661,1
0.021434494,2.288412684,796.2140047,60.06941862,0
0.018430678,2.349683219,802.1457226,50.70429168,0
0.02173449,2.604876432,860,53.09828287,1
0.020358152,2.212956711,821.619114,52.82111955,0
,2.003584771,784.5850833,50.87572887,0
0.014780071,2.208736452,800.5939177,32.26810484,0
0.024574835,1.525920568,795.4550468,47.36918227,0
0.040537206,2.101437649,832.17749,42.35194944,1
0.026283856,3.279860533,,54.15402461,0
0.025502609,3.542159492,805.2613891,63.17477706,0
0.015929844,2.657280877,787.3060116,47.25714025,0
,2.492947263,814.5730786,54.94935448,0
0.031999932,2.656581149,789.9209392,46.46192376,0
0.018049641,3.022152622,797.9769579,46.98422271,0
0.022269418,2.148867643,740,53.48491437,1
0.033934088,2.627583413,805.3597757,36.85899055,0
0.018536671,2.991141061,813.5941927,46.83409707,0
0.01570731,1.819691052,784.4602472,53.1026155,0
0.011772207,2.157112862,838.3810144,60.54416705,0
0.028278781,,775.2368151,49.05726292,0
0.026377033,2.603595194,800.5699693,58.59266513,0
0.010690865,2.412833817,778.1228163,37.12439952,0
0.030640151,2.224042163,796.2178166,42.9847366,0
0.022614047,1.967497516,767.4539891,53.19543211,0
0.023949247,3.374317305,825.203077,58.38977705,0
0.028936581,3.207532741,817.3526819,55.44570454,0
0.021764455,3.074375716,803.5461425,32.49563937,0
0.031260765,1.790422729,828.4154327,61.77077669,1
0.020705548,2.453865689,819.3314824,41.17634585,0
0.023569318,2.934016754,823.9309087,47.50624188,0
0.02627032,3.063858844,797.6627557,63.98641423,0
0.027943066,2.237017736,826.5459524,49.97841136,0
0.021830393,1.00539248,799.2281633,44.20111042,0
0.021402863,3.01891042,807.8014736,45.04947462,0
0.026943066,2.521507838,776.8008682,48.73082231,0
0.017098024,2.172087358,782.4989433,54.16332063,0
0.028952812,2.083194303,779.0461274,51.6920296,0
0.033398981,2.481725465,778.5051614,55.97280497,0
0.020879749,2.406601276,796.7667712,47.34126298,0
0.024950432,2.594113045,811.7994377,51.6054734,0
0.032249156,2.48993074,840.1332674,53.46199009,1
0.027631833,3.059819728,805.4296408,46.72750241,0
0.027816412,1.925051121,847.8455669,46.89846013,0
0.015698679,1.863979433,830.2579147,35.07010774,0
0.033002892,1.929433934,782.590209,54.12186024,1
0.026457934,2.897258335,803.1840718,54.66802941,0
,2.301326155,762.3089499,42.50341963,0
0.014837435,2.651448749,763.6486985,45.29423842,0
0.028007261,2.501717057,792.93241,39.41380183,0
0.027844105,2.664197893,801.6170674,,0
0.01639739,3.387408934,789.2658057,51.00991775,0
0.018704862,2.084881636,775.9996742,48.00225788,0
0.033636401,2.430651853,784.9673018,34.7881717,0
0.011670032,2.727166207,789.2811387,48.6761484,0
0.01874344,2.111064014,817.5159097,51.67362541,0
0.024862774,2.775115248,823.309698,47.11403986,0
0.03054218,2.420354949,746.380948,46.24243893,0
0.024030824,2.492301076,786.0028507,56.22353195,0
0.019174894,2.488987584,757.4949217,47.62566835,0
0.015355303,2.170282121,816.7420628,59.36289379,0
0.007000665,3.074425607,804.3289014,57.22518749,0
0.021904558,2.529422093,803.9354929,32.54993935,0
0.024571747,2.366176398,812.967136,62.50810057,0
0.031847213,2.836968836,777.485293,45.6961877,0
,3.207658038,808.1503858,39.71751481,0
0.016755514,1.471452055,774.7053344,54.60623778,0
0.019994773,1.788961875,792.7749146,62.7241419,0
0.0225311,2.604613083,790.8890419,55.36461855,0
0.014565308,3.2200684,815.5001059,61.23476616,0
0.013741944,2.224334681,851.8072613,47.96189315,0
0.03007429,2.490238557,810.8325049,43.67821464,0
0.015121544,2.364430841,825.0974406,61.64651682,0
0.01340674,2.169710159,770.9000409,40.87451749,0
0.030757919,2.655748685,794.6733492,58.13032559,1
,2.092877202,816.2296009,50.38707154,0
0.025196172,2.971633005,798.4350207,29.31822552,0
0.030303163,2.307953774,789.4994292,54.08586563,0
0.031010563,2.833111119,804.8972012,51.01512583,0
0.034810148,2.806351045,783.2729307,54.39834138,1
0.02614377,2.078932182,805.8093602,42.41158486,0
0.026858102,3.597334478,769.5429733,49.86767958,0
0.013885308,2.454723864,779.7883952,49.58642274,0
0.021194355,2.006315488,791.4115548,37.98441028,0
0.029947912,,824.3582167,48.05124423,1
0.036336454,2.034121288,831.8394518,53.20205997,1
0.009637201,1.740951749,799.9299151,41.76570542,0
0.022108139,2.432681411,805.1050146,56.71466607,0
0.029934977,3.421948468,756.5871576,54.49867363,1
0.011955855,2.611593286,811.1066733,66.6564581,0
0.030659566,,789.7879214,43.81622232,0
0.033950847,2.809271861,784.6801857,52.6151475,1
,2.23029154,832.6933882,37.62719917,0
0.019623266,2.08405932,763.4875473,36.71343153,0
0.021023934,2.445400853,840.5040594,59.55134868,0
0.026814426,2.27942003,821.4907726,65.32452521,1
0.023332587,,782.6679071,47.69881666,0
0.014676535,3.474793768,750.7580726,54.64178038,0
0.021346344,2.777645631,823.3674614,57.71063252,0
0.031937538,2.172235178,807.7916644,42.2646875,0
0.029924097,2.608210591,778.7980544,60.92471621,1
0.027965464,2.800611107,835.0845319,51.94083876,1
0.0315795,2.502157837,769.0736294,71.06952319,0
0.035953302,2.055469596,816.7386251,51.39419296,0
0.030283428,2.587651805,801.4139671,42.6634879,0
0.015167606,2.348294991,825.0098529,,0
0.014693987,2.361804926,822.597945,35.61555646,0
0.036422877,1.686380135,781.6823591,44.37305159,0
0.028460936,1.962066888,754.3186346,43.52160979,0
0.032972021,2.557267035,773.9685182,48.20734666,0
0.023520894,2.292818564,788.3388032,59.21167465,0
0.026012311,2.53988387,771.8256452,70.08678085,0
0.03314396,2.421884472,803.6159227,38.01738027,0
0.036160322,3.39923685,816.1634221,49.71548049,0
0.038721707,2.626721638,809.9730573,48.69107414,0
0.031098909,2.326307603,772.5876192,45.33228187,0
0.025130223,2.632142276,784.567895,55.84012261,0
0.016243081,2.317881515,788.597273,48.95631936,0
0.020697111,2.229397589,810.3458081,59.71924543,0
0.035371828,2.584490091,827.1834134,47.38144363,1
0.036271796,2.752398851,767.1196784,52.4298008,0
0.029300547,2.493098513,838.3820921,,0
0.021628263,2.70998083,854.7356749,,0
0.011071809,2.515072361,783.3264753,40.73541426,0
0.041659232,2.824725922,825.4119799,53.97022823,1
0.022850825,2.32506277,786.2366137,39.89134459,0
0.028456889,1.868569973,826.6985721,46.49721146,0
0.028171635,2.405829216,772.5451246,61.37372803,0
0.033487002,2.541345782,811.4443784,47.70926894,0
0.026479392,2.656616886,810.5740465,46.39714122,0
0.020547612,2.026252819,776.4111375,52.1021625,0
0.029411907,2.748587256,782.9297676,45.76591328,0
0.034316961,3.22095052,824.0149403,62.46550511,0
0.020182175,2.628850747,805.6550297,51.42608362,0
0.020887387,2.068404598,800.2615348,44.52218811,0
0.031151969,3.256252188,788.0564967,57.18609346,1
0.023180395,3.350194151,770.8704097,63.47303397,0
0.015063594,3.050453081,805.5764505,55.29605835,0
0.009354061,2.13352289,808.6631315,41.69700585,0
0.02114941,2.49338406,786.6201787,41.34417101,0
0.033592211,3.098404887,772.2734548,,0
0.029036274,2.958312188,781.2609235,54.91993968,0
0.014714782,2.105640949,784.9782493,52.83533882,0
0.024313706,2.272383697,786.4480828,41.87901087,0
0.025806508,2.158315997,825.123395,36.86624792,0
0.017652163,1.943830319,806.2834407,33.39591687,0
0.037410973,3.034201783,786.7948543,51.13493964,0
0.018046429,3.041837923,790.0613946,40.25151024,0
0.034188833,4,790.8139685,50.64664356,0
0.018873887,1.935541661,817.2706657,43.55574868,0
0.031283992,3.419926041,815.1027927,49.58701372,0
0.01725877,3.115977092,824.2110409,71.11626379,0
0.026672068,1.753628317,813.5624939,53.66871573,0
0.014060155,2.372083335,763.9001819,49.78211102,0
0.016234013,2.360535259,819.95026,53.82186134,0
0.025495954,2.28348318,753.2596094,61.20884112,1
0.026184879,3.002997288,839.2782283,46.22491769,0
0.0232464,2.573237425,812.5759403,54.87414324,0
0.02655412,2.145808922,812.4824928,53.52495446,0
0.02534647,2.933093259,807.7392229,47.57844365,0
0.028549218,1.721521401,807.1542652,56.73125814,0
0.019595311,2.352580593,801.4771416,61.12078047,0
0.028063384,2.618586074,785.551534,57.27964928,0
0.01695569,2.707188924,781.4993829,56.34479556,0
0.036608783,1.976680751,773.1149038,66.95468901,1
0.025025778,2.7191201,841.7840919,53.24387669,0
0.025128816,2.967454597,790.9018558,53.20770862,0
0.016038696,2.575175976,813.0953234,45.05041904,0
0.014521528,2.028380993,818.5120786,45.73069911,0
0.038022377,3.124950658,816.1360116,43.28602451,0
0.024925747,1.821668065,808.4440105,,0
0.012598199,1.446831395,784.4655713,50.63818095,0
0.022495469,2.285493353,802.745604,55.87513014,0
0.029932936,1.830261929,789.3625835,38.22076793,0
0.018425382,1.50190597,787.9118155,37.28042646,0
0.02377434,2.619663668,788.5157226,50.81270192,0
0.026431409,2.272032802,753.2718371,54.77031886,0
0.023834312,2.7712007,786.8831292,54.07662822,0
0.022683824,2.427340592,782.0523125,43.63716505,0
,1.790000428,774.9614839,49.70245111,0
0.01956678,2.584820294,813.9827128,48.87144862,0
0.040327157,3.05762511,775.4953582,39.57253158,0
0.037450216,2.162912716,797.8191477,48.590929,0
0.01086769,1.009131841,,50.9050696,0
0.022933071,2.417322039,803.1556774,52.82261625,0
0.020244282,2.187355726,834.3381625,40.73063134,0
0.033691348,1.667425408,830.5640657,48.2326135,0
0.028536017,2.197979549,798.2620489,44.11501,0
0.02995496,3.250777129,790.2007602,51.13336035,0
0.032821884,2.585855606,779.1348604,46.39639142,0
0.021341586,2.870324051,794.0149642,56.3953308,0
0.028559716,2.826699966,821.4442093,53.99144794,0
0.027862721,2.831672042,819.3775578,48.06631364,0
0.014475031,2.801879673,815.1072798,50.54439202,0
0.022423488,3.083281048,786.0764343,61.31614866,0
0.02651843,2.530069548,787.2263466,58.01618181,0
0.022406791,2.116702985,832.4870043,51.74499313,0
0.0191158,1.955167203,775.2804086,43.55922957,0
,2.260512735,789.1948585,53.90433685,0
0.018825273,2.052565939,788.7476808,47.40280147,0
0.025833132,3.006906796,814.2668053,54.58326147,0
0.0273443,2.046416952,814.5731636,39.21897018,0
0.016798254,2.253372762,818.6690439,46.78584139,0
0.030510854,2.874663087,828.0639873,43.80670305,0
0.01932871,2.774290519,818.6418992,55.09803282,0
0.022867036,2.756903832,803.8736319,46.33315051,0
0.028938265,2.467626853,813.0655003,39.98892905,0
0.016215795,2.884768219,817.4384129,47.2946753,0
0.027578118,3.504623845,808.8406237,61.85725222,0
0.02369247,2.287955339,798.9117245,57.66373296,0
0.013031625,1.869593967,841.5945667,46.77263595,0
0.025774879,2.307629642,786.054656,47.8608378,0
0.021722726,2.80892476,771.1379438,39.83479993,0
0.041119039,2.489912034,774.3528354,,0
0.022641304,2.646864131,819.6373735,57.79635272,0
0.025073096,2.817857024,823.9820843,49.28053755,0
0.029981711,2.57579491,776.4229425,48.3328486,0
0.018389371,,787.0232679,,0
0.031527469,2.876120369,807.7605193,55.88036513,0
0.017272484,2.355932269,803.7267278,52.50794712,0
0.032082687,2.151459982,829.2884356,52.01187309,1
0.029801283,2.244033959,799.4028463,40.48953031,0
0.018997302,2.717706018,790.5168261,46.65403462,0
0.022539747,2.987455106,848.4497312,57.08322557,1
0.028611281,2.572517216,771.9822782,58.67584718,0
0.005852036,1.397492798,820.369218,37.34689931,0
0.01740164,2.734775685,814.4545674,50.83906679,0
0.019796067,2.575886169,788.3044372,57.09445263,0
0.02563565,2.711356334,773.6077709,46.39515776,0
0.031113553,2.931406702,790.755813,46.9608332,0
0.026303623,2.701722456,740,67.08715346,1
0.015322566,2.229917439,817.9591298,49.43610547,0
0.014476643,2.062140932,799.7303644,51.68202439,0
0.023924763,2.355815782,805.8035458,50.13279231,0
0.02140546,2.094200045,820.8189754,43.46392918,0
0.027887393,2.663592713,808.6253998,62.65815591,0
0.035158251,2.667100461,,39.91788663,0
0.03600396,2.932218414,755.1542063,58.20475252,1
0.024937778,2.306996223,772.9973761,43.79645894,0
0.020976136,2.331198378,781.2843539,64.50006951,0
,1.878708541,821.6498687,36.94806096,0
0.033551259,2.459799317,811.2064203,49.04882563,0
0.025541744,2.374932034,770.8162354,42.60032866,0
0.038610124,2.558584541,,61.20871956,1
0.041193692,2.931057177,826.9230868,49.98817912,1
0.019798146,2.810817879,826.6942063,58.7194162,0
0.027954021,1.966079122,801.3381338,42.93259295,0
0.02867593,2.825331131,792.8001936,39.5291722,0
0.024801536,2.03584299,770.7389773,46.64251046,0
0.036842062,2.817093147,798.1439339,35.95626553,0
0.005,2.428146171,795.4474933,55.38647173,0
0.021237746,2.169461955,794.9904758,72,0
,,805.8998888,42.20039213,0
0.01010961,2.414240413,780.5417685,55.68879783,0
0.017839686,1.975508505,810.8906251,72,0
0.011161453,2.463567168,815.9373541,44.60062447,0
0.016899532,1.63226957,786.6466999,42.23563012,0
0.018975033,1.938636707,754.4941305,39.5909051,0
0.031254556,1.436761713,836.0514565,54.11685257,1
0.030460552,2.099301487,831.3233226,50.99271714,1
0.031726556,2.385790639,791.1256318,53.52491093,0
0.040647132,2.678240457,823.0747034,56.22711392,1
0.030526303,2.867957149,778.496658,56.28549332,1
0.029107987,2.742165325,802.3308835,52.99002529,0
0.020411052,2.85518565,814.0869502,58.46902122,0
0.028066885,2.949023558,,44.57186759,0
0.020546213,2.519753123,786.4203046,,0
0.027216502,2.875669932,781.7629068,51.69615629,0
0.012733562,2.305473576,762.4640432,51.97655352,0
0.021492513,3.004149222,837.5086953,53.41334412,0
0.01624752,2.956760533,822.7811643,52.16038109,0
0.030900924,1.803873035,811.9612467,54.43407186,0
0.020258701,2.794851712,795.3311185,,0
0.013208851,1.837720671,788.3933014,50.22296177,0
0.026817503,2.771295038,783.7059754,51.49529677,0
0.026624391,3.154698002,837.8754036,58.61824812,1
0.024533131,,810.8811606,55.7151022,0
0.021671609,2.583612023,828.5070005,59.73300175,0
0.018543399,1.966306429,808.4980863,52.68380699,0
0.027420018,2.518600537,811.1757328,48.53374463,0
0.035147561,3.666374849,811.564365,57.29941437,0
0.022342176,2.574661319,833.8329761,49.85109641,0
0.016438347,1.7470701,826.3252217,51.71978217,0
0.02152407,2.227056623,789.0495025,44.21402001,0
0.020585206,2.646069854,816.9500472,38.04317514,0
0.02299956,2.879279254,806.8269433,45.53879665,0
0.023244847,3.291234096,816.6284593,54.65737267,0
0.020110963,2.645402998,805.8760329,47.3907593,0
0.019194502,3.561727541,744.6542256,46.35055301,0
0.018983342,2.51333673,758.9411887,39.6175993,0
0.026023766,2.328077508,823.1446862,39.50795566,0
0.02067758,1.992273205,793.6084348,52.41026679,0
0.038657133,3.003363044,792.3433252,59.00561116,1
0.015327318,2.732261516,793.6040743,49.10332401,0
0.025300711,2.499824759,823.770227,36.53984836,0
0.02682975,2.054065109,834.4430402,43.49543661,0
0.015657823,2.155391892,824.3617393,50.65643974,0
0.022115204,2.311285034,804.847138,58.56355478,0
0.030034756,2.395248981,838.812323,37.18921201,0
0.019147851,2.949320234,833.0630126,58.25395693,0
0.021133493,2.238972074,810.8672609,43.55498341,0
0.02547327,1.140782548,762.1822695,54.27542656,0
0.020792269,1.62501281,807.5189057,54.69843042,0
0.021770673,3.165283142,773.3320659,63.94893892,1
0.020339465,2.562088018,780.334236,53.85846201,0
0.024498707,3.144367822,785.362198,52.96407776,0
0.01948016,1.777893486,790.0249602,55.61293835,0
0.028702366,2.453536298,806.1391195,41.92508034,0
0.018191695,2.85792933,828.581438,50.02606292,0
0.026580992,2.760455646,810.0642306,55.72995278,0
0.024254446,2.63025751,807.3796203,57.1092134,0
0.032883856,2.112679413,829.7730861,42.4342518,0
0.042927305,2.893825145,789.6506359,50.7950665,0
0.022070961,2.682366495,767.439387,,0
0.023315342,2.160715571,781.3937014,44.94685653,0
0.015307977,3.501054621,789.6372287,46.94554575,0
0.008416386,1,789.4663805,66.85039961,0
0.031764899,1.547094016,805.0069874,51.2125032,0
0.027850027,2.953025695,775.0450847,69.38487433,1
0.022134603,2.637683697,797.1724981,51.18707787,0
0.013778924,1.990981071,780.8445214,52.34395632,0
0.036498688,2.713753222,831.6786808,49.52394522,0
0.015685279,2.866722671,796.2590052,59.42975303,0
,2.978541486,805.357598,55.49984395,1
0.022721123,2.275713012,775.4426266,39.31932186,0
0.036790683,2.611183597,799.9056455,43.93822383,0
0.027026298,2.102750964,813.339118,34.0890651,0
0.016547319,2.34333792,813.234224,49.8214364,0
0.006875199,1.354529227,823.496897,43.80767829,0
0.022703579,2.893713251,794.8535334,41.00078546,0
0.011650239,2.13556878,829.3169392,44.90085943,0
0.02991691,1.895886378,824.4396912,41.64382556,0
0.029588639,2.714946695,764.5164683,50.69274238,0
0.020799444,1.239328251,818.7427987,44.42362057,0
0.024796191,1.80814956,834.1396387,45.55876802,0
0.023045661,2.428658394,836.8303532,43.80644628,0
0.022117667,1.316765009,770.4866726,46.95887927,0
0.027096363,3.247236826,823.2329897,45.07028491,0
0.032185854,,810.1022008,43.14862944,0
0.020301038,2.371461526,810.2512482,57.63812244,0
0.025012217,2.566906017,833.0367418,62.25051271,0
0.023057267,2.944221521,855.4270462,43.41484926,0
0.026088206,2.304998624,801.2122512,,0
0.017865193,1.926096443,762.3040992,55.21889867,0
0.031738976,1.796161053,749.045502,39.4111637,0
0.014907417,2.589043249,793.653763,46.83780006,0
0.024912414,3.272339667,807.7417915,53.91016019,0
0.033962783,2.849956544,823.8108131,62.57017416,1
0.018935678,1.984534114,781.1805627,57.49559686,0
0.026389304,2.402213049,755.5377311,50.18903347,0
0.023748861,2.17129707,788.5102299,50.03969866,0
0.028286372,3.003435697,860,72,1
0.025389355,2.00476582,812.7077259,,0
0.031354511,3.052586022,754.6575906,35.94171904,0
0.025248429,2.263529187,789.7396383,41.88817356,0
0.032560403,2.416795021,796.0381734,40.74323704,0
0.030694706,2.623700568,833.5156458,60.89552693,1
0.00994093,1.877731911,791.8864498,58.60702017,0
0.019443511,2.301298942,777.8470828,51.43525394,0
0.03228444,,800.5974535,47.32954254,1
0.025963723,2.434800984,796.1770225,44.09063007,0
0.03561896,2.08495191,833.6540137,68.51512301,1
0.022878732,1.960161682,,46.4182593,0
0.031098594,2.706800703,859.6487784,51.15444632,1
0.013284483,2.273967536,792.5919523,51.44322779,0
0.032736469,1.840133282,822.2945319,44.70739616,0
0.018494346,2.624298046,798.2206602,35.34702026,0
0.017995072,2.611819326,817.4749632,43.28771312,0
0.031854371,2.589314964,813.6315797,61.26674045,0
0.031793777,2.037022349,825.8798773,44.62309123,1
0.017345843,2.050513009,769.100622,44.07681226,0
0.032727511,2.003372877,808.4852535,45.16152774,0
0.025489332,2.411359657,810.3681296,47.02106192,0
0.033413791,2.717059496,826.2613165,,1
0.026891091,2.69523274,,50.0777244,0
0.022571217,2.219040978,758.3020298,50.01176671,0
0.026757033,2.523533053,781.2977768,41.54777444,0
0.021638158,2.363926763,835.616783,47.67892928,0
0.028063471,2.059763066,806.2443249,58.45389264,0
0.018941481,,834.9351499,62.6097469,0
0.019022798,2.488256347,830.1312868,53.37904679,0
0.020961773,2.532814998,802.2499624,45.97128229,0
0.023270464,2.345810236,794.3248546,56.09004924,0
0.02319545,3.24341068,799.7293168,47.75736755,0
0.027642441,3.110564623,796.5079995,,0
0.027131136,1.956359169,820.191247,52.59791996,0
0.026224405,2.965386708,782.6294924,41.67830514,0
0.020427574,2.594878266,812.2617594,63.50448151,0
0.018344023,2.531034405,820.5468073,52.94523489,0
0.052277927,2.342257544,794.5246139,43.86312317,0
0.016768267,2.324205187,799.7070256,53.02821,0
0.02592795,3.024429783,822.3390246,46.4824094,0
0.024092493,2.369226554,815.9759879,43.49162221,0
0.016993184,3.022817999,768.2925415,48.88240253,0
0.026804969,1.904689316,740,46.37224653,1
0.025776457,3.20650235,791.6931793,49.43643533,0
0.032460114,3.045195843,760.0925845,54.9537405,1
0.022946894,2.684419,796.4716056,65.71618529,0
0.032419701,2.261833555,822.270776,46.51400483,0
0.034531715,3.505536001,782.884638,44.09054602,0
0.02421996,2.759615912,821.4567826,45.98361514,0
0.022901055,,794.3556309,,0
0.027510601,2.777051871,852.5111814,45.68344193,0
0.023449161,,850.4078492,52.7345091,1
0.014527283,2.079408065,768.6372148,44.36037146,0
0.023904853,2.62659626,768.5388356,48.18263338,0
,3.161466929,789.7533153,46.41687221,1
0.018433221,1.637644967,798.7779949,62.03638762,0
0.019935268,2.560135107,784.3517658,41.11388289,0
0.0419356,2.698717297,793.3295101,63.60453645,1
0.027892379,2.725298665,814.4867244,48.82351522,0
0.022105449,2.702789,787.1835666,56.80785956,0
0.033539627,3.126818572,794.7971912,47.59089081,0
0.020163145,2.356670131,822.9718802,56.80903651,0
0.019313337,2.868060664,771.9397935,41.03883136,0
0.027940705,2.625531783,783.8873849,47.80468102,0
0.035608211,2.602143182,835.7543228,53.97501328,1
0.021001943,2.063198787,810.948845,54.62005083,0
0.012936205,1.842825944,802.8480245,50.45186752,0
0.018869939,2.968325084,807.2348522,55.46919858,0
0.037173184,1.838567965,794.3455545,,0
0.012298736,2.635461852,816.0700857,60.62783343,0
0.021108228,1.906375173,775.1552201,38.08330839,0
0.025904047,3.18448659,845.4938108,44.40548529,0
0.02896032,2.792877535,790.0315616,46.66973811,0
0.01398672,3.219426859,798.2237366,50.29684987,0
0.03049581,3.081320222,762.9907211,48.34200857,0
0.026419976,2.618313304,785.4357498,48.20409054,0
0.023266286,1.971197784,765.7066228,56.88317077,0
0.035782144,2.706165764,818.8181826,51.69376636,0
0.023113614,2.014428127,767.5529577,54.22358903,0
0.037757681,3.322810829,821.5295104,42.52712586,1
0.027356747,2.556561173,768.5451994,61.96237063,0
0.032187314,2.389014928,792.453247,30.14402462,0
0.028003812,1.89570686,780.3651465,56.59784572,0
0.008500323,2.300498247,760.7764568,48.03804636,0
0.02539262,2.875064881,769.6223313,55.45751259,0
0.027221024,1.978499686,788.9969689,45.82732478,0
0.024307263,2.136033634,824.4848249,45.49689735,0
0.028230118,2.446624557,768.9282175,49.17987517,0
0.025429344,2.251777457,783.4334633,54.99087677,0
0.028650291,2.6462961,807.9283257,59.18465381,0
0.020466753,2.866507026,792.4610082,42.77658165,0
0.01173979,3.13193471,767.6891438,50.27600811,0
0.032310733,2.953256712,811.5295718,40.66351402,0
0.021606959,2.190215684,799.7873328,50.57825457,0
0.026930829,3.15523831,777.1289141,55.05175573,0
0.029261928,1.283003039,796.7761605,53.88024398,0
0.028930594,2.717829678,855.5251219,63.20971938,1
0.027464766,2.255457824,764.1420919,47.69670864,0
0.022311037,1.347848453,777.9897251,48.57917448,0
0.022775953,3.371512884,837.1884634,45.75013169,0
0.02283539,3.42808149,774.0996095,32.87987789,0
0.036258949,2.448434274,801.7507475,46.07920806,0
0.02470613,2.052855042,794.5568407,58.11317645,0
0.031931486,2.181732951,803.800574,48.85757288,0
0.022148269,2.902555275,793.6923673,44.89243552,0
0.029426704,2.573617447,759.7188968,47.65089058,0
0.020979163,2.985232489,794.8627539,43.90876396,0
0.026525629,2.63156875,834.3238144,44.24049345,0
0.026447821,2.437792933,789.064595,41.68003122,0
0.022641317,2.33245886,772.9184059,36.43530679,0
0.014125665,1.269146641,809.4301314,57.86421015,0
0.017567313,2.683687942,815.2400642,55.66199746,0
0.043391344,3.738750588,777.9865855,42.03421563,0
0.021193921,2.343974576,803.485886,66.10619336,0
0.012373746,2.079166444,804.9404623,,0
0.03650439,3.199709847,842.3820881,59.72770405,1
,1.744071977,823.1886539,56.30713288,0
0.02616283,2.798278067,740,52.11470076,1
0.023684775,1.922421208,813.5492544,50.38152521,0
0.036767059,2.969865222,824.1195831,39.95349268,0
0.031502675,1.191423189,767.9726313,50.15503223,0
0.019142014,3.015023798,808.8359301,52.77158081,0
0.027366009,2.532125189,823.068807,57.5548451,0
0.032564429,2.493802402,827.6153325,56.89318435,1
0.025235148,2.717598332,742.6997465,45.01034074,0
0.03028135,3.071304396,793.5848792,40.75349967,0
0.024972931,2.171368149,818.3935211,42.84483591,0
0.015862002,3.159663846,806.7686719,43.92576314,0
0.02836901,2.935303374,771.6083973,63.05138916,0
0.019208002,2.916927273,774.8853065,39.93547169,0
0.01759738,2.843697028,800.9024358,55.25541328,0
,3.11196039,845.1079265,43.10442934,0
0.020488814,2.05159207,791.5398347,45.6368619,0
0.032015191,2.598239608,792.2253154,47.20090077,0
0.0275452,2.565893014,792.4655283,44.95547279,0
0.031795142,1.921237568,811.4283293,62.97786485,1
0.014675046,2.700582303,768.7851107,51.38270585,0
0.027836718,1.982132778,792.5992411,63.32438856,0
0.030030601,2.758547484,800.9745809,47.65816992,0
0.028063388,2.962920986,784.7574283,64.52212331,0
0.019855542,1.400545057,823.4041677,44.82868918,0
0.017712029,2.556636642,746.1267718,46.68523697,0
0.009599301,3.287960566,785.1453259,37.20910945,0
0.023671279,2.077867027,759.0558212,41.85346025,0
0.030275389,2.02221138,792.4635047,47.05425972,0
0.025022338,2.183455774,810.0629385,43.97086474,0
0.024852268,2.00394178,826.4880521,55.70890726,0
0.021845879,2.01136849,816.4141836,47.2865938,0
0.027053193,2.926077972,786.9591142,55.82368369,0
0.03453642,2.414252668,786.033179,35.36720614,0
0.036132558,3.092287693,758.1025528,47.1392597,0
0.019512554,2.801613908,787.0643135,49.32064609,0
0.021750984,3.138504464,814.0339702,60.38343574,0
0.023423458,2.236399474,764.5522443,59.45317446,0
0.010544775,1.754469947,782.9989272,42.99473708,0
0.019560616,1.783879614,819.4989399,49.8259668,0
0.041719837,2.439792202,834.0348312,43.51992027,1
0.023451664,2.19337984,771.4113282,47.81489524,0
0.020961846,2.264519512,844.9039851,53.31713385,0
0.025338597,2.035893826,796.4728186,41.73231267,0
,2.568618247,807.3801349,63.62302706,0
0.024926415,3.534525927,811.145057,68.17627248,1
0.015288629,2.400433814,782.6778504,,0
0.016474809,2.608661568,800.9458831,52.69228433,0
0.026588415,2.092687378,818.4570853,51.97746883,0
0.008848064,2.832135339,773.5323875,69.34708934,0
0.025139195,2.77206002,792.8010641,47.53678514,0
0.028465601,3.10848082,808.6917002,61.52477066,0
0.022875978,2.542287624,804.5102755,49.71575438,0
0.022777955,2.112866501,856.3955669,41.47643378,0
0.015505502,2.658137878,808.3788181,65.72994932,0
0.031057776,2.68112892,794.2725255,48.6047913,0
0.025651387,2.79302514,834.5376261,49.67683807,0
0.020957159,2.582608053,774.3158183,43.3889065,0
0.034419142,2.475640609,824.2598794,36.88377353,0
0.036891735,2.313539093,807.1250664,50.92989715,0
0.020321849,2.510639775,793.2952568,33.55037865,0
0.029930268,2.38095859,817.6187556,58.86279566,0
,2.28196421,810.1108565,40.61122684,0
0.020802486,2.429305084,764.9052255,44.88384221,0
0.034572168,2.87219898,794.8792109,58.75625381,1
0.006933892,2.811870392,801.8312003,42.75878758,0
0.021092028,1.874124365,792.1670429,43.37764092,0
0.028699614,2.521691839,813.3795528,46.49226288,0
0.024368619,2.4901958,795.3354239,52.59071143,0
0.01848907,2.608589258,804.2075011,42.41728096,0
0.033212921,2.505354799,818.1362041,48.43564709,0
0.032200794,1.822370363,779.4565369,48.14325148,0
0.009699323,1.501403274,785.0952875,52.20315132,0
0.03350461,2.393410372,771.6418361,56.032382,0
0.005,2.033447356,804.1779849,49.6300124,0
0.021744738,1.554290589,758.6727328,59.92025215,0
0.022888928,2.52111056,780.464814,42.83210701,0
,1.837636466,799.9092585,38.72672803,0
0.019683101,2.419069854,789.5728942,52.58237131,0
0.02945909,2.500755375,818.1812664,40.85395689,0
0.020051949,2.203046444,789.9214792,45.10585253,0
0.027826976,2.507285049,809.5083099,44.15413328,0
0.030837565,1.908411934,798.3646522,63.62459305,1
0.009708863,2.279525297,769.0141954,47.12884329,0
0.022970013,1.980486107,837.4785179,55.57056333,0
0.023636799,,828.8297524,53.94517063,0
0.022714692,2.428327534,810.4739165,51.08638382,0
,3.722269121,807.0790909,43.01203199,0
0.018707435,2.535863566,772.9114099,47.7052371,0
0.024590725,,810.8512363,41.13931819,0
0.028807746,2.581079433,787.3637836,53.26921659,0
0.030780068,2.704657035,793.6372389,68.32550155,1
0.027856204,2.264643546,799.0715871,46.04129809,0
0.014104463,2.638411395,765.683099,47.99815334,0
0.021291603,,778.9416254,46.63071874,0
0.029694618,2.995152112,797.1257267,37.6237436,0
0.019802662,2.673510673,786.5046358,62.53913915,0
0.024109731,3.045453299,795.9927835,41.90853041,0
0.020602315,2.754240419,783.0459954,47.88228649,0
0.024665522,,860,40.45688546,0
0.023799424,2.468170333,825.2550493,36.84021548,0
0.015354995,2.559058301,775.9855193,54.15388678,0
0.00842551,2.697488165,852.7804994,71.25882623,0
0.020211779,2.258320539,823.3431473,50.94165943,0
0.018684173,2.936666775,830.4741662,49.29857593,0
0.022798003,2.538224783,844.9550925,56.35882265,0
0.030568628,2.127051156,818.0154788,48.57530444,0
0.032160503,2.609259682,813.5138683,52.04283371,0
0.022856571,2.257349227,832.8970116,43.99755783,0
0.020824777,1.735824831,794.4877608,42.2789309,0
0.019887999,3.269516236,793.3679356,50.70664845,0
0.033112086,2.727564466,810.8738631,42.74391457,0
0.036662864,3.135523041,761.8933468,53.74285645,1
0.022182161,2.769481815,764.1034584,41.94536969,0
0.013066068,1.891460169,753.1645833,65.18543581,0
0.033717683,2.814672583,,57.36895431,0
0.013603754,2.86626767,820.3019176,47.63833976,0
0.005,2.616415138,830.7041748,47.00448137,0
0.018235461,2.856887065,804.6486756,37.68997164,0
0.007842153,1.931638229,802.2084916,44.60915024,0
0.030440363,2.456214473,853.9783313,54.18148824,1
0.027867014,2.314579152,803.8001216,45.48324261,0
0.021784424,2.074261409,816.5925556,51.90477574,0
0.031657175,2.726608288,797.3579981,55.44025024,0
0.025477843,2.479512172,779.5976442,64.86350263,0
0.017418627,2.635577665,792.6126348,35.77533598,0
0.022015698,2.755747328,,39.95848014,0
0.035223801,2.175781634,780.4973169,50.24671065,0
0.024005967,2.637300887,778.8310255,32.76361156,0
0.01122757,1.607722477,830.6444358,43.17592335,0
0.023486482,3.155124079,769.0371468,58.14033394,0
0.013922696,2.779468836,783.3813086,42.46985004,0
0.028005496,2.709511739,756.6776194,48.56175434,0
0.030531371,3.129131558,860,56.60286569,1
0.040277144,2.412745999,803.5891773,58.55937904,0
0.0221677,2.750849616,816.0597568,43.33221917,0
0.00905278,2.242605937,840.1313153,55.06386769,0
0.01676957,2.37432865,797.5168773,54.15880037,0
0.005632923,2.528956502,860,33.82724322,0
0.020618324,1.904131484,791.480369,44.91804454,0
0.02709821,2.549677388,804.2502202,47.51587184,0
0.019956286,3.456655709,846.1235656,35.60631731,0
0.022773879,2.987233385,775.3294593,60.40961668,0
0.037166982,2.448989633,856.4703205,69.39651291,1
0.024218304,3.11446563,829.5441035,39.7149532,0
0.02268139,2.581471765,831.7146691,36.43746701,0
0.025325443,3.303572421,817.0900576,49.11037538,0
0.018951584,,850.963261,60.30882446,0
0.023824002,3.018370299,788.6104878,50.19278015,0
0.022903619,1.84470282,746.3172998,50.78354829,0
0.036757255,3.167796599,827.1042303,51.85815361,0
0.020604561,2.317373364,822.8619834,53.13412847,0
0.035066053,1.443487134,769.2528335,28.96088782,0
0.010265785,1.678823309,822.0235643,41.12675776,0
0.023682127,2.634898295,779.5334961,46.05455953,0
0.021666902,1.826981582,807.6935923,57.96580948,0
0.025172429,2.48640648,823.2266297,59.60483176,0
0.022985497,2.848749872,759.6340319,43.74750917,0
0.024873583,3.327356337,827.8811936,34.29094886,0
0.017575543,2.14629728,754.4673806,40.99629336,0
0.021936951,1.885429017,797.8228173,54.00609571,0
0.008164697,2.396801506,802.0709109,32.29390247,0
0.025334032,3.061564368,829.4456853,48.17870294,0
0.023822937,1.709447895,759.7744743,40.06981127,0
0.027006197,3.143775836,814.6053174,48.96060568,0
0.019926022,1.819041833,810.8156133,50.56348873,0
0.028392105,2.895849201,830.8859909,44.26032471,0
0.029475845,2.988044786,783.8686934,72,0
0.036856418,2.28726336,809.8483074,45.33804352,0
0.035539862,3.710221674,817.0058598,57.45297607,1
0.02231138,2.963240619,767.9001714,52.17391955,0
0.014501182,2.258711317,807.536169,42.94040463,0
0.025777569,3.088875964,784.0346746,38.79366575,0
0.021198905,3.312045005,797.6000898,59.63673647,0
0.023214366,3.537620502,778.4586116,40.56064897,0
0.036281207,2.111530165,815.7101351,56.43414097,0
,2.525324368,760.1271298,51.30990461,0
0.022143683,3.203077729,770.4605187,57.36916479,0
0.017421704,2.75742236,,54.90430196,0
0.022297587,1.777421036,848.8856264,67.78690075,1
0.041864402,3.713953519,776.2247939,45.03849329,0
0.022906169,2.527666484,769.0767186,34.32972898,0
,2.945298574,802.3403205,53.50309591,0
0.029528894,2.269789552,771.6582189,56.3628077,1
0.020854856,2.172114217,801.6108706,47.16561568,0
0.039362359,2.771253485,796.7711495,54.96451241,0
0.016984761,1.8311949,845.8011263,38.56352086,0
0.01864167,1.757501963,786.6421868,,0
0.024270668,3.172915519,757.0943769,68.20072938,1
0.017555649,2.703932853,819.6812544,48.04400601,0
0.031253432,3.341465348,813.0242811,40.24672818,0
0.012153904,2.643157367,860,44.757461,0
0.022834576,2.595562776,765.7611357,49.20517028,0
0.021105803,2.615712694,743.8331318,50.73416338,0
0.012967329,2.758340609,807.5477129,57.51931187,0
0.029669318,2.288788118,804.4609445,,0
0.014270199,2.137324042,783.5218493,47.53366996,0
0.023399082,3.072015143,772.280576,47.03245504,0
0.032307262,2.421720052,776.9388623,53.00870383,0
0.031305384,2.453702011,,57.85152432,1
0.022171612,2.863881874,763.0861471,,0
0.034521051,2.837839681,804.9531207,56.26933418,0
0.023193568,2.548143426,806.9060991,49.03002038,0
0.019699469,2.775643704,816.3331006,60.88502252,0
0.020568992,2.852112211,819.577336,29.50974566,0
0.021939377,3.015548598,800.3010692,45.22210887,0
0.037909798,,793.3315486,56.52427421,1
0.041981409,3.14209045,819.8282687,56.62376135,1
0.015943875,2.238106754,786.4765377,55.7572389,0
0.019675442,1.620919875,810.5689745,51.33604108,0
0.01340664,2.254017605,847.5394601,48.66020382,0
0.030801319,2.371114051,767.2371984,50.39031983,0
0.020217733,2.691746662,780.1244129,40.03900429,0
0.015852552,1.697886959,762.7356529,69.67689839,0
0.014992543,2.117741831,755.3672724,52.09572764,0
0.027811372,1.908134486,784.6718378,47.00017142,1
,2.162229379,795.1201542,42.52237165,0
0.015981663,2.872669043,766.9939665,57.04110154,0
0.030110323,3.123475638,813.7151683,50.55625178,0
0.010917457,1.797076771,793.3684784,49.5343191,0
0.016638233,2.037069594,770.9379594,57.54448191,1
0.006713124,2.162533151,818.9877091,28,0
0.031434845,2.249093567,817.926852,36.80096245,0
0.021888282,2.104729848,787.4161552,51.35123831,0
0.021617527,2.314530165,773.3323436,50.07901244,0
0.027437059,3.103001727,786.1468461,56.85770623,0
0.014546223,3.286829937,806.9019576,52.26841318,0
0.014105227,,825.1891606,69.39978529,0
0.031562365,2.602241992,769.3187994,51.1326127,0
0.025720569,3.505722686,817.6805117,43.27023273,0
0.028749558,2.449292204,804.5667626,51.67590717,0
0.018117035,2.498427065,843.2665703,44.4950917,0
0.022797546,2.526323843,802.7498774,46.09997031,0
0.026071426,2.644331429,835.4038498,38.22531283,0
0.020823228,2.958340589,790.6619677,52.01951656,0
0.015373516,2.052527873,798.9222099,36.17583463,0
0.023978339,2.61907074,826.5129795,48.8752951,0
0.020113827,2.263924907,782.1786137,49.23180596,0
,2.481087603,835.9121265,48.29039959,0
0.018470325,2.226885416,758.6198845,34.43311183,0
0.034921937,2.785145869,841.794078,56.83883157,1
0.024648224,3.01504757,778.4151285,41.34641343,0
0.019475772,2.875760806,824.4557498,50.20556573,0
0.026343479,2.795564796,768.7434452,51.647829,0
0.03074115,2.337004836,801.328394,54.41390124,0
0.017972048,2.806053299,827.8544678,46.95976263,0
0.029434384,2.62875844,830.7149957,65.39289901,0
0.034838904,2.638942141,806.7663384,45.47033405,0
0.01725168,2.664359295,,57.35734151,0
0.023302797,1.850499877,790.1239569,33.21573114,0
0.033360758,2.53481434,800.2946899,43.01475338,0
0.029067491,2.695668719,822.0262725,57.06002893,0
0.020380751,1.494537452,834.462709,41.41593699,0
0.029086231,2.453933113,834.2159452,52.68673009,0
0.018432436,2.177732548,830.8900371,32.46677064,0
0.019778865,2.062777282,804.4594389,32.7343973,0
0.02421074,1.946614618,793.7499955,63.82131047,0
0.019814648,2.418201879,809.3560873,41.11310386,0
0.0223616,2.644276169,823.8255341,46.60429881,0
0.031272072,2.563368355,829.5233581,56.28306566,0
0.013716908,2.31951108,821.3446186,44.97542502,0
0.029555934,2.227975163,814.0875111,50.27150649,0
0.035083466,2.218371483,848.4569229,36.16801975,1
0.041293176,2.007861541,792.5327787,48.45794402,0
0.00925854,1.791665479,751.5698858,60.41273438,0
0.02298706,1.909758845,790.8277895,45.07481718,0
0.025803894,2.885807442,814.3497289,60.23630011,0
0.024758209,2.510553003,806.5160333,52.13530035,0
0.021290051,2.621212061,814.7428186,39.1467319,0
0.022663399,2.234403392,834.9433718,53.38247042,0
0.014424926,1.989172786,779.5989428,,0
0.020721594,3.220658798,,,0
0.020603541,1.659403198,782.8692163,56.15593112,0
0.024896607,1.656201634,766.9329535,42.73828588,0
0.034509392,2.121972313,790.8755375,47.08633757,1
0.043038045,3.000521082,786.8398395,57.34750056,1
0.028814996,2.690491803,838.8956046,39.27405736,0
0.026858289,3.084427863,798.3257997,41.79829206,0
0.025020774,1.911758849,784.4825575,,0
0.026480847,2.223497908,820.833865,54.00246385,0
0.025461803,2.047040952,818.4852029,32.77106647,0
,3.460281361,842.5365841,61.36449506,1
0.016247063,2.125184711,774.2620391,51.06049347,0
0.036712884,3.25771276,805.7386598,45.99837439,0
0.026138826,2.466033738,798.5312607,45.7441105,0
0.024373134,3.085902996,819.8776241,37.66781321,0
0.021842176,2.597223832,814.0455671,53.48898885,0
0.021956683,3.537475615,800.7547121,46.13723212,0
0.02690212,2.637140669,803.6461388,61.98209834,0
0.01690422,2.389343742,764.7368293,40.97482029,0
0.016915715,2.07012443,822.3860235,42.49748639,0
0.033050736,2.401031119,820.3341884,47.60411297,0
0.026667973,2.977668635,827.8726144,56.03480306,1
0.011976311,3.165851916,762.5310302,53.27067512,0
0.032339098,2.000198675,826.4191363,50.51476371,0
0.032023013,3.024282175,789.5517078,48.69831599,0
,1.965625358,789.6878655,57.7992022,0
0.019426073,3.221873181,852.0593252,47.02516086,0
0.025970556,3.142938992,775.7530749,52.60690846,0
0.022140588,2.57470008,809.6899718,55.25138579,0
0.020539367,1.644098506,800.5745156,49.25949909,0
0.020382266,2.491526783,765.196841,36.96438193,0
0.01636377,1.706536524,,61.39678114,0
0.029094156,,807.9124209,44.32082371,0
,1.159828403,808.2754485,38.36826362,0
0.010621485,2.661359905,779.9434153,47.56255539,0
0.034750692,3.470954553,816.5019471,39.52906069,0
0.026024455,2.365212538,805.9408562,55.18214997,0
0.025784123,2.209273593,786.4936989,53.21487139,0
,1.907440036,795.4723509,32.57044469,0
0.023710422,2.004878665,860,54.55136735,0
0.013193312,2.702926787,776.0100149,45.74265066,0
0.027840908,2.152095815,747.5179228,58.42317424,1
0.015257402,2.770371807,804.0244644,46.51136055,0
0.016167355,1.859255012,812.849818,47.64293844,0
0.021952968,1.62272225,816.565427,62.0421522,0
0.00835465,1.514146408,774.4533949,43.78903311,0
0.03984251,2.226322933,783.8333941,,0
0.016351649,2.411809404,814.9790304,57.7397427,0
0.016111511,1.833981806,791.8066496,56.78827656,0
0.015043579,2.621497734,838.5867162,58.11784491,0
0.01836491,2.439485274,781.1701969,40.18644853,0
,2.244662368,777.2729158,57.23824916,1
0.026972259,2.430111855,776.7672349,57.92273424,0
0.012504747,3.125354112,789.0237426,46.98011622,0
,2.23479016,801.0785528,50.96879456,0
0.019347544,2.379351315,834.4484499,57.2891615,0
0.018357643,2.514377693,832.8838002,53.46027287,0
0.011460452,2.749335926,807.2050954,56.54862941,0
0.022108379,2.469214393,803.6971619,46.48482226,0
0.036765242,2.041278551,803.3222907,43.50163693,0
0.015644979,1.570572052,783.0655267,37.37807895,0
0.028023582,2.11582517,820.3276922,60.3486004,0
0.024978642,2.898589398,,49.98170409,0
0.026982096,2.197146324,788.9608146,48.89840059,0
0.020997651,,764.7692037,48.65050556,0
0.026323911,3.215179937,823.2811151,50.2804155,0
0.019328702,2.404844312,799.5130766,42.66504088,0
0.026410022,2.466318106,,69.20064425,0
0.027577372,3.260192261,795.5495149,48.45025344,0
0.04019841,2.81051366,820.5673969,56.90292353,1
0.03625898,2.397129702,835.6001328,67.90383256,1
0.02447461,2.74606058,845.4121914,58.64364732,0
0.017765234,3.69197792,781.0549031,56.92193669,0
0.031083783,3.148236178,792.3179005,32.52081656,0
0.038176652,2.513380875,787.8887794,50.83433911,1
0.028145532,2.489604156,758.7094079,41.97080946,0
0.028805201,2.252746487,773.5687444,40.21079464,0
0.02922735,2.15416535,764.6844519,39.39696869,0
0.017102012,2.674903447,811.4854509,46.43578035,0
0.021053021,2.563275695,815.4244871,51.89293237,0
0.017624559,2.351214581,774.4025166,56.48864957,0
0.024393657,2.568005476,851.9891412,48.68734318,0
0.034994093,2.098606706,814.2235229,36.46021029,0
0.031257311,2.501774351,809.9332207,48.02966486,0
0.018590667,2.216732943,809.7198236,51.39208779,0
0.02551483,1.91147036,793.6773674,50.71844243,0
0.030568793,2.110185223,761.8729066,56.92023625,0
0.015455011,2.35758761,785.9762812,52.2043436,0
0.01469333,,834.3242194,53.99363088,0
0.033308302,2.711746149,828.0890663,42.13323458,0
0.020305606,3.34518227,740,65.15739251,1
0.013885436,3.023441416,791.0930282,47.56010847,0
0.014271054,2.109583103,792.623477,49.6329917,0
0.028359487,2.297033653,860,44.20007115,1
0.016853395,3.006610785,785.7318698,52.88136723,0
,1.819965158,817.3503503,43.34629286,0
0.013210381,1.721430355,768.8474171,53.91907326,0
0.036066192,2.477814723,851.4118789,65.39469272,1
0.012125263,2.096898116,781.4162427,42.974252,0
,2.132891805,786.779328,63.88615569,1
0.024757413,2.824487435,822.5969517,53.30075521,0
0.027721613,2.780784707,797.436301,55.51924847,0
0.019795271,2.320004019,789.3157132,56.15169956,0
0.019181218,4,819.4552841,47.8304028,0
0.022038298,2.700260541,785.3242201,33.40084743,0
0.018231467,2.621309981,799.8940353,52.85275942,0
0.026952814,,788.8420127,36.14865372,0
0.012060269,2.163227794,831.752165,44.0058845,0
0.028135843,2.242270915,808.366421,44.24574627,0
0.037944317,3.754012227,,49.47315135,0
0.019599239,2.143010229,803.0132508,47.61827664,0
0.020357115,2.244011462,812.7256205,47.0457165,0
0.027623199,3.08313492,784.8623584,,0
0.014997269,2.511700957,767.2981177,45.6653123,0
0.023167539,2.625147195,,51.82687464,0
0.027666565,3.615447059,782.9393874,48.98271011,0
0.023876222,2.97141999,808.7965545,64.20811257,0
0.026216431,2.954406581,775.0601507,59.78578155,0
0.01679449,3.134029594,758.9488127,49.54299303,0
0.009086459,2.32073514,798.2453263,50.0334179,0
0.022800825,2.249847787,801.2464251,59.76816305,0
0.014608452,2.937485671,820.9228902,49.58059741,0
0.034704636,3.072747273,811.239144,69.27964428,1
0.033134042,1.926281539,,55.10736481,0
,2.448369499,858.359662,59.45628044,1
0.023926308,3.251740335,797.3608537,42.20331096,0
0.03094265,2.718044903,823.615298,52.34297558,1
0.025262544,2.678261255,812.8971625,68.19464427,0
0.016381731,2.050047736,798.4823846,57.29269114,0
0.018835514,2.085137284,814.1817204,41.62987508,0
0.02068195,2.587940458,773.6146409,48.49783047,0
0.02800055,2.118420415,806.3234368,58.61181481,0
,2.289904102,791.4326882,55.89834421,0
0.024887639,2.619059269,768.0511582,46.89132778,0
0.029353649,,750.3805649,50.05918819,0
,2.385728968,789.9270088,,0
0.025621638,2.141452098,740,48.18687411,0
0.018451217,2.332375311,796.7185224,52.67461898,0
0.010750082,1.680513153,831.3837644,54.14100795,0
0.027292636,1.821017522,778.4262406,41.18274003,0
0.029903154,2.71747339,801.1917686,47.89999912,0
0.035258012,2.23399129,786.4523927,38.69143196,0
0.010624983,1.912449143,801.2649095,51.62793307,0
0.020453364,2.551015557,829.1757088,47.29440611,0
0.027396804,2.208093798,781.7536451,41.76335907,0
0.032131534,2.689526982,800.4596568,50.19424513,0
0.039928074,2.77659851,767.6132314,39.68250389,0
0.030252866,2.045090253,740,42.1034409,0
,3.1315214,824.4983105,45.44404186,0
0.028373153,2.31760198,826.9449917,40.93549116,0
0.011347327,3.544284436,801.1674561,62.64609571,0
0.01980328,3.125076165,836.0220458,63.33465137,0
0.032291334,3.388319781,784.7537984,60.34752868,1
0.031540614,2.456631815,819.7287723,45.17738524,0
0.023693646,2.580144243,801.5721233,37.09650075,0
0.021764598,2.219589849,788.9718687,57.46553262,0
0.033558238,2.890206033,803.6300015,48.57369793,0
0.014759093,3.52199489,798.8255229,40.90643329,0
0.030300419,2.278362622,781.9539078,50.76329799,0
0.025451281,2.960252614,815.4479262,59.00535611,0
0.028331941,3.160588495,824.9790737,40.63732039,0
0.024044706,1.688139812,804.6835512,35.66879223,0
0.029228086,2.66737489,791.9897597,68.48000827,1
0.036487897,2.166489827,740,,1
0.035220299,1.906142448,826.657139,29.83971124,0
0.031402107,2.459226707,741.3043861,52.26788912,1
0.028735148,2.808310006,800.4892946,42.65022954,0
0.031521733,2.522446261,797.3533631,41.49129766,0
0.034701429,2.784268095,789.8694377,33.44105942,0
0.019708607,3.294053722,740,60.58648087,1
0.025022278,2.629072476,788.9117822,51.58395363,0
0.023382862,2.456484501,818.9332652,,0
0.024242752,2.716099038,800.0876611,54.96418835,0
0.005,2.499136675,817.9418677,45.00509131,0
0.021286331,3.2560582,786.7241058,48.04340537,0
0.020443819,2.694450085,770.9144112,58.41226555,0
0.024540927,3.205264717,787.0806271,47.54261134,0
0.032303016,2.231820447,813.3121966,45.61127387,0
0.024576948,2.908058223,832.3210035,45.14553483,0
0.023210366,2.820771717,841.6787703,45.95855163,0
0.036772403,2.858541079,798.3746206,44.01252944,0
0.032111661,3.067163041,791.1816867,45.50886032,0
0.030161413,2.396497772,,35.55806541,0
0.021587887,2.156317565,807.5174548,43.47599316,0
0.014961988,2.368357214,816.1275428,45.27080296,0
0.0300041,2.651214264,780.2945923,50.92609524,0
0.019366538,,796.4596249,54.89856134,0
0.030246616,2.308981836,754.4186594,55.61889556,1
0.011731148,2.833615304,838.5785738,60.92886857,0
0.039410224,2.879059198,822.4956103,44.28008585,0
0.027127228,2.063637662,828.3887647,57.10499679,0
0.015563573,3.179714727,766.6451304,56.09362323,0
0.027191017,2.393017174,823.7993773,34.80165813,0
0.026963741,2.948388452,773.0334805,49.84748428,0
0.005,1.841391629,787.1381134,58.45705746,0
0.021330444,3.01324055,836.209465,66.71868203,0
0.027343435,2.670578203,740,52.34272919,1
0.021038648,1.723940059,790.1133067,46.67568805,0
0.030455171,3.552145372,800.3332127,57.31958196,1
,1.828671527,761.6224423,28,0
0.026162706,2.532038823,757.1514327,37.6745257,0
0.020023457,1.800413065,803.6871306,54.78828267,0
0.015259073,2.007437801,807.2327062,38.15991302,0
0.023576878,2.07654376,762.8759429,59.33842657,0
0.011375088,2.930277744,844.9986306,35.79813763,0
0.025407255,1.416410256,825.0338679,53.48007051,0
0.019058094,2.582010046,809.8871321,57.17074916,0
0.013067803,2.446692085,777.4602065,50.48984874,0
0.015883802,2.173751836,799.2640771,49.08224038,0
0.025744823,2.712034793,788.9643968,55.49159286,0
,2.871907723,776.8478978,32.1266864,0
0.02891068,2.806249375,783.6790449,56.15245685,0
0.032609079,2.567045134,839.0640274,72,1
0.013637171,1.579569251,795.6019496,55.81389095,0
0.021863667,2.761232088,817.8561757,53.39820203,0
0.008736464,2.038784748,809.2242946,58.19822245,0
0.010409589,2.68443606,802.9587095,35.8971536,0
0.033533343,2.359137571,794.7358544,35.66481455,0
0.032755281,4,818.0056277,46.98098722,0
0.02411793,2.015434247,797.0031249,44.87045603,0
0.010493068,2.575268977,793.7273643,57.02273594,0
0.028050064,3.052752719,798.1424078,46.02269337,0
0.028647022,2.88361951,813.5727425,46.44453025,0
0.021156156,1.944862597,796.2503777,53.77849012,0
0.012747464,2.827550608,777.6446222,50.15878271,0
0.0223746,2.005559753,831.7494614,46.88023893,0
0.039603886,3.470119759,789.8236877,65.26053948,1
0.025849521,2.385734768,826.0593495,44.70449133,0
0.034985877,2.764180403,766.9191303,47.19925854,0
0.028915312,,838.0118625,53.56263902,0
0.031765814,2.086062833,787.2114782,50.67292527,0
0.025157748,2.857920534,811.6201366,38.66050094,0
0.015095502,2.411288482,802.1311346,53.96534023,0
0.020286324,2.969633839,817.7807625,42.41224151,0
0.014978336,2.775630764,748.2516236,55.72010018,0
0.009391261,2.23220562,770.0301289,62.33670866,0
0.02501901,2.284402939,805.6440138,52.04977563,0
0.01325365,2.470886197,819.6796896,55.01358857,0
0.022216176,2.472084468,790.9098115,41.97851438,0
0.022061831,2.757126096,805.9500036,62.38440485,0
0.013752539,2.426364498,792.0426057,50.63743542,0
0.030275783,3.415334476,785.9015196,56.68893535,0
0.028503949,2.383844853,789.283523,54.83261555,0
,3.880403455,849.1430413,40.48236137,0
0.024252818,2.374067247,786.3081212,53.79701366,0
0.021861954,2.476546765,835.0185528,56.51503057,0
0.020531859,1.873169865,815.5916598,34.6182051,0
0.024057691,2.373874249,767.3840242,43.3364107,0
0.024438621,3.170325397,795.7776036,58.43463902,0
0.026641538,2.208986653,790.2979976,38.916254,0
0.023242313,2.073112763,,53.59368586,0
0.017646911,1.967687653,835.2601226,37.23518998,0
0.034723772,2.228833391,798.864041,42.61908131,0
,3.499556924,776.8985341,39.99191927,0
0.015413596,1.870553178,799.2609074,43.74913122,0
0.017547361,2.331367711,756.6542916,55.07119757,0
0.022580742,2.404834251,858.9450482,48.15547568,0
0.031354176,2.420341797,776.3786274,62.03782097,0
0.011577964,3.07057761,796.1349894,42.69691238,0
0.032931549,2.520575979,844.7160645,56.37017254,1
0.014593475,2.434847875,775.2652956,49.23266417,0
0.031324983,1.77017317,835.0838429,36.13646743,0
0.008912202,1.658019859,831.3280538,60.1762708,0
0.02095247,2.594684221,788.3992617,69.91148478,0
,,803.209756,34.9167622,0
0.02809956,3.140079283,787.8898276,58.35117555,0
0.01807098,1.784605833,792.7949345,47.53050372,0
0.021887127,3.176818626,806.0252481,,0
0.030849561,2.298460854,824.7666933,,0
0.012960581,3.093562829,824.2346237,47.21616124,0
,3.061006232,807.4691438,39.3545407,0
,2.480988906,758.1825455,48.06875018,0
0.027849401,2.742665845,818.8507762,51.13037669,0
0.010455647,2.165588191,797.170532,36.44777277,0
0.014660976,1.646945616,785.7301389,60.19602525,0
0.026101885,1.927402129,781.3764816,54.75316339,0
0.027332746,2.253051574,774.1452763,49.40798646,0
0.028950173,1.268028976,740,56.81184561,0
0.021558451,2.382212213,778.4731318,45.06258338,0
0.030578491,,845.1798097,,1
0.020754092,2.707639501,803.862444,60.38025721,0
0.014629863,1.893920122,811.5341163,55.74996565,0
0.020221847,2.291312049,765.5632526,54.02529862,0
0.024901696,2.7437054,806.6592495,53.64377456,0
0.033674123,2.601347175,805.9214323,66.42201201,1
0.01871096,1.993641908,797.5590663,55.75023736,0
,3.067231864,785.4558039,53.40452548,0
0.029573749,2.843608581,793.5660194,45.42295831,0
0.027433574,3.099532803,811.5904521,38.10717373,0
0.011145886,2.535495182,787.2950132,49.30689887,0
0.023671439,2.494480078,850.9076622,57.25967441,1
0.029345886,1.766925901,789.7931619,45.03026256,0
0.025948529,2.430918757,770.4779853,46.85815531,0
0.019461081,1.719459552,819.9556531,50.78726772,0
0.026531533,2.440625328,806.1331914,35.71524151,0
0.030133869,2.953446075,,48.25791319,0
0.024013125,2.013291937,797.7809543,35.04861195,0
0.030625749,2.567589891,786.8017066,48.1388417,0
0.028649881,2.669318523,802.9964386,55.03562154,0
0.02895573,3.777270716,809.1786088,44.18729783,0
0.027906668,2.450110322,794.2909414,45.07281727,0
0.028310334,2.810860103,808.3856088,46.88119165,0
0.013371894,3.456723556,785.4941545,43.83846059,0
0.021276015,2.089603479,793.3863906,,0
0.007437474,3.074150674,789.9646679,47.05502128,0
0.031478773,2.720861078,807.5093956,38.41705951,0
0.026850861,3.013900327,799.3020367,58.86990159,0
0.024517713,2.742332313,802.7294408,57.11584727,0
0.01666149,1.616533081,811.8383101,47.30308903,0
0.016548965,2.919716078,791.7625747,49.22497277,0
0.035929735,3.897675767,781.7067756,51.87953227,0
0.03294474,2.649568208,837.0336774,46.96110141,0
0.026487478,2.003243606,791.4700264,42.84308326,0
,1.970289573,795.7360492,52.68750162,0
0.022921156,2.816390098,775.6934817,39.0370429,0
0.010329762,2.921343272,774.2113193,49.66427667,0
0.030686207,2.922476747,779.4473931,53.2653633,0
0.019589249,2.39020752,802.3720554,54.20377671,0
0.016205423,2.031878192,,51.02535004,0
0.034074541,2.426080675,785.3418891,48.98451437,0
0.012607198,1.781662948,822.2800634,56.38175467,0
0.029102953,1.682679085,789.8965982,54.69783842,0
0.031690912,2.321454576,773.6301913,57.58846767,0
0.037125812,2.393941389,777.7078385,41.53695316,0
0.01790741,1.954946215,776.3466974,48.31190388,0
0.034998646,1.994843647,804.0631443,55.46309975,0
0.025874589,2.209279403,778.814221,44.45914203,0
0.016360511,2.528136351,827.8180874,47.00251434,0
0.015622859,2.692607665,766.6400571,51.77077125,0
0.029139817,2.432902625,802.526279,51.87725199,0
0.036591986,3.368521762,791.1894475,42.42365474,0
0.014826246,2.214189704,804.1604067,54.4345744,0
0.024054483,3.440957892,793.0175692,42.78553273,0
,2.634912452,806.0097932,48.17008046,0
0.018217328,2.165471018,833.2314658,68.2549078,0
0.021511022,1.624847189,773.6427584,43.45933555,0
0.020349448,3.164582084,793.8226107,54.00469494,0
0.024980377,3.377027231,814.8044212,56.49345562,0
0.02142592,2.319869611,802.3246009,50.05708034,0
0.027029277,2.510838356,808.5017202,45.11507937,0
0.017858814,2.898346443,770.3093495,47.14872783,0
0.029231264,2.766394876,788.6101463,48.65590218,0
0.011449896,2.314444471,745.8323949,61.95721867,0
0.013547721,1.780168566,829.6848185,56.49244406,0
0.022683438,2.024828999,778.5388672,63.55177056,0
0.010877709,2.156337961,839.5598998,51.78278097,0
0.020946562,2.310023932,804.021724,56.06486777,0
0.029995644,3.177223291,815.5059799,36.88824384,0
0.038695297,2.822377486,763.4735266,45.5287194,1
0.024964975,2.456986423,813.7031644,52.57833783,0
0.022638401,1.610158967,837.763708,53.01532667,0
0.030438285,2.761309909,768.9255146,46.55581611,0
0.036320056,3.203570747,820.572698,66.79675975,1
0.017569128,2.257366265,783.8493394,55.26237594,0
0.016482847,1.307274418,800.7782938,57.5707453,0
0.037587152,2.748211711,804.922366,58.6374525,0
0.027227303,2.441539907,821.5431247,51.64276778,0
0.01920254,2.689953717,796.929587,42.12870911,0
0.026899875,3.277620037,813.5914907,44.66182084,0
0.020700119,2.380072497,807.3436035,60.66546776,0
0.023866359,1.304777756,792.7414119,58.45009844,0
0.024064952,2.43065004,761.9479817,45.02608477,0
0.031244768,3.273005242,777.2587213,52.41355045,0
0.02898886,2.453476433,818.5990448,49.41393421,0
0.023905426,2.67080062,813.2483416,45.28228698,0
0.028873339,2.245427546,813.9622582,60.74458309,0
,2.080377008,,48.04538884,0
0.018995816,2.106205026,818.5416299,49.66041312,0
0.019654208,2.408414923,817.5278842,46.57332729,0
0.033393039,3.152410942,813.8512089,50.88163353,1
0.018238749,,809.3423544,57.40609117,0
,,804.2504274,51.13527405,0
0.021718313,2.738218948,768.4953308,51.66652829,0
0.046787843,1.905030544,813.3444416,38.98054733,1
0.027684983,2.446462333,769.0929608,47.49751283,0
0.020891417,2.127267621,784.4160978,47.78979591,0
,3.125445426,797.8523648,48.09583434,0
0.021432427,1.567194636,772.9318835,42.04563057,0
0.021202164,3.10782363,765.5097763,37.24578715,0
0.030568298,2.74877964,797.7626796,50.99088256,0
0.025763391,2.849138049,775.6777048,31.52537672,0
0.021716307,2.715445715,,62.16943562,0
0.026011616,2.839912524,777.4004964,40.64248387,0
0.020660625,3.041718823,805.3589636,45.87686551,0
0.020077608,3.536514357,795.1980464,55.9642532,0
0.033609891,2.352519071,790.0267692,53.90694127,0
0.024556246,1.836776579,858.3817296,58.66807406,1
0.033788467,3.12238543,807.3066474,63.08313314,1
0.026774316,2.867573674,759.2148143,53.15150596,0
0.022578627,3.92236618,801.4908682,57.00178074,0
0.026549124,2.47030553,817.4409115,58.03250649,0
0.025841349,2.400356415,800.6925958,44.07028929,0
0.027198936,3.215399262,801.2808233,51.22162946,0
0.021835985,2.792447382,822.2971496,43.18899893,0
0.027381896,2.412384205,763.9423142,52.91083033,0
0.022210815,2.510763697,796.8450667,47.55500462,0
0.030643272,1.902459294,793.7102355,35.61443636,0
0.035537445,2.319263965,740,44.21207457,0
0.028836331,2.054854667,786.6789166,56.45553962,0
0.029754673,2.354324771,822.6076262,49.2574045,0
0.022860947,1.501773485,808.7247886,37.9208096,0
0.020517681,2.757654577,788.2990478,41.21688953,0
0.041074708,2.570287761,826.464535,56.6718092,1
0.03101399,2.767266929,778.2183814,57.83460317,0
0.025529517,2.904722291,832.8388779,48.81244054,0
0.029428486,2.717371995,805.9813929,44.37468801,0
0.030899569,2.37884722,830.6340477,39.05022888,0
0.021797153,3.039827239,779.9049951,51.97122639,0
0.020028363,3.020024196,859.1381161,52.30868993,0
0.019012904,1.921756739,807.5699625,46.94640835,0
0.025610139,2.574316563,817.6536282,51.55356267,0
0.020559278,2.541059455,817.4129624,41.41610642,0
0.021595746,2.841914674,780.8629067,37.82185035,0
0.027322729,2.745523305,800.7525696,42.58494249,0
0.02074523,2.512080511,765.7057197,42.9965982,0
,3.212872146,776.6760702,45.33695037,0
0.024471243,2.720788704,822.2989232,35.82635871,0
0.029861347,2.839509562,802.7629962,61.55718901,0
0.016047121,2.62701553,809.9367219,49.83197108,0
0.013474646,3.333116407,759.9066369,55.96732417,0
0.023626977,2.344479611,814.3592196,46.10819028,0
0.021433873,2.477042516,794.6652497,46.04142881,0
0.03208663,2.675921145,807.5562949,45.41488373,0
0.022475169,2.605265267,826.9480461,58.85779902,1
0.025963434,2.279232558,787.6248201,47.77538838,0
0.018159845,2.888980077,759.5886937,50.70344341,0
0.023340034,3.042204145,814.9923065,49.57745876,0
0.023586511,2.80801788,792.707413,48.30432023,0
0.020010866,2.962831019,782.3640823,52.92407545,0
0.026199031,3.116058239,771.1607246,38.21620112,0
0.006277573,2.057273738,827.7283174,45.78718326,0
0.014408001,1.834580453,765.4289034,51.59376201,0
0.022182893,1.701975521,770.8661854,53.96788081,0
0.027700174,2.815455322,836.5214354,58.13302072,0
0.025821599,2.116953767,799.5799617,51.51818375,0
0.020957929,2.655622628,811.4049754,58.18030483,0
0.034585751,2.455737133,754.0979367,66.89443502,1
0.021542114,2.07524183,758.0387039,48.37019099,0
0.024187309,2.78695954,806.3290281,44.71022239,0
0.019467356,1.801190823,768.9496841,50.12565371,0
0.027805284,2.96485033,786.0655508,49.56820435,0
0.020464004,2.524553778,797.2879821,48.39990023,0
0.016406589,2.55041386,791.1249332,44.90769374,0
0.025978673,3.551029904,785.8004493,29.04338197,0
0.023492287,1.772287786,848.4996348,66.32878666,0
0.028241972,1.635613079,765.9488073,71.79454038,1
0.021158974,2.492303883,765.7180101,52.72999673,0
0.013775715,1.768534373,748.4577586,52.02134001,0
0.017479166,2.424947733,827.7862012,52.27708139,0
0.018755396,2.083035154,801.4867279,31.31355595,0
0.025781036,2.481287312,816.9830596,,0
0.026171481,3.689113274,789.0365101,44.04426102,0
0.013400239,2.358934212,816.6254207,54.50482666,0
0.021317328,3.318808123,798.4102796,46.77122996,0
0.018143147,2.147740147,793.4044801,54.75777389,0
0.01094799,1.556676668,766.3061053,51.17050743,0
0.026415787,2.838043285,808.5301094,51.17274129,0
0.021462477,2.636472831,779.1016256,49.53499014,0
0.027505911,3.026097505,760.8681054,50.04604421,0
0.024766186,2.522301702,779.496526,41.52263407,0
0.015702528,2.555654343,824.5002454,55.70625279,0
0.028170434,2.717609882,747.5514959,49.04833809,1
0.023099504,3.18037617,811.3315553,35.38650181,0
0.019853148,2.285780269,786.4505453,51.1970949,0
0.027746775,2.201399807,805.6987761,43.46447637,0
0.014732087,1.714513177,810.3174671,53.96807695,0
0.035675027,2.966022821,740,,1
0.028909707,2.907877099,782.238612,49.26240096,0
0.026496077,2.436225745,800.9922619,53.01583395,0
0.022336954,2.263695751,764.5215782,48.21207033,0
0.023645891,2.388660087,769.9545986,54.78544095,0
0.024792835,3.169740803,840.4547097,53.9030926,0
0.044617012,2.742776873,816.7604645,35.94699425,1
0.022853984,,809.9815168,49.63843964,0
0.028321977,,753.8005569,48.09838105,0
0.029502867,2.566796937,803.8036973,48.79656694,1
0.022726572,2.224992754,803.7401115,61.60175872,0
0.028209822,1.798163389,796.1976307,55.85262372,0
0.035340456,2.712784064,806.7985753,58.55334418,0
0.03090633,3.369498633,803.382245,64.75457808,0
0.023500119,2.261744753,814.04889,60.47784299,0
0.024200673,2.251336511,828.1235827,43.602764,0
0.031930463,2.551558213,842.4017642,55.36382464,1
0.037457982,2.989644713,828.4193915,53.15225857,1
0.019311851,1.928179786,798.9929445,28.4335191,0
0.024121677,3.176192715,811.628524,56.51611391,0
0.022566355,2.218382042,783.2990377,49.93940246,0
,1.745052451,801.8574196,50.01367638,0
0.014647682,2.709437431,860,55.92246534,0
0.024336453,2.104889675,759.2553346,39.33205566,0
0.030534326,2.750891289,792.655017,52.67466032,0
0.026717142,,786.2611842,56.25935651,0
0.016174735,2.723422447,820.6903739,37.33626823,0
0.018033137,,786.2119949,47.46847389,0
0.028888183,3.655746545,823.9577225,42.78436669,0
0.026923797,2.890642141,815.4248341,40.96875956,0
0.025019343,2.406144908,789.127244,48.32280698,0
0.029535966,3.117916192,810.6631759,68.43005396,0
0.029603218,2.334879376,762.3949337,54.58254533,0
0.023331013,2.723177346,793.2136059,56.67082977,0
0.025864991,2.4711002,810.4037005,43.174287,0
0.030935733,2.581129781,817.4423784,51.54583093,0
0.019779805,1.833532299,794.7184453,50.56320449,0
0.015814756,1.690081245,815.3740944,53.20888217,0
0.015762679,1.39147221,779.6269483,51.89224674,0
0.023360754,2.941543112,785.7771302,36.63200672,0
0.025235475,3.462775379,829.1433973,46.5573365,0
0.022966453,2.628571166,802.2701422,60.66426629,0
0.017255465,2.035323454,789.9214015,55.31333315,0
0.01990372,2.809471312,825.267616,52.62230225,0
0.03106773,3.058294753,808.9909167,55.43298797,0
0.016526599,2.187272068,860,43.88708217,0
0.027984158,2.980957849,789.5175558,30.63100597,0
0.028064395,2.286379627,793.5268786,47.92553073,0
0.025836465,3.094417054,830.8732578,57.42530086,0
0.033780367,1.881336837,778.0892051,59.871714,0
0.014861489,1.650276606,776.8726556,47.93045588,0
0.016945502,2.917650402,,63.60245386,0
0.030430969,3.509531796,781.3252358,69.36752619,1
0.028199392,2.415900366,807.6531219,67.70696289,0
0.02275862,,785.4262216,48.62070898,0
0.021309076,2.166987595,815.8018445,55.74850282,0
0.027145482,2.65589327,806.5950619,44.86483312,0
0.010096915,2.578139486,808.4308354,,0
0.025449801,2.768989016,769.7590483,58.67084125,0
0.020768803,2.644301495,848.4987823,,0
0.020236132,1.895825818,775.7320688,50.3565081,0
0.018234631,2.288913932,815.8583971,54.30974294,0
0.021496557,2.217217238,774.6570693,32.97806672,0
0.019688627,2.222218133,804.7675436,55.73201749,0
0.02911218,2.623245942,781.5370796,49.96864836,0
0.023227678,2.732773409,810.5487774,,0
0.029449672,1.947540919,,58.75990978,1
0.030699526,2.798438218,788.9016452,50.21382751,0
0.033903727,2.099208176,769.4948447,53.86519427,0
0.019923429,2.811805892,812.8407524,38.59732592,0
0.023461916,2.098789279,839.0238015,53.83628761,0
0.013227336,2.134798167,828.9531256,59.60420559,0
0.022498324,2.437090377,807.9379509,45.72704037,0
0.024482134,3.476261074,801.3190375,59.07494119,0
0.026226728,2.164327899,804.4009885,41.73738155,0
0.021696649,2.335661971,784.5075201,44.957403,0
0.024757556,2.06476486,812.0182909,38.36688851,0
,2.202659539,842.1398638,56.13427656,1
0.021236086,1.979440138,777.7158589,48.80698931,0
0.023446879,2.215201677,798.0199478,49.67660403,0
0.022467462,1.846478422,841.0542365,44.94919725,0
0.01788242,2.582816825,740,58.55408899,0
0.031732681,3.6294856,768.0172052,53.33220317,1
0.031102783,2.542112301,779.2399276,55.52612167,0
,2.878139524,781.1752729,53.15003832,0
0.027030181,2.945473529,765.5373778,59.93677655,0
0.010385038,2.693924392,788.6856958,40.33554114,0
0.02706883,3.621699779,802.7249819,45.57356537,0
0.021143685,,806.529955,53.00578824,0
0.006973739,2.804390961,814.5086414,51.75323236,0
0.011412429,,792.99855,39.14388368,0
0.027238689,1.529590336,800.4671392,57.34906078,0
0.023093623,2.890450515,803.5919753,51.09578682,0
0.026679899,2.125749788,817.9358234,,0
0.021172621,2.436085392,753.8980076,42.57828432,0
0.033848544,2.780855091,789.2843783,64.37332531,0
0.035084656,2.175507682,808.6050836,42.40416945,0
0.029141781,2.563212287,772.271828,70.34385924,1
0.034769483,2.318875015,831.6952234,59.46899247,1
0.043526428,2.992853441,860,44.73917864,1
0.012864056,2.423706892,803.900298,63.02490387,0
0.023871335,1.336683089,791.1582822,50.56470644,0
0.02538361,1.95705046,809.7314094,60.95382507,0
0.029542833,2.569497783,793.9714288,41.3231945,0
0.031582901,2.96547767,805.5948192,56.64214987,0
0.03111628,3.203268323,793.4218762,60.81638466,1
0.018740406,2.502541646,803.010126,43.66817284,0
0.013660918,2.187314545,,48.73446002,0
0.024755361,1.127508567,807.0906041,55.29356528,0
0.02043503,2.366272135,860,44.25948971,0
,3.00691252,779.344761,47.59879734,0
0.028675583,2.045561442,762.9035995,49.75131487,0
0.02097319,1.655245703,802.3568637,53.36210795,0
0.017023136,2.204180077,853.6254776,41.69957003,0
0.027575884,2.155201153,839.0884745,41.46007982,0
0.02467027,2.852235053,829.414494,49.85778257,0
0.01938257,2.567432781,791.8553527,47.94924959,0
0.022791785,2.324522873,822.3326811,43.97702612,0
0.027196425,2.512050119,798.1809201,49.063794,0
0.034866106,2.889032544,798.4614187,39.51076657,0
0.034775161,1.308994238,847.3574243,53.9898322,1
0.028179085,2.26684566,804.3400576,40.4980278,0
0.02004452,1.725863807,814.6298394,57.16346626,0
0.02269913,2.605022207,821.9754734,44.38594923,0
0.024308564,2.168265588,760.7037758,36.59756424,1
0.03025214,2.813821038,789.8508021,47.96239736,0
0.016925332,2.390361133,740,66.97413624,0
0.033755557,2.355932089,755.3456762,58.40015839,1
0.033750613,3.721531322,830.3087057,49.47835439,0
0.012419174,2.959268841,,53.83772036,0
0.014981769,2.379352764,826.7105334,60.22017664,0
0.022082072,3.715672049,818.4686467,55.56509209,0
0.028799605,2.697590769,830.0281335,46.13850111,0
0.014451973,2.322024121,829.8711397,60.02822148,0
0.034081558,2.907971911,779.6128657,60.01978157,0
0.03658466,3.80074483,786.7600642,52.50071714,0
0.03545415,2.383731817,802.3166799,41.36053573,0
0.013866173,1.958740968,808.4011813,52.91791206,0
0.010053605,2.093814737,800.6814712,59.77933901,0
0.022455414,2.606520701,795.5004038,43.64480435,0
0.021581355,2.666538559,828.2355357,48.05941144,0
0.034506699,2.574601655,782.6374252,41.10581626,0
0.021785793,1.678334619,818.9788616,64.20959106,0
0.025611423,3.146557213,840.8986079,47.90365425,0
0.01948639,2.863353196,799.0399113,51.75264686,0
0.020823756,2.325218134,843.4011601,46.62974257,0
0.013655367,2.322475268,807.7602166,59.73355818,0
0.026762611,1.859392034,806.9971209,55.37747776,0
0.025711606,2.261560055,808.2101655,39.80708594,0
0.01399895,3.024187127,796.0623135,53.69915402,0
0.021016138,2.153127933,788.2297314,57.47335703,0
0.022627025,2.198028178,774.2550133,56.73176129,0
0.030973562,2.628060574,819.0864117,61.93320932,1
0.031002148,2.017312687,835.9058962,39.76761644,0
0.010606102,2.646667236,757.5984657,57.20066401,0
0.024988771,2.616325106,817.7648865,50.60190375,0
,2.259712101,761.43797,49.64259282,0
0.015536688,1.931416497,770.208481,43.87793759,0
0.013242806,2.492935695,822.7306043,52.98853577,0
0.018996241,2.297970416,817.4942568,46.16825578,0
0.015187383,2.236698522,784.0645038,52.96577812,0
0.029837318,2.485857802,807.2996667,46.68055383,0
0.027113149,2.485761133,809.5679691,41.32144686,0
0.022797057,3.048373303,794.7879876,47.93065716,0
0.037137598,1.75275086,788.3629215,63.38683351,0
0.015740701,2.063654528,775.1781403,49.77521298,0
0.022306301,3.066090393,809.8569255,48.02571103,0
0.021975514,2.799658284,825.9978715,53.86243605,0
0.027161547,3.184108596,809.9336648,51.58774436,0
0.030606838,3.290473422,778.5298345,50.81295001,1
0.038923344,2.758994559,820.5751273,40.38636411,1
0.025739306,2.511791134,843.4711305,55.6560068,1
0.033513312,2.666482484,805.2744819,67.34959918,0
0.021466442,2.251025647,790.607545,46.09208418,0
0.0239209,2.667990128,813.1266955,56.17392856,0
0.028301416,2.139899601,794.6503672,53.57236927,0
0.02733307,2.837793579,854.2925353,49.13020723,1
0.027097763,2.531932627,835.313217,51.26595717,0
0.028404439,2.938879353,814.0244672,56.34392264,0
0.026411911,3.252619164,797.3143305,70.04123267,0
0.028939673,1.706161308,822.9500684,41.45586393,0
0.022685802,2.177065037,773.8080907,60.79217609,0
0.030355223,2.302232118,766.291222,58.14261144,0
0.023626985,2.490726149,805.8296781,45.52050211,0
0.031948887,2.996501759,833.0149895,41.62565566,0
0.013207068,2.44070086,769.0670695,41.77181997,0
0.027120274,2.374204646,813.0186608,37.46531473,0
0.028598242,2.257778109,852.8591812,45.7710925,1
0.022553508,3.076162365,745.7535124,50.71899223,0
0.022125538,2.542204384,783.2236738,64.91994003,1
0.027120123,2.174324811,793.3638384,36.1432737,0
0.014053291,1.513685056,792.6192476,53.08698254,0
0.015956617,1.480831141,814.9349177,50.28603766,0
0.023085041,2.787166715,820.9893998,43.70640588,0
0.014307295,2.53225837,795.3174793,49.91822276,0
0.020206174,2.843891,768.1057514,60.60483153,0
0.031220781,4,768.0415805,47.45682964,0
0.021732817,2.21361244,805.6997746,56.40182589,0
0.012379542,3.324747635,807.0079598,49.00369422,0
0.025550547,2.664670033,821.4747084,47.33429272,0
0.016433565,2.275813444,822.2577984,49.49433507,0
0.029082167,2.632649557,782.7922239,51.39148436,0
0.009515535,1.583981123,,47.12536216,0
0.04199298,2.712283068,825.0438636,51.87468408,0
0.030903421,3.313077718,781.64498,44.58956122,0
0.012798971,2.448864033,770.175223,54.60183185,0
,2.907382383,793.256463,50.99228197,0
0.027139966,1.046621961,,43.43907142,0
0.019584675,2.365113982,793.4572622,32.88559398,0
0.02148639,2.679913462,788.2051877,48.72847514,0
0.013248818,1.964068475,824.0270537,51.59055785,0
0.021135246,2.088008442,817.5011703,48.18627588,0
0.033122035,2.22520586,767.6177146,54.05414223,1
0.036330922,2.386105021,790.2483882,39.15189912,0
0.025413205,2.471043979,754.4766419,51.52920447,1
0.007566223,1.873020448,839.994069,44.13768343,0
,2.265401377,761.8805432,51.35707201,1
0.014426474,2.501580605,807.2439011,47.07666366,0
0.030099091,2.301065777,808.3369898,48.10395094,0
0.019138422,1.820353948,758.5206452,53.18133214,0
,2.765134235,832.8122644,42.87185441,1
0.016826533,2.306578495,825.194182,50.86448148,0
0.01623413,2.630269507,835.8578945,50.75114339,0
,2.172980583,805.7374968,47.8835932,0
0.017598096,2.996455752,771.9025914,63.74880548,0
0.015999895,,801.6652677,67.31000352,0
0.018749618,2.191119654,781.7974409,40.19601326,0
0.040237889,3.636490581,775.684968,56.56453156,1
0.048082861,2.076019109,782.467415,47.07742097,1
0.040646467,3.658215155,788.5947788,50.05817288,0
0.028190736,2.434866855,784.193008,40.44758925,0
0.029555717,2.571895145,783.5239874,66.17061585,0
0.029025829,2.68490385,848.6804271,48.37851155,1
0.032452936,2.03494589,807.4959135,56.94071747,0
0.018745767,1.361256548,808.4021715,53.53441187,0
0.022345847,3.61030417,787.6446702,42.12306753,0
0.015373882,3.016713065,789.6094678,56.71879536,0
0.018563897,2.257141178,830.9380137,65.00978415,0
0.016450625,2.041376288,807.626807,51.69880674,0
0.017463351,1.792907752,836.2715472,54.55963537,0
0.026322044,2.462915507,794.7262599,45.48929152,0
0.025404376,2.524379005,772.6688655,36.52925204,0
0.038837296,2.910253887,817.1652612,52.52655978,0
0.012166156,2.068095602,769.5861676,48.10020419,0
0.028823998,2.620872183,852.8074589,69.61414012,1
0.037399185,2.624425586,829.8387243,58.69622307,1
0.016513234,2.69458587,784.2146035,49.38697619,0
0.028136796,2.353569754,860,40.90872491,1
0.027037635,2.622628131,819.8680782,47.43004852,0
0.02998385,2.116095514,860,61.95686643,1
0.042324228,3.518058817,775.4323813,49.36037889,0
0.036344735,3.16384181,775.0085789,62.41965221,1
0.027914419,3.338302733,791.1007966,36.3135261,0
0.022651419,2.688416726,784.807068,58.93829486,0
0.035063472,2.676646464,786.1056565,42.54152421,0
0.023895822,2.239012117,788.6044724,51.23916342,0
0.031266671,2.579706066,753.4049197,50.80390034,1
0.029174925,2.484578299,794.5472554,38.04931973,0
0.02469864,1.656627949,799.5753826,41.95796979,0
0.028364147,2.855701632,781.8745901,45.77211046,0
0.031507729,1.511128246,777.5249377,35.4126732,0
0.024398182,1.843212941,826.5045012,55.24821695,0
0.017946923,2.40153256,842.466272,51.30493634,0
0.012760597,2.034228783,774.9086008,59.39007331,0
0.01752923,3.063459232,772.0658979,44.19170733,0
0.02053435,2.46202902,797.6597217,47.30398123,0
0.024242403,1.881869697,793.5913706,54.86112692,0
0.034105543,2.045669109,820.2402513,64.17186018,0
0.027949577,2.419197713,798.4690994,51.13377024,0
0.02653661,2.948446077,781.1403738,37.44042191,0
0.023741332,2.247057054,778.5206242,48.88363995,0
0.027781333,2.858824799,802.3535639,47.28971945,0
0.025052034,2.8896843,820.3944569,36.23840078,0
0.020437016,3.112766072,763.6568599,48.36125906,0
0.023500495,2.658749972,822.4250979,43.3289744,0
0.018264464,2.573806004,802.1569477,49.34658476,0
0.017648945,3.538995504,740,37.95317768,0
0.018185395,2.39598494,809.9815332,44.75414743,0
0.032182919,2.78202827,766.093792,43.04569664,0
0.024206088,2.788400452,803.1179649,45.72725372,0
0.035044916,2.967160188,792.121482,54.85137509,1
0.015182716,1.956894931,838.2719177,55.87637775,0
0.030249687,2.903391073,796.276813,46.46836566,0
0.024306829,3.383268168,,36.84533834,0
0.017887575,1.758959164,860,41.36461602,0
0.019860002,1.743359479,800.142768,50.55590738,0
0.034255041,2.255171768,835.2450702,40.39903072,0
0.016875663,2.258663592,787.9786753,53.45799772,0
0.021956493,3.024587155,808.5348841,36.56680349,0
0.024334516,2.721263422,786.4069197,56.57603493,0
0.030653762,2.088456717,775.6590805,40.68223817,0
,3.507303018,798.6887819,53.63928786,0
0.023015114,2.632628651,806.9199024,56.48734994,0
0.0263426,2.874038502,795.3074867,41.9773691,0
0.014842455,,799.4293806,37.71076435,0
0.026270329,2.16033888,825.7130611,52.18021597,1
0.0195655,2.32749635,791.8344155,44.67143057,0
0.029764955,2.416803586,793.5529012,54.04422277,0
0.032065259,2.769947061,779.4113037,52.63473394,0
,2.712010558,816.2849103,41.60359857,0
0.025448559,1.478094912,784.9689129,47.336965,0
0.016006287,2.732277708,,57.61747195,0
0.018060468,2.981803501,786.6448326,49.22497485,0
0.034141002,3.32692976,793.3297078,57.39667336,0
0.03288729,3.846985146,763.3520553,44.17012109,1
0.02458958,2.414916656,824.8336018,41.20619219,0
0.039504192,2.092596789,794.4710041,51.85948908,0
0.033405169,2.744779626,797.2977123,66.41304003,0
0.016085719,2.848770755,804.8129678,52.07707162,0
0.034729706,1.749157576,850.0756882,55.64042994,1
0.034835297,1.732369047,851.8247437,45.46120815,1
0.021639328,2.769593987,800.2955645,46.22532402,0
0.013325311,2.433187176,,60.3008414,0
0.005,2.435429905,806.6442177,55.65940678,0
0.027562864,1.933967221,852.2888947,40.62773579,0
0.033924518,2.044545222,819.4704202,53.57597208,0
0.021650116,2.762280781,783.1860188,50.30386867,0
0.01084208,2.092493267,757.5204493,47.50538656,0
0.016786655,1.883265529,815.3410951,47.98759834,0
0.027336457,2.927745755,834.5470369,54.8255812,1
0.024004586,2.737852499,814.5798994,54.64435462,0
0.017799626,2.616401656,836.2151714,54.92357086,0
0.024784755,2.706542897,809.6340182,43.19292196,0
0.031397062,2.625096789,860,,1
0.011910731,,765.2580586,41.73902102,0
0.013846557,3.020467849,740,43.76301982,0
0.03712025,3.125119429,819.7968436,50.77710775,0
0.028211513,2.27372795,798.1823324,42.07874572,0
0.020602712,2.540063544,833.8365283,42.56188781,0
0.022317794,2.733494704,776.4655924,35.92025635,0
0.01854459,2.510797064,803.5666237,47.40918001,0
0.035703852,2.529573729,794.4692718,36.21494467,0
0.029406817,3.457385054,828.037472,63.67532827,1
0.023616037,2.523816785,814.1737078,40.09683219,0
0.033929817,2.270068591,812.5265864,39.00952201,0
0.029898679,2.696843896,833.8053802,32.37717288,0
0.008329837,,753.5163693,43.05032426,0
0.022178324,3.074895298,774.3977614,58.75172644,0
0.024017668,2.278182041,830.5431025,49.78592194,0
0.022250093,,797.7186341,47.6692278,0
0.028668176,2.55317963,818.2604305,64.55549391,1
0.028817293,2.490605608,794.2982289,64.62306114,0
0.026516408,2.494262416,814.5044205,35.94782413,0
0.036253998,1.798361122,764.7639304,51.15503678,1
0.019032959,3.185754528,826.948435,47.06268294,0
0.013835136,2.363587211,763.1733067,61.44189592,0
0.029768889,2.925621157,764.6217056,40.18925475,0
0.02189804,2.842499568,786.0140775,42.83406227,0
0.00942542,1.819144903,798.8249513,48.81149445,0
0.025104519,2.75190835,794.690128,41.92605563,0
0.02315868,2.725958454,794.1124117,64.11650496,1
0.025220849,3.060424435,816.28501,46.85565365,0
0.028509726,2.042534089,,46.06947451,0
0.017514353,2.120723651,825.4174886,57.61326359,0
0.01879867,,799.8758471,47.43042956,0
0.019337584,1.971734314,804.219881,55.63294335,0
0.015215902,2.704595857,812.8957566,52.49016316,0
,2.42750778,788.4534287,50.70333216,0
0.020280023,2.113945662,767.5645884,54.76042114,0
0.019235552,2.719404337,809.9434687,45.31239426,0
0.023434665,2.596643544,740,48.03702913,0
0.03080283,2.788335243,799.0142759,39.71587726,0
0.031751301,2.825004149,824.7453307,52.21940698,0
0.020315643,3.525681098,778.0484221,44.35346992,0
0.027952905,2.241989566,779.6565932,55.65318892,0
0.009765369,2.896066184,776.1775685,53.75303281,0
0.024883776,2.669606176,805.2827622,47.29559743,0
0.00939796,2.431605374,797.6458636,38.20010438,0
0.030741302,2.765234691,807.4099059,48.29095107,0
0.01421183,2.577050733,830.1349081,46.41683567,0
0.028757449,2.448877878,812.2972564,54.43462505,0
0.028577745,2.388818978,793.4959376,47.8601903,0
0.039266304,2.810770237,768.0911644,58.55274025,1
0.011758569,2.712768844,821.5444707,51.02072997,0
0.02025106,2.187204363,789.3018378,49.52427421,0
0.013816844,2.327175924,817.3673219,38.18728392,0
0.020490297,2.005508172,778.9679713,39.04352966,0
0.023689592,,772.1599318,55.19379712,0
0.021368851,2.770794954,789.7135408,37.54964691,0
0.037213067,3.135074395,797.6227835,65.68776702,1
0.019567014,3.017577213,806.2196552,40.87427503,0
0.028332409,2.454572016,835.1852165,44.89275402,0
0.023739273,2.816549001,836.1366951,65.15052989,0
0.019709836,,795.3523441,50.05876612,0
0.022990915,2.216482209,759.2664791,43.23412945,0
0.028153734,1.718116475,800.8076566,69.15536175,0
0.028564142,1.924025495,815.3818214,,0
0.021790265,2.217310066,813.9248113,43.03503131,0
0.023157621,1.968468262,779.6767439,37.10403525,0
0.035599562,3.325027703,,44.30510883,0
0.024440942,3.108002759,786.0666149,47.96803004,0
0.030025505,2.346532531,774.6230296,55.15324011,0
0.019060576,2.086909794,776.2901864,36.06941082,0
0.029675298,2.412041834,804.6071429,54.98575051,0
0.015364009,2.298224056,821.6354875,41.72801232,0
0.017436484,2.236092187,815.7578022,39.44844132,0
0.020513401,2.963000828,796.9179239,61.28041669,0
,2.53059113,821.613958,38.18230197,0
0.02309978,2.321294218,804.8310869,41.81359296,0
0.024865438,2.447854154,797.3415125,35.51481649,0
0.022304946,2.944343789,816.2062913,53.24884399,0
,2.006812096,803.3556967,58.0416204,0
0.016861941,1.972011067,797.3474954,53.77538216,0
0.012953543,1.967065434,780.7439792,50.11264996,0
,2.650575909,792.7625187,45.70730716,0
0.014015067,2.01856545,804.3473612,53.19841916,0
0.031184438,2.909679121,795.3220869,50.4515459,0
0.025027066,2.531271057,780.0387059,46.22083168,0
0.026786742,3.188114594,789.822413,32.3503756,0
0.018708407,3.077183968,798.4417844,45.84664621,0
0.014021347,2.529690649,813.8640828,53.4240713,0
0.027521794,2.176242869,797.0669042,42.49875299,0
0.027702913,2.086636587,827.3470862,53.50101555,0
0.027637609,2.455318148,822.6849652,39.78660183,0
0.026966753,2.830030477,837.819842,54.55109786,0
0.029364662,,773.7345704,45.70200077,0
0.025309856,2.247581724,742.8883237,54.44787318,0
0.012466967,2.18113283,789.2213495,,0
0.025954954,2.67139965,800.3847066,,0
0.015720627,2.104891912,783.9058314,65.14438531,0
0.03021489,2.416606459,771.9959734,50.04631073,0
0.015802409,2.126169036,827.4635495,46.28689125,0
0.017204287,2.729322134,837.5782336,37.3827499,0
0.018654216,1.911546288,798.225551,53.8357081,0
0.034616723,,793.2021785,39.89497368,0
0.030863339,1.577482898,802.6260897,59.0875632,0
0.018653643,2.47740128,804.0273905,56.90994585,0
0.025308705,2.690848238,802.2112325,63.06236129,0
0.020668059,2.102811012,812.4144071,49.48827552,0
0.021967786,3.5002752,788.4714066,51.30896191,0
0.015773817,2.87857087,804.1403872,52.36145742,0
0.019012562,3.012935813,783.1088838,52.89227486,0
0.019189545,2.324041249,,46.47120737,0
0.024412727,2.879356252,,57.1717182,0
0.015611722,2.14495311,794.1086544,43.79329501,0
0.023650577,,,50.23287717,0
0.011548894,2.571958732,797.5932175,43.0900855,0
0.020246385,2.742502264,812.8663674,52.69009652,0
0.020467427,2.614992873,,45.78776307,0
0.020676757,2.494525489,805.8966325,53.12872669,0
0.016222853,2.549001562,746.0794995,45.75492288,0
0.017050916,,808.2941234,41.59618175,0
0.015752869,2.101537516,740,45.9587276,0
0.02667808,1.878373768,779.2505801,48.99021671,0
0.020208927,3.06871545,773.6213893,51.46693326,0
0.017095106,1.95875374,745.2589105,58.98929645,0
0.025353632,3.027638115,856.2264339,47.93703342,0
0.005,2.185571931,793.2975136,48.84886985,0
0.023286888,2.408948417,764.6438077,50.64504606,0
0.029065499,,766.7932076,56.88049378,0
0.017656755,1.930192788,801.7215104,,0
0.020454193,2.465241378,825.5995025,43.6841937,0
0.024010037,2.26419194,814.3461849,66.55657294,0
0.030173147,2.158837023,803.662246,35.4279543,0
0.012893315,2.210192492,819.418987,47.2146437,0
0.027676355,2.701594957,781.4361326,51.27646048,0
0.019085797,2.622289395,798.6360506,61.15652083,0
0.021685291,3.194755485,804.4170199,50.53670069,0
0.013527358,3.7302881,770.0154772,54.19469309,0
0.01206028,2.680739084,802.3690311,52.94973548,0
0.025516298,3.307877726,842.4123441,43.6134839,0
0.021804471,2.71277796,811.4585153,43.48901568,0
0.019871464,1.759475558,797.9201219,64.37411247,0
0.031213667,2.786347255,,60.02171345,0
0.028989221,2.949699291,829.0244158,61.58523814,1
0.025790529,2.313680501,860,47.39146278,0
0.032076898,2.39756555,810.1530327,48.41309488,0
0.028023916,2.510509062,759.8303944,62.07121051,1
0.021339996,2.968389162,830.6177489,52.56765679,0
0.020471445,2.796588995,815.3620478,41.0252583,0
0.024106442,1.285527302,766.8949959,48.40054148,0
0.024421301,2.161584608,832.3256397,41.74722935,0
0.022219064,2.313159471,837.2341001,38.91064321,0
0.032596109,2.561512411,825.045001,37.44030781,0
0.034178884,2.958383904,817.8153134,41.49730782,0
0.028325073,2.915540007,804.1929623,49.64686844,0
0.025784995,2.931213624,793.048048,58.20435379,0
0.026881238,2.710520947,788.9430947,57.95155414,0
0.018395792,1.794720886,824.4204605,57.35434887,0
0.037234069,1.548349574,786.0298692,,0
0.013143213,2.236534373,823.360965,40.7377285,0
0.024102871,3.4962581,793.4244658,69.75173189,1
0.02919212,3.097483892,785.1034814,48.5002181,0
0.020619761,2.215096841,767.7143496,49.57358678,0
0.010367345,2.585308029,836.6471301,45.51876238,0
0.020213749,1.63244035,777.5150351,41.98589045,0
0.026264863,2.098187954,807.7796167,36.36924171,0
0.02396989,1.835108544,819.8022328,48.23702584,0
0.024962768,2.431061895,796.7192176,51.77999303,0
0.031027506,2.879356115,811.7241258,51.06193183,0
0.022315669,2.114698896,810.5284171,48.23753232,0
