metal_impurity,process_time,sintering_temp,humidity,capacity,residual_li,quality_defect
0.019364947,78.06733304,774.1319963,34.39171849,224.746,1899.8,0
0.023586925,67.38949016,823.3179863,59.01792966,195.759,3061.587,0
0.026898645,70.5624418,793.9558667,59.78033071,191.347,3742.394,0
0.025266738,72.10861072,817.2564186,46.74867987,201.304,3025.672,0
0.03141682,79.40350169,786.0523334,55.94603337,189.004,3645.211,0
0.019992793,58.08007416,797.1311293,50.54063256,210.59,3155.901,0
0.032942252,75.00580085,782.1048611,43.07335107,198.615,2810.013,0
0.020545271,60.19573176,796.4269791,46.30118566,220.016,2286.768,0
0.020458136,66.73667497,805.8026143,46.58197883,211.465,3101.219,0
0.026014536,77.15112242,799.3947148,53.89577985,189.023,3186.978,0
0.032151039,67.61156327,783.7641939,,204.816,2377.569,0
0.017864865,69.92186708,778.6927964,55.90012455,211.33,2514.607,0
0.021325147,82.05553127,756.9751043,45.24680035,205.379,3203.383,0
0.019280449,64.44081912,844.8020577,51.43420508,196.429,4225.058,0
0.024656913,79.64983873,772.4161265,46.88152157,204.679,2900.317,0
0.023836402,58.74271833,776.0531131,,189.083,3911.208,0
0.028021203,69.75753599,776.7083927,58.52784185,194.096,3606.611,0
0.019659941,67.445871,785.140298,57.86191609,204.027,2567.713,0
0.020147029,77.86439823,782.5480941,57.4525841,204.275,2768.737,0
0.029937138,74.75555539,788.9639669,51.38070334,191.962,3422.75,0
0.025416907,64.0953372,787.0546592,53.43005151,199.668,3088.746,0
0.02893451,62.55555125,844.5722149,61.69155434,178.943,3657.022,0
0.03124611,72.95857453,795.9486049,50.72467926,201.709,2310.213,0
0.027955186,76.81206047,777.2930451,39.38885826,209.997,2425.55,0
0.024056034,56.54717115,812.0147088,48.20912946,209.656,2492.095,0
0.016438588,55.00445901,856.2059628,47.70093311,196.553,3629.127,0
0.039525009,76.35328396,785.2206484,41.50068471,185.568,2857.982,0
0.036167379,54.36639706,838.4855201,64.69530823,155.713,4105.228,1
0.025922399,72.24277156,760.1350742,53.4781286,194.359,3707.529,0
0.02545379,70.55600564,805.526256,58.10172654,199.156,3791.127,0
0.027905703,63.95221187,790.6463615,62.58683922,188.355,2857.966,0
0.035546983,69.80277491,813.6204999,53.63536271,190.939,3216.822,0
0.026414847,73.67086666,800.3900819,61.77193578,195.305,3760.332,0
0.023675994,84.67500569,763.0436381,37.72910876,202.781,2564.665,0
0.013120013,64.63952082,832.9590058,59.41929511,210.791,3853.029,0
0.028625603,77.51736549,818.0596636,40.57357102,202.243,2800.799,0
0.025833387,69.86751766,824.0960717,40.62394246,207.522,4058.381,0
0.027901302,60.00147691,768.0174311,52.49607577,202.457,3589.82,0
0.022238642,76.51237363,829.5366496,45.2711726,216.353,1676.25,0
0.018390769,71.79206001,775.9684847,51.86302416,207.316,2712.725,0
0.021870782,64.9462965,796.1558893,48.99992776,195.695,2908.558,0
0.006489181,70.86287142,797.3106826,56.73456054,206.321,3799.496,0
0.030504213,71.30980002,779.2808551,37.18192367,197.554,2205.835,0
0.029626479,73.55873463,815.6789384,50.43482868,201.336,3507.877,0
0.017493261,68.28494972,799.0962339,48.56310869,212.511,2347.87,0
0.02983356,69.38910469,787.9189758,39.62822138,215.771,1552.614,0
0.017686208,66.24097585,792.1277674,49.44689652,214.983,2168.567,0
0.024202108,73.22827594,766.9280567,63.76615865,185.654,4197.04,0
0.021863245,87.73359943,768.4923113,45.72879809,194.503,3181.796,0
0.0183067,75.04259681,823.3191151,38.18513747,221.372,2226.629,0
0.008656547,65.08215359,795.1111918,50.55504908,222.478,2531.048,0
0.030549315,68.1745785,802.2689248,33.41613251,217.83,2068.071,0
0.019373476,77.37328275,775.4038599,47.7250893,207.928,2893.872,0
0.007343744,71.66178475,799.3209167,61.46571605,217.633,2674.324,0
,71.14744402,815.308221,58.68229604,197.542,3281.413,0
,81.85038116,752.1294881,38.03951336,201.912,3590.102,0
0.017786739,74.49324056,784.599312,45.52342171,217.426,1594.038,0
0.014919661,,802.4160802,44.49302174,220.134,2808.293,0
0.015245005,81.4430848,818.3705348,61.64036461,202.726,3282.459,0
,63.0323525,756.6632129,55.09976722,207.199,3582.144,0
0.021756674,72.93476492,768.6557305,47.97297945,208.281,2614.708,0
0.022341893,65.28674016,797.1691033,66.28058642,188.017,3070.594,0
0.020397955,82.36576427,792.2827143,50.40913647,210.879,2754.142,0
0.026963893,68.91883083,813.9701725,49.45615795,199.803,2567.815,0
0.026669808,57.27145142,810.3521419,30.72062427,218.181,1954.954,0
0.027438345,90.04488958,801.7903115,62.88892919,188.399,3991.987,0
0.024540903,72.16902466,783.0680959,51.93327776,207.595,2783.468,0
0.018683909,71.40047864,772.1830216,53.58479491,203.152,2834.891,0
0.031091713,76.14547352,829.8497573,55.71056109,176.634,3928.758,0
0.021327262,64.67255762,790.6927405,45.73238122,209.775,3251.142,0
0.02703827,47.43706067,836.4939449,47.51612819,187.045,4176.252,0
0.020837507,86.20676842,778.0742705,51.37568266,201.45,2919.625,0
0.011380859,76.52596532,796.5321824,63.34310089,212.197,2771.852,0
0.027271264,62.61571744,823.7418423,49.85949739,199.345,2895.613,0
0.029994732,61.67909661,791.1337399,56.27875229,194.468,2895.807,0
0.018954293,60.80476971,860,48.66457656,193.379,4329.003,0
0.018321654,74.28166029,786.6567742,46.32927605,208.285,2948.346,0
0.029132728,83.82326115,798.8820169,42.29089245,211.698,2954.877,0
0.019291977,75.74324397,808.0582534,42.71540093,218.688,1704.852,0
0.021029585,77.85296826,773.7380728,40.27287261,214.156,2618.882,0
0.035115498,67.59608463,834.1050048,42.61690846,183.571,4384.279,0
0.022984003,72.67931208,820.2828036,48.49863207,210.132,2461.735,0
0.018129914,93.3928106,767.1084979,41.83501584,204.46,3369.029,0
0.019772484,83.907891,817.8076535,47.60588237,201.65,4254.735,0
0.01725565,68.94560151,826.6390626,59.99732214,202.318,3269.503,0
0.020998245,72.69113077,805.354894,63.45453295,197.839,4175.181,0
0.030155654,70.09138972,803.029053,50.48308743,193.359,3242.686,0
0.023319766,68.08729647,789.6015485,48.37668812,211.688,2468.589,0
0.029146271,69.30654499,808.5910165,57.96561109,193.405,3847.59,0
0.027451811,67.81463487,802.5300767,58.7998372,195.947,2767.159,0
0.024408511,77.52554434,791.6093114,44.97547133,207.093,2566.325,0
,75.7170494,790.5561408,33.06676441,220.815,2141.957,0
0.025186371,87.17491688,740,40.97775388,189.197,3719.135,0
0.026234573,59.08632536,839.6070412,50.28461182,195.719,3285.816,0
0.023812364,,817.9280995,47.1053397,214.058,3008.402,0
0.02808109,69.2115229,806.0807931,55.33258135,198.501,2366.854,0
0.030042926,60.68385245,802.7043739,45.32100692,205.465,3166.565,0
0.034743712,87.14683218,764.3549108,48.23226146,188.263,4535.874,0
0.041003692,71.92302772,751.6425422,59.95957903,175.911,3571.921,1
0.027608451,,798.4368891,58.39471688,197.667,3044.117,0
0.025797487,64.6895932,783.9061164,45.02234044,197.545,2928.216,0
0.01672271,84.92803593,805.0296882,45.0226584,212.97,2947.157,0
0.026459358,95.56414524,788.1942796,50.95380689,202.942,3105.973,0
0.016296145,75.30605398,799.6420469,53.58659253,210.435,3387.709,0
0.016728868,78.80830164,815.3020434,51.69287786,208.442,2773.29,0
0.037890136,71.96680673,813.7038839,28,198.11,3297.831,0
0.019466289,62.53814363,830.0177818,49.98464117,200.5,4266.909,0
0.031246637,70.81234941,795.2381103,44.06246325,201.992,2916.703,0
0.035693244,,818.9944187,58.83743372,177.043,3363.549,0
0.018545961,68.75047553,800.4004665,55.05585187,209.35,3068.068,0
0.010875739,61.68360629,832.1107522,49.12212655,216.79,2876.803,0
0.026448149,75.87638646,808.332457,,193.424,3420.141,0
0.03532198,63.95997366,793.2291415,45.99404205,204.54,2845.091,0
0.017912122,63.67515661,763.03865,52.52838297,201.245,3684.555,0
0.026240314,74.22262322,807.655266,59.50107514,191.984,3268.833,0
0.022712722,68.29245388,830.2109437,55.41921095,202.316,3762.457,0
0.032412788,77.30615506,779.4438308,42.35499866,201.952,2437.368,0
0.014049587,81.39569661,769.5201433,53.28937534,197.798,3359.48,0
0.021096027,63.23107112,822.1531454,41.42429958,202.758,3556.903,0
0.020199505,70.6858037,786.9302978,51.81428837,204.267,3961.531,0
0.027844092,65.19834775,774.8933904,50.8831658,200.275,2795.743,0
0.018524851,84.5101013,810.2634312,51.44291154,205.782,3080.43,0
0.022730523,66.41189463,835.496198,54.78677638,198.322,2861.273,0
0.020508639,62.8846092,828.2288695,47.82660493,205.072,2755.516,0
0.025410772,73.46133468,789.2185659,53.60253822,195.045,3025.072,0
0.025698467,55.38328635,826.6077287,33.22039234,211.233,2266.476,0
0.016055997,50.57148112,793.4045849,49.28962842,215.82,3200.056,0
0.015697262,72.83693912,802.9216245,46.9260327,210.409,2831.181,0
0.031066787,68.87790948,768.2622574,50.01071877,194.147,2392.182,0
0.024196334,,788.902119,43.11326657,215.474,3084.481,0
0.02800715,86.87177627,762.9260344,49.32119575,190.679,3257.374,0
0.02545927,80.14168781,768.3711792,55.06286332,197.166,2991.633,0
0.007133156,83.10133403,825.0453701,47.94676707,220.832,3227.687,0
0.030191516,57.6822276,821.2276737,46.11044695,192.356,3403.67,0
0.012451849,74.84222284,771.7655187,57.09407244,207.553,3066.828,0
0.030485156,87.49684042,768.6680269,,180.384,4709.981,1
0.022481756,62.3650849,794.7598287,54.47632296,199.4,2618.906,0
0.021426749,76.13392553,824.9164276,,211.898,3955.028,0
0.019094063,67.92530843,766.8693266,46.70280497,206.395,2825.106,0
0.022533277,86.81833045,808.4255696,44.97212216,214.5,2352.175,0
0.023386534,74.67670136,811.4369458,49.6035293,208.012,2201.268,0
0.016037998,57.55809663,823.0209087,52.98441855,207.114,2636.897,0
0.017260284,74.89715009,799.0911788,33.88717924,222.387,1892.914,0
0.028957405,58.50744022,844.8232146,46.48756872,196.889,2743.117,0
0.027556487,80.75855646,797.1588521,50.42785301,201.785,3183.861,0
0.013753003,75.90390542,769.9121099,47.2198127,214.93,3000.309,0
0.028467303,55.54536724,829.7233603,38.11955617,201.095,3126.118,0
,60.6728513,777.933386,37.28881949,219.058,2400.675,0
0.009765235,68.90585945,802.5004673,53.74842223,214.449,3607.757,0
0.03009791,73.45343409,822.0707136,68.47875538,179.238,3822.912,1
0.032670376,65.24056087,804.3214953,65.30363846,176.823,4179.178,1
0.017362778,69.01126003,776.1779575,56.8960004,204.409,3021.579,0
0.032320837,66.77489311,824.9050175,53.2388407,172.796,4181.371,1
0.01673876,60.85691197,781.0105289,28,227.81,1397.739,0
0.024577981,82.40587426,784.2698768,44.62470381,202.542,2620.395,0
0.026423888,66.49679671,809.4697996,38.72144457,205.109,2687.923,0
0.02446675,78.30371321,846.0468218,49.92964248,198.102,3788.504,0
0.028496496,60.77080247,825.0003172,57.96392226,189.497,3937.241,0
0.020118581,65.46426994,839.404794,56.5954165,201.231,3668.313,0
0.045952853,72.01991994,764.3906487,49.33240973,163.999,3879.959,1
0.021243876,77.11422817,829.0190041,48.84777872,206.479,4716.498,0
0.02174087,86.20587005,826.0876242,46.83804684,198.831,3269.527,0
0.014402146,69.56443688,807.91294,43.16992622,221.117,2188.26,0
0.043591642,81.57385805,767.9684401,59.00035137,180.577,3385.984,1
0.025611036,84.46731942,,53.59982673,197.197,3182.939,0
0.031545097,62.31328895,809.1624061,51.42992771,193.389,3406.344,0
0.02475683,76.95846441,768.4225513,55.69581618,194.01,3301.319,0
0.020709932,73.9140618,796.6189848,49.65493128,211.436,2492.698,0
0.034517208,76.84410732,740,44.2809875,184.167,4482.579,0
0.025775794,62.77852014,764.7670903,58.63103231,190.961,3939.184,0
0.015361292,61.0548543,782.3063731,66.07004309,199.629,3329.08,0
0.020493525,,769.2618002,49.16033475,203.867,2695.39,0
0.038588296,65.85146517,799.167931,45.34622921,200.514,2479.806,0
0.029867852,61.19307406,803.2188108,51.1193945,197.628,3105.834,0
0.018531429,70.73530428,803.144232,50.20102969,215.597,2331.602,0
0.019099243,74.60540773,808.4459404,52.76581264,206.557,2435.392,0
0.042849485,76.75118949,746.6119313,42.12004058,175.648,4101.964,1
,68.92332701,806.9804293,51.90880633,198.505,2695.501,0
0.026657378,80.54368057,765.3275444,54.06463284,201.239,3533.993,0
0.031440879,73.97727719,803.7433413,54.25703499,190.102,2718.859,0
0.030247738,79.816018,823.6237045,51.53936894,187.587,2468.716,1
0.023703228,71.96309804,749.7859849,49.86369689,187.779,4390.169,0
0.038582481,,796.5762954,30.68713719,205.481,1830.068,0
0.029470999,72.107865,792.9606151,60.18306215,191.634,3551.512,0
0.020378131,94.23916076,789.4836395,69.0956144,186.055,3989.988,0
0.031064039,71.03721781,806.526006,44.41055651,194.071,2972.632,1
0.025283752,78.68093393,752.2131645,44.19187922,207.368,2835.223,0
0.016663462,73.98464649,779.2426245,51.98358049,206.371,3166.869,0
,76.97763652,791.9776705,46.27385468,188.951,2654.503,0
0.035458356,76.21296579,817.5120804,65.2232597,174.597,4668.422,1
0.023108498,86.116131,745.7260628,41.89852919,187.822,3669.434,1
0.03114639,59.43022173,808.1068148,65.38356955,181.506,4450.935,1
0.026779409,76.41528708,,48.28499912,202.03,2893.38,0
0.029203838,81.50539877,792.7290566,61.81914932,192.31,3186.651,0
0.029572219,66.77736899,798.3841234,43.80391951,213.356,2003.17,0
0.015147041,56.12341851,826.1415004,50.56335302,197.588,3060.623,0
0.032595626,73.43638277,798.0628665,42.6579717,214.765,2223.429,0
,67.87393479,834.5268909,51.68533502,204.399,4165.751,0
0.018935809,84.48202277,794.2743519,58.87335849,204.107,3549.74,0
0.026286343,67.08408638,797.5939088,47.39441512,212.833,2564.111,0
0.023538731,68.7254889,809.0798134,50.73883231,196.098,3713.831,0
0.0367484,89.84827387,769.3584548,49.94306516,179.55,3952.252,1
0.039322607,77.38572915,804.2457365,59.77382933,182.621,3901.359,0
0.023392292,81.44717076,790.2522534,50.45928057,209.73,2767.189,0
0.012093215,66.23023088,773.3454342,45.3014339,210.05,3149.081,0
0.029039723,70.22240341,796.4053251,55.29102552,190.212,3811.423,0
0.022011915,71.55142517,770.3298818,53.14701496,194.931,3299.948,0
0.022104543,74.33022462,818.3811072,55.42819161,195.4,3802.674,0
0.023461559,72.48834528,752.292946,55.83863031,185.931,4578.01,0
0.022566112,67.36756584,768.3667425,52.13388934,198.211,3506.701,0
0.037031251,80.11537508,790.3703128,47.86869173,194.995,2813.987,0
0.023330774,76.26673369,789.0706518,48.95979151,202.268,2466.745,0
0.02296194,53.14334933,765.5086913,54.41487017,192.126,4459.855,0
0.026951663,74.06338154,792.6977331,58.21524597,202.433,3939.024,0
0.02312466,86.15834294,797.5419766,36.24671093,219.198,1611.841,0
0.029880397,65.94601367,781.8156503,43.58704927,202.902,2902.049,0
0.027828604,86.58972457,766.4671372,43.03027142,195.662,3487.007,0
0.032149738,71.25109225,806.7641587,40.37842731,205.732,2579.055,0
0.0298877,77.83290568,806.5024824,51.907107,199.835,2752.857,0
0.013838898,79.30731357,824.5986751,56.15885514,205.689,2924.77,0
0.022953386,72.20767681,777.5540688,43.71218714,213.281,2464.089,0
0.019307655,70.66980555,812.3556837,57.72136394,204.205,2958.711,0
0.032669835,61.3882177,860,53.47207859,166.481,3842.399,1
0.020652617,71.36890549,847.0812504,64.21746272,185.473,4327.634,1
0.02026988,76.52430425,785.4429167,,203.055,2908.097,0
0.040292575,71.2047867,821.0071182,46.17533554,183.17,3784.049,0
0.022423359,69.93815652,824.5413062,42.05041698,206.133,3220.777,0
,86.13241518,782.6023722,53.98338347,188.923,3337.379,0
0.02468139,45.26395767,843.1144768,46.05712185,185.774,3699.978,0
0.022084429,72.70526393,813.1680382,48.61703134,205,2854.3,0
0.034876332,82.67887452,771.8686435,50.45197354,189.725,4052.814,0
0.018461051,68.4996958,807.0070044,51.2675844,203.36,3169.72,0
0.022523333,72.56689401,820.7923642,51.0549905,208.639,2497.427,0
0.012213676,83.93491438,758.8754438,36.28411284,213.229,2966.233,0
0.024293506,80.76277281,781.319326,53.12363946,200.636,3448.831,0
0.023221174,67.38493775,789.7559783,56.18031846,208.799,3366.234,0
0.011601957,82.56655722,837.287291,53.37831215,210.34,2415.225,0
0.02033169,77.41932598,782.2393889,56.7704325,208.454,3228.368,0
0.029514323,69.73837652,809.9126766,42.45856068,211.787,2827.016,0
0.033415547,81.7370734,792.2638631,54.80767428,196.102,3056.068,0
0.005,70.21015342,756.2513561,54.83994701,205.055,4364.52,1
0.029613969,80.75923362,789.380222,40.26717028,200.543,2736.634,0
,74.85002105,792.5773878,35.10012198,213.548,1579.563,0
0.020860373,58.01836369,843.7693409,42.5514121,201.986,3232.191,0
0.024764588,74.99900569,808.9086411,45.68371854,200.873,2651.85,0
0.017290144,82.00030626,809.0401006,46.52639653,221.601,2586.854,0
0.023528541,67.95496202,789.3347106,44.80589664,197.596,3112.72,0
0.02150198,82.6200061,784.3269408,54.63425577,197.198,3798.3,1
0.033002837,58.73140284,828.1641401,49.68720863,184.805,2899.662,0
0.022185679,82.02449213,770.5948722,45.03585103,199.887,3084.874,0
0.01886944,73.89064081,801.7797716,58.27028934,210.853,2920.038,0
0.024760537,92.70012871,759.8431854,48.44016091,193.025,3761.569,0
0.021180714,59.64833498,746.9790178,55.05019784,188.078,4337.673,1
0.033532227,78.39400991,795.3098078,50.10684473,199.571,3168.684,0
0.013410449,52.97127927,840.6974446,53.57329212,194.854,3937.173,0
0.032006932,45,813.4642846,47.55104761,182.461,3437.511,1
0.00984736,77.07973747,793.8492271,60.32823244,216.254,2635.148,0
0.023210776,70.48374324,816.1684134,53.23985855,202.362,2967.286,0
0.036172862,77.0424827,814.4881974,32.24420593,207.798,2851.563,0
0.020487602,75.45667205,820.3134462,50.67729025,204.693,3369.784,0
0.035922084,69.85611345,786.2367689,56.49388568,188.759,3831.584,1
0.030309359,67.95237749,815.5213663,,197.891,2251.613,0
0.005,67.97522035,853.3692619,47.18187972,209.458,4170.144,0
0.01267028,,776.8042221,48.09250919,211.489,2958.115,0
0.030555129,74.51605439,778.2737872,47.81036803,199.392,2290.005,0
0.017249514,75.37939112,743.2987182,49.64003834,200.374,3705.742,0
0.028370948,85.60529984,790.1472391,44.846334,201.295,3020.493,0
0.035304727,,769.372234,47.16329962,191.235,3713.183,0
0.015253358,70.71785567,740,44.04013649,195.487,4122.387,0
0.028916423,60.45332898,831.5941657,59.07031418,188.95,3568.731,0
0.033873865,65.82002791,825.0456108,48.05904762,191.087,3163.234,0
0.009376248,69.55185406,796.0797865,55.91754007,221.111,3056.989,0
0.028718849,66.40301691,818.100962,54.32904671,187.271,3883.324,0
0.039655527,82.01737194,752.1423685,39.49465825,191.599,3332.96,0
,65.21831486,835.4893948,46.31178976,201.898,3495.927,0
0.026753459,88.13795317,761.3703577,47.75945098,197.204,3103.137,0
0.019809699,69.24470879,787.650151,61.02188989,200.162,3668.499,0
0.006559771,66.77310335,830.2842714,32.45965207,230,2047.096,0
0.013389525,66.84202363,805.5732436,62.17360362,204.541,3006.738,0
0.013278379,73.25014749,812.3541453,45.30787479,219.784,3059.615,0
0.025469204,56.91559987,831.3140771,65.14439108,188.044,4142.278,1
0.016430875,59.06960789,811.2516901,51.16411844,216.645,2762.462,0
0.021597742,64.83318603,806.0229438,47.43567697,211.583,2661.514,0
0.030520874,86.8249247,769.9089311,49.13413329,187.282,2955.386,0
0.010339143,74.42397573,841.2220446,52.87165153,204.87,3484.675,0
0.018783748,78.07097715,825.1349093,53.75488528,206.827,3028.688,0
0.032811371,74.14738032,821.6272659,60.13043646,170.911,4150.552,1
0.015845075,64.32173136,797.5768858,61.28129596,204.274,3261.784,0
0.041192532,72.05516254,829.4425873,59.9030695,165.912,3281.759,1
0.02375998,76.89352881,809.9849169,42.82005623,198.063,2741.341,0
0.027302957,70.68277067,830.1788196,35.14551678,210.968,2208.817,0
0.028390648,84.00411707,805.2237614,51.69168122,200.507,2833.846,0
0.018463231,78.50880994,816.336881,49.55451958,207.705,3656.37,0
0.031409092,74.51260708,834.268055,49.2967481,186.524,2752.208,0
0.016725057,71.55577384,777.666276,41.54090604,214.543,3077.582,0
0.032253379,68.23478798,800.556988,53.59852261,189.542,3173.374,0
0.023106961,78.48928951,822.90587,49.84078663,194.044,3936.839,0
0.020008339,80.09735448,812.6493722,54.06927634,200.92,3400.92,0
0.026357762,67.30429867,758.6069965,35.94818623,206.058,3415.516,0
0.025338248,74.48578234,804.3038223,57.63478663,202.815,3212.161,0
0.017698191,65.5408901,740,51.68691682,187.505,3685.129,0
0.019869975,72.96405885,800.5981793,40.87834515,225.326,2186.168,0
0.025638902,78.12837899,772.4098533,36.12310802,210.282,2547.069,0
0.03290283,58.25373872,837.4532334,39.58452344,193.324,3001.658,0
0.014352277,64.62459546,769.8529666,43.17649746,214.957,2240.24,0
0.0282904,55.95810685,798.4101668,55.99812443,205.136,2978.853,0
0.023611062,72.55899446,752.3568033,56.00118611,193.609,4176.829,0
0.024354751,80.97290999,802.6596676,64.02118044,197.955,3854.434,0
0.024257487,68.02435793,782.2292528,54.44729625,197.268,3499.414,0
0.018469956,65.33592827,802.0728742,50.75575993,220.587,1895.679,0
0.025780043,71.48126045,794.1004596,58.80296545,191.082,3645.049,0
0.018260304,82.77607394,819.2688041,42.14472123,216.152,2597.591,0
0.027407548,79.42853104,764.1080605,46.63593325,200.023,3331.741,0
0.023993486,66.48013757,815.594429,52.39134522,201.371,2819.474,0
0.028727857,52.66110959,825.3376018,42.67819423,195.53,4264.365,0
0.017896771,70.87903233,819.6576295,50.60319635,209.375,2623.978,0
0.027765081,87.07068321,798.9244586,56.28959415,192.661,3293.829,0
0.019397299,70.54199731,762.1873428,51.00932157,192.308,2714.999,0
0.029602932,52.31310271,860,,171.772,5249.506,1
0.036653532,75.6734354,766.1007207,32.05737903,198.633,2796.19,0
0.017655875,66.11783526,820.3771836,49.9846528,203.893,3209.748,0
0.027072583,83.06746368,797.1583164,44.69460999,204.627,2309.599,0
0.028849126,66.23267816,817.1941496,58.16977831,196.701,3531.791,0
0.030945927,82.70014165,780.4638533,65.10339177,188.924,2743.883,0
0.035164921,55.15489115,828.4221534,44.22404368,188.301,2740.152,0
0.018648816,,833.2381649,47.50688453,205.929,3158.22,0
0.026308412,98.74807444,761.7624002,46.78996049,185.032,4616.3,0
0.017591704,66.97542875,780.6162466,53.37973939,203.611,3426.799,0
0.034723085,100,776.1256441,54.24978583,181.974,4203.708,0
0.031009839,80.17161272,835.2048894,37.20040533,199.198,2697.93,0
0.027638759,71.75255842,797.1230235,50.95299143,200.896,2352.814,0
,73.74370121,801.157547,52.07430113,203.082,2569.133,0
0.022674794,57.83586519,817.4972952,49.52766226,210.433,2443.811,0
0.03266421,64.57928924,813.0491586,,186.664,2788.356,0
0.027330662,64.76851163,823.4699169,68.87817547,184.681,3784.049,0
0.011621478,78.72770003,792.7686632,33.6421739,227.006,2328.834,0
0.02045271,74.83621371,808.4221232,43.27240689,214.4,2236.741,0
0.021679135,70.39183833,840.3742571,49.23293118,203.659,2954.039,0
0.018975258,82.94378413,810.1782878,53.88242626,199.755,3692.166,0
0.026511605,75.2338544,771.8664641,40.89338618,203.208,2578.549,0
0.009461876,72.75997961,810.2955922,47.67947381,223.843,2427.006,0
0.026668421,65.602157,817.5171317,56.16559026,199.783,2575.221,0
0.028613409,68.0439287,832.0631211,51.83568292,193.872,3396.478,0
0.022215235,80.2305889,829.1922285,44.67950624,210.549,2448.173,0
0.009625385,82.2551222,801.5185319,41.87186776,220.87,1874.718,0
0.017904196,74.68381017,838.6075579,43.4962078,213.135,2988.474,0
0.026138556,67.41490924,818.024306,43.40695423,206.267,3086.506,0
0.019345168,73.63533688,814.510233,53.30313116,207.554,3442.636,0
0.024475491,86.72999779,815.2995734,60.1261994,197.937,3833.512,0
0.023120626,82.79838579,820.6487916,52.97860448,202.431,3330.517,0
0.009902423,,777.5744261,45.13408217,223.425,2955.573,0
0.019528681,67.88642911,786.455049,55.41291641,201.153,3679.611,0
0.014790594,71.75044464,750.488737,57.81332296,200.767,3959.186,0
0.019438451,70.90370573,822.7158937,38.0156818,210.707,2053.374,0
0.025555509,71.2904078,768.3189731,,209.749,2537.2,0
0.01996837,80.05463233,768.8979192,46.65385288,208.518,3068.418,0
0.021216606,74.21945663,792.081376,58.16706257,193.309,3358.853,0
0.017036175,71.80177119,841.2259597,59.6661026,189.473,4551.914,0
0.019891588,78.18210295,741.4175305,42.68338977,199.934,4036.901,0
0.016002207,84.61566243,790.8715291,54.36635008,193.644,3912.85,0
0.026328425,71.37914449,763.2474574,53.88098047,186.893,3494.405,0
0.022728436,60.17923711,814.3800192,57.72903745,194.967,3750.678,0
0.025588763,76.52243608,798.7009808,52.64415623,202.978,2862.445,0
0.030107943,64.47993576,766.2514086,47.39005055,190.718,3660.231,0
0.030621796,94.29469719,775.2546471,63.94897494,177.325,4005.303,0
0.016952751,79.50943422,765.0379605,41.77196607,217.588,2660.829,0
,77.99146588,842.1273574,46.4689415,199.191,3211.414,0
0.023167618,46.56570681,856.2227704,,176.762,4360.911,0
0.013077553,74.94861349,813.8686996,48.70623198,222.481,2575.605,0
0.019493102,67.31874544,793.7957565,52.27124801,206.367,3164.507,0
0.035316645,74.76020816,806.2426493,50.44964522,191.307,3344.397,0
0.02088557,75.89119302,796.5063359,56.25702591,202.847,2779.747,0
0.025175942,64.9081742,742.6288543,56.60536763,171.35,4787.989,1
0.027211888,82.03103513,785.9802789,31.92628898,211.602,1790.267,0
0.028896406,71.0979808,785.8622704,47.9586866,195.437,2651.38,0
0.024075659,77.01459162,839.612622,47.77522966,200.395,3309.6,0
0.028880487,59.9902758,784.1444823,37.60594259,209.224,1912.197,0
0.02292931,69.73042581,817.6771067,47.91817096,205.878,2551.009,0
0.030033833,64.01532915,821.0297063,55.67729493,189.411,4143.863,0
0.021760372,71.74399049,804.6049017,50.52426065,207.69,3333.924,0
0.016543108,75.54697317,805.1148349,72,191.459,3903.73,0
0.01406054,80.52612813,757.7492868,50.85724058,188.32,4292.969,0
0.008355336,56.07834679,834.8511557,50.51182169,216.361,2804.477,0
0.021011714,83.48050421,809.7773977,55.63352276,203.128,3149.176,0
0.031056867,71.88750326,760.9432616,50.8145649,187.72,3350.452,0
0.035622698,67.54653175,843.5979384,57.49120334,158.829,5496.508,1
0.037798797,72.04706539,825.2195314,59.10365416,175.829,4282.1,0
0.019186988,59.31448314,800.6797335,52.12422919,205.81,2609.701,0
0.017212318,73.26587152,813.4349693,58.02781033,206.389,2729.048,0
0.028472894,70.09920188,820.8399357,63.18489729,186.188,4484.229,0
0.025415677,81.99805121,770.5147429,52.85405032,196.958,3652.969,0
0.016838543,79.35227652,790.5433114,37.315173,216.395,2724.294,0
0.013448656,65.97606778,778.6592526,60.45599643,197.029,3361.226,0
0.026623576,64.25124743,813.9308277,52.81602363,195.18,3083.425,0
0.023548674,55.5003992,797.2579116,44.05856916,206.758,3525.865,0
0.021276344,67.11967679,777.7533832,43.38925459,217.96,2731.261,0
0.016897564,63.63026648,845.6238995,53.92485522,197.04,4015.886,0
0.0402125,79.80786891,796.6972797,51.48842275,189.951,2857.801,0
0.025864769,69.64940304,790.9374025,41.81081791,216.016,1770.786,0
0.024098621,49.57615812,811.6947887,69.94191093,179.565,4063.069,0
0.038829262,61.65454914,860,50.56108415,151.667,4143.851,1
0.024335483,73.34368849,830.2331759,46.29244309,206.407,3596.018,0
0.022502808,84.33848905,823.3653926,,210.283,2680.68,0
0.021143064,62.04801389,822.7573337,59.52480543,187.48,3708.672,1
0.02311297,58.79674472,818.221679,37.55328471,206.474,2853.097,0
0.024994767,65.85502936,841.3902357,50.41321372,194.678,3177.532,0
0.025196655,71.49212267,812.8820968,42.74450412,216.912,2494.034,0
0.031971662,75.75169174,803.485449,41.19547734,193.819,3194.28,0
0.034420877,86.69883916,761.4409137,41.62232992,182.725,3940.093,0
0.024538167,84.46459833,840.2424544,52.14219358,191.128,4326.401,0
,71.78308444,795.8807782,60.26234285,185.065,3700.069,0
0.029861694,71.45700298,796.4182408,43.75047179,206.365,2748.008,0
0.024910268,69.64149574,,48.823412,207.438,2714.676,0
0.01844298,68.1163372,807.9153397,55.57129513,210.131,2867.95,0
0.009873814,65.40105487,807.6470998,44.11398408,219.81,3465.662,0
0.018979812,66.84310328,765.6278238,46.20735621,208.764,2284.104,0
0.034286052,71.46960308,783.4638067,44.18460033,198.677,3314.95,0
0.034603505,71.40291237,788.9991675,39.82515852,202.576,2134.006,0
0.020246269,71.48528466,822.8201272,57.39759357,195.864,3985.741,0
0.019002942,68.52659262,807.6197826,42.5094298,218.134,2252.852,0
0.030583627,85.91597371,762.5594463,64.59903214,184.183,4098.537,0
0.016360616,67.01115996,766.5521007,55.77761367,205.639,2870.169,0
0.021378692,58.89993835,761.5608667,48.23475141,199.062,3726.218,0
0.022899704,78.62497413,814.341489,47.5610571,206.93,2573.624,0
0.015821754,,800.7625675,57.67045325,212.262,2412.138,0
0.013257979,64.7711467,815.011335,40.99821192,223.262,2965.701,0
0.026986785,69.46509884,804.5350753,47.45061528,206.186,2412.991,0
0.040246279,74.39694407,810.1909501,71.91603306,167.066,4654.486,1
0.025310787,76.60162523,798.4715604,40.80672568,210.552,2226.41,0
0.00772493,82.36943554,780.1761206,41.25956584,220.632,2695.45,0
0.031630138,81.22901573,,39.77032026,207.072,2598.917,0
0.016124525,70.57969169,775.9800142,59.88626314,198.926,2994.415,0
0.027812637,69.16562109,762.3090562,31.28201507,203.371,2933.182,0
0.023282177,68.40363046,763.8633413,55.30020904,197.963,3090.467,0
0.031748553,72.97318418,759.65886,60.82075128,174.239,4700.36,1
0.028930987,68.68709684,777.8014553,53.16138514,193.695,3180.765,0
0.024392357,69.30629617,829.0104985,38.52622234,207.477,2079.95,0
0.01631442,69.65924441,809.7852592,53.75781872,210.403,3536.561,0
0.017537996,66.59593227,813.8684184,60.46332499,194.847,3181.143,0
0.021857799,69.26245901,789.6765796,33.97749009,219.073,2606.217,0
,56.73113677,812.6430586,48.08423148,201.896,2919.092,0
0.021499467,85.16689604,772.3389687,63.60634207,192.578,3995.796,1
0.025792669,63.07636846,807.0579231,47.13975913,209.814,2260.016,0
0.031979894,66.24002878,833.1565857,41.72711088,203.665,2522.14,0
0.026312221,85.30389575,826.8612552,52.02563608,196.467,4255.482,0
0.020317829,77.8761904,803.2584411,59.33030645,197.668,3462.394,0
0.014954467,74.6922353,802.8348243,47.43216128,221.113,2064.269,0
0.028361506,72.27994471,764.3243593,55.07768514,200.013,3786.878,0
0.030997637,66.70923187,809.743588,67.59078283,187.024,3380.134,0
0.03433325,71.3236252,796.8331554,48.8053181,199.174,2817.248,0
0.018002857,76.39421221,808.1306071,54.57676579,214.925,3144.448,0
0.016394945,,793.285628,44.97273777,217.754,2570.936,0
0.030573246,84.14938026,742.7463617,,176.862,3895.069,0
0.02840596,,806.4990943,56.88494018,195.127,3269.426,0
0.029781258,78.61057261,747.8605931,68.21230952,173.863,4710.779,1
0.018809447,63.93821867,800.213895,48.24270662,215.231,2349.429,0
0.034640369,69.12951382,823.8937048,61.75010996,183.535,4473.917,0
0.030548469,74.6667993,774.1898897,57.79726153,189.794,3137.915,0
0.020897244,64.34833134,793.3988317,58.08050957,200.737,3227.769,0
0.023493912,64.23596027,792.8015666,45.12717485,220.29,2534.159,0
0.022036435,56.69289436,860,61.36022334,176.749,4953.727,1
,76.78074848,797.0158669,43.28915112,222.335,1866.037,0
0.032219041,70.18866175,813.7011168,54.26601617,194.992,3056.204,0
0.024572664,,782.8040184,54.85642748,193.861,2986.629,0
0.041659405,,840.4897326,59.63606041,148.083,4738.476,1
0.022354296,72.00263075,816.4194617,66.97339988,191.676,4252.391,0
0.026046004,,754.3323961,33.67312919,209.361,2387.238,0
0.02691612,61.90059643,829.0281136,57.10165005,183.339,3550.055,0
0.017040303,71.00122926,791.7589641,59.67616562,201.097,3798.896,0
0.021832214,45,857.6597499,53.35038263,170.485,7314.83,1
0.028306006,67.94976716,817.6957167,59.83459945,193.654,3744.29,0
0.028720191,72.87466463,803.7086186,43.98370997,204.425,2854.702,0
0.028951421,66.1962136,844.0865063,53.8590899,186.988,3590.532,1
0.022161446,57.38274847,821.4727924,58.95269668,201.163,3368.827,0
0.015974321,78.92815237,833.3205377,39.83000672,225.528,2365.868,0
0.036540157,70.42828827,827.1083522,42.33232715,183.57,2051.644,0
,51.41145226,812.3285285,48.95684609,199.794,3170.972,0
0.022387286,69.1722439,795.216892,44.72401843,212.018,2701.636,0
0.022455806,64.19627126,753.8920571,52.07689078,188.185,3925.362,0
0.025066324,66.81634044,787.3858376,49.57910326,208,2919.755,0
0.027483036,73.68129951,808.7840663,42.53419559,213.426,2838.193,0
0.03424777,59.19530515,839.8895722,58.17235093,173.221,3965.494,1
0.037534381,75.68679968,799.9765598,49.35114275,194.633,3342.604,1
0.027669093,63.71907474,793.7219931,40.816777,207.669,2097.536,0
0.028065146,71.62138022,784.0525136,52.81969998,196.275,3099.824,0
0.027582986,62.85495323,793.0132927,55.8891541,192.901,3246.53,0
0.023598054,89.89084651,759.2119624,46.2204783,197.694,4280.266,0
0.01899243,67.59512177,817.4346654,,203,3804.509,0
0.034789504,72.32747917,762.9867871,50.52786642,186.327,3677.185,1
0.014527737,76.78491685,,60.16034347,200.664,3216.343,0
0.01448079,74.59713595,801.6622656,48.68124495,215.072,2753.309,0
0.016629249,64.32529731,826.1829473,44.43456704,211.931,2755.121,0
,87.3981062,781.39559,54.23061995,200.806,3545.995,0
0.033735595,82.85446764,772.7363964,32.7340027,203.879,2392.232,0
0.022358157,73.94089284,806.1853239,43.85085756,214.021,1878.341,0
0.02568833,82.1717231,802.7102665,51.69690961,207.965,3053.367,0
0.022746222,64.16899375,800.3682615,69.41334207,201.86,3561.035,0
0.019497091,78.12259634,789.1411473,45.8670019,210.221,2763.305,0
0.021786359,68.66076144,800.1473971,63.55012993,195.752,3621.741,0
0.038787455,78.67027504,788.3245212,39.01559472,196.999,2156.179,0
0.027771999,58.80064641,807.9310858,44.39167341,203.863,3483.064,0
0.020691888,78.09150212,806.1425577,44.01048901,211.332,2653.313,0
0.025126175,78.76533927,747.3634752,48.89694249,179.61,4767.245,1
0.02287417,77.16709588,785.426723,52.32106662,197.203,2378.764,0
0.038202771,64.81602618,792.3976275,58.46267815,177.321,3617.156,1
0.020260752,88.38783821,740,43.44740269,193.677,3575.797,0
0.019197814,56.22840678,822.8856679,56.33199146,198.041,3401.216,0
0.021385413,67.76759117,808.8325418,,205.105,2858.488,0
0.020448885,72.66798347,819.8347751,42.81585797,207.758,2692.337,0
0.010368003,62.14386939,778.7314927,53.74091861,220.249,2665.437,0
0.02429058,62.26398522,836.4596925,56.05694695,187.72,3600.47,0
0.022921097,61.08124958,800.1757493,54.45917246,200.332,3094.558,0
0.025909403,83.70659637,814.7675213,46.61853612,200.419,3044.388,0
0.017050177,61.2422535,860,49.66465614,193.572,4375.493,0
0.031754781,60.13710603,799.3803095,35.92072902,214.785,1795.903,0
0.032376543,99.76490156,747.9854555,45.1564041,168.044,4722.805,1
0.028500776,83.26621546,796.9782958,51.36019451,196.757,2630.215,0
0.028637901,62.59810994,779.8603755,50.56396983,190.291,2916.202,0
0.005,73.09854662,774.5154736,60.43464106,211.189,3127.895,0
0.01964151,63.0516912,798.0747546,60.56728002,197.57,3844.894,0
0.033059996,63.55556725,780.6881959,44.80701503,193.693,2765.435,0
0.020812667,67.48803196,832.9479641,44.05503674,199.675,3182.898,0
0.016489896,74.89291102,808.3640583,35.49929307,222.916,1926.859,0
0.024917044,74.97135155,775.1132703,45.51280727,198.213,2827.325,0
0.022666879,72.81751354,787.564138,28.03508908,222.875,2027.594,0
0.031026528,85.87991508,825.3468895,47.38701333,196.875,2900.994,0
0.029433816,71.45285065,798.3285985,56.50606143,188.961,3524.758,0
0.030372195,77.83541582,,40.15791882,200.59,1984.073,0
0.018691242,79.76699858,762.8523637,51.34564646,204.034,2870.981,0
0.010598297,62.08691833,784.8336231,52.94408029,214.158,2886.809,0
0.029609502,84.89570693,740,48.10380902,180.361,3824.074,0
0.024237286,67.80837646,774.0452537,52.50532486,196.784,2498.49,0
0.028304097,63.19795339,799.3458062,55.86442874,195.05,3996.295,0
0.021998246,72.93856785,,54.34141077,204.554,3584.047,0
0.027159377,76.26680411,787.0143684,50.53744888,199.061,3041.531,0
0.027775092,65.63316498,859.5792258,38.97518927,187.585,3642.121,0
0.032278871,66.81816165,758.887258,,184.47,3668.177,1
0.026193918,84.89974247,769.5110329,41.85609021,206.439,3436.802,0
0.027499595,80.54916999,,57.21893934,190.094,3222.937,0
0.036403868,54.2225727,,59.69399126,171.823,4733.53,1
0.024369264,65.89181993,807.4867034,43.03701061,209.641,2393.827,0
0.024989232,85.58826436,788.9625468,40.40791686,204.282,2512.586,0
0.024981124,78.33624876,772.457758,44.97344012,201.186,3470.839,0
0.021295908,68.88478976,784.2868177,,216.214,1690.883,0
0.022214931,63.65760811,828.3875825,33.34207005,222.014,1960.439,0
0.027000901,68.0262839,821.2115678,49.24124314,198.679,3731.588,0
0.034869401,75.49146825,813.9013487,52.24965165,188.999,3388.17,0
0.013235471,85.97165837,,52.58327384,213.242,3380.658,0
0.0229945,63.14187967,797.4249396,52.05427025,206.297,3084.416,0
0.026534754,73.82539971,794.2084477,65.11503637,185.056,4208.656,0
0.024065346,67.23290888,752.6698117,58.98481688,188.725,4204.991,0
0.020045492,74.80409309,780.5392885,46.0951298,203.985,3215.313,0
0.026941851,66.30685804,798.1359073,57.91251697,195.262,3457.839,0
0.019448735,56.28636203,802.6375933,51.5665471,203.442,4028.254,0
0.029178063,66.48679836,796.0084873,37.51706021,214.977,2493.104,0
0.02109289,70.96370517,783.020734,42.85814233,216.179,2162.891,0
0.029497534,77.24067737,749.2148331,43.47770857,187.671,4374.699,0
0.022362164,65.41504955,796.1507146,45.91647321,211.215,3192.471,0
0.022660191,70.03656346,751.6860273,49.03385139,196.041,3891.854,0
0.027699948,54.26907617,802.1803715,38.23004772,202.727,2375.279,0
0.017959569,72.71135705,768.1144465,32.98321965,215.061,2620.842,0
0.023275327,67.50083938,804.7227538,44.1543002,216.703,2034.172,0
0.030992022,73.58293644,805.8104778,42.18891834,204.918,3064.222,0
0.018612972,83.36211681,803.7512193,49.60925131,204.262,2670.741,0
0.018961362,70.3497337,798.2897692,42.12761182,220.347,1732.491,0
0.025855425,72.33927005,760.8557666,66.24298393,176.327,5078.973,0
0.022053326,82.11002434,817.7003193,42.42349738,208.906,2801.84,0
0.025732217,70.7651061,798.0715806,46.96078541,210.675,2405.729,0
0.018205978,69.47440527,825.6570167,56.42651379,208.023,2988.886,0
0.018370178,75.77740984,797.0159701,61.85388476,203.558,3344.255,0
0.022098667,74.27888027,806.8202785,45.68378024,211.774,2219.105,0
0.039060682,81.4799794,818.8536209,58.63190912,171.108,4516.861,1
0.012248376,77.14956148,760.7364035,50.37301474,206.624,3256.642,0
0.034697395,71.97064734,774.2800763,38.15829871,203.86,2829.049,0
0.020401682,75.22212244,763.7853344,55.81117211,199.942,3078.701,0
0.016797586,56.04703482,842.5945714,,202.163,3060.693,0
0.020185752,72.93081857,811.9915071,50.88144462,203.513,2722.496,0
0.01989195,62.84955096,832.6108769,40.62593318,214.41,2467.208,0
0.034696855,73.93153315,756.555128,38.24267646,192.26,3338.574,0
0.021072515,80.59918432,801.3166052,44.28803922,212.151,3244.206,0
0.016442665,,755.463734,58.08625107,190.788,4109.035,1
0.033658746,61.05436631,805.2471108,66.35858599,179.751,4108.5,0
0.014726806,74.09354074,798.1906438,,207.864,3088.911,0
0.022204575,73.62642853,817.8635673,61.41061582,193.55,3984.792,0
0.029864416,83.9067009,782.0783628,,197.143,3714.384,0
0.029955757,79.96641834,760.2178003,43.97500485,194.493,4033.153,0
0.030086651,87.61332939,767.5431471,46.47928792,194.689,2987.801,1
0.014103472,72.25768174,812.9750966,43.87529669,215.206,2969.627,0
0.020701713,56.08926173,855.5220945,44.07736507,195.774,4082.492,0
0.018916939,71.62402358,839.5535456,64.43144387,185.14,3776.903,0
0.017972267,86.46626478,,49.78856036,213.598,2477.87,0
0.025070602,77.24077655,843.0949557,43.2761187,197.478,5316.796,0
0.017017397,62.42868006,796.3679643,52.42994002,209.618,3027.137,0
0.026800365,69.25854448,805.3234474,51.60374177,205.699,1900.545,0
0.016876823,57.15351621,817.6680794,45.48157319,213.475,2545.566,0
0.023702863,96.18501129,787.6512252,48.92936114,195.884,3291.636,0
0.023661,58.8260456,845.348253,50.04258405,189.372,4394.299,0
0.014740466,77.72562341,819.0179651,47.46701756,212.457,2858.607,0
0.019837409,67.82237318,803.9792389,39.9851823,216.589,1661.535,0
0.023287586,74.92428112,,54.96603857,183.398,4771.899,1
0.038194068,66.74892974,815.4628888,51.89016616,184.744,3122.095,0
0.0242957,69.39487594,824.6909715,57.41781189,199.037,2912.719,0
0.015719305,77.73765343,766.2003262,48.57318852,211.582,3016.168,0
0.007086572,59.74301823,,52.52273614,222.599,2142.659,0
0.019025519,72.2917146,797.6801275,49.95385963,210.694,2547.221,0
0.028037686,92.86635673,792.1419512,51.28753709,193.631,2943.215,0
0.031592783,66.95833123,809.4119086,54.99354491,189.318,4081.415,0
0.01727071,77.68655844,775.7340762,61.81446905,209.435,3318.608,0
0.018614883,69.80048455,,42.94697854,217.301,2791.698,0
0.019433284,66.81963964,786.2881294,56.3669759,207.1,3001.941,0
0.02778411,92.4371114,760.0467176,56.27007814,183.107,3999.688,0
0.0402517,73.01113281,782.5556643,44.06024352,192.093,2977.3,0
0.023621527,66.78293461,802.9961632,37.67141603,217.306,1935.552,0
0.025596406,65.17229516,814.3944093,55.12241894,197.715,3373.38,0
0.025426872,71.24974302,806.8285692,44.24731617,206.514,2731.736,0
0.034340274,81.70310185,790.2166369,40.30231981,200.408,3112.926,0
0.011523209,58.83874779,832.0547359,52.69994511,205.458,3033.777,0
0.029056938,81.61514133,819.6047734,53.94978172,186.896,3551.349,1
0.028742845,82.7952207,775.598199,60.72892489,182.015,4021.288,0
0.022732419,79.22376176,,49.33926831,192.427,3434.255,1
0.018353587,72.39219841,821.2333858,45.58378985,204.893,2340.027,0
0.021658401,,798.66834,53.14512723,203.211,3162.175,0
0.015226895,67.99264902,775.1839733,55.06271306,211.335,3033.641,0
0.015030875,74.2590846,815.7011215,44.46276743,221.87,2677.723,0
0.020895352,64.10653624,773.8543058,70.27994197,186.753,4581.947,0
0.041071939,54.80285699,768.7569494,65.34531516,168.108,5031.314,1
0.02340353,79.82588645,740,52.91109603,179.854,4588.924,1
0.034582977,65.6661253,828.8081722,43.23225807,183.685,3958.139,0
0.026939521,68.42109282,814.7514554,34.40159059,216.581,1889.913,0
0.023272415,70.63624078,785.3527545,49.23601541,204.068,2963.145,0
0.031133067,71.10928563,813.388396,47.37485734,193.522,3017.768,1
0.021399297,83.79331857,810.9273982,42.99912286,210.47,1645.7,0
0.011261865,89.9193054,812.9652443,47.84779335,214.301,2805.665,0
0.033924832,71.41904192,773.2537774,59.15674671,177.097,4028.471,1
0.021401002,82.002933,845.4795239,56.93745451,193.494,3658.664,0
0.02297853,72.14444024,800.0762458,53.77960811,217.401,3076.47,0
0.042826373,70.72183834,804.4715817,59.17902145,178.695,3139.65,1
0.029054261,78.41401336,804.0089768,55.29020087,201.189,3423.775,0
0.024435005,66.50042371,811.5761566,35.44993785,211.063,2338.202,0
0.018606061,65.39087905,827.5311346,51.90860888,198.784,3002.326,0
0.029386562,76.2878523,835.1783115,47.22055064,186.816,3713.359,1
0.019422035,63.69799979,826.3892863,58.88312778,199.893,3543.542,0
0.025756731,85.50741456,812.9060373,40.5290571,202.773,2888.292,0
0.01156558,72.28632069,770.8904853,50.22519928,214.736,3255.769,0
0.025101873,76.21692072,820.1495141,46.23993025,199.738,3284.843,0
0.022747726,82.04689801,788.4077209,41.91173851,201.823,3184.303,0
0.024216281,68.23428832,772.5694668,53.507709,206.105,2995.557,0
0.023632347,80.28568787,745.3608355,,167.071,5344.988,1
0.025101931,70.67886809,763.0027914,57.41101398,197.748,3239.987,0
0.01499663,75.00653856,807.8876771,55.86168754,207.969,3253.922,0
0.017031832,63.95637225,821.7349439,43.26831878,212.176,2903.806,0
0.024764074,61.65807449,820.5333828,53.861084,196.264,2235.279,0
0.028703128,62.77786747,857.2729434,51.4201698,172.573,4063.086,1
0.017984899,66.5411911,837.468558,47.10247093,204.075,3100.806,0
0.010288451,63.4868422,857.4792691,56.62969125,189.176,5127.067,0
,66.90851746,809.5214626,53.63625497,210.133,2495.168,0
0.016522769,74.81592524,797.9747663,55.73304853,211.075,3239.39,0
0.023599894,66.85149551,807.3891793,51.10202954,200.985,2632.218,0
0.028211487,81.7880513,777.7146105,49.17369268,199.779,3398.33,0
0.020726105,75.06397048,798.482663,40.70951836,212.909,2387.402,0
0.016670282,78.4107291,756.8638604,59.79703486,193.668,3918.702,0
0.019654971,84.13078369,740.3163215,53.41415138,182.83,4389.963,0
0.017773563,69.08553915,842.9097307,62.75949459,196.384,5375.865,0
0.01594794,77.79860193,821.0793683,51.41034097,212.943,2673.186,0
0.027917266,79.7882976,798.4446619,43.99699753,213.718,2580.76,0
0.022527487,74.4399549,800.1494138,46.03339797,208.3,2913.271,0
0.02178938,82.59480909,769.0494664,51.62533181,202.93,3094.368,0
0.019224154,85.65966802,740,38.62617007,195.042,3961.866,0
0.023991797,70.80504395,798.6104218,58.20745705,195.526,3900.421,0
0.023523059,77.47000773,809.1674653,53.98908694,198.212,3289.649,0
0.017533484,62.81564472,841.0129895,47.58655379,204.682,3083.577,0
0.024600049,60.72570286,856.311018,39.24204203,183.166,4527.424,0
0.028398467,76.47737044,805.934338,40.42356516,204.892,2711.571,0
0.015819872,82.15848002,818.6103777,43.03574422,216.673,2651.103,0
0.026730202,68.16968176,818.9074725,41.32882968,197.489,3720.818,0
0.038601331,58.65926793,847.3797391,38.40606815,177.954,3166.531,1
0.018816289,75.53341208,753.4332588,64.49627113,186.036,4203.417,0
0.018680701,66.90030048,804.9133969,43.25750182,217.026,2203.578,0
0.016555637,55.41727009,825.5097061,47.90202513,214.55,3292.465,0
0.03279669,68.44240066,796.1100826,61.61670506,189.24,3847.491,0
0.015418806,67.11260483,827.5733075,47.70949275,211.768,3163.059,0
0.023168721,67.61670621,782.0000112,38.23827502,209.033,2429.936,0
,58.98007105,823.30441,65.69604531,200.749,3949.566,0
0.017925896,96.28418317,782.8112005,43.58848976,212.407,2065.095,0
0.029287176,72.17134429,785.9155191,52.29274838,192.004,3512.868,0
0.046637912,65.43903319,809.290897,66.66568767,167.446,3754.163,1
0.02800178,74.53272643,817.0701056,29.14107577,209.776,2471.024,0
0.032888893,63.65368012,818.2928522,,197.219,3310.468,0
0.029785579,74.33464148,797.4114116,56.78725159,195.815,3318.421,0
0.028475553,,817.6054426,36.95473902,212.801,2229.474,0
0.018648027,59.63520249,,56.0892044,201.228,3044.263,0
,60.86433199,830.0766112,56.06982417,187.315,3381.053,0
0.024637249,71.71392387,794.0196298,49.20123701,205.388,2886.05,0
0.021447269,87.62458539,,49.73499153,207.277,3339.168,0
0.009706099,72.73000694,781.683384,47.85898348,217.124,2266.161,0
0.021820763,78.92722819,771.5786423,42.13135602,202.739,3178.827,0
0.020021662,70.07328493,747.5317118,49.36636767,186.488,4085.187,0
0.034189195,75.79777999,805.5099489,63.16266135,172.454,3250.248,0
0.022143179,76.13633187,764.0596973,59.86242951,192.264,3795.606,0
0.02653643,76.26438443,816.095449,35.02638811,211.232,2387.681,0
0.033090438,75.52929607,780.3292627,57.92609388,187.142,2999.178,0
0.00875091,67.49185424,810.7562898,54.40210457,218.563,3053.049,0
0.030199192,77.93405619,856.6163872,50.82151817,172.772,4799.395,0
0.030597822,,797.7697342,51.31750096,195.879,2361.518,0
0.014437181,77.94511049,760.5540881,48.04650465,209.971,3058.574,0
0.028890169,80.00062014,836.7914955,50.07145498,186.896,3528.574,0
0.014861736,82.87023838,822.4365269,59.17481404,202.452,3929.376,0
0.018746676,79.07492416,798.1498021,41.96612379,224.566,2443.523,0
0.026150226,70.77094428,,35.80722642,218.743,2285.083,0
0.037013342,63.86521555,807.2972348,66.59561116,176.075,3757.69,1
0.016739777,75.8463983,753.1979838,65.31460327,188.719,4740.399,0
0.025485937,61.75493831,816.0602799,38.94736661,208.085,2925.391,0
0.021539326,71.59068732,772.2289807,41.98153787,209.03,1852.956,0
0.023609688,57.76812048,838.1366689,55.12715327,189.792,4025.368,0
0.018162603,88.27634642,798.6409352,42.76437419,212.243,2413.121,0
0.017332032,71.69831713,836.1598463,61.35570778,198.258,3178.645,0
0.011662038,60.88940304,839.8582191,46.37158738,213.376,2517.391,0
0.023600752,78.77324547,817.9228048,52.12339237,200.502,3511.16,0
0.012095153,,836.2935736,55.38183503,200.306,4820.815,0
0.038763801,67.99659549,795.6050098,43.01952713,199.378,2265.892,0
0.026154337,76.74768295,786.0049376,55.29716225,185.099,3531.391,0
0.035009679,64.31886721,820.1750301,49.65487725,188.518,3196.584,0
0.016494321,60.50838377,,72,173.531,4910.572,1
0.022451732,66.89975802,759.2245331,44.504572,204.988,2518.977,0
0.017007407,81.65047175,790.5350937,58.52223497,198.434,3456.25,0
0.023314537,71.11580091,835.3126258,31.23369406,216.366,2082.418,0
0.03725119,64.89985776,838.2469897,48.12571438,173.943,3094.047,1
0.028451198,75.23350793,791.1759718,63.50396353,193.324,3087.268,0
0.029572469,72.08172973,795.0479459,55.02519422,200.835,2772.054,0
0.030921313,66.68164621,804.1870569,54.72842781,196.823,2852.84,0
0.013341977,,800.6365843,46.33377865,216.975,2477.088,0
0.028041889,90.74500249,772.0045221,53.32532776,195.415,3418.483,0
0.024625664,69.03159519,793.3040572,56.29058935,205.815,2953.116,0
0.016149068,83.14687889,789.5547019,47.55457711,204.856,2957.604,0
0.020888773,72.75692816,799.7184024,30.00055421,218.849,1769.289,0
0.028997982,78.6772525,821.8971216,45.27911638,201.216,2682.965,0
0.019735935,,792.5460817,45.72423503,220.428,2200.437,0
0.021876663,74.26183936,809.4722992,51.59016542,203.504,3296.369,0
0.031490458,71.19677836,754.8856179,43.70971103,184.406,3793.691,1
0.030885372,83.68755718,798.0807706,60.99926169,181.338,4016.241,1
0.04052651,58.09266527,860,44.24842375,151.213,6025.128,1
0.024052893,72.56845166,,36.83013049,216.081,2148.058,0
0.022043015,50.05657074,811.8708071,38.92701258,215.42,2241.632,0
0.011367076,58.40202775,823.5714762,53.51178112,207.983,3029.178,0
0.031629361,83.73229186,813.4571478,43.71753926,192.217,2458.359,0
0.027656133,76.57000958,792.5576109,61.99861438,192.135,3630.893,0
0.01966087,86.2323301,792.4451355,34.70547872,214.514,2991.588,0
,73.31071261,822.5303257,48.29130034,173.609,3619.352,1
0.023399036,76.97836373,757.5567257,64.28102242,188.348,3391.092,0
0.013049008,77.6746415,783.7961224,52.63922305,213.351,2714.427,0
0.030338035,66.86081963,779.8102411,49.48811475,193.032,3303.694,0
0.028903223,75.0711109,844.8360356,61.05861957,178.507,3504.544,1
0.026360168,87.89334,786.7033571,50.23800596,196.507,2536.152,0
0.008758492,79.25070544,769.4284925,49.74732201,216.414,3074.796,0
0.030312583,73.06515279,776.4230322,55.95526987,202.298,3765.629,0
0.017264645,73.9447826,791.0866475,62.16084898,200.98,3922.698,0
0.016531931,72.97507022,784.1226449,56.22347376,206.059,2589.628,0
0.026489135,69.50886751,803.2496284,49.55977627,195.185,3212.968,0
0.024286972,57.09548474,802.1063073,34.16598019,214.8,1941.17,0
0.032472997,72.29079606,838.6176506,50.11511755,178.114,4183.923,1
0.021296756,64.18635131,745.8268932,47.37806067,185.698,4133.314,0
0.013715925,57.73625477,810.9165086,39.65892158,217.918,2053.065,0
0.025339091,70.93227368,816.6814782,62.37147117,194.21,3568.598,0
0.018708603,76.44582161,753.094132,59.27040689,187.393,4066.97,0
,73.65555805,784.6169344,36.35122448,211.814,2884.33,0
0.031245539,65.84252413,777.7215476,57.95258536,188.281,3679.316,0
0.028222553,85.25080579,801.88228,41.73203575,209.059,2134.444,0
0.00957604,81.41840495,791.8076495,50.31382342,223.8,2858.046,0
0.034309352,49.49805264,825.3290699,48.10481953,183.724,4203.921,0
0.019347572,,785.0983785,42.16484666,220.661,2088.921,0
,63.177747,808.8925926,61.52861423,191.316,3629.158,0
0.029658872,88.17558016,810.8077754,52.87860533,184.269,4266.66,0
0.015637226,66.11818284,815.1600872,57.60932137,204.533,3009.004,0
0.023019271,84.80603328,805.9809995,63.78471916,192.422,3612.482,0
0.016174768,79.70090327,770.3818122,51.67361994,203.861,2624.916,0
0.023591329,65.56232116,805.1407112,37.33635664,217.531,2162.459,0
0.032367971,70.74382675,813.0870018,44.69627162,197.305,2688.381,0
0.016047265,59.35739089,793.4812812,41.64622388,219.992,2295.563,0
0.029604649,72.63545261,793.2279786,37.15893439,208.526,2321.423,0
0.023971157,70.82429056,780.2595845,,209.473,3055.022,0
0.02154036,64.02869957,827.7572753,50.33483581,197.961,4313.233,0
0.020259415,76.18988111,804.2258174,46.75485894,208.495,2111.995,0
0.025192892,82.28422157,775.454555,32.78202348,218.138,1856.505,0
0.009894192,74.59807822,818.4678148,64.08704912,204.604,4017.848,0
0.013120607,74.94777915,784.5946836,58.48872206,211.011,3295.818,0
0.031478783,63.20202426,814.0089458,53.28441308,191.205,4280.895,1
0.015370279,94.18083465,768.0067269,,210.397,3342.842,0
0.024660334,60.21354436,802.9193731,44.91812775,209.327,2817.509,0
0.022964274,,794.1815608,39.52860419,207.096,2636.824,0
0.016880326,70.77469753,820.0032213,48.90042406,210.398,2531.427,0
0.016812824,,804.0266104,38.04675755,222.593,1985.415,0
0.020813897,65.50065625,806.8933412,52.81171889,210.575,3008.715,0
0.025453656,88.84597534,824.6867784,48.47424098,202.495,2840.893,0
0.017692605,46.56200132,860,56.74149763,174.113,5331.184,1
0.013370855,,813.5539675,46.44444381,213.74,3113.24,0
0.021657161,68.29770194,798.4239105,39.99008972,221.448,2406.284,0
0.021032666,,814.7385095,39.06229687,213.19,2363.958,0
0.01615791,59.60684805,829.0032347,49.13999876,201.367,3056.148,0
0.02690509,67.19697491,797.0210757,45.04690434,207.752,2547.681,0
0.030087317,59.29742688,806.4376604,60.04326168,191.368,3775.179,0
0.015374763,70.46009556,826.0777882,45.80498666,216.858,3048.051,0
0.036665757,66.19558094,771.5481283,46.67605869,189.315,3182.688,0
0.023956294,79.0577102,783.6481007,54.61508248,201.543,2810.365,0
0.022021795,80.88401675,786.1804923,58.50026813,199.842,3307.719,0
0.012175112,59.67939419,767.4753836,58.79014098,205.86,3349.537,0
0.023784317,76.7491273,759.2780929,45.98943846,197.575,3199.58,0
0.014599128,80.33298144,810.5765221,61.13146543,201.041,3339.232,0
0.019627985,70.80152852,819.4727281,54.9275995,201.534,3293.566,0
0.032789941,74.51064012,825.879658,67.29553425,177.124,3908.7,0
0.016950894,59.65397278,817.0155335,54.35191691,209.811,3414.799,0
0.0260434,77.03470068,779.0292198,43.14123398,207.401,2800.415,0
0.029189811,72.45028997,807.982895,49.05129929,194.214,3194.967,0
0.030781361,73.98889928,794.0255114,50.15089477,195.774,3147.798,0
0.021827804,85.69619187,799.5534285,40.97597433,205.167,3284.87,0
0.031240516,85.47113949,818.8163523,50.5165438,181.813,4185.892,1
0.026593384,58.44537068,832.0469772,41.73616619,202.743,3906.491,0
0.010954152,85.19598983,760.3555773,54.25921045,199.804,3826.5,0
0.026635155,67.62356737,796.0881182,47.11185252,206.36,3164.143,0
,66.18859421,834.6096684,46.47491076,209.84,3711.04,0
0.037038946,75.29710758,752.4593799,44.19308766,183.133,3456.291,0
0.020489265,78.90668849,786.6072376,58.7245887,196.369,3309.099,0
0.024521163,84.0734629,782.7789576,53.05570427,199.877,3195.893,0
0.010585638,70.46754014,796.4723626,38.14935951,229.113,2738.398,0
0.018604494,,740,42.70670099,195.812,4380.123,0
0.023162028,78.59116291,787.4034788,51.71450789,207.823,3233.157,0
0.019812068,75.76895126,830.7045719,58.38611501,199.416,4363.265,0
0.02196465,85.98975742,749.0492777,44.03842023,204.243,3313.253,0
0.018060247,60.8202018,764.4476177,59.97941069,199.384,3481.005,0
0.028620226,83.1938654,767.4109951,61.75656557,186.185,3648.2,0
0.024615545,65.00571767,823.6745337,53.56170168,199.439,4067.362,0
0.0319578,70.14474094,810.3088982,59.79517184,187.647,3270.094,0
0.023180967,67.28122112,826.3705212,28,222.325,2185.974,0
0.03602727,80.96564579,818.0995648,39.9073995,194.561,2479.71,0
0.033950474,76.9795158,792.7379773,32.62241488,207.317,2474.782,0
0.026727406,78.73567647,785.8019474,57.76046872,194.66,3246.461,0
0.023262337,68.36248608,822.3948154,37.9764713,216.518,2445.057,0
0.027897089,57.63321925,821.2888618,54.7570898,187.68,3544.058,0
0.022410725,63.88257723,794.7628229,52.60035793,214.598,2772.456,0
0.028200418,78.75755475,794.6564978,52.39078436,206.141,3367.652,0
0.013590581,68.55764025,795.9398206,51.30174988,208.796,3262.087,0
0.031264447,77.87315998,791.2741893,46.06226517,204.455,2378.391,0
0.021375802,90.69706974,745.1495286,53.6246406,176.63,4561.41,0
0.013170488,69.79597732,793.0700902,55.33636438,214.613,2657.591,0
0.015143622,80.53273154,,59.16885311,204.682,2611.719,0
0.022374467,79.96963008,777.6597643,52.03352541,206.316,3165.811,0
0.032113899,,813.3827384,49.86170046,198.182,2815.509,0
0.013494712,75.65050149,782.2607521,47.95987478,207.342,2901.407,0
0.02531726,83.42598436,797.5656019,36.50427009,211.122,2665.764,0
0.02061046,76.79185478,793.5206162,64.36875717,202.065,2776.429,0
0.022381182,81.13160514,770.6399644,59.80605159,186.257,4502.08,0
0.029012348,81.18921058,762.6996414,55.06560348,196.439,3354.844,0
0.014353676,77.15393401,781.8982353,43.0422611,209.481,3600.596,0
0.022745149,49.5755055,825.7321158,58.2886236,194.011,3847.692,1
0.036319995,71.15085382,781.0910311,54.25786149,191.81,2844.619,1
0.027648089,72.08502948,820.9120635,51.97483143,193.007,2827.917,0
0.0185969,64.07573067,752.9976719,55.22801057,198.817,3581.698,0
0.016973585,80.32397446,806.2776444,45.4913501,219.585,1694.418,0
0.036454951,70.64189134,766.5269104,58.96803526,179.554,3422.124,1
0.022868749,,742.1088587,48.25992635,186.197,4374.94,0
,78.91156297,780.0703806,42.18111504,208.844,2132.519,0
0.031314208,,820.5335978,30.251759,210.034,2895.021,0
0.024243364,79.78752761,793.3419303,49.89421139,199.548,3419.015,0
0.017001808,86.12139846,759.6890127,45.373259,207.168,3843.957,0
0.019637249,69.71233014,803.7312718,45.67633219,221.43,2204.383,0
0.025168784,78.77000349,774.4978462,52.14094007,197.39,3114.754,0
0.027624794,72.80255559,793.192272,47.16189062,201.083,2217.008,0
0.024639986,85.82639948,789.2471915,61.54024315,197.306,4000.276,0
0.017668571,84.50650318,778.7019486,,204.902,3499.489,0
0.025344319,73.8599224,834.53508,55.19004238,192.26,3937.628,0
,76.77457383,819.5805895,49.93428016,208.601,2930.913,0
0.028279027,62.75435236,860,59.53337148,166.846,4497.442,1
0.032532349,74.87657631,808.447426,43.97562609,200.548,3675.926,0
0.022307153,63.82422093,801.552643,66.9456785,193.53,3572.864,0
0.020023386,67.42722476,777.6819442,41.67102826,209.42,2461.84,0
0.0193694,74.92817494,775.824414,58.50117891,197.982,3285.458,0
0.017418531,75.35436781,792.4204105,56.07240452,213.167,3186.914,0
0.027359739,80.45408471,762.8434198,,195.676,3477.778,0
0.018962006,57.09689999,826.3983316,56.36840494,203.246,4519.223,0
0.033024045,62.84100162,753.1422832,54.59913534,187.318,3962.711,0
0.032649626,76.19263357,804.9851961,46.1763287,208.289,2763.926,0
0.028435298,59.74808305,,47.18158683,201.452,3086.49,0
0.036126336,73.19963599,,44.1710851,198.099,2782.955,0
0.025118167,,795.1857232,55.96502886,196.61,3146.258,0
0.015666012,73.03149273,785.8742526,63.15229052,206.271,3081.024,0
0.011248708,63.9192389,791.3044916,32.45968127,222.011,2665.48,0
0.018569737,71.97609023,792.4384427,62.73772109,202.603,3188.681,0
0.019352006,74.06777421,800.350697,56.11276831,204.221,2083.766,0
0.024834668,70.07029817,809.3461678,49.45138025,205.888,2752.146,0
0.025284904,83.69542637,774.5930247,66.32394731,183.779,4171.671,0
0.029960309,62.05355928,,35.08718374,203.527,2884.851,0
0.020593151,90.44118005,781.5318293,43.20287172,205,2997.202,0
0.029225857,65.76456928,844.2559036,46.05329828,183.738,4747.939,0
0.017412073,62.67541354,779.5190702,54.33084672,204.685,3316.728,0
0.024251364,67.27515592,798.2421284,51.01801624,207.141,1789.141,0
,82.07238493,787.8523436,52.99454582,207.038,2486.388,0
0.021371708,83.22779053,805.2110426,61.03930241,207.61,2369.212,0
0.014471029,80.32052463,797.0834745,55.07249885,212.343,3314.982,0
0.017729645,52.41845011,833.5032026,61.30819481,189.269,5700.863,0
0.023043398,78.77784287,769.7016138,58.28791579,195.066,3667.181,0
0.025826336,66.80599223,813.9695106,44.90014841,203.568,2613.078,0
,78.43703191,811.3559246,,191.443,3872.871,0
0.022090704,75.59789334,805.4567866,43.34286478,210.723,2199.543,0
0.016606633,58.60136691,793.8074213,45.73925599,214.634,3302.584,0
0.031987015,68.94827509,826.8547685,48.31955382,190.663,3106.052,1
0.019424575,72.02839222,827.8534099,54.55309153,207.046,3232.531,0
0.026105019,68.51337241,788.7135427,55.07503724,198.938,3025.296,0
0.027593482,87.66214001,801.6621104,50.28296491,205.977,2775.89,0
0.01998088,52.30606719,835.1228351,40.92745088,204.16,3170.384,0
0.022234545,82.17834435,824.0729508,44.54204963,202.631,2900.535,0
,72.29814362,818.0067291,40.2928266,214.46,2428.513,0
0.020230593,52.74451838,816.6288951,58.8479382,188.093,3822.804,0
0.034788876,63.51320394,791.546271,43.44456819,198.231,2755.009,0
0.029704452,64.7122626,831.8835259,54.73440815,180.839,3351.658,1
0.013288909,70.46136164,830.0992661,45.04691166,214.319,3305.052,0
0.026549204,82.42991372,773.2609501,53.61784599,195.008,3780.493,0
0.027164836,77.19848951,796.9296322,51.58687334,205.667,2220.645,0
0.0257474,,789.167296,60.47154525,193.532,2803.391,0
0.021942601,65.52176354,,44.07386717,206.367,2825.186,0
0.025321582,74.45927596,812.1702324,60.69874581,190.96,3474.879,0
0.022061591,55.29226692,860,47.54342353,185.971,4229.033,0
0.030481646,77.49633609,806.4625061,55.7958036,183.153,3051.661,0
0.019379199,73.04562935,795.0187284,51.42889473,209.687,2188.698,0
0.024155155,77.91517285,798.3675702,54.53126306,205.496,2246.307,0
0.02752722,72.63505765,780.9290262,50.97905859,192.037,3316.274,0
0.021286111,93.4607981,759.6192098,55.5753493,197.404,2887.308,0
0.012767749,85.10031397,827.4015899,56.91511154,205.933,4025.012,0
0.012677259,72.46437772,797.8167599,37.57185966,225.584,2159.175,0
0.02519189,86.68896377,765.9914883,52.29464696,195.258,2955.346,0
0.018881811,81.84875463,775.2854518,32.52522654,218.247,2942.196,0
0.029118663,67.04553762,822.1233267,49.8979516,195.668,3141.862,0
0.03124306,73.07364129,783.6102544,48.65446364,187.578,2897.728,0
0.023052996,87.4390591,,43.71983676,202.613,3366.577,0
0.023811431,60.20224992,821.7723095,48.19421446,201.152,3407.149,0
0.017024618,81.37822229,779.0676977,59.27277155,203.032,3530.87,0
0.021953673,79.60596127,752.7966488,56.31612862,201.342,3192.709,0
0.026622055,66.2683407,822.5464822,53.38643587,202.658,2979.975,0
0.023397092,69.17267973,813.9665494,63.78728606,200.995,2842.855,0
0.019780841,64.64818921,792.2881144,41.12592755,218.886,1874.648,0
0.026034722,80.361688,834.061424,61.16617722,187.42,3389.755,0
0.023770558,73.88679478,762.9449308,52.63996283,191.71,3432.045,0
0.034773963,64.92561212,786.3504194,55.71961513,183.107,3621.912,1
0.034007275,70.04661003,811.218184,62.01884377,175.293,3943.754,1
0.024851879,78.3335581,818.814282,51.55401723,198.537,3066.975,0
0.030812207,74.82893255,780.3686499,66.43200231,181.217,4151.009,0
0.019268003,49.71696537,820.6181929,,206.557,2331.924,0
0.033606425,72.51232284,789.4283129,47.4525574,203.019,2822.591,0
0.03715349,81.36086475,747.8327438,50.76901752,175.65,4799.349,1
,63.84706084,841.0697065,69.80334512,176.539,5629.389,1
0.018096052,72.1260312,808.3129098,52.60415042,202.776,3558.052,0
0.009203228,74.42018938,796.0211195,43.83307062,224.864,2472.703,0
0.027216791,74.87475554,818.0983191,60.8622204,195.973,3176.809,0
,65.17225402,822.5052147,51.69893222,210.763,2230.95,0
0.038022453,79.44399991,791.2661473,34.25888643,200.767,1804.113,0
0.020208584,59.29475168,832.0579651,52.38727681,188.22,3052.191,0
0.019830441,76.24726648,782.4205511,43.97643361,211.908,2222.142,0
0.01741391,68.9814634,792.5356475,47.72518547,218.412,2752.637,0
0.005,77.57151013,770.1758996,47.23708311,220.7,2969.919,0
0.025702036,76.6217663,816.7655258,28,218.657,1912.513,0
0.030794537,73.15012362,836.7248189,45.42019361,189.851,3752.379,0
0.015389817,78.82281758,788.1949363,51.80262937,223.743,2353.084,0
0.027745902,62.04932133,843.4942793,53.99455655,185.883,3795.862,1
0.015414337,66.94545196,781.8467599,40.11461135,221.147,2075.858,0
0.023318759,53.56889209,776.9211192,51.50497315,198.15,3643.399,0
0.018814322,74.42669281,789.8795883,50.64740187,213.665,3067.968,0
0.025154339,74.27945744,792.9193798,51.22296569,202.669,3568.753,0
0.028366848,80.86180973,770.7935076,54.73701721,192.029,3183.586,0
0.023821306,61.03014558,795.8731465,59.62022054,193.905,2968.471,0
0.028946253,69.54945203,768.4574123,54.58262499,191.224,3568.226,0
0.021797589,71.61505381,802.665872,45.31829198,210.46,3141.807,0
0.028688511,70.77040228,812.4934382,55.6184223,190.227,3200.341,0
0.018976934,79.8130216,820.7602605,47.99208944,203.931,3074.43,0
0.03342587,76.02863344,828.9444025,39.58722119,198.025,2230.849,0
0.030065153,85.73288293,748.1737797,65.76391972,175.111,5311.409,1
0.030775597,81.77540355,,50.36446257,189.766,3347.751,0
0.027639747,63.34843593,781.3751033,46.4592781,192.324,3287.686,0
0.028302757,68.24278904,814.9490422,51.09259614,194.568,3900.809,0
0.022039583,76.65488948,830.3931417,39.09479589,204.503,2181.391,0
,74.70780829,814.3447324,59.26435757,203.66,2446.278,0
0.016301328,77.09386089,799.7205919,44.00483375,219.781,2405.498,0
0.026667439,67.99462619,,46.407507,202.375,1961.126,0
0.024598429,72.48347464,818.5961122,56.09173132,199.138,3307.792,0
0.03194332,85.0626457,767.5159939,61.44997263,186.491,3482.787,0
0.029062977,73.77013206,826.5170969,45.39825384,196.108,4412.253,0
0.018351923,79.03192772,835.5890588,53.70359208,200.171,3237.832,0
0.028028127,,803.0298241,62.22376943,196.527,3435.295,0
0.012679721,52.03774003,801.9503854,45.89647108,216.543,2682.096,0
0.024793437,79.27391338,777.7572345,46.26835716,203.612,2762.292,0
0.016828742,67.4377594,807.590786,45.6096803,215.284,2059.786,0
0.021325848,62.31432632,802.3147617,57.12035602,204.101,2879.879,0
0.029771571,79.98494079,763.5803867,51.51640677,192.9,2953.872,0
0.028404298,86.19990007,775.8851544,58.49459482,196.332,3780.53,0
0.017619421,67.81596313,811.5829578,52.49653139,208.114,3271.558,0
0.012036152,82.51322875,800.8482061,42.05211252,221.515,2414.898,0
0.023320864,57.55401214,815.3053479,49.42222702,205.721,3887.135,0
0.03224133,79.14737651,804.7346019,60.38641973,184.405,3158.236,0
0.01676016,86.85893468,756.363561,39.71854326,203.43,3402.804,0
0.024389926,57.74684884,801.660376,52.87589916,204.34,3446.164,0
0.017719641,82.6337798,783.6082909,51.65925188,213.187,2567.174,0
0.026425346,64.83955984,788.6189466,44.75815105,201.972,2305.326,0
0.023361395,82.68945017,811.2747961,57.17053453,196.477,2469.848,0
0.021311045,77.01013042,767.9842144,59.49496359,194.249,3903.126,0
0.030464069,58.42669538,826.1688434,55.2426078,181.325,4004.045,1
0.016670375,70.7464266,772.9458225,67.05284245,198.422,4153.413,0
0.015054865,72.99730942,,69.25860577,194.533,4318.114,0
0.034481803,59.23801802,820.8401731,54.49113955,186.487,3254.925,0
0.006809754,60.8608454,804.1408508,44.11842849,225.632,1401.288,0
0.009287928,81.97975968,808.6949792,49.04455146,216.664,2871.182,0
0.023038268,81.14134208,798.0705107,62.1030934,195.87,3198.028,0
0.029305902,60.66002155,812.0359691,41.40690122,204.221,2578.873,0
0.016448377,65.34857906,769.8941342,52.75320173,202.013,2575.051,0
0.019334801,76.16124558,,45.60738559,215.326,2552.082,0
0.019655627,63.88377265,837.2345305,51.27132229,198.494,3279.346,1
0.016914635,68.38986535,785.1420338,53.81959683,210.054,2662.668,0
0.026372596,67.23476765,783.8819099,34.23018085,217.969,2374.843,0
0.022800773,75.51067683,808.4041412,50.73993929,208.438,2727.311,0
0.020292054,65.65805294,766.5316735,35.18444518,218.452,2364.516,0
0.025835101,66.66944919,809.6724586,,209.221,2416.489,0
0.017237952,64.75225705,799.2097028,63.4339959,208.499,3328.107,0
0.009979012,78.90294579,807.1365428,42.98182047,222.379,2876.945,0
0.021480199,68.62126553,798.9751861,,202.136,3968.987,0
0.015799562,72.15777777,781.80253,43.8136343,216.884,2696.788,0
0.035972471,68.88067595,768.9839331,50.07964469,190.056,3653.03,0
0.024673927,78.35698073,774.1883981,47.52547518,197.53,3102.974,0
0.021079324,,740,44.71138136,192.326,4316.812,0
0.022264903,57.75041854,813.3537362,46.72506456,204.896,2924.21,0
0.027897201,91.11433274,803.1821161,46.6387607,199.701,3270.648,0
0.022871426,75.10118986,808.8781545,48.680066,207.365,2314.367,0
0.01232565,78.43025065,816.909861,48.72643012,222.556,3621.341,0
0.036152164,63.32245762,803.5555336,49.49375257,187.101,2952.21,0
0.031913502,55.70704251,812.9211605,37.69606045,203.66,2818.216,0
0.029366243,68.49820157,782.2305357,47.46130308,203.379,2826.016,0
0.030612637,81.15987434,773.3061974,35.77863951,212.067,2534.526,0
0.032679412,73.81483062,804.9218638,36.53771636,205.4,2356.243,0
0.021176296,75.57476103,772.1374521,42.45563844,213.798,3080.417,0
0.030754341,,793.4128086,50.59812333,198.991,3038.547,0
0.035394561,68.66524077,768.9178873,30.82611384,208.116,2112.254,0
0.022600806,55.40657593,822.814187,35.10178426,216.471,2319.312,0
0.03314845,59.83950655,801.9309743,42.96722221,204.492,3066.534,0
0.027783068,73.74818545,777.7196961,43.8573079,199.795,2667.04,0
0.028728911,76.81730371,797.65989,46.50582715,204.859,2436.814,0
0.005,83.06231671,807.3661054,33.45058437,230,1443.546,0
,63.04393392,805.5859565,51.44696181,208.321,2730.699,0
0.015313446,73.82966321,815.4020576,52.18686195,209.066,2723.116,0
0.020119812,64.72289711,795.6242694,71.4302078,195.61,3534.957,0
0.030291428,82.47158703,789.5544012,43.22226434,205.513,2512.87,0
0.030673553,70.68466327,786.939769,37.76157208,211.823,2628.076,0
0.028724549,77.73458445,774.7830941,55.68247322,193.941,3189.115,0
0.018804643,76.15236158,763.5406177,49.93000483,200.68,2612.279,0
,80.34120099,782.9549106,42.84947605,218.1,2699.943,0
0.033430344,76.2150871,764.7670353,54.24450499,190.075,3683.052,0
0.014586732,77.19325514,802.6139532,60.47584272,208.385,2708.867,0
0.014438989,68.05553936,805.6506352,63.92213142,204.231,3964.841,0
0.023430903,82.83090548,762.2720204,51.34934133,195.46,3444.492,0
0.01920615,50.81685574,846.8967428,45.10649571,187.327,3760.127,0
0.030085234,79.64837936,781.8757071,55.83213802,184.086,3430.012,1
0.01730607,67.57303634,777.4858951,41.51445995,208.202,2314.099,0
0.024165866,59.67310649,804.1027192,49.73898382,207.843,3288.828,0
0.041125459,72.41691013,782.4456852,50.80810112,193.412,3517.206,1
0.024374271,60.29947507,793.7529834,49.36820655,206.353,2939.832,0
,91.66850197,812.4165348,62.87706962,179.894,4669.611,0
0.019453444,68.19054347,763.6381653,45.535304,202.843,3014.16,0
0.015196332,64.06987353,802.5819606,46.27461363,215.184,2301.351,0
0.028886812,90.06092541,742.4738129,60.1698484,166.932,4701.918,1
0.027446307,72.20516491,826.6759741,34.26486199,209.754,2338.462,0
0.022663282,52.881914,810.2140842,41.64635079,206.99,3085.664,0
0.027448824,66.50864566,828.7770818,54.07411994,195.733,3360.269,0
,75.98245767,807.6616785,46.22384309,223.063,1693.169,0
0.020786403,58.12346792,800.7189483,57.87442124,213.626,2873.394,0
0.023184199,61.97183289,836.6381222,54.95883184,189.735,3009.823,0
0.02060104,77.76663745,818.257795,57.48016153,202.678,3308.705,0
0.026547643,56.89795689,827.2635131,54.23532515,190.994,3296.921,0
0.030958534,65.30892717,781.881653,54.04045077,192.003,3060.145,0
0.005263213,55.97445045,777.9749012,55.90298073,212.222,3572.077,0
0.019590958,71.68687998,785.2747445,51.05395088,206.37,2424.869,0
0.020476625,79.82489597,860,40.96860515,189.327,4116.805,0
0.020456356,68.98308331,809.0582913,60.95700695,197.705,3125.662,0
0.019685121,89.96988015,779.7953855,47.59117124,205.386,3220.375,0
0.014231609,73.62608865,780.3525044,57.65441016,209.589,3507.227,0
0.024164847,70.52084605,794.5577646,52.84763744,208.236,2409.61,0
0.02558675,83.49197003,781.1826012,56.71517374,185.777,3881.112,0
0.035812027,84.39038322,800.6585679,45.70331104,195.643,3590.645,1
0.030122482,92.69423287,823.0644815,50.33288279,184.452,2872.46,1
0.022491981,69.46116095,832.7548801,40.39055902,209.991,1969.629,0
0.018732778,65.7158756,782.4125837,62.15266941,200.01,3918.432,0
0.013898614,64.8071488,851.3966967,58.25610478,196.979,3786.723,0
0.032516476,71.73797929,787.2063007,34.93337279,203.265,3110.3,0
0.030760443,69.12742297,801.9580207,36.87051816,201.484,2781.367,0
0.020579034,60.32461663,845.0310692,51.57787102,194.465,3983.913,0
0.021836378,78.82151931,745.5464074,54.63847875,177.555,4682.341,0
0.03022238,70.30611281,811.1865691,38.24800495,206.171,3067.275,0
,83.04046289,768.992536,54.48238675,193.639,3440.33,0
0.017596455,68.3490673,771.780403,50.71141496,204.303,4441.433,0
0.027787099,67.67888601,772.0669752,46.40266769,202.715,3088.611,0
0.018579782,67.88360712,791.5982829,47.98258989,206.987,2857.536,0
0.032045679,76.28085664,804.171871,52.78961598,198.876,2806.978,0
0.029888164,84.64659928,767.1817412,51.7147286,190.991,2711.24,0
0.038208228,72.31853049,805.7060971,53.28818134,183.419,3784.258,0
0.027044156,76.45400494,846.2841525,33.48508792,196.699,4815.027,0
0.026063023,69.79577282,784.7723587,45.42000659,197.86,2626.113,0
0.023765517,84.45847532,808.9322148,65.69161459,195.918,3589.654,0
0.018423201,76.47665362,822.7151746,49.22387474,200.984,3455.124,0
0.032107599,66.41996502,768.5823432,53.54644193,180.207,3968.24,0
0.009925984,62.29800624,848.5664042,42.47911279,203.272,3200.494,0
0.021247722,73.20280671,803.3606418,55.15811976,205.871,3304.719,0
0.030941188,60.93876608,801.5872316,54.55164485,189.245,2806.135,0
0.02146273,91.85108901,767.5330187,46.38963463,193.849,3780.057,0
0.020517367,57.76901199,831.6812032,43.74139175,203.968,2938.261,0
0.020713569,79.10913002,816.1616105,,210.28,3227.018,0
0.024895419,82.48984001,741.2376422,48.96219985,187.468,4001.73,0
0.022657355,82.88460371,790.4022592,57.31443301,211.133,2954.607,0
0.027145509,86.02213526,763.4795881,44.98323253,198.463,3349.68,0
0.018834369,78.22514352,824.5333835,47.7176147,216.864,2265.432,0
0.022908566,62.68205183,805.7349107,53.2031552,201.168,2453.695,0
0.027490037,87.02751037,793.8465161,53.34367284,193.68,3630.375,0
0.025430103,94.47955967,797.0657847,,197.263,3547.588,0
,82.35555697,785.609568,50.74928678,207.474,3150.176,0
0.018742745,83.0915229,763.747223,43.95997582,207.043,2673.578,0
0.022154795,66.34161495,825.5119076,40.01969232,217.008,2744.889,0
0.028189407,80.99117697,842.2292765,43.95112286,184.447,4388.068,1
0.026732833,,812.9691909,29.91256908,218.976,2832.669,0
0.008170461,73.2619745,794.4968196,45.48282827,229.982,1940.812,0
0.024365464,86.89694241,788.9001663,45.97426349,196.048,3577.122,0
0.02759393,66.39826089,761.250873,48.31247419,192.415,3454.775,0
0.023926291,70.35625906,779.7708279,41.37599583,213.846,2083.419,0
,79.71379306,801.3782625,41.91991471,218.349,1691.848,0
0.020663909,80.45110027,799.1750421,61.04433753,197.815,2962.471,0
0.025301186,73.04059318,820.8272554,50.95701613,197.958,3859.622,0
0.025239439,67.58350704,792.1587435,70.94538739,185.718,3857.579,0
0.023342232,70.91585526,828.5107096,60.17348157,201.321,2945.699,0
0.034386175,72.59568871,799.4651559,42.2966889,198.26,2546.108,0
0.027334621,70.03507744,792.0924268,58.65179139,190.633,3459.68,0
0.026713164,80.24168292,802.3627858,52.65747973,200.048,2634.878,0
0.029484344,74.77520276,807.3342357,46.69814832,198.643,2802.381,0
,81.46214982,824.0366431,58.29436346,167.42,3445.221,1
0.025505174,61.72822019,838.8743914,40.17461564,196.156,3388.472,0
0.033928563,67.01357074,786.9809816,51.29124676,200.851,3315.379,0
0.017730877,69.19277666,810.0596053,36.91405369,227.181,2537.956,0
0.025103693,67.65404583,798.8874985,59.6565831,196.26,3600.08,0
0.023739018,75.82630238,808.5196941,50.24430644,212.629,1837.871,0
0.009672124,62.4453892,849.4058811,53.04621548,203.8,4047.455,0
0.021953579,70.07513155,817.9383902,53.42868933,201.483,3358.784,0
0.020271097,84.8323222,815.1918011,59.04779542,210.502,3673.117,0
0.020111313,65.09710148,823.7328898,45.29025515,214.648,2926.526,0
0.027274466,75.18547503,796.1455935,56.56340503,199.284,3541.989,0
0.034375221,77.32718401,768.175314,55.29765711,188.374,2784.894,0
0.029225665,,785.4541905,53.86725853,185.885,3752.803,0
0.017366499,76.4363961,777.7486251,55.35803277,207.156,2605.101,0
0.031177482,68.24758038,834.1141932,47.13651797,188.199,3178.64,0
0.023606973,58.74865809,797.6013537,44.33571774,216.292,2382.916,0
0.033762374,,857.9359652,44.40017852,167.883,4672.558,1
0.043392918,85.05094494,761.1340476,44.93049613,182.6,3287.968,0
0.020897596,86.23132164,761.7091323,51.16577142,193.964,4169.265,0
0.012147329,75.3665574,808.6923249,39.03598348,227.276,2820.01,0
0.022959317,62.94677799,812.2856075,45.52890302,203.806,3920.325,0
0.020659898,67.82819047,791.6170793,57.28566011,205.622,3322.631,0
0.026662284,67.21702747,805.5881497,56.35631775,198.234,2668.054,0
0.019270163,75.45618454,794.2110029,58.23543661,204.576,2946.395,0
0.024985828,76.04107299,805.7900123,47.38869912,215.23,3209.302,0
0.02728995,70.51717579,838.1153454,43.87243248,203.499,3935.55,0
0.030436205,59.53165107,807.2879153,44.63095143,194.747,3213.024,0
0.034262474,55.60170047,824.9105435,43.66842993,198.173,3355.945,0
0.030694177,76.88461017,812.7977176,48.13385433,194.796,3210.689,0
0.009985725,63.70993697,831.8672452,58.32260986,217.416,4024.798,0
0.024035874,70.35777333,791.3673692,54.16940601,208.919,2777.112,0
0.027454303,55.67453182,822.8927994,52.21240686,196.642,3324.995,0
0.017699328,65.21992245,785.8478803,46.71322456,213.44,2759.358,0
0.023540488,74.39011987,786.1395034,66.89223465,192.941,3838.9,0
0.016457255,64.26285174,805.9231982,58.74193053,200.661,3168.39,0
0.037741745,83.39795804,798.1555144,50.55884392,194.249,2992.698,0
0.036166267,69.77476145,809.0400959,55.36088556,190.591,3188.564,0
0.018590453,74.19394154,,51.07836483,209.372,2306.164,0
0.035452098,75.47686227,819.7068511,54.1279539,180.302,3601.394,1
0.030605431,76.82434408,760.2400629,52.20458319,180.324,4127.606,1
0.028798004,58.66064502,770.6094795,58.07517057,191.538,3888.931,0
0.031992527,59.84188089,837.8095943,58.45545425,173.777,4235.462,1
0.017746468,59.70925895,818.2807039,50.90457889,208.718,3012.118,0
0.036400125,69.53035099,820.96106,47.38716963,183.404,2634.671,0
0.025643462,82.60116686,801.675983,48.77357028,194.333,3289.738,0
0.022650648,74.12315371,790.9663898,,200.05,3337.397,0
0.029833219,70.03109144,849.5660424,,178.732,3931.97,1
0.013832912,72.15192356,795.2317768,38.2713459,216.788,2269.092,0
0.035189284,63.30278999,,72,183.095,4319.456,0
0.021383455,68.68608104,848.6111309,43.21343688,201.756,3552.027,0
0.034247152,75.78963415,813.1588631,56.65073096,184.731,3906.134,0
0.017041944,45.19616758,804.7485836,51.92311058,211.971,3350.696,0
0.02852836,71.2876653,765.5784945,58.83219109,192.639,3339.824,0
0.025103419,96.7316594,787.9182005,57.70512779,195.977,3308.487,0
0.022937519,82.40539189,806.7400139,46.30345963,206.211,2175.636,0
0.02082774,70.22128993,857.3871661,54.24868767,181.943,5108.525,0
0.021595311,82.33764365,786.9005699,45.70370453,213.121,2273.877,0
0.016179953,78.2225766,795.7863692,54.69170778,210.541,2758.708,0
0.019663102,67.11948653,818.9575342,42.27799585,212.159,2257.306,0
0.027423874,75.3343381,762.8540643,48.94574542,196.577,3876.505,0
0.027556724,79.97360676,768.2485086,48.54032312,201.915,3714.834,0
0.032407,75.53411394,754.586132,,184.168,3694.438,0
0.017583905,68.81350323,819.1443352,50.60837694,210.07,3099.45,0
0.019262391,79.12691394,799.825751,55.35046806,200.098,3285.832,0
0.019858275,64.5920914,786.1576969,39.31786022,213.36,1917.631,0
0.019910326,84.51218617,767.807566,46.79770696,205.057,2780.476,0
0.027761832,66.15956356,786.7381616,40.11407335,208.885,2169.943,0
0.027953296,74.26499137,783.4693913,46.20957458,202.639,2899.233,0
0.031684896,65.53435823,791.8943499,67.26898982,177.18,3886.262,1
0.020396443,71.92880772,783.4309821,49.91628165,201.739,3703.503,0
0.029074629,49.61785038,792.8685409,41.29209741,196.017,3379.444,1
0.015127914,61.93938471,804.5068639,46.33159392,211.447,3229.08,0
0.011722884,82.57955152,768.506659,60.26209482,205.911,3911.036,0
0.022448829,67.56268324,816.2889883,40.88700625,216.593,2897.654,0
0.038300009,54.14600699,834.6305533,28,188.019,2279.767,0
0.032159193,59.7576928,800.4505583,45.89304985,199.967,3253.113,0
0.036550256,63.2410667,805.0151796,48.11912681,185.061,3058.174,0
0.025886302,71.43256064,794.1822039,50.07099817,200.626,3149.163,0
0.022834898,79.12667861,811.4277677,50.00071225,202.215,2733.253,0
0.021039821,80.64509506,741.521064,63.96276015,164.297,5808.735,1
0.023132907,87.67322511,807.0693596,52.19778919,199.688,2929.3,0
0.027258802,67.52791594,770.6180103,53.19900548,190.147,3617.108,0
0.016692671,73.19737222,790.0303018,65.86077628,196.239,4257.843,0
0.020030487,63.41658196,817.1078506,34.50091908,219.115,2639.107,0
0.015044137,63.24576205,749.3469922,50.39796201,193.802,4329.061,0
,,860,48.0922605,197.476,3681.527,0
0.015629658,53.72965842,791.5674177,58.30678403,212.34,2836.646,0
0.01668244,72.98663936,797.1838803,41.98609005,222.873,2661.185,0
0.012123058,75.6775895,836.6119819,53.7110664,207.978,3119.316,0
0.022582886,62.50122731,801.2679507,52.16651326,202.996,3372.053,0
0.02485654,86.20541351,804.8525652,57.83614081,187.974,3235.683,0
0.021718945,,823.8419483,58.9056648,199.297,2873.329,0
0.024328612,65.48517683,840.3925965,61.82627672,187.03,4416.954,0
0.028593854,63.00910749,833.8730186,49.04010264,191.424,2896.69,0
0.023601113,68.8095921,768.8792385,51.73857302,199.472,3457.792,0
0.023402023,65.89356926,829.2158177,51.04491518,201.136,2686.332,0
0.026607471,60.38736983,860,53.26231205,171.341,4275.833,0
,75.83649554,794.561148,52.4526203,212.453,3097.412,0
0.013612101,65.23495453,800.326579,40.16163741,229.033,2363.884,0
0.028613889,76.56295722,793.8916177,49.48015215,205.495,2634.217,0
0.015719896,61.40354709,846.1261545,48.81012327,200.04,3331.06,0
0.023425099,68.49600439,785.2888884,57.04128307,202.512,2452.768,0
0.029748869,66.57908892,806.2950318,51.94628372,201.808,3298.469,0
0.035940076,61.21554258,786.1577327,53.74142702,185.645,3052.806,1
0.013165517,72.68443345,787.6170696,47.73916119,209.577,2743.454,0
0.033101625,57.08145975,828.2205508,38.96953014,192.77,2835.774,0
0.0237322,87.10442705,821.0722291,51.05205564,205.818,2818.508,0
0.034929158,49.66623785,860,37.73860435,161.092,4266.69,1
0.030388282,64.20140168,823.1980469,56.56443952,191.802,3357.897,0
0.026929154,73.11454803,794.2277991,52.63987274,192.784,3195.302,0
0.016332064,75.44720029,777.8559261,45.17057461,213.596,3160.707,0
0.030655388,70.48251387,771.3273426,46.62367652,202.483,2794.025,0
0.017058981,93.7710612,801.8076493,57.79751311,203.292,3622.104,0
0.015914795,89.62463343,785.9393749,42.60320206,221.101,1956.646,0
0.029009932,51.65825993,832.5349094,48.35915196,187.444,3128.816,1
0.034041042,74.97955885,795.8493733,45.59134554,201.806,2347.7,0
0.031058222,71.86223838,802.1861509,32.74484091,205.561,2495.869,0
0.029002911,61.85050215,819.1421947,52.64308396,192.767,2719.739,0
,66.99588452,765.3041876,59.26140128,197.588,3994.304,0
0.02088316,73.59554414,836.7196946,44.58110531,208.071,1949.593,0
0.021092272,68.65441971,804.3047442,46.87246776,204.56,2099.306,0
0.021553796,64.79453243,802.3190509,65.21357558,193.038,3368.288,0
0.022310213,75.83892578,800.6473742,59.06101859,196.082,4076.368,0
0.02398502,71.13412986,816.6913427,41.17418588,212.202,2832.35,0
0.014188854,72.65254086,746.8583115,37.45507089,209.385,3723.146,0
0.022539939,55.53889243,826.9611642,47.29916999,193.58,3251.173,0
0.018480182,64.34893183,815.3069809,36.85612352,221.703,2820.13,0
0.035440391,70.45984581,794.5282529,52.96512718,194.158,3208.325,0
0.010780223,77.75779077,804.1915903,58.64334774,214.864,2973.05,0
0.033871687,85.36985358,756.1946786,41.37897474,195.005,2380.316,0
0.025660855,73.85712775,784.5747486,42.5267451,213.882,3016.687,0
0.023538826,67.54623924,825.2040603,43.14670356,208.939,3646.051,0
0.034499304,60.22730445,815.3636386,46.55772223,190.587,2987.245,0
0.026049615,76.84403226,817.2841264,42.55815943,206.956,2285.463,0
0.02404269,59.95478553,785.526872,41.5085608,205.972,2704.373,0
0.029675878,86.56452376,804.5332591,34.27601302,217.698,2243.79,0
0.028259342,58.05490927,824.0882407,53.90227717,193.967,3942.232,0
0.023987218,68.86888248,805.0629984,49.64815416,197.74,3721.908,0
0.032522441,72.13523713,819.7613403,61.07284677,179.162,4854.345,0
0.007354555,74.96033519,784.8526836,43.64594124,218.606,2656.413,0
0.035842553,58.56628213,786.4892658,59.26535972,184.077,3193.162,0
0.031143087,86.2694227,755.5860969,46.29854969,183.878,4082.544,0
0.027267444,70.94069921,813.4954582,72,179.703,3875.806,0
0.026225237,84.08647009,777.0819403,57.98135291,186.625,4653.166,1
0.018533335,66.37678596,817.7774182,49.06459167,207.767,2791.009,0
0.024586916,81.8064596,793.5412481,64.73799805,191.338,2772.64,0
0.020427295,78.02243462,795.1848298,50.46783538,216.307,3055.893,0
0.014154095,76.97761937,796.9086863,58.67987628,205.531,3309.237,0
0.01870135,69.68935771,809.1944722,54.64067334,213.91,2910.852,0
0.011639036,62.68719352,835.2480409,60.55446919,201.419,3772.056,0
0.01792143,74.15030833,775.5088319,48.34902057,208.473,3150.854,0
0.024965768,69.28064349,773.9215186,60.21403852,186.175,3856.761,0
0.021416157,65.54150497,789.8087383,56.07036985,207.441,2639.8,0
0.024975143,72.74489146,810.4325792,50.06259835,208.933,2290,0
0.005,72.2662869,833.3142889,43.65977061,220.449,4390.037,0
0.014284282,,781.7744739,40.31531868,220.125,2474.865,0
0.032423969,83.28776663,785.1113816,38.75782842,203.905,2435.412,0
0.009097696,75.70934891,798.1183538,53.41310254,209.021,2758.072,0
0.029120009,69.85537003,797.3853061,59.94470886,190.679,3113.289,0
0.022487888,90.12428736,773.6587607,38.47013333,201.303,3533.95,0
0.035933588,61.30286113,799.6861991,65.4888224,176.455,3277.334,1
0.033519423,77.77111315,766.0935201,40.03124264,200.118,2964.078,0
0.026138483,,795.2501934,49.42243571,199.443,2481.114,0
0.024505538,79.27770626,803.0046346,58.59175633,194.46,3253.007,0
0.020121997,74.07052153,800.1378176,51.17599527,200.047,3525.956,0
0.025942881,74.47377669,809.430269,45.49521835,204.871,3805.829,0
0.013946613,64.81165725,826.2486694,43.62316453,215.038,2645.397,0
0.033641663,56.6155278,823.8450577,54.19382629,185.58,3570.756,0
0.034297073,69.28437943,788.9406495,50.56956495,198.153,3628.358,0
0.030412081,56.76359589,,44.89524426,197.859,3057.196,0
0.016156169,88.76264862,790.7249309,48.10012606,215.62,2509.509,0
0.014055768,65.75262323,827.3400803,62.56200699,196.012,3694.401,0
0.032199621,84.35405104,770.900908,41.08737124,194.131,3478.215,0
0.01731325,68.56908719,786.8039753,,206.985,3304.285,0
0.031987123,75.7223533,783.3749581,55.06510719,185.664,4220.524,1
0.028344622,82.79320966,806.3517251,54.23347993,191.854,3586.512,0
0.016301109,69.85181526,820.645345,52.6214695,209.323,3713.115,0
0.02004971,84.45311762,764.6281126,39.3991169,211.378,3194.329,0
0.029826432,73.22457647,802.5948486,47.62851195,203.974,2889.13,0
0.00929948,71.62774403,799.1062774,52.58766796,222.056,2624.795,0
0.015737797,79.14537267,772.233301,48.4853099,207.896,3152.883,0
0.019107225,75.21148788,788.2112668,53.79227464,204.249,3421.444,0
0.01820305,79.69972975,755.2492922,47.71328232,206.215,3674.044,0
0.024702055,71.68867126,781.4953928,52.17403081,204.546,3507.075,0
0.023045417,68.3858707,761.7785015,50.93783465,195.048,3576.277,0
0.019620976,63.80124769,813.9051886,58.25914313,208.161,2891.572,0
0.01935421,58.16772451,829.2571011,62.3303732,184.855,3280.016,0
0.016754792,79.81712402,754.2566445,60.24790143,186.328,4074.446,0
0.0276245,72.02751829,785.6170525,59.38948841,194.765,3558.436,0
0.018520722,80.89392437,791.6765447,68.60953709,198.414,3152.517,0
0.026928944,75.02831452,798.5315693,49.41571848,201.693,2628.255,0
0.027066181,73.97389208,801.9695138,50.46469125,200.092,3339.901,0
0.028552202,70.12636692,789.0155233,42.23248622,208.235,2225.171,0
0.023185516,87.63630896,771.5011035,51.57583844,205.692,3322.914,0
0.021460412,67.34554522,789.6620566,50.02012253,209.051,3347.33,0
0.008260289,74.19999715,,51.30369697,217.789,3397.516,0
0.02309131,62.44882958,827.0940026,52.69039371,200.346,3547.94,0
0.022335004,73.38009103,,50.4513189,193.357,3293.461,0
0.01691237,66.7776479,823.2155073,50.80367417,210.003,2362.263,0
0.026655718,75.67779058,797.8409302,56.3171814,191.692,3372.217,0
0.037720724,79.83729536,783.4260214,50.48188938,184.545,3054.564,0
0.028362052,51.23894245,781.9858358,50.22776633,195.601,3587.081,0
0.03378982,73.11785008,818.0879173,41.0218873,187.111,3786.742,0
0.021909134,69.50008531,828.4000658,40.24944723,206.606,3582.026,0
0.014246664,84.51514039,749.1734349,59.96715346,193.838,4000.951,0
0.025361964,70.06540968,809.6630857,48.55866362,207.906,3329.878,0
0.015882264,50.33240816,847.0731461,50.50674523,197.664,3417.615,0
0.024395306,,768.4979295,42.51980581,205.297,2470.436,0
0.025605931,84.28371308,805.9813257,53.64440278,204.244,4219.395,0
0.028057148,58.79549806,830.0345623,46.66340958,203.562,2663.542,0
0.034765454,83.36516088,779.50369,50.58100683,190.939,3157.901,0
0.02460944,72.20716163,804.2275056,49.87494308,203.752,2693.084,0
0.029157057,83.09039701,782.0503212,66.61999866,178.259,3841.953,1
0.03150683,78.82001482,787.2224474,55.78082157,191.328,4036.902,1
0.023095064,72.91302168,791.2524802,51.13624823,206.56,2933.227,0
0.025727195,65.4348201,760.9890174,50.86409444,187.791,3674.123,0
0.029851886,80.2591777,782.141015,58.36326092,183.918,3260.076,0
0.025771604,73.69952762,774.415732,35.14647805,208.296,2461.32,0
0.026019768,81.64615099,773.4563279,45.79664272,200.617,2770.829,0
0.023843075,,801.8522305,49.94984821,201.337,2983.544,0
0.020272302,69.90704551,848.5867208,38.20457498,204.256,2662.217,0
0.024987005,83.68454326,790.4797711,60.44195627,191.846,3352.715,1
0.02614853,77.16038353,836.9449277,37.94212352,217.203,2455.012,0
0.033394327,59.2469625,817.4897101,43.3339278,196.289,2355.765,0
0.031301154,78.26426873,785.0439733,49.61467854,204.813,2170.738,0
0.028800327,72.65030927,776.7554839,48.884778,196.8,3096.068,0
0.028388274,64.40111257,823.7529387,46.05928034,200.377,3122.292,0
0.025891644,66.78705663,841.5469599,48.16287805,189.531,3512.414,1
0.029055124,64.30712354,,52.81300799,195.496,2866.12,0
0.02490172,76.46061669,797.1623564,50.19246162,208.358,2536.198,0
0.017828134,,808.2861006,60.72045292,205.308,3664.318,0
0.016623564,87.70377078,805.7054487,48.23019479,210.187,2827.664,0
0.033273585,83.52669166,802.1488266,64.78439033,180.501,4396.168,1
0.027293653,95.93745419,795.9887974,50.48543278,197.665,3105.418,0
0.014196283,77.28459838,820.1636444,51.47721766,212.237,2721.024,0
0.032705597,83.10581424,803.3173432,49.69078257,198.853,2765.129,0
0.01194701,73.1967418,,43.40580208,227.563,2904.133,0
0.021894023,68.78513183,803.6831625,56.10626037,205.911,3084.774,0
0.027541612,78.23544041,787.2036124,38.63684915,210.118,2687.134,0
0.032476936,83.1860323,774.2020269,39.82077714,195.489,2976.981,0
0.023002398,69.07602089,812.3961744,51.88806503,201.849,3495.042,0
0.027552956,71.10571904,784.5441794,38.75906766,217.237,2480.043,0
0.022953981,65.85296109,821.856125,48.14736577,207.966,2726.18,0
0.02571428,71.23078871,822.506727,64.35452692,179.17,3722.408,1
0.028477405,91.44708332,781.3178656,46.52557389,191.597,3565.72,0
0.02645716,66.56857526,,49.81840376,192.155,3200.505,0
0.017921266,79.41718434,778.2963241,36.21773503,220.061,2341.916,0
0.028184307,70.46306018,813.7285639,51.44040377,201.976,2786.357,0
0.027964568,79.65718705,785.6298954,40.18944929,211.117,2198.89,0
0.037533334,54.16232881,813.0184216,63.85059529,167.548,3513.121,0
0.022108742,65.54133589,791.3408096,43.5081401,211.481,3454.35,0
0.022914195,81.07359275,851.3120817,47.09763533,190.173,4155.866,0
0.025912494,77.02529327,786.6424924,55.43483343,199.077,3587.713,0
0.027230735,67.75449798,780.93034,56.73640535,198.237,3504.864,0
0.025522322,91.83438365,805.7137717,39.92773967,211.581,2503.338,0
0.034551245,69.95111541,804.9948062,46.4173227,199.003,2525.455,0
0.027363589,62.56618251,818.5921289,,200.142,2551.831,0
0.029666101,,818.5759489,48.3475833,194.545,3395.825,0
0.015814633,82.57348926,763.7567348,56.34985864,193.402,3587.926,0
0.011595821,66.37387596,827.8485132,63.70939391,202.137,3881.431,0
0.03720773,76.89026979,834.2539768,56.92290367,162.706,3009.261,1
0.023478998,90.72932489,805.84836,44.10392429,213.16,2720.677,0
0.019649223,80.38472836,807.787213,44.72353685,206.106,2963.079,0
0.030745051,76.32471482,,52.04322489,192.347,3605.68,0
0.017890015,72.86384557,791.9956772,47.824594,206.364,3342.671,0
0.018112893,68.67032907,847.4560033,45.0777351,191.987,4134.162,0
0.033508473,60.33126968,826.2058056,32.86997849,202.656,2294.454,1
0.019764863,75.73446209,751.2421643,47.29682331,195.181,3946.525,0
0.028180569,79.59088257,825.1691604,49.281766,194.243,3153.26,0
0.013217217,75.08146246,794.0054481,65.41918203,206.905,3747.141,0
0.018579652,67.63719084,823.1131267,64.93979178,196.838,4722.303,0
0.031291013,72.52859771,792.2958744,,204.63,3450.648,0
0.028647605,67.89398813,803.1819395,51.00522779,198.788,2507.69,0
0.01370041,74.53802452,797.6033192,42.40809729,223.618,2583.142,0
0.012985625,69.97745472,782.5946196,41.90617017,219.068,2139.564,0
0.031564068,67.29833263,806.0108101,58.20446685,184.092,3080.713,0
0.024730213,73.66825549,821.7292127,,207.044,2724.802,0
0.032786376,71.06442277,793.1902815,45.35670911,199.581,2944.732,0
0.012984691,75.04059378,850.494206,51.9492218,198.38,4313.802,0
0.032028317,72.61872864,773.7773485,48.24407788,195.03,3630.817,0
0.023582866,64.96156557,821.4171431,40.97125164,202.823,3184.922,0
0.030693499,63.42714668,774.7101487,47.7231737,191.58,2748.336,0
0.022276707,64.77415977,860,47.07956526,184.032,5588.742,0
0.027225179,82.30729233,791.4220026,47.18893553,190.174,3300.295,0
0.027099484,80.13847064,784.3713147,40.88178195,210.465,2613.278,0
0.025591549,62.2309821,772.6288588,53.65951213,193.494,3888.422,0
0.016012475,60.59164751,850.9583999,55.77522227,188.689,3794.188,0
0.005,71.05221759,800.4477845,37.14239495,230,1437.341,0
0.026765015,73.16230326,784.6319682,49.22096066,208.368,2699.496,0
0.019594847,45,843.4661536,44.60314554,203.669,2911.726,0
0.028907428,67.84510939,822.9957774,55.99298538,187.707,3659.131,0
0.023373746,69.75166499,766.9012734,37.50930725,212.998,2460.717,0
0.022552545,81.74479696,751.6173416,54.41552814,188.941,4255.231,1
0.032119277,74.90960645,805.9037102,45.46175861,199.742,2605.272,0
0.01979729,63.15328393,816.2140026,56.11649338,205.986,3694.054,0
0.024650462,67.9911512,809.7174797,55.77129899,205.505,3150.128,0
0.030615535,87.48006367,755.5815013,44.747998,184.152,4202.676,0
0.019328803,64.56665539,857.0812004,40.81065307,199.042,2914.456,0
0.019422399,70.97831193,784.7116782,50.41458662,208.647,2451.903,0
0.02581351,57.34683936,837.9374366,45.2012714,204.638,2675.648,0
0.03284495,81.47916082,818.5428779,46.46841698,194.057,2743.177,0
0.024743711,63.6434303,806.5729157,41.74184572,203.851,3186.08,0
0.031077202,69.65963919,777.6602087,43.36685091,195.985,1915.105,0
0.042387505,72.1996251,781.4714072,59.52039343,181.542,3773.333,0
0.031741158,87.11623249,759.6609237,54.73485856,184.495,3513.129,0
0.034152298,75.99350618,802.3932544,,183.285,3687.474,1
0.02188061,76.92513154,782.1150701,41.22532251,209.488,2567.073,0
0.018555019,78.26645813,798.1754741,51.76879237,208.766,3078.996,0
0.025119271,74.658066,803.1361174,31.47776258,212.397,2547.669,0
0.022654753,72.89313054,757.9406435,62.37317747,187.521,3875.137,0
0.021567635,77.94578333,801.2023291,62.11858625,200.348,3860.715,0
0.021218129,70.63973939,787.721084,56.33930258,209.519,3496.156,0
0.021942091,60.16895469,794.9669876,42.84796428,210.584,3033.728,0
0.027415508,78.07829415,799.3056126,50.66043231,208.74,2684.257,0
0.036388604,77.18973461,809.9186279,59.18064372,184.814,3193.139,0
0.023644949,76.68379188,851.4428292,36.20206006,199.749,3338.79,0
0.028752808,,782.0999218,43.7325849,214.9,2213.241,0
0.028948739,72.74572278,804.2341,45.30863445,206.143,2728.73,0
0.021373033,88.02061309,808.8197197,46.1306915,211.765,2410.698,0
0.029174284,72.37813287,838.7947138,45.1547156,190.595,3297.161,0
0.014653674,53.88045361,807.1786221,47.84687641,209.969,3344.395,0
0.028100338,67.85358041,821.8948605,54.21365356,186.194,4827.789,0
0.039659169,74.27535724,787.4211308,49.679409,195.105,2553.385,0
0.026840967,64.4185782,845.7681605,35.45536493,202.678,2351.641,0
0.022658774,70.59020591,818.837364,33.2289645,210.977,1796.701,0
0.024346487,74.13691574,793.5779572,51.17013536,206.732,2309.123,0
0.021422438,67.49832916,816.1070128,47.00060265,208.48,2973.885,0
0.025025273,70.36098462,860,42.51637483,188.597,3360.289,0
0.012497772,79.01182328,811.8992529,50.15069103,215.274,2978.347,0
0.0274497,58.72458228,814.4066334,48.24671808,203.737,3649.669,0
0.019120454,82.88677616,826.021226,52.31984399,211.801,3050.971,0
0.028829111,76.14330707,826.3366678,43.72082689,197.805,2717.027,0
0.015192643,71.16319243,802.0692845,57.21585036,209.379,3056.657,0
0.039892262,76.41481371,761.8242804,54.70138576,176.631,3676.94,1
0.022190186,76.53684722,807.3075369,,198.219,3160.247,0
0.015868753,68.90235937,799.903495,58.48813301,198.995,3065.038,0
0.021410982,59.92839321,797.0876672,44.95705883,212.764,2987.526,0
0.018097148,61.42511128,786.459914,,208.645,2980.162,0
0.026085375,75.72584568,796.1181027,50.10742732,213.147,3103.516,0
0.017507521,57.59193788,810.0819143,44.55478629,219.47,2434.559,0
0.020421429,61.31261047,823.872957,45.76738639,206.031,3030.534,0
0.021633404,80.9649192,847.4559882,52.16585487,192.162,3800.185,0
0.045848248,69.94250994,772.7850615,56.29284283,179.17,3874.077,1
0.032782713,60.55302541,796.6128895,52.95660112,193.869,2966.524,0
0.027326313,73.27347676,860,34.36025165,183.664,3870.416,0
0.025865524,70.65288544,827.0003424,56.17104421,197.817,4039.831,0
0.024844901,74.03509076,757.3874406,34.99159303,203.827,2656.432,0
0.019829895,54.35137226,830.2627576,49.05747756,208.854,2928.841,0
0.027281886,65.33772016,784.4829121,62.68951606,185.784,3007.431,0
0.032225648,77.13147368,,53.0605655,181.549,3578.715,0
0.043242036,70.47001016,763.2292873,44.1125468,189.051,3414.74,0
0.022278158,81.83052678,777.6528865,67.77593831,190.48,3765.158,0
0.016946455,70.98883843,828.8055325,32.57849906,221.476,2897.875,0
0.018816784,74.92088058,740,44.73039867,192.063,3966.839,0
0.024694309,62.60561713,821.7615564,62.01961535,191.893,3473.012,0
0.032606106,69.37756184,778.9785923,32.13787729,206.485,1767.042,0
0.023538756,68.58017253,808.0148052,,216.462,2013.81,0
0.038712243,74.22286211,795.813629,49.21848575,194.752,3159.823,0
0.025094018,69.82814869,793.8518175,56.99794435,197.109,3979.246,0
0.034225877,58.39108897,788.1894285,45.34641551,203.85,3256.39,0
,80.81949622,839.4293458,53.31111192,208.636,3676.174,0
0.017498699,68.15601356,807.0902653,67.32136665,198.747,3638.215,1
0.016042045,84.18071662,811.3742146,41.82378509,216.943,2781.338,0
0.026566902,64.53518646,808.1661028,48.59457681,198.872,3105.23,0
0.03123445,61.58262108,823.337469,43.87933843,187.583,2921.771,0
0.015535416,79.01193044,776.0627532,,217.651,2216.753,0
0.024638585,71.96102992,822.2831404,33.79338593,220.482,1593.13,0
0.026047079,62.78018984,816.4129443,48.89511451,196.459,3224.029,0
0.036479886,78.65294095,794.5661808,50.50177533,187.516,2824.505,0
0.026910213,48.34213858,798.3067787,49.80594864,200.575,3115.33,0
0.015166649,65.38954561,803.6136923,,205.596,4236.302,0
0.033544126,80.54049306,794.9752468,51.1583031,191.485,2634.281,0
0.016565235,74.01009039,820.4087305,48.06491575,210.212,3645.561,0
0.026378545,,794.032141,34.24009165,208.632,2489.927,0
0.010096842,73.80023341,799.9213173,50.33140008,218.461,2632.428,0
0.029049189,77.91084605,757.5140284,45.55502832,197.569,2947.619,0
0.017654067,76.19130237,766.1609565,38.20369495,215.273,3101.625,0
0.030035875,73.98319577,807.0322419,47.87709302,202.384,2724.29,0
0.018859359,82.43734122,797.6793566,57.79629288,198.664,2749.635,0
0.029454306,74.70902133,815.6812324,37.1099157,205.247,1884.673,0
0.013468642,79.77861588,802.6275914,53.61929694,217.39,2885.416,0
0.024047907,68.99067305,782.1210301,44.09955884,210.368,2717.402,0
0.017498737,66.19465401,811.1661458,44.48936246,220.052,1968.459,0
0.01886519,76.93140385,781.0800203,37.89488519,224.084,2398.22,0
0.029716326,79.21770812,779.61815,35.03919224,211.674,2124.879,0
0.011272843,65.92569826,786.969047,46.93509109,215.076,2840.117,0
0.025460363,79.73103329,781.3812761,62.28522065,200.064,2990.462,0
0.032073515,72.68171577,832.2753789,48.56727231,183.302,4162.972,0
0.034011501,72.30993581,798.4532005,,199.842,2473.151,0
0.033938858,,810.221648,60.64747007,182.491,4148.913,0
0.009952461,60.22675487,810.9970652,44.29318042,222.474,3095.898,0
0.014723052,66.19447774,809.3286085,45.7436149,212.329,3016.53,0
0.02980571,47.18772033,807.6168533,50.23917766,194.512,2984.857,0
0.033523087,73.91885726,813.8100595,58.49841601,193.654,3217.304,0
0.02038316,59.79476265,842.1735427,53.05138654,185.234,5170.969,1
0.017637089,65.89128782,834.3500388,53.52141301,198.556,3058.833,0
0.010753097,79.22344269,809.0574641,54.34021272,215.653,3145.925,0
0.022912211,73.98314639,812.6586653,44.99512545,210.036,1702.162,0
0.029759084,66.27666503,794.4869161,44.28854833,197.945,3045.071,0
0.030551273,87.43622163,801.9509321,54.25536441,199.603,3512.263,0
0.0338687,52.68294853,860,49.94086962,167.319,5719.449,1
0.022560891,74.99429075,786.0159565,46.10607443,207.463,2473.119,0
0.013826189,77.1811751,767.7112483,43.08032405,216.21,3596.435,0
0.032237476,62.94557518,819.0546422,42.30979211,199.859,2555.579,0
0.028465404,64.28553628,860,36.99445915,186.577,3560.366,0
0.03191919,85.36306933,783.3005696,56.44005987,192.505,3108.173,0
0.031395196,72.39838737,,50.81675482,186.992,2788.467,0
0.02096475,59.16999671,789.0585632,50.52197702,205.182,3350.309,0
0.025800323,82.17947342,809.8676714,54.09764811,194.856,3109.462,0
0.015492926,67.14146399,844.6963868,47.57873439,204.419,3036.809,0
0.021984115,72.08931728,835.9895537,57.9068934,192.386,3226.471,0
0.025271873,64.45949382,772.6046214,60.4829512,184.697,3985.103,1
0.022327084,72.53512284,800.0801045,50.84688123,209.601,2973.945,0
0.032936711,83.58702912,807.2892609,56.41668699,185.32,3574.394,0
0.0264695,74.97991767,805.8066624,45.00710933,206.182,2426.656,0
0.018270058,66.42697202,811.9004923,57.1384679,199.568,4039.873,0
0.036466632,81.26337248,778.5257743,49.13519929,187.328,3258.262,0
0.022588125,52.69482642,829.0660715,55.17379502,198.773,2966.618,0
0.022584869,60.73130253,801.7296925,55.39470459,205.745,2936.948,0
0.027704834,80.91348957,740,52.9488017,186.714,4219.612,0
0.039887167,85.04336887,831.256235,60.23409596,172.092,3666.764,1
0.031327025,74.48786228,764.29575,55.08920128,189.911,3440.112,0
0.017766719,81.65635261,836.6976673,50.78520684,198.251,4245.587,0
,70.20552844,805.5259349,53.52941127,205.662,3556.052,0
0.018784723,72.11167846,810.0456785,49.12618935,207.618,2619.351,0
0.023586673,73.6214896,800.7757105,69.83522762,196.122,3328.621,0
0.02725732,81.91362248,766.1185311,35.96306822,208.924,3123.463,0
0.022509346,79.26014395,759.7472238,45.71398252,201.602,3567.52,0
0.026372569,79.82047512,824.9685093,50.10209983,201.11,3516.191,0
0.023632948,72.64513045,832.1199237,60.37091038,192.924,3673.669,0
0.034763111,79.75346313,751.4497333,52.46809457,174.646,4584.654,1
0.033045532,87.3584609,784.6062547,58.17030211,192.497,3891.379,1
0.035784366,68.7741024,796.5036474,65.01227099,179.087,3047.038,1
0.038339286,86.7756465,770.0867773,45.52704545,189.336,3528.982,1
0.035765528,86.75305454,800.775378,,197.589,3052.91,0
0.02630903,78.36346093,793.6986569,45.59944713,209.722,2188.028,0
0.022695196,72.71435274,814.7481604,47.08047629,210.108,2827.327,0
0.031122422,77.14455174,806.7740187,52.53180571,200.105,2963.224,0
0.023403324,,818.1547269,48.73783389,203.882,2921.429,0
0.023543749,89.25842922,807.8686343,43.25163146,211.622,2385.067,0
0.022606671,65.08246108,815.2595429,57.41316739,202.593,3100.852,0
0.021611816,77.09935244,800.3432554,61.47027164,196.652,3041.499,0
0.029449338,76.98753755,793.8640215,54.14809322,194.726,3197.733,0
0.021058269,66.67848786,850.5879758,44.22195747,194.456,3669.792,0
0.01737896,62.9915153,802.824244,53.22094943,211.141,2522.418,0
0.033053995,76.27972382,782.8589243,52.77126501,198.038,3242.001,0
0.021727765,83.3084189,775.7912858,,209.709,2377.266,0
0.03934694,72.13901641,836.3954197,33.65704528,193.571,3161.278,0
0.026160602,70.0568539,779.8241648,46.61225517,205.038,2612.647,0
,79.082,793.281738,48.3661184,205.044,2685.751,0
,71.27848461,808.5046772,61.68650849,177.632,3655.862,1
0.016637318,76.85991159,794.2560536,49.10238332,207.152,2404.619,0
0.033122634,73.98880841,753.6932457,53.1102271,181.85,4103.441,0
0.015540239,71.48163837,820.2056783,38.54928841,215.99,3460.802,0
0.025969764,77.16943851,793.1752542,48.49386099,206.794,2547.22,0
0.023840614,64.65551426,,45.7690365,195.118,3126.009,0
0.029776477,74.4726091,839.41456,42.12780958,198.286,4511.618,0
0.022663308,88.05338817,793.3460634,48.12262248,202.823,2893.529,0
0.016309428,71.10106255,782.1693026,46.02114616,215.726,2978.156,0
,69.69696062,788.8582703,,197.156,2253.629,0
0.014285011,68.22100015,797.709141,46.09336461,213.696,2865.99,0
0.016417407,,799.3687687,45.68960534,221.72,2472.434,0
0.021740856,71.46034616,814.9037379,67.43911447,204.307,2850.592,0
0.03229405,93.27982425,801.086248,49.47182636,195.591,2889.148,0
0.020316809,67.52845165,806.5487237,28,226.047,1120.758,0
0.04138451,69.18225726,803.8562568,59.17873938,180.475,3513.121,0
0.020580614,75.83586699,761.8388897,41.47482612,194.358,3639.96,0
0.028476098,75.98791152,808.6200646,48.57876216,200.398,3543.751,0
0.012499232,57.48199187,844.4408164,51.04964757,203.072,4110.362,0
0.021280425,68.21524564,749.7967945,51.45305969,203.327,3571.759,0
0.025897072,77.90740826,779.7271301,48.97248625,204.598,2624.194,0
0.032463698,78.10765645,821.3154681,42.80074633,192.556,2272.459,0
0.016580562,78.84393012,784.8310175,49.04447383,210.063,2362.113,0
0.027887063,59.87923258,840.6980694,39.06902362,193.731,2903.514,0
0.015135997,82.71618007,786.2164507,63.7471117,195.978,4323.857,0
0.018095233,75.28236641,823.3106705,54.24794623,207.403,2744.753,0
0.026486499,74.7027917,776.9547371,42.56419982,204.755,3187.933,0
0.024166718,54.7792155,820.3367455,62.73503709,193.783,3511.784,1
0.026446484,81.20948741,787.6501283,36.89685227,200.724,3610.261,0
0.027549686,80.62782721,805.7898549,45.35808544,204.81,2182.581,0
0.02446,80.27423159,773.9192449,41.77835837,196.852,3260.881,0
0.013521111,80.56769681,842.4679508,57.15158657,197.558,3919.055,0
0.023163122,68.36452009,824.7083386,42.26273187,212.635,2327.184,0
0.021392312,84.18449133,775.9102564,51.21754305,198.585,2707.68,0
0.030760453,51.77030338,835.076307,64.96722236,178.161,3839.53,1
,79.22463155,805.156058,55.0352129,201.612,2789.143,0
0.033488717,68.0446363,806.3695575,64.24664439,177.86,4190.234,1
0.024701354,64.32082928,805.2875908,52.96722036,197.887,2826.031,0
0.022961312,,860,39.10678224,189.471,3690.551,0
0.020681544,75.06535391,772.6018249,58.17574951,196.919,3389,0
0.031050856,72.63099717,815.3951481,58.1252485,187.809,3520.334,0
0.033878604,65.67651931,837.925315,45.04383485,181.946,3468.999,1
0.010335707,78.25592491,792.3534314,37.31892074,230,1860.438,0
0.021426677,71.47904435,810.8671167,55.28542569,193.341,4911.724,0
0.02108523,82.16179378,786.4024285,46.5549972,215.137,2463.614,0
0.034489826,84.8480584,804.0771761,64.75443339,183.145,3367.629,1
0.027683431,81.4214947,808.2103647,50.41475911,200.965,3661.977,0
0.027273232,80.05188557,781.6538181,49.42668756,196.214,3195.148,0
0.01665734,77.4634753,771.4723776,53.82914932,205.834,3015.222,0
0.022737327,57.45729448,817.7138166,56.71428287,200.175,4297.91,0
0.019815045,63.01351982,817.9413465,54.39979165,203.716,3201.612,0
0.028988392,61.47792554,779.3472296,51.23602599,199.976,3219.683,0
0.033513443,84.54598802,789.6894132,54.46473242,186.819,4298.603,0
,77.03769634,796.8577612,49.17677463,206.03,2678.428,0
0.037884202,61.2620655,839.1283153,49.34226565,169.389,3137.901,1
0.007394045,71.33957046,750.4493166,68.23897261,193.505,4668.507,0
0.026286855,81.28297532,807.3843501,39.92249355,207.471,2761.222,0
0.022212337,80.20416521,762.0670365,52.74552605,189.895,4185.263,0
0.021965374,73.20911907,803.6120966,41.4416256,211.912,2909.002,0
0.028598775,81.50698932,801.2577243,44.63011351,205.428,3449.144,0
0.015632738,59.48826315,830.8670608,53.78844318,200.604,3378.36,0
0.024280369,73.96016118,808.3398092,53.3775332,206.96,3027.028,0
0.022775626,73.0068296,753.9034283,52.09479964,198.787,3585.433,0
0.028372758,69.20022576,770.2307424,59.10960642,189.978,3178.295,0
0.032900419,82.94993337,800.4925328,45.74615363,201.482,2298.023,0
0.019458224,76.00958053,762.9283755,46.70652793,199.67,2754.522,0
0.012746311,82.01202546,761.9877225,50.52489822,207.183,2957.333,0
0.023836279,71.19536843,830.8281714,49.92151343,206.838,2946.335,0
0.021205956,77.6381389,807.9423005,49.54911119,215.675,2936.935,0
0.032880856,63.88340177,804.830658,38.34734308,206.19,3077.032,0
0.025304387,57.18851529,788.829433,46.97074972,201.966,3514.372,0
0.031126762,,801.5445396,70.41079163,180.606,3832.672,1
0.034782959,75.39913153,822.2950172,50.12225903,178.042,3858.405,0
0.013560736,71.39853204,779.1169109,44.14485635,218.693,2325.167,0
0.021442168,78.27302784,,52.27740852,204.239,4159.681,0
0.011179962,60.696153,817.3122146,36.11569989,220.363,2359.199,0
0.020655882,73.47467005,770.5785549,48.43897245,203.239,3416.92,0
0.031670115,73.87933812,762.9785845,41.36164876,191.374,3294.729,1
0.030048427,72.29584214,829.1276809,45.63981856,188.973,3789.165,0
0.031212106,69.52550066,769.4692532,63.86342207,183.976,4044.662,0
0.023977763,68.35841948,771.3995601,36.81333887,210.363,2447.644,0
0.021901753,83.55548515,799.9636769,57.10759658,201.847,3595.271,0
0.014365005,64.90176664,836.665695,49.0900541,208.508,2589.835,0
0.019922845,73.8323027,822.3131941,42.08277883,210.848,2660.314,0
0.025993591,63.66827703,793.8148961,53.80290067,206.919,2292.531,0
0.009138398,89.11463666,758.4379218,58.10175855,198.534,3852.255,0
0.029978811,66.17678573,805.0071384,49.47442089,199.056,3382.664,0
0.031713396,,824.5795508,59.57851787,178.376,4949.612,1
0.026581528,62.73431837,809.5257891,50.22958487,209.741,3380.392,0
0.026340987,76.38750902,806.7899614,52.23765927,192.72,3419.647,0
0.01780546,83.72720005,789.7528266,50.77243797,207.089,2812.123,0
0.021847486,74.73856582,796.4911098,48.6790428,210.396,3224.245,0
0.025443136,76.62798046,812.0338563,45.31710156,202.68,1783.753,0
0.016638635,68.86449599,807.2736252,43.88601485,214.176,2885.315,0
0.025703528,73.33541038,812.096325,48.08976974,199.27,3015.846,0
0.025334421,66.43125097,849.9984348,49.88455795,188.818,4771.391,0
0.027948668,71.72715626,813.0226343,51.35586061,198.465,3779.746,0
0.024387087,81.63238776,760.3050764,40.0683843,205.042,2532.598,0
0.011732744,75.14149957,835.5317998,41.05455124,220.57,2747.23,0
0.032123698,79.07922853,779.232691,56.78281485,189.877,3383.426,0
0.019352189,62.25756532,803.1616775,52.86644351,195.752,3168.89,0
0.016864009,75.33252446,791.4033304,58.65426934,210.984,3303.725,0
0.037647272,83.26058315,790.1440194,65.8470912,186.614,3739.416,1
0.022950053,78.86753454,814.897888,30.94328462,219.277,2645.645,0
0.028489052,81.97818186,740,62.98443391,162.061,5178.811,1
0.019991507,56.70636625,821.8298216,50.58796119,205.649,3112.397,0
0.01511833,77.37971177,747.5309937,45.32367094,205.368,3138.168,0
0.028445618,71.67984781,790.2355993,45.3446271,200.934,2721.989,0
0.020647879,79.6846581,754.0147298,38.61279916,204.868,3298.709,0
0.031208207,72.34161411,807.957066,47.71675409,194.512,3730.753,0
0.014987729,79.43661293,773.3260415,51.85954475,201.464,3292.082,0
0.015808166,65.99176762,819.9634352,51.80932253,216.766,2580.374,0
0.019887724,58.23169904,792.1812978,48.62158916,211.373,2165.95,0
0.029235519,72.68281769,795.5253434,61.28895756,203.062,2400.505,0
0.018905133,63.87599106,804.1403575,53.28178019,206.284,2726.45,0
0.034404492,80.4255352,810.9944036,59.52633459,189.956,3078.549,0
0.024201506,61.45922762,766.1513672,54.04744902,185.895,3915.954,1
0.025671716,61.03600925,797.0718047,49.93779577,207.611,2624.666,0
0.022266963,62.85402675,833.151435,47.82767649,201.223,2941.708,0
0.026233351,94.86782303,775.1643093,47.10104772,204.323,3491.95,0
0.030051499,90.74397841,802.6273214,52.1787578,191.215,2736.234,0
0.043591773,74.7261112,793.1485696,70.46809466,166.95,4528.117,1
0.023176216,77.07441342,777.5538122,70.79222516,195.08,3345.516,0
0.010792592,76.53498446,780.2104787,32.96464875,219.255,1974.093,0
0.021640303,81.95450066,795.7260153,54.60701309,212.107,2466.762,0
0.010791725,76.079399,791.9577447,46.87086553,222.213,2521.121,0
0.018221238,69.54583906,807.0593089,60.07470781,209.458,3535.166,0
0.019720482,63.3643635,817.8733898,65.65702493,198.262,3156.394,0
0.033040469,56.00551827,812.0492192,38.62511058,205.79,2335.066,0
0.02296456,79.01226992,795.8925359,43.4527961,211.003,2713.325,0
0.015937478,,785.2349776,42.05527201,219.414,2191.083,0
0.024057248,62.21236134,836.4610343,45.40184625,196.999,4711.6,0
0.025660194,66.05151993,776.3629166,56.88922318,192.82,3244.167,0
0.028905666,85.77030288,809.8309593,42.07455718,207.78,3180.786,0
0.025262533,59.2558629,817.6228925,45.34127417,200.275,2442.717,0
0.039997103,67.50134294,805.4752483,44.56422057,191.642,2859.46,0
0.02918517,72.35157743,809.965825,40.1744286,206.455,2526.346,0
0.007400301,50.83922095,801.5651369,48.60127597,214.172,3096.319,0
0.023598981,77.0770953,792.1271967,41.10996597,208.216,3142.213,0
,80.60313048,852.3946289,53.42088186,186.658,4208.133,0
0.020137955,71.61163354,761.470156,54.09138054,203.761,3485.499,0
0.033569308,75.46391121,775.0103308,43.90811337,199.321,3134.133,0
0.021471203,67.92757894,849.1047544,48.53450386,188.372,4144.478,0
0.02749357,60.48791891,781.9556427,39.60506657,210.817,2034.406,0
0.035882884,,788.6729604,59.7247008,185.523,3147.775,0
0.018054056,60.60987335,794.7671447,54.48345875,210.649,2750.109,0
0.027474095,69.88954609,,50.58076038,200.238,2716.828,0
0.02676536,79.83267019,814.8559315,46.7545115,192.917,3126.549,0
0.01878744,69.58665886,779.7208148,44.35371531,211.506,2202.827,0
0.032312224,77.64231949,814.4552353,40.75259165,201.405,2970.458,0
0.02034813,68.6436623,785.339947,45.4945827,201.83,3594.527,0
0.028464125,93.6937667,799.998824,41.63539566,203.143,2889.521,0
0.033553197,82.08991214,790.637949,53.79629348,191.698,2663.972,0
0.016254056,64.12710314,787.9391621,55.7404673,213.827,3032.895,0
0.03297124,71.54135622,783.6815564,46.30518895,194.977,3511.907,0
0.025571057,59.93531533,802.4138635,55.02567517,197.16,2451.509,0
0.031265131,66.81592376,822.9980675,51.08731522,190.38,2852.808,0
0.018127489,87.02863632,812.3577196,52.18044732,204.468,3211.541,0
0.024896789,74.40272791,805.1840543,60.13539253,195.114,3935.954,0
0.025452114,72.74873805,769.5972821,40.15177331,215.745,2240.595,0
0.008838093,88.66078982,757.2722473,52.11620192,213.51,3989.163,0
,74.44983702,810.4873214,49.98876314,203.758,2833.175,0
0.019724431,81.15506492,826.7336912,36.09494844,222.996,2784.847,0
,71.2936113,816.8478635,52.50473548,204.921,3093.814,0
,78.71686234,797.1830148,46.61098001,209.141,2782.072,0
0.022488374,,773.6404082,46.52968164,206.428,2502.087,0
0.019317066,69.93773947,821.2093822,59.69383274,205.988,3598.961,0
0.035870463,82.63218989,802.5811076,,199.989,3019.616,0
0.023652055,62.00160632,823.4263392,55.96932187,199.663,3311.418,0
0.035327984,53.21809324,763.7201196,47.24789087,182.265,3794.054,0
0.016989441,71.46153561,772.4537342,54.13093952,200.254,3772.465,0
0.031238774,77.53509629,797.4663634,38.14696903,206.966,2297.345,0
0.037509435,80.30881141,785.2103549,43.61066477,195.385,2613.895,0
0.025723398,66.59770291,826.9643778,42.84218515,204.412,2450.125,0
0.036888212,75.677694,790.301553,50.76358149,199.782,2656.267,0
0.018995531,64.99455957,832.6903332,45.76987394,210.9,2715.178,0
0.021434043,84.34153384,780.1987429,56.73626361,199.975,4001.356,0
0.025509191,46.67116436,788.7441224,67.33477964,181.603,3253.242,0
0.029439746,74.68282184,811.4689652,51.47764396,193.778,3460.284,0
0.029192971,75.83881369,836.6143324,59.80457218,185.564,4760.948,1
0.013538367,74.44266116,787.2229836,40.05659181,224.897,2291.292,0
0.011938986,65.01269194,806.973816,72,203.447,3730.563,0
0.030008895,74.82809672,764.7598087,37.58122524,210.805,2360.852,0
0.023974923,79.72060398,775.0224453,50.05104526,196.992,3413.787,0
0.021255879,79.4326629,816.0580372,49.02950432,210.354,3524.822,0
,71.87323024,797.0170809,55.75045445,205.36,3250.646,0
0.035944888,78.46265972,769.9193463,43.8197953,186.72,4017.791,1
0.024108174,71.86612756,798.1077657,48.61485625,211.429,3434.812,0
0.018482945,56.12542832,773.4216155,60.49497774,197.073,3871.46,0
0.026541589,59.60943113,802.4230709,46.92795773,214.878,2398.847,0
0.025809204,61.84308104,796.8437989,32.57265021,217.996,2005.876,0
0.028528088,57.86976949,833.2258681,41.27385318,184.861,3580.874,0
0.018201029,78.95586416,799.0414763,49.21955631,206.302,2782.941,0
0.039591431,80.53063108,810.3301575,36.63431882,192.991,2255.901,0
0.033876648,81.50073146,740,55.70567651,171.542,4003.694,1
0.021162345,69.56522816,790.2862688,53.25832144,203.264,3005.578,0
0.021614191,64.80034438,806.3235832,57.18505482,204.815,3121.112,0
0.02165838,80.2306667,799.983574,44.04747959,207.859,3399.619,0
0.023770153,59.44672376,809.1246331,66.1667337,185.797,3817.678,1
0.03300615,61.69110764,813.3763052,44.85045355,194.603,3324.841,0
0.029727064,64.56091335,813.7515143,52.76191664,190.259,3704.186,0
0.024885311,81.58276284,777.379389,37.19333369,209.908,3156.531,0
0.020378258,74.51726341,828.1255664,43.63151615,213.13,3084.508,0
0.026912826,79.01205734,820.7766128,39.24080243,217.427,2374.448,0
0.028767777,71.15327,831.2641312,56.44814182,182.718,3824.528,0
0.025909304,75.8456072,809.6545755,46.8906729,205.849,2725.972,0
0.029567977,82.15773963,836.0826483,62.80973523,173.278,4950.678,1
0.020752244,67.08924223,799.3951782,32.53747724,225.209,2187.47,0
0.013342875,83.90705162,758.9432189,30.69590298,210.89,2895.038,0
0.028345538,78.74341469,762.9991075,38.88609365,199.287,3021.025,0
0.021885831,77.93560392,837.5879083,54.82400157,195.181,3571.531,0
0.021486239,75.39084321,825.1400055,41.56311239,209.686,2901.518,0
0.030767611,81.81754199,771.1106201,53.33779564,189.822,3481.723,0
0.031061662,77.94983226,808.8808924,46.59369891,203.111,2425.709,0
0.019119738,60.76935218,782.0313882,58.28699404,194.015,3391.346,0
0.028594673,73.99559019,860,35.90577102,186.289,3239.274,0
0.042802786,68.1549526,794.5189444,53.2381321,187.857,2943.234,0
0.029329725,52.48838579,795.8368973,49.64475161,195.992,3248.244,0
0.03378814,70.02187225,779.0499923,45.83119061,198.836,2925.975,0
0.033335845,70.31284547,792.701973,53.42956659,192.412,3216.675,0
0.02932827,72.79788584,789.8945173,46.53451717,214.498,2302.256,0
0.013251211,63.31142781,792.4605664,51.66841684,214.563,3021.974,0
0.03308242,76.37713193,797.7413445,57.79227255,188.956,3596.848,0
0.015841958,,829.9520054,54.23014109,210.137,3079.612,0
0.027101553,73.10078331,854.4604526,59.57811057,176.29,4255.499,0
0.025731031,71.55313636,803.576574,51.41028654,198.177,2717.952,0
0.028506026,74.22021388,791.860996,44.47448048,204.797,2829.846,0
0.023399953,61.89509985,802.2126696,29.10878279,221.837,1381.603,0
0.020522232,66.91073126,784.3310343,47.55948754,206.945,2745.355,0
0.018314073,66.61193911,826.7215397,41.58749604,217.619,3353.311,0
0.011685892,74.76746699,806.401616,52.07967203,219.148,2203.279,0
0.022293444,80.78727347,860,63.16926999,179.594,4976.007,0
0.016789007,73.51380303,792.6525032,43.98032317,211.25,2491.94,0
0.036660974,81.4709666,765.9792387,52.07305675,188.505,3293.661,0
0.029491058,76.62464327,785.6237073,52.70463193,193.436,3143.356,0
0.009986581,84.0978653,809.875342,51.89100256,208.841,2740.172,0
0.017086597,66.57438171,791.6891768,47.19667715,217.493,2292.899,0
0.024875621,75.89680543,807.7762114,55.28388179,207.959,2928.309,0
0.028818183,72.4678507,829.8335672,47.37946726,186.081,3120.653,0
0.016705312,85.97653907,809.0354987,43.04405153,212.738,2515.121,0
0.028787657,78.7731732,781.1386353,56.05498865,196.043,3206.406,0
0.026392283,75.61413367,798.0725676,50.3918289,197.316,2662.896,0
,70.85177322,801.1222784,58.78501974,202.876,4065.91,0
0.022829066,,825.923495,45.39587983,214.07,2855.148,0
0.026505436,79.65543999,789.6680864,55.29807901,202.555,3303.584,0
0.031052185,69.94972707,785.4346994,45.46084659,195.586,2632.231,0
0.027783036,80.28696481,815.4943716,48.41810216,191.47,3759.583,0
0.020585134,86.80181113,784.4377154,,195.741,4177.751,0
0.025382615,73.5456178,792.4190958,50.54107029,205.483,2891.151,0
0.015488491,84.51165474,795.1699863,51.92035973,203.452,2727.431,0
0.03237959,78.34308583,826.951732,61.26664284,186.568,3888.417,0
0.0196416,59.23266035,841.0912687,49.55745147,198.935,3634.136,0
0.018270759,73.37796892,814.7036585,60.13393993,210.36,3344.84,0
0.022732163,64.66453746,796.2855283,33.71418005,213.809,2812.606,0
0.037507896,55.78301201,817.322079,42.4317585,188.923,3047.231,0
0.021544909,73.63778925,805.8382786,65.00611222,188.334,4671.591,0
0.010215699,64.20296735,794.3840889,54.32885737,220.375,2838.386,0
0.022331147,89.22364191,744.9733517,48.17528766,192.664,3779.223,1
0.022119263,59.19704873,847.514509,44.6477112,189.751,4161.342,0
0.0311785,54.59009355,820.9057723,42.44262936,195.973,2895.988,0
,73.25040685,820.0970067,49.77642389,199.12,3285.539,0
0.02578678,55.97105658,827.4509996,54.63356189,189.865,3779.058,0
0.028443405,67.23236562,823.7233796,52.69083271,196.779,2483.756,0
0.023669591,80.30827619,816.4373683,62.28424919,192.045,3290.367,0
0.02844054,79.06953774,787.7906467,49.66066496,202.886,3010.241,0
0.030701579,73.0040699,781.9681746,47.83585655,200.21,2654.129,0
0.016099083,73.15099434,807.7896925,44.93159332,217.127,2593.861,0
0.014783048,62.38409576,817.1615154,58.4773651,202.172,3090.161,0
0.027100584,68.38864085,800.2337012,63.1662405,199.895,3362.097,0
0.031905564,64.52506247,795.1420802,44.85685481,209.705,2392.106,0
0.020336633,60.37287143,840.327636,53.96491068,196.102,3658.16,0
0.018452126,59.29204671,850.5166804,38.6959484,203.962,2685.441,0
0.01859142,80.48158554,764.3148608,49.67022038,202.385,3326.341,0
0.024238824,77.47796297,803.633809,52.94699541,195.774,3318.617,0
0.029894871,60.62321602,834.461622,55.41423822,181.118,4817.239,1
0.030041068,80.81710363,808.5545397,53.60125855,193.267,3870.345,0
0.016925883,100,760.4985949,54.97862005,185.576,4291.499,0
0.015771205,68.10711914,845.8371264,39.68538855,202.217,3231.735,0
0.031069474,93.46483893,759.1874352,,187.151,3894.891,1
0.026588813,58.46406628,791.4278906,64.63361838,182.59,3629.948,0
0.033630037,67.0059507,800.6628155,37.45250841,207.321,2790.473,0
0.016046498,59.62357095,820.0479858,47.71799654,214.617,3205.821,0
0.021527924,88.64834249,761.3457107,49.11958984,201.985,3303.59,0
0.016532226,67.84951977,778.1029962,42.95330402,215.707,2659.459,0
0.013160828,80.4721771,771.1606427,48.2223558,209.593,3467.65,0
0.02025276,60.67808061,787.8740388,47.84159104,210.114,2475.392,0
0.036803804,51.68506548,788.3960118,54.07788819,187.093,3303.572,0
0.012622481,63.79828763,825.1487099,47.42930116,215.838,2902.918,0
0.011614003,88.41974771,779.5999032,66.34669536,205.331,3778.405,0
0.030173895,63.33072043,837.3441644,55.35691808,182.607,4565.935,0
0.021190791,65.50623202,839.1193785,60.44763236,186.631,4403.586,0
0.035735103,73.66099312,803.5299599,41.31452457,200.724,2317.698,0
0.023139319,66.6964279,801.27333,54.48120791,204.782,2978.998,0
0.013797648,70.29998485,788.1562681,53.00773286,211.848,2742.25,0
0.015252747,72.65232561,830.4697439,49.25479363,202.686,2883.908,0
0.032585748,76.96129857,805.6756984,36.49779706,211.426,2594.019,0
0.022592727,70.7360407,798.3331632,61.38070768,195.857,3714.162,1
0.024240478,72.0477314,800.4876637,50.01924708,198.365,3144.046,0
0.021430052,76.83766663,789.2672386,52.60198159,209.358,2738.954,0
0.026847695,55.0696882,860,44.19160633,184.316,4244.934,0
0.033985451,79.3563211,810.7889856,62.33264099,179.647,3411.654,1
0.015081819,64.60890531,802.1927586,43.3708726,215.152,3115.179,0
0.029373309,79.41475908,833.9363237,38.73290607,211.535,3322.677,0
0.013757776,84.44623406,801.7638612,59.48911228,208.274,3553.868,0
0.029262363,74.53406917,774.8688118,64.77255405,193.828,2662.597,0
0.01956703,67.16543006,791.5843802,53.37943023,203.866,2935.061,0
0.017287288,79.46067832,825.2612102,51.02036808,206.233,2950.199,0
0.029564656,74.63908271,829.0198469,55.75046057,183.441,2962.601,0
0.016900241,54.62193288,780.2494094,57.69776458,200.767,2779.22,0
0.021061209,58.1825,810.5096078,45.4857803,208.976,2459.895,0
0.038628126,73.46969324,795.9876919,49.98093032,191.554,3287.527,0
0.023168063,70.37338138,860,46.28428179,183.601,3880.705,0
0.031674891,76.34129991,778.0292249,69.04567622,183.528,4804.662,0
0.024931172,70.6436414,812.5417935,45.7580079,201.953,2673.569,0
0.029798882,71.14004641,761.4083105,58.89958291,180.146,4085.629,0
0.029015603,67.07240818,791.950322,56.93920356,190.341,3024.856,0
0.019605343,63.39008129,849.1659147,50.36086401,192.555,5133.145,0
0.024454337,70.62085342,777.4223633,61.73277211,187.501,3955.919,0
0.021426209,74.582463,801.8263343,47.44858479,214.313,2019.126,0
,89.28556618,819.0778214,,192.588,3402.245,0
0.02693744,64.14968837,807.7192315,50.16558552,198.402,2808.952,0
0.018148009,65.70045566,843.9587268,,201.872,2691.989,0
0.013917608,76.60739142,805.0647585,67.57354205,200.794,3705.366,0
0.036465022,83.09032511,,46.08928712,195.896,3549.926,0
0.027068739,62.77091512,799.6230681,54.72965996,201.161,2938.169,0
0.032079685,73.80596283,780.7657199,50.93183078,193.952,3435.494,0
0.022674919,82.63187567,795.7567299,55.61054063,205.377,3039.556,0
0.019126742,,761.8219095,54.07383631,201.688,3887.177,0
0.018702243,80.30659359,803.5280397,42.65329802,224.492,2401.472,0
0.02360236,65.69939128,796.7384466,48.4004789,212.692,2322.939,0
0.034496351,75.70356169,827.8963169,60.00772094,183.283,3096.61,1
0.024010153,68.08933757,835.8943322,51.92824399,194.436,2517.474,0
0.02803621,87.62999731,,58.59968947,179.738,3945.885,1
0.026478199,78.32448557,,56.75676576,196.382,3246.763,0
0.017116797,77.17878592,825.942505,48.45697632,207.565,3444.09,0
0.029721037,74.03012355,788.5468935,56.74737231,200.063,3525.834,0
0.028890982,72.09856937,831.4956592,43.77349381,198.717,2956.39,0
0.029951876,81.06102258,786.4194958,60.5700448,194.264,3654.191,0
,91.77927848,752.9852343,64.84330802,163.234,4973.273,1
0.005,93.22725872,755.1563116,48.41709037,210.398,3173.426,0
0.015654577,,,52.74653499,201.187,3938.536,0
0.028021572,77.69499314,785.8370549,48.80823221,204.93,2471.198,0
0.026014948,72.03849034,819.5944169,46.47088599,205.073,2770.75,0
0.01881312,64.02043516,762.0567145,50.89787745,205.286,2504.432,0
0.02566233,69.20299326,795.5257469,34.35339339,223.209,1547.674,0
0.030544421,61.46413453,806.9388861,48.83943665,202.439,3013.989,0
0.024490692,76.55323856,803.5815077,54.38832889,197.898,2841.265,0
0.020154938,91.63274424,797.4063805,56.19680092,202.98,3369.074,0
0.02536018,83.99933433,777.2822165,48.50329456,200.837,3050.523,0
0.02635193,72.35791546,800.7427784,46.00275042,214.448,2744.888,0
0.030644871,63.01060957,830.8634,58.90430904,177.977,4520.751,1
0.027904132,73.7073206,749.6721522,48.58159611,191.611,3197.819,0
0.033722039,70.59955287,809.4768512,50.78197146,185.642,3823.263,0
0.01874816,71.12852742,821.8351584,,207.016,2513.076,0
0.024780855,75.95168727,780.3372009,46.39365348,207.478,2290.824,0
0.029962533,73.05177491,798.7600133,54.87749234,198.576,3035.469,0
0.033972318,76.92432945,775.903376,57.23242294,185.578,3823.669,0
0.020860378,69.80128391,805.2735825,51.95480326,211.189,2823.549,0
0.029900786,74.6070208,740,50.26036025,177.037,3766.967,1
0.030311576,64.79001096,819.6391594,55.42912758,193.833,3973.865,0
0.017933963,82.57545991,780.3276134,41.69037636,219.812,2029.048,0
0.018216014,74.95055688,806.1728844,45.79837399,217.956,2847.3,0
0.018711146,73.84490553,783.9814929,56.05006359,212.045,3116.918,0
0.020709445,58.47093325,834.5573729,48.12061243,206.668,3975.879,0
0.021057384,66.75044361,799.6936098,42.68776515,214.178,2464.309,0
0.015987023,61.99596238,820.9930347,40.69601141,222.043,2228.522,0
0.033777239,71.37312139,818.1128117,50.16794835,195.269,3195.416,0
0.020095473,83.48448477,823.7410917,57.59499064,204.553,2477.749,0
0.018999738,82.37615035,836.0847996,62.12423687,196.942,3817.526,0
0.015683838,75.09160458,785.8977977,46.72209376,211.663,2535.394,0
0.007225552,77.91651582,799.8223965,60.13765988,213.949,2750.086,0
0.025276243,45,820.308295,49.95804062,195.518,3801.437,0
0.01599141,79.815871,790.2766831,48.46807575,215.201,3125.414,0
0.021881145,86.67052116,773.1898962,55.25891861,201.457,3441.463,0
0.028739862,71.86352205,795.2021324,62.93001389,183.686,4532.483,1
0.018217331,60.23170339,812.9359527,50.83688718,201.754,3162.336,0
0.020441278,66.39601529,807.4121653,,209.894,3284.723,0
0.032801405,71.42650454,814.0138986,49.54987317,200.564,2859.621,0
0.028532885,74.36513975,795.3463059,,205.658,2652.86,0
0.022960819,64.79927109,838.456513,60.94902121,180.709,3898.938,1
0.023841357,68.40891021,758.3642446,,182.299,4000.696,0
0.021715784,67.98950009,,49.06967612,206.753,2582.665,0
0.019592455,61.87182342,810.0113326,52.84628569,206.3,2388.536,0
0.022812263,79.53792297,837.6538298,53.48119352,189.631,3475.116,0
0.025104878,78.66678192,827.3391736,66.00982443,186.014,3860.805,0
0.017422874,84.81967835,811.3788883,51.51629814,212.119,2812.425,0
0.02595819,78.06332619,791.0529561,57.66856823,204.178,2940.777,0
0.026325224,64.80412292,824.0312651,52.72348257,201.866,3993.456,0
,67.34502779,816.1562814,44.35736406,202.872,2584.176,0
0.025313149,73.40461789,785.2412159,40.36237764,210.002,2989.691,0
0.031645842,79.16405701,774.6717078,54.82856259,193.45,3194.326,0
0.024093988,72.22957033,803.1539294,64.15319338,197.087,3331.872,0
0.02466053,60.67798425,793.308303,49.06632585,203.161,2925.877,0
0.034143003,74.55423579,817.9820537,48.44288966,188.394,4387.87,0
0.025095264,89.24947954,765.2773512,45.87195549,196.576,3358.539,0
0.032350229,82.52165915,802.2662553,45.26957783,187.867,3007.76,0
0.016021604,67.58310814,793.1376188,42.28138302,216.783,2263.388,0
0.02997637,76.61695755,778.4200116,51.64652397,199.795,3199.117,0
0.034714609,79.15275252,825.8210622,41.56724162,197.249,3122.137,0
0.015169221,79.87685606,831.9293085,36.11671873,227.083,2397.318,0
0.024278981,78.23005552,782.9279408,60.0481659,204.187,3108.67,0
0.023711856,,789.2193695,35.42961471,204.751,3103.946,0
0.02078329,61.98063027,811.8852651,41.48058655,215.202,2318.149,0
,80.28274964,745.2159418,52.73568922,197.65,4237.036,0
0.021256572,81.20581539,744.754566,59.71213001,183.441,4417.963,1
0.014024851,82.65785364,782.7579038,51.65357359,210.768,3375.52,0
0.029013185,70.4467107,761.5175172,53.20435053,190.079,2727.491,0
0.024892821,68.56063889,820.528914,49.64223796,201.857,3615.196,0
0.022963852,59.95891737,810.4392143,48.75986638,206.53,2387.11,0
0.022673195,69.71139562,784.2628944,41.52195157,214.19,2208.361,0
0.010299193,91.86452446,792.1902598,57.88990626,207.81,3041.759,0
0.024415044,89.00810707,812.21048,64.98038223,195.465,4702.596,0
0.021574297,58.42266312,859.1553266,52.35871489,185.711,4660.675,1
0.022842143,68.45579433,805.0921506,48.85797416,209.946,2908.575,0
0.018755419,65.71688549,778.9102043,52.70461752,206.427,3274.746,0
0.026129091,66.56191158,841.7750094,38.37648426,200.287,2980.66,0
0.019748807,57.65447239,791.0907653,49.32945041,210.023,2783.874,0
0.027196788,63.42065569,841.0569399,48.32906587,193.363,4092.666,0
0.030420279,78.27348898,786.9367503,38.81405753,200.187,2099.237,0
0.029530827,72.46965523,796.5100049,56.55652845,197.268,1939.974,0
0.022657192,59.34502962,825.4221101,38.73849264,203.176,3532.145,0
0.026546183,71.03456979,791.4613328,55.1331063,205.289,2867.288,0
0.034445073,69.53678235,821.5157176,43.35953696,187.519,3775.825,0
0.022970573,,824.439196,36.80875021,210.903,2540.201,0
0.018424506,68.00573653,805.3554296,56.09204266,203.861,3244.713,0
0.011728748,75.94153997,809.0878022,55.69731889,207.477,3839.973,0
0.012481292,71.44808825,817.7255935,36.52710793,227.485,2831.692,0
0.016238238,75.98936748,811.3413607,55.76567784,207.638,3255.71,0
0.026982903,65.3336313,857.8315453,42.6616376,183.691,3770.294,0
0.018780085,63.90576061,825.6222626,51.03801289,202.44,2845.673,0
0.018708961,69.32852133,827.6537178,51.77324074,197.953,3309.833,0
0.012691629,74.11302419,762.8630932,57.1488068,201.48,3293.131,0
0.0241044,72.97817252,766.6638151,40.7207805,206.498,2845.185,0
0.027986373,67.82404019,818.057804,49.27149101,205.263,2681.68,0
0.023227111,79.65117169,755.7624312,47.26397239,198.332,4101.785,0
0.028415602,68.36580005,803.07988,40.83795095,208.735,1886.318,0
0.034089394,83.70245107,776.3959261,39.63381697,209.285,2241.881,0
0.031321451,73.85646005,814.4961869,44.41327761,200.346,2839.906,0
,73.81462424,815.4847172,49.13460783,194.838,3679.578,0
0.033876152,69.22699729,790.8196145,60.78462267,183.366,3819.207,0
0.025211727,76.93861398,794.0081288,52.16133644,202.082,3380.921,0
0.027184171,67.55453243,797.6412947,50.9301131,205.727,2562.32,0
0.027407631,70.05393621,,52.86690813,186.697,3284.858,0
0.028353967,76.44012794,791.9485046,41.00717119,216.051,2297.287,0
0.022537043,,782.488897,54.95765735,207.869,3250.4,0
0.028376078,,822.3197319,54.62184438,191.127,2964.433,0
0.016771403,63.24556021,803.4630008,57.07180461,206.599,2959.731,0
0.029735161,64.80563634,792.7246389,45.4296509,203.264,2955.264,0
0.024104905,77.62902285,761.7293849,50.62043851,196.996,3529.156,0
0.010531311,71.42234528,784.0915038,40.44624951,222.752,2802.798,0
0.020753472,74.69393785,796.7045544,,210.263,2443.73,0
0.017860858,59.84421062,802.591819,49.12208322,213.026,2931.166,0
0.027996249,83.47699914,792.0057893,48.93775009,200.993,3147.103,0
0.0212198,,799.3943971,54.4776156,205.844,2655.905,0
0.021824074,73.53028596,767.8488668,50.92286972,202.34,2963.979,0
0.027212977,65.15290298,829.8812556,54.63163544,191.544,3919.458,0
0.023046695,74.11974155,770.9980868,53.43455786,196.08,4023.381,0
0.025821514,91.73703923,799.5945315,50.67512406,208.626,2845.872,0
0.034258426,76.79252117,798.5691435,49.90504375,201.715,2396.12,0
0.022727549,76.90643175,767.5345864,48.17528077,207.219,3204.912,0
0.021317962,74.7792384,834.6534656,59.61148841,185.592,3746.517,0
0.030827067,77.37506755,844.0383275,40.22969667,195.906,4701.078,0
0.018997953,63.39172625,837.0753367,48.03449658,198.93,3853.785,0
,80.66021335,758.6188637,,189.003,3623.316,0
0.023715531,82.67052024,779.5149424,34.63580782,206.467,2016.696,0
0.036289487,74.52285334,,47.68214937,194.588,3632.158,0
0.029619181,77.14113157,813.2272672,48.77344753,196.124,2641.446,0
0.030064642,56.15446749,799.5362804,43.17706683,199.622,2970.439,0
0.01667643,72.82417656,818.2697886,52.42303133,207.88,3375.441,0
0.029390269,73.38548025,803.2350528,59.04303594,181.077,4132.313,1
0.018320793,85.1442432,745.7422878,51.26857928,182.433,4861.332,0
0.019653683,84.69596816,786.9689505,45.15642935,209.152,2954.24,0
0.026463224,72.66568528,776.3417567,42.82585866,198.418,2964.685,0
0.023219814,78.82854022,753.0642938,54.1712698,188.31,4568,0
0.02378472,87.58992012,763.9781258,48.43681277,192.261,3921.378,0
0.020406417,72.92941624,802.5769035,55.62236631,196.32,3225.17,0
0.0265857,90.1944055,757.2336802,49.12235815,192.099,3092.661,0
0.018369745,77.8291875,749.8824722,45.7796732,194.779,3585.267,0
0.027700332,78.29286438,845.0397269,48.30693485,187.245,3294.451,0
0.021384117,58.98485143,833.4002522,43.972201,198.987,2735.302,0
0.013985904,63.79495012,789.2444205,49.39506916,214.402,2809.68,0
0.029036079,59.25382554,810.8331511,40.06508103,202.82,2240.138,0
0.031089923,80.14979391,777.3295905,48.67103539,200.142,3202.403,0
0.01165177,68.31022198,843.3948169,42.10536344,211.972,3287.573,0
0.026229689,62.88921465,805.3121853,50.78556269,196.683,2699.852,0
0.023220236,64.95292834,778.7580796,60.59435492,199.109,3213.532,0
0.015827092,67.82971957,852.3347999,52.92487571,201.419,4142.539,0
0.018595054,81.24902203,783.4164203,61.80109685,196.903,3713.752,0
0.024876999,,740,58.89389327,174.804,4875.8,1
0.027668324,54.63594854,837.8395973,44.2580042,198.012,2593.842,0
0.024530592,80.93198891,777.2133211,47.96340941,207.818,2058.305,0
0.014908055,71.22841031,814.1271353,59.54438011,210.123,4142.099,0
0.030528544,74.59435722,816.5393142,54.26427428,188.622,3347.028,0
0.018956793,78.36437201,777.6072892,59.58055732,196.448,3589.134,0
0.022963905,68.56547856,821.2047141,40.18128722,214.998,2922.527,0
0.020426202,74.62815231,775.4544079,45.39553596,215.077,2780.641,0
0.018391768,65.64746917,839.0798365,,208.949,3516.289,0
0.023722431,69.9947299,789.2074607,48.14631827,207.648,2091.017,0
,77.06219116,847.2729255,61.96062419,199.422,4433.203,0
0.023277412,82.47382267,827.5329482,49.60790387,198.737,3410.18,0
0.037019458,56.0115569,823.1346095,52.17394513,178.702,3459.482,1
0.039402273,57.75339889,809.0383973,57.44622995,179.084,3473.407,0
0.033787502,68.60325536,785.704824,39.63721863,204.314,2609.165,0
0.039219141,56.19710621,846.3864096,54.12425828,162.105,3746.64,1
0.022883638,82.02447585,772.9159945,58.06482288,201.079,4084.769,0
0.016285154,73.18198974,,42.5670779,214.255,2875.899,0
0.017105977,,806.7998269,60.03311896,195.289,4142.406,0
0.017396868,70.14423463,805.9924395,47.22140901,209.557,3325.171,0
0.026240706,69.57501882,860,53.19083481,179.426,5222.355,1
0.025259812,67.22139258,775.8317406,47.8699668,198.922,3138.27,0
0.013738693,81.86431106,805.1332466,56.75161839,204.183,3100.335,0
0.026724528,84.34505262,810.865034,56.70195923,199.245,2792.321,0
0.026918822,81.75922404,772.5916178,60.24666205,186.938,3868.225,0
0.02164626,63.42497333,832.6536882,48.20052498,209.497,2797.027,0
0.023080875,54.57662913,839.1850076,46.62072491,199.288,3582.468,0
0.016454999,56.59449579,788.6337255,53.11881392,208.691,2892.951,0
0.02112022,61.68939642,780.8665287,57.84822479,189.154,4020.654,0
0.02620225,63.96145821,819.1411358,49.54511882,195.035,3049.718,0
0.027477528,59.47808679,860,51.94029028,164.243,4962.273,1
0.022646098,74.53381526,802.6221983,54.07437442,204.761,3114.769,0
0.016166726,68.86631315,823.2505148,52.24465823,205.729,3361.609,0
0.018150196,74.35749589,793.9561834,58.88237366,201.085,3123.214,0
0.031843375,67.90808156,792.3300126,41.61950439,197.158,2307.956,0
0.021234984,68.59887985,806.989493,47.47246665,207.872,2513.317,0
,56.79659402,740.0440149,,188.305,4180.387,0
0.028366707,74.55217222,797.166395,51.92192114,206.94,2412.328,0
,81.39303096,771.029911,44.88205645,193.447,3483.072,0
0.015367959,87.65976695,801.2467276,34.71657051,220.793,2338.849,0
0.031860333,65.0251658,847.9082426,,174.416,3903.301,0
0.028464204,53.49750671,807.7831718,60.80634119,181.445,3728.368,1
0.017816943,57.30694735,815.7644448,48.91304791,206.279,3031.792,0
0.015148289,80.37230579,788.3855932,42.057999,225.616,1871.635,0
0.025359221,57.3839451,848.641449,43.71752244,192.889,4588.419,0
0.029705203,64.22674461,809.0639775,50.07065012,194.759,3565.492,0
0.025765715,58.70363934,788.8077084,59.45598442,190.457,3382.83,0
0.035474306,70.52545685,791.4870938,62.18763086,175.369,3963.265,1
0.023795082,,783.2983435,59.45121042,197.012,3658.127,0
0.01302482,87.58787348,791.3659298,46.71541535,204.102,3062.571,0
0.028627949,64.79574045,777.5670266,44.40043732,207.267,2762.862,0
0.00827357,74.16316812,775.5969262,45.94817103,222.942,2390.108,0
0.018532665,69.95036495,795.5921786,40.84914456,222.659,2240.526,0
0.020448728,69.75267265,,44.1271928,213.142,3413.572,0
0.018366355,78.66987161,745.1903091,54.19561396,183.751,4216.278,1
0.029348563,71.73128133,815.1926919,47.90191089,199.641,3346.263,0
0.009789987,72.71773462,826.9876795,49.62369073,221.144,2989.023,0
0.03015177,77.06115001,847.3487536,49.0738705,173.787,4792.147,1
0.012974997,60.81046638,860,51.89611837,195.01,4881.346,0
0.0318306,67.40268951,784.3530519,44.1950521,202.55,3264.126,0
0.01750502,81.17765323,806.2438905,43.02789064,217.727,2285.299,0
0.009783306,69.26384224,796.2838832,44.41419008,222.638,2200.279,0
0.033781888,78.11273848,819.5889812,44.90405682,184.583,3801.162,1
0.023457587,77.1993018,825.5023745,41.15959339,214.827,2307.138,0
0.02626671,72.71426755,804.1773404,45.71165745,206.006,2961.441,0
0.017964849,76.8883342,818.0380043,40.81748026,213.603,2536.441,0
0.021201472,90.03548901,794.2206501,48.86009561,198.952,3590.106,0
0.017776466,68.85830696,806.7070471,59.47987192,210.938,2564.776,0
0.024276808,72.75721025,807.8400728,37.65530904,213.795,2020.648,0
0.024906085,74.88532383,775.7847021,56.47342154,198.84,3363.336,0
0.024313936,85.98839018,775.4051817,58.78065964,195.198,3773.986,0
0.022854081,73.2162465,813.7864258,29.05056469,222.886,2398.115,0
0.011941574,66.4856359,830.0032092,47.47110852,215.82,2876.062,0
0.030479992,67.74975557,827.8414297,49.55209129,183.224,3307.538,0
0.023354428,67.04615631,822.6042688,50.8109338,197.508,4250.54,0
0.029920168,62.01710005,,52.96948744,191.946,2872.15,0
0.022234423,89.02934105,803.4548431,33.26379302,218.14,1736.29,0
0.010336532,71.58854569,,51.9056002,215.692,2459.384,0
0.027468018,77.25137121,802.7644567,38.64183163,204.298,2465.712,0
0.015261445,75.94303068,771.3599602,51.21581067,208.716,2366.482,0
0.019924762,59.59128425,797.2329987,59.70499942,205.608,2869.297,0
0.022225214,67.40106465,860,63.7760141,176.468,4563.24,1
0.017430115,61.12729502,802.0700536,50.01281968,220.176,2183.294,0
0.022356335,67.16704128,855.9675231,32.72364722,209.481,2640.755,0
0.029727009,73.33557303,793.6404114,65.99062254,187.506,4050.785,0
0.01779503,76.73628364,800.395725,57.57948509,207.924,3109.599,0
0.032286178,70.73319584,,43.09639186,195.067,2278.575,0
0.017108314,69.04645495,762.6964266,40.51028049,215.56,2185.56,0
0.016464613,67.55104109,860,43.0453643,203.692,3367.902,0
0.015385163,79.86184533,799.0571616,37.68631506,225.652,2495.426,0
0.020104979,85.87371981,782.4638271,54.85235069,208.76,2712.415,0
,58.68000198,813.1907677,42.05869874,208.745,3206.75,0
0.019687811,68.83304441,767.348316,42.90531625,210.782,2764.81,0
0.034764348,86.50858473,782.6669702,43.12065547,196.274,3308.02,0
0.016945572,,848.4882045,52.51303298,201.476,3415.376,0
0.02734942,79.01775118,760.8429313,44.77833068,191.256,3223.098,0
0.020260977,79.5131305,788.1820176,48.42128373,214.897,2669.653,0
0.026843674,66.91854648,801.8349419,44.24383856,206.393,2047.3,0
0.013760814,75.2398389,797.0573791,46.84249293,213.967,2765.321,0
0.018990001,66.92084868,810.7244653,60.48142078,200.276,3072.933,0
0.013039938,,805.0440644,49.39427947,220.512,2335.365,0
0.026433742,82.84059225,769.6507495,47.08054708,200.626,3490.856,0
0.026418828,76.42045518,750.0333651,48.1457001,194.181,3789.049,0
0.020655976,57.74374283,823.3528994,52.45443948,205.374,3653.792,0
0.014868093,92.48781046,809.8718718,47.72056446,207.539,3023.506,0
0.024346171,,812.7147027,55.21817694,199.679,3434.114,0
0.032053899,77.43658342,830.0037065,47.83630608,190.457,4124.489,0
0.023663338,88.21580479,791.338627,56.02177763,191.68,3931.971,1
0.025821913,67.83140323,758.5704996,56.34164105,187.286,3917.118,1
0.016588111,61.90182668,809.3606652,55.59755063,208.592,2857.397,0
0.032451449,88.66800798,832.5095264,51.83980892,185.021,4042.601,0
0.010859819,69.03613841,844.8086109,58.56203179,196.657,4270.124,0
0.023966638,96.97288256,805.8074232,60.79018275,192.302,2928.2,0
0.017879699,59.98427277,813.6899687,49.20606071,217.336,2157.307,0
0.015550344,88.6140641,811.7440143,34.19282492,224.064,3361.159,0
0.02212945,64.19164823,831.9935016,64.30866415,201.069,4324.343,0
0.026007403,67.86297019,798.0250658,53.81211731,200.644,2807.901,0
0.016638625,65.67271044,821.280062,44.88944623,214.888,3244.293,0
0.036712844,68.7375828,818.1095301,46.71674445,191.752,2646.456,0
0.038432928,71.23950318,824.9261606,58.83420382,172.92,4186.55,1
0.022469395,61.45978232,823.0972781,56.93157609,200.208,4379.865,0
0.031924341,80.74118728,818.0252109,55.70147398,192.392,3412.493,0
0.026050057,70.91201026,788.6714208,49.3186465,209.799,2442.257,0
0.014051794,66.34697261,852.6204734,57.85324508,190.715,4593.746,0
0.010938912,64.3756449,796.7824775,46.83666807,215.902,2984.04,0
0.026248133,66.2295589,813.4465699,60.94719474,198.341,3366.163,0
0.014699513,68.68706919,829.4264222,42.02327014,216.453,2702.594,0
0.032443409,68.89729754,809.2531428,59.44349902,191.171,2986.305,0
0.033370732,69.47725163,793.246727,44.04704133,201.721,3071.362,0
0.01424443,72.90920226,810.7742657,55.41860011,203.382,3445.098,0
0.022222436,85.95099698,796.783393,61.59615179,196.618,3221.495,0
0.030814029,80.2175597,767.8443044,58.98973489,184.023,3327.799,1
0.030967608,73.87275773,807.0659338,48.03136211,198.249,3158.489,0
0.017061719,75.6659974,801.7738813,47.6538581,211.24,2997.62,0
0.021307148,86.59554076,771.3504136,61.13347019,194.639,3700.408,0
0.027626864,80.68519178,820.1040743,65.51649086,181.374,4337.851,1
0.01439193,72.49094628,782.4466684,35.97416155,226.582,1575.407,0
0.030694019,71.06597216,818.0271129,60.68290063,181.373,3971.566,0
0.023222625,82.81674097,812.3713563,54.28133164,204.462,2494.653,0
,73.63767269,799.9439223,58.42141729,204.971,2986.807,0
0.021480637,81.52345634,785.7189105,49.49970046,206.252,2310.592,0
0.022011785,54.29694028,794.8133453,64.71630124,190.722,3632.897,0
0.009160934,74.95848791,767.3195765,47.26025513,211.49,3276.367,0
0.021209488,,808.2007758,45.5622182,211.671,2804.304,0
0.025617831,69.65846064,806.6524932,68.46923613,190.508,3866.948,0
0.032588513,70.45139195,794.0304368,49.66165702,188.723,3387.73,0
0.0120041,63.08505767,832.5847661,54.93414821,198.692,4324.187,0
0.02479718,72.64310665,755.8744383,52.7059582,190.041,3599.892,0
0.019718728,85.53573552,781.0329595,65.9020739,197.596,4184.569,0
0.022860761,84.75559233,781.0903614,57.14845617,204.989,3469.394,0
0.016453592,56.45846259,820.0219902,44.10760572,209.18,3660.526,0
0.034101473,68.63134478,838.9098899,49.53574395,183.403,4423.922,0
0.017924225,82.78076041,783.1529427,39.77806059,211.342,3554.809,0
0.005,78.65160732,768.0601268,59.38897185,203.091,4368.285,0
0.015084975,56.88522503,804.5194459,48.26172085,213.836,2920.937,0
0.023453591,79.19047881,817.2139425,40.14270635,209.044,2278.149,0
0.009378194,72.51364799,799.8181409,55.4237441,214.436,3088.928,0
0.033455687,60.25326061,827.8326828,60.55227573,170.063,3852.385,1
0.017559118,62.88795643,783.8027756,66.26771343,201.534,4022.622,0
0.02862111,55.75722574,831.0772374,40.11923004,192.407,3580.063,0
0.016962342,89.57195643,771.3353016,54.74042749,204.356,3955.238,0
0.020573486,71.14851936,770.9696371,59.10285292,191.221,4094.437,0
0.0112199,62.81475661,802.8405756,72,206.388,3077.886,0
0.017251089,70.39889838,772.2953937,49.9302346,213.427,3412.019,0
0.01879823,68.74889396,770.4687704,31.06853313,226.292,1485.306,0
0.029117356,62.33016535,792.159624,58.17649994,191.951,3055.551,0
0.034642938,65.42058607,833.0589567,57.91414907,173.097,4395.097,1
0.033867181,89.77370626,806.5284243,46.07250602,194.58,2711.178,0
0.012789545,69.85457559,740,46.44900366,196.928,4417.257,0
0.007446821,69.50856321,787.7139446,57.92181594,207.085,3106.589,0
0.025912401,60.09824683,834.5158812,70.73557638,177.36,3604.464,0
0.023422399,52.6133397,808.0013348,47.19407168,204.559,2977.247,0
0.033923641,74.50675579,790.2395179,58.1871995,195.904,2744.978,0
0.01965465,71.6953712,825.7493472,60.06777251,197.281,3259.798,0
0.024142709,61.3203754,,53.52085194,203.178,3146.558,0
0.023392852,57.92239825,810.261433,52.91476066,203.591,3466.606,0
0.024448034,76.92181566,803.8423239,43.1761657,213.698,2564.429,0
0.035182407,65.25030475,822.9588081,51.83587932,183.178,3535.456,1
0.023968858,64.05275238,826.5633302,60.64257375,189.521,3716.319,1
0.024196519,84.29000145,822.7207864,54.78174394,186.783,3658.764,0
0.027422733,69.09242055,807.9723066,53.65702872,198.258,2992.6,0
0.022570234,58.67820869,837.9375513,65.37132262,192.106,3532.221,0
0.018438252,66.30182536,789.9447009,47.83925722,215.321,2740.795,0
0.038254388,79.51566764,774.3161834,51.44305296,182.216,3160.653,0
0.026207978,74.53103616,796.0363718,63.79718168,191.519,3652.467,0
0.027974348,78.1885392,742.7678912,63.43379674,173.236,5063.017,1
0.03051768,81.2938297,803.2566906,47.16223799,202.576,2894.856,0
0.021349266,79.89742575,740,58.99174843,177.693,4405.802,0
0.010872595,62.3853147,808.7469396,60.81920041,207.051,3359.592,0
0.023741426,85.74719443,786.1229283,34.09951494,215.804,2155.917,0
0.026738831,64.92917015,801.7244878,47.2156157,206.78,2387.846,0
0.015067979,73.71271582,763.4145605,58.84457075,203.98,3964.735,0
,81.53478616,818.9995719,39.23352242,202.979,2224.086,0
0.021673973,67.27208309,804.765312,57.57120254,207.891,2902.931,0
,87.98970828,795.3700224,58.56298307,189.892,3495.384,0
0.031121069,73.52559207,840.4351174,52.40030895,179.172,4388.387,1
0.028929689,65.42325999,794.7304439,36.38947941,209.992,2336.804,0
0.029330669,67.18650553,779.4926052,48.09139869,199.178,3338.324,0
0.030986337,77.7628722,817.6621384,42.88268952,192,2674.074,0
0.011040464,75.04882762,820.6112668,47.39790137,214.3,3782.99,0
,62.32788718,824.0584111,49.86940483,185.665,3785.286,1
0.024828975,81.06550598,765.8907022,41.76288445,210.496,2822.829,0
0.014691609,78.36090885,814.8253883,55.01510177,206.691,3762.481,0
0.025797281,81.30453806,843.1504978,47.12482922,191.748,3642.492,0
0.026031082,56.35770424,842.2607718,55.17306765,181.161,3663.755,0
0.017191088,58.26511354,832.0589214,59.47005537,202.068,3145.543,0
0.028934851,78.45683874,829.455579,52.75739536,185.697,2899.657,0
0.019051448,68.60199429,846.3459303,56.15495778,194.522,3540.728,0
0.019368161,65.86222992,786.1796255,38.9747805,222.861,2418.578,0
0.02646192,62.1186066,,52.42764067,190.975,3335.872,0
0.022634004,69.19015238,802.3085525,49.92931691,204.06,2229.574,0
0.023043932,61.9207981,799.6977161,40.61832196,213.245,2410.591,0
0.02993265,72.47634855,,36.57070758,211.895,2606.464,0
0.016677136,75.996672,782.5432277,37.69172615,220.104,1835.133,0
0.030429837,63.11735373,773.402754,44.39657295,201.049,3228.16,0
0.02325359,79.5744803,819.4112162,44.66006397,206.905,2418.853,0
0.018102827,78.44270432,812.196772,50.76907979,209.253,3075.192,0
,75.81820111,819.5511461,44.41932109,215.094,2582.393,0
0.021550386,57.23788889,797.973795,42.69442851,217.082,2677.89,0
0.027322776,80.32649479,814.4901819,47.70297896,200.286,2699.826,0
0.036156498,,787.590111,56.12275338,190.6,3068.467,0
0.040817333,67.84762526,825.9116144,58.43742208,163.985,4654.749,1
0.009788497,87.75709849,777.3538356,51.25482423,208.749,3155.715,0
0.027893541,76.1550408,792.857733,35.67935842,211.018,1818.893,0
0.021265789,68.65103623,778.9341238,54.33335321,201.202,3013.996,0
0.027432792,,810.5779584,48.39608666,201.238,3180.64,0
0.034167176,77.91228158,814.1461596,37.42653593,203.94,2146.24,0
0.021303337,54.83167067,799.9850356,35.3660267,213.267,2893.535,0
0.023316855,70.08655894,773.5005876,53.26041488,202.475,3631.395,0
0.027204884,64.06732318,761.3462739,49.52591942,203.176,3271.494,0
0.021824686,73.64991981,816.0261298,48.07749505,207.138,3121.928,0
0.02683341,66.68594207,796.5847714,49.77481895,202.647,2526.543,0
0.043150052,71.17875884,,54.83368278,172.808,3838.129,1
0.016400986,72.24704936,795.5161078,48.36782357,207.117,2953.212,0
0.019600125,61.62036,830.1112793,31.24673933,209.229,2290.152,0
0.023195612,51.47267309,835.0874972,56.7616377,188.42,4507.782,1
0.025490404,73.37892681,771.0801365,58.42198598,200.521,3410.554,0
0.015790154,62.55788789,820.6848039,50.23734247,209.343,2776.539,0
0.026081632,81.34278215,760.9560278,51.10443504,196.35,3253.102,0
0.026182264,61.35895158,851.1988124,41.9508645,184.183,3981.292,1
0.010712539,84.52931594,799.960951,44.98236469,223.911,2931.704,0
0.03135875,69.72576847,787.4755307,58.47845503,193.505,3476.544,1
0.020506388,71.07877418,,52.15277246,204.254,3391.911,0
0.028527243,81.97513407,795.6533535,44.29704891,208.832,2650.111,0
0.011751073,80.3827064,803.7165753,37.5893864,229.484,2564.264,0
0.026356414,77.75864529,802.7098566,42.21426244,206.543,2889.804,0
0.027334285,75.32525893,804.8546828,41.78789968,202.11,3087.783,0
,75.82710909,776.0993151,57.25662898,209.289,3426.288,0
0.023481709,74.61007514,809.4579097,57.15245221,203.37,2662.553,0
,65.98648841,816.6529158,56.66637084,195.847,3123.928,0
0.024367234,58.93217401,813.9451649,48.23843412,201.853,3268.221,0
0.017638569,65.38147647,805.8140025,50.29662996,213.092,2946.799,0
0.012894922,74.31263933,839.8722536,61.76813513,195.316,4026.171,1
0.025942124,84.45597728,773.1577605,35.76126128,213.152,1643.082,0
0.02548694,70.61911293,,44.29039061,206.259,2612.862,0
0.02846383,85.66544931,825.0895328,51.55434483,192.161,4235.78,0
0.018359907,62.313321,836.4014745,55.04720558,205.077,4392.782,0
0.027741392,56.02027661,845.4131645,29.88392621,201.126,4189.548,0
0.017666936,85.73332927,756.1317829,37.8250786,209.64,3092.967,0
0.026694581,80.49049334,794.5501442,58.27714939,192.203,3202.959,0
0.015160629,76.45488165,793.3010793,35.50662482,229.481,2034.18,0
0.024684248,77.78158879,789.7460615,36.06781634,205.258,2277.005,0
0.022671633,76.28642243,799.2928657,43.98237818,214.964,2814.582,0
0.018748132,67.72113953,781.1764964,35.01094601,219.81,2299.98,0
0.012310125,78.05372052,764.9097,,215.464,2574.995,0
0.034384192,56.59832837,812.6994548,51.90012842,185.65,2868.199,0
0.024110199,67.6174767,816.8876259,33.68432096,216.42,2558.07,0
0.016464503,73.74570039,818.7383919,52.54961688,205.166,3548.525,0
0.025109839,85.85360349,773.067157,61.67531322,190.768,4068.742,0
0.01135527,63.81954331,792.0062115,50.26245766,216.13,3082.582,0
0.023274906,59.36937158,826.0982197,41.68703335,214.728,1879.554,0
0.018777011,87.84468253,793.9366258,48.00803246,200.107,2986.055,0
0.017573875,75.55945621,740,43.12759209,193.273,3628.59,0
0.02500071,78.72870868,788.9876643,47.29974482,208.841,3066.427,0
0.026603871,70.14200766,784.4029297,54.99842668,194.431,3341.811,0
0.025434761,84.21300219,793.3969815,36.96945683,209.662,2329.945,0
0.019003691,77.90613618,826.4864652,39.24066556,219.268,2969.369,0
0.025846165,87.44259681,767.88916,69.32513541,185.585,4278.225,0
0.036707252,83.02206845,781.320478,45.06801771,185.381,3803.807,0
0.028176712,83.57773991,794.4091713,,196.582,3406.804,0
0.044096039,55.14138739,796.8377228,52.64323963,180.659,3681.503,1
0.025807674,77.92407915,803.6863536,58.62733036,200.55,2639.608,0
0.035226637,61.31941521,828.6101356,44.92712026,182.146,5014.345,1
0.014293944,64.78364307,809.283087,28,230,1659.587,0
0.017353232,82.48873376,772.3914739,52.53172726,206.122,3260.845,0
0.016692495,71.28933095,822.6884791,48.53174783,205.843,3349.103,0
0.023692445,76.95253998,838.2798351,64.18362443,182.39,4405.543,0
0.02980199,78.08573281,789.162374,53.70469453,189.908,3184.254,0
0.029691464,65.83690545,792.9244894,49.5131053,197.061,3481.164,0
0.023659613,70.87740304,819.2393634,44.29303106,206.745,2616.069,0
,,802.8989426,39.66637044,216.334,2392.729,0
0.01584742,71.13564967,797.2999069,44.06226618,210.341,2805.81,0
0.028083421,72.21594944,742.2466343,46.23902274,176.906,4429.484,1
0.025868725,72.34566314,821.3490921,43.80614344,212.36,1540.145,0
0.03739149,72.11620983,768.531142,66.02029583,174.736,4537.669,1
0.024672464,63.72827664,796.6642555,58.22811043,195.579,3123.458,0
0.019968319,79.48561238,775.8804538,48.1805708,204.769,2730.476,0
0.022051938,,809.3767018,51.62276559,204.156,3341.399,0
,59.36340016,849.8993206,48.332577,199.348,3451.826,0
0.015551442,82.90636882,818.5212956,51.32552996,204.587,3615.595,0
0.018628317,72.91052704,811.3641096,61.40004448,195.033,3574.324,0
0.036940233,75.48135572,807.1647616,53.00233096,186.828,2828.715,0
0.032065162,77.95834859,841.3494692,57.94147869,170.809,3788.908,1
0.023273811,89.3918204,783.8006694,47.4663409,202.452,2909.762,0
0.025597765,80.46952055,777.0798813,46.77427875,193.666,3131.655,0
0.021597402,74.39683345,801.8739943,46.88883663,209.011,2620.71,0
0.021803849,62.25864463,834.0548069,43.77835099,196.643,3551.418,0
0.030002592,68.64261641,784.7646338,53.24065337,191.299,3324.674,0
0.024133759,73.74821112,813.3447492,,195.461,3842.496,0
0.027821599,71.91306618,779.6726235,52.77344068,203.656,3363.457,0
0.026262142,79.24787127,756.8324346,57.87751354,182.496,4142.048,1
0.00914791,85.65647427,755.2578226,45.61187112,212.916,3518.771,0
0.028384172,66.9881456,788.7922716,46.58519995,207.055,3023.877,0
0.023296624,81.5281148,785.4113569,48.15743231,211.586,2982.978,0
0.026882533,85.06777213,803.7605873,49.41781333,196.899,2678.751,0
0.019276525,67.59248668,795.6384401,62.45403349,203.231,3147.718,0
0.030037596,71.72251883,850.5020089,58.61161737,171.492,4543.005,1
0.017734316,86.88970581,798.4254196,55.48350385,211.757,2978.62,0
,86.09279381,828.9827062,57.22278749,192.824,3457.125,0
0.023774671,86.26358193,807.7968963,57.09581079,194.867,3477.369,0
0.027652868,59.29947214,787.9514958,41.37593829,207.239,2284.472,0
0.032196927,,765.1407931,38.8529103,197.824,3645.345,0
0.02603079,,787.8872636,53.02709915,198.672,3937.51,0
0.023054207,94.32754843,792.8634532,46.56578212,200.309,3035.553,0
0.032523153,75.11348696,759.3878779,60.58495042,173.436,4077.959,1
0.033422559,69.20485691,814.0030851,35.810667,211.808,2100.849,0
0.023773207,55.69411318,775.3778725,46.85372343,204.006,3528.939,0
0.011687062,75.99850873,781.7514782,57.64731706,207.535,3342.406,0
0.021491068,67.96724018,827.0204371,45.32421013,206.972,3255.781,0
0.027575658,67.79216658,841.8615129,39.43223475,198.17,2624.504,0
0.020226686,74.85005886,828.4444552,47.99858207,207.025,3878.308,0
0.022272595,67.85161459,791.0438082,61.6868067,199.754,3652.265,0
0.026021793,63.29187967,785.6463707,60.50793483,190.464,3716.899,0
0.037452626,72.26651947,799.7219016,53.9152364,186.03,3283.495,0
0.026630747,71.03208672,769.3821383,63.31329266,186.671,3709.556,0
0.019102791,78.14205516,799.8775647,51.30136122,199.337,4205.096,0
0.030665067,65.59108938,798.5540294,52.25491071,199.891,2967.187,0
0.030157632,66.67953291,791.498548,52.96020788,195.439,3580.12,0
0.02376453,63.74133954,808.8367741,43.58985652,212.419,2753.347,0
0.029923682,81.49054898,792.4716468,49.13842259,197.87,3264.363,0
0.018093004,75.58462154,783.7246523,45.60192507,210.016,2915.621,0
0.023149295,69.609851,780.5094931,,200.334,2864.881,0
0.024014866,67.44689797,793.7300523,,204.931,2780.296,0
0.026299133,77.04874667,792.4263727,58.16152112,201.801,3700.293,0
0.032663216,76.0609353,750.0153771,54.3120924,179.38,4507.951,1
0.015850682,77.22476517,794.3338363,51.04577146,208.895,3143.004,0
0.017626367,72.78463585,789.6795455,46.77487758,221.639,1874.193,0
0.015185166,58.69287243,807.6512032,58.73910854,195.712,3851.069,0
0.013055993,87.76356237,740,46.83604831,190.905,3976.201,0
0.024090299,73.68330193,792.6705663,52.16849844,211.737,2715.135,0
0.020696409,68.40743326,828.1230219,46.31702877,204.871,2446.068,0
0.028627384,85.66219457,740,44.20493935,186.418,3422.614,0
0.023359028,76.70447176,796.5251444,38.3675552,220.703,1455.053,0
0.018310095,71.74103,814.8823802,57.00227572,201.294,3160.946,0
0.024477214,81.66370788,775.4281676,62.06034123,196.513,3696.18,0
0.023117333,78.54868625,783.868862,57.55958217,200.92,3442.5,0
0.023713931,82.3055908,798.8509192,49.21174706,201.425,2743.124,0
0.021244693,,796.8388422,37.75367102,222.097,2207.292,0
0.025610615,62.78220784,786.6865819,54.01204443,201.797,2899.633,0
0.025610538,64.98776753,789.8340234,50.82891178,202.429,3024.134,0
0.03723644,61.58708064,794.7213766,30.43810989,197.486,2230.709,0
0.021543712,64.17156102,766.6130919,46.80246443,198.809,3017.988,0
0.02854041,66.35411465,828.6078617,59.6279298,190.342,4074.093,0
0.027844821,67.10892905,790.1741081,45.46758661,199.181,3431.376,0
0.025496734,75.91974368,788.3502849,42.08380499,209.587,1782.991,0
0.021874934,63.23309914,830.9717482,48.95483791,203.65,3071.653,0
,68.12339024,800.7731699,54.32401049,208.405,2599.196,0
0.021312134,68.21882499,815.168618,62.41653857,196.021,4167.969,0
0.032342395,73.36589811,791.0011462,67.54170531,185.105,4471.088,1
0.028347726,61.92166186,782.9818019,52.93882519,195.373,3718.982,0
0.017022242,72.23142651,769.9645664,49.21272045,198.607,3377.459,0
0.012682864,67.82325684,810.0232658,56.20545313,215.074,2908.56,0
0.021651065,69.77731392,,47.50364148,210.892,2577.877,0
0.017657086,59.8312737,816.8549814,49.73687558,215.955,2234.005,0
0.0339497,72.59450744,788.3706013,50.7811927,198.433,2550.534,0
0.012725879,77.16203199,792.1878469,44.97545033,213.135,2976.874,0
,62.21566295,801.0447788,47.15813973,203.1,3313.5,0
0.031529205,91.2381891,802.1722129,59.18394429,177.535,3617.595,0
0.022704721,72.20406551,770.1932616,52.03492215,200.372,3085.319,0
0.015790233,64.03703574,786.8271517,47.53774545,216.767,2644.782,0
0.028902611,70.42570248,784.2178194,,197.825,2818.384,0
0.019773884,69.78793105,792.3966443,49.71020476,209.278,3007.647,0
0.024534335,77.97943602,807.7703587,69.37748758,181.441,4552.6,0
0.019177839,59.89814846,832.3734421,52.106317,199.2,3582.176,0
0.015978612,80.09666355,772.9815102,60.15730519,202.176,3312.465,0
0.026172759,72.97401644,763.9780447,39.30398679,206.738,2732.911,0
0.029398907,73.69811277,809.8713422,45.81512078,203.663,2460.326,0
0.023323652,74.44666295,806.2917389,48.35351554,205.832,2041.622,0
0.039350437,63.02941131,793.4328705,53.43465542,182.832,3399.428,0
0.016667999,74.74683771,830.0325271,58.58049394,196.11,4011.356,0
0.017443139,50.22936705,844.1579723,49.82350924,189.559,5293.045,1
0.02419823,66.32029961,809.0070092,28.58339055,220.176,2292.184,0
0.026213532,73.6570276,854.5291063,45.43413196,187.062,4155.454,0
0.014174702,69.62109825,776.1334392,56.69324476,207.477,2648.681,0
0.015859331,80.80847183,820.6031229,40.1283996,218.156,2526.466,0
0.02805831,65.90068716,782.7907253,56.15959319,196.818,4105.705,0
0.024956376,79.24515373,814.250506,51.39716659,196.119,3238.733,0
0.03557197,61.55817543,812.7710343,45.10320288,187.092,2579.573,0
0.025288091,72.20683553,821.2992882,45.933105,204.175,3494.156,0
0.020831029,86.64467529,805.733906,50.29384787,204.608,2669.754,0
,67.61193383,799.2823486,,203.471,2992.582,0
0.027233226,76.52062737,814.8091153,52.09830289,201.711,3852.401,0
0.026231483,71.0433213,842.4935631,47.74064877,193.48,4468.25,0
0.029897408,81.53236228,758.4540697,47.03388891,191.215,3756.743,0
,82.39803234,801.4615475,40.35503667,214.442,3300.786,0
0.023308026,76.2938662,800.1410168,,210.279,2250.403,0
0.027026517,72.83899938,805.9035443,55.35830949,203.073,3339.245,0
0.019867687,75.07255874,775.8159973,55.4432108,202.11,3313.564,0
0.022457279,87.80985713,781.3287065,41.40069948,215.96,2247.872,0
0.023330849,74.40758425,846.6016328,52.01813316,189.891,3527.878,0
0.025973056,76.45529069,815.8655352,45.75320024,203.492,1848.928,0
0.036142128,78.4294294,752.1807638,58.35566299,178.472,3841.475,1
0.027000477,78.34097052,784.770431,63.26596232,189.706,3725.357,0
0.023737332,66.9390563,833.9330339,36.27760332,222.013,3638.291,0
0.017957727,81.3668868,795.8340888,,205.045,3136.702,0
0.017748337,83.80697205,774.7108775,45.14990361,209.749,2812.201,0
0.025393802,72.16153602,812.5126214,44.12959343,210.98,2584.597,0
0.024483936,73.21217617,828.0901066,60.06479199,192.07,3920.745,0
0.021587552,84.56168593,817.2614038,56.06786494,196.238,3118.853,0
0.039853501,57.28562021,794.2945834,50.81403101,193.447,3094.319,0
0.020580125,65.03564273,801.2799748,54.07476773,201.158,3439.789,0
0.028206942,73.39255604,810.563605,46.64799592,201.799,3201.661,0
0.027999046,78.80279819,826.7544085,47.7162785,197.112,3395.088,0
0.018801564,72.9199857,774.1134821,37.79615883,213.093,2110.142,0
0.014736849,73.06929816,800.6736216,66.27041967,197.388,3950.125,0
0.016518451,78.14813688,795.5413286,43.15410058,215.403,2486.835,0
0.014484759,66.81784735,807.749266,40.84250812,228.616,2028.811,0
0.033751882,71.72182221,806.7997427,45.61582139,199.87,3478.095,0
0.022688552,79.64133851,821.8882891,43.86424225,214.899,2323.165,0
0.007014518,78.47636238,780.8549624,58.45269376,207.269,2862.578,0
0.026769847,49.8238729,841.4091422,52.42086885,186.423,3741.458,0
0.017069648,73.96213976,809.5566692,48.16972181,213.941,2209.014,0
0.027717569,68.11582231,824.6792123,54.1590678,201.311,2892.47,0
0.018114968,62.93033685,815.9308739,55.69889372,206.806,2946.972,0
0.025899381,77.50065411,796.2470492,41.36371584,211.982,2832.447,0
0.02831977,78.17322594,797.6570168,49.06103375,204.965,2999.551,0
0.022188971,73.09047544,770.1089816,46.61131009,210.424,3423.672,0
0.046840224,82.89064516,830.3840004,60.611706,153.916,4260.418,1
0.021718717,58.18472073,793.7431239,45.44475006,209.604,2531.811,0
0.017708714,62.19666236,818.572081,47.52023783,213.643,3015.89,0
0.026791716,73.56574369,801.3594107,42.98458441,207.844,2073.958,0
0.023568814,59.96431539,825.3502559,51.15896137,206.655,3118.366,0
0.017197177,84.79161804,802.9045252,48.52317449,214.975,3508.366,0
0.027091998,72.1276404,809.3636471,47.16840205,201.788,2958.54,0
0.027639587,61.76954512,820.2303002,53.61202816,193.429,3758.169,0
0.01459232,45,825.0747608,41.67617893,208.608,2812.842,0
0.029664959,75.6032231,804.5331082,42.92976569,212.345,2265.349,0
0.023335349,83.78853,761.9761137,55.92717196,194.851,3949.899,0
0.025456332,94.36650069,740,47.80640038,177.805,3683.439,0
0.017313475,74.76348669,783.0727402,44.99582694,212.661,2506.428,0
0.017766034,72.05459405,803.2596181,51.92619915,206.407,2921.428,0
0.035019767,80.10844984,747.4834324,54.13835389,165.432,5424.615,1
0.014115811,83.52058503,778.1558063,67.07777656,197.882,3158.44,0
0.025116131,85.18635092,791.3922135,59.92709183,191.463,3740.876,0
0.021709409,65.56347964,797.9073556,60.10818594,193.905,4031.526,0
0.030916837,67.13604328,784.0088181,54.19062409,194.248,3250.228,0
0.027781584,75.5712984,829.8477609,49.04628416,191.251,3321.368,0
0.02651437,69.85911231,833.495691,47.42021718,187.982,3816.035,0
0.027836451,63.14011768,803.2876896,56.02510588,201.855,2384.132,0
0.024152323,76.59355168,790.7825815,54.97518839,196.282,3043.895,0
0.0257033,76.22839917,796.7636262,45.54921215,203.211,2683.879,0
0.020422069,60.95913389,794.9233511,59.4843467,207.054,3188.35,0
0.028523122,76.04910258,813.1486303,62.69029812,191.167,3348.487,0
0.021815316,71.91298575,782.1070439,51.01272286,199.375,3452.938,0
0.017582038,69.30430865,849.9074246,54.44245977,189.116,3956.414,0
0.024174755,58.56578315,795.5699879,35.81656676,218.553,1851.729,0
0.02984705,72.43796867,777.3513634,52.39013828,188.954,3068.115,0
0.026463561,67.5261804,794.3099803,52.58268348,201.944,2867.447,0
0.029672812,63.63624203,860,53.72741191,162.668,4663.843,1
,73.00784994,817.6949893,60.69015486,179.785,4386.621,0
0.014686464,72.55185781,762.726473,51.35573328,204.282,2896.558,0
0.036127459,76.48489166,780.4212207,43.02003696,198.198,2273.28,0
0.031826283,75.23535026,775.0781383,55.71054128,192.627,2899.267,0
0.022482291,67.67557925,804.4118336,59.20515361,204.857,2385.427,0
0.036000337,80.96678099,803.0843154,45.48027562,201.568,2643.812,0
0.03626191,68.39972344,791.0661791,62.91286699,175.424,3887.813,1
0.022227745,62.17794662,829.0143039,51.36462617,205.235,2851.591,0
0.027982152,65.26298771,814.3599005,35.0697388,215.865,1582.355,0
0.028217234,73.67409792,752.1577884,54.08676011,178.818,4734.276,1
0.022881901,82.39693417,832.1878005,51.93704023,201.056,3715.418,0
0.020978116,78.93557818,785.0213478,42.91357942,206.018,2836.027,0
0.023157623,52.01365961,816.8823395,47.86416255,206.427,2622.858,0
0.021837151,72.26188357,812.9509019,49.28252587,201.955,3121.807,0
0.017524647,86.18103254,785.1216283,51.67125409,205.906,2377.978,0
0.012332114,75.13837659,753.1724781,49.35149846,200.631,3674.267,0
0.029827865,72.06144482,771.2467271,51.68927358,199.395,3144.243,0
0.00940889,72.77458387,801.2605679,57.41411928,205.36,2808.543,0
0.019147245,86.91942536,757.3494799,57.22188786,191.174,4038.61,0
0.02666827,78.4654456,816.7727355,42.20340023,207.806,2871.003,0
0.026535774,79.82311037,804.6553179,47.89707828,206.033,2226.061,0
0.030745612,65.04904227,812.6270382,57.99234758,191.917,3111.935,0
0.028055663,79.368785,816.4109206,36.64563535,209.114,2794.807,0
0.026235373,75.67170782,817.0872666,54.9391022,199.991,3716.746,0
0.029627394,72.97964963,807.5589567,53.96560854,185.86,3593.218,0
0.030065878,60.52832275,834.3046699,58.46178624,190.719,3023.055,0
0.020580647,67.57608795,791.0988543,46.89750762,209.303,3037.863,0
0.014611521,,826.3394769,55.44291937,213.193,2506.991,0
0.018834932,76.94753509,800.095585,40.26786679,209.157,2724.143,0
0.015387971,75.07426207,782.5674794,,208.888,3307.058,0
0.036801261,65.95875737,811.5939355,64.05186831,177.101,4257.023,0
0.019871579,75.36517114,773.2630722,45.00233681,213.784,3424.205,0
0.024356028,76.06809331,754.2398187,43.61460699,194.693,3524.836,0
0.02462184,,809.10431,47.72851,207.46,2915.011,0
0.024309974,63.3189484,794.6740272,,210.645,2407.916,0
0.024862218,59.9019924,796.688747,46.05300011,205.36,2491.589,0
0.017904699,88.42033452,766.088363,51.67047032,211.146,3032.727,0
0.02371618,79.06744042,762.8117472,58.43679685,186.394,4017.794,0
0.014390319,67.46938628,803.6920057,48.62779519,208.724,3378.319,0
0.024556129,68.53327928,805.2942337,32.66107004,222.467,2731.917,0
0.018266343,82.81040721,788.8578052,52.45250533,203.951,3855.708,0
0.019125002,57.79425002,839.8835845,43.12032528,204.981,3276.75,0
0.019173434,68.6670617,839.7010589,53.52705711,200.862,3441.239,0
0.019365469,71.62678397,821.3607618,57.09268449,202.809,3311.945,0
0.023599271,65.98270213,776.8317909,47.816268,197.751,3152.257,0
0.018921352,74.93709745,803.1819363,50.75259774,213.45,3269.944,0
0.021627772,54.12756788,830.2591034,37.2513884,206.715,2653.951,0
0.021313833,,801.1336688,55.619511,201.535,3252.547,0
0.015312905,96.88382458,783.3925446,49.3100974,219.301,3151.167,0
0.028131628,64.48855615,792.5150763,49.86717598,203.731,2604.725,0
0.028661161,70.34772927,823.9181477,67.96942264,183.23,3852.436,1
0.016152302,63.5733163,850.903471,50.7759655,197.3,4288.283,0
0.02378743,70.6641302,834.8777193,61.13741633,194.852,4210.506,0
0.035000807,71.86525101,803.8632023,55.69543414,185.597,2972.648,0
0.015256857,82.82409347,833.0142529,41.47007315,218.871,2594.952,0
0.017314765,60.45532029,803.1807906,52.27036169,205.019,3553.769,0
0.031475331,90.36832427,779.9600811,51.3414004,192.814,3802.89,1
0.02543055,75.30154277,832.6440836,42.75903046,196.41,2919.147,0
0.012486729,74.51046882,798.1687848,56.81267083,212.155,2878.057,0
0.020288056,48.85311068,837.8210815,47.10392913,196.938,4231.22,0
0.028379069,58.04042157,806.6295608,60.47898098,185.755,4335.217,0
0.033467923,64.24236287,855.4111924,38.78451162,183.281,3177.066,0
0.032890761,72.05346085,812.3615205,40.45541603,201.235,2364.649,0
0.014496074,73.92898893,790.0015847,43.42776162,206.546,2110.816,0
0.02716297,68.47765704,827.3266949,51.63122108,190.663,3983.98,0
0.032936212,59.48094141,810.0385918,61.53231206,188.068,2929.946,0
0.005520613,76.11294138,784.2912707,49.07576362,221.462,2592.545,0
0.019428093,72.85372898,818.5431187,54.91570066,203.437,3391.468,0
0.023319943,81.37658355,830.963933,54.0147614,195.694,4056.39,0
0.012354412,68.68373945,809.3999764,66.11393434,207.564,2955.012,0
0.033939729,70.4364555,832.9361913,59.27762415,180.616,3571.228,0
0.019711606,64.95074784,835.2930219,39.96984093,202.725,3471.227,0
0.02122246,53.16682142,825.6258095,49.1072081,203.072,3182.706,0
0.04126704,70.4151484,802.4684297,55.55517579,178.862,3702.151,1
0.023681984,82.22520347,785.9755268,49.90782708,199.193,2951.989,0
0.025992649,71.43722559,787.1480345,45.99812928,207.103,2284.932,0
0.010649628,55.82171785,816.5951641,52.35202287,210.762,2418.183,0
0.018319084,75.82521582,823.7171458,49.61651971,207.615,2378.313,0
0.021518607,59.17441668,836.942368,51.76031238,200.63,4394.447,0
0.031803818,77.63171952,785.8449317,45.73185189,205.619,2959.981,0
0.015055288,78.11052501,844.1836938,56.26976515,200.761,2778.584,0
0.043963437,83.3709364,802.503949,43.13067343,191.389,2729.272,0
0.021582326,76.51482679,799.2251679,59.49498337,203.412,2747.558,0
0.023812381,67.75030153,801.4151498,53.27944132,199.447,3145.681,0
0.015393902,89.39009369,761.1462349,45.79015365,204.973,3836.326,0
0.033190016,72.79134629,791.8871734,47.64339182,198.532,2869.892,0
0.033873625,72.15020702,806.4478831,48.79396502,199.636,3775.996,0
0.022555083,61.57647812,818.299007,44.9744294,207.209,2795.966,0
0.021148867,66.1680392,797.9143093,50.33860416,203.141,3072.844,0
0.018450223,76.43200929,791.6328199,,213.2,2094.187,0
0.027169901,74.19331127,792.7545347,37.63171361,219.936,2450.752,0
0.013578151,63.89335857,781.6391309,47.21063818,218.337,2667.753,0
0.02738286,,807.4802106,55.25684872,183.015,3809.973,0
0.021053705,62.78922501,837.6842492,47.21240358,196.703,5007.929,0
0.019854178,,789.4157042,48.62771337,211.554,2838.733,0
0.013745239,92.58885805,767.7332165,52.05275693,204.784,3395.529,0
0.012788601,69.98583267,780.1722538,43.12448721,213.906,3475.573,0
0.022770581,81.33189607,823.6947721,43.03798762,209.542,2887.499,0
0.03273109,81.96215883,841.7336417,48.19441768,185.111,3435.631,0
0.021622205,74.33320344,781.6315535,41.24305626,205.528,3020.308,0
0.018701414,72.55991365,782.2629923,67.80982386,193.475,4398.207,0
0.029346344,64.069722,818.4904651,55.75598095,191.462,2955.23,0
0.031081549,73.22257823,822.6815387,49.22925911,182.207,3205.825,1
,58.07449814,845.5626269,52.18346262,180.155,3360.425,0
0.026672763,64.68026083,792.6237023,39.99064386,208.449,2541.773,0
0.026668403,79.02327731,804.7890003,60.76652776,196.927,2938.922,0
0.014139505,65.28031118,787.5424028,40.88525709,224.04,2846.402,0
0.015425825,68.2058493,825.7491752,47.58853212,218.52,3314.811,0
0.025497237,76.33145425,812.4510244,48.71212822,208.941,2274.698,0
0.032221429,63.98765387,,48.98993223,189.873,3696.738,0
0.024609077,60.42305707,823.841852,44.91868438,213.574,2867.568,0
0.013016517,75.17040515,800.3894577,45.47613184,217.603,2518.709,0
0.025878631,,827.1255336,42.56078109,199.321,2786.697,0
0.027858129,76.47918157,781.3188332,41.67068326,211.475,2359.652,0
0.019379304,66.82177715,776.973011,45.42037379,212.082,2525.853,0
0.033272046,79.2030338,791.3839708,37.50455146,210.042,1945.934,0
0.020366822,65.07048041,791.0970302,52.06572136,205.191,2782.822,0
0.029742695,74.98286445,836.5001171,48.1710886,189.513,3180.399,0
0.018467584,54.30300348,,41.34842113,190.758,4356.003,1
0.030071192,70.92301005,742.5627603,57.08722002,178.578,3883.081,0
0.029987607,72.56337943,790.5636264,42.17886298,204.017,2436.217,0
0.022987696,81.99746062,792.778222,48.70482265,210.264,2251.988,0
0.011805189,77.81573913,811.3267597,51.63262,214.316,2475.26,0
0.034045417,65.45642406,802.9204482,49.98940215,195.071,2797.213,0
0.031285436,65.41209868,827.3565181,53.39518783,185.17,4497.669,0
0.02662297,64.44965056,809.0632273,28.98939923,215.635,2417.972,0
0.031230891,79.90232067,805.6855168,34.25474023,206.45,2766.001,0
0.020367192,81.10342537,820.1357796,46.43434595,208.579,3098.158,0
0.033556487,77.67749465,785.6527563,49.58031229,200.299,2601.033,0
0.024795361,74.80620264,768.9855391,58.56996608,190.772,3409.363,0
0.034229536,66.93524862,843.177133,35.74859109,182.061,2433.108,1
0.019664038,73.74821171,807.4611265,48.37163528,215.2,2902.729,0
0.022720449,73.16162413,740,60.24104385,173.035,4834.698,1
0.03584484,67.58171766,789.7909928,41.57552837,205.277,2387.466,0
0.023781637,70.65998966,815.340384,56.58279279,191.143,3320.162,0
0.020353501,68.6115444,783.8450788,44.99067392,206.685,2509.526,0
0.024597467,82.17470093,785.907364,51.07502819,199.123,3405.715,0
0.021410572,82.08338077,802.2804236,36.979473,217.694,2120.192,0
0.030302548,59.72875771,821.911996,44.88515204,194.19,3435.249,0
0.011755144,78.80579417,777.2275687,59.27157804,206.154,2826.065,0
0.031628855,70.05148792,798.7146296,62.07190579,189.702,4121.914,0
0.029517907,74.64089566,821.7413691,51.03984037,198.311,2780.201,0
0.011130355,72.19902174,812.2016048,43.72702361,214.472,2735.942,0
0.014899173,82.06491105,783.496337,47.74814612,204.799,3328.11,0
0.015937471,74.40851559,808.6130467,,202.994,2950.384,0
0.021211319,79.3186943,784.7131465,38.82121193,210.079,2447.056,0
0.032887268,77.53291393,783.8132755,45.65452106,206.773,2296.586,0
0.028530748,80.87737706,780.69436,34.70118981,212.487,3071.549,0
0.024729924,54.17148457,793.0743711,59.18186234,202.597,3152.288,0
0.023608387,78.45109624,767.9559426,46.23920958,201.441,3203.916,0
0.032954501,74.26757457,796.1340092,61.66751374,189.143,2339.463,1
0.027009781,83.45615332,814.8840147,56.15670604,191.659,3484.048,0
0.021183074,61.58080319,860,47.87575431,188.431,5506.115,0
0.045922599,73.46964459,774.8434241,40.76996597,187.102,2655.032,0
0.006073326,71.71506088,797.2597365,44.52538006,227.473,2363.658,0
0.031058266,72.87958484,775.9472376,53.49900915,203.228,2722.789,0
0.015377101,71.15337355,762.3168205,51.14273554,199.919,3599.744,0
0.018980992,67.79945378,802.9548919,63.62957039,193.943,3375.368,0
0.017000877,92.89327145,744.2544498,47.50145215,189.78,5194.324,0
0.026402674,77.83843269,832.7354299,59.47373403,189.595,3536.469,0
0.019098098,70.65468856,807.0613989,43.19215678,213.936,1352.316,0
0.021141988,69.38131611,809.2454346,42.58325736,222.416,1769.862,0
0.018034923,69.96342862,813.4918155,60.74932456,204.192,2849.213,0
0.036658873,72.8268718,816.9112351,37.55297533,202.699,1551.03,0
,67.95780596,835.0475921,48.41107034,212.529,3482.24,0
0.0240791,78.4948394,780.3982471,58.37440362,190.609,3920.12,0
0.010827786,84.03498826,800.457454,51.19873363,210.593,2952.258,0
,58.07022355,777.6036795,55.40825686,203.681,2934.042,0
0.027456281,73.9202323,818.2174404,41.15167452,204.777,2496.536,0
,69.63200506,810.595255,50.65457213,194.647,2878.847,0
0.023841578,74.46889637,815.6836213,55.78463202,192.853,3934.871,1
0.022298098,65.69613168,827.7078689,43.66343475,206.145,2831.76,0
0.023919712,72.3117162,796.6569738,41.97298592,212.203,2811.309,0
0.025206921,73.26163972,799.9746496,54.31471255,212.347,2346.483,0
0.027386729,67.99983182,793.8939925,45.8496334,204.901,2343.913,0
0.026391757,68.68991354,,48.94595615,203.245,3472.946,0
0.030226964,75.82668797,810.4301517,40.92713671,195.521,2629.88,0
0.026850497,69.92672874,823.7406118,54.44340907,199.357,3682.759,0
0.015746601,65.05212967,820.402666,66.86443283,200.388,3830.626,0
0.031916987,73.39774441,,59.41962913,201.733,3754.632,0
0.022082414,90.32429962,779.3085431,50.64359172,199.188,3344.473,0
0.027300993,55.20095032,860,51.94618965,170.642,5482.179,1
0.019419732,68.2532936,753.8995754,51.86477391,199.144,4233.541,0
0.025085623,65.16861378,830.6603462,49.12593334,193.806,3571.796,0
0.03456943,56.79910753,826.9829421,,180.94,3984.868,1
0.015194316,47.98186549,833.431833,54.42143072,202.088,4139.431,0
0.021204669,72.57677611,835.931868,54.2034949,201.886,3434.149,0
0.025108225,77.07366532,800.3789342,34.34923135,213.179,1982.473,0
0.014150495,70.22231027,821.0075578,39.30271786,228.792,2116.662,0
,57.56900779,843.8151053,,191.558,3079.339,0
0.024237455,77.16483544,777.7081995,51.50057262,201.415,3169.856,0
0.027347123,74.21626721,833.0514886,35.03940591,203.505,2315.133,0
0.022429832,75.33300246,771.2885077,55.60551439,197.142,4008.98,0
0.019086287,72.83524494,810.9897043,56.73705234,200.13,3000.017,0
0.037887932,69.28183512,824.7671583,54.13790192,175.649,3487.97,1
0.02133043,67.53203763,800.3534046,52.34145706,207.428,2647.921,0
0.016241402,70.28018792,811.0478411,35.34656848,214.02,2842.621,0
0.027717928,77.76948804,836.2671941,43.09104247,196.995,2928.793,0
0.031578701,97.00099497,783.5672739,54.19100593,185.378,3775.769,0
0.006277814,55.5226981,818.2836745,47.58457712,210.43,3187.002,0
0.030056139,73.00568849,797.3959238,45.02128965,204.539,3027.446,0
0.016337123,67.05745084,777.7766254,47.45279782,206.455,3379.893,0
0.025487171,85.09433788,780.4902941,51.55958001,192.751,3495.49,0
0.012362786,,785.992278,48.34244111,218.238,2946.08,0
,,789.2635015,51.58533872,200.894,2431.415,0
0.015389154,77.84704447,792.5441653,56.23186896,205.989,3593.42,0
0.009739688,73.03397817,788.9441194,53.86512804,208.261,2762.376,0
0.015407185,62.33191995,831.3533741,42.44491086,206.147,2707.082,0
0.026466367,59.89629594,825.419152,41.38314313,200.611,3773.271,0
0.020355508,81.05807177,811.3867855,40.95352549,214.044,2754.936,0
0.024545649,70.61402126,816.0922467,49.08988145,197.527,3146.799,0
0.016489983,83.3238689,756.0007838,54.85913141,199.884,4802.207,0
0.033635385,89.55546213,775.7052731,46.31313867,190.695,2748.294,0
0.023639937,75.73605884,790.8506912,65.39812225,192.14,3166.67,0
0.022747331,64.32092248,,56.13133516,198.84,3066.308,0
0.021303842,70.51530243,774.7250929,65.17478776,201.812,3835.579,0
0.020918504,51.24494656,793.0128532,45.70339256,213.862,2283.386,0
0.005150514,63.55253404,801.0055083,43.73956093,223.865,2797.715,0
0.019011021,46.775257,837.0313622,50.67405567,199.272,3945.451,0
0.024262948,66.07073612,,40.23442943,210.78,3025.748,0
0.021361528,89.26384269,792.543671,54.51502937,196.537,3815.595,0
,71.20886725,789.2639293,63.62611431,197.488,3829.465,0
0.010631391,53.87614377,800.7480072,69.57110634,190.521,4316.871,0
0.040368924,80.24144807,,49.60173869,188.558,3932.9,0
0.015137183,78.87387306,789.979279,50.13217283,213.435,2496.204,0
0.01736507,68.28932193,781.9714808,51.93626406,215.335,2607.111,0
0.016055606,73.60772944,789.8718951,51.44038333,217.773,2577.286,0
0.027465066,87.24303254,748.4305873,51.20670003,177.014,4499.095,1
0.018648398,71.84903843,795.2074125,32.54413051,230,2650.186,0
0.022530567,66.259219,804.7786377,55.22176638,211.568,3182.186,0
0.012038113,54.66198669,810.6183537,47.20077683,213.197,3247.512,0
0.017246756,67.94213328,851.9823703,58.16022103,190.922,4147.856,0
0.019306577,72.90135593,776.0564954,47.20156029,209.851,2680.701,0
0.024609329,80.02211975,798.8238177,48.70701369,201.227,3434.407,0
0.024165815,68.75163006,813.7710483,37.64785897,214.954,2430.158,0
0.013026079,75.85097518,805.9872612,41.05682597,216.585,2357.131,0
0.023382012,85.34621917,772.0256432,54.06383171,186.632,4052.894,0
0.013078397,73.9548497,796.7883804,50.17144086,218.913,2578.25,0
,79.92345142,812.1081924,38.93800889,224.681,2431.848,0
0.019886775,66.46209826,783.3564995,47.24719194,215.386,2710.727,0
0.025387927,66.53679028,809.9736095,43.71845267,203.02,2962.312,0
0.027420943,70.09547163,814.3755204,59.38967625,194.499,3794.179,0
0.020352012,62.70127928,824.329836,65.08697334,204.509,2188.242,0
0.027625158,72.97670343,764.6549665,51.82095651,201.842,3535.522,0
0.020512574,75.07746766,802.3768727,49.79050343,198.221,3551.07,0
0.026642119,75.0993569,760.0877087,34.68499206,208.372,1986.804,0
0.019756792,73.29384057,798.5697138,49.63276112,209.145,2657.634,0
0.020160638,68.56199927,788.896306,44.23051249,211.236,2824.136,0
0.019388821,83.31529571,770.9772686,61.37236846,190.349,3923.973,0
0.023835601,72.44755896,783.0170777,54.50451478,194.816,3486.517,0
0.012958629,66.0803211,820.7687342,39.73262019,221.344,2698.78,0
0.030615022,85.35770776,763.7023378,70.16335264,177.879,4291.776,1
0.033768304,71.79518137,789.258229,55.32126944,197.186,2685.968,0
0.029246886,86.13475713,,48.67524692,190.895,3493.436,0
0.01002856,75.28017086,793.0058097,,230,2418.258,0
0.0133038,62.56216435,,,210.082,2821.248,0
0.025373232,72.34856806,787.11014,53.93758752,190.898,3385.933,0
0.017480409,79.81849875,792.0820035,41.29434467,217.093,2480.117,0
0.020933305,65.25625338,770.8878458,53.40685892,193.753,3820.838,0
0.0156345,79.13577498,784.6124804,43.44644755,226.659,1636.634,0
0.023128567,77.32075995,795.5267966,,195.949,3475.69,0
0.02330828,72.68624699,832.4114686,43.39331584,205.878,3004.955,0
0.025222828,69.89917985,806.6691557,54.34351636,203.97,2906.58,0
0.029411693,71.57786741,806.5762722,52.87610649,199.963,2950.61,0
0.021799707,77.96868211,787.1398277,41.44128692,205.621,3439.236,0
0.031338609,72.58710521,786.1418913,60.82479096,191.795,3535.391,0
0.025251901,84.55975326,807.6401498,50.51670582,204.524,3208.491,0
0.022804974,79.4644349,,53.98705202,192.863,3412.469,0
0.024564027,,789.1232728,46.07427391,207.018,2877.267,0
0.018829747,75.75039277,753.6352751,48.83120662,196.612,4488.062,1
0.030529348,75.60552146,783.0046846,43.54428251,205.415,1727.683,0
0.008522554,69.07716259,775.5137879,31.06165751,230,1412.424,0
0.024472996,79.14334513,,33.81637165,203.66,3319.338,0
0.030953262,75.24815367,789.0434014,42.92469363,205.108,3261.447,0
0.021453546,72.59866478,786.4654512,51.84030172,206.514,3001.585,0
0.019598195,68.82300841,824.2170835,69.23586735,195.421,3566.433,0
0.025072716,68.36790934,823.5239527,49.57419666,201.418,2832.791,0
0.014153635,89.6650623,814.1726973,50.23380258,214.673,2923.347,0
0.02648803,66.79936108,820.1589426,60.64573157,189.481,3777.322,1
,70.05531999,825.4101497,44.67877709,212.401,2772.966,0
0.023096896,79.84093241,773.5419493,60.86525092,196.388,4395.705,0
0.033713593,72.00286824,785.7434651,40.61654973,199.355,2674.424,0
0.022162995,70.97823334,800.4906551,54.1325364,197.069,2962.517,0
0.022780566,77.90057934,811.9998773,51.80634361,195.572,2872.312,0
0.031054259,79.67100433,801.723718,49.71163129,203.568,3529.626,0
0.016765215,65.17783593,810.9775419,34.53983355,223.033,2401.867,0
0.024674771,57.29008361,,47.63694068,207.048,3107.587,0
0.034417682,70.95701525,804.4169675,60.10833591,183.119,4370.833,0
0.018117145,84.02980447,806.2997456,,201.651,3159.562,0
0.031540899,72.52434945,775.6274211,33.10972558,206.465,2197.336,0
0.034707956,66.04527892,779.7264534,54.70243514,181.715,3102.301,0
0.005,72.22192739,838.8208955,54.96216074,214.233,4127.077,0
0.019274678,67.34551558,802.7585351,43.5991593,212.951,2958.408,0
0.016935412,76.76965385,823.3007745,61.02750992,207.008,3118.741,0
0.024738013,67.17748723,856.8843877,55.05064485,181.447,5818.951,0
0.024910707,79.56503301,782.864743,65.54344337,188.322,3381.005,0
0.03131519,63.62636329,852.2910668,55.18556866,167.581,4115.136,1
0.010377913,82.88447934,789.9250545,40.8689954,225.039,2077.93,0
0.020728074,62.78584609,801.829857,57.69084759,197.133,3639.867,0
0.018433587,65.08862879,818.9877772,46.39636658,219.225,2234.537,0
0.017824257,,785.6666956,42.93775647,211.537,1875.539,0
0.023073082,60.29413465,792.9427968,46.7852731,221.046,2248.463,0
0.017049618,63.29209874,,48.0406522,195.538,4442.977,0
0.010304843,67.24701359,777.9210006,39.02526408,222.094,3198.308,0
0.011240953,62.41001535,816.5720574,,212.763,2840.048,0
0.023527718,69.77451203,801.935324,51.63029649,197.613,2602.485,0
0.038407302,80.61689167,,61.22023082,187.053,2961.033,0
0.032588059,,780.89889,46.4682392,197.865,2953.642,0
0.031170408,72.24673073,,44.54008613,198.516,2602.779,0
0.02271009,71.12806128,841.2514173,54.88102701,187.194,3933.738,0
0.029447764,66.87490664,831.9389485,40.98276718,202.291,2700.711,1
0.020754018,69.40819443,805.2569752,60.25932781,203.949,3596.127,0
0.028353201,69.65031021,797.8969288,48.20266856,195.438,3204.91,0
0.016355061,69.31290115,821.3624327,65.23125224,206.184,3082.61,0
0.025218584,66.06423452,817.1679244,45.93374188,210.663,2813.596,0
0.024118698,79.92213337,815.7559664,45.50836715,206.525,3682.129,0
0.017937348,73.0310831,822.7018408,50.53254489,204.386,3227.507,0
0.035024225,77.48270534,,50.46190196,195.764,2895.033,0
0.026005523,85.53430819,840.4018068,58.55925664,185.244,4174.391,0
0.014612705,82.37238873,752.9369462,60.58814347,188.279,4738.613,1
0.005416663,80.09141991,768.2968851,41.33479819,230,2479.136,0
0.01867961,77.51289044,773.001213,53.40666087,202.962,3382.145,0
0.024578115,78.19948345,814.9618422,55.13773832,198.732,2859.232,0
0.026872817,88.64222386,788.3437362,50.93444934,192.316,3907.567,0
0.028230147,80.2155206,788.2936847,41.75087296,210.89,1609.848,0
0.021588117,72.41995725,802.4511407,50.48534785,215.69,3602.944,0
0.009710046,56.27208669,826.0741641,50.47883122,211.303,2967.602,0
0.018529994,73.47973795,798.8086359,51.08005441,212.633,2183.557,0
,67.76161986,798.1921197,48.8044529,207.855,3313.454,0
0.014691885,77.16110859,779.5720792,54.55422508,205.729,3416.932,0
0.033393143,73.58199285,788.6819734,72,173.799,4328.22,0
0.021649513,69.64857824,797.6297362,43.85957556,217.272,1729.117,0
0.018581132,61.26962609,792.8595432,,200.568,3296.952,0
0.019784818,71.81466482,785.7910848,39.82925029,214.675,2298.317,0
0.020785071,63.12481063,823.2363287,55.47293012,203.351,2681.037,0
0.00833924,60.02252322,787.367196,50.28574474,221.194,2252.227,0
0.022816741,71.48961308,772.1060674,52.39388019,195.756,3907.052,0
0.040919618,75.68736211,788.3149549,69.29192888,170.298,4509.72,1
0.025179626,60.95956558,740,46.48541455,188.001,3586.893,0
0.022258458,64.50214534,809.4144813,47.92947853,205.985,2753.946,0
0.03753766,60.99757533,762.7244944,47.32574261,185.163,4128.281,0
0.033248396,78.97114626,785.7548996,53.37136098,193.482,2968.689,0
0.022275166,68.6198786,768.0728874,45.25110705,200.999,2876.159,0
0.030870128,78.15171478,792.9337421,46.37054164,201.693,2834.959,0
0.017853788,72.70712989,846.8509622,56.8439792,199.926,3294.831,0
0.025656622,74.71136725,785.2036388,60.87626847,195.733,3816.823,0
0.020771872,57.51262103,797.1141494,63.69672742,200.612,3687.426,0
0.02200507,62.57442679,809.6970759,54.16619818,204.557,2263.198,0
0.0266745,58.64496208,839.2666549,57.54404372,182.897,4259.084,1
0.022363239,84.1528829,819.7331437,40.91665872,207.483,2980.338,0
0.027014911,76.7245052,787.3901664,48.04231517,198.294,2557.533,0
0.022177675,75.82137476,821.5043438,45.30462225,207.753,2927.546,0
0.043802582,67.79995793,,54.78118336,183.585,3036.284,1
0.0145327,71.78687711,806.4823279,51.06068296,215.575,2796.705,0
0.009750575,59.32969581,780.7906655,46.48284267,214.435,3290.348,0
0.020981514,67.48387573,784.5133191,44.16160996,204.591,3475.751,0
0.016589362,73.50327917,806.2968375,57.41239552,205.378,2701.258,0
0.036009885,75.08367849,783.6420484,60.76028237,185.418,3632.397,0
0.034626208,,811.6406735,54.55223737,179.827,4070.498,0
0.01315684,80.77826522,797.1909842,52.51730743,211.911,2687.281,0
0.026639815,69.81818016,790.8641532,45.66042986,199.285,2331.124,0
0.021436059,75.10559872,785.5692887,55.70505845,204.773,3045.092,0
0.013018546,88.08279531,774.4337365,57.71203049,211.617,3109.204,0
0.035150748,70.947739,811.3285703,52.64897878,193.341,2877.725,0
0.014428423,63.48053217,798.2016993,50.63724654,214.42,3209.526,0
0.019209949,55.06138855,855.012755,44.53266854,202.881,3830.388,0
0.016626744,74.08284232,780.6785719,43.92532722,216.706,2888.816,0
0.018636272,63.3761015,825.414611,36.47576126,219.371,1962.62,0
0.020136776,81.44059042,788.7575748,47.97761935,214.416,2708.308,0
0.011056304,74.09435364,768.6433541,56.64411935,204.056,3104.29,0
0.013511895,58.46982814,,44.71119408,214.568,1407.358,0
0.021325275,66.63388728,,37.02437879,213.637,2317.123,0
0.021278663,64.46490313,796.8859761,55.48356929,203.8,3255.104,0
0.0195068,69.20804084,820.277346,,209.637,2901.755,0
0.026466663,48.31336061,860,40.44125935,173.168,6089.543,0
0.018801858,82.97802044,746.287739,46.1630883,198.11,3645.079,0
0.018445901,61.24152853,854.7413736,52.0613208,188.533,3939.889,0
0.019920023,85.93089169,799.1578087,58.70383337,203.641,2680.977,0
0.016375206,86.44129622,797.3947949,43.89999134,212.814,2489.855,0
0.00866243,64.24907681,814.3495823,44.65021273,218.337,2593.424,0
0.028797941,73.14957114,803.2646129,,205.348,2624.298,0
0.029184706,72.22041381,800.4141266,63.78739371,191.496,3320.842,0
0.02183241,63.36998832,773.7073692,49.17563686,196.829,3170.698,0
0.005,,846.2806756,43.07900296,218.103,3473.905,0
0.014898752,60.93016913,804.1828705,46.41001133,214.985,2758.337,0
0.019031292,79.18721823,,56.80922122,202.037,3035.155,0
0.019529073,69.87884962,835.9917016,57.69636309,199.307,3442.515,0
0.021944984,68.61056259,814.5948958,52.9324262,205.656,3459.992,0
0.027673724,61.30028248,812.2186654,48.87411278,200.936,3309.996,0
0.015998713,86.49932131,770.6733179,54.63069722,192.801,3714.431,0
0.030534659,64.54008414,807.2809538,40.36621867,205.749,1897.071,0
0.024073151,61.67399673,818.7239637,60.77909402,177.759,4142.47,1
0.020530477,62.93077348,797.3285577,58.76628652,203.819,2941.92,0
0.024088713,80.29462076,786.0534606,32.28878799,214.518,2193.131,0
0.025043756,75.3855712,822.8906157,48.48252789,207.461,3276.876,0
0.02332496,72.83355957,834.0916173,42.90403883,203.994,2928.516,0
0.015136663,73.59397781,827.978306,52.74164597,213.741,3420.375,0
0.03336602,62.48142527,787.6789015,63.08222342,179.19,4077.104,1
0.022519809,75.38854095,758.9920858,49.71141947,198.737,4030.539,0
0.0210845,73.98937457,779.4702072,,211.753,2578.638,0
0.025725976,65.94882802,782.5647015,49.79905065,208.076,2594.499,0
0.019532229,64.55930097,814.6786683,56.02420805,201.092,2687.938,0
0.017300992,66.33066475,805.2310025,44.82538857,209.433,2448.945,0
0.023096282,85.06175317,769.4712066,44.17882609,201.079,2818.607,0
0.042862901,78.94490336,796.4017432,50.57513655,192.332,2796.206,0
0.023810004,74.60014223,809.9949573,41.25495484,210.145,2149.235,0
0.026900456,79.15179209,819.0548368,64.26293066,188.604,2774.788,0
0.006842384,79.3498581,778.071511,62.37243145,208.415,3341.596,0
0.028217547,62.78229792,839.4936487,46.2677682,193.744,2828.777,0
0.023850465,52.24821053,807.5072081,59.02023474,184.472,3653.783,0
0.026230741,75.05344862,769.3322865,35.11984671,213.027,3456.018,0
0.037686548,72.25505214,834.6840896,58.96944211,165.699,3855.739,1
0.020682048,68.76896145,814.9594497,55.87050729,208.192,3108.014,0
0.025348954,75.9351767,793.0991043,34.83042994,222.388,1589.432,0
0.026353707,83.76374003,789.9962216,50.20747652,195.43,2385.173,0
0.028714558,74.40164811,,38.9542352,204.052,2373.918,0
0.030115089,73.8794477,771.0368405,44.99026011,194.39,2720.837,1
0.024866854,74.73463526,801.246021,45.23701025,207.688,2307.604,0
0.028558886,53.81807047,799.2421381,,193.887,3452.393,1
0.036049494,77.71875993,805.6262972,65.71411709,179.509,3634.776,0
0.025585936,63.74087992,830.0015953,41.5081908,205.479,2238.037,0
0.018592617,85.6533871,781.688614,59.37010581,192.558,4085.02,0
0.018448452,55.88597531,860,52.51359914,188.442,4872.513,0
0.035810453,66.06403295,802.4636231,44.13793628,195.092,3148.224,0
0.019151886,71.85249991,774.0658457,48.14865398,206.331,3048.588,0
0.022198211,65.44501517,804.1347115,46.70926602,199.723,2786.383,0
0.02744475,83.64528638,775.920355,58.58335024,191.953,3724.425,0
0.013336532,73.83093917,826.4402059,44.94752156,213.481,3226.607,0
0.03226496,89.04086991,807.4892996,35.10445183,206.271,2245.784,0
0.027250314,51.51758825,841.0801903,44.44128641,187.619,3791.007,1
0.020305902,65.21589061,799.6321205,61.2520358,204.098,3638.737,0
0.013088454,58.31914629,827.0810442,43.73750982,211.559,3952.512,0
0.024182239,88.49928006,798.3296608,47.98635473,197.985,3709.639,0
0.032929646,99.1006048,740,59.88962978,156.606,5579.774,1
0.036217316,71.88704464,783.0166827,56.12915676,197.651,3362.874,0
0.031750409,73.71998363,754.3420149,49.43700653,187.718,3199.052,0
0.023693578,75.06881171,822.2428246,44.09154565,200.932,2573.547,0
0.025286488,45,803.591703,61.63618049,193.117,3988.527,0
0.021590759,67.42230925,810.5953855,57.1217228,204.666,2491.062,0
0.029636899,75.99912026,799.1671251,39.78451106,205.853,2457.74,0
0.030031489,74.68391572,802.4241819,58.40643332,194.796,3450.849,0
0.027088779,81.66972104,843.4497959,58.1006275,183.021,3895.835,0
0.023970722,65.12840517,831.4804496,55.90073095,200.207,2871.184,0
0.034112516,71.91475886,860,52.05413073,153.991,4699.025,1
0.027433583,63.16033465,816.0203447,57.44946732,198.88,3082.458,0
0.02698409,83.86195704,822.8949756,50.03789446,200.177,2789.061,0
0.013439155,69.32501424,802.438176,51.93060996,212.34,3544.518,0
0.02439805,46.45789527,839.3939889,55.57328513,183.064,3896.356,0
0.011682817,71.32692965,816.8741012,62.55920553,206.932,3177.977,0
0.021652226,76.04661965,795.1021478,53.48719651,199.506,3150.319,0
0.033728668,95.90971747,797.7886214,50.79881945,188.669,2983.063,0
0.005,74.61778783,785.6233219,51.40825261,221.695,3313.585,0
0.018893691,82.01432925,826.7694199,55.34564745,203.258,3363.24,0
0.028446768,81.32212005,780.8514042,43.22474415,208.496,2697.248,0
0.014214648,72.14235787,822.3504517,47.20374593,210.463,2938.952,0
0.023830593,76.80629993,817.5930969,32.84244178,219.466,2108.279,0
0.01888907,86.55873688,812.4998294,33.07784298,225.321,2358.316,0
0.0195187,92.26893033,799.0800763,56.63905018,203.273,3711.691,0
,98.23693428,789.902971,54.39220738,189.722,3689.115,0
0.019021117,51.73119248,813.1555082,51.5669699,208.164,2635.566,0
0.021514461,59.9421199,810.6832602,42.76923568,210.126,2581.777,0
0.032920839,,809.0496177,54.41960598,191.678,3093.988,0
0.035117143,64.55536517,806.6679704,58.43989718,190.6,3034.539,1
0.023513306,66.96347342,,55.97406735,193.519,3129.534,0
,72.34937088,,57.77639666,205.032,2871.673,0
0.023089858,72.85042093,785.6217439,53.34296488,199.618,2882.219,0
0.033826248,83.5761484,820.9624522,64.47604651,175.783,3719.595,1
0.026422564,71.29217177,802.3471671,55.42176034,187.329,3970.529,0
0.028968818,68.24730807,813.9782483,35.65686633,206.915,1775.149,0
0.037942568,69.4243546,841.2609193,53.314784,168.386,3391.497,1
0.023647224,93.95642165,798.9986267,47.82526147,207.797,2691.507,0
0.020667051,52.67130988,784.1196072,49.39331987,206.511,2560.255,0
0.022719937,68.01796407,775.2130587,65.16082919,201.709,2740.592,0
0.032296944,78.43251981,793.4508486,38.39678496,208.546,1983.922,0
0.024044555,79.28454007,808.1059531,72,183.347,3267.156,1
0.029734216,82.14746081,783.0667919,45.65031325,189.694,2940.76,0
0.019397814,89.12182745,794.2417574,56.72480783,200.017,2843.541,0
0.01173843,86.61803248,752.1758449,48.22894441,205.39,3708.778,0
0.026021185,70.95628356,826.9132805,63.78567079,181.883,3475.287,1
0.015480874,81.60587497,780.6057139,48.75601531,210.385,3698.441,0
0.027806921,71.64540886,801.3492738,57.54568452,196.68,3200.697,0
0.025267235,61.47184807,816.8167197,56.61096748,189.388,3557.467,0
0.017432371,80.97731301,740,49.30972673,186.624,4476.193,0
0.034073089,90.78885245,768.206841,55.67837715,180.996,4047.338,1
0.027404449,87.25463699,788.7043177,56.04648689,199.02,3183.201,0
0.033077423,74.33545,781.2309979,60.41565232,188.808,2531.165,0
,88.85994587,768.0623453,44.18240817,207.444,2748.767,0
0.027615701,77.27204183,814.2525079,57.14958187,197.395,3388.921,0
0.028626932,62.2872695,833.7100213,60.84093512,180.804,4214.738,1
0.02663455,66.89266733,807.6783996,47.39678645,206.6,3303.873,0
0.028608427,85.74991896,821.4916181,50.35742586,199.335,3158.038,0
0.017028361,75.46315206,765.6044846,54.75875508,200.15,3719.335,0
0.018464349,81.44112233,801.2544879,44.61719122,211.601,3415.161,0
0.027078386,71.47720862,776.4446111,52.00887776,199.436,3288.8,0
0.025248393,68.91743198,828.3256717,71.58973592,184.435,4237.32,0
0.015411505,76.08008549,815.5017817,43.69837314,215.48,3627.586,0
0.032399573,89.29018852,753.3724881,41.34922918,182.518,3763.933,1
0.029485111,52.19473307,829.7391243,64.4026121,173.332,3638.969,1
0.028577449,89.42246571,802.0451122,40.06793272,196.474,2918.464,0
0.024061478,74.08029817,815.1069782,57.88066715,191.002,3018.209,0
0.026993014,65.62531884,810.8005985,47.19548065,201.946,2061.23,0
0.029357225,60.78086278,827.4883397,47.68726632,192.055,3120.371,0
0.023849639,78.94245165,820.7287,49.9138064,201.613,3152.088,0
0.018932429,63.96558649,808.2877678,68.70331524,185.521,4704.598,0
0.02563276,68.54109892,815.0529165,44.22393936,204.12,2754.389,0
0.019264916,55.22133546,805.2613627,70.49934482,188.523,3758.324,0
0.033599272,69.53512042,778.1394407,53.11368194,182.924,3938.539,0
,73.25285858,800.5090305,53.40077223,198.158,2617.508,0
0.024806006,62.75842204,810.1975304,42.28183397,213.006,2368.91,0
0.023718874,75.40476269,792.0462041,49.73712951,213.731,2004.011,0
0.030669943,91.15741204,797.315906,47.58012657,197.844,2988.989,0
0.02486902,76.21782963,776.9869166,54.94870091,196.208,3311.468,0
0.027678823,62.30936647,775.6596634,36.71547063,201.895,2278.543,0
0.021772829,62.08619843,822.0019183,48.41825041,207.095,3795.214,0
0.017057455,69.41880291,819.7989295,40.5198295,217.434,1976.917,0
0.010477783,86.84637165,788.0158303,54.96999048,209.713,4141.874,0
0.022845284,83.34057441,818.4954753,,225.645,2076.875,0
0.026161063,68.90368445,802.4302044,39.76808951,204.082,2460.031,0
0.026563604,69.32956366,783.4940697,70.8734879,175.243,3633.9,1
0.027026892,59.39448116,787.043297,59.14197527,199.895,3406.466,0
0.025722451,71.37324959,810.5733753,36.88492085,215.807,2630.251,0
0.023073549,55.00982406,854.3102664,45.58079826,187.562,4527.536,0
0.025496282,73.91089219,816.9391902,53.39023814,190.601,3837.591,0
0.029951266,67.80083069,813.3124784,53.94738427,194.427,3704.441,0
0.018873428,70.41238763,791.8799662,47.23734164,211.954,2513.044,0
0.033041916,56.68109394,850.4018578,54.33867522,163.237,4245.081,1
0.027918997,61.11714138,740,50.14808229,185.917,3954.068,0
0.023900384,76.162088,780.7244454,46.7367527,205.57,3067.203,0
0.041986629,72.1493163,794.4421331,55.71468598,191.373,3225.209,0
0.02632928,95.80504991,777.235088,48.46179779,196.75,3686.105,0
0.022612146,92.29250447,785.4107262,57.68077036,202.022,3948.982,0
0.02115729,69.31760556,847.2535219,58.26382057,190.086,4359.423,0
0.022982734,67.56439898,780.4177895,36.5371493,211.816,1745.393,0
0.038428482,73.60186794,790.3799799,55.30003898,185.703,3908.347,1
0.029602558,75.20854156,780.2641236,56.31859639,189.913,3221.98,0
0.022272284,92.43325666,802.9503734,62.74139393,190.775,3262.933,0
0.020958035,75.47211312,806.9659003,43.08020839,215.482,2468.667,0
0.028110871,77.28904193,792.0849609,54.74080932,194.867,3315.156,0
0.020305041,75.76283541,773.2772163,49.30879642,208.843,3108.323,0
0.02707502,74.22104854,793.5425566,51.7215319,209.258,2741.134,0
0.021573362,76.09875078,751.1898572,57.39861335,180.699,3510.965,0
0.011583711,71.72811115,800.5261141,50.01588657,216.441,3199.98,0
0.022886443,63.27032437,805.9066818,61.8578477,199.99,3070.055,0
0.023997467,55.63481322,790.9028738,61.78637516,186.86,3761.515,0
0.008525175,89.61407756,799.9458342,47.82804453,213.711,2996.719,0
0.027886768,71.93967549,787.4638509,53.61771331,199.602,2670.673,0
0.029300876,73.0778046,790.8888295,51.20765026,194.703,3230.024,0
0.041342707,67.06146952,803.4944236,43.05015549,193.02,2505.401,0
0.030941051,76.16954436,762.8485277,46.05047968,192.174,2859.092,0
0.015073133,78.11630242,792.3718816,39.81314499,222.158,1587.334,0
0.027532126,79.71619377,860,41.8565313,183.378,3894.471,1
0.022268733,61.12727924,793.9089863,53.66468339,205.547,3722.769,0
0.033291409,67.45204826,,48.32920384,190.851,3202.391,0
0.020521892,65.19564767,800.3259475,41.26142422,215.413,2199.26,0
0.029386678,65.61487625,800.8079211,50.53846829,208.362,1893.865,0
0.018618001,67.74586937,845.3694795,57.16313293,190.395,3686.778,0
0.016525042,64.59993928,786.9453428,66.94153944,200.771,3526.892,1
0.036067015,68.71024189,787.2172697,50.885783,201.639,2875.528,0
0.029769606,87.37721965,784.4758451,53.10051727,194.932,3908.115,0
0.019974125,61.73251752,801.5980627,40.00720909,220.107,1595.183,0
0.024097157,72.3042293,837.6112716,53.22694011,196.001,3510.519,0
0.017855309,85.99359518,790.3615938,40.32134884,216.352,3219.634,0
0.024329117,68.58333694,783.5210362,41.50264847,210.139,1888.079,0
0.020578457,76.93462707,757.6498149,44.70008539,202.201,3470.85,0
0.027347665,68.10196302,796.5200969,46.1477737,213.916,2477.263,0
0.021000628,65.88709156,781.4937023,57.74638899,202.447,3696.139,0
0.032038291,78.25274649,803.7267032,51.93093122,193.932,3136.313,0
0.028651788,81.47892827,772.4339401,45.38269459,200.748,2888.932,0
0.024013394,60.82065282,825.7320793,41.40871643,207.691,2674.332,0
0.027638919,71.27219847,781.5012608,45.71806065,210.618,3261.948,0
0.027781936,73.22012737,780.4245139,53.04353279,191.35,3555.334,0
0.031789304,87.25917676,788.9911735,49.88675489,200.014,2627.179,0
0.019824716,78.45056095,827.8216909,54.91871514,199.383,4180.336,0
0.024188806,63.36300035,800.0444339,46.69626884,199.347,3120.46,0
0.024786128,72.77841103,820.0581437,47.81208701,207.777,2840.083,0
0.025530973,79.18931125,766.3056465,42.70182882,206.086,2415.941,0
0.023231462,94.47832387,771.6888218,56.51846063,194.039,3745.961,0
0.036027094,74.58768638,762.0313633,43.09834172,187.84,3769.647,0
0.029689139,64.66253987,812.5585302,38.48036466,213.223,1723.666,0
0.022986034,78.44343033,765.9886513,48.29656836,208.354,2735.883,0
0.024211851,74.93317951,806.0800998,65.29467232,187.095,3707.957,0
0.015098659,83.79672659,741.4297859,34.62019851,200.23,3634.362,0
0.021071558,84.72162572,798.9754178,46.79678149,209.845,2944.216,0
0.024495287,61.59514767,796.9428943,39.46909715,213.481,2524.378,0
0.027256583,82.99898838,822.0136165,47.51764126,204.377,2574.608,0
0.017246106,69.51763538,759.8091093,43.8100915,207.723,3398.186,0
0.025163854,76.30853506,775.4071656,48.22401728,203.615,3424.862,0
,69.45873055,809.9358639,51.32297866,207.702,2947.572,0
0.017446562,58.10760385,837.9690868,46.63704328,201.191,3300.811,0
0.020555719,75.63305844,797.1287155,56.77136896,214.98,2432.647,0
0.016548777,79.87253191,769.0144012,50.38048559,205.953,2731.927,0
0.026481386,79.25858867,794.4613585,53.80755678,198.43,2879.086,0
0.019640931,60.07155851,814.8307467,57.59619222,203.039,4590.025,0
0.024198999,73.13752537,841.7841378,71.79365489,182.483,5529.105,1
0.035372287,64.9411576,831.8657098,46.4283802,175.282,3531.554,0
0.02604054,64.37005864,842.7818505,46.67808434,192.998,4373.334,0
0.016298318,78.92402449,766.9500883,49.15172727,202.351,3047.398,0
0.023842765,74.7808563,754.5166391,55.39479712,192.041,3900.726,0
0.027305336,62.49178564,779.2475894,45.07982153,201.295,2423.178,0
0.020483905,74.41495618,792.5825832,64.47528519,202.678,3026.095,0
0.021728838,62.88280177,812.5543017,62.08138257,191.436,3600.063,0
0.033076146,85.90005547,,52.83056879,187.817,3493.197,0
0.024528631,69.27358865,765.1396482,43.62602914,203.7,2681.509,0
0.021083157,84.07084917,798.6950603,56.41060806,201.317,3293.854,0
0.026630006,67.79974045,791.8869032,55.04566759,201.508,3258.17,0
0.028612431,62.32556213,790.8122805,51.39818199,199.392,2769.56,0
0.026472108,69.49664699,812.6475362,43.96906881,205.43,2779.059,0
0.034976254,66.65595999,783.3406938,50.95903097,194.685,2603.059,0
0.023120717,77.9921739,803.898975,51.53816098,201.657,3105.835,0
0.031053879,74.86086725,844.603086,48.98985448,170.183,4368.235,1
0.019321791,83.92004588,773.9774364,67.22095442,193.389,4047.439,0
0.01765107,83.38783379,782.2035111,40.11774379,224.24,1773.401,0
0.023444632,90.13513255,774.3026594,45.61407839,204.174,3299.424,0
0.0219757,74.79278953,787.3450242,54.13855162,201.854,3308.597,0
0.011000199,76.24419959,784.7535866,50.21806106,211.775,3623.718,0
0.030725581,,829.1236647,47.46342491,191.867,3552.083,0
0.023081248,72.9751847,808.5273047,55.4448487,201.844,2491.017,0
0.023311957,72.8601149,818.2766382,46.87867271,211.996,2593.043,0
0.021619676,80.7880872,804.2981759,47.53326604,215.092,2101.259,0
0.027706686,68.58226075,819.0564822,64.94191557,194.006,3792.021,0
0.022287705,60.80612294,802.9451438,51.85406484,205.002,3174.554,0
0.014221591,74.07369656,790.8665334,,219.013,2080.327,0
0.025035567,76.66113563,823.7025335,32.07160434,216.065,1761.82,0
0.01695049,91.40338643,803.9031182,72,185.238,4230.988,0
0.0229125,65.72408579,773.7955166,50.01860966,207.599,2914.441,0
0.024615867,54.19558073,823.4078142,48.34791239,192.863,3555.536,0
0.026087602,70.10383981,776.6718701,39.33012612,213.029,3019.997,0
0.022340083,65.55029223,780.7894196,53.51777489,205.996,2630.899,0
0.024530098,73.64546628,825.5069908,,201.603,2937.679,0
0.024027998,81.16204388,755.9915906,46.34119886,194.69,3739.43,0
0.021320417,80.9780967,772.7318265,40.71596331,206.669,3184.637,0
0.020150383,,780.6358142,60.26049694,198.505,3537.888,0
0.023617851,79.60393477,796.5561625,60.42149419,187.833,4115.267,0
0.018500392,85.42654488,780.9165907,46.26906894,204.969,2634.759,0
0.014976245,77.73344716,815.7360177,55.49038394,208.602,2870.593,0
0.028647715,63.44812815,805.4869756,36.54538092,212.213,2443.932,0
0.026839776,58.78689626,851.6965696,41.6345309,192.719,4752.918,0
0.016831259,66.38402948,811.4598272,58.86944874,199.545,4121.878,0
0.024875261,,786.8744455,50.77439249,211.899,3151.356,0
0.022038603,70.22250576,803.1466727,46.02433515,212.351,2048.914,0
0.034514454,70.20912088,784.9759565,38.99981248,205.071,2638.699,0
0.033754325,66.14318511,824.1543605,58.70718453,182.109,4040.408,0
0.034901313,57.93799713,790.8153536,,192.885,2614.332,0
0.02369737,66.42343206,806.5396641,46.82418868,208.105,2649.076,0
0.030249566,74.63027547,804.5930177,48.87518632,197.879,2892.046,0
,72.05447183,772.8214377,41.60488982,214.737,2828.706,0
0.029475806,77.82611628,762.485821,,182.021,3667.883,0
0.037427331,81.22185226,767.7931836,,181.252,3678.636,1
0.02670398,74.64491271,784.2026084,54.10586577,194.989,3174.719,0
0.024281654,56.24474512,830.5045903,47.44730717,202.767,3885.279,0
0.023091996,69.6849146,785.7272466,48.7036625,197.767,3442.967,0
0.016171089,74.74523653,792.481299,54.7850823,204.491,3060.01,0
0.026490701,55.83955704,808.7013686,42.7267531,205.938,2112.606,0
0.030076313,86.79078443,790.7631451,40.9261697,198.955,2624.858,0
0.025389713,79.03028033,770.3310962,47.2242591,193.112,3672.47,1
0.027554539,78.8054232,783.3615616,48.18536198,191.667,3598.574,0
0.026587975,66.88650206,782.6092641,57.0897829,190.515,3238.627,0
0.019730694,,813.3881621,43.21103107,218.088,2884.118,0
0.018175463,73.48700835,803.3595005,49.60065851,216.751,2252.375,0
0.025945296,73.51535939,816.1436363,42.20322691,212.16,2202.455,0
0.011135487,69.30945779,796.5880628,51.50628601,210.876,3018.683,0
0.021861248,69.55067689,820.4809292,45.31124431,200.248,3550.06,0
0.029246588,83.40846709,794.1632405,62.5578908,188.477,4091.786,0
0.018146148,60.98368086,823.6199371,53.5797736,203.972,2734.921,0
0.020815247,93.68231243,782.2562623,54.71952937,194.462,2963.351,0
0.023425424,73.13235245,812.2494826,48.79675828,205.976,2811.299,0
0.028235927,82.84896924,814.5671457,47.65823361,194.281,3198.241,0
0.022127643,,819.1408039,44.16826387,213.036,2720.872,0
0.028451246,78.96173148,803.1502934,54.42575058,194.296,3847.739,0
0.037453752,63.15432485,806.817016,39.8944478,192.428,2924.663,0
0.029799933,69.4236051,808.4758195,51.5905295,192.998,3850.677,0
0.025736051,70.04922077,794.0911035,53.53003727,207.42,3064.592,0
0.021877588,60.36451003,815.4525815,40.27583137,217.74,1419.362,0
0.026337086,59.18486236,803.8449945,37.87747382,214.172,1198.55,0
0.032653433,76.58411733,818.2981336,44.63648252,192.657,3067.278,0
0.02858568,82.07492805,778.0256698,33.6490615,204.282,2496.781,0
0.026682566,,777.5215819,43.46579987,205.681,2463.384,0
0.017684396,81.6816878,801.3094903,54.79813473,197.881,3317.046,0
0.022968442,66.52742181,797.9193447,41.67081108,218.3,1781.851,0
0.016785709,72.1155263,801.9742349,42.04351182,224.954,2823.962,0
0.025773688,60.78513801,811.1595254,34.02994371,212.201,2486.42,0
,60.71986164,823.8332561,60.17939771,193.892,4317.345,0
0.033625471,75.30149664,753.6524025,48.88025677,188.768,3691.5,0
0.026412868,78.05376306,837.02844,65.56161871,179.679,4576.973,1
0.027685255,76.74266978,793.8799216,,198.922,2876.778,0
0.026010844,70.90191294,808.8068539,61.70492818,199.592,2734.496,0
0.026514851,65.26130014,804.326501,47.46663701,200.028,3197.694,0
0.026534079,60.60056669,802.4359778,56.34528215,193.173,2842.853,0
0.012214342,73.3758981,771.0741004,66.28808254,201.557,3395.651,0
0.02606438,63.98241574,803.2018291,52.52422302,198.773,2787.876,0
0.030404595,71.57265526,812.3237749,34.09529872,204.925,2253.054,0
0.017568243,67.89066051,802.4551376,49.16347538,214.797,2795.306,0
0.028786507,69.6251423,846.6309042,41.21858796,196.234,3069.528,0
0.017863175,78.02522956,840.6071733,58.46947741,196.581,3204.852,0
0.016155807,63.49120444,821.822959,49.68278312,200.167,3636.78,1
0.015638537,64.0985983,809.0902628,54.90135334,203.42,3548.187,0
0.03440076,78.2529103,811.9648414,43.28336769,202.029,2698.01,0
0.028299011,85.45469787,790.9426235,56.4852928,189.225,3040.582,0
0.0235582,85.59460905,782.6729352,57.09784272,198.096,3423.226,0
0.015276824,95.77246886,775.5943891,51.30991881,204.831,3459.226,0
0.018873987,74.41426095,822.3788183,35.87312503,220.622,2687.938,0
0.02054587,69.21649511,798.2523023,61.89085003,208.31,2800.11,0
0.023953428,67.02905229,805.4430504,52.82996194,204.816,2558.282,0
0.026908689,78.86539797,780.9576379,52.09496231,203.346,3243.461,0
0.035500791,67.72393731,762.4588301,56.68949805,179.022,4253.897,1
0.03780405,77.79129266,760.7513293,46.29643306,184.796,4276.402,0
0.029069286,69.02192217,796.5527768,55.35211578,197.311,3250.127,0
0.027904049,67.03095185,860,59.95625745,172.372,4079.677,1
0.014724946,82.51042372,763.4842694,60.79379638,197.223,3735.065,0
0.028904863,74.66659622,805.8244246,35.46380722,208.321,2911.367,0
0.024845201,74.78107662,786.9487464,70.38403003,192.382,3120.169,0
0.025942731,68.16046031,830.864838,60.21402472,179.441,3657.368,0
0.027501662,78.11664322,815.1126124,42.25916363,205.314,2581.33,0
0.016632169,78.07872547,819.3400253,46.7441642,210.113,2608.009,0
0.019629577,62.13633109,805.0599088,34.72534818,227.973,1918.568,0
0.016281515,77.41184211,806.8287595,47.83882372,210.641,2626.274,0
0.020137942,73.30335943,806.4178564,45.90671679,214.409,2288.946,0
0.0231693,69.45373293,758.8269165,46.67230223,196.694,4127.181,0
0.020628522,74.25202424,815.4108078,,207.756,3800.601,0
0.03009638,55.22388445,792.4988024,67.43860512,179.386,4241.85,1
0.017577073,85.70579971,810.5366654,41.9455238,219.481,2584.895,0
0.015397272,63.75002268,825.9432805,58.66160445,197.379,2981.384,0
0.044245946,60.68777922,814.0113475,50.74852417,176.755,3045.577,1
0.034882541,67.44561325,827.8421268,48.7324876,181.729,2863.207,0
0.034161744,52.60420962,825.3234994,59.67949777,174.49,3568.861,1
0.026025988,69.2482985,811.8402663,60.86073397,192.613,3479.518,1
0.024291262,82.677286,813.6416027,46.63131171,204.156,2750.907,0
0.037445088,66.73704402,821.0790265,52.02899057,182.696,2438.629,0
0.023054267,82.0624342,794.1837275,56.17408962,197.516,2984.261,0
0.019693114,79.4213722,823.0320302,58.70306372,191.047,3837.139,0
0.024992514,78.895327,791.1273747,42.13582449,209.934,2321.332,0
0.011812889,84.27519141,801.5461305,35.84856733,230,2021.727,0
0.019810852,85.14010319,755.0840839,57.12625229,193.155,4380.142,0
0.024612859,83.31459262,789.0979495,50.83467996,200.104,2698.679,0
0.016864934,74.00403974,827.933336,67.4567858,198.532,3917.787,0
0.028190885,,830.4447459,58.38286511,191.967,3755.499,1
0.017463506,84.8687421,773.5317731,72,187.817,4152.926,0
0.017733125,78.47718776,814.820248,56.32150995,210.021,3348.82,0
0.023957203,68.12382321,778.2918132,49.14654698,204.27,3181.692,0
0.015944178,74.44965396,783.1985516,35.10068579,220.301,2372.008,0
0.023635331,64.14193126,850.8557936,52.40000023,183.619,3973.362,0
0.026408444,70.87151032,,53.474266,180.775,4783.932,1
0.02344577,77.80970679,768.7169717,57.52856779,191.751,4382.67,0
0.026512888,87.33959677,776.1900184,59.1201359,191.602,3571.179,0
0.021410123,82.2243017,777.6596702,53.18224879,204.951,3265.847,0
0.01591799,84.18947463,,38.26893798,217.942,2146.845,0
0.014242165,65.29611415,792.8864856,49.65135798,211.136,2589.49,0
0.026359986,70.71881712,772.3347329,28,215.099,2246.058,0
0.017062017,73.9624517,842.9372725,54.31871458,202.605,4018.366,0
0.018381386,65.18406977,816.4078991,47.63233688,212.506,3268.922,0
0.035168074,73.01882405,816.2115156,52.11216499,193.042,2253.932,0
0.030920152,76.13452587,793.3085776,44.94550671,197.302,2176.429,0
0.036350326,76.52230728,774.8130864,45.46612435,196.946,2432.386,0
0.031489853,69.85785358,797.1389756,50.22948429,197.961,3122.989,0
0.028396104,66.07595726,823.5744213,64.5055766,186.522,4403.782,0
0.021584442,74.86124335,797.5207105,56.30977995,212.221,2791.797,0
0.025978783,62.33465539,756.1512418,46.49803709,193.41,3389.357,0
0.017092354,71.39218101,760.6890365,44.45583774,206.693,3217.248,0
0.022550647,61.10286151,846.9775646,47.63848809,181.9,3948.972,0
0.023677715,64.05203403,824.3693291,46.55513556,208.543,2852.457,0
0.022987078,74.91017792,816.557869,42.08049232,203.657,2932.395,0
0.025523386,61.77999359,833.6401135,56.27114058,190.416,3581.716,0
0.023175689,65.8663193,850.2383992,59.74435482,184.257,4536.17,0
0.017699016,81.29996674,770.2757846,51.69716368,209.353,3740.519,0
0.027002321,62.39084171,825.241179,54.39322156,197.725,2648.723,0
0.034263061,70.10745935,789.3523328,55.89944333,190.671,3232.769,0
0.021745917,64.5324877,821.1509643,56.15267925,205.251,3702.458,0
0.031848394,62.44091172,812.7368904,35.31981496,207.337,2370.275,0
0.024227252,68.71803567,779.8638483,45.8827911,211.223,1853.047,0
0.024296974,77.33159856,808.8556893,,201.338,3245.345,0
0.025656635,79.2116701,740,58.37615235,181.607,5544.979,0
0.028691726,71.12560664,816.647273,54.96210292,201.325,3390.758,0
0.036736401,78.15294088,809.8378648,45.79438144,195.379,2560.676,0
,58.38934086,828.6010367,62.57376731,183.713,3330.425,0
0.024443863,78.92839788,832.58345,50.2620304,191.856,2990.818,0
0.031138893,77.10810362,790.5597781,48.14844146,202.581,2536.648,0
0.023878462,65.89668629,812.6262478,52.4890665,200.718,2802.6,0
0.031461469,86.25894152,740,44.18644111,178.715,3929.502,1
0.021695437,60.04673029,810.975205,47.58283917,211.452,3050.87,0
0.020457044,74.77099517,799.3783569,33.05989933,214.552,2801.797,0
0.036088711,57.05172392,828.3497037,56.359702,170.646,3558.87,1
0.021074637,81.69402841,781.2938613,57.88762533,195.781,3503.11,0
0.027828623,94.11727987,740,40.73984909,179.786,4139.02,0
0.017894846,83.03863226,758.6288621,49.98053092,191.716,3763.076,0
0.014689169,75.15861932,773.0971931,56.31695695,207.686,2943.985,0
0.023756871,73.99177968,773.0962174,28,219.13,2226.043,0
0.016304004,92.98691636,807.7224869,48.77621061,210.655,3109.665,0
0.010766337,57.35920289,767.2810449,36.10078555,223.833,2596.635,0
0.018403871,68.41973587,820.6242388,41.35954207,212.846,2724.168,0
0.008387396,79.98492475,778.7182916,56.28941581,209.406,2925.2,0
0.023666098,68.05192013,,42.51257692,223.268,2610.136,0
0.013643616,81.6769109,770.4027268,55.45509139,204.857,4140.921,0
0.020135107,65.88599427,823.3097335,59.82539826,194.265,3058.294,0
0.031400677,67.9277081,804.3513975,,194.429,2910.54,0
,87.50408654,812.7575448,49.85745492,183.691,3537.258,1
0.034191671,71.43671829,808.0189908,58.24576229,192.644,2528.213,0
0.015923159,51.76805799,829.9541262,48.21744632,198.177,2931.075,0
0.012551671,63.37939572,839.7299883,35.08360413,216.598,2923.209,0
0.015497457,71.29297987,828.9930783,,209.668,3104.784,0
0.034759878,65.38026379,839.2265418,46.1742878,182.425,3079.497,1
0.01551994,94.19237305,774.5958007,53.50838267,203.169,3889.726,0
0.019725522,60.29653101,835.556197,60.13313522,184.068,3661.969,0
0.016792843,81.68130719,827.8957331,61.21734355,196.622,3315.534,1
0.017158663,79.73480548,769.8884505,52.98503873,200.442,3059.693,0
0.029014185,72.72552563,822.7905608,,204.511,2247.701,0
0.026205784,75.75072388,763.9176734,50.20277941,196.902,3544.729,0
0.019735557,77.00053509,799.4771205,44.24058865,215.927,2736.543,0
0.023768357,80.54906372,767.8574696,40.41024746,206.64,2952.444,0
0.042289437,57.82245321,860,49.85300549,144.941,4593.707,1
0.03628954,60.03859971,838.3063529,50.20351492,168.226,3736.079,1
0.01478666,76.13933658,812.8005768,46.69731226,213.395,2964.906,0
0.024757229,72.51293394,797.5421043,58.89675994,194.16,3182.533,0
0.021276571,55.51551021,815.3760985,48.83970615,203.803,2938.198,0
0.022414591,64.58191762,786.7823958,32.13613378,224.884,2649.304,0
0.00683503,63.59238645,814.4924486,39.71272223,229.336,2557.333,0
0.022882002,87.27012657,778.9142172,34.05167682,216.34,1912.06,0
0.022166047,74.45732862,799.3587429,52.17867297,208.975,2900.669,0
0.01850339,56.36385247,833.8133281,44.51896683,205.849,4103.172,0
0.023142137,68.96159964,790.7643922,46.64012352,206.446,2789.243,0
0.017698827,62.62578054,831.9844236,47.69396604,209.941,2342.579,0
0.014700402,82.66470682,832.3283423,57.17430082,193.922,4155.78,0
0.024417001,76.56558478,793.7919058,42.85420036,209.427,2704.523,0
0.021664084,75.36314269,797.8877052,62.90016928,198.274,2711.922,0
0.009669841,68.69974788,797.0336765,46.23674572,220.636,2834.471,0
0.024212637,55.01282194,837.1961255,49.9547802,200.154,3405.541,0
0.025190224,62.12109063,828.3980404,60.22300003,190.446,3833.217,0
0.02099265,57.92974585,812.2437531,,202.364,3611.711,0
0.023821264,62.32005997,818.9755943,62.32167633,189.917,3135.786,0
0.034781405,78.91472726,758.8269965,38.4191622,193.439,3319.534,0
0.02329768,72.18864391,769.5438173,54.90128987,201.919,3260.685,0
0.020930083,71.59153508,791.4070688,39.65559065,213.991,2567.573,0
,74.78912009,807.7566882,72,191.408,4151.613,0
0.025961639,75.35233011,743.5821891,46.51209652,188.165,3419.212,0
0.015376793,86.76640627,828.669747,47.86530836,210.098,3044.089,0
0.026828024,73.69760188,753.8484602,72,172.461,4615.953,1
0.034968157,62.13453479,810.3290462,35.2336008,197.432,2784.95,0
0.018222706,57.39848665,848.7650667,50.51261951,197.199,3886.2,0
0.016120561,,825.5164256,52.40779022,209.079,2685.17,0
0.03293335,73.4216246,810.8502653,48.12445785,199.021,2323.182,0
0.019896672,78.61564148,764.5159542,54.92694479,192.417,3961.81,1
0.019400301,67.38699323,795.0737898,42.50591361,220.884,2325.381,0
0.020139739,73.39871276,796.6827656,63.82278105,198.381,3877.674,0
0.012321793,82.61865654,740,44.49106607,198.591,3988.717,0
0.023501559,69.24982384,808.6525884,53.70176554,202.956,3002.433,0
0.023839795,93.62526031,758.16344,43.64383699,191.203,3639.635,0
0.018516594,73.9736046,809.8235289,42.10726946,217.134,2662.705,0
0.02994176,73.14088694,810.0618544,51.40821742,194.365,3376.471,0
0.018206416,77.65008005,819.7646953,51.13252404,205.373,3740.748,0
0.026256745,71.62749865,782.0944829,55.71656906,199.624,3896.648,0
0.019369329,80.29474775,788.8633666,44.13920849,208.892,2366.08,0
0.019732409,66.34671318,775.7576854,62.97520625,188.413,4229.769,0
0.017939022,66.2777675,793.1206294,45.67670077,208.73,2103.041,0
0.030502163,72.64488247,799.3050969,41.97984171,212.133,1168.522,0
0.023605033,63.03531141,795.6414575,45.18224563,213.528,2260.126,0
0.016229653,70.47193112,859.7566545,50.47960919,188.475,3925.596,0
0.019205637,83.16749537,779.0847013,40.29165731,222.926,2101.96,0
0.027788118,53.73017483,780.9857924,51.14930786,197.489,3062.975,0
0.027902177,66.13837715,837.6028648,71.60416063,173.719,3953.242,1
0.029111845,86.59170987,785.7750533,42.63177218,202.169,2252.175,0
0.025867043,67.55292445,781.9912841,41.23429422,206.862,2684.388,0
0.021697779,79.73638327,763.8031837,50.38736606,199.474,3243.201,0
0.017512113,92.69341485,767.9849078,54.81280793,199.685,3446.511,0
0.019293762,63.33328568,812.7127309,,209.186,3002.899,0
0.02160393,68.91668191,815.6873359,49.4508146,206.475,2610.173,0
0.036433724,53.57410254,,53.02268632,157.513,5137.343,1
0.0276728,68.87285179,,45.64962018,197.474,2093.879,0
0.02858228,75.70396029,809.1334033,39.2197664,207.042,2275.341,0
0.02295901,78.18835373,816.0380701,42.85811414,210.697,2623.439,0
0.031167245,81.06664145,769.8488884,56.34559096,188.55,3829.197,0
0.018263032,86.17232414,746.2733832,45.74915215,193.609,4116.682,0
0.01409146,74.24434914,763.5052909,68.02274474,193.248,4010.705,0
0.025264059,79.54938308,794.7928495,53.51807839,202.344,3086.504,0
0.034308712,71.52898174,816.8268114,63.07542324,177.466,5004.428,1
0.03277546,64.37928771,,50.20885689,191.391,2999.156,0
0.02782817,70.43507936,838.6496934,49.73794643,205.263,2571.73,0
0.010926861,76.17396043,835.5077437,46.22595884,208.334,3975.403,0
0.024290257,,824.7580808,41.52740343,211.314,2040.601,0
0.017180672,76.89455137,831.9745475,49.19585234,198.305,4554.862,0
0.013863268,63.20798647,859.8487996,49.29634224,195.824,4059.966,0
0.032792094,72.05659525,814.6313231,44.94670406,206.203,2467.175,0
0.012358895,73.00527265,816.2852436,49.14172717,217.35,2691.693,0
0.030740891,64.59345298,810.2784608,64.86339211,181.724,3493.498,1
0.020692552,89.14223594,805.0866209,56.55376344,195.075,3590.494,0
0.036909357,76.38442438,805.6582428,48.74972936,187.347,3351.653,0
0.032349564,84.53977516,821.9249892,61.02335516,175.523,4110.589,0
0.033587292,76.4971983,756.5486717,47.940287,192.46,3361.181,0
0.010539198,57.40165875,833.5286587,46.06179173,205.632,2968.629,0
0.0160058,74.50984009,815.8789208,53.57937926,211.202,2377.361,0
0.033350341,66.47845944,801.5578423,55.93567665,182.888,4046.531,0
0.027034903,51.46247786,800.0113001,37.29236407,209.998,3389.384,0
0.02118463,77.81498387,785.0993721,52.15561288,206.819,2981.452,0
0.028572611,67.85501745,811.41168,49.73045631,207.614,3481.548,0
0.020432535,66.56683522,829.1593576,39.15729054,207.535,2720.085,0
0.031523781,80.11396357,821.1800831,63.86608497,181.04,3125.777,0
0.028227076,89.59585899,782.4208971,57.97240811,187.119,3571.9,0
0.026940429,67.2127426,833.8820163,51.1609782,194.836,3072.231,0
0.01865429,80.8579645,806.5723886,45.9711345,216.078,2772.604,0
0.022206055,85.78163214,798.2175156,60.72166478,194.456,4199.517,0
0.030788117,85.60378956,769.6272506,50.12431878,186.088,2829.914,0
0.014775168,71.12430345,744.9396417,49.88240667,201.544,3711.758,0
0.026959251,67.0640741,811.3485768,48.1368278,192.913,3146.348,0
0.033910712,74.13628926,761.9595347,50.99198114,188.14,3870.149,0
0.016070227,69.22873105,769.0020229,,206.698,3072.142,0
0.012990097,72.47717423,825.7649173,55.26915373,206.101,3322.512,0
0.02343865,75.86144566,829.4140615,39.34074624,215.926,3087.83,0
0.023894659,72.67145096,793.7652041,55.80777257,201.751,2593.303,0
0.017241285,82.91779196,769.3526392,62.50683969,194.477,4230.301,0
0.015552345,74.42799767,784.8607783,48.42373654,205.264,3260.27,0
0.022821118,78.20486902,793.4284968,41.50517745,206.637,2683.775,0
0.01784547,73.86746998,,39.29188361,218.753,2512.234,0
0.025192143,74.41834186,795.9050521,44.5388364,211.6,1991.857,0
0.023620611,59.81653212,798.0177957,50.76028581,203.256,3412.019,0
0.029777646,69.22428896,798.7057476,59.77024733,190.727,3210.034,0
0.031315662,,802.7724474,53.25913244,188.232,3183.903,0
0.034280638,56.05692684,855.1851099,41.80943223,162.292,4954.733,1
0.020402698,68.61328173,824.7717433,53.61494465,198.042,2930.017,0
0.02775033,79.50562127,776.6609939,46.79549169,198.47,3149.541,0
0.025766756,62.03775931,805.3429748,57.7912269,198.173,3137.119,0
0.02148928,81.8684029,835.4518748,45.24793225,199.154,3290.28,0
0.021679698,68.23837492,822.6610463,47.67839681,209.919,3402.897,0
0.025681194,62.18249155,812.5924352,42.09667939,196.964,3471.238,0
0.035103161,67.00320592,790.9728257,68.00860114,177.028,3209.114,1
0.018816992,56.44122313,798.6234402,36.5421767,221.715,2256.304,0
0.022695891,73.19559033,817.4043926,51.45390127,202.324,3394.393,0
0.02130131,65.7434031,,42.90300985,208.868,3490.549,0
0.037855403,66.63719981,842.2746522,44.92797178,171.091,4912.857,0
0.028943729,63.71599874,829.7399684,53.01747119,190.035,3425.348,0
0.026812686,71.29730284,769.6646022,47.08805976,198.072,3163.791,0
0.027168162,61.30512609,795.2330688,61.4683668,195.649,3185.114,0
0.011218554,81.95899516,773.6401269,37.02511468,218.671,2437.293,0
0.01341386,80.22757478,825.0349,45.49467317,206.771,2898.182,0
0.035326281,73.22429312,790.5521329,60.67339701,193.302,3059.999,0
0.037210509,73.93928344,804.2210511,38.88451395,207.082,2528.998,0
0.016218702,73.48781227,845.0543132,52.19540036,193.634,3657.379,0
0.034572995,65.32813542,799.045493,59.75792272,190.626,2986.943,0
0.013590914,,788.3313459,58.6615503,204.984,2619.169,0
0.024619758,53.93688281,846.9982705,,192.645,4525.605,0
0.027109124,87.43117834,768.6041308,57.93224337,189.085,3686.008,0
0.024477327,80.96539203,803.975087,33.12288999,222.581,1908.763,0
0.019489611,74.43901624,828.4923176,48.22939397,203.138,3582.656,0
0.02483739,74.76283172,794.2552185,56.97473762,198.314,2792.335,0
0.012680118,87.52971985,815.663254,,226.382,2496.207,0
0.020070852,70.51831859,777.0694573,61.71268106,201.624,2649.133,0
0.025932137,73.54574247,776.429426,51.08637079,203.605,3356.519,0
0.026453103,95.08155932,,50.57703537,191.288,3001.529,0
0.028423051,80.84957315,824.3839905,52.02163323,197.828,3209.633,0
,73.51853505,782.2219528,38.60454082,206.292,2954.457,0
0.020226671,70.19113121,789.4415851,52.74540857,206.352,3112.851,0
0.021650119,75.63354123,808.4108282,44.29431613,207.423,2593.854,0
0.025568253,73.1547022,762.1553051,50.99916424,192.314,3224.824,0
0.025698963,77.40176713,809.6822665,54.02449401,205.457,2931.094,0
0.02604364,71.06812138,799.4305102,28,220.644,2488.64,0
0.032941387,66.87151432,833.2401309,34.15175334,193.214,2384.423,0
0.016372924,78.8297404,775.2446007,50.74580304,207.776,2925.544,0
0.023169749,56.86641211,830.2256935,64.12083328,192.529,3437.716,0
0.032401182,81.51983834,784.5435357,56.73059117,188.347,3266.771,0
0.027795319,67.14797322,827.0656105,44.04328625,207.592,2709.311,0
0.020409184,66.72851149,804.6688048,57.46310687,206.02,3299.819,0
0.018562071,59.91156101,859.5314904,56.18751526,188.344,4462.081,0
0.017783125,74.58900524,768.5797512,57.99605476,200.811,4024.835,0
0.024773104,86.54765286,798.5686841,56.99582021,203.469,3462.903,1
0.031448663,79.31049913,764.3874692,51.78587216,192.414,3270.112,0
0.022974965,86.23650266,796.7155955,61.58035572,201.291,3616.039,0
,67.88838219,812.2378378,44.56939267,212.329,1934.54,0
0.027806272,56.20672972,835.3280714,38.12466414,194.525,3450.474,0
0.020808676,76.82880245,783.3499665,56.27336276,205.359,2672.803,0
0.025565615,72.80673621,770.2942774,44.70704732,205.385,2600.699,0
0.01769678,62.05727587,860,48.76033892,190.371,4737.521,0
0.018574663,71.92377733,815.8758687,63.08981318,193.099,4303.229,0
0.02794569,70.31978967,767.1949643,47.36863227,200.39,3364.995,0
0.016594943,61.73423605,840.1406529,50.09008774,204.775,3747.31,0
0.020757696,66.13939463,808.3233845,50.34192772,206.023,2421.48,0
0.025937784,73.31871314,824.6945806,54.53984931,193.277,3905.027,0
0.020504202,49.33222255,828.9398934,51.67292071,189.729,3526.228,0
0.025833197,71.2576725,783.5791812,47.67662576,214.093,2021.92,0
0.026653757,71.94085507,805.1400275,54.87849824,196.348,2679.839,0
0.02855187,58.77175051,845.6270832,51.10738854,185.222,3754.744,1
0.016038021,52.82796264,860,52.33229803,192.697,4568.877,0
0.014632086,58.66951425,817.2479333,51.36792862,211.583,3106.566,0
0.029895135,72.46201476,817.2499175,43.78137189,202.995,3060.135,0
0.037276571,72.43071264,783.5755494,39.28056342,201.764,2752.36,0
0.025635701,63.72751645,814.9559091,32.4529105,210.122,2328.654,0
0.027813204,74.03936657,825.8716172,37.27002606,202.816,3269.993,0
0.025594052,76.00292515,784.6592427,32.74225296,219.389,2198.606,0
0.027195107,,797.1876801,49.92152727,197.583,4018.451,0
0.027939956,66.21449286,818.8343889,,202.163,3021.545,0
0.021487502,54.82293923,820.1902744,50.74422352,203.283,2590.205,0
0.016935724,63.65780776,796.8946577,38.73240254,222.216,2465.273,0
0.032971256,79.20024004,796.7053151,46.90981831,201.477,3058.469,0
0.023420823,81.04468723,805.0933607,38.09096843,208.879,1711.557,0
0.029597738,62.83940319,790.9180965,59.50893556,197.799,3259.105,0
0.022487945,61.23425436,828.6023977,38.58897022,208.975,2373.131,0
0.037701528,73.42842056,783.9073798,59.5088072,187.707,3667.488,0
0.015334949,59.90150164,851.5117505,35.96902659,196.003,3148.206,0
0.036373232,66.32197578,836.8180307,47.90827571,180.026,2898.709,1
0.033004089,63.34160783,827.0803022,47.02417193,179.807,3229.749,0
0.032249587,79.75347908,787.8701437,48.03963599,206.918,2819.54,0
0.026812014,68.35825728,777.2986806,39.48399997,195.865,2634.244,0
0.016777404,,814.1908205,53.36653922,210.531,3151.698,0
0.02373336,60.89676386,829.3571596,52.68952737,201.32,3455.303,0
0.030425889,80.9564778,774.9891928,57.86324971,199.787,2743.386,0
0.029614036,72.60947474,805.646515,48.28278994,206.265,2388.034,0
0.020477379,,780.5056448,41.24850983,217.709,1859.19,0
0.018760188,74.20526717,832.2968438,58.43701097,198.763,2959.434,0
0.022542322,66.84141569,761.4320001,54.76122323,190.498,3383.218,0
0.024646116,72.94719995,798.2323693,51.66984962,205.988,2888.155,0
0.021032958,73.04284409,810.6595033,50.39138697,209.042,2976.411,0
0.025433164,76.19948499,781.8411275,48.76317923,203.957,3200.198,0
0.014762861,85.1771858,773.5874095,60.16922081,211.537,3140.688,0
0.013459247,73.26386276,764.9076054,52.43621081,208.982,2780.384,0
0.027648819,77.99728822,808.1083185,53.79108209,190.755,3224.319,0
0.025066059,59.55904293,807.4340377,51.42780661,192.904,2477.189,0
0.023232722,73.6446964,793.406696,49.54493257,201.31,2962.119,0
0.009150742,73.39920573,802.6600151,42.58979966,226.319,2054.159,0
0.024624796,70.54634671,811.1472794,32.95164091,211.271,1940.929,0
0.018491572,90.16522838,800.9740969,56.00426889,202.591,3357.682,0
0.025507102,71.05662823,768.4376615,49.45338694,203.209,3608.601,0
0.019155086,49.26990181,832.0361179,38.65405951,208.532,3522.131,0
0.017397677,62.86274717,808.5679987,56.96860029,200.763,3521.234,0
0.016287582,76.1623713,780.9024334,54.89077509,200.661,2673.827,0
0.031915552,68.27987026,831.5235142,56.06512609,187.123,2749.85,0
0.019304879,84.45136845,748.5311224,53.20208547,190.86,4056.503,1
0.025932613,71.35149018,786.8718791,55.39343919,197.035,3620.233,1
0.011633632,71.00218705,811.9743842,48.66833193,216.203,1961.911,0
0.016503608,75.30967216,779.435927,51.25522414,210.012,2869.734,0
0.026454897,96.16680287,763.7588558,61.0138537,176.279,4716.081,1
0.027156683,45,824.1897789,47.233084,193.677,3857.457,0
0.030134305,63.73831203,795.0787632,56.92526931,199.298,3285.643,0
0.037491313,73.96307752,780.2678145,65.83493933,180.897,3511.926,0
0.018632194,69.16021824,751.4679972,41.0410481,200.363,2674.764,0
0.017556752,75.39506983,818.4665036,48.10373695,214.247,3144.695,0
0.037010176,79.29323181,800.7331236,45.66489277,194.223,3172.473,0
0.019121244,59.16995559,838.1971404,48.50067904,204.501,3272.521,0
0.033980297,58.23249679,824.5293256,52.90088723,178.995,3317.516,0
0.013248546,71.95295869,773.8808554,45.59161796,212.597,3113.261,0
0.027696945,98.04805936,800.9276846,52.58853028,193.599,3460.104,0
0.013999022,85.53411754,796.1548127,57.92898214,206.187,2964.421,0
0.024175634,67.33174364,798.9534149,41.31898435,206.116,3201.647,0
0.020417938,77.09290611,777.486593,43.24355223,206.273,2955.775,0
0.011740145,93.15312881,840.3387254,51.0862191,202.256,3524.63,0
0.018820888,75.96452409,814.7357268,65.55910458,202.035,3308.588,0
0.007615304,87.40368883,743.2416498,45.09656564,199.499,4097.19,0
0.018683598,83.56222096,780.5707278,44.56545028,209.501,2589.749,0
0.022616235,74.45301453,793.2559765,36.22270663,217.545,2194.731,0
0.0172405,73.06949459,813.3393066,52.58940799,216.053,3339.394,0
0.036568843,71.84536756,842.8472657,39.81678775,178.016,2412.396,1
0.013629445,,835.9940957,46.62034684,211.823,3648.446,0
0.039767839,65.1877634,801.5428626,53.5885318,188.022,3109.921,0
0.037438294,73.45541415,836.4280058,53.90357184,155.572,4999.111,1
0.018601179,66.84945095,782.2801427,43.47581192,220.03,2034.283,0
0.018447522,65.1844614,798.2046926,49.00586844,207.431,2526.234,0
0.030813329,74.16396233,774.4862702,37.87802738,200.611,2343.636,1
0.03021611,59.11909054,832.7837458,56.35819767,186.395,2926.154,0
0.035260625,67.24380585,793.1893499,41.90348373,194.794,2762.325,0
0.039375068,73.7198489,804.9747964,66.32662758,167.457,3942.994,1
0.030838608,65.86124617,779.2698809,48.18758189,197.14,2336.868,0
0.028816068,70.14713903,775.1603405,49.293824,196.826,3536.796,0
0.012727495,80.59742272,774.0869301,43.97986705,218.143,2664.438,0
,79.31789049,794.7228432,39.30333386,214.917,2716.097,0
0.024280714,69.90413286,807.3692923,56.47502245,204.836,2706.736,0
0.02680876,53.11955175,803.6363354,43.4057616,201.427,3245.493,0
0.026381852,74.12045842,794.4133555,46.5906408,206.454,3379.768,0
0.016538433,71.59918346,761.0073722,42.17298658,215.636,2892.348,0
0.011680033,72.04701437,811.5742254,43.58696792,214.504,2760.057,0
0.022525752,56.40018287,802.9580668,45.19383444,204.612,2742.716,0
0.018440691,74.40080158,803.1870734,57.22865876,206.865,2954.516,0
0.005,74.22293234,783.0343549,58.54940487,218.623,3117.616,0
0.013972766,62.26605588,818.8303322,59.39843378,206.886,3215.731,0
0.018616929,74.99989229,,49.76877388,198.072,3319.301,0
0.030735012,65.61627337,849.285771,53.92423052,173.059,3385.942,1
0.01822625,73.34051809,807.8137765,58.35001544,200.324,3102.769,0
0.017141637,82.63813124,775.455114,60.07796755,197.933,4434.178,0
0.02435519,59.19017312,810.240024,47.46245665,196.808,3411.762,0
0.024734865,71.89775953,790.0056576,28,223.382,1471.039,0
0.019573457,64.57314906,799.6128587,61.44086356,202.626,2903.661,0
0.028826581,72.9836696,800.5524508,37.45769862,211.547,2704.426,0
0.032406873,49.49278496,828.7857881,51.72189418,178.824,3483.169,1
0.023660309,71.54004262,784.9934547,59.05861564,193.309,3920.585,0
0.042571593,78.58336526,807.0253269,35.78693063,201.556,1525.314,0
0.027349713,65.36976881,860,67.38097908,165.126,4669.488,1
0.011500374,82.7748779,774.2531558,44.19080883,213.146,3610.435,0
0.036023467,80.30840044,800.008544,49.4112133,190.369,3664.416,0
0.017315561,68.65371954,798.3563737,47.93277701,208.294,3226.372,0
0.026094857,74.04744294,750.6252927,44.35769989,192.455,3317.41,0
0.011066436,65.9413739,818.6334597,45.82468983,226.688,2483.52,0
0.023874959,73.41490855,778.1889761,52.15258218,202.825,3215.047,0
0.034878176,67.122116,822.6082577,55.00025238,180.573,3344.988,1
0.03400227,58.64861547,839.3408619,52.11016596,175.299,5362.551,0
0.030908951,75.60973479,761.2030178,53.07001908,187.569,3851.767,0
,78.45469989,787.1973227,40.59149896,217.293,2524.365,0
0.021265557,65.59156487,798.7083983,53.67198918,206.879,2510.274,0
0.020460049,81.41454584,811.1659276,55.21968696,197.059,3004.461,0
0.030499707,68.76405528,787.678157,43.40031056,207.096,1734.026,0
0.019513712,69.61114145,,52.89644742,199.649,2870.411,0
,71.09450182,817.041357,44.2780657,204.094,2529.805,0
0.020542361,59.1757826,829.8933201,45.73374961,205.397,3329.844,0
0.027124184,68.54098216,793.227786,45.15784599,203.398,2695.581,0
0.017177577,85.02489611,820.0687914,43.43437288,209.559,2069.428,0
0.018021357,,783.6664939,42.59353312,211.613,3138.782,0
0.027577382,78.08084529,798.943402,57.50979761,192.146,3475.9,0
0.01070461,79.68952264,825.847979,47.98802628,219.605,3082.294,0
0.030993235,66.60754261,798.4791245,39.42649397,206.62,2533.311,0
0.026639785,84.01295517,810.898662,57.36740384,199.356,4251.476,0
0.032157495,69.02690805,813.9799053,50.49596233,190.823,3384.218,0
0.020554108,59.37900776,829.1801696,46.54938773,200.643,2698.735,0
0.019338642,65.59828426,791.5429698,32.7534528,222.272,2179.404,0
0.022665274,70.00028878,764.9237837,58.99461896,188.187,4013.58,0
0.01923169,65.01524453,777.8436487,51.93059639,202.365,2960.524,0
0.028711258,58.14605965,823.6980273,37.40421266,200.565,3243.846,0
0.031492883,73.97579686,803.4694204,49.35306246,201.345,3144.413,0
0.021255777,74.59695109,778.7354368,49.34662004,201.39,3269.51,0
0.023138731,66.33782915,827.9103041,46.0713378,204.257,3100.494,0
0.021129185,79.60480743,768.2564953,57.69701001,200.603,3811.189,0
0.022072237,57.56346231,786.0246971,42.25587384,212.806,2423.667,0
0.022667492,72.71901541,797.9762562,45.41754267,211.43,3027.76,0
0.033449401,63.51588897,,62.49897254,184.517,2960.256,0
0.019508318,82.4125095,766.9627786,,205.433,3410.834,0
0.021979351,67.06763885,821.0448163,49.97633857,202.725,3665.738,0
0.016929867,85.57763499,804.0642826,37.05061955,214.24,2624.876,0
0.028634783,82.52958074,785.9331085,45.14338949,208.18,2406.258,0
0.016553487,78.01717241,770.2286811,37.62282827,214.295,2238.35,0
0.029734869,57.58720764,807.8614153,42.37954393,206.88,2305.523,0
0.028566938,70.99488224,786.3500938,36.51442627,216.492,1835.332,0
0.026912776,83.95283746,763.8169847,48.96991997,201.613,3530.043,0
,81.37757569,787.2092956,59.81944548,195.574,3737.861,0
0.018483394,62.60284602,843.684148,,216.299,3811.859,0
0.024314493,90.1957378,,47.63755643,203.217,3232.893,0
0.028345623,57.91324294,841.0019439,,186.225,4258.17,0
0.026176518,69.24739928,819.1143639,41.42460318,202.897,2468.877,0
0.016373244,81.00316808,766.1971882,66.01264144,200.801,3105.652,0
0.018636719,68.70943086,779.0861699,59.62037839,207.277,2528.713,0
0.021051705,65.09151535,781.2593673,46.16902239,213.287,3646.478,0
0.032145388,75.94540499,780.1293484,43.00879202,199.121,2951.247,0
0.02366928,71.92992364,830.0264999,,208.388,3490.911,0
0.021902698,62.31882149,815.3041394,42.18973057,210.627,2736.092,0
0.030056045,60.66518581,801.0179486,41.31403775,206.186,2626.222,0
0.01808205,64.35735055,795.76889,42.86912229,211.794,2596.559,0
0.030236199,67.67323616,816.825992,,197.542,2764.263,0
0.027310429,80.21385045,804.7526174,,217.843,1859.743,0
0.009946452,85.78926412,788.3214521,47.02567405,215.022,2756.197,0
0.015513325,63.68403032,822.9296509,47.24352887,211.298,3377.068,0
0.009638486,54.61139306,806.8703623,45.7640836,215.664,3117.132,0
0.026247235,73.33995907,806.7485077,52.96563442,204.598,2910.361,0
0.030921109,,778.8873307,42.13087908,199.241,2671.559,0
0.028890855,75.78126979,783.0051397,56.61270288,193.977,3110.018,0
0.014282256,72.55697456,769.831687,54.27792007,205.685,3253.158,0
0.023495853,58.63598659,828.0773487,32.25776327,218.283,2385.942,0
0.019210939,75.36203313,768.2451762,42.94157188,206.55,2878.801,0
0.014095438,75.54087942,782.5805878,52.16957853,201.546,2872.565,0
0.033045714,,785.3198695,47.40000602,197.943,2517.844,0
0.024930374,82.24082718,784.1933083,51.07088396,203.583,2943.551,0
0.0270463,64.11318839,779.1591112,57.21817681,189.618,3899.733,1
0.028424952,67.0039987,795.8167474,44.42872089,206.439,2355.569,0
0.025237873,83.97823632,785.4648251,37.60609009,211.365,2326.428,0
0.014662307,64.80701452,810.3946863,37.08520858,223.185,3262.342,0
0.015603574,68.83557166,796.1018196,44.58723193,216.564,2427.153,0
0.034783666,69.46315216,837.1011513,49.75100289,180.57,4090.973,0
0.022841996,70.59613087,772.6937354,57.16867258,200.688,3658.892,0
0.036823357,69.52934771,839.2592249,56.05722791,166.511,4158.088,1
0.026754466,60.28638034,823.670572,,176.222,5067.781,1
0.024133801,68.90508846,804.4711374,58.48725407,192.534,3045.209,0
0.025603863,69.87850093,813.0685871,35.07455757,206.879,2176.609,0
0.020138534,90.20541426,796.5531067,38.25029032,212.031,1914.511,0
0.032282653,82.30876042,784.4147738,54.84011151,195.385,3529.41,0
0.031959191,70.74552238,784.0467296,61.20345293,184.513,3707.955,1
0.026373134,69.35355725,792.64088,44.10840853,214.532,2275.282,0
0.021138273,74.02104731,768.9681608,38.14089163,212.589,2532.69,0
0.024487153,88.27213808,781.0217784,48.62208324,195.874,2769.548,0
0.02564736,68.38383123,808.9422362,43.41648234,205.728,3085.312,0
0.007525562,64.23994901,773.9322857,58.25537184,207.298,4073.544,0
0.012071911,80.02776311,776.1985545,47.4853532,215.237,2791.429,0
,71.89822661,778.6452877,45.59751425,182.474,4037.134,1
0.023739029,78.28955701,806.164492,61.31696128,197.521,2632.87,0
0.026385893,85.51265344,795.9550382,49.84922164,194.476,4062.256,0
0.019839733,76.37622618,771.0028486,43.66751127,208.67,3035.821,0
0.02982707,75.77118241,762.9518772,43.56660952,199.103,3138.642,0
0.016082289,61.18631924,812.1688827,58.14724065,203.657,4359.836,0
0.01720563,72.29946012,806.7697437,50.84968772,215.629,3110.88,0
0.035284795,46.76683767,860,45.44346174,154.563,5402.272,1
0.033486249,66.99858476,809.5369168,55.01354018,192.311,3104.052,0
0.026006977,49.31841715,842.5198855,48.4125531,178.638,4165.411,0
0.030572191,73.49844063,817.2375737,43.05073852,201.953,2364.496,0
0.019504474,65.11796513,860,50.28617185,192.967,5058.303,0
0.034168147,79.76109467,794.4693937,53.81224412,191.583,3103.258,0
0.025520363,76.74554762,779.730872,34.78418886,222.084,1725.515,0
0.014219764,71.10921167,811.2118976,49.60217321,207.725,3368.125,0
0.036142401,77.75658603,809.2125419,49.46808306,189.264,3340.289,0
0.038681113,78.7372827,,43.61887902,195.337,2133.402,0
0.025862508,71.93851435,825.5012901,52.14752105,196.992,2754.793,0
0.033019553,76.62920184,794.8818259,53.99128314,195.219,3201.35,0
0.009662874,72.14057953,786.0995541,,228.725,1664.451,0
0.018714176,79.26995857,780.7013115,45.72878952,213.884,2538.987,0
0.031098531,71.65217829,766.5179351,62.24080035,184.885,4122.636,0
0.017738154,61.64603684,802.4651951,41.08222519,216.038,2357.945,0
0.018689415,84.82290053,794.1676923,50.5043125,208.69,2997.439,0
0.031074711,68.08302388,806.7869008,,199.239,2759.369,0
0.009379599,72.3426316,783.6743774,52.56864139,211.71,3738.144,0
0.012056268,76.4029097,,55.55857576,207.847,3393.989,0
0.028558132,80.30166079,749.3379101,63.098621,169.016,4669.114,1
0.025173133,70.2225732,779.306321,64.45156062,191.893,3736.704,0
0.02184517,64.04889044,819.1381277,52.76137835,195.355,3292.352,0
0.024651903,72.35747496,764.3942449,48.38457885,195.34,3599.998,0
0.024964888,,797.5857323,51.73119546,203.334,2830.549,0
0.019442232,79.24598849,779.6907245,41.7561325,206.234,2501.014,0
0.032530309,75.97229921,791.5634737,62.52805355,187.338,3184.195,0
0.028628519,74.90741031,790.0798809,47.52499775,203.026,2872.645,0
0.029009249,75.76264015,798.2835496,,205.718,2799.943,0
0.011429146,86.89536268,814.1488842,46.28841583,209.454,2820.936,0
0.022551892,68.28785844,785.8044158,37.31628514,216.979,2256.696,0
0.014993543,76.06960206,815.1480875,42.17458557,210.761,2581.556,0
0.031303553,77.72070832,740,44.94586472,180.179,3874.628,1
0.022302235,76.6933744,791.7252389,42.2109015,205.72,2621.469,0
0.021580337,64.62125595,793.7599895,49.17737237,214.615,2588.852,0
0.021280741,83.29519252,794.8497777,64.22244649,185.368,4151.505,0
0.025340941,67.86616335,795.0557786,46.78708953,203.841,2842.141,0
0.016256386,68.13808188,818.1759124,63.29174269,193.518,4267.118,0
0.005,66.81240469,811.8363522,51.97125852,222.864,2058.507,0
0.017134305,79.21354832,778.4855513,48.83355796,213.116,2806.539,0
0.017493715,69.36503999,782.2553648,52.87560072,204.397,2408.782,0
0.017982357,57.2473279,811.3414668,48.55854749,205.174,3608.369,0
0.031955981,64.38312749,829.0904269,39.79381489,186.249,2572.902,0
0.027301644,75.73970738,782.7070263,54.57576135,198.911,3368.922,0
0.029033355,73.62235088,782.2941547,,199.779,3232.316,0
0.025355178,74.65705511,833.076232,36.6058619,204.083,2584.03,0
0.029991496,73.04597882,784.9795596,57.21465897,187.952,3851.706,1
0.029606054,,860,51.95244914,170.532,5064.98,1
0.017456339,68.44122524,808.6048387,33.407354,230,1979.417,0
,,753.041903,66.75882599,184.791,4581.976,0
0.027930075,84.90900402,790.1925156,52.05472293,195.394,3099.238,0
0.021293325,73.05667064,812.7028564,47.43137674,202.572,3123.722,0
0.024051622,69.95631479,791.4318526,37.67184083,209.846,2792.732,0
0.030283423,56.57044755,854.6506764,53.1712353,167.626,3732.047,1
0.027306855,79.14383146,758.897757,45.0972105,191.998,3182.713,0
0.026120933,79.53294376,762.859326,57.27838706,188.947,4074.432,0
0.017086452,70.92490851,762.0058075,53.1648517,209.796,2913.513,0
0.031073986,77.74086916,780.6568513,39.13760247,203.772,2847.724,0
0.026417499,81.53823177,797.2673667,64.02641108,198.826,2550.957,0
,73.18920523,816.0232652,58.37041493,214.824,3015.48,0
0.020044918,,740,46.97691813,184.132,4552.07,1
0.028730357,61.85544447,834.7974488,67.11095108,171.897,4503.887,1
0.035971923,75.20052023,789.1060529,42.17604534,199.738,2582.923,0
0.023250192,79.03857369,812.8648669,59.87167391,191.11,4256.5,1
0.036948908,80.30951897,782.9171574,53.78658335,188.635,3424.991,0
0.018638006,77.43211206,787.9132263,51.84993728,206.593,2824.624,0
0.020926415,68.41133441,806.5839069,47.16661271,219.013,2571.214,0
0.037372626,65.47089049,860,61.6629455,144.582,4428.865,1
0.020280196,78.25547823,819.3209929,45.75433974,213.507,3395.245,0
0.02784137,76.77423607,807.0136775,50.26245369,197.341,3775.163,0
0.030760737,68.11331014,841.9615452,56.43599688,169.031,4103.442,1
0.024807052,72.64041997,814.6589686,46.20861168,207.669,2646.953,0
0.035585962,,807.2040971,52.83845545,186.225,3190.216,0
0.028513591,75.0413839,762.1456759,60.18818235,183.346,3944.61,0
,61.03102035,790.1984485,43.52658623,199.357,3148.415,0
0.02354516,71.74116402,791.9412914,33.5260988,215.857,2033.566,0
0.012923736,59.86033512,806.8551666,41.97248901,222.113,2753.699,0
0.018416728,84.05754474,772.386184,57.38943154,202.151,4081.754,0
0.012059469,,778.4297836,51.28812397,214.648,2373.747,0
0.023996783,76.61883278,824.707123,51.49097253,206.06,2976.106,0
0.030925107,78.7485053,783.6031767,62.41786201,187.582,3455.745,0
0.030471373,64.33586043,807.336231,37.03305961,207.538,2493.996,0
0.033520014,90.12957311,793.6603612,49.82746548,196.313,2448.683,0
0.028784234,74.87919436,762.6555664,56.00723815,189.654,3478.238,0
0.01824523,53.09488437,813.3265154,39.33930178,211.602,2441.454,0
0.030666657,61.03300081,792.9305921,57.59042731,191.047,4447.893,0
0.02640763,81.5181819,779.1630361,50.73123077,204.613,2401.12,0
0.030077737,57.49269286,804.8827691,45.23454515,198.103,2939.374,0
0.037288931,62.7642126,778.6938805,51.77024076,172.992,4079.693,1
0.010011678,,779.9697633,39.43861731,222.212,3381.815,0
0.021592069,72.64234245,795.6944411,63.30672507,204.1,3243.625,0
0.027133299,67.24910039,830.2880287,60.13938156,185.586,3175.702,1
0.027244383,64.73706904,802.4613856,49.88484183,200.77,3066.261,0
0.017778127,86.23083448,806.5896545,36.20267256,215.816,1929.506,0
0.02315279,67.9974156,,56.03254479,181.89,6043.994,0
0.018729472,64.7866274,789.1811892,64.38256373,191.309,4368.742,0
0.021297596,72.01751055,830.5441013,56.34366452,199.157,3727.079,0
0.021030013,74.13647966,794.5624546,57.34646281,202.133,3427.562,0
0.019813886,74.2966929,753.5729157,61.34882264,190.006,4467.701,0
0.02566864,79.50514012,790.3270783,66.14489395,188.431,3814.025,0
0.009177015,72.43769995,778.5021131,47.2436133,211.128,3608.444,0
0.027936987,74.09415301,803.7371068,38.77616754,212.886,1736.187,0
0.031340825,67.75252799,818.2828327,40.47709602,196.612,2389.333,0
0.027113883,79.80918348,796.0864851,51.09027083,205.937,2327.742,0
0.026479652,79.81885592,777.9458315,56.03407896,198.296,3417.99,0
0.019744412,59.26040936,796.3072289,54.0622077,205.131,3318.663,0
0.013176492,73.18664526,784.3646465,46.66236351,222.925,2223.866,0
0.023098771,83.46075858,806.6180755,50.88408894,207.919,2504.005,0
0.035309645,54.6293992,832.7607728,49.10505072,183.296,3921.547,1
0.027722357,66.85462366,824.0758872,44.41541818,205.62,2396.767,0
0.014462705,71.10581809,796.2679853,60.1361316,207.708,2843.332,0
0.019518118,65.65407194,777.3848286,43.71184223,216.882,2401.403,0
0.012534087,,822.2403724,45.17578777,218.363,2729.783,0
0.023201723,78.32822605,795.7769617,31.28024437,216.797,2229.293,0
0.02405234,84.5827054,766.3664209,49.79712794,197.221,3798.681,0
0.025871204,71.20362949,790.3361188,58.5099886,191.265,2714.128,0
0.025474763,66.45674527,801.469103,43.08325489,212.839,1920.377,0
0.026496626,85.76098031,786.0826048,59.56531897,191.045,3475.719,0
0.025276617,68.31536601,769.7811284,54.20264454,190.807,3347.581,0
0.036162765,66.23544635,813.1108392,53.31296966,187.368,2990.1,1
,77.48536941,804.6788019,60.5631882,198.176,3667.206,0
0.018274671,,778.4979142,49.1823258,210.817,3176.855,0
0.0286263,83.47797862,796.8769027,53.88503722,200.029,3235.74,0
0.04261589,77.97309942,771.4540206,51.72369795,180.035,3566.418,0
0.024667938,77.53843885,814.198589,55.07124617,200.717,2637.543,0
0.022031998,74.63172023,793.8751149,58.775171,201.985,3371.498,0
0.029282066,59.15280021,801.7826144,51.18020804,194.981,2838.531,0
0.023546312,65.05247469,802.4719125,45.67448622,215.737,2904.743,0
,75.57883487,778.1369208,44.64035154,192.681,3067.31,0
0.026119292,64.01049098,802.9384408,58.75298703,200.925,2901.408,0
0.023710044,66.89174996,799.4225066,58.43191033,198.334,2483.327,0
0.020124408,,801.1771668,50.00247452,207.081,3224.085,0
0.012438756,61.82216348,822.2656912,47.10652049,214.971,2661.197,0
0.02890131,77.30784174,786.3662917,55.09823218,192.183,2912.654,0
0.040742251,77.24031873,785.195181,54.64486785,183.214,3708.356,0
0.02296086,83.13215306,785.9489633,35.02474004,203.674,2485.114,0
0.01496117,57.14274792,800.7180544,53.07831718,211.438,2569.533,0
0.041882337,77.3792965,772.9171004,44.61546345,192.712,2906.328,0
0.020053974,82.70351158,,51.93576166,208.727,2800.515,0
0.016818524,65.30097373,776.8566893,37.30094047,218.818,2351.411,0
0.012445162,69.00204217,806.9679241,50.72972131,209.941,2442.088,0
0.027279111,65.17384063,811.8344977,52.05353646,195.183,3249.773,0
0.021605213,67.74333616,803.4056254,42.8807823,214.476,2766.041,0
0.027175729,59.96896386,843.7075782,56.39941083,171.955,3995.841,1
0.031393638,75.57825774,,50.63567524,187.127,3389.009,0
0.027024221,51.48355221,787.9666424,40.36493324,199.601,2935.993,0
0.022173512,75.44621432,797.3059993,71.82214314,192.214,3919.042,0
0.020714438,60.94198958,802.7984359,57.52249945,194.023,3578.045,0
0.020036717,72.40839798,819.8898718,41.18058749,218.635,2524.555,0
0.030151557,,770.376589,51.39300621,185.486,3607.078,0
0.029146903,73.75346633,825.0021736,42.97943011,196.998,2631.867,0
0.027951342,75.51390002,818.3516335,52.03190138,187.654,3633.731,0
0.017099938,63.89288866,827.7628859,,206.564,3131.852,0
0.034239971,,797.3431805,49.05915425,198.22,3161.526,0
0.027010272,76.59843515,836.5361151,47.86546799,187.476,4305.537,0
0.028311561,60.72103032,807.0601428,34.89684137,206.342,1926.566,0
0.023804456,59.71043307,818.4691982,,209.086,2789.145,0
0.020675741,79.64148635,793.0919826,54.40603536,196.792,3675.847,0
0.023665664,64.57550851,798.0788507,54.07746631,212.727,2852.799,0
0.019751273,67.79095425,806.3500941,57.06992676,202.375,3540.153,0
0.032025501,84.77423396,852.11998,49.58870277,176.798,4391.731,1
0.012789614,66.61339932,796.8594295,51.9341639,209.962,3348.638,0
0.03586107,79.47909068,787.9010197,44.61745434,200.092,2752.782,0
0.029115332,88.03895676,813.2765844,50.56144973,184.793,3051.213,1
0.015309253,60.24834783,781.2427631,52.79011211,210.486,2326.792,0
0.030518292,68.87671421,817.3531692,54.40834866,200.81,2406.719,0
0.024285307,94.64137181,759.2983867,44.92512105,191.783,4010.154,0
0.026999255,74.04320656,782.450234,54.68224989,193.854,3199.113,0
0.020188686,76.74461064,,37.17309209,209.926,2966.376,0
0.025303978,74.85274837,799.5057109,40.49277496,204.344,2815.05,0
0.034708334,68.71465379,760.6375456,57.07633901,184.883,3651.064,0
0.024069652,72.6375316,806.6333898,41.69310675,212.112,2273.469,0
0.031672691,51.30292434,827.8284818,43.08371748,185.755,3245.076,1
0.023460201,73.09416888,796.8849224,55.18131819,205.927,3131.08,0
0.028913276,73.20823911,768.6641683,62.33220039,182.381,4826.496,1
0.02391068,68.36157551,777.9718289,43.97596947,214.764,2320.071,0
0.033888339,68.8063116,818.6040964,52.47450218,194.397,2734.643,0
0.02834323,65.2943079,822.3969347,,198.281,2682.089,0
0.03389771,62.5071849,774.8558598,62.00551617,187.481,3308.197,1
0.02731385,75.89771268,778.7114918,56.35938567,202.73,2752.253,0
0.025786327,63.27973595,823.6752825,48.50247478,196.159,2327.473,0
0.01872003,75.13735828,800.469436,44.59614028,214.389,1892.994,0
0.043295659,66.52032488,811.2654286,58.11792621,172.171,3342.667,1
0.011077144,58.95142941,816.867158,46.9280455,216.816,2393.746,0
,75.27948576,754.5402288,60.16422021,169.631,4817.69,1
0.042204424,72.18670273,790.8367616,,198.945,1844.463,0
0.020008382,75.89410674,770.7177713,51.00291568,201.07,3147.189,0
0.017531765,85.14841116,758.4014826,47.30084072,199.634,2871.939,0
0.030294638,75.40222178,806.2277139,43.5663329,206.159,2029.843,0
0.032179478,77.70486494,809.3825784,50.30573273,194.415,2758.596,0
0.027584551,59.46314758,802.2425585,31.37810579,211.562,2004.12,0
0.025552796,90.47144952,776.1412642,52.93435156,200.955,2920.582,0
0.035185582,68.11084718,780.2806412,57.41669855,184.759,3542.138,0
0.011438257,77.9498035,803.875939,56.3415211,214.449,2460.986,0
0.02110691,76.77324885,794.4940174,39.13287812,211.545,2598.854,0
0.023977,80.97985605,762.630493,43.60455107,199.09,3044.479,0
0.036566953,68.63373401,818.7858686,59.29897559,174.948,4067.246,1
0.027640221,88.38076237,813.0667371,,175.598,3677.886,1
0.027768978,75.43274559,817.2682082,49.35790424,201.64,3823.436,0
0.032786006,68.53485413,814.0466053,44.42774857,190.351,2823.419,0
0.01016417,,793.5087066,44.59250868,223.526,3702.175,0
,,784.2420186,60.7923412,192.654,3907.33,0
0.031122077,67.14000112,819.5418149,62.32765385,181.345,4096.064,0
0.012285188,80.49644258,789.3580761,55.6564248,211.149,3469.984,0
0.02725949,80.16519038,783.7608564,55.42138188,207.534,3042.861,0
0.027438598,70.13405657,810.2810277,48.19945,202.213,2566.288,0
0.025178408,,834.505697,48.32019026,194.367,3270.161,0
0.018703797,79.49523179,787.2761787,39.09482296,211.806,2137.392,0
,56.55743876,788.3031,42.44302288,218.792,1928.37,0
0.020548265,71.08151788,811.1907322,45.84428691,215.924,4146.035,0
0.038757583,71.85646356,826.6337818,52.18727724,180.912,3117.573,0
0.030671647,76.76625717,806.7835869,40.31772819,204.399,2975.209,0
0.027267182,69.29906949,765.9022792,50.58608143,202.796,2957.112,0
0.035739146,73.07061201,803.9832131,52.09558834,195.086,3262.627,0
0.02440791,70.18141372,795.8645316,49.17533774,203.099,2842.21,0
0.01576409,,791.6825308,56.07423439,209.384,2473.024,0
0.025103199,62.78617969,832.8053246,63.41339622,181.188,4101.734,0
0.029846629,88.32462806,775.314638,28,212.815,1930.761,0
0.021991651,65.87442991,808.4009801,69.16275547,192.288,3269.837,0
0.019431024,80.60130893,793.3766315,62.90704884,203.51,2885.97,0
0.030982028,89.58451451,764.0682644,49.53747229,193.383,3009.714,0
0.018038456,85.39253053,777.6614147,58.20255239,194.511,4171.015,0
0.023627616,68.7785896,814.5943597,67.11994441,195.194,3674.25,0
0.016519272,74.62030014,799.7612047,67.32747951,200.992,3491.37,0
0.017773993,80.9587186,758.1322874,60.90356851,191.011,3888.249,0
0.017568079,83.33620924,784.7226678,53.47541338,201.396,3078.405,0
0.027520218,67.71545058,770.6176408,44.27519336,205.647,2484.202,0
0.026061333,90.09761817,791.3190931,35.09460154,212.166,1821.481,0
0.018956459,65.6937409,805.844219,62.59695414,196.892,3739.574,0
0.032994914,80.45909081,795.3140809,52.7731935,196.803,2842.536,0
0.016749341,85.13212489,804.2404044,48.91261015,220.317,2291.92,0
0.029905157,62.3111507,818.1940077,45.95915366,199.2,4438.077,0
0.011925413,87.58342492,783.6283784,63.16472374,210.755,2844.549,0
0.018248103,61.8316344,809.0052474,58.9218247,206.142,4045.234,0
0.026574019,70.87878706,826.4017646,44.28529518,197.643,3937.504,0
0.020387445,85.06127033,740,45.90544036,192.636,4593.991,0
0.013615007,72.81771184,797.7782915,36.29646863,216.748,2037.073,0
0.030678802,72.90821829,797.2913965,41.941107,199.733,2483.207,0
0.02495925,63.5237084,786.343055,57.47334625,194.84,3671.922,0
0.016286685,74.7836572,806.7090319,58.69367257,212.549,2785.164,0
0.012197137,79.85251918,816.382449,47.31307639,217.341,2641.871,0
0.017425726,60.11701479,820.523296,53.8938265,201.699,4083.283,0
0.024470984,85.89356979,762.1130087,50.00135453,192.554,3048.17,0
0.028357575,81.24574681,740,49.48577346,184.923,3667.305,0
0.030172288,66.93539322,802.4759358,49.56435403,195.098,3283.383,0
0.027776587,76.58166858,749.6960639,56.55818648,180.581,4741.868,1
0.027331479,61.23666304,801.350647,53.17548008,193.497,3401.909,0
0.027628462,73.57788066,760.9340801,40.89870307,207.387,2588.624,0
0.03080773,74.93625701,829.6943929,65.57909101,177.751,4354.166,0
0.034984048,87.78077956,774.8082606,45.28430505,192.859,2741.408,0
0.021683613,75.04876817,780.4243761,42.11937373,218.311,2265.786,0
0.020010668,80.50752064,795.3388006,54.57437678,203.607,3360.524,0
0.024977058,68.73198439,832.0220797,41.95525897,205.814,2728.527,0
0.026582107,75.11181169,,50.7912834,197.784,2915.12,0
0.025286007,94.50227004,756.2671721,58.46808481,174.439,4866.938,1
0.019377223,75.02122204,800.716246,65.84068403,205.485,3088.136,1
,86.10987082,770.2572197,51.7618333,196.777,3313.674,0
0.032799746,57.92768535,809.6185784,54.367329,191.848,3261.876,0
0.020539502,76.15632219,838.8539183,45.50306291,202.582,4030.481,0
0.014025414,73.7567815,792.8456218,58.4143046,204.9,2477.301,0
0.014193729,94.10458684,777.0583571,44.54750772,205.126,3578.971,0
0.034739884,56.11452507,811.1749844,44.11214665,194.151,3071.811,0
0.02359964,64.37883182,774.5006275,67.54242472,183.846,3894.576,0
0.027155493,62.13151301,804.2732695,62.49268954,199.965,3375.894,0
0.028745959,76.43966565,797.9254263,57.12286665,192.402,3530.986,0
0.023581027,69.48964421,794.7825492,48.75396307,203.728,3407.046,0
0.021982968,65.62234252,839.03944,44.32054674,200.42,3630.052,0
0.015063543,63.62540568,761.7316535,56.26438557,194.673,3292.385,0
0.018759449,80.74970317,825.0745179,43.72451702,212.445,3240.723,0
0.019261999,72.65394036,800.9877155,,212.782,3124.494,0
0.020755568,65.45630569,809.6005649,39.71507181,220.779,2202.864,0
0.017694372,76.68387457,788.7017666,54.72209151,204.051,1973.03,0
0.02734898,58.15451508,786.6589951,48.08289158,202.55,2607.939,0
0.020958744,66.06780398,808.0389519,55.72888186,198.456,3533.287,0
0.043143369,45.01765761,789.7348666,47.5405063,182.969,3432.949,0
0.022425683,77.86650636,743.0103882,41.37564896,191.758,3888.987,0
0.017963459,74.28225381,799.5807627,55.0786017,209.576,3828.232,0
0.023633436,81.35278148,786.34402,54.14441795,201.55,2930.889,0
0.024798972,74.10975376,805.2363184,57.7688891,196.485,3395.959,0
0.024635446,,762.2240764,37.8556216,200.569,2777.341,0
0.02125167,68.03264468,817.6849427,52.97533742,204.68,3294.502,0
0.01749468,64.64373909,804.5563908,46.6395719,212.418,2955.708,0
0.017052799,69.04664378,815.906816,50.21886392,210.998,3474.602,0
0.034576144,76.63330626,804.7691264,57.54089039,184.41,3651.479,0
0.023166257,85.10601487,816.8898899,48.81498534,201.286,3525.739,0
0.025669756,68.88764193,762.208009,59.20102184,184,3751.135,0
0.029153143,67.63201901,816.0440589,54.63869297,193.12,3911.42,0
0.028655821,66.3146387,806.5491766,62.40790768,185.708,3479.907,0
0.008250183,71.15668775,796.4913548,56.24659512,213.914,2514.412,0
0.025040432,77.87086695,813.9545966,51.11186795,199.675,2835.655,0
0.023567982,71.78083158,811.1771338,,198.79,3513.568,0
0.019969437,75.3484851,794.897474,47.86581254,209.436,3241.936,0
0.017037099,74.9813657,787.5335543,59.38609364,206.401,3502.655,0
0.038351232,78.93060627,842.3355951,52.20559526,172.437,3284.588,1
0.023948735,75.27592618,779.1199521,43.98420181,207.184,1985.625,0
0.031740942,76.87205776,773.998405,34.0206152,210.037,2016.356,0
0.018870467,85.38249455,797.589029,41.02393901,213.979,2039.134,0
0.030332264,71.74479992,787.8656031,48.27895529,205.858,2906.945,0
0.020023553,75.33072872,791.838208,56.19705336,209.898,2489.2,0
0.028485487,,,43.59112119,201.383,2332.544,0
0.013735289,95.90202543,780.7207073,45.4810773,215.067,2290.829,0
0.02088968,88.60238379,781.9460084,45.85029041,205.308,3045.598,0
0.026780523,72.68528596,780.4459415,28.15684757,208.259,2474.001,0
0.024542829,72.1425814,836.7430257,56.02367549,187.808,4900.975,0
0.024605895,53.37361232,813.1061677,53.63757519,195.127,4167.517,0
0.01394553,68.60301833,804.7658203,62.32154388,199.373,2811.106,0
0.029071877,80.97730734,808.7130222,53.65311197,200.595,3071.44,0
0.018347504,94.51410321,788.4055856,44.42772662,216.56,2297.07,0
0.022798314,61.9295259,785.0197116,43.3486217,210.3,2942.607,0
0.028372393,69.09646066,793.3263515,55.6589726,196.133,3374.851,0
0.027662602,73.90170474,818.9751827,72,175.912,4301.626,1
0.024243909,81.03178277,836.7036633,60.15546422,186.091,4210.86,0
0.032630884,71.08947401,778.4387834,55.28301698,194.947,3470.699,1
0.037646205,73.90508626,799.1217844,46.64230824,196.516,3319.62,0
0.024003594,72.03562554,789.0913527,48.81656366,200.089,2696.998,0
0.032581914,62.96951278,812.1939583,49.3693626,196.296,2877.514,0
0.008769904,73.94639518,807.6730452,35.77974782,230,2488.662,0
0.023416214,64.01345645,838.1882066,54.85838129,200.349,3977.836,0
0.020713364,81.66527293,797.0224839,51.38325083,210.839,2873.84,0
0.024101991,74.78179344,813.368925,53.71440718,202.527,2600.975,0
0.018603031,76.33542912,783.5830016,59.99858718,197.247,3488.259,0
0.016430872,75.00792468,809.3608815,52.87608036,205.463,3575.057,0
0.021946737,83.80913333,777.2208747,54.38881507,202.564,3735.594,0
0.026799084,81.08758084,,52.62816511,189.379,3941.945,0
0.015373538,79.85077033,762.8151035,36.55197937,212.83,2994.009,0
0.022907357,79.80044305,788.3910695,66.59115029,193.359,3890.633,0
0.01670698,78.85270372,812.8712682,53.01439754,204.383,3060.334,0
0.016159759,63.94392101,826.8928108,46.63564862,206.029,3146.724,0
0.02480275,,776.7992357,46.1961039,203.38,3246.82,0
0.014698208,89.77908758,769.1712313,46.45446743,215.964,2598.586,0
0.031136264,64.3993355,818.671343,30.66790769,209.21,2090.981,0
0.018703275,77.83545983,773.0094864,42.9178122,206.882,3079.634,0
0.027729426,67.77147773,803.2513737,53.73575519,195.619,2610.559,0
0.029407386,90.89143356,800.4368,53.04314575,202.875,2645.517,0
0.025380731,78.03068701,766.5892126,48.47545556,191.001,4045.407,0
0.01737512,72.68242105,828.4125425,43.20802091,213.739,2677.917,0
0.032721779,76.46648425,759.3488878,49.40200231,187.745,3780.749,0
0.02072016,77.91354257,804.590157,51.33497375,205.827,3295.682,0
0.020374934,78.12271684,807.9397383,49.43956344,211.042,3120.172,0
,59.7118082,818.7188847,59.50447308,191.211,3801.232,0
0.019875589,77.15861233,778.8101619,54.06321367,201.705,2691.702,0
0.020535481,89.41104534,775.261418,45.41656251,209.033,3095.707,0
0.019414391,85.59189413,804.7876916,34.67051955,206.92,2291.092,0
0.015116614,59.41676806,818.7296422,40.5275255,221.971,2624.366,0
0.015589317,76.57243466,754.7990324,71.50199824,183.512,5142.855,0
0.026549896,70.10136585,800.5495905,53.33894361,196.378,2800.795,0
0.026342107,68.56885695,793.5992619,56.65419011,194.466,3897.546,0
0.020147479,68.84103257,777.7757657,60.18587407,186.905,4122.193,0
0.028665179,88.93739055,801.3177376,48.67000292,197.164,2650.86,0
0.01998791,66.84611262,793.1588642,45.85022059,213.17,1654.926,0
0.014008051,74.93438216,789.9127175,51.73882715,212.591,3391.345,0
0.031326642,73.88689711,785.1999134,58.67505826,190.958,3571.405,0
0.007282746,60.52438996,790.1925088,42.59638026,217.467,2605.081,0
0.017051098,72.79713609,837.3077345,53.90018115,194.99,3637.729,0
0.02406927,75.25128089,803.0686059,40.4028521,212.072,1889.235,0
0.036488613,64.90857515,777.496051,41.18911715,198.091,2938.531,0
0.018870953,62.91299126,,45.90498927,210.835,2815.807,0
0.033537067,72.5281321,830.370707,38.77765621,188.624,3825.307,0
0.026347892,79.79684092,,39.12788452,205.862,3360.131,0
0.033746872,80.93240491,787.8688958,48.15679918,200.69,2629.536,0
0.021343023,70.27372825,762.8969369,60.89855551,188.247,3963.872,0
0.021775156,71.77975006,765.6126707,52.23952905,200.08,3140.507,0
0.031912509,,800.0874557,58.63117248,192.699,2810.359,0
0.011237658,83.59113086,825.3286564,41.34751506,214.806,2998.764,0
0.024583482,66.39942058,797.0977903,68.45971213,195.242,3548.956,0
0.030239538,77.98155667,776.406571,51.55840977,197.877,3344.191,0
0.040778295,60.91353647,824.5693536,52.0109795,174.618,4337.583,1
0.028700985,76.57929517,793.7583948,,207.752,1902.182,0
0.02968444,71.9148634,779.1682609,43.14803657,200.944,3137.519,0
0.022983999,65.98628216,831.7881272,58.91213391,190.213,3750.82,0
0.027277897,81.98431153,764.6221743,50.23716606,201.295,3255.986,0
0.010127593,74.01919901,822.9931456,44.61655193,212.994,2781.55,0
0.022225087,56.31163086,809.0302484,48.36977646,206.641,2808.997,0
0.016417712,85.3643313,807.0721462,46.57338977,211.177,3266.654,0
0.026288738,69.44374615,796.6661468,55.62767306,200.478,2553.162,0
0.01910908,52.30178695,804.3928069,49.90974012,212.607,3382.184,0
0.019515221,70.75882326,767.2434452,39.37999364,206.232,3674.473,0
0.021656273,73.68796455,821.6405416,53.57922003,196.922,4006.852,0
0.021311115,71.25087171,787.4591268,64.83265808,190.214,3454.464,0
0.034611291,,776.2120472,35.89419775,205.194,1501.056,0
0.029183718,67.86266517,806.6337508,60.74408492,194.975,3217.145,0
0.027384133,71.67483525,762.792505,46.38631889,200.509,2664.886,0
0.021163395,57.56896843,782.9760724,42.71483199,206.518,2928.082,0
0.024461407,84.60422617,744.867712,35.24124541,204.441,3070.148,0
0.033694879,70.1731626,774.8395302,66.47119147,186.149,4280.823,0
0.027064284,81.90648882,809.1855708,47.68550683,201.857,3274.395,0
0.022151392,45,825.1265823,43.6998775,205.931,3134.703,0
0.023277838,78.5622944,836.6514099,53.00273512,198.716,3631.029,0
0.033203759,65.04859789,822.7410216,52.7191499,186.876,2802.656,0
0.023747548,75.94844144,742.9928063,59.26429018,178.305,4548.683,0
0.016429015,57.21363973,797.5307158,54.76680928,204.245,3097.068,0
0.013617248,70.74025775,,45.14357972,220.933,2147.029,0
0.02545903,81.04928744,776.7419115,47.01267019,206.495,2675.703,0
0.027361435,73.1362898,806.2250839,57.98503149,189.173,4175.432,1
0.036761229,68.67817619,780.55679,60.43391342,181.675,3448.596,0
0.019594379,76.90074656,771.7481253,59.51887081,198.907,3032.48,0
0.031277896,68.1640644,830.4939353,58.88900329,178.923,4617.812,1
0.019256347,70.67530434,806.7638016,41.05827188,218.86,2556.462,0
0.021339849,67.4093106,791.4622326,56.81403945,198.239,3535.338,0
0.017245321,75.67609697,794.8095692,43.54121254,217.31,2412.669,0
0.030446402,83.95817823,834.8778732,39.48799487,192.982,3320.598,0
0.020446925,57.95276605,,55.56651256,204.93,3555.956,0
0.022421595,71.09612249,746.6649948,43.59011682,195.551,4073.576,0
0.007789713,71.67743196,792.0323854,62.49929711,215.517,3146.323,0
0.021650999,59.22187382,817.5898201,55.09358153,200.963,3194.521,0
0.0346371,59.08778907,792.5893913,48.57967413,203.486,2920.909,0
0.021392428,95.63535719,792.0986365,34.08343225,208.397,2649.721,0
0.010503149,72.30349141,821.9715364,56.81931203,213.361,3182.929,0
0.027031246,86.49656495,758.6642838,48.91179123,197.091,3562.186,0
0.027097545,66.73882755,784.3518208,59.2817436,191.552,3389.91,0
0.031582937,85.83530817,,48.86490371,199.441,2836.621,0
0.01463578,80.31387631,781.233419,42.02724419,215.467,2696.308,0
0.028130821,59.88931831,792.9431529,46.09247882,214.259,2375.51,0
0.032833812,56.844554,805.6338752,53.08902569,190.155,3135.331,0
0.02967009,66.8126285,805.7913053,52.51643697,200.975,2671.331,0
0.026879022,80.35017114,742.6577559,54.47435085,177.007,4920.436,1
0.010697695,64.62258045,810.5874954,54.29783363,214.342,3281.35,0
0.018447682,92.83133468,770.3130789,31.03992344,208.363,2624.566,0
0.022241548,69.78162907,794.9204397,56.93623201,194.626,4154.27,0
0.031891781,82.97144914,796.2292663,48.99243493,193.08,2761.034,0
0.020485266,70.15688504,814.8444186,47.21824985,210.892,2656.656,0
0.02050716,61.58582364,831.3469029,46.69279078,210.032,3609.46,0
0.019605847,87.24407104,793.7843921,38.04725758,216.943,2509.955,0
0.013509711,74.11835927,789.1281504,50.1780481,203.198,3454.897,0
0.030442472,77.19938459,850.9542948,52.69495549,168.791,4968.917,1
0.027206682,78.68259878,837.077581,46.40872696,196.044,3424.644,0
0.02509402,61.69028504,813.6503121,42.09215411,205.537,3290.444,0
0.034038079,68.06213578,814.5941116,47.49260185,187.018,3415.68,0
0.035001749,73.07010775,806.22772,49.17614493,200.601,2494.985,0
0.023424924,74.64634842,785.2153033,40.31573384,209.276,2573.777,0
0.030479519,53.77306052,817.5043641,46.51761469,196.758,2403.038,0
0.031006206,68.75833006,831.9009277,42.49052901,193.352,3231.516,0
0.026143179,79.46415566,786.0157587,48.5374563,203.635,3224.385,0
,77.12106044,762.6375218,28,214.793,2411.616,0
0.014719032,88.48915934,758.8048671,51.61132653,197.849,2899.274,0
,63.75317726,811.5225505,43.91025025,211.561,2972.024,0
0.025708843,65.87761268,784.167092,57.93763621,193.718,3635.457,0
0.014987335,66.09496834,808.4615878,43.37667439,216.02,2685.75,0
0.026005863,66.31678083,797.5839566,47.80743895,204.348,3050.487,0
0.019822052,87.17439804,771.490808,68.02841605,184.048,4555.438,0
0.030825004,68.13813985,802.3680566,49.40320554,202.917,2287.443,0
0.02657336,67.69790838,783.119194,54.95044754,195.736,3066.076,0
0.024249167,68.76232913,781.510564,61.63599107,199.334,3600.247,0
0.0273178,72.94632432,,50.27911609,201.304,3045.063,0
0.025043063,68.32943825,773.4880126,41.29646741,201.324,2745.461,0
0.028091881,62.13329058,824.9373548,36.26851124,209.935,1723.007,0
0.028752407,57.25079095,819.8491193,48.96823503,192.63,3657.38,0
0.02452909,84.10091142,777.0167165,40.67487387,212.387,2626.636,0
0.023869569,77.37663376,,48.91300821,186.797,3708.945,1
0.030975726,76.98376164,804.4782405,51.00177358,190.395,3082.041,0
0.011681649,74.53724816,801.7098838,49.53444646,222.507,2916.699,0
0.033062316,68.57399905,806.9947791,51.90878287,187.21,2800.585,0
0.023070681,68.389909,810.166076,46.10443734,194.06,4747.937,0
0.01483022,66.82244167,822.7724765,40.03029411,217.287,3020.356,0
0.033937323,68.22791959,823.2511807,39.84406783,193.598,2860.963,0
0.028482328,,799.034866,45.66315969,198.897,3340.604,0
0.015466502,67.07656154,803.0132235,55.75797263,205.954,3493.102,0
0.024305857,57.70501761,807.2902696,66.73325406,186.33,4066.828,0
0.022581203,67.25716356,819.7182563,44.08810562,202.726,2702.839,0
0.012504911,75.48601941,775.451107,56.71513863,207.961,3090.78,0
0.012327192,75.38436581,757.2495724,47.55141104,201.071,3847.38,0
0.006817469,62.65629841,818.8656353,51.12047046,216.318,2644.097,0
0.034619337,55.70904602,846.9182731,49.9156692,166.108,5266.956,1
0.038783593,66.10340273,855.46729,70.47838415,140,6806.203,1
0.041813428,63.01076955,790.3090458,55.08380562,180.714,3588.095,0
0.024945232,57.76518577,826.6616293,72,181.546,4698.792,0
0.017641389,75.16541427,,47.56706649,204.838,3919.597,0
0.041397901,75.29478054,774.1795436,50.64405071,187.311,3275.077,0
0.02169504,68.03493906,794.5039009,43.17623456,204.556,2534.049,0
0.02775818,70.51231682,768.8198032,46.43591158,200.142,3508.081,0
0.027947371,73.36837531,850.6033834,54.22076578,183.709,3599.859,1
0.023589228,74.50945612,808.5094059,53.67670048,207.125,2888.906,0
0.018141707,76.79234848,812.4801461,55.23703123,203.961,2872.771,0
0.029083893,70.25614166,816.4361159,48.10240014,203.599,2689.395,0
0.037486686,61.1168517,812.565263,44.39060673,187.52,3007.768,0
0.027743611,68.23211537,811.8106228,47.02935981,203.628,2688.317,0
0.033120703,65.7788822,778.6491279,56.0938,184.944,3059.137,0
0.021168298,76.03306056,834.4237532,50.16114228,202.464,4528.352,0
0.031513126,,833.4608509,38.98863642,187.122,2995.651,0
0.028810823,79.62419478,740,55.08496689,173.231,5036.698,1
0.017532077,70.92578132,829.4176302,51.02412277,208.184,2342.495,0
0.015456272,75.23162448,793.7406725,55.95956734,210.507,2527.361,0
0.032391077,79.60870811,788.8874179,47.60285465,194.509,2937.891,0
0.020635015,67.43895769,776.642689,47.25309045,210.653,2720.823,0
0.02341228,77.88342391,794.9826404,51.40888909,206.866,2549.173,0
0.032895252,70.10213817,775.2673113,39.98582325,199.791,2139.498,0
0.025862036,63.92454165,791.6090308,49.93347809,197.428,3643.767,0
0.02348043,72.30852466,819.874773,51.47178841,205.537,3424,0
0.024557971,71.10397853,824.1630631,50.92459353,200.012,3173.078,0
0.019458877,65.10781232,821.4810325,56.48880653,207.221,2740.034,0
0.028247127,70.76175315,803.0489555,46.74958075,200.05,3012.531,0
0.015429794,69.99053532,786.0390964,34.58937684,228.505,1970.206,0
0.034301981,72.01443192,825.9945719,51.19717376,186.993,4077.363,0
0.034485351,71.34796346,811.4789699,47.10287237,195.573,2991.975,0
0.018396334,72.3870078,819.6865177,43.9876997,211.333,3071.69,0
0.037435464,66.48904351,770.3415031,67.32020395,177.769,4788.019,1
0.032944052,61.71032271,800.0891101,57.08090299,190.983,3437.229,0
0.022065288,78.35915794,768.8611644,43.20970892,210.928,2258.141,0
0.026779096,79.15839515,827.5385128,62.10540194,184.275,3644.292,0
0.01848796,70.41719176,792.5015197,40.51964029,215.627,2806.013,0
0.017401305,62.59611941,812.5159553,30.60870566,225.103,1949.197,0
0.037149976,70.90391993,798.0409789,44.60506489,207.145,1812.332,0
0.016927908,68.6765612,776.2474239,63.87666177,198.064,3464.013,0
0.030402612,63.30728128,835.0119187,43.65710581,194.711,3497.534,0
0.037900489,74.09470673,788.161421,43.02648375,201.825,2224.248,0
0.024561772,73.30613338,787.9300313,45.73489292,207.269,2118.043,0
0.020881601,62.55144764,822.7534077,60.86812566,191.403,4024.176,0
0.024757993,60.63772581,806.0771022,62.96009774,188.888,4230.905,0
0.030450813,79.24302188,800.7926868,39.81436379,202.576,2744.077,0
0.027744166,82.09645693,797.1896023,56.76774006,188.389,2722.239,0
0.015192941,79.57821251,796.1663199,44.64598834,208.04,3413.205,0
0.012822994,72.19723659,754.9974067,67.3447523,184.232,4609.832,0
0.012417958,87.87952102,784.8934041,44.11941942,217.727,2875.718,0
0.028712478,57.71754836,815.7670302,44.41018044,210.048,2803.543,0
0.027674472,69.46366974,802.3266877,44.83791294,205.559,2609.81,0
0.026111766,54.32367627,824.6243369,44.37683136,206.986,2336.778,0
0.01967925,76.50330028,749.5007517,46.40382656,199.225,3890.233,0
0.005,73.42632887,810.5126088,43.67269099,226.107,3067.157,0
0.013800013,65.48762311,785.1479359,52.21579853,218.343,2592.98,0
0.02054066,67.07253961,807.7691107,65.31421094,191.97,3684.022,0
0.032477217,64.54733142,856.9317206,44.07953279,170.7,4659.101,1
0.016400053,80.79397607,790.3007042,45.48171286,225.248,2228.975,0
0.020485209,,826.4766439,49.67264077,203.123,2975.956,0
0.019159297,81.95651493,784.6552931,56.27075008,209.084,2748.178,0
0.019639421,62.23930921,804.920244,50.41362266,199.965,2941.143,0
0.037159659,73.14145848,840.3467025,41.37200913,182.733,2068.062,0
0.038931966,57.54413328,851.4089307,51.08084905,163.25,4764.075,1
0.027724285,77.43548195,812.2766903,57.68654141,194.807,3822.182,0
0.026012211,64.09783915,791.9978605,38.91744447,211.572,1859.754,0
0.034827708,80.70980454,806.2228129,48.48829006,194.132,2984.145,0
0.023846843,59.96859684,785.756665,48.76557436,209.391,2855.46,0
0.028618812,65.75338957,824.8286921,47.12828628,194.081,3098.671,0
0.016931591,73.75236683,821.4123064,30.52657848,226.941,1193.832,0
0.027114004,65.85079736,808.0411404,54.03915696,197.765,2329.656,0
0.019868083,59.55700156,824.4499529,56.54081237,192.541,3731.575,0
0.030953488,70.07133011,791.6734367,59.86018309,194.724,3634.322,0
0.036494355,73.6748407,784.9715617,50.36075928,194.619,3930.924,0
0.01531075,63.40024952,796.2030785,53.22713952,209.186,3036.023,0
0.036647494,71.46074623,789.1076615,47.75506788,196.356,3048.968,0
0.033918271,65.31322546,770.4309302,38.36413253,196.655,3552.028,0
0.024216479,71.08976727,768.7146938,53.45443978,209.49,3500.975,0
0.029541798,77.67984078,796.9194325,48.39220254,200.827,3027.667,0
0.022637443,59.77364737,814.3643069,47.62407543,208.236,4282.149,0
0.016657283,63.99597554,769.6674682,71.72414397,192.766,4319.671,0
0.018424081,63.51528628,845.2984992,44.05685348,208.045,2763.628,0
0.024414309,62.60826878,840.0830371,53.70428945,189.287,5097.39,0
,74.8411867,793.5464657,39.62460389,213.506,2833.595,0
0.006114884,,782.0844019,50.08245922,224.412,2897.143,0
0.027836319,83.03045295,799.3853898,43.32215752,203.931,3372.12,0
0.034316468,81.36162485,753.866642,56.99233319,170.443,4893.575,0
0.020733949,69.22823872,773.0553243,,204.795,3531.4,0
0.023381116,71.33733162,784.4991881,35.91343425,208.209,2570.463,0
0.042046777,78.91450066,778.586276,59.67874784,172.914,3736.195,1
0.029465647,61.5005655,756.5388954,47.93005702,183.192,3865.075,0
0.016813784,81.12151314,810.5885871,61.33055625,203.904,3779.63,0
0.031002522,71.63958117,,51.97263646,188.881,3763.39,0
0.020130314,59.15476714,786.571841,50.83194274,197.972,3779.001,0
0.020856051,68.31992805,805.1362585,44.28798289,210.768,2595.227,0
0.03537797,70.70701604,797.1902041,55.04077204,198.463,3573.8,0
0.038376875,65.10612954,,53.54046346,183.794,3208.185,1
0.03595345,52.18801936,848.7269043,44.37638303,168.162,3754.87,1
0.023403881,76.9046845,794.0614255,47.93059009,205.126,2306.55,0
,62.72429294,775.5819553,63.43818494,189.034,3603.326,0
0.01879398,73.74519185,797.7138902,47.54102862,209.646,2511.431,0
0.026856201,70.15833701,791.534397,48.7668945,198.235,3585.113,0
0.035366713,73.63893991,818.3064849,53.80705241,188.183,2979.685,0
0.009529508,68.60001675,850.5982019,53.21828146,198.841,3959.316,0
0.030578206,79.62700098,843.5433396,49.26233159,181.802,3774.673,0
0.022745156,80.33940751,822.8088372,46.74392291,213.755,2842.002,0
0.027877981,65.43282712,843.3747613,,170.909,5209.79,1
0.014383577,88.81359047,775.3727379,47.61992267,218.889,3163.557,0
0.042591812,71.9729419,792.7624876,,182.102,3768.093,0
0.014651889,80.82210907,767.8776612,34.40641662,221.15,2200.15,0
0.037550717,79.25753632,833.8239142,59.44986391,170.338,4868.253,1
0.020161695,69.16928862,805.733302,50.71379337,201.342,3080.367,0
0.031833633,,808.1052587,49.74572253,202.608,2779.226,0
0.038892572,73.93855265,795.5832583,43.38154507,201.264,2648.856,0
0.029936931,66.44025853,837.9289061,52.91291672,179.605,3987.221,0
0.021328346,69.84830189,779.289754,42.41876915,210.022,2486.545,0
0.024600681,67.24374306,813.8144102,50.96917072,206.712,2456.578,0
0.024107147,74.96196585,795.4956889,42.75034109,212.051,2556.925,0
0.031212605,77.70468948,754.1158528,33.70771336,205.291,2573.319,0
0.026688526,64.51719318,818.8547162,50.21542659,201.684,2507.064,0
0.015966088,66.69926696,802.5205103,45.18049374,218.335,2362.727,0
0.033372436,82.53105868,741.7466469,53.72577593,165.87,5378.877,1
0.03198498,69.50727026,798.1498138,50.92506315,202.551,2673.681,0
0.023170124,70.64359491,786.0490918,56.55755269,205.509,2840.753,0
0.008376761,89.44172071,811.3754814,48.29576587,219.187,2542.122,0
0.02989527,91.33850667,777.762534,58.13366913,187.361,4196.949,0
0.015462528,72.76903022,766.6661529,54.70986486,200.703,3084.805,0
0.023268558,64.34048639,783.5988016,55.41540907,201.039,2945.044,0
0.030471409,,803.4161827,58.08867605,185.746,3990.691,1
0.027643438,75.36400498,807.1128813,64.95750667,194.039,2997.937,0
0.018097845,94.17854706,771.4083797,59.25393376,192.687,4209.894,0
0.040500399,71.48772686,814.3283124,55.52046078,172.305,3328.787,0
0.032488608,83.54719666,811.5054932,51.23466154,184.556,3866.355,0
0.034790277,58.42995537,831.8980673,48.59925712,174.224,2799.04,0
0.017528825,71.90187681,813.8419069,64.23422823,206.555,3039.295,0
0.031613277,73.64132963,816.3997791,46.00500765,193.021,3336.118,0
0.035573995,68.94032573,782.593277,42.42587681,195.697,3385.06,0
0.019432699,82.55244782,740,48.09664228,186.46,4037.667,1
0.02226756,61.82892689,810.3862275,39.03817106,214.716,2617.023,0
0.025442966,74.05966079,814.3321927,65.46036759,193.129,3904.169,0
0.038877566,83.68308735,825.75616,42.54541091,175.246,3581.777,1
0.021901292,75.34881937,802.2074807,42.65945948,209.532,2673.974,0
0.018022934,64.15022416,812.9662398,53.1351577,202.436,3664.036,0
0.025218853,87.56058366,785.6858297,53.00267708,196.361,3118.057,0
0.021438264,62.98284685,819.549973,40.56542028,209.434,3063.219,0
0.013509473,78.52698447,781.6409018,64.79067488,204.015,2771.087,0
0.030458142,76.21534513,783.2823393,44.15469235,193.679,2972.812,0
0.023069115,67.62586079,781.5726866,66.19949977,185.185,4123.405,0
0.020404467,70.71613022,802.2641369,35.04171242,217.374,2137.985,0
0.026168533,76.41342654,791.559771,33.7717386,221.194,1300.057,0
0.02513883,76.46894774,775.441048,32.62165436,205.237,2234.023,0
0.02799726,67.80547819,813.0701679,60.23735464,181.661,3799.307,0
0.020018801,50.94956476,797.2861983,61.27014633,193.064,3352.593,0
0.036343228,69.5630364,820.0415199,47.1554581,189.092,2431.14,0
0.027922993,67.36150218,782.0325787,62.18788575,193.527,4119.255,0
0.02767065,67.30584735,775.1505007,65.41989079,186.651,3732.983,0
,79.44357481,760.3478785,29.18749509,199.178,2696.363,0
0.024516748,62.94266394,747.5824168,43.55570592,188.763,3979.355,0
0.027881197,69.00066323,802.2985144,39.95607061,211.973,1266.588,0
0.032127964,78.92283488,822.47511,46.11615863,194.795,2635.084,0
0.030580947,72.46972854,,58.65170533,188.519,3544.078,0
0.035070792,83.87983988,798.7533713,39.49556607,202.124,2332.431,0
0.029624936,82.47457506,759.7433743,53.62382815,180.456,3676.985,0
0.018779405,68.66205675,803.5957042,40.11723231,214.712,2548.702,0
0.025899334,86.03490357,767.4393266,53.56824779,186.587,3483.313,0
0.01295006,58.11010472,758.8356563,39.38489602,205.25,2915.645,0
0.022760556,77.57299822,768.5718074,40.19915593,209.184,2934.175,0
0.036285006,64.03038544,780.1570444,61.87068645,181.939,3860.748,0
0.02052926,60.69401397,827.1839383,58.17155349,197.936,4343.64,0
0.022631118,57.70320018,789.3333644,53.35135849,192.585,3852.506,0
0.02637596,82.35618699,806.342883,48.14359124,198.796,2611.864,0
0.033324761,69.90666255,851.0043663,48.33348312,179.572,3561.488,0
0.033016365,69.30020603,814.9059303,57.71806529,183.776,2553.608,1
0.030168678,76.11274185,774.7643759,42.99814238,209.04,2986.101,0
0.020339888,78.39360745,806.691266,55.15214792,206.279,3303.206,0
0.02706699,,815.9409284,45.12105902,199.494,3307.064,0
0.024154514,74.14219498,805.1797486,51.54988837,199.859,2551.693,0
0.011028689,65.7736119,,40.83711171,206.77,3959.657,0
0.019546735,58.74640526,819.7454318,57.33945791,207.385,3054.712,0
0.029057574,71.23545556,798.3012135,65.57497345,188.198,4362.649,0
0.027999224,,791.8699885,45.84576032,199.256,2742.804,0
0.013275017,82.97699701,775.4575853,44.95956358,213.973,2733.997,0
0.036405151,62.96351962,823.7409782,63.47577637,179.657,3642.486,1
0.039686334,68.32630657,788.0820691,57.97759575,190.704,3525.255,0
0.018979416,77.34466822,830.4472498,45.04110838,206.933,2816.878,0
0.016754262,78.9228027,772.5711238,54.44317469,203.756,3709.291,0
0.028320262,71.46691616,797.0311069,38.44666856,213.944,2050.266,0
0.027931196,66.4985642,777.4726199,43.42486504,201.898,2285.779,0
0.011272864,71.60298744,769.2627667,42.18545547,221.64,3148.616,0
0.018733404,76.71809038,789.7371157,51.10614013,213.437,2013.338,0
0.019944106,53.01169912,839.2866925,48.12141739,200.829,3311.621,0
0.020496968,69.09511732,788.7130593,37.47520759,213.535,2412.796,0
0.023021356,60.96378102,791.0389023,51.93391761,209.124,3173.633,0
0.026100397,70.78572121,809.3434796,54.71311934,201.082,3084.728,0
0.029683148,83.8007205,812.9946836,47.362462,198.859,2119.193,0
0.03125599,73.40311272,805.4466196,44.6961356,196.918,2462.144,0
0.020270632,76.54123591,796.1866951,49.71363616,213.984,2612.988,0
0.010312248,80.72126346,766.1673191,53.4693669,208.515,3398.094,0
0.00818399,70.53154193,770.2828392,50.37230462,204.902,2780.971,0
,68.84747442,848.0852797,49.86887728,179.151,4176.213,0
0.015842456,74.22654134,795.9673915,,210.775,3617.508,0
0.036998559,64.65721532,853.8047804,42.31930329,158.215,4508.447,1
0.025364955,71.65292054,830.8106929,52.5827528,199.765,3025.697,0
0.024208327,58.90976689,808.6988897,68.30752667,182.319,4178.96,1
0.021138378,72.61116376,853.698534,51.28255335,200.621,3648.428,0
0.025392926,76.51689076,810.6842056,54.43948665,203.154,2799.165,0
0.016070558,75.4717263,834.8383902,44.6233048,205.708,2948.054,0
0.032029021,74.45198081,809.4984292,47.58987249,194.593,2938.868,0
0.015961628,64.86840318,838.0299178,43.3555913,205.416,3073.842,0
0.017714641,71.45561721,797.8783771,50.37962742,213.017,2106.533,0
0.038564601,80.34573902,792.7594428,51.66756958,201.941,2460.448,0
0.014039628,65.27251497,768.1151407,49.1405319,206.241,2889.67,0
0.019472635,78.87670003,754.3712775,53.40263236,188.161,4123.673,0
0.024158628,57.71662326,789.545223,48.58337966,201.548,2282.627,0
,81.66072696,776.2484349,45.08358525,208.751,3248.098,0
0.030001586,72.29235633,799.5325108,45.66876742,200.363,2595.973,0
0.023399599,84.83256383,755.5994629,43.56116711,201.833,2877.636,0
0.02879899,68.45666308,816.7019473,55.94581773,193.727,3223.763,0
0.034142215,79.54200828,766.5353556,47.69984441,195.369,3130.199,0
0.016737394,79.07348862,781.4791163,39.70767411,212.014,2597.625,0
0.030371444,74.42028946,829.5124505,39.44438432,209.733,2199.786,0
0.028602817,69.31629978,817.1710807,51.18293834,198.347,3071.919,0
0.017649846,68.47160201,829.428543,41.9737614,204.55,3404.059,0
0.032771831,55.27610622,835.1075247,,185.736,3775.692,0
0.022105809,78.05668184,,46.24811596,212.504,2263.915,0
0.013231898,71.16422966,855.5159177,42.77167438,203.175,5334.861,0
0.0189465,60.26699486,828.6588841,51.81775385,200.527,4339.498,0
0.031937276,71.8156351,777.0677639,43.71959911,202.493,2807.824,0
0.017406689,62.38431234,810.8374545,,213.162,2932.178,0
0.030113884,72.683476,771.708091,49.59940287,201.193,3204.149,0
0.016301016,87.50167526,759.4288828,42.48915016,204.248,2775.98,0
0.02714403,79.82921778,812.8682785,65.9543469,187.266,3777.982,0
0.04064231,73.92103122,754.0063789,48.57373002,181.402,4115.2,0
0.023068784,61.82080787,813.2119663,46.36187985,211.451,2841.773,0
0.038912155,74.77944631,785.0170932,33.46291256,201.761,1773.032,0
0.0186236,68.18681125,806.4113045,39.98611829,208.397,2190.574,0
0.021808849,74.40974734,789.3277151,30.91636045,221.835,1481.381,0
0.029295751,78.27783207,799.7232273,40.7626649,203.317,2543.407,0
0.022133696,71.21909948,793.6460351,43.43124576,217.684,1873.666,0
0.018135913,78.58405625,794.4660465,43.25946107,212.228,2497.602,0
0.033611807,69.1965087,768.4901955,51.09841001,193.489,3276.883,0
,70.83048603,856.6871097,41.02047903,203.667,3272.331,0
0.020777652,60.55795179,815.813327,56.22278671,197.831,3652.364,0
0.020729732,70.55372346,760.1726841,46.95331309,191.416,2970.785,0
0.025987136,52.31540844,848.8262917,53.36174593,171.407,4570.919,1
0.024073604,48.10665386,796.3173902,43.70539122,201.042,2643.174,0
0.027759328,80.18153593,740,45.0426387,185.24,3967.823,0
0.015364975,69.12915736,820.132911,45.52908689,219.674,3115.921,0
0.032142942,69.29870038,817.8391824,54.92656696,190.409,3315.927,1
0.018447191,69.4728719,819.9751361,54.25552357,204.453,2790.741,0
0.005069422,71.60051287,765.3854169,51.02404156,211.897,3276.181,0
0.020249119,73.33287722,813.5473299,47.67287288,208.084,3131.515,0
0.025534618,66.86056336,806.9095423,50.9436831,201.563,4007.587,0
0.021343052,70.54064772,783.8424613,54.14406791,200.653,2662.65,0
0.034441141,85.23328793,774.0555263,47.00735221,199.811,3110.6,0
0.021149524,76.96539769,794.1617921,49.35741773,208.421,2707.346,0
0.018279491,63.78105299,784.8303086,42.90357765,216.09,2539.855,0
0.040840266,71.87990422,791.7656335,48.53974437,179.921,3527.629,0
0.021174832,72.42880525,808.866078,53.29098226,203.178,3358.105,0
0.020595954,69.76362268,799.501041,58.42922371,193.453,3620.769,0
0.020378544,77.13724687,808.9381847,42.04702644,215.901,2823.417,0
,76.65773622,813.7288228,,191.741,3824.164,0
0.020368836,88.54220856,740,64.20967861,176.782,5428.706,1
0.027464023,61.49857468,833.5415819,42.80185461,199.835,3494.85,0
0.027025697,72.77101339,812.6246269,54.84542454,185.81,3499.321,0
0.026474716,79.88650602,774.8207728,,208.791,2883.748,0
0.023351412,91.28221238,766.4680993,51.00704519,200.294,3429.406,0
0.029581909,64.2752256,776.4336306,55.01419101,194.468,3288.059,0
0.021293997,73.00676878,750.9159426,43.6256171,196.37,3532.94,0
0.025820008,51.75053463,860,63.59929842,168.37,5794.302,1
0.035084747,69.5234727,860,53.77696589,154.419,5325.444,1
0.0198559,77.84188049,841.6490686,49.10938466,195.551,5465.568,0
0.039877378,86.82207532,798.5853972,44.75435539,194.758,2347.355,0
0.015423432,77.55608094,773.5809571,44.9898564,214.304,2602.594,0
0.016473524,61.66846871,795.3229829,54.03295633,200.359,4317.938,0
0.027683366,64.36472957,818.4042842,61.54108928,186.269,3898.911,0
0.039284184,66.84413852,781.250683,56.65312699,182.759,3917.787,0
0.024899857,76.95599603,740,60.29818347,165.096,4758.24,1
,63.89515438,789.5787307,53.87810602,202.609,3138.638,0
0.024301015,75.56854473,815.4536521,54.98048248,196.016,3572.096,0
0.033926131,84.74685349,746.4212601,50.65907543,181.246,3877.463,0
0.027294992,72.85102489,835.1126591,49.43701245,191.897,3112.346,0
0.017347408,66.6564552,793.8145506,55.57921673,210.043,3450.858,0
0.018896628,77.31580617,807.921067,55.88320836,200.427,3881.194,0
0.017791016,74.85109385,823.4378858,55.09323232,217.626,3000.906,0
0.015923201,83.94022407,759.9496078,54.87901543,201.993,3463.762,0
0.01668448,89.54836907,788.2427176,55.51520492,204.788,3377.246,0
0.014970028,74.39233045,741.253048,58.309277,185.945,5215.962,0
0.016466947,60.66224774,805.5891314,62.06832193,207.514,2803.356,0
,65.30790039,795.4265367,46.75568193,214.571,3196.464,0
0.035734446,74.03698352,816.9911968,45.15382138,188.66,2971.257,0
0.025787561,70.68352528,787.515969,41.405009,208.824,2611.212,0
0.024426833,72.79543125,843.1173262,49.60391607,190.185,4927.639,0
0.021307347,65.5011409,834.0063186,45.24341364,200.733,3278.195,0
0.026559165,65.86810457,,49.68612353,202.199,2375.243,0
0.024898506,59.3007623,799.2997556,52.04831426,202.527,2752.551,0
0.023341603,75.39449357,819.161246,70.63414609,188.8,3810.249,1
0.037533898,60.11000051,800.1913409,52.25787518,182.672,3332.65,0
0.015187561,68.23229312,799.1046005,68.91233676,197.647,4355.655,0
0.024157739,65.9767752,779.79584,51.18287977,204.766,2553.786,0
0.035311634,,780.2049022,43.66696993,191.438,3361.177,0
0.022535008,79.69188778,761.8204012,59.09702386,196.761,4168.999,0
0.027415849,76.291041,778.1460745,50.81961336,201.429,3217.051,0
0.014349236,64.7966725,772.9650626,39.10061341,222.038,2969.336,0
0.017407096,72.42328835,842.7776836,51.9171668,200.862,3875.148,0
0.019194153,67.80224858,773.1741056,33.38073516,225.523,1881.801,0
0.029727143,60.12581505,822.190769,49.37558048,193.359,3226.608,0
0.020656067,79.51447705,800.4178026,40.45230134,222.671,2145.786,0
0.035643816,69.00501483,797.0066127,61.85698323,189.08,3632.125,0
,81.24589566,787.4010359,44.82514751,198.391,3407.885,0
0.027736237,67.76520875,797.1835934,51.73468179,198.185,2864.749,0
0.023439303,70.79810883,835.2602074,49.77999235,191.448,3948.899,0
0.028759254,73.19653078,773.8288991,42.73156247,195.7,2734.294,0
0.02058785,81.20646681,829.2145295,56.03397109,194.055,3561.489,0
0.027411945,68.23883725,835.8908621,47.05065682,198.217,3660.963,0
0.019069695,65.72712239,840.1277226,45.24836343,207.237,3441.842,0
0.015215547,69.78733101,,55.32534328,203.298,3787.141,0
0.031944421,82.64347792,784.0706935,45.6495991,202.813,2620.199,0
,78.3687068,759.9699624,46.43427516,203.405,3577.406,0
0.025059238,73.18124385,825.4179876,50.42069289,193.819,3832.717,0
0.036263168,82.7510423,805.3196756,59.51639643,185.407,3436.239,0
0.022486034,78.78490913,808.1030489,54.22908013,203.714,3056.623,0
0.019666768,81.06794415,773.8044559,49.27216495,203.153,2993.023,0
0.011497379,61.59642057,807.3087915,43.38854949,221.364,2839.635,0
0.028414904,78.08852927,781.5521788,50.44285724,200.53,2978.258,0
0.018688547,80.69730177,778.140559,54.58649977,197.769,4704.418,0
0.027732431,76.36053753,811.2885865,54.15394508,197.246,2989.548,0
0.018218104,,773.6537496,45.75206944,199.87,2892.756,0
0.029208545,74.15845597,791.0649479,,203.576,2364.993,0
0.005,66.57465852,820.0758622,51.84681063,219.922,2661.363,0
0.022863614,71.78541695,810.3651969,52.62261814,207.412,2682.443,0
0.01672809,73.15044372,804.3043614,61.15613734,202.759,3335.88,0
0.037901595,86.19598557,751.5245748,65.37674498,165.482,4233.596,1
0.027735617,68.83797626,793.2024934,54.54653457,201.303,3278.073,0
0.020810367,74.39831474,793.9298536,,195.38,3093.76,0
0.039963123,,781.3213198,37.01798746,200.959,2875.685,0
0.02261722,85.81071585,826.2391488,66.8978259,184.5,4678.241,1
0.017584184,72.74904796,821.7052563,40.9667833,214.811,2868.999,0
0.021736503,67.49019465,809.5627662,47.42772261,201.692,3472.132,0
0.017859635,68.74084787,796.9325855,58.26336255,203.441,2506.468,0
0.023995771,78.22237042,798.1209949,,192.514,3516.45,0
0.028153074,74.71007732,771.4640735,53.15049741,188.786,3685.001,0
0.021791612,81.74849063,808.1356097,57.75075465,201.993,3299.123,0
0.036769323,77.90734679,801.2182657,55.84688573,192.728,2955.521,0
0.006617368,99.38316599,740,31.54093818,210.591,3460.824,0
0.033148541,64.69342174,,57.17533685,191.142,2974.553,0
0.023552017,80.09755337,751.5305985,43.50617927,199.376,3526.79,0
0.026572391,81.83230146,805.7084235,48.15136872,202.06,3245.099,0
0.030782265,74.1757704,,58.1081585,185.761,3709.731,0
0.019422372,62.80394544,792.2351667,49.71228673,215.68,2861.119,0
0.010200684,78.55368022,806.9888628,49.76400093,224.65,2630.822,0
0.011836297,87.99133617,790.2188526,60.05559951,207.516,2905.22,0
0.021258474,76.06593517,793.9753331,52.83192978,206.053,2648.379,0
0.027434403,86.43989262,770.4432539,57.08149716,193.733,3455.937,0
0.023610658,91.64987263,814.2037577,42.62037725,206.845,2562.555,0
0.033278302,81.92584643,812.5907812,54.54706722,188.669,3618.481,0
0.017597825,82.21529706,794.4969688,48.39162314,212.239,3195.293,0
0.011214194,61.00754637,814.7105033,46.0791634,222.553,2508.699,0
0.037269003,60.26635017,815.2497415,46.85796912,187.645,2782.816,0
0.027921005,71.85656366,805.2798457,46.661234,215.703,3004.445,0
0.02598147,66.93572325,799.8313937,48.32002996,203.888,3064.806,0
0.011357834,84.4557721,820.7641134,48.9277936,212.235,2668.949,0
0.016365904,61.69773303,806.8406931,48.01322878,210.697,2756.572,0
0.029090313,,768.4553528,53.9827135,188.882,3930.543,0
0.025530082,74.3028746,792.7036116,49.46702125,211.685,2496.11,0
0.032477503,66.99391201,806.864497,,187.27,4027.487,0
0.031504902,62.67571714,855.9108305,43.72282805,169.392,3798.977,1
0.020228041,79.81739445,839.608988,55.94540074,187.758,3420.961,0
0.026849194,,792.4057065,50.76221604,199.906,2806.542,0
0.012388396,78.49954914,769.0206473,32.123585,218.234,2028.607,0
0.014456324,66.27978442,801.141263,55.19779421,205.726,3255.168,0
0.029882129,67.84433108,777.1276333,58.74906626,181.927,2970.045,0
0.030959407,76.13478499,806.0096784,40.45711957,200.034,2903.99,0
0.013738774,51.10497847,825.2996584,42.1011672,203.974,3550.468,0
0.018189428,72.89225377,817.7715884,42.22809695,214.681,2700.73,0
0.019583932,76.71944204,794.2450877,47.40552273,210.602,2557.652,0
0.017361428,74.88535658,810.1663913,51.82179465,214.861,3128.166,0
0.025292606,83.69374206,807.1631632,48.61395733,201.885,3074.531,0
0.020121279,75.18368682,816.7030685,52.0492031,208.651,2981.057,0
0.03069498,66.02070321,800.2592739,53.73824228,194.723,3142.525,0
0.036793772,63.1620617,806.5996329,48.49254664,187.092,3304.987,0
0.024201844,69.92324676,812.1994151,39.41663595,212.268,1639.5,0
0.023371773,69.2505667,779.4150743,42.32775598,205.021,3471.785,0
0.018352879,61.56286562,824.1266324,39.63697337,210.016,2967.153,0
0.02344915,81.2009681,743.6018054,56.31489,180.749,4258.22,1
,67.0286357,782.9526714,51.14088361,215.455,2716.866,0
0.029941908,74.5921351,789.2832717,30.52723586,215.814,1771.299,0
0.023138745,,809.0778849,55.85276544,196.455,3197.438,0
0.041069911,70.99784856,838.4639048,49.93950344,161.678,5052.605,1
0.027740708,74.27688715,743.7249009,53.33458033,173.191,4930.029,1
0.017696918,68.85779819,847.6759973,37.85210064,203.384,2970.86,0
0.023522472,69.85799492,760.2878097,51.13798687,194.374,2937.747,0
0.033770322,82.55764266,761.7802481,43.73991322,194.457,3762.127,0
0.023908433,54.40679576,844.5165574,46.69536792,192.971,3624.701,0
0.029814548,85.18889491,740.8310763,61.28380884,165.577,5284.167,1
0.014520456,72.71519394,803.6050847,47.65217569,212.289,2176.392,0
0.027143412,71.32387065,812.8627212,50.90365124,198.295,3205.257,0
0.024934384,70.79993118,791.8355343,42.46067399,207.057,2610.734,0
0.024258341,67.37744397,838.2055636,57.51132042,187.08,3054.051,0
0.023269512,70.92623092,825.6904209,61.11645401,190.651,3699.842,0
0.025681873,79.46577116,831.1137464,46.07616556,200.653,3052.514,0
0.014052991,84.89953131,774.5715363,40.59940549,210.886,2277.392,0
0.030002669,59.67428194,804.3705514,43.50197389,199.092,2654.07,0
0.017558501,73.6437229,809.6322239,49.52395356,209.603,2944.673,0
0.016457728,75.40034395,754.1046796,43.85047979,196.536,3519.41,0
0.031622504,70.17580826,808.2267655,66.40974627,185.834,3285.768,0
0.023336118,81.6643448,,57.81246381,198.245,3421.805,0
0.01219691,77.3340709,823.9198619,51.07319691,212.095,4273.575,0
0.020358362,67.60693718,748.4763417,38.41287973,198.038,3712.221,0
0.033739381,69.3215912,807.9221684,45.24628244,199.47,2512.686,0
0.021253098,68.47930434,816.7351508,46.29570029,206.997,3013.267,0
0.020046786,78.92597705,797.4940278,45.18646481,213.57,2536.499,0
0.031848883,77.94095949,783.320205,61.17435394,193.573,3578.863,0
,55.9304075,834.200962,48.08588101,195.135,2977.398,0
0.027350163,65.60414466,784.84459,42.32114863,206.913,2796.824,0
0.020859634,75.24520924,773.6891576,65.7990457,196.478,3498.047,0
0.023572501,55.72612588,795.3781197,48.09724206,208.152,3269.281,0
,70.30514058,794.9482484,52.90458135,206.776,3384.884,0
0.026738835,62.28949074,800.0670224,39.16992758,208.768,3368.835,0
0.023987153,79.82978172,791.1558671,57.95223087,192.766,3065.784,0
0.036470645,73.95398569,813.9521479,68.53107864,179.711,3648.075,1
0.035217285,45,837.0730942,35.40274146,172.777,3507.064,1
0.029756065,86.31357277,778.8025957,47.46378345,206.777,2907.776,0
0.021987233,71.26480348,792.6503278,46.06891549,211.204,2426.664,0
0.019274964,77.96612034,804.3663658,47.66929052,216.137,1734.906,0
0.023043303,78.82258994,824.5996849,37.62777903,214.45,2475.597,0
0.030473419,,774.4997009,62.6343492,188.997,3580.533,0
0.022286553,83.29940211,780.8297128,55.02192354,194.369,3571.416,0
0.039844812,78.01602094,771.4205478,35.4938012,187.128,3020.886,0
,75.11687179,783.0972134,54.75827984,197.9,3500.019,0
0.036372219,71.14394831,803.7550272,45.59425796,202.76,3129.403,0
0.025550063,78.78324361,771.9589586,48.45019959,210.492,2524.125,0
0.018468997,58.39737354,836.5816937,61.74835805,196.999,4730.732,0
,59.93266349,813.3601904,29.839147,230,1079.062,0
0.025258853,71.29003116,765.9465091,31.55721412,212.237,2078.047,0
0.019970502,74.89541836,809.9420478,40.62717248,213.994,2080.452,0
0.016756835,76.83077583,772.2721443,55.57838336,202.422,4038.235,0
0.015606506,57.38523663,814.3518454,52.19759525,209.13,2899.18,0
0.031781567,70.06148133,800.8179699,35.68966556,209.731,2065.268,0
0.017426347,68.3363961,821.7879054,45.30603492,214.062,2571.719,0
0.026489811,73.56851234,813.1491797,46.85093649,201.859,2260.947,0
0.025216088,69.42362789,820.8505887,36.30030119,206.658,2457.92,0
0.02280681,87.92501707,,40.68890374,207.134,3102.838,0
0.019260741,74.04170886,780.1442118,57.36101992,202.912,3060.873,0
0.028174604,82.92897507,828.1952158,68.91323255,177.182,3772.789,1
0.027045646,60.8322415,772.5783246,61.49321364,177.182,4208.524,1
0.035691327,71.80280745,821.5772067,44.89532337,196.018,2724.325,0
0.013748526,67.55075935,769.2355309,46.40743191,206.707,3347.573,0
0.027779843,68.41898398,780.9908359,52.71945559,193.526,3995.681,0
0.026337702,76.6787105,787.3629737,55.72457506,198.918,3654.06,0
,73.83631649,792.7550539,36.45199761,205.826,2828.533,0
0.020545651,69.68293995,788.8592626,59.64047114,211.962,3508.587,0
0.026656684,81.267841,789.3189267,51.27748338,194.987,3409.883,0
0.036832213,72.75969856,827.5982307,44.599225,183.29,3363.483,0
0.025395276,77.47579301,785.5299842,58.48356699,196.827,2549.36,0
0.021057617,74.78019849,808.0630011,58.67468439,199.04,3314.118,0
0.012005304,76.47399544,775.8288627,43.7208598,215.227,2378.708,0
0.023635437,67.34984937,801.8976927,43.84104842,213.232,1657.114,0
0.023682202,56.32439668,829.199855,44.41375726,206.009,2543.664,0
0.036721925,84.46326256,795.2105067,40.87809778,197.906,2456.511,0
0.019273661,78.07428663,790.5017371,45.54890052,204.268,2496.175,0
0.013966371,60.15102237,801.9371157,40.6164422,215.076,2363.297,0
0.02234179,77.71437176,798.9090159,67.27912825,192.216,3978.519,0
0.031455376,71.56724315,824.5051915,49.61774378,188.124,2720.748,0
0.018221772,70.93574404,762.4433118,40.88701033,212.886,3198.163,0
0.018769319,76.37896569,790.1489932,51.47742919,206.97,2872.807,0
0.016440584,80.79224309,745.5048137,58.15100392,187.705,4588.407,1
0.020944714,75.85210932,804.3156728,57.38293091,201.513,3906.159,0
0.019466433,53.88456884,828.9013537,47.79756649,209.727,3162.205,0
0.020245132,55.88429947,740,52.10011296,191.662,4457.645,0
0.019319322,77.97661231,782.1437802,47.87605476,210.089,2727.371,0
0.031204862,74.92427649,777.9680124,46.04149266,201.995,3016.794,0
0.022986323,81.98837083,758.2615248,58.60063754,188.714,3809.625,0
0.017265944,,778.6405609,36.28423432,219.81,2651.272,0
0.025461537,62.00715135,809.3472892,46.83765014,197.907,3223.037,0
0.020954039,,818.7563029,57.50569558,202.211,3389.756,0
0.024058628,59.76928366,,39.02020297,209.102,3291.091,0
0.0190937,73.77706123,774.2921955,53.56138801,207.963,2149.836,0
0.019887639,89.97653615,784.2057484,37.66466888,208.934,3127.847,0
0.031207428,90.47819114,795.0178995,44.18225041,192.295,3272.011,0
0.033681056,74.54768929,771.518533,35.57516915,204.327,2869.491,0
0.017006639,75.79155854,779.2366749,,205.707,3579.666,0
,75.82172979,806.4030752,46.00306326,220.509,2271.608,0
0.033396504,61.01921276,,28,210.294,2231.468,0
0.028719975,53.45324089,846.7358643,51.82948386,178.577,5379.535,1
0.035478032,72.07715114,822.597707,36.40272412,191.439,2821.693,0
0.023759527,63.88769637,818.4264535,54.97702769,199.603,4036.088,0
0.019246437,84.89687246,759.0795756,61.13815254,194.313,4418.289,0
0.022435541,80.12864468,809.8947154,44.48523802,207.51,3546.452,0
0.021722096,,843.933484,43.11482686,210.118,3011.282,0
0.022525122,61.79747809,818.6480387,49.12766646,202.345,2566.77,0
0.017860612,78.59584517,775.7643688,43.28844198,209.698,2613.503,0
0.023627944,63.08502442,797.3682301,45.14700067,208.915,2874.11,0
0.0272712,63.36087907,816.6480778,52.18014783,197.152,4245.027,0
0.041312186,66.74391025,818.8476018,57.20450069,174.331,3072.116,1
0.034847088,69.1293164,769.9124721,44.95932807,198.008,2866.783,0
0.016135085,66.57304342,815.3872103,38.87916167,216.812,2137.009,0
0.024195283,85.20137505,807.42552,51.64021083,197.546,3766.681,0
0.035869678,73.2513894,795.0401877,62.53293953,185.522,3324.679,1
0.044655828,69.50387498,798.311578,51.76905274,182.155,3353.311,0
0.026443641,72.91423652,804.63677,59.33706987,200.558,3124.548,0
0.021897869,59.12497816,804.0368812,50.65070919,209.081,3276.644,0
0.034221692,61.12292639,829.8326316,47.21692534,181.278,3515.713,0
0.030249603,64.9438399,839.9134827,30.57248591,203.292,3813.426,0
0.02855652,60.78782178,792.1651675,39.67349262,211.44,1808.309,0
0.028869175,74.93644005,788.4020789,44.63551011,204.751,2734.657,0
,62.7490345,792.8638312,51.37847516,213.251,1646.032,0
0.018237727,63.00993477,852.5622133,57.69512503,193.323,4844.731,0
0.024204569,62.1144595,818.3529609,46.54471069,204.73,2684.3,0
0.028737098,71.77029818,776.0232809,50.64047014,197.206,3618.968,0
0.023865083,55.22337828,795.4230714,62.6605637,190.528,3323.741,0
0.029274892,96.80171978,784.2316152,57.14749924,187.859,4039.358,0
0.023598745,66.50139354,800.367927,44.69438107,202.864,2224.288,0
0.021205273,65.39102106,,59.15814675,188.764,2963.691,0
0.04067581,80.26511826,780.2130612,43.08296027,198.153,2830.261,0
0.028511154,65.99580239,773.7948439,55.30347459,192.612,3055.37,0
0.019752072,82.80274556,808.3278619,52.45372781,203.278,3659.696,0
0.02791169,70.47663829,817.3787477,50.47493128,200.947,2643.224,0
0.024873953,57.83873246,815.6539746,52.07150444,202.84,3213.221,0
0.015758538,78.80254619,788.7809504,40.58770077,215.187,1982.944,0
0.026701528,77.20528529,779.5623142,48.92355909,198.017,2955.994,0
0.020889167,90.07149752,769.0636898,56.38317737,191.26,3882.479,0
0.020354165,64.45112828,802.2100988,54.12442452,210.254,3319.058,0
0.0172278,86.80686568,740,46.32442427,193.344,4352.469,0
0.022246578,63.54158001,788.6512675,51.47262155,201.011,2943.19,0
0.018745109,74.99267512,762.0859035,59.00407758,207.005,2860.232,0
0.028296642,63.52054695,800.6155994,49.86618595,204.028,2797.816,0
0.015079834,63.3451253,799.4199248,54.71607258,204.716,3124.683,0
0.03372246,58.80520842,799.203405,,189.597,3313.065,0
0.018486817,77.09049961,812.6557233,,200.503,3826.876,0
0.023137847,66.90434164,781.0628189,44.40680059,208.11,2084.05,0
0.01619783,77.84935821,775.958134,47.18630248,214.573,3394.788,0
0.019805553,76.75360623,788.3114271,,216.443,2515.727,0
0.018510783,77.2286439,793.4137149,59.36929868,204.136,2602.759,0
0.030610511,76.09539071,761.3709928,53.0523095,191,3634.164,0
,60.60513017,809.7486636,40.48539365,215.283,2742.978,0
0.014262406,65.08051611,770.1637359,48.30591917,214.236,2833.746,0
0.015011788,74.11636899,824.3263811,50.35599529,216.125,2502.981,0
0.027978776,78.64121053,773.1260341,53.17575005,189.821,3267.267,0
0.026580827,70.37165408,749.5958909,56.5993037,184.2,4220.908,0
0.020948994,57.09309806,830.2599747,66.3456355,187.486,4052.572,0
0.022776034,76.00662862,795.5783695,44.44426785,213.847,3125.422,0
0.018220852,75.23712859,793.9314551,55.98031061,204.947,2888.452,0
0.038778451,75.88031889,780.0258567,44.41346355,183.947,2676.491,0
0.030594052,67.39212462,810.175101,44.12015567,197.752,2904.292,1
0.041782582,76.37408492,786.4866173,50.21731634,188.636,2166.338,1
0.01542296,67.78324803,809.9353992,44.77943754,213.897,2596.504,0
0.026907773,71.71862646,797.0403892,46.30505799,200.582,2701.684,0
0.021942834,66.92977447,821.7095345,54.90227968,205.651,3474.524,0
0.029540781,68.49775416,784.6028576,40.92550039,198.475,2463.55,0
0.02964607,70.08964564,764.2185901,50.42153799,191.172,3188.432,0
0.018924662,79.30894733,777.8043075,56.60465302,208.114,3022.327,0
0.030719183,65.09886078,860,45.27215047,163.421,5918.77,0
0.026196289,75.05366905,843.5380364,58.13873437,190.734,3000.976,0
0.023987596,77.31027251,801.1318828,,210.01,3110.193,0
0.029063067,61.18149554,815.9241551,57.43598074,189.521,3157.853,0
0.03298747,73.82282948,814.7801102,48.29764115,188.977,3296.79,0
0.017681814,71.83771132,761.293435,54.42201617,202.265,4122.946,0
0.018133255,66.87408505,823.7729704,51.89696603,196.171,4077.366,0
0.028423345,77.04800725,823.9131038,42.48347879,197.211,3852.984,0
0.033126721,62.06827343,809.6026293,57.78002821,185.836,3487.707,0
0.029418813,84.39558764,764.7565079,70.1514788,167.378,4233.867,1
0.02978486,75.84031975,848.9993258,55.89449205,173.624,3402.284,1
0.014444643,86.2326117,740,37.47515721,198.13,3498.288,0
0.033507316,68.24488589,802.8871311,49.00962189,200.375,3213.669,0
0.025672763,75.27834093,834.8736507,47.72711761,190.797,3096.582,0
0.03946052,75.10170494,807.4157636,51.14383471,190.875,3424.662,0
0.030957595,56.67189453,806.8767302,60.86939481,190.788,3325.58,0
0.020842474,55.30785457,803.5934324,55.20094761,207.947,2529.899,0
0.012086989,78.30366671,796.5330719,50.66998347,220.796,2649.935,0
0.036832244,78.38357473,768.893258,48.44790525,186.587,3879.55,0
0.019766771,71.67365427,807.7620452,59.17490025,204.376,3167.769,0
0.025327889,76.63599248,832.4967169,57.21010475,191.475,3486.777,0
0.025662331,51.5774021,800.2803699,59.5868843,192.195,3775.781,0
0.033239225,83.72644903,814.8744063,45.07834135,189.367,3084.072,0
0.015968794,65.9874782,786.2354656,48.75190036,211.226,3077.191,0
0.023574998,77.45770595,794.5854707,53.72244958,201.637,3319.288,0
0.034044057,51.32077172,805.8049978,64.43663189,178.611,3020.612,1
0.013992209,64.51130609,836.3656548,72,188.586,4688.468,0
0.030553815,90.96240596,806.9782127,38.89445169,203.209,3016.09,0
0.019365326,71.82582553,823.7886117,61.50573843,204.355,4214.076,0
0.026831762,66.81277972,814.2479224,49.26551397,202.022,3308.862,0
0.016295426,78.85156117,771.2192423,50.54100248,202.806,3317.45,0
0.025070216,78.78202751,784.9079236,44.15890738,200.126,3048.224,0
0.017273141,75.94902906,785.4708748,52.0523577,215.228,2538.514,0
0.019456752,58.02667675,817.989414,47.16482077,214.586,3009.875,0
0.017978803,75.7564574,786.1229299,56.95368816,210.556,2608.873,0
0.036528889,69.93880456,786.7450821,44.52681436,197.549,2413.278,0
0.022020614,68.75492686,795.3570613,59.29034536,200.672,3201.62,0
0.022409331,52.68660354,782.1043257,44.45891137,205.228,2499.961,0
0.028256243,71.6440398,808.9128281,66.06910289,195.166,2756.653,0
0.029422603,82.39705995,816.6582954,62.1800305,181.822,4292.922,0
0.019422448,88.43617979,791.1662756,40.62034481,220.079,2366.464,0
0.022592265,74.84938063,784.4831525,51.13133587,197.434,3356.893,0
0.023251555,68.61765645,807.2902503,41.31005479,210.401,2405.649,0
0.034499596,76.40840918,819.9227813,59.63805746,175.003,4395.404,1
0.021601241,80.58678129,777.5296084,56.71652548,201.188,2890.238,0
0.008212245,67.81551735,812.3704182,65.43939212,207.193,3322.421,0
0.01913243,79.86425657,827.1997807,37.66691224,216.596,2615.3,0
0.019869429,63.61670357,824.4918065,46.57297573,210.22,3889.955,0
0.022054763,63.55782422,810.1762856,44.51671155,210.372,3237.509,0
0.029060711,68.22499209,809.6275514,50.5280804,197.565,3364.752,0
0.023717139,89.99762653,779.2671206,55.80978267,196.09,3004.72,0
0.036940326,87.74430742,763.2940659,53.3828476,172.648,4767.829,1
0.033268539,70.99681984,821.3374802,45.72908681,196.968,2802.885,0
0.028143931,65.36001676,791.4984196,29.13269383,213.216,2141.515,0
0.023351776,72.74735197,,61.47032653,190.241,3905.815,0
0.023936885,85.51342219,774.1669977,44.84139805,199.511,3142.318,0
0.04113842,69.58694468,763.4208635,45.70215732,193.081,2445.298,0
0.026086242,67.75101058,780.3907661,50.68245887,201,3335.404,0
0.016918609,71.32500251,788.8972975,53.64195763,210.653,3276.956,0
0.026919645,71.00235349,786.400777,40.45878039,210.129,2684.633,0
0.025321044,73.01315292,801.4217006,59.75324799,200.951,3148.672,0
0.030726094,66.98020878,793.4754696,28,215.113,1808.983,0
0.020147616,78.5162513,804.1204051,65.52883751,193.647,3588.321,0
0.020649723,,770.0747218,58.53559577,195.767,4123.289,0
0.014496561,,792.0507973,50.79007471,215.91,3570.68,0
0.028105577,74.54174977,810.7743762,54.99992324,193.553,3061.053,0
0.019215424,62.27870509,812.3051343,52.34763196,203.931,3163.094,0
0.037796526,66.65191254,801.9517912,35.14309695,205.399,2359.515,0
0.023389177,75.09814177,806.6092513,52.67165167,202.833,2524.146,0
0.021127316,82.52108814,740,53.22862628,179.094,4484.002,1
0.022221456,65.79437309,843.5292125,59.08311542,180.963,4065.862,0
0.033216361,76.11336178,798.2274183,56.20287045,191.914,2887.608,0
0.027328722,81.73696092,787.9796236,52.52684515,197.81,3215.508,0
0.02633874,81.42764298,769.1228036,53.07509792,195.1,3152.795,0
0.033524822,59.53801101,783.9413494,48.85923082,198.791,2765.118,0
0.022958591,57.00805371,835.1345982,48.86983662,197.309,3329.102,0
0.025461593,74.73576526,786.0164082,54.90791895,202.311,2553.306,0
0.013918021,76.58541887,802.9042292,39.00150145,220.476,2770.057,0
0.005069438,71.52187335,788.8145327,54.52415161,222.542,2793.828,0
0.018079183,74.87578531,793.1403882,47.35830255,216.634,2735.995,0
0.022912232,89.7436419,763.201135,60.05011002,185.335,4141.832,0
0.024895546,75.7571725,796.7931657,,207.628,2279.027,0
0.012238244,74.80260097,769.7869041,57.02581156,200.518,3350.142,0
0.033287406,81.27347765,822.2342579,55.20158032,188.315,4195.41,0
0.025466641,68.23006266,824.448429,58.70946197,184.898,3617.358,0
0.019546316,75.26845912,824.8662305,50.85836295,203.182,3131.392,0
0.017372862,73.27603585,805.8307133,51.21449517,214.682,2119.88,0
0.023656423,65.30422935,847.98386,59.28174173,192.216,4090.511,0
0.021387305,84.19424684,778.5805186,54.1130407,202.43,3805.885,0
0.021870215,80.04533353,795.7507167,53.89957129,199.935,2876.729,0
0.012547393,50.89143622,780.5627777,56.40721295,203.32,3906.827,0
0.02345414,75.09118087,812.2825063,48.16753159,216.759,3207.286,0
0.02571341,78.662665,772.242185,51.38728577,207.372,2272.429,0
0.016076249,87.34230989,782.2684693,,224.833,1815.098,0
0.026068704,74.85512525,798.9451388,,210.649,2743.155,0
0.019228146,75.37659581,777.4620852,36.8156746,214.604,2791.403,0
0.012864786,75.82516369,829.1870104,51.47384104,206.725,2904.005,0
0.016660411,90.85873732,808.4599247,61.67814434,203.84,2575.839,0
0.028302971,60.06474453,785.767808,53.56748089,199.276,2611.649,0
0.025376194,67.23674684,798.7898148,40.82724227,209.466,2891.184,0
0.018947068,66.72942431,792.1576124,43.348495,210.117,2544.161,0
0.031233867,76.44193535,819.866306,53.01376382,188.227,3592.21,0
0.032576645,61.22278861,847.8881281,61.02749043,156.015,4771.568,1
0.02206807,71.35209863,767.5365604,42.21068036,202.85,2837.222,0
0.035632971,71.67676566,790.2814203,64.5188809,176.996,4543.705,1
0.038557944,64.75493495,808.9306235,46.31043453,181.698,3316.887,1
0.037599535,76.36363642,810.86873,62.67312735,179.212,4080.016,0
0.03068805,63.82836604,818.9813548,55.01150526,184.542,4099.034,0
0.029185235,88.89309663,800.8415586,49.61000168,205.403,2566.969,0
0.014362891,76.04679682,819.367043,44.01808838,214.617,2840.74,0
0.01977277,93.26678598,803.950762,59.95042754,199.608,3425.557,0
0.013721802,78.3699118,779.2125922,58.06801783,204.178,3354.588,0
0.016246625,69.02429105,829.5067759,58.3026704,201.987,4267.086,0
0.017798383,59.2563524,807.2586644,28,223.528,2045.916,0
0.042784121,,798.8386882,55.47820871,190.438,2967.425,0
0.012064358,73.77085947,798.4686798,58.39035583,211.372,2532.039,0
0.025505782,80.41570386,789.2699812,45.99687619,200.771,3001.017,0
0.020515073,74.7284146,825.060504,42.13903669,206.332,2440.254,0
0.022766754,58.54486121,840.7034611,59.77010321,191.242,3582.51,0
0.030832066,,777.6301338,54.98710361,192.652,3096.875,0
0.010897295,88.88669172,796.5710204,47.71719685,218.594,3013.631,0
0.006100202,60.55255248,777.656243,49.95121263,224.909,2746.045,0
0.024969699,82.4880215,793.5348912,43.64706333,211.449,2433.289,0
0.03341207,68.79600551,772.717089,59.44292669,182.521,3906.982,1
0.023305274,80.36036853,813.2780359,52.72108531,194.476,3426.082,0
0.015219828,82.63775294,781.1449414,56.28117773,201.368,3143.763,0
0.033496123,,815.1281666,50.79720735,194.839,3331.707,0
,78.32210209,802.9956799,55.39372265,200.487,3106.8,1
0.019712187,63.84226473,812.87669,50.41248461,205.226,3137.351,0
0.02606174,60.67780171,827.8108866,62.29001153,185.552,3985.298,0
0.012630475,67.12348966,805.1410156,41.27729338,221.362,2830.181,0
0.034315821,73.54964577,814.0193161,69.59288835,171.629,3735.146,1
0.031445428,79.54264167,813.6900874,48.48209841,198.968,3326.04,0
0.027457177,85.96199095,806.3976909,53.31983309,193.163,3585.976,0
0.021566753,59.76566164,787.2933214,43.85636315,205.093,2977.714,0
0.022315043,62.27919767,835.3530837,,206.766,3841.637,0
0.006338852,70.18420132,778.7485779,40.37975649,230,2429.539,0
0.026570209,75.214744,765.9282981,41.41914084,203.584,3025.574,0
0.015914097,83.51430388,,35.9636226,219.778,2971.799,0
0.032899571,66.84965711,811.9465204,,192.345,2841.576,0
0.02326888,66.39485077,791.9274237,49.58962403,206.676,2403.834,0
0.01280842,71.91255929,837.3192244,37.51407495,216.55,2369.513,0
0.029734309,96.26588821,820.9093703,51.4633776,189.519,3310.089,0
0.041213347,,808.559093,39.64418408,187.954,2910.001,0
,73.46572699,805.6664496,59.08612009,195.126,3450.217,0
0.0155939,76.82081729,764.1934102,54.45249634,202.589,2991.174,0
0.034021058,75.01014419,812.6051548,52.74306727,191.332,2996.144,0
0.023259029,66.18678808,786.7911393,44.92245964,211.498,3058.704,0
0.026562881,86.74542653,769.2993544,44.20959965,199.129,2980.664,0
0.022000788,69.84666444,838.1844032,44.20188033,198.744,3045.632,0
0.021727278,69.43426131,806.7874198,49.94523934,202.245,3261.164,0
0.024969274,67.10444194,781.4451767,38.43415927,213.346,2516.529,0
0.015104786,77.30085037,816.1017009,51.14902518,217.307,2137.621,0
0.024744149,81.30049352,824.4810086,48.53356147,202.766,3293.541,0
0.023931444,81.39195552,783.6239847,60.34938256,204.571,3462.26,0
0.028026989,80.67131157,740.9863264,44.85715514,179.084,4233.829,1
0.025819765,76.87287185,792.7578369,69.09743372,186.699,3897.259,0
0.022541421,56.92063607,817.326719,38.68600863,211.104,2430.66,0
0.020114138,67.35221362,805.852997,52.34155668,201.482,2882.22,0
0.024513004,74.7358959,822.134624,43.53854282,201.89,1558.19,0
0.021913714,83.34646134,811.9605881,43.29778703,212.08,2934.12,0
0.025914666,63.95797385,784.6067058,46.85735467,199.789,3227.349,0
0.02882457,91.89139489,814.9335092,52.75552845,188.578,4484.739,0
0.012156045,75.99814973,765.5451532,55.69206207,196.209,3869.034,1
0.026824432,73.78606253,816.0519385,54.74081518,199.065,3398.25,0
0.030184471,85.05203688,762.0677262,58.21176369,179.797,5008.559,0
0.020860517,81.20146646,783.6762373,53.58419164,213.329,2698.095,0
0.025242756,69.37494334,794.108144,65.17440658,193.78,3401.088,0
,86.27124676,767.7845492,59.17314508,194.132,3787.118,0
0.026229639,77.01585997,799.4535778,45.69113874,212.344,2270.915,0
0.019772246,83.16242818,779.51082,50.22067987,193.735,3632.593,0
0.031208463,56.1223672,821.5159683,47.30925816,184.085,3689.53,0
0.014708944,65.11574498,830.0234927,42.72122956,211.2,3818.673,0
0.021295122,73.16135712,808.8695855,52.79324674,195.41,3234.426,0
0.029685102,59.25697093,807.7602928,46.81428986,193.062,2960.359,0
0.02753217,66.36524089,790.3936124,59.71920547,193.77,3440.759,0
0.017996375,68.67725562,833.7989058,60.92944179,189.295,3498.036,0
0.028244554,64.27960921,768.6936957,43.59416323,202.238,2639.119,0
0.022052234,75.48446389,822.2029844,62.23739875,194.302,3996.516,1
0.027707697,69.09768018,,,200.991,3834.953,0
0.032592256,70.87447353,786.1883024,46.75298221,195.283,2385.789,0
0.014928813,90.16248677,778.7794869,39.52534697,217.91,2900.634,0
0.030737495,61.37515098,806.7760212,39.73483382,203.265,2387.064,0
0.027594561,81.81829605,765.2197399,45.54925454,196.153,2974.561,0
0.0138837,86.45397066,817.6429395,53.87482504,195.783,3595.709,0
0.030482602,58.95300179,746.010997,49.85082534,186.543,3751.317,0
,68.0550776,815.6923293,37.48398314,218.126,2470.033,0
0.01917997,76.36152666,780.4481657,42.076129,217.005,2165.454,0
0.029101266,70.4059359,832.0785283,40.72022784,194.008,3021.316,0
0.030486252,60.16987599,825.7145699,34.98803655,201.779,2276.415,0
0.026013887,84.97002958,802.2205021,42.44412735,212.213,2992.348,0
0.020571476,80.19642702,773.3417732,41.5793137,200.518,2415.328,0
0.026801079,65.21975499,821.745643,28,211.234,1981.037,0
0.023146066,74.63138775,808.1832223,50.00976019,205.617,2522.88,0
0.023703101,71.76501445,812.6363857,39.70495663,216.091,2850.684,0
0.025737626,74.34419562,819.6591151,61.06573265,194.984,3537.491,0
0.021436545,93.6860449,778.2207721,52.68349232,202.762,3818.339,0
0.031499369,51.47043879,835.3038044,45.24036389,184.272,3321.502,1
0.027710098,53.38843294,822.1003821,72,184.574,3642.224,0
0.034406469,62.60039098,794.9620677,56.51526587,194.73,4026.81,0
0.025502897,71.72575815,790.6304322,60.55011541,191.493,3832.87,0
0.016405812,61.95188205,820.1080125,43.58258529,215.544,2479.041,0
0.02391993,58.86119645,833.4531646,45.86432399,200.99,3592.974,0
0.026346019,60.48272514,767.8030682,41.22262149,202.519,2817.767,0
0.014105352,81.02333016,759.2058732,47.59772751,204.374,3272.28,0
0.01202919,74.28947767,819.9176467,37.6069645,227.329,2501.156,0
0.028190686,,799.6289093,53.92407065,201.042,3261.907,0
0.021526665,65.23098023,788.6108972,50.04044934,208.735,3473.627,0
0.022002279,73.48946812,817.0079552,45.59276105,218.082,1875.145,0
0.013447224,67.89219905,816.2666432,46.08933045,213.991,2925.67,0
0.025592913,52.00038922,845.3751495,53.53590548,179.588,4030.948,0
0.02860374,84.95596894,812.3457233,50.64425697,203.092,2535.942,0
0.019796858,79.06451448,759.9498018,56.17303536,194.526,3780.62,0
0.019137026,71.42919102,811.0586121,41.80822964,215.248,2830.677,0
0.010987788,69.39440615,771.7325812,51.41760741,213.731,2707.099,0
,57.32161979,827.2256598,47.38713188,194.202,3307.511,0
0.023558853,78.96282379,799.6047321,45.6308819,202.588,2479.508,0
0.017037192,83.48002704,800.4434919,,214.639,2254.476,0
0.028644507,76.14801997,789.7300367,43.65127126,204.564,2727.04,0
0.017066929,69.97504996,,55.56832756,216.726,3294.327,0
0.017664298,64.15653709,837.1441629,55.15505058,207.921,3518.291,0
0.021524368,68.81791147,829.6671424,44.44926123,205.388,2661.288,0
0.017770993,72.66555267,790.9272821,47.05186059,206.524,2994.607,0
0.030183284,75.46959499,796.0207333,50.39113875,196.417,2543.393,0
0.019759685,80.78620663,789.4259958,53.29173085,209.974,3408.912,0
0.014294751,57.80806905,824.5362112,45.15707323,211.235,2734.341,0
0.03114712,72.27665658,813.046611,45.88607484,202.393,2070.237,0
0.035801578,63.25601007,840.9029109,41.01325448,184.563,3640.202,0
0.040259002,71.26060477,813.1769499,53.49964168,169.946,3133.626,1
0.018095022,69.22933952,820.9127271,43.51097102,212.55,3146.815,0
0.015489326,76.24819657,774.8480719,51.48418856,205.274,3138.848,0
0.02002791,67.93063176,777.8590832,54.46770045,193.879,3552.46,0
0.021631311,69.462889,820.7112156,33.88073848,217.602,2272.217,0
0.021940572,77.86105701,787.1213065,42.89410836,214.672,2720.637,0
,80.00221293,779.5639013,37.23889945,218.588,1836.01,0
0.025635679,53.63480143,798.6427713,50.93046818,190.444,3543.13,0
0.030807811,84.72098222,813.4661185,45.73024409,192.071,3749.811,1
0.01890481,68.98668474,819.0086021,41.48301253,216.387,2229.459,0
0.023844338,70.4922897,811.6490362,53.60355643,202.324,2833.483,0
0.028980005,78.31609643,807.0159385,61.90603367,194.029,4020.507,0
0.026994544,67.44839123,778.4430886,54.10017643,192.786,3381.523,0
0.028804133,84.42501814,803.6305366,48.25901906,192.445,3396.492,0
0.016845118,86.76741804,761.5342045,63.42729023,192.102,3914.163,0
0.014292892,81.47016898,740,36.76133305,207.915,2741.557,0
0.021732409,75.32120778,765.2684381,50.68415613,205.073,2878.847,0
0.026344786,59.42224288,827.2549116,52.07008406,195.43,3946.64,0
0.0254985,59.78457902,799.5919159,51.50196843,193.381,2674.759,0
0.013103921,74.88795907,774.9407183,45.76009334,202.842,3520.642,0
0.023752398,86.11546235,799.3523766,,189.897,3524.321,0
0.023411504,81.75450759,791.8666541,43.16895668,212.582,2200.108,0
0.020179816,74.11794648,760.5598281,51.11508772,195.897,3787.166,0
0.028586717,78.2977011,776.3450339,54.99581918,193.753,3593.4,0
0.026745763,82.09391719,795.0188205,41.45089093,207.615,2451.741,0
0.018373356,68.9497663,763.2857986,72,187.982,3572.577,0
0.007848238,59.43799924,798.9007411,52.69839166,212.67,2608.613,0
0.018755042,65.61484101,845.5811163,48.20309343,203.824,3336.172,0
0.024774754,95.15971476,773.3687665,54.13778732,191.155,3970.315,0
0.021764766,64.35522374,791.9764785,42.66909382,206.058,3212.087,0
0.031529923,65.81954761,857.4752607,52.93084364,167.182,4184.091,1
0.027102339,67.33966874,799.1367838,54.37106851,195.918,3179.446,0
0.026964378,69.99992077,795.8045485,40.93554344,210.196,2501.147,0
0.015872377,73.6749769,784.2165962,56.43008201,201.414,3115.099,0
0.012783934,73.03036894,794.1048155,54.41287015,213.077,2918.532,0
0.025925211,69.42263744,838.5903801,58.37028105,189.441,3715.991,0
0.020487837,67.3520418,753.4980403,55.65726029,192.359,4177.202,0
0.020272178,,808.3996669,57.59378083,201.751,3076.896,0
0.020733795,70.83054787,805.0360649,58.31778005,196.58,2875.333,0
0.020764308,74.80507519,776.9304108,55.39080634,199.264,2881.916,0
0.022727405,80.40013721,780.3417031,56.88461599,193.581,3396.107,0
0.023922004,59.0502244,802.4967315,56.39637726,195.393,3401.688,0
0.025430431,76.14335499,787.5312974,67.21322175,187.091,3869.314,0
0.023036322,78.55238163,787.8058511,47.84518129,205.803,2857.488,0
0.01623799,76.34310918,778.9178175,51.89476087,205.894,3370.968,0
0.011749486,81.98842046,803.4390486,46.89580315,214.757,3247.836,0
0.02171564,80.86555678,770.3640642,55.00702316,193.915,3919.989,0
0.022356761,75.35589745,796.6668073,53.05737853,208.161,3636.6,0
0.022273474,59.44089307,817.3074372,56.12591271,198.93,3505.582,0
0.03033649,78.61837703,798.6751695,46.12626387,200.735,2712.483,0
0.016140014,55.34967305,788.2233185,31.5400424,226.778,1920.61,0
0.027493803,68.99676315,799.2848611,58.65827865,198.177,2780.714,0
0.034859763,64.47584062,822.7080258,,180.401,3814.656,1
0.021358444,73.40359665,813.8916508,45.13625721,213.794,2050.229,0
0.030079991,65.38665159,807.5109529,41.11740631,198.893,2369.377,0
0.033732823,77.31609983,,54.8930513,171.773,5135.508,1
0.024275888,68.53641734,764.8672127,52.54411543,200.286,2921.127,1
0.019383085,66.18308031,786.5191635,48.76599586,216.832,2258.164,0
0.029334291,87.1103399,765.4407111,47.81838044,194.043,3677.105,0
0.015176527,74.57970958,817.6196972,55.85775572,205.764,2109.444,0
0.025598341,83.59070949,804.1379355,67.73203367,195.521,3200.126,0
0.019046156,70.46193574,814.0034051,47.96498057,207.229,2600.844,0
0.026726692,76.37614649,804.6956745,58.19544987,193.613,3230.2,0
0.012484014,71.30411613,813.4567589,43.79298991,215.212,2427.21,0
0.005,61.255414,801.8190805,,213.062,3778.494,0
0.023736582,67.79240686,824.607356,56.23137603,190.927,3366.01,0
0.023782346,87.2721318,783.2229782,49.73618196,204.912,2984.744,0
0.020515601,65.91678994,815.2113719,46.27637825,213.483,2226.495,0
0.024191716,67.70997571,839.4680168,58.12541057,196.591,3686.977,0
0.023557997,71.27905703,797.4416567,49.57225217,210.466,2700.627,0
0.020085864,70.84420432,740,43.21718789,192.364,4086.231,0
0.013934798,83.59332017,792.3501767,49.64988009,216.919,3045.687,0
0.023754371,73.16586835,791.919997,53.18840073,203.61,2827.01,0
0.005,80.27221517,779.2907007,,198.658,3976.548,0
0.020948135,75.4176981,816.2684911,57.84193819,200.197,3321.223,0
0.02070592,82.4289807,766.8999157,50.09932028,197.491,3960.538,0
0.026640407,69.44606448,781.9092024,40.55940601,209.106,3102.609,0
0.023429032,85.91382046,755.1202381,56.48411766,185.156,3632.108,0
0.023545574,69.02434921,822.2428582,47.93832568,203.128,2307.897,0
0.01632599,70.14789776,842.5699748,64.65863451,190.324,4809.231,0
0.029394019,63.81188138,791.3328836,51.05153997,198.512,2997.993,0
0.030011214,61.28408805,860,49.60021757,171.283,4867.026,1
0.029729099,68.93665599,798.450889,47.6137054,201.736,3196.738,0
0.016532907,74.97271311,824.7049702,43.70672652,213.96,2553.304,0
0.009876638,68.95515517,796.5197655,48.34570811,227.754,2166.517,0
0.025283038,73.97173106,749.1564354,58.72808838,180.721,4986.361,0
0.011522124,64.06085878,836.9994306,32.40741547,221.821,2542.934,0
0.03924703,61.89948512,859.8726197,40.51446408,152.518,4796.35,1
0.022037641,70.97084917,796.960807,,211.535,3412.934,0
0.031719326,,824.7561245,45.23392887,191.196,3607.085,0
0.032707937,92.72971061,801.2879625,48.56912784,192.238,3771.264,0
0.019512707,68.07815758,794.0171717,55.6283476,206.514,3049.343,0
0.034348868,69.94471344,807.1018161,42.54710271,196.503,3241.14,0
0.020459714,57.78938997,808.5544403,41.91065546,208.859,2899.093,0
0.023951604,72.49539066,793.0680832,50.24994877,210.302,2906.011,0
0.023883022,67.5519341,772.9056142,44.92531785,211.742,2679.339,0
0.031656351,60.84147504,788.7082465,,202.687,2485.073,0
0.030317867,66.83968091,801.8703844,55.44451093,191.464,3711.53,0
0.021097173,60.52920632,793.2777216,56.03891076,191.544,3815.717,0
0.029743198,79.78249236,794.6812063,45.32874267,202.848,2185.213,0
0.012664048,72.61943418,798.4804439,49.60403814,214.974,2956.059,0
0.015371745,78.5341863,793.0564465,30.07856741,225.561,2288.246,0
0.023123108,60.80427366,797.7435717,44.75559767,207.826,2612.403,0
0.02463485,75.10582704,778.1210072,51.58119836,197.24,3811.443,1
0.02271449,72.15347794,824.4175384,44.5626936,209.794,2633.435,0
0.028012974,67.8677095,808.4310004,37.69657675,207.314,2705.18,0
0.020992593,,778.6364908,54.58688499,205.038,3127.465,0
0.02535452,72.75028602,763.5173625,46.36436058,204.099,3395.687,1
0.024602397,73.79953776,814.7981053,49.12807907,195.013,3080.348,0
0.034399046,68.8777751,809.4391486,46.60458427,192.552,2779.943,0
0.009037156,75.60428485,783.9865353,49.73206871,220.185,3002.625,0
0.017174964,75.43082713,751.0730373,54.57488047,192.075,5019.77,0
0.029614569,61.29405755,843.4262038,35.52994248,183.529,3528.064,1
,92.88390256,766.4989823,52.55014296,195.552,3944.984,0
0.022373363,73.3426064,792.2574866,46.04666065,212.44,2993.844,0
0.025366802,73.66631716,785.0995725,51.30177433,202.129,3460.173,0
0.033895354,68.53517374,806.1832358,40.55995772,203.203,2966.924,0
0.025068454,68.53393594,833.8566897,44.46219183,198.663,3372.207,0
0.020679211,66.14788279,793.2411119,46.92233947,202.994,2850.202,0
0.013492956,65.40646175,812.3219328,50.60536645,214.969,2696.483,0
0.024155507,65.11523612,752.6503721,39.84867755,203.643,2650.956,0
0.03469737,86.97649354,779.3363679,44.97149928,186.762,3563.798,0
0.020612966,77.95373216,779.9078982,56.49116024,205.663,3298.064,0
0.015458472,82.53160007,801.4144251,46.41553073,222.28,2588.054,0
0.013778231,69.68564298,837.3943793,45.86007529,215.743,2986.129,0
0.030790708,85.06763196,,53.94129341,186.326,3905.959,0
0.023574153,70.79099951,853.1683871,43.6539834,197.331,4609.466,0
0.022100488,62.56699659,849.9349776,51.12777787,199.297,3549.82,0
0.017240013,66.37463797,749.3315817,55.5988133,191.414,4944.503,0
0.019618455,69.07328287,740,40.14727781,201.752,3874.361,0
0.018051391,69.26673338,791.2929343,42.75946408,204.546,2584.727,0
0.034837134,79.25061944,785.7208956,42.00815937,195.292,2836.236,0
0.024326466,64.89647506,789.0713323,53.64476421,187.961,3414.339,0
0.032684785,61.37891412,813.7036495,38.98697907,203.978,2586.904,0
0.032738633,,801.8670205,57.76508453,192.889,3482.036,0
0.02972767,82.58415495,786.0322483,58.53055021,185.319,4111.816,0
0.019641157,70.8032227,772.1484431,34.84559762,218.594,1960.699,0
0.017539185,72.04406988,766.1362037,40.10655217,207.182,3193.014,0
0.032140717,90.66549948,760.9219134,37.00840659,197.002,3568.648,1
0.025387058,81.37487918,792.5287777,55.69946598,193.136,3274.751,0
0.016281649,79.52604953,841.496541,50.72438815,200.32,4170.58,0
0.025734656,82.73666359,773.5878778,57.28016881,192.689,3671.767,0
0.028291408,93.97584904,836.5349985,49.38622157,186.078,4036.721,0
0.025583534,96.17062547,760.9393131,50.12444287,191.886,3535.442,0
0.026474869,69.57226993,772.52259,43.06201674,211.915,2643.413,0
0.021113196,74.10625713,779.5211705,45.58199384,210.176,2726.938,0
0.024171456,79.50446718,779.8790039,52.44928324,199.204,3217.042,1
0.01030428,67.14020791,806.696382,57.83442629,217.202,3281.709,0
0.020356563,84.58877989,795.4302408,28,217.188,1626.396,0
0.018605238,77.16600111,777.626714,36.95220266,214.34,2587.409,0
0.02367225,72.8604427,828.3032424,50.63190528,201.752,2920.594,0
0.036706708,69.58030336,787.7506094,47.05358935,201.219,3285.107,0
0.021439989,80.76082668,786.7895592,45.70229442,202.884,3010.703,0
0.01978206,83.18573291,827.3994399,56.58284383,195.049,3544.594,0
0.025203892,71.0569205,818.711132,50.46417184,202.957,3420.013,0
0.017603597,74.93439084,799.2584859,56.73295154,209.05,2610.481,0
0.020520541,68.38992757,793.3678593,49.52607838,205.71,3364.644,0
0.026788871,61.74397925,806.69866,48.94808579,201.684,2481.929,0
0.023906741,,777.2605725,44.66979779,211.398,2664.214,0
0.03280899,68.71569987,797.5549101,52.22356373,201.381,2367.86,0
0.01340056,66.54933339,796.5337743,56.83942863,213.068,3305.261,0
,56.41602567,799.5138462,50.42267559,208.152,2515.793,0
0.028625914,64.2453292,805.2176491,61.24548204,191.226,3434.917,0
0.026596303,60.62583016,828.4511613,41.52981858,213.756,3809.036,0
0.026105148,71.30867121,812.336468,51.45597961,203.322,3572.569,0
0.012316024,70.35000641,816.4691885,57.44524186,212.512,3066.617,0
0.027119551,70.40478049,787.7062833,45.19863529,199.722,2502.805,0
0.033749131,73.14310783,759.4309512,64.49940483,180.685,4062.545,1
0.020578837,52.54134508,840.6194928,64.82282611,181.206,4478.094,1
0.029023492,58.65790745,824.8583621,35.47096904,204.029,2128.782,0
0.020879957,76.04194911,803.0450776,56.59841249,206.075,2976.3,0
0.018088912,,757.4611519,47.55692392,204.003,2891.561,0
0.021530224,74.54256533,773.3418404,49.29363515,208.612,2878.953,0
0.017103453,66.28268775,796.2814928,66.53892364,191.756,3757.395,0
0.033957918,66.44907622,,59.65172322,180.111,3398.848,1
0.031179924,73.35288072,784.1935902,42.28461726,207.82,2575.268,1
0.02813478,76.40462629,771.2832522,38.52914924,205.517,3115.435,0
0.017831113,91.5216746,766.6819927,47.43278509,200.185,2859.495,0
0.023687407,70.23045898,790.9814662,44.12900281,215.494,2306.405,0
0.027188697,63.11382643,823.9068473,43.00836623,205.154,2503.519,0
0.023466451,80.38336291,792.1980447,51.6129958,197.749,3420.453,1
0.024519269,76.81639679,814.3579165,57.01932302,196.982,2985.697,0
0.028253967,72.07137274,817.2694868,50.26952728,195.037,4177.039,0
0.029919545,70.44187476,780.7074157,61.84163972,189.361,3308.214,0
0.025346659,69.31681339,825.6380285,49.75887268,199.24,2263.581,0
0.013477326,69.87735248,793.3459406,44.89915521,210.801,3179.333,0
0.027040464,82.43226096,820.2904069,43.21654428,208.222,2443.456,0
0.005596966,84.06877142,779.0611151,46.36044835,220.219,2945.084,0
0.027954482,54.18623066,806.0972566,43.89401867,197.417,3280.053,0
0.031644675,59.28474543,779.4495067,49.34008945,197.169,2892.716,0
,66.32513063,775.3970192,50.48242154,196.819,3422.355,0
0.024297265,91.26844896,788.6603051,44.85655615,207.216,2463.089,0
0.025380841,78.62130736,780.4208291,51.15520778,196.421,3076.454,0
0.017313632,64.9497395,787.9798184,54.18209707,197.595,3527.451,0
0.020981829,80.374514,818.6926633,51.48664213,203.939,3419.53,0
0.028514762,57.46141958,828.6555835,64.73361222,176.112,3797.986,0
0.036648946,60.40541955,796.7964597,64.27372092,181.698,4808.932,1
0.023475327,87.09996792,785.1284671,54.71794044,208.355,3042.748,0
0.024082163,71.61666317,846.8505923,56.31474562,181.819,4341.464,0
0.019189619,61.02511787,787.9085945,38.8428801,213.319,2739.45,0
0.022597512,69.14663859,807.000671,47.68116709,208.862,2736.544,0
0.030135026,61.98830604,786.2247093,50.71262675,192.225,3039.757,0
,58.83579312,819.351297,54.56044475,221.61,3194.8,0
0.025479075,69.56837196,841.7163383,47.72280339,189.48,4242.235,0
0.026243296,90.03314403,805.4569963,48.60286142,204.269,2891.777,0
0.030232011,76.87821954,,40.01219385,194.821,3463.712,0
0.025164824,68.0729265,832.1545087,57.64165684,187.743,3241.069,0
0.030857906,94.67686146,740,54.48945424,168.42,5488.004,1
0.025875812,67.68309597,762.0310524,40.8090332,204.285,2422.952,0
,,806.3202023,48.12412779,203.208,2318.189,0
0.038824693,77.36188715,793.9928539,51.81040158,193.232,3553.361,0
0.028049131,64.60258179,819.0351053,57.29890191,189.835,2838.634,1
0.018957307,63.47115774,825.1886884,49.9559248,201.782,3270.124,0
0.026614241,84.25005959,804.8701041,38.11734969,213.973,1978.665,0
0.025168798,73.22691422,800.6672676,53.94178867,203.064,3208.839,0
0.038032986,72.00139922,778.3898507,64.61088558,184.486,3053.221,1
0.028236582,76.13831365,764.4560534,54.94029265,187.772,3436.059,0
0.030979755,,817.4213596,47.20888862,196.481,2393.312,0
0.022921371,75.31082668,784.5034418,45.29341846,205.965,2790.753,0
0.030416569,53.01149567,840.003335,47.97475008,178.556,5690.688,1
0.017664592,,806.3591752,49.01248216,209.59,3622.229,0
0.030620309,68.45933808,806.6795441,54.27160507,193.007,3010.722,0
0.034292602,71.27229954,792.2129542,48.39111014,190.819,3150.473,0
0.024309034,70.91807067,781.5980878,55.27270149,200.266,2586.708,0
0.029018417,74.97662938,790.8237257,44.74247915,199.664,2682.523,0
0.024407408,70.92363791,815.6278306,51.06585066,199.786,3159.746,0
0.022487051,81.66318665,807.9829468,44.24609473,199.893,2788.739,0
0.016611976,63.54214415,776.3093613,54.3113019,203.993,3499.561,0
0.028050229,72.64487241,773.1542612,48.3347458,201.122,3024.929,0
0.025744297,62.86491898,819.6300469,49.8533238,196.58,3153.431,0
0.022828556,77.24828116,827.6912099,43.89727011,206.074,2310.873,0
0.013247638,85.44057969,778.7350081,50.34017371,210.973,2099.466,0
0.030005882,60.71415175,813.0475769,52.8194318,193.819,3134.228,0
0.020322002,67.49945604,825.5330393,43.41766114,202.351,3665.021,0
0.006893751,,777.7204157,56.8603832,218.091,2790.847,0
,58.62619882,853.7710679,42.54827304,208.61,3226.017,0
0.030717689,60.19183448,811.8422394,45.03886486,205.704,2636.484,0
0.022068378,66.91002847,803.5670379,48.66524409,208.942,2899.493,0
0.030205761,71.10625832,786.3198475,60.23038596,195.442,3475.268,0
0.017463275,68.72049474,796.6294002,43.93216059,217.554,2354.154,0
0.033244491,81.47636369,794.815521,56.46272278,196.122,3384.697,0
0.023496734,80.65423942,789.1833125,54.86588178,193.978,2690.554,0
0.01606787,71.32053046,770.7205081,43.29242921,217.259,3191.959,0
0.012117779,66.12904759,800.1930288,51.21487076,216.994,1867.558,0
0.031702554,74.03398352,771.5350738,44.09448647,204.65,2036.358,0
0.027439761,80.79850531,832.5736516,70.25885787,175.319,4461.846,0
0.024755337,75.3594161,806.299263,70.74861373,179.545,3747.035,0
0.019288599,79.52620299,769.106013,43.73346771,207.443,3237.63,0
0.024290704,51.53228075,789.9819661,42.72276985,202.931,3210.633,0
0.018451593,61.64826255,786.8808763,61.32383773,199.467,3497.328,0
0.026027938,71.31598506,799.1854384,55.87709793,196.077,3375.95,0
0.029095672,83.04523086,768.2603027,53.88560966,200.153,3645.841,0
0.014605097,69.34384331,801.7342335,60.23896107,207.218,2778.97,0
0.036895828,76.36208669,805.3742956,55.06358269,184.872,4121.112,1
0.011938712,67.72854539,812.4395265,45.75345839,220.424,2333.108,0
0.029626179,67.08985799,750.8240708,50.87598793,187.734,4274.512,0
0.030926117,62.77180827,782.8435339,57.09119767,185.803,3723.999,0
0.022781539,65.74841601,798.3551746,49.37678184,199.125,3589.088,0
0.031484612,74.01975909,823.236698,58.16131046,176.903,3083.904,1
0.026741364,83.45712764,812.6306342,46.68249241,207.314,2977.689,0
0.025757322,64.12484088,766.4435708,49.8684938,198.17,2719.497,1
0.015255157,94.35151238,780.6118416,41.49284059,208.975,3487.769,0
0.014246824,78.18061049,833.2530554,59.07949812,205.811,2929.911,0
0.027216937,64.87462803,802.6754798,44.86362513,205.467,3430.683,0
0.023248345,70.02168527,798.7268713,45.83302555,199.5,2310.748,0
0.021787532,70.33472772,832.2311639,46.54787879,201.595,3043.796,0
0.009511681,75.02137127,830.5204526,52.71008669,202.957,3434.221,0
0.027636206,82.79140331,786.7429876,35.55145347,217.793,2153.788,0
0.025413707,72.90400422,818.7668398,57.47749001,203.366,2665.364,0
0.033247428,93.44835242,789.3148135,51.33754285,196.463,3509.07,0
0.012928703,75.77625016,846.2884538,38.80445777,209.827,2945.171,0
0.029650953,69.4854957,841.8101829,47.34855127,191.506,3327.062,0
0.031181028,67.88432144,812.6346412,55.60992117,191.53,3063.584,0
0.022855717,92.54316243,760.8182013,55.03715239,186.991,3975.127,1
0.022853012,74.25276841,812.9566588,33.45335412,217.283,2202.544,0
0.031794548,70.83786959,832.0465278,49.47986451,182.427,3984.366,0
0.010100016,72.49616689,809.2976958,51.63488033,215.785,2748.667,0
0.030144441,66.53413373,783.6539066,54.63465793,197.288,3007.13,0
0.016443681,64.10726379,781.6382687,48.62082146,207.223,3295.436,0
0.030898127,72.15842661,835.4854557,48.22783299,174.695,3718.954,1
0.013314457,82.61092359,769.960133,69.56305408,192.41,4621.111,0
0.011200102,82.27703892,790.0140916,50.09529558,216.959,3012.573,0
0.024983771,85.77594278,816.1686153,41.9251189,214.501,2870.816,0
0.011123688,82.29343823,774.6235438,37.86827674,220.743,2181.248,0
0.029339291,75.023639,763.0946673,50.97414159,197.109,3892.62,0
0.018656376,69.8681317,825.3280048,61.38951899,192.194,3081.124,0
0.028246898,77.47147275,797.4962013,61.68023542,188.137,4108.965,0
0.011869641,81.16103048,846.6863787,40.75204456,211.144,3215.754,0
0.023757739,82.99584966,789.7678075,33.71292138,216.04,2523.239,0
0.014902434,80.57018872,806.9682606,56.77005549,207.352,2931.77,0
0.013398621,72.05000489,825.4310537,39.44035335,221.153,3088.585,0
0.01419574,,805.6910533,43.06786667,229.154,1994.755,0
0.029021192,74.56026632,824.3250747,47.96667011,190.743,3547.023,0
0.029021333,56.0100066,836.3797213,54.86871745,184.429,3650.918,0
0.026613539,75.18835658,801.6053988,46.71109465,204.864,2557.067,0
0.024752178,64.12757159,778.9394109,44.66110553,201.144,2264.767,0
0.017773928,78.42262156,754.8118969,60.34418257,193.189,4761.664,0
0.010082046,85.54568016,794.8701851,,217.163,3016.951,0
0.0335636,60.46654975,795.1608751,49.15318821,202.784,2397.862,0
0.031323322,65.78152894,816.2351749,46.02950102,193.633,2748.432,0
0.023103695,69.94961732,777.3003647,37.85133358,216.07,2189.218,0
0.020326237,85.53156642,811.9182038,40.16028323,210.501,2380.215,0
0.014900927,,833.4010376,48.75365814,212.405,2903.413,0
0.026857445,71.89193277,805.5965961,48.57711237,203.733,3144.237,0
0.030319981,76.62856151,781.3356786,57.09286702,186.869,3322.115,0
0.03733654,75.26991295,778.1383753,56.72829694,183.755,4005.909,0
0.026643737,83.92208179,778.6243064,43.50431678,202.784,2587.354,0
0.019970688,81.660772,821.2458347,54.69514277,208.036,3117.064,0
0.014091508,88.03303585,797.208763,50.61678143,209.37,3371.917,0
0.022087195,61.09155963,834.7869222,59.59014941,189.555,3788.256,0
0.024861756,64.91086563,802.6498856,46.72802966,206.231,2537.371,0
0.025102535,77.35234629,804.8748763,49.21086736,195.593,3191.777,0
0.02051914,82.41282198,782.556929,47.44162125,207.103,2829.935,0
0.035208288,67.67465856,767.7906064,42.60815528,185.763,3223.987,0
,79.23374241,786.4163291,48.27975702,206.339,1987.658,0
0.029837552,62.9604471,807.239535,40.67245007,208.313,3496.816,0
0.026299096,64.91827005,776.8526458,51.232745,200.758,2370.244,0
0.037533997,73.71293098,810.0810963,43.42484979,194.186,2927.889,0
0.021122256,75.6299724,794.0971491,58.1733727,198.165,3401.025,0
0.027531714,56.99422039,828.680666,43.43221672,186.093,4193.007,0
0.033967689,76.97438221,809.8586765,49.62038744,191.311,3125.768,0
0.021074405,64.54218753,825.324247,65.25328099,187.566,3747.707,0
0.023468395,55.37840298,800.9003176,32.46148352,222.093,1691.809,0
0.012795841,70.7339849,787.4897519,39.01448035,223.962,2241.655,0
0.026479789,64.28807631,808.2065731,55.54444006,195.209,3080.411,0
0.023370882,77.25781482,813.180045,49.21130121,212.444,2481.698,0
0.021008734,64.94230116,799.5453283,60.88600648,201.654,2375.331,0
0.015285892,70.69586811,788.930484,37.63768175,219.284,2064.624,0
0.030394326,65.19758775,816.3697811,49.09482742,192.914,3233.527,0
0.01683879,64.0622329,778.6490473,54.23902813,202.621,3867.747,0
0.023032723,74.16413706,806.171339,53.75980202,210.953,2514.856,0
0.022016233,84.70017986,814.7999305,40.35974816,209.149,2286.14,0
0.017294249,72.70461555,764.0042971,40.15272073,212.999,2735.92,0
0.023604536,83.93583729,807.58836,53.39954466,198.421,2941.937,0
0.013171484,57.95896254,787.5074701,56.05387228,205.193,3736.398,0
0.030568052,83.2008223,805.4129171,,190.323,3414.452,0
0.014843842,71.91902554,791.4110709,56.65143792,213.48,2157.93,0
0.024736072,67.87189392,784.449414,41.99662274,208.813,3068.307,0
0.022087151,50.79386981,809.9188324,56.14301133,202.545,3325.16,0
0.033991074,70.57093955,831.7552895,64.18007715,170.135,3746.949,1
0.031187673,73.6532099,803.9264442,54.16952764,191.128,3455.332,0
0.023587788,61.24517888,800.7287327,48.10912082,205.565,2542.213,0
0.025873582,85.04571077,801.0030874,48.34348427,199.762,3034.434,0
0.012530276,65.89974182,812.9522268,57.84259576,214.748,2524.278,0
0.04296589,70.69290814,802.4339345,57.23067712,175.821,3617.816,1
0.028193481,67.68349186,772.7931839,37.63236762,212.336,2172.55,0
0.028256406,74.58955418,798.5476446,37.40651736,218.414,1455.206,0
0.023514696,72.75031177,761.4046595,,191.657,3524.099,0
0.019165325,62.87943323,771.4309344,43.48740505,197.822,4010.583,0
0.015932905,65.63048059,795.6744042,54.61775121,202.28,3050.555,0
0.017350448,70.31364808,783.3235319,52.18901028,211.69,2573.388,0
0.02162823,69.44523274,835.7369563,42.39797193,198.344,3468.95,0
0.039189278,64.32265199,837.2943464,56.06221224,158.327,5145.484,1
0.028578533,77.35150768,823.9358769,53.74718068,194.879,3430.622,0
0.02661469,68.66219712,793.4309074,44.97572875,203.273,2835.847,0
0.028226766,71.50186464,785.1452733,42.04591503,209.09,2584.401,0
0.01378945,79.70837869,791.5148733,57.10624105,201.981,2987.448,0
,59.77316864,801.1062357,39.79076672,207.057,2998.828,0
0.027126285,71.08989912,813.0271664,65.04472263,185.856,3861.372,0
0.02297218,47.27271628,832.4604138,48.70779202,196.201,3962.273,0
0.018840731,72.09207831,860,,203.556,3214.179,0
0.031457365,85.79925664,816.6316574,52.84026346,187.293,3155.543,0
0.01533056,78.84385527,783.787967,50.48380806,208.14,2986.501,0
0.024525934,80.57732877,816.5999737,56.00207599,193.288,4151.534,0
0.024651238,68.22530263,803.6255778,60.58939665,195.252,3578.272,0
0.01143536,77.42175298,785.0657461,45.68968901,218.598,3559.419,0
0.028661355,56.39987209,827.3034645,44.08046161,202.075,3019.705,0
0.036055258,63.77610469,769.5344488,51.7924466,183.792,3038.66,1
0.025737131,80.89891384,819.8887204,44.80924495,207.574,3272.842,0
0.026067376,78.97694904,776.50189,45.31208197,199.939,3118.367,0
,67.87931931,798.6695715,44.47206663,219.383,3124.084,0
0.031004778,70.3461264,747.3192409,52.47586992,177.254,4569.661,0
0.022935666,74.45317111,769.4376376,50.84934554,196.752,3220.981,0
,87.76579876,,49.62459613,198.566,3087.747,0
0.023336301,84.86272283,752.2577429,53.21613485,192.013,4038.563,0
0.020149098,60.70985546,804.2946156,42.22535453,211.259,4015.09,0
0.029004814,78.46035839,805.3343158,62.61092549,189.123,3467.543,0
0.030186398,75.2373386,779.5037251,42.98885089,202.467,3222.83,0
0.026711379,62.64377152,774.4338629,54.68438428,188.594,3658.607,0
0.029011719,65.82484135,801.2447148,51.97915497,195.433,3396.563,0
0.014751012,80.38930134,830.6458808,42.53259454,209.519,3462.605,0
0.02673482,74.90730058,793.0037084,46.72236969,205.78,2490.747,0
0.031611297,64.21321085,837.9496678,,176.997,3536.505,1
0.005376948,70.38012844,758.505006,50.9087447,208.496,3912.313,0
0.03400036,78.91590678,754.8418583,44.28545063,188.299,3295.847,0
0.044032934,80.52465256,797.5571171,55.99534079,184.677,3347.208,1
0.023275313,80.2681341,822.0690681,51.90747867,201.182,2666.854,0
0.018103205,70.62720633,761.6285457,54.48755658,194.647,3557.042,0
0.023737433,65.43495993,773.6462091,59.21184808,190.721,3710.706,0
0.025125351,67.06320275,784.1106598,49.87733869,198.154,3392.503,0
0.028378232,85.7316461,855.0463063,55.84948176,170.653,4887.515,1
0.037337091,74.38888135,779.0709826,49.13067767,180.384,3647.729,0
0.027095896,59.80959672,807.0439005,57.0411942,194.481,4241.941,0
0.017174726,74.25481004,804.234407,49.97177997,217.626,2906.345,0
0.012251445,70.74529722,782.890998,56.10359023,205.435,3517.213,0
0.026605148,71.45345935,784.2956819,60.72800466,193.46,3788.498,0
,70.26406356,825.9036594,55.91602018,187.891,3117.975,0
0.025816138,87.49037691,760.966324,53.9509198,186.021,4032.936,0
0.017922493,73.61692965,813.8325085,45.58431408,218.37,2228.783,0
0.03109894,69.80162775,798.9055703,72,180.903,3517.193,1
0.023841987,90.58621977,789.0258707,36.61836001,208.447,2278.304,0
0.008894658,75.92810371,767.750301,64.21189124,201.809,3673.226,0
,72.6768644,856.0749588,46.5952816,196.704,3803.001,0
0.027105192,63.63826825,820.7891326,42.17776949,193.652,2612.115,0
0.02751814,62.98238361,800.9273439,45.42742262,199.697,3257.313,0
,70.13346679,810.7385641,50.96438373,215.804,2689.897,0
0.024292317,78.15086425,765.9201046,53.422672,193.539,3090.376,0
0.035073297,62.28415661,813.4007888,55.6196253,181.763,3359.797,0
0.036692219,74.93205145,792.4128835,50.28008636,182.912,3305.424,0
0.018694625,70.32679055,824.1181398,63.42358536,198.399,3068.701,0
0.028233067,67.75435463,813.5770663,54.8081783,196.145,3227.766,0
0.025902549,51.83370921,829.8406444,46.50634487,191.139,3378.251,0
0.024165955,62.53610805,814.9111783,49.98364376,207.893,3135.517,0
0.029079908,76.21468808,800.263365,50.62519109,193.303,2875.907,0
0.016821073,73.75627923,836.2991752,45.049197,207.562,3690.338,0
0.022011362,72.09738301,824.2996087,52.04699681,204.521,3798.261,0
0.033295521,64.81818829,795.9947753,32.57794548,216.085,1567.134,0
0.030338686,65.19106706,804.7338088,53.72027116,190.487,3952.296,0
0.020237388,58.03893832,811.5933062,43.98063785,213.637,2513.706,0
,57.51447053,821.7046208,47.46992195,187.002,2869.43,1
0.021342989,76.00756285,805.2694866,,201.024,3681.438,0
0.009987324,76.51060601,828.4550519,45.72613952,216.269,2472.23,0
0.023581178,69.08206262,814.3106644,54.94889521,199.611,3378.607,0
0.030323273,76.11356168,807.6466302,54.83179793,194.272,3177.647,0
0.033204935,64.46138356,781.9701519,67.02760588,186.769,3582.789,1
0.038797641,80.46116114,812.7736735,55.30287076,181.13,2872.397,0
0.021163906,73.83337514,806.0921512,57.57138047,197.051,3829.219,0
0.027473902,62.07330772,787.3710569,61.99639986,194.962,3422.724,0
0.031834914,82.06252179,776.6221631,52.28060784,191.7,3012.406,0
0.016556611,76.32895306,793.3354946,28,225.268,1547.834,0
0.030625561,73.33027896,803.9952705,50.61561598,199.884,3177.032,0
0.040882467,78.95698875,793.763612,39.77305729,199.75,2331.707,0
0.027138238,53.27215132,795.8841243,62.39883717,193.317,3410.461,0
0.027290082,87.09402082,761.6836506,62.36642687,182.448,3929.157,0
0.020433352,72.72537386,804.8656564,48.96665093,214.435,2392.316,0
0.026265074,80.28900668,834.7442056,,200.865,4121.236,0
0.022995457,84.11646298,750.3931827,48.55396444,198.229,3513.201,0
0.027658754,79.08717648,794.1049177,60.96584833,187.166,4030.298,0
0.036434086,61.09299966,789.3808283,39.56239942,198.52,2587.589,0
0.030884507,71.491486,829.7114248,56.40261356,190.269,3128.199,0
0.024522578,74.86414568,806.3707518,50.36450773,204.987,2034.984,0
0.027645093,85.22527681,764.9939186,41.79943643,195.473,3536.289,0
,88.30600001,740,56.58918768,177.512,4675.775,1
0.018705551,78.21460028,794.0097547,38.47838815,220.775,1636.302,0
0.027430874,62.15570534,810.0533929,60.82227966,186.192,3289.573,0
0.032601104,66.7592347,789.5424538,52.42884928,186.038,2843.302,1
0.01738735,58.25273659,840.7736466,45.74725163,210.114,3771.947,0
0.025654548,65.65934867,827.5926093,46.90943045,198.778,3054.918,0
0.02025897,95.52569946,789.0454769,52.29505812,203.792,3333.282,0
0.027292557,63.97286921,778.7549784,52.26872225,202.433,2757.337,0
0.024314648,71.53418256,794.9890243,35.87564905,219.821,1945.942,0
0.031344738,75.27196745,797.3262147,38.82517718,204.716,2635.475,0
0.022818767,69.14709392,817.8117319,55.55446478,205.766,2777.397,0
0.020377118,71.20611316,768.5342215,58.39288598,197.411,3797.627,0
0.037582503,70.32238476,799.0205514,54.66075176,198.551,2590.038,0
0.016431822,82.82521687,779.0332563,47.77576629,207.73,2590.262,0
0.023202772,81.64203854,782.1468079,46.25620165,205.679,2390.809,0
0.020644662,57.90932039,767.9780787,53.10893192,196.266,4055.48,0
0.021208636,62.97385931,815.6183198,46.95628434,208.329,1687.75,0
0.021263586,66.43178508,765.2606054,48.58234429,190.034,3435.428,0
0.029179983,61.74575817,820.6973235,40.39444608,194.07,3479.464,0
0.03430364,61.89330863,803.821978,57.71932508,196.897,2874.063,0
0.025760123,71.20366609,785.6744271,48.75512746,199.126,2586.024,0
0.021879942,74.45751881,833.7308142,44.73645474,203.361,3434.778,0
0.027108685,61.5405229,804.6380647,56.62264145,193.827,3738.083,0
0.025889885,71.42217132,835.6925531,43.53948633,196.707,3690.076,0
0.018299773,64.15250648,808.5379758,70.04067468,191.133,3990.549,0
0.019507559,83.36226933,781.516321,48.14458273,208.677,2355.427,0
0.024937534,69.05859372,799.8798904,49.8388156,207.727,2276.215,0
0.010980741,80.83792806,776.7738446,59.74018179,210.571,3334.587,0
0.025883483,74.97078493,795.3335985,47.70971294,209.172,2594.779,0
0.016935946,80.03306123,828.9924747,52.44307852,205.186,3250.473,0
0.024707272,66.85658449,829.7861048,53.67328776,199.25,3568.158,0
0.026201774,74.42149657,770.6305643,42.71986511,203.231,2903.793,0
0.028018047,73.15971544,789.6772275,36.76641272,215.474,2358.027,0
0.021192184,83.51613666,839.4001392,59.74600433,187.341,4010.437,0
0.03640833,67.42210448,790.9042142,65.99728064,181.713,3146.107,1
0.025082421,71.20643265,810.662824,43.71198456,205.285,3287.763,0
0.030713072,70.26213522,838.8700072,64.10031377,174.343,3895.081,1
0.015546705,70.28219631,776.0475886,56.68340986,204.573,3711.804,0
0.035568361,72.38326864,792.3728216,43.99030509,201.484,2677.323,0
0.025531759,58.50287986,810.5232547,48.97271566,195.003,3361.131,0
0.019573347,81.35780653,803.9003336,44.30751562,217.752,1960.408,0
0.026054897,84.40336924,812.132839,45.55461626,203.384,3714.196,0
0.032372562,90.205706,785.6958837,38.99053658,204.811,3225.908,0
0.023661701,91.63591454,779.7060418,50.92924775,198.357,3167.957,0
,74.61856073,770.5000537,60.41119748,200.312,3822.939,0
0.03223775,79.88703234,756.6045688,53.5779412,186.54,3051.198,0
0.017674672,74.76067534,824.3277673,45.40172607,203.562,3157.38,0
0.020461173,59.36195504,814.5191124,44.8064671,201.899,2884.053,0
0.018827254,73.90054174,802.5102496,49.19978962,206.663,3208.266,0
0.023526925,71.63992169,805.1020805,49.29240449,201.56,3160.337,0
0.020866348,78.91673846,800.1354189,51.13022093,205.489,2816.358,0
0.028319872,69.68929884,814.7847007,55.93804294,187.318,3652.996,1
0.034225319,77.86391619,775.4673587,48.9880952,192.927,3139.66,0
0.023447393,66.74405174,800.275478,41.29400171,202.824,2447.335,0
0.019491976,71.59198532,800.1917723,45.13197376,206.757,3398.342,0
0.031447239,63.94104756,813.6425494,46.40903141,194.598,2712.72,0
0.025615517,,778.4966318,48.34640896,199.942,3965.4,0
0.023099253,75.41592862,765.0080994,55.02807399,192.899,3082.294,0
0.023906612,86.66982415,795.1255299,52.72345145,195.138,3324.35,0
0.030949711,75.06886886,824.2546269,49.78347359,190.143,3033.274,0
0.031772653,90.38681583,790.8595315,46.38683766,198.495,3128.88,0
0.019778995,80.33126703,796.4502589,46.79079452,212.976,2989.974,0
0.026151255,59.8586986,814.6477753,48.55684858,203.979,2552.558,0
0.024416452,64.97073285,786.0653054,43.3512926,207.272,2668.214,0
0.025453949,75.4019565,778.0571854,40.48005213,218.389,1960.343,0
0.027077398,81.39570816,807.0287797,57.75690591,190.435,3296.542,0
0.029142598,67.61701559,748.3058776,53.17326644,176.156,5514.332,1
0.01935531,61.74240472,809.2203829,38.62579365,218.243,2179.45,0
0.033088089,75.30162761,792.2228845,39.54658954,204.546,2726.962,0
0.027050737,70.74537826,809.1022446,49.15276757,203.981,3240.949,0
0.023881328,61.11359515,831.8052155,64.21330798,182.247,3791.209,0
0.031531644,71.94977348,812.7745867,54.89550081,184.746,4389.797,0
0.03507536,51.46230275,820.6946,46.15694854,179.533,3082.056,1
0.019773362,73.62963019,811.2421663,39.66279581,211.276,2288.961,0
0.030087489,65.86572367,827.7137682,53.39688813,186.232,3472.549,0
0.015488811,81.32143983,809.3986289,60.03351803,209.747,2947.566,0
0.026800535,68.03694978,813.4902036,57.12013327,191.091,3425.552,0
0.034502549,83.09451433,800.2693131,56.64724382,184.079,3657.594,0
0.022640686,80.54366108,780.6246945,54.3831368,197.617,3825.498,0
0.029346826,84.42866355,771.449943,55.27126508,191.875,3172.234,0
0.031897915,68.83191119,794.711478,49.13290837,205.825,2973.998,0
0.027575389,70.97626624,810.6631715,67.03568818,181.336,4487.31,1
0.020664637,79.6193691,803.8114473,57.63598611,201.833,3070.5,0
0.020874734,75.84154995,789.3102942,49.27815594,212.091,2809.192,0
0.024147176,54.76727107,853.5524047,49.08018942,183.716,4196.201,1
0.021532834,80.78824099,820.1212571,45.68919215,206.878,3464.152,0
0.028373319,68.43124896,788.7717797,45.53812165,203.008,2939.969,0
0.012527779,65.23821304,794.7025528,57.54267587,216.364,3213.875,0
0.035190563,74.73961401,815.2628478,44.57221974,193.029,2261.186,0
,,777.899943,30.45418051,220.65,1345.31,0
0.033677819,76.22531047,809.6468947,50.63165675,186.993,3059.554,0
0.021500874,70.36860171,801.7897296,53.12903315,197.022,2763.785,0
0.031159867,67.1296013,824.7850364,57.55844571,189.123,4084.3,1
0.022353491,73.09035928,813.2869379,48.86976526,207.827,2915.089,0
0.019602473,66.20402927,812.7255072,61.82777974,197.912,4171.649,0
0.020242602,69.17957117,749.7954076,,189.776,4007.674,0
0.020397138,69.79214254,792.8123246,43.92663333,218.492,1794.412,0
0.020213327,,782.1675575,60.53705392,198.853,3103.195,0
,61.88422559,815.1636643,47.97565472,202.845,2966.821,0
0.023944524,79.32819693,799.1402824,54.14475081,206.914,2636.403,0
0.028125446,68.97544215,844.1499859,41.85936282,188.637,3591.013,0
0.018697136,54.55926368,836.405946,54.71883993,192.572,3583.779,0
0.022802152,81.35115276,793.4000335,50.02098851,202.56,3239.855,0
0.024122108,55.89100169,809.1237819,48.99098958,209.267,3487.335,0
0.018790224,62.6697768,787.3430445,50.41746559,211.099,2426.919,0
0.021866324,63.95353887,754.5455931,47.80849474,198.941,3780.57,0
0.028490968,74.00251021,794.3144665,56.74015769,188.623,3466.212,0
0.025841589,66.96419579,825.3575654,40.10372895,204.841,2366.795,0
0.024071553,69.63452816,799.3289774,58.45157462,197.334,2661.89,0
0.029739638,62.46050019,789.626742,58.42903297,184.045,4166.576,0
0.034600231,64.44876572,751.8341063,42.80134719,191.702,2999.958,0
0.020575864,78.32329617,794.3242229,40.18151246,212.245,2118.671,0
0.037591139,72.27533154,771.4700497,53.17518469,183.605,3795.067,1
0.028144003,,816.8646647,58.30560472,185.705,4676.026,0
0.017417665,79.18011389,818.380633,56.67997951,201.547,4619.638,0
,50.1380117,836.2102107,41.89673274,186.735,3265.225,1
0.00989858,69.9156466,793.7215417,51.43245993,208.991,3470.208,0
,74.25349931,796.2586311,,230,2383.006,0
0.020936595,69.54982571,780.155269,45.18397058,204.456,2238.03,0
0.023955952,82.11935793,794.8668826,34.21189556,214.706,2093.94,0
0.019299466,88.90714336,820.473946,65.1395307,182.44,3704.329,1
0.025022918,75.23088248,807.8972497,58.09365433,205.616,2582.873,0
0.027443253,64.78300476,794.8496925,47.75777583,199.301,2793.738,0
0.031348616,74.60980542,776.452983,48.89470327,187.562,3932.89,0
0.020428612,82.95417774,794.5810611,41.79596497,217.086,2205.284,0
0.0128225,,844.9963966,45.12490942,210.53,3761.877,0
0.017177883,95.75080287,775.805952,52.76057036,198.163,3333.06,0
0.023874766,74.80564511,841.1282603,44.32153072,193.887,4677.349,0
0.018260664,55.82739521,807.6746442,54.96095306,202.458,2881.629,0
0.01676809,78.23312421,768.7606664,50.2711422,205.761,4016.446,0
0.021917685,72.66771553,801.6668114,44.62068765,212.296,3219.055,0
0.023583898,73.83861925,811.400673,46.70100039,211.857,3425.568,0
0.010235443,58.91007154,789.9762978,38.04759808,229.097,2564.581,0
0.019830822,91.39050686,796.9771114,53.30950617,211.996,3100.083,0
0.031797203,70.67670536,,52.853773,175.276,3519.063,1
0.023932613,71.71532183,778.0299306,44.20817401,207.039,2762.579,0
0.016100221,67.10223365,787.5748639,56.75770609,210.379,3159.141,0
0.037980883,72.78643485,787.8263345,,184.13,3529.537,0
0.024581409,80.13324023,785.6354452,47.12380214,215.583,2530.04,0
0.013219648,77.67803918,792.5837558,56.46937009,215.958,2891.773,0
0.015044602,77.58349671,779.5629557,47.65834742,211.768,2696.984,0
0.028208597,82.88395781,768.5101438,58.11737005,187.531,3626.909,1
0.02550027,73.85591352,,47.53160332,202.401,3203.404,0
0.015816276,70.25346265,765.7017142,44.14000721,211.516,2307.901,0
0.019427964,84.52931308,824.7175142,46.72207447,208.076,2939.131,0
0.037524117,55.57402057,770.4465175,35.39751821,198.294,3209.21,0
0.033855141,71.68004116,791.1661514,65.17725551,185.745,3627.602,0
0.019490498,,786.7206258,43.41708407,216.016,2388.672,0
0.012505591,76.28739528,791.9133628,53.32447646,208.214,3389.879,0
0.03741182,76.38514876,827.8121568,46.9545059,185.092,2330.678,0
0.01801325,64.17417839,790.0782212,57.58918166,202.379,2889.705,0
,66.96088466,804.3116331,55.24405715,206.351,3252.081,0
0.030002624,57.28741267,834.0370033,61.16380768,179.529,3377.925,0
0.027304868,73.93137159,764.1304703,41.70988529,205.853,3211.244,0
0.021185084,77.68336802,795.8466929,50.40886567,214.67,2781.305,0
0.017644984,94.95239745,769.7204337,38.40946727,208.722,2981.448,0
0.018893326,67.58067127,795.9837502,51.25808353,207.13,2760.105,0
0.012864416,63.86135009,847.6265028,40.54483056,207.094,3807.265,0
0.032923457,78.56986897,827.3644581,54.90030458,174.099,4468.793,0
0.017591308,85.49689158,785.0819765,44.87968221,207.759,2708.325,0
0.019260001,62.58531333,813.0549148,49.02272903,209.378,3650.485,0
0.027273103,67.5169384,798.7027598,45.81061771,214.872,2225.011,0
0.026963092,68.44152719,799.2607287,51.33358342,205.56,2272.852,0
0.028716872,67.93923059,792.7132741,42.46547457,197.1,3119.944,0
0.024574503,91.26941873,744.6137891,51.61947647,176.541,4452.38,0
0.024032042,78.35986022,793.8770438,45.75183656,205.995,2211.405,0
0.025909513,70.51689935,816.2209266,46.02170273,202.545,3272.451,0
0.022996723,61.51046226,780.0426928,52.91087757,204.653,2708.815,0
0.035867386,72.58878533,809.0743568,59.81780408,179.293,3152.035,1
0.026107064,63.47133342,816.2873848,41.76460092,206.028,2760.878,0
0.020053062,79.75298568,826.7511145,39.01173401,208.898,2915.885,0
0.029328648,100,795.0169323,46.85342043,195.049,2793.728,0
0.023875604,69.56662384,854.5581887,50.82163125,186.989,3603.307,0
0.036968858,51.31374533,818.6828169,53.11365035,181.137,3247.071,1
0.028649741,55.4574929,814.1756812,48.64882951,199.498,3486.871,0
0.024074562,71.47719036,791.3957187,36.21172726,214.205,2416.855,0
0.034244661,72.67206441,778.8688969,51.51433566,190.592,3069.257,0
0.030319874,71.22156235,789.1325783,47.02486879,196.974,3159.456,0
0.023669471,65.28836354,805.7786528,47.31265442,209.629,2513.035,0
0.017202567,56.47713065,846.5125758,46.44946065,193.573,4021.595,0
0.025984825,55.74833277,824.0157921,50.79387593,194.761,3346.184,0
0.018670412,,860,57.21427364,177.844,4604.979,0
0.023680553,79.3060193,795.7122907,41.07554004,209.971,3156.091,0
0.027057291,66.82746788,809.2596897,47.35332009,201.36,3264.808,0
0.018149753,78.66887595,776.0912682,39.9901302,213.002,2959.847,0
0.024408143,67.53688899,803.8041207,47.86031302,202.694,3070.072,0
0.024732103,75.07064087,801.1080992,49.2166313,202.52,2914.736,0
0.037770504,58.73365721,777.4291026,51.99752106,183.252,3459.128,0
0.025237033,87.3930404,814.8241903,59.55731813,191.136,4363.702,0
0.028571179,73.09672465,806.623725,42.15166527,207.725,2330.468,0
0.022963444,73.12704601,802.4028457,38.80879219,219.011,2004.305,0
0.016907868,66.42488398,781.7093292,47.75413552,210.507,2465.78,0
0.024618854,71.18280554,820.7797284,44.82144914,211.137,2912.198,0
0.031807188,75.80681906,802.0493574,49.19511633,202.15,2657.747,0
0.017821173,70.56204362,810.8173803,58.35314578,205.218,3075.932,0
0.008794531,64.63630081,801.3398769,40.42274622,230,1642.484,0
0.016975555,76.19249557,803.0895943,57.00665658,210.591,2798.867,0
0.018700627,63.54671663,798.5912157,53.97109811,202.091,2979.067,0
0.027528576,75.14138493,818.0503643,55.4241958,194.169,3020.353,0
0.026683767,91.65518107,799.9278499,59.4275651,195.658,4066.126,0
0.03243939,71.00147287,773.761659,48.99886036,193.324,3381.291,0
0.017679164,79.92613597,827.9135587,62.13967927,208.472,3071.049,0
0.023520491,66.73022424,796.8153712,66.24856757,190.316,3895.33,0
0.015266585,67.35253214,856.8444389,56.54216468,184.464,4399.094,0
0.026908006,73.86865029,856.7428977,46.21061126,181.62,5030.075,1
0.016112888,68.82897339,784.8975291,50.48266207,214.289,3222.13,0
0.037827825,65.96705543,835.8265544,50.32492923,167.133,4809.476,1
0.022579899,68.53354914,780.9983753,52.04199414,203.814,3139.17,0
0.031674054,78.87190885,785.5213659,50.20743465,192.476,3513.443,1
0.031372126,48.89846223,809.9626083,45.93997944,194.172,2979.564,0
0.026149588,61.95528759,799.9610663,57.36200447,189.551,3408.005,0
0.02999627,64.54898663,791.3519808,43.59531314,206.221,2964.235,0
0.018215916,68.65670948,823.2961726,56.91988,200.037,4522.447,0
0.021701511,78.96636004,750.6299635,51.94723501,190.004,3487.806,0
0.027453233,82.06258453,772.1177003,59.52848367,197.383,3961.252,0
0.021092928,76.93912118,825.8563736,44.21570084,202.92,3346.302,0
0.023691974,66.39882855,797.174728,62.12726887,195.268,3353.14,0
0.023506915,72.0482821,797.1811193,56.94305899,208.184,2598.103,0
0.015099898,68.48225792,797.079233,28,230,1388.086,0
0.028624502,80.97636315,819.6242116,40.05157951,199.563,2509.284,0
0.029549567,80.54541749,762.094955,,176.915,4264.512,1
0.027845083,82.0346138,789.0470269,50.08645748,204.999,2473.641,0
0.01848755,69.41589414,787.3458663,50.76562882,208.399,3573.647,0
0.021876273,80.20249338,808.7447449,34.14556387,217.773,1922.354,0
0.033069041,62.24228258,824.9945773,46.38630152,200.134,2830.186,0
0.011193419,75.85943569,769.7577929,44.82805068,211.07,2587.124,0
0.016856957,70.60010716,796.9369334,45.31972178,220.029,2475.508,0
0.032089641,78.83533422,790.4979366,52.92616638,188.93,3550.871,0
0.025728902,64.83950028,860,51.96446463,176.914,5654.59,1
0.005,70.68047851,823.4311758,47.47230782,221.578,2450.498,0
0.032174931,65.85197042,786.9735063,61.12738985,187.142,3835.023,1
0.005285714,79.00786214,760.172942,38.48167547,217.736,2618.593,0
0.028037265,73.36098186,819.3135019,54.57487553,202.388,3180.756,0
0.019033247,71.74703409,813.996325,34.88922776,218.982,2134.594,0
0.019066529,73.8857706,776.2900885,60.10604504,197.137,3490.813,0
0.02456722,77.0821908,776.2166189,37.12074472,210.262,2446.219,0
0.023149685,64.03628128,824.9322462,51.44656457,194.177,3750.052,0
0.029382853,65.57300249,838.9719157,37.15697003,190.919,3138.372,0
0.037874948,77.81360175,801.9725435,55.52579479,179.242,3439.981,1
0.029532625,84.26979143,787.6997628,49.73051191,195.848,3372.083,0
0.012839417,82.32237662,,61.90191915,198,4035.609,0
0.020904869,70.29766515,786.9294817,48.05405461,207.161,2871.361,0
0.022748339,72.22637662,808.3428552,32.45681283,212.795,2098.197,0
0.023583965,72.22959081,787.8087803,28.78759068,223.118,1308.964,0
0.013054506,70.34052859,789.7984141,39.73500844,214.542,2701.945,0
0.030465013,84.62628437,762.9197972,40.55756363,202.074,2790.925,0
0.017330901,73.26414039,786.2341116,44.97433712,207.312,3127.428,0
0.015450852,,790.1161214,55.62374171,208.524,2690.203,0
0.022004101,85.27934417,758.9970221,54.55077327,196.706,3751.34,0
0.024404529,71.79365075,819.0423537,57.03177392,193.345,3842.628,1
0.028189843,82.86863182,775.976121,54.72493365,196.257,3934.525,1
0.033175071,69.99953066,818.0565347,41.66448785,194.564,2719.937,0
0.017141523,79.29462533,800.6843525,48.7811739,203.232,2940.104,0
0.02341757,71.1039933,826.6671392,44.35743594,212.927,2639.468,0
0.028412005,82.11448716,797.6751247,52.91830156,192.433,3506.902,0
0.023870384,69.00804661,815.6340431,56.12768171,197.076,4402.487,0
0.017544457,58.81950387,799.967516,41.11257981,213.043,2717.965,0
0.010954029,74.21184345,798.6754933,53.53290509,224.822,3358.522,0
0.031347516,84.7476116,777.5720448,46.84100824,192.923,3162.1,0
0.0237606,73.68627872,822.5527609,54.42956555,192.969,3896.518,0
0.026677144,69.44400694,781.1972847,51.00731058,189.414,3166.816,0
0.01621902,75.72850698,790.0828314,46.04182488,221.251,2400.08,0
0.017699599,72.65526129,791.034991,72,195.818,4006.279,0
0.032851071,67.99544378,821.5507306,43.95203537,180.753,3016.673,0
0.017838093,81.3153839,806.4734976,48.03190761,220.966,2080.793,0
0.034394089,72.93097121,803.1725465,63.65490875,179.725,3663.404,1
0.016990076,78.67185515,790.5432646,53.37413653,209.334,3576.676,0
0.018349562,84.91855841,756.4494704,50.41133836,203.055,4165.594,0
0.025537691,68.719609,772.5697357,47.50597394,201.105,3363.304,0
0.013682726,53.71142735,773.2170458,42.91340281,200.747,3317.078,0
0.016714902,78.65938192,818.4026906,40.1901535,210.78,1966.715,0
0.023297605,76.63953343,784.2736635,37.47058865,213.553,2976.436,0
0.028970233,69.60914989,793.2690896,,207.653,1931.327,0
0.015512083,76.85422786,808.9693334,45.68193669,209.449,2373.185,0
0.019950603,76.77414826,787.9738482,51.6831316,209.091,3447.268,0
0.024007628,68.29969203,801.9969249,50.68021997,209.189,2719.868,0
0.017138436,64.40044391,815.6481116,45.95167921,214.842,3023.808,0
0.024744813,69.29312537,841.485241,50.43401156,191.538,3707.276,0
0.019734714,71.95919661,765.0246764,60.84950491,194.947,3972.03,0
0.026424196,76.83921747,776.032366,53.6606256,190.636,3937.27,0
0.02605415,83.5233812,810.5857238,45.15409876,199.899,3001.984,0
0.020330375,74.73356825,784.5644867,57.6733638,203.248,3564.809,0
0.02285978,90.57772237,740,47.17097224,181.806,4842.914,0
0.032917827,82.0713282,770.767281,52.61913928,190.316,3538.485,0
0.016762989,58.6752514,825.6850436,50.54886516,206.071,4056.416,0
0.0310789,64.1280963,790.6724162,44.90460368,203.137,2997.791,0
0.029572737,80.76696726,776.3676002,65.33319946,181.254,3400.225,1
0.023694512,65.86342798,823.2114787,48.30981305,192.788,3673.826,0
0.032235077,68.42154769,826.5860548,53.16762771,180.198,5348.675,1
0.02277354,66.85659581,,56.04266215,199.864,3495.532,0
0.018546531,77.28947991,797.2331408,42.25163615,212.071,3123.848,0
0.036785617,75.80701483,803.1140486,50.77272002,192.72,3863.82,0
0.016380234,75.94514089,827.7808141,44.33593391,220.667,2723.436,0
0.022806586,53.23396543,790.3133337,45.70296353,200.62,2632.505,0
0.021769222,72.31890018,825.1566619,47.04500303,200.642,2872.808,0
0.014100808,61.05572951,809.0982127,62.63478308,203.927,3355.744,0
0.025034084,79.10252679,796.6303149,56.53474242,188.179,4112.445,0
0.015661124,80.61968984,762.5346089,65.31376016,191.446,3842.644,0
0.021603091,62.35581209,819.7098153,47.03217401,206.987,3408.437,0
0.021627546,77.92645958,772.3535518,56.89761559,199.283,2896.113,0
0.012673625,60.45161266,823.9675332,72,195.679,4015.481,0
0.017039117,80.4544483,761.6898849,47.20719363,204.503,2909.587,0
0.017562057,71.02894059,802.03694,64.13140911,203.095,3694.248,0
0.023887055,76.67033645,808.1702906,52.85441777,200.627,2338.377,0
0.031783241,60.81107882,829.9573054,49.75524786,191.2,3023.842,1
0.035721601,87.0999662,758.3446181,50.30248114,186.294,3566.951,0
0.0186683,62.18274005,855.759647,47.07005953,193.302,3157.058,0
,85.1162305,812.4329194,42.85189611,208.408,3447.068,0
0.010960746,83.20007434,785.2353517,29.14879167,230,800,0
0.023495987,83.38564503,773.4219488,45.57499787,202.653,3287.536,0
0.027861717,76.36261118,796.3674962,51.64090502,201.859,2649.27,0
0.030143069,60.18890618,798.094129,60.67581638,182.628,4146.748,1
0.030695378,,792.7949826,45.21046967,198.138,2579.817,0
0.019710502,81.3364035,813.0553386,55.95688611,205.436,3164.501,0
0.015851486,73.75388383,815.7478205,72,199.798,3159.937,0
0.027624383,82.52460995,786.5072218,33.09009873,212.892,1920.07,0
0.029747478,59.99517421,824.1112701,28.29334899,204.419,2634.989,0
0.02736693,64.92357751,833.1198166,64.17200409,185.767,3869.622,0
0.031284436,73.31130158,758.9698037,57.74707446,172.768,3960.232,1
0.034098107,93.19943284,770.0143285,48.68883791,186.174,3097.433,0
0.021569582,75.43915701,823.6188356,58.88555664,188.672,3130.053,0
0.023808364,71.91880287,800.702051,43.21383547,211.26,2360.699,0
0.02440184,81.01279995,793.5803455,42.95795377,213.269,2215.16,0
0.023843793,68.88280333,,56.73693853,202.661,2904.985,0
0.024919124,83.07080822,778.7324959,44.25943052,202.199,3215.697,0
0.028439817,45,824.2735989,52.24268776,182.408,3684.513,0
0.028614921,64.29882306,834.7576356,54.55552904,181.715,3258.298,1
0.011970919,74.058806,802.4514432,68.61170208,206.742,3133.975,0
0.03056179,78.4464858,775.0839445,50.79272557,196.086,3206.949,0
0.028188482,68.9225294,821.7516343,54.38935177,196.588,2603.628,0
0.019713962,71.05174181,795.9138667,43.91891971,224.704,1967.685,0
0.030683505,69.73398689,802.4334006,35.44072253,207.546,2346.332,0
0.025464459,54.61664819,761.5863137,36.80020274,196.723,3231.234,0
0.015084667,72.2833156,754.2353781,52.73414946,193.492,4139.245,0
0.033026584,59.84567684,808.962965,41.01765368,197.941,3033.323,0
0.0280923,83.88274182,800.362631,47.42390877,209.832,2174.48,0
0.014997043,65.74549909,817.582468,58.1657631,204.351,2537.035,0
0.027864133,83.16675982,770.6518032,42.23873186,193.751,3249.607,0
0.028640432,79.44303128,829.5736106,55.95465392,194.064,3253.401,0
0.017441176,85.45145809,762.7704215,53.61596929,196.33,3869.978,0
0.022341431,65.71672301,815.186696,45.61481489,210.375,2458.047,0
0.022489461,68.17547832,822.2419198,50.50782077,202.284,3294.571,0
0.018612025,74.96756195,806.4303051,34.2720853,224.488,1971.25,0
0.029730695,76.47174491,833.0448461,47.75497474,188.454,2577.07,1
0.0107738,73.23006867,788.3687214,52.05569477,215.078,2542.637,0
0.028077568,77.67543343,787.904102,53.27014319,189.68,2983.02,0
0.022646007,70.97285693,817.8668273,40.96477188,217.61,2718.174,0
0.018277089,71.87004907,794.9364485,46.45306772,203.676,3631.363,0
0.020881024,77.60588083,777.0651028,58.60016178,194.41,3531.208,0
0.014652072,59.7285624,826.5988103,46.21649647,210.448,2775.326,0
0.015655175,79.8378768,756.2849132,53.28861788,200.87,4206.438,0
0.031519177,57.90479673,829.7255763,45.49714507,185.919,2531.17,0
0.016302953,69.95331533,817.3624381,51.94010595,211.724,2391.298,0
0.025878451,71.83968892,767.1251325,52.70700805,198.171,3729.001,0
0.033215452,60.96755066,799.3215924,54.49946866,193.635,2770.962,0
0.036064846,62.69965387,797.1186373,52.89221799,182.858,2886.082,0
0.016280053,,772.0187092,50.11214186,202.508,3651.318,0
0.023755474,81.73955859,793.1217776,48.68110972,200.507,3405.588,0
0.023867375,59.5408156,791.8839952,44.91432271,202.365,3237.584,0
0.027710752,68.33791421,792.7433009,48.22022816,204.009,2890.505,0
0.018658791,70.69803449,791.241587,,225.997,2496.278,0
0.019145734,66.56122276,816.4040546,45.89862772,208.612,2775.109,0
0.023415698,75.76372777,799.5564362,72,190.49,3300.778,0
0.027737328,76.42750392,820.3781936,31.38044099,207.797,1934.162,0
0.013652481,59.17969905,815.7037924,35.0308769,210.755,2629.868,0
0.030641605,79.96128667,832.6380969,45.80438869,189.492,3881.894,0
0.024620392,59.55811762,833.3346626,40.91659587,206.138,2785.176,0
0.030103718,77.55639054,799.7472893,49.37703848,198.297,2887.324,0
0.034046076,68.99049441,820.3464503,44.64862764,189.433,2409.94,0
,65.70435831,829.9276096,52.17849625,194.055,3585.586,0
0.014384505,73.90922663,776.9350997,52.01043949,206.556,3688.15,0
0.027506235,80.488726,807.9113934,44.12000185,209.277,1844.947,0
0.028002888,77.71988159,829.2610864,52.29884171,200.24,3543.468,0
0.021294545,74.78883488,811.8515762,54.04048756,204.925,3199.369,0
0.027559279,74.61756615,775.1949362,34.96181783,213.76,2655.121,0
0.021625786,77.73307916,793.962191,44.10199188,210.507,1996.884,0
0.017477554,70.36218876,781.5786331,50.47445389,214.373,2826.239,0
0.025585622,83.29548231,,51.71074214,196.372,3309.763,0
0.01716445,71.52572043,793.4283438,38.82197523,215.943,2268.783,0
0.011314829,83.21020625,746.9746606,42.4421447,215.356,2230.917,0
0.020408013,74.07420015,772.8860946,41.45248955,203.668,2795.091,0
0.028457414,79.27458616,800.4555451,61.1370887,188.716,3717.951,0
0.035097537,76.0737966,829.7996825,45.48338995,183.298,4170.195,1
0.034783543,73.0453873,821.5407352,51.78816502,190.318,2409.596,0
0.030230041,48.67061134,797.5444571,54.47319319,181.164,3085.461,0
0.035004977,69.97010026,810.1722373,58.2684399,188.734,3728.863,0
0.022603096,70.65812521,835.0597323,43.74578927,204.9,2798.854,0
0.019111085,66.97891389,796.9509681,60.8935606,205.282,3456.29,0
0.02487182,58.52215038,847.4543287,44.95604434,193.17,3633.451,0
0.019622866,75.66438882,813.8464393,48.56463313,209.608,2804.696,0
0.033192851,73.61049602,779.6891236,,202.969,2477.94,0
0.032219956,71.51717662,781.8293564,62.53331382,181.903,3305.277,1
0.01618424,69.38512021,831.3345464,48.08825153,211.083,2993.833,0
0.024845728,81.2699913,799.3868868,53.13712174,203.25,2591.218,0
0.024462732,82.35579013,794.4353746,38.87152604,214.096,2265.121,0
0.027955863,72.09852941,792.1496398,56.43585115,198.296,3311.303,0
0.025938435,84.8266359,811.7752243,55.80456124,195.164,3157.699,0
0.031266396,62.44700279,801.6581956,52.03137437,195.845,2977.215,0
0.02344645,68.72959013,,52.61111285,204.191,3155.654,0
0.026489358,69.56203351,780.6541238,54.95571909,191.329,3249.618,0
,69.83434599,780.0449789,53.79436682,196.506,3265.793,0
0.020487098,88.32104007,781.8437441,49.32293953,199.724,3466.662,0
0.029488562,66.911784,817.0101547,54.33193797,188.227,3767.766,0
0.014625776,75.56660487,803.7785155,47.79544327,218.893,2527.444,0
0.039271241,80.68601452,767.3444425,35.17993337,188.244,3161.265,1
0.036403082,61.52370456,819.403612,61.2432367,178.451,3299.223,1
0.022285664,78.79061196,811.9900989,52.95763999,211.307,3489.968,0
0.025609205,,787.6655072,61.99207462,193.364,3960.335,0
0.023721694,82.26488846,805.7912658,46.3922943,203.975,3294.024,0
0.024335857,80.39298844,786.3677135,44.01299433,200.279,3663.05,0
0.034528562,76.39062493,794.5146404,49.1784469,195.555,3311.442,0
0.019383711,71.21162767,800.9606395,56.86898278,200.136,3497.51,0
0.032154707,80.93021937,793.7090292,59.45948058,183.564,3769.953,1
0.035662809,70.14877258,836.393898,55.489217,178.416,4765.494,1
0.027846496,65.76457519,740,50.02854568,180.219,5198.179,1
0.023272493,67.24399402,836.0500726,52.43367257,200.85,4065.928,0
0.019933723,79.60302958,794.1959283,63.4110991,196.544,3918.31,0
0.021631448,90.05324607,806.3881897,58.1032249,195.554,2702.859,0
0.025318877,,750.2183511,51.14014902,181.985,4652.01,1
0.031893222,56.54812106,816.014033,41.17364179,189.141,3613.519,0
0.020968949,67.52508839,762.5414893,31.75614308,204.637,3112.423,0
0.015735864,86.09391915,793.8739527,57.38658382,206.021,3930.806,0
0.021120169,64.38316486,808.8233663,57.39723201,205.646,3656.846,0
0.014078125,77.21259644,773.0987791,51.23634027,200.934,3520.14,0
0.015561741,66.90718466,785.9840466,47.25101749,215.789,3759.688,0
0.024755056,84.54660624,819.2743637,36.0014385,203.913,2520.288,0
0.025859796,61.81767409,843.4696177,47.48761548,201.479,3458.184,0
0.032821977,71.53754378,820.7817956,48.37037134,193.265,3008.384,0
0.031345318,,821.1185341,37.83414931,195.028,2872.895,0
0.019085086,78.84559643,766.3356827,52.59722776,206.731,2869.566,0
0.024922295,78.85087394,815.0350016,50.00971023,207.385,3057.55,0
0.01407161,68.32798568,806.6764846,47.77262651,223.423,2158.914,0
0.024564867,69.03882112,838.3246339,46.85790368,200.026,3096.065,0
0.032861702,69.51835131,805.9734953,58.08050542,191.286,3513.261,0
0.031598527,82.97673625,829.6619614,58.7704385,176.559,3742.119,1
0.017842137,61.37601605,812.3154191,45.13060207,207.48,3105.557,0
0.02026012,61.98144166,797.9872201,57.70166732,205.136,2939.254,0
0.017313283,61.44397774,780.2015438,56.57934374,198.304,3499.94,0
0.029738767,61.47987294,821.8082472,56.68483745,188.391,3558.779,0
0.022237331,,777.6587362,50.28398848,211.869,2424.406,0
0.032608082,89.20877266,766.0901271,49.65413132,192.149,3739.453,0
0.02222918,78.51188656,830.7149492,53.79578483,195.595,4325.15,0
0.023745707,75.40991391,836.9237222,48.45135281,197.144,3627.849,0
0.034000946,71.19710074,798.7271704,40.09793723,207.175,2542.833,0
0.029606854,58.14080919,858.2182014,53.36731853,162.763,3821.035,1
0.030741714,78.23830279,845.6474755,64.2909185,177.904,3788.469,1
0.022435551,66.69922519,798.3854178,57.02600931,198.243,2915.918,0
0.03322953,55.80242661,792.2563477,57.07990118,185.9,3599.164,1
0.025953196,58.9086918,786.0435488,49.81425903,204.644,2219.187,0
0.029686945,76.83258889,795.4497178,51.15780328,204.366,2939.565,0
0.034966902,61.93440367,859.2959848,43.36056985,166.66,3365.556,1
0.019504509,70.76206563,800.0043182,48.50662638,208.096,2266.286,0
0.026057224,61.89211893,822.4686664,41.89540183,202.608,2547.768,0
0.01135085,74.5641458,801.3240663,57.66120037,205.211,4042.598,0
0.027322166,76.00903939,818.9592871,51.91786889,204.235,3557.689,0
0.029023165,83.46526781,752.8279463,,175.395,3750.27,1
0.020083505,86.18768168,756.0425333,61.57210465,180.072,4700.859,0
0.014804846,59.23304601,820.0021357,44.62754281,213.729,2840.41,0
0.019036882,72.5405173,809.5291589,56.85072686,208.859,2605.072,0
0.02977883,83.20288775,828.7348518,53.02100742,185.505,3221.721,0
0.024257323,61.98370087,782.4099883,52.38941789,196.192,3496.013,0
0.022225653,76.79323716,767.9777328,51.17497325,204.256,3522.622,0
0.015287937,74.26049723,796.0753459,35.67013784,220.309,2356.868,0
0.031712341,63.00944486,848.4863217,50.24050229,168.461,5782.464,1
0.018315152,51.87898444,847.1534481,60.09831316,189.983,4790.332,0
0.009089325,,805.8524871,45.12902261,222.727,2047.314,0
0.018532704,66.05726435,847.5190472,45.08048159,205.091,3497.974,0
0.017337672,70.00096856,808.7473742,47.93323248,216.152,2805.733,0
0.027525337,78.58952228,759.8317273,55.77431686,188.58,4306.643,0
0.020733032,80.918746,777.8091033,48.41960931,202.51,3265.105,0
0.019742678,79.05609909,755.2113119,53.01189884,197.388,3646.953,0
0.011116179,73.20552082,779.1174338,53.95785303,208.997,3378.709,0
0.030156028,79.0895674,823.5329802,61.39048566,179.473,3779.542,1
0.033249507,58.31429286,789.8642795,50.95185373,192.751,3091.251,1
0.011190542,61.01912531,822.8806841,49.25809741,203.23,2681.9,0
0.010258772,67.1968008,818.0563487,50.62041592,218.791,3410.62,0
0.021327327,71.3293404,789.5257592,46.22822445,217.155,2309.69,0
0.023508325,73.94290882,828.826449,53.90891758,205.283,3986.738,0
0.029907424,71.24231984,792.4564452,43.05797098,207.052,2910.76,0
0.0159618,74.36388056,768.2661554,54.49111651,202.943,2880.588,0
0.015444399,71.12764584,775.6704449,47.44653164,215.067,2379.75,0
0.020874497,69.95970827,809.3023406,46.02522507,204.934,2835.116,0
0.017000839,73.90043036,786.2235283,64.23065429,203.072,3309.235,0
0.037989396,70.94736419,781.8057428,61.09108659,185.059,3440.827,0
0.035616597,,816.7141185,55.2669723,185.145,3316.992,0
0.036253997,63.01524816,794.8261922,49.00214377,187.157,3484.885,1
0.024978381,75.19107998,801.1106964,37.5174259,218.064,1272.12,0
0.02066853,72.35870676,788.5694401,49.26935635,211.542,2960.156,0
0.032402944,74.02034099,775.6730432,64.97732193,177.673,4367.814,1
0.019586061,84.05914058,763.5310901,39.73216575,206.209,3296.244,0
0.032402733,83.82643185,798.8569013,50.17599928,186.908,3612.445,0
0.021592378,66.90077428,797.1824753,47.21181185,208.116,3313.571,0
0.015908223,66.2175764,823.9804054,,202.271,3445.472,0
0.021576429,70.80762883,801.3143615,62.0072496,199.365,3375.422,0
0.023866144,70.20254002,803.624,64.19530625,193.466,3744.549,0
0.027267135,72.65460109,789.0452847,51.61910628,197.759,3367.232,0
0.017228316,58.86418152,791.0222406,48.48087253,211.502,2553.17,0
0.037786853,66.28916887,815.6865632,54.27669664,183.118,2941.056,0
0.015700004,72.94617854,753.9250598,36.19979096,213.661,2899.031,0
0.010904264,79.04852742,802.5093225,47.58030313,218.868,2835.566,0
0.030259038,63.14665591,802.0072993,50.04509478,196.262,3320.956,0
0.023846668,69.0065659,,53.75355273,201.332,3197.781,0
0.027504992,58.01557703,826.0817755,49.38233442,199.482,3024.856,0
0.034354156,83.93637288,840.8348101,49.35050545,171.522,3937.775,0
0.022544466,71.9349784,797.6317976,47.15827271,211.525,3280.584,0
0.028627019,81.30071083,769.2024878,45.84218494,197.564,3266.54,0
0.029737092,78.14130449,786.6186868,39.72078516,204.23,3045.83,0
0.020969662,74.14482666,843.5737623,37.88555006,203.973,2828.643,0
0.025291842,67.70968082,832.5130634,63.39180012,186.161,4670.75,0
0.026352746,62.63546348,810.4104879,45.72748352,195.055,3908.868,0
0.020585771,,753.8052547,54.05990549,189.93,4270.345,0
0.012291657,61.03479301,852.5254926,37.67900272,206.91,2508.052,0
0.031222086,72.65378971,809.6195465,50.70909401,199.183,3207.914,0
0.01637275,75.79690087,794.3019544,43.74525733,212.764,2478.495,0
0.012204526,69.8252531,801.5705621,54.68931438,213.814,3183.429,0
0.019466766,73.01285955,794.5585998,43.9885501,212.539,1942.278,0
0.017973269,78.76454366,766.3894647,44.89198774,210.629,2628.761,0
0.014732662,81.18898531,787.3108398,57.48338313,209.605,2945.185,0
0.024615036,78.70221593,798.3652864,52.66423811,200.111,3438.741,0
0.019115112,86.68097485,,66.08240887,182.974,4625.816,1
0.023430764,73.85373257,781.1631773,28.20607813,228.202,1352.566,0
0.017540989,79.1566937,790.3909895,53.50799177,204.468,3430.709,0
0.019315505,76.00310616,826.1023821,48.81117633,204.127,2773.52,0
0.041901309,63.06441868,790.1480009,,176.875,2757.847,0
0.01770672,70.44043685,820.2045771,46.95590547,209.839,3414.483,0
0.024581208,62.71269495,802.8131713,56.54719455,204.393,2990.399,0
0.029495645,85.25349508,772.9667946,39.08729057,204.296,3412.479,0
0.020364464,79.66330451,792.2928302,54.99035496,201.267,3008.326,0
0.035727334,72.29024067,812.6660288,57.13817474,183.923,3307.257,1
0.0360266,59.20365149,785.369827,43.20571575,191.569,2321.502,0
0.032999245,71.93473244,814.6212534,42.16271591,192.153,3649.676,0
0.026420632,56.49365176,790.320096,43.93068963,196.751,3345.237,0
0.030133808,57.74355937,815.9664004,,189.878,2657.431,0
0.035792095,,766.5480677,,188.893,2953.297,0
0.027719112,62.24872483,,54.22951839,201.207,2713.115,0
0.017816189,76.96024307,797.0746561,42.97209183,216.593,1986.943,0
0.020482699,74.98804995,822.5700681,40.3897896,210.817,3600.575,0
0.014139574,65.85611074,822.03176,72,194.302,4818.277,0
0.023374484,75.36150626,749.0512722,48.36466483,198.568,3500.912,0
0.02336621,64.98076543,806.0063713,61.24718736,200.289,2637.983,0
0.026580422,73.45517196,852.2674172,60.3749294,186.431,3619.989,0
0.026883562,,794.8868623,32.31328543,215.188,1962.935,0
0.028545254,73.7779502,793.992698,57.72491652,193.994,3140.669,0
0.021819509,75.71183004,808.685833,49.79172686,205.287,2820.26,0
0.025630661,88.23391869,788.0372091,56.76033971,198.143,3673.815,0
0.025206682,77.91688579,838.0708977,51.98255727,192.55,2848.369,0
0.02674166,77.75134437,832.7730114,49.20623973,195.222,3801.506,0
0.026663986,68.08095019,789.4328795,47.99962102,195.563,3539.1,0
,72.04564676,840.1948837,,204.29,4198.298,0
0.020921323,73.62457097,747.6207367,47.87612925,188.274,4111.55,1
0.022360112,55.82555746,857.016232,57.14228724,172.503,4865.744,1
0.027982637,61.30667283,793.0787768,38.22768454,201.851,2532.458,0
0.020689245,63.63565686,804.2106672,61.92200855,197.229,3209.578,0
0.025693467,,763.4194635,45.8111421,196.814,3548.344,0
0.015071914,60.79809296,829.7874098,48.21308519,214.27,2452.895,0
0.028690248,,827.2420945,61.91213988,184.474,3001.508,1
0.024204159,73.54618902,796.6163135,54.9468175,196.879,2899.306,0
0.023894166,67.15242114,817.1749849,50.87777827,204.759,3514.598,0
0.024687609,68.50195957,818.5894222,36.31270497,212.508,2691.727,0
0.023624415,86.32864134,782.5140862,68.45239595,175.439,4287.716,1
0.02045422,79.34593241,805.5751473,42.5796456,213.231,2532.317,0
0.033675887,75.14577456,806.5189691,49.14336846,194.76,3027.129,0
,61.73747102,849.7941103,44.37801943,195.02,3068.258,0
0.028430218,80.69306293,766.7301302,50.22847856,196.508,3326.602,0
0.027329928,61.58741079,826.4477047,52.08182139,195.31,3593.131,0
0.032996637,57.61200011,812.8203433,55.95101749,186.464,3279.231,0
0.016935726,67.26126476,775.1140814,61.85293495,195.357,3335.624,0
0.015519337,77.93007052,,,210.425,3819.022,0
0.019967316,61.14167001,825.7545431,59.6275754,193.576,2886.196,0
0.023837466,67.31069641,766.1567458,47.52033813,201.627,2909.723,0
0.02681535,67.16226386,838.32812,35.00953829,205.198,1856.477,0
0.020072735,60.84671129,802.5741538,48.84089302,208.284,2477.093,0
0.016481273,90.5791084,771.0302543,,196.256,4063.419,0
0.018408074,68.77420453,770.0991022,66.13642049,199.707,4124.868,0
0.023628179,79.43990658,778.7296679,47.30828597,202.671,3481.073,0
0.035728085,65.5629472,845.620061,36.58464273,176.577,4831.16,1
0.018935249,67.28646773,832.0681139,43.32490396,200.476,3388.714,0
0.025583618,80.14650962,783.9063559,42.91174028,207.175,2637.748,0
0.021088396,74.7572205,776.2540351,51.97860336,206.81,2564.551,0
0.020367795,76.42196637,786.8278641,56.28717439,203.84,3202.481,0
0.007784942,73.85509833,764.6075141,48.52589782,213.838,2933.366,0
0.026608695,58.3327617,795.4674011,44.46634672,205.823,2693.877,0
0.026790771,81.18032478,808.9597058,53.90880153,202.486,3143.976,0
0.018609301,64.64349267,815.4458441,37.25531599,216.44,3203.259,0
0.021885482,62.2584936,780.7206504,48.52124269,199.632,2815.722,0
0.030283429,64.13751957,793.1489433,44.12221009,200.164,3201.909,0
0.019633134,76.30122517,759.7021251,59.83480499,189.947,4068.809,0
0.035876488,75.59020164,769.6116258,53.80039914,188.32,3480.661,1
0.028148254,76.03707489,811.0800701,47.70195454,197.894,2940.059,0
0.034617069,67.59420681,791.4621062,43.90536996,198.961,2636.887,0
0.016302586,63.55261935,801.5554815,52.44722851,211.027,3380.185,0
0.028265557,68.59032053,813.7079692,51.44502405,192.237,3265.005,0
0.03680995,66.86420667,820.0265117,40.05686027,195.303,2962.088,0
0.023965281,86.15532774,787.7528084,54.24792101,199.351,3252.974,0
0.022936973,71.48506433,800.544758,63.61066374,195.599,3715.53,0
0.014547506,74.0787785,784.5674222,60.36441487,208.928,2503.105,0
0.022107081,66.39756226,841.373306,42.2722641,205.005,3811.085,0
0.02224115,76.86832871,769.7513736,51.37139369,199.044,4137.824,0
0.022200273,57.87743653,794.5115835,57.59104951,197.014,3793.857,0
0.022476999,81.63371212,808.2170852,57.94118699,204.962,3413.095,0
0.021030995,89.94958986,763.992195,35.03428196,216.513,2456.807,0
0.035226355,52.28307634,816.5242339,35.06592129,196.33,1975.884,0
0.029356808,77.77092412,750.7886683,63.11122279,186.736,4224.402,0
0.032336351,68.58531443,817.9383605,42.91872567,190.25,2750.183,0
0.015020208,78.04211067,760.8913704,48.65547561,203.223,3912.471,0
0.015230615,62.74324334,791.6352205,57.78901899,210.247,3568.995,0
0.027572081,74.15139037,828.5335072,52.63784056,198.152,3627.684,0
0.029876648,87.20158688,789.8883871,44.85999222,202.273,3312.066,0
0.037862389,67.18886236,805.5654614,71.84066083,171.119,4895.175,1
0.016689089,75.20559767,794.6604763,63.01271947,191.925,3676.444,0
0.030136222,74.06452071,781.489465,39.27020071,208.341,2111.305,0
0.022938355,63.01610904,781.3279004,42.91077184,208.177,3323.17,0
0.029761658,74.56241855,818.3279787,49.57126095,196.359,3152.528,0
0.011602034,75.85371791,786.4281173,40.55853852,222.285,2986.539,0
0.02581824,69.00046619,830.0651903,36.90558653,200.022,3882.349,0
0.027309259,66.9689317,833.4132094,46.77565761,182.227,4513.413,0
0.023796135,84.69894906,771.519446,46.20542715,195.841,3360.227,0
0.032290145,54.75578386,813.2354503,46.6596689,195.77,2443.435,0
0.011544669,80.98745131,775.0467616,42.94240242,211.15,3133.959,0
0.028235831,72.41044084,800.4699001,38.36399225,207.226,2255.52,0
0.041365634,70.06244419,793.1464596,41.09343797,194.88,2472.282,0
0.028346692,74.83276345,852.3946221,57.33712814,173.456,5019.84,0
0.023970645,67.84506008,747.6679205,54.58862476,188.573,4311.031,0
0.024116193,68.91501383,791.5008651,54.63735864,198.858,2647.714,0
0.014504148,82.4277323,783.8834847,49.29495393,213.866,2554.739,0
0.031066431,67.36264285,799.9654678,53.59098812,196.788,2718.666,0
0.030918328,,783.5642735,46.85166005,200.169,2900.728,0
0.040308089,72.85325419,800.3084539,54.1981032,183.607,3607.422,1
0.029402866,73.86657257,740,62.0792326,176.32,5013.646,1
0.035684127,60.91201888,789.7500356,46.2878708,194.153,3464.038,0
0.026187715,80.27046284,740,53.05062964,182.432,4546.589,0
0.015520662,62.58143485,,48.10875606,203.761,3655.056,0
,71.27517816,770.2029458,44.18574356,193.163,4225.715,0
0.023823871,84.32263235,804.4500159,52.88686881,205.669,2310.293,0
0.030786598,76.64143943,782.5784479,58.81791513,188.639,3330.528,0
0.026927122,59.722131,787.4362507,40.69630113,207.282,2745.663,0
0.022603428,68.94459811,802.8058454,,212.509,2357.258,0
0.014685191,72.75682499,782.7434849,61.39634088,207.133,3292.996,0
0.02148884,48.4690983,769.5639029,55.44248656,192.873,4208.414,0
0.013631451,72.08495408,820.8533416,46.8764195,217.108,2603.349,0
0.02681834,71.99127982,803.2355552,62.22443288,188.99,3802.62,0
0.031088551,58.75325787,860,43.48009325,166.779,4108.189,1
0.027836378,63.37158991,778.055704,44.51842262,203.212,1951.128,0
0.027760691,,813.1434615,46.716141,197.119,2519.925,0
0.021997114,60.73917523,799.4798486,42.20426225,210.643,2854.367,0
0.013323185,65.18911522,805.2385847,51.00832244,218.54,2295.155,0
0.030884228,,816.7069605,41.6674109,201.304,2904.862,0
0.036078761,75.38591326,794.4943805,44.78939449,194.111,2520.257,0
0.01819222,65.51207522,818.6428482,56.76808954,193.642,3823.926,0
0.025324479,76.18011745,758.8057726,55.82791449,192.713,3346.443,0
0.016124299,88.22428419,810.6245261,38.12850517,219.114,3623.835,0
0.02596102,68.91759506,822.3290831,45.43829819,206.265,2693.258,0
0.022739969,73.55683559,763.1007048,49.10226408,200.946,3516.001,0
0.024455571,73.09827338,770.7948928,49.66464604,204.145,3136.677,0
0.026322866,60.99006802,794.3886602,42.26333976,204.041,2651.931,0
0.030353276,75.62280172,781.0247998,67.44915471,179.085,4173.768,0
0.026131932,76.73000734,790.1869685,58.77123823,188.69,3533.455,0
0.027137587,62.54127813,860,57.49573854,176.285,4971.433,0
0.022561561,,800.6236248,51.31344572,209.08,2835.362,0
,68.0968072,798.0702606,62.05587085,204.479,3268.502,0
0.038144099,71.18901026,787.6329164,46.91200718,186.246,3358.598,0
0.023650164,74.76501861,785.2737585,53.9181915,196.861,2890.533,0
0.034309765,84.38894826,781.1341943,51.02582155,181.177,2973.301,1
0.028379869,84.59508939,,46.73722644,195.348,2874.815,0
0.026969714,65.88895881,828.0591033,58.42342418,186.595,4095.238,0
0.029326809,60.20062992,812.498327,38.92870657,202.263,2724.895,0
0.021733098,75.16926658,769.9227811,70.58401,189.523,4228.362,0
0.026631103,73.30126436,771.7369964,41.42382885,202.563,3145.178,0
0.026562238,82.06825332,824.9733651,62.58131773,192.151,4999.037,0
0.028265938,57.4470966,782.5717076,55.96486382,198.003,3470.532,0
0.013856234,67.77633872,767.5077491,60.89268856,191.354,4607.297,0
0.025126853,62.87126293,774.2781757,43.41520044,205.326,2098.833,0
0.027676809,81.51244026,764.5460362,49.89373437,189.218,3688.585,0
0.029659072,84.01306782,764.4098875,,203.641,2152.041,0
,58.83658713,784.4289555,47.5268621,200.23,3023.386,0
0.015281273,67.64827117,765.6211732,37.99954416,223.943,2699.349,0
0.032272351,67.49720614,785.2651586,52.61032874,194.988,3028.504,0
0.023564554,80.88864169,785.6698335,50.12302379,199.141,2770.019,0
0.026810185,68.25643818,814.1130138,63.32989501,191.676,3296.304,0
0.017402367,87.86112031,760.9154742,57.62025976,188.993,5040.006,1
0.037277825,72.42244478,771.061181,46.1650684,189.475,3160.339,0
0.025157988,75.5748414,801.741763,54.4823668,197.951,3192.829,0
0.021836,71.65662117,805.9767554,63.63899142,198.912,3600.229,0
0.024334253,55.41261627,818.1474153,39.14606662,212.115,2070.672,0
0.032281412,78.25898117,803.5774441,42.67152158,204.9,2117.26,0
0.021225799,64.30155423,827.5431837,68.00952631,187.458,4720.798,0
0.029231392,84.26822112,786.2686395,52.55742906,197.14,2988.077,0
0.019855468,54.32563475,842.2276655,56.62074646,189.62,5347.073,0
0.036799777,77.18892542,,28,201.822,1977.02,0
0.026866739,78.98446079,847.7382193,63.92851164,166.833,6538.841,1
0.026959707,97.57372209,782.2965673,56.16586679,187.423,3437.718,0
0.029158244,70.3837409,792.7415493,51.68243508,196.258,3121.577,0
0.018488786,88.62492134,740,29.50649257,206.975,3326.311,0
0.012832778,71.96019967,843.4075915,43.34831829,216.161,2971.222,0
0.02077188,77.43272538,747.1482059,43.06776023,198.135,3024.441,0
0.017147347,76.0881758,817.2631133,52.60332707,210.142,3814.824,0
0.022926836,84.47548636,811.8272624,51.42377726,208.005,3119.857,0
0.017641895,74.24864166,795.0796226,56.2880132,202.31,3408.952,0
0.020065573,81.74134813,815.8193051,31.22563451,217.414,2160.325,0
0.020301957,67.66977077,831.1974448,47.63425532,207.616,3105.12,0
0.039421545,86.27954169,771.0967527,52.53274913,185.077,3622.237,1
0.020399456,88.120351,769.1258668,46.0379264,196.707,3419.326,0
0.024906429,,793.4158647,43.76662953,211.191,3045.774,0
0.02273438,63.71311533,785.3298384,35.22016802,221.705,1710.356,0
0.012059056,68.62186639,800.672884,48.1375154,213.488,2970.85,0
0.023389156,74.53159474,770.3044913,54.44180651,191.09,3177.076,0
0.020977431,69.19357875,784.8577686,49.68853824,205.959,3428.655,0
0.029778258,76.11577339,777.9179125,55.86547021,196.047,3046.646,0
0.020466757,63.07703231,785.9716796,51.26006213,190.748,3536.105,0
0.02725177,65.5381247,786.6542161,51.80312738,197.031,2999.322,0
0.019615616,60.5301656,841.8688117,55.02006223,193.18,3419.638,0
0.01451449,63.3133961,757.5341487,47.46336739,202.803,3540.429,0
0.027241839,72.9883752,775.550902,72,178.468,4895.4,1
0.031755876,78.46161535,759.5596387,41.27801806,187.337,3955.807,0
0.036526045,67.19358367,780.3408566,68.0165502,178.281,4056.563,1
0.028414891,76.64502759,785.2381336,49.05465418,198.911,2819.826,0
0.033101535,68.89818722,793.193547,49.08194291,200.092,2952.339,0
0.021957888,83.26459015,754.9289056,42.70495083,201.241,2826.065,0
,81.85558541,,42.73699989,211.722,3239.317,0
0.031282188,66.39066525,827.4621603,53.21611314,181.735,2920.597,0
0.018574891,84.5534986,802.2306013,37.09442194,223.073,2567.999,0
0.019663652,76.1057622,795.281057,28,227.707,1419.001,0
0.01405337,56.54795732,,29.89943464,227.7,2606.767,0
0.01950796,76.67426954,810.6968788,67.81765951,188.931,4247.794,0
0.028834789,84.27442813,773.3072242,52.95804718,198.485,3864.805,0
0.03642239,89.11479798,756.8824357,33.92522146,200.784,2747.328,0
,75.95515425,794.5891751,60.11783397,193.558,2845.468,0
0.024014585,66.04212383,817.9051602,,195.176,2904.733,0
0.019195376,70.56190068,794.1150835,43.38864954,218.998,2052.437,0
,70.88855395,799.1403937,35.76681074,218.23,2292.868,0
0.016745354,62.66903497,843.840403,52.28961137,199.198,3740.361,0
0.016418854,88.17136755,740,39.14035426,195.334,3594.672,0
0.022828265,83.18776118,791.0859095,50.7462338,202.344,2620.647,0
0.019696779,69.57615414,817.9105295,56.7908108,206.918,2552.869,0
0.033827581,73.0398489,795.0248558,56.62647809,194.863,3406.018,0
0.006018698,62.56512268,818.8533977,39.54454643,226.529,2464.44,0
0.025617706,59.3440443,838.1219549,43.63228875,191.29,3481.314,0
0.030576088,78.33609838,778.5356827,40.9636234,207.257,2601.199,0
0.018676064,79.49135627,832.519997,58.90157155,190.132,3988.138,1
0.019682218,71.21381022,770.3478563,48.16917379,206.054,3216.213,0
0.022022764,83.77912172,777.5728747,40.51222867,210.699,1627.929,0
0.023886384,75.17609394,812.8424307,61.52279163,195.064,4029.403,0
0.035692688,83.28066481,771.5112739,41.34107819,191.78,3144.874,0
0.032166901,75.63256187,812.9686177,44.5613859,198.291,3101.349,0
0.026657059,,783.1908275,38.77141537,206.713,2214.317,0
0.007322054,46.84875241,851.7377913,46.73816863,197.26,5071.575,0
0.028125543,81.33193776,796.1934322,42.88973778,197.302,2501.83,0
0.019312784,77.65854212,807.7404836,38.72876466,222.015,2218.854,0
0.013468642,72.36785528,786.1428699,43.77013095,221.261,2271.515,0
0.02627761,80.69983928,,51.71809057,200.241,2964.455,0
0.028657073,65.33928866,811.1800094,52.23884832,196.109,4175.058,0
0.037076783,74.44334684,784.7114337,42.29036039,203.551,1930.424,0
0.021828468,64.66030386,775.863586,46.06768316,202.874,2388.983,0
0.021493994,78.19983525,768.5234582,46.30946233,197.937,3787.593,0
0.017082381,68.99379476,811.9798474,57.52837891,206.326,3376.373,0
0.022470879,68.71905509,780.0165725,53.63635945,196.866,3248.371,0
0.025805907,64.86084605,854.105913,41.29796769,187.62,3257.978,0
0.016786127,67.06436607,817.2937129,47.16815725,209.912,2393.508,0
0.015797651,62.51458404,826.4862364,36.71617088,218.023,2684.108,0
0.012162909,77.97654924,775.6158022,37.53991786,223.422,1803.58,0
0.019755452,72.18182206,804.1231396,64.23205891,204.468,3447.726,0
0.019970604,63.6025363,806.9049823,,204.147,2868.168,0
0.033102739,71.56351721,827.226765,56.00806251,183.896,4448.336,0
0.019664073,,778.5464909,39.6259479,206.589,3160.726,0
0.014297565,72.14623594,813.5002316,61.47430189,211.294,3137.588,0
0.02503087,91.29834216,797.1982329,41.75694545,202.297,3206.765,0
0.021691395,64.55949269,833.0214494,62.06469053,193.026,4250.896,0
0.030897426,75.52877818,820.9913457,59.19065683,185.547,3479.611,1
0.017173827,78.38833678,783.878225,62.55817201,198.31,3425.898,0
0.016673346,80.05358525,813.1758331,,204.251,3556.47,0
0.020614509,83.97973551,792.5779077,54.76546699,201.789,3153.805,0
0.014891866,70.0591124,766.8433363,62.08488314,199.191,3903.208,0
0.034346648,64.79370211,814.0842803,65.10460194,174.738,4152.75,0
0.021352137,82.91599186,782.3598208,46.96104435,210.858,2453.622,0
0.017615969,65.15349057,818.3803653,52.93035992,210.072,2968.454,0
0.019638141,81.62270442,754.3220936,65.8361614,183.46,4641.73,1
0.02907673,86.22375352,791.637543,56.29015165,193.596,2995.343,0
0.033083794,73.17840446,745.6855679,46.76412925,177.924,3950.503,1
0.022749473,62.15587012,805.0678288,49.69505599,209.64,2598.319,0
0.015410697,61.84236464,807.8341557,53.65989512,201.79,3474.861,0
0.035209441,,791.3770124,60.60486107,186.127,3964.951,0
0.017238747,73.15039682,804.7362047,51.8417473,207.93,2515.661,0
0.027944697,68.77553444,788.1468516,32.89638506,211.295,2555.733,0
0.011726137,75.23166051,774.6767948,39.18215886,222.426,1683.712,0
0.021603991,69.61334822,769.2169517,55.70838598,205.028,3662.307,0
0.026772291,73.6692356,804.4994697,55.47565624,197.384,3621.585,0
0.01760724,61.6168638,818.0170697,57.60522235,205.844,3297.402,0
0.014374428,61.18124431,833.7778623,61.10196054,199.275,4064.272,0
0.017511326,71.92805634,,47.04659744,192.715,3199.362,0
0.01549139,65.73672343,792.372282,56.32740282,210.78,2926.219,0
0.023388079,62.50941963,781.5427897,48.01132943,202.424,2959.13,0
0.016742945,69.88767275,778.237316,51.44712086,212.212,3370.439,0
0.028429798,80.44551866,773.2118207,44.09541048,198.525,2210.124,0
0.01900116,83.25225478,792.8758759,67.87264778,200.274,3843.394,0
0.030718228,58.4304841,785.362728,53.99091549,201.443,3347.217,0
0.018407759,67.43556259,826.736615,38.27695595,222.751,2637.144,0
0.033728437,55.21761402,827.4508792,49.89471258,176.817,3543.85,0
0.025478172,62.54133752,812.834261,50.52925218,204.245,3292.929,0
0.021533741,71.48764608,830.8848959,40.66891842,208.907,2272.575,0
0.031920947,72.65869781,798.5814358,36.61432284,208.15,2266.543,0
0.017632041,65.17609455,761.2434127,38.45892746,214.144,2667.868,0
0.021404383,59.72843923,,47.60817708,205.006,2752.746,0
0.026269676,75.3050279,808.9609542,61.06389923,198.322,3661.057,0
0.030910254,82.10130929,763.4590734,41.04153739,192.811,3550.94,0
0.027408036,66.46354757,812.4652662,48.4942352,197.571,3454.15,0
0.010991588,80.76633147,766.9770926,38.9833342,218.975,3125.385,0
0.012589194,67.12080721,797.4638288,50.81650018,222.46,1791.992,0
0.012193996,68.37163569,784.0675657,51.35228849,212.687,3166.415,0
0.036221545,66.49240438,795.7010263,54.99111113,182.909,3798.88,0
0.017170471,62.19412871,822.1690998,45.4138965,219.356,3219.014,0
0.031217319,71.29089515,797.202814,51.91569905,190.822,3500.129,0
0.027227026,88.4207932,743.934842,50.66311665,190.169,3933.054,0
0.023856054,70.77842377,827.1979756,63.80656192,185.535,4098.462,0
0.023050175,79.08674839,745.0707558,57.7769176,185.81,3409.902,0
0.026681999,71.12207248,773.0091724,56.2854565,193.086,3370.699,0
0.033630557,70.67388646,781.6177588,47.83624986,189.844,3148.272,0
0.019588214,73.36792348,791.2222734,41.48723419,220.897,1973.582,0
0.032214159,80.42074679,826.2619885,,167.333,5183.642,1
0.026859255,74.99844154,775.3989604,52.69700231,204.082,3327.848,0
0.024262458,66.03741653,797.2747949,58.61622198,195.49,3451.987,0
0.035056885,82.49625101,777.1327648,56.60937527,190.977,3359.417,1
0.030643515,76.61138719,809.1273947,52.375642,187.281,3726.179,0
0.019609974,66.28219994,832.5676043,51.79655963,195.093,4265.181,0
0.0258297,73.5010566,786.5823678,48.6250162,206.326,2853.02,0
0.032901516,67.11216109,798.4114037,41.65635657,198.5,3011.463,0
0.030959973,68.92909781,778.2392539,47.12803113,195.766,3404.052,0
0.014826996,72.03325764,827.8419272,54.67305138,208.249,3426.823,0
0.019213396,84.5204079,789.7813734,52.58062301,212.653,2851.293,0
0.032221741,72.16525502,755.2041674,47.62724232,189.399,3153.48,0
0.017713716,69.53516684,812.7905549,40.97066605,213.411,2562.178,0
0.029095622,67.74353639,819.7099141,53.1066985,197.021,2885,0
0.027670189,90.78863718,740,42.16158806,178.825,4267.475,1
0.012277391,56.97885308,795.7334346,48.51587808,215.417,2758.094,0
0.026052722,64.91049957,805.5555967,,193.004,3733.291,0
0.025126584,67.49267329,787.7141389,47.88196822,207.609,2943.843,0
0.019507913,88.99604089,771.7836629,49.7798524,207.043,2969.02,0
0.012386114,75.73911628,780.6122401,52.69870586,214.558,2575.517,0
0.029375579,66.6724783,797.2139431,41.71342703,207.754,2838.696,0
0.018955824,69.36525379,812.8791197,41.51177534,216.318,1836.939,0
0.033206028,79.38612792,777.4092593,53.17494291,188.161,3043.077,0
0.026231094,80.7196838,811.5579252,46.57621612,198.154,3033.133,0
0.016203583,77.00539991,759.5342802,55.79113588,198.067,3543.571,0
0.036641845,71.45418836,793.1530753,46.03784718,196.648,2308.397,0
0.032133428,53.46901695,777.2406198,49.44431915,190.471,2779.868,0
0.026719826,89.3615276,778.2532654,52.95258761,193.578,3397.741,0
0.025896591,74.84351996,,54.87458971,200.64,2997.693,0
0.019596432,85.00709908,816.6509014,,208.798,2763.98,0
0.027660961,60.685877,819.9779778,41.69165396,206.276,2943.996,0
0.017901829,64.75311164,830.6680168,40.15498169,215.727,3783.454,0
0.026111839,62.52087082,802.6533262,43.078278,210.789,2304.43,0
0.021540025,69.00620934,803.6234746,44.95972536,207.303,2426.81,0
0.020490144,70.77602291,763.3906626,59.67629906,199.418,3511.455,0
0.022275573,66.14541806,830.5724121,45.06038046,208.965,3015.954,0
0.025006572,61.11643687,823.9421517,28.91543154,214.955,2058.114,0
0.029835807,79.93527761,764.0270367,60.49126306,188.534,4280.289,0
0.034948079,64.48979213,803.565756,40.09728695,206.122,2018.584,0
0.020671395,67.73371644,815.6889768,55.75287452,212.194,3138.775,0
0.041573272,78.10728843,821.6192546,59.66994188,164.4,4586.734,0
0.019066845,70.23418535,813.0002979,45.48289048,213.472,2492.288,0
0.015029303,79.64542126,781.5291645,43.02764793,212.748,2618.781,0
0.032991637,61.94566588,812.302262,48.30953955,191.672,2743.248,0
0.019274578,78.67096992,807.3138167,38.27346187,208.602,2510.18,0
0.027323256,75.04563532,803.6587749,38.66402047,208.924,2858.685,0
0.033829312,75.84372563,748.7705394,49.3963477,183.766,3734.821,1
0.030383098,80.7753786,794.2284215,48.37351197,194.402,2574.413,0
,77.64099889,782.4783742,38.79932915,229.161,2395.55,0
0.03109565,79.09225709,830.5246467,42.15344482,190.85,3288.91,0
0.025886672,81.83729824,772.9561483,45.48729105,194.439,3088.723,0
0.015900571,70.44961566,816.8393383,49.09409682,216.934,1981.376,0
0.033505487,56.93984027,833.4495224,45.99210898,183.936,4199.71,0
0.02277763,60.36081367,854.9873443,41.719714,191.526,5840.882,0
0.011415623,75.77597434,809.4261717,48.72904915,218.791,2860.076,0
0.026732277,77.81638082,763.6136798,57.50333839,192.287,4611.426,0
0.034556946,81.35137242,761.9142436,67.03954663,170.01,3718.829,1
0.020761763,73.0474545,788.2788903,59.72926921,200.232,2880.489,0
0.023784438,93.49629325,780.6985161,46.75745755,187.22,3586.634,0
0.025381643,97.26921369,836.9732502,45.44223518,188.944,3549.301,0
0.022660027,68.80006028,808.9753147,55.69079919,209.501,3586.244,0
0.036186256,73.41984852,766.6092412,48.17961982,190.949,3363.55,0
0.031782513,75.45751451,815.4111842,49.77532376,197.645,2652.872,0
0.03242424,76.50482317,792.5002366,45.19634099,192.794,3131.017,0
0.02274467,78.35540358,779.7532279,63.79609592,189.915,4343.4,0
0.022053695,65.07833887,804.606884,37.08499983,219.299,2363.545,0
0.029903746,74.12435403,802.1808205,41.88795619,211.551,2119.408,0
0.015232503,75.37031075,806.3770595,51.38401353,209.931,2568.952,0
0.007056671,75.40167114,817.1670666,45.96959405,222.856,1785.952,0
0.023394396,79.32776975,748.0914213,44.6668709,192.24,4209.02,0
0.021880822,64.67317718,829.9441533,43.49379552,203.366,4049.283,0
0.014566743,61.58722612,790.1809361,51.61500165,214.158,3006.533,0
0.013470913,61.75283922,818.4070922,47.58300401,215.995,3169.377,0
0.028102105,74.09138347,786.6079698,31.82112442,215.45,3020.44,0
0.020991277,75.85261568,768.8450115,47.41523894,203.918,3534.176,0
0.014839866,80.81464213,804.5720365,64.23214984,208.556,2835.296,0
0.026621667,55.53413947,828.982357,56.07843111,187.322,4511.738,0
0.040885462,77.27767733,774.5062196,36.49099696,205.762,1828.949,0
0.015413634,85.58224754,802.1003965,49.85855261,212.085,3026.419,0
0.028873456,70.89556993,791.3250937,39.07796105,203.768,3277.334,0
0.029581574,74.58322624,836.370277,43.1703241,189.5,3824.087,0
0.022381605,67.82543571,787.9008049,31.99200526,216.829,2070.787,0
0.023356492,89.40735685,772.0149027,39.18950443,205.519,2517.756,0
0.021816035,68.30988481,804.1141704,60.5532082,194.898,3660.257,0
0.026736659,64.79694529,800.4986298,60.84906796,200.084,3731.872,0
0.005,70.43966329,810.6129835,44.65479728,226.044,2139.133,0
0.020220457,80.66098703,740,43.85964493,193.402,4150.763,0
0.01379884,78.39401589,814.7066273,56.17445003,201.134,3698.478,0
0.026470462,71.00079381,779.8186825,48.61925284,196.463,3197.521,0
0.026644498,71.89420277,767.8219043,42.92877999,199.529,3240.814,0
0.018074177,81.04164883,827.0913483,43.24227397,212.907,3002.236,0
0.025184783,78.96746456,768.4157725,62.20442814,188.109,4324.203,0
0.027749378,86.23975775,773.3954294,39.61147282,203.873,2247.125,0
0.015469247,68.9843867,810.4085473,36.44747745,228.499,1883.051,0
0.024416931,81.7961773,784.1019637,60.16659277,192.907,3327.159,0
0.025768312,65.01504863,805.1023828,59.21509212,194.413,3100.232,0
0.025326314,69.84268907,784.2339365,42.11830731,202.426,2606.302,0
0.022633306,59.88060889,822.3664846,49.34986784,209.163,3196.549,0
0.026537562,81.69268302,773.7849339,47.96944307,202.053,2491.954,0
0.025420533,73.6314406,806.1018982,55.66599577,208.074,1848.558,0
0.027680197,65.42073228,786.8458889,41.12237974,203.842,2380.854,0
0.01259983,72.81781906,782.7223203,50.38459704,212.31,2900.243,0
0.023654479,92.97178533,796.9265885,62.80479528,193.088,3515.381,0
0.019933138,84.84920016,776.2759643,45.4991393,198.963,3749.917,0
0.023036083,80.24426042,785.7746055,48.11518653,200.079,2585.281,0
0.023093462,75.17652828,793.4653227,47.70705427,208.405,2076.665,0
0.015173869,71.90271713,836.1314883,66.56292131,186.593,3949.063,0
0.023021935,73.55993187,797.9088937,45.68472165,196.586,2776.782,0
0.028293112,65.17884901,,41.30625787,202.257,2798.699,0
0.019749706,58.22547255,820.0688671,55.06801535,204.479,4080.632,0
0.016189352,81.06443534,775.9713858,53.49814493,208.556,2931.312,0
0.027422659,74.69362471,791.848575,61.02912585,188.479,3248.796,0
0.031240603,69.46579185,783.615594,56.17835358,189.459,3259.175,0
0.017436027,69.71020927,807.0908111,47.98969919,209.112,3572.656,0
0.019385684,83.53214765,860,54.5394431,188.363,5441.553,1
0.017537315,70.89539311,743.7886581,65.54120538,179.663,5378.384,1
0.017547876,69.73104137,818.0274632,,202.701,3097.429,0
0.027636309,65.10715078,816.4796401,35.7993537,212.771,2166.907,0
0.03015661,67.87399682,834.6327277,67.31637887,172.776,4025.141,1
0.025916188,73.33283651,807.1289435,43.93714114,203.831,2356.075,0
0.023454065,74.97678055,807.0934952,48.12667349,205.865,2788.405,0
0.027920264,71.33956225,823.5159023,48.59269092,194.731,3058.49,0
0.022517834,79.42051766,778.9897682,54.74705934,198.64,2920.072,0
0.021129894,55.57418063,807.3319453,50.70278352,209.735,2730.723,0
0.029507089,83.44877863,806.849765,44.67250132,196.864,3409.349,0
0.032003868,76.83438246,794.0814785,47.90128851,204.555,2997.766,0
0.0293466,81.28702517,776.5711539,54.96543141,193.2,2960.898,0
0.03064715,66.00050602,795.9448211,44.95007724,197.21,2575.621,0
0.019388461,77.84860801,783.4461479,55.56300411,205.992,2845.083,0
0.013042655,72.03236006,803.5458265,63.72890564,203.107,3428.164,0
0.020531715,66.67998215,821.519976,46.13657085,205.12,2841.132,0
0.020601495,71.7110824,803.4750097,59.96194253,199.276,4067.978,0
0.011987706,57.30117869,829.4253359,50.31966002,221.873,2906.474,0
0.023451332,78.12868322,800.5752335,49.00518291,204.555,2299.037,0
0.023905768,64.44186,780.074248,42.21830567,207.527,2462.23,0
0.02524082,56.95334093,771.7842365,41.96532317,200.815,2595.145,0
0.020369647,84.51299301,785.6754795,61.29548206,193.042,3915.727,0
0.01022429,74.56765932,796.4024497,51.62744982,213.723,3602.934,0
0.011786172,77.42208982,812.7592042,49.69050936,213.056,2939.765,0
0.031578831,53.58219058,785.3843968,63.44489498,186.385,3778.756,0
0.018716821,74.08473964,772.0940235,60.86986425,200.772,3743.9,0
0.039814231,80.35241311,789.2167867,42.24373753,193.104,2682.631,0
0.023968983,59.02051418,844.8540419,45.76273908,195.308,3718.275,0
0.022145676,88.87054069,814.4961308,47.29269011,199.14,3408.405,0
0.025421514,85.5075627,747.507777,46.11370822,190.641,3616.818,0
0.025088682,84.67452109,805.7482972,50.0357743,205.68,2598.782,0
0.033658602,83.18613335,758.5999022,43.99912192,190.447,3443.165,1
0.016608393,67.25328116,834.1151319,56.94341754,191.664,4079.474,0
0.021749894,67.65073739,817.1351117,66.62636913,185.813,3812.601,0
0.015076222,75.61046488,774.8537444,49.6485497,206.622,2501.156,0
0.024875284,73.60063265,786.9060787,49.96010985,198.445,2629.95,0
0.024147972,62.87265518,790.0337175,52.89193382,203.989,3068.879,0
0.016486591,72.61462054,760.3117904,47.47733505,202.318,3468.311,0
0.023245632,65.79485662,797.3942736,42.51363227,215.795,2404.085,0
0.026299306,66.89709148,822.0176636,52.03001485,194.386,2995.578,0
0.029596048,62.25288204,775.1004236,45.8136658,198.606,3166.516,0
0.032169663,76.04126115,825.8197208,54.15191468,182.532,3445.262,0
0.018752852,64.3447909,782.322359,53.21445175,198.067,3606.547,0
0.031539313,66.43207235,825.8900263,50.68108956,189.85,3450.415,0
0.02047532,59.42126924,829.7346836,65.6882135,192.17,4274.58,0
0.023608633,61.48467579,834.3092992,56.96749842,192.433,3500.151,0
0.017300516,68.89841188,782.378325,65.0226044,200.554,3314.118,0
0.016003764,69.43168389,804.7050104,42.07468396,220.432,2547.326,0
0.024902529,62.28312119,860,52.51729485,179.282,5223.865,1
0.034380389,67.36324722,804.8188684,49.065956,202.525,3163.685,0
0.022786725,88.20616356,775.4183115,61.57342942,181.424,4632.662,1
0.016029852,87.43187645,789.5748756,,210.134,2970.8,0
0.013024851,79.20589889,777.1850965,46.72880713,219.246,3014.79,0
0.023323799,82.4329664,771.6651334,63.86971666,194.209,3515.595,0
0.010869347,77.17465876,772.8492933,52.26288142,213.875,2816.267,0
0.037988922,68.80549009,798.0642493,54.04845793,183.746,3080.461,0
0.018950734,74.69955687,740,52.71242138,192.693,3841.823,0
,70.04512569,780.9087096,44.89494686,214.172,1960.296,0
0.021672203,79.21837985,798.2299271,61.07556512,196.796,3687.341,0
0.02131521,69.36399566,749.3021284,,204.765,3308.809,0
0.024766064,64.26034877,796.4881438,59.45313711,197.681,2916.198,0
0.04611001,76.72318705,802.0674626,50.53402529,183.172,2853.596,1
0.028500401,74.83847838,773.5208129,46.94292785,194.865,3114.522,0
0.025186347,64.00922871,848.3283512,37.44783867,202.955,2955.349,0
0.030134867,76.61269803,799.0339851,50.15305765,188.965,2854.602,0
0.033079597,83.53079787,740,52.82807782,172.4,5098.751,1
0.014267728,62.1699599,777.8135205,43.91814596,213.049,2224.133,0
0.019904638,69.10616411,784.9544813,64.58072954,195.591,3116.223,0
0.026242655,91.05878013,794.3586724,54.59567385,205.231,2589.502,0
0.043718611,64.87520259,799.1741335,64.30776416,172.901,4074.945,1
0.012639931,65.60666384,848.541254,45.749629,206.513,3635.874,0
0.021505818,62.84925643,860,49.7258064,180.645,4805.586,1
0.026365279,71.92921277,770.62987,46.05629857,189.898,3087.822,0
0.023808129,86.81437776,819.6890709,46.9423599,200.112,3172.133,0
0.022903706,,830.298167,34.65854473,209.175,3118.601,0
,72.74819085,821.845107,42.32675294,210.19,2582.256,0
0.017398532,65.70768319,832.1952372,39.52770874,211.533,2796.29,0
0.017523225,67.4756879,798.0087226,46.44102757,215.407,2645.669,0
0.022848758,,809.2411053,56.6976371,198.4,3544.437,0
0.026837431,68.86937669,815.6986817,37.50770807,207.018,3070.839,0
0.033361696,52.92801263,780.4865291,64.40424694,171.171,4321.876,1
0.022356778,64.31452256,830.1859298,37.35052901,200.003,3660.477,0
0.022499076,52.83988268,844.1837915,54.6528752,184.866,4885.299,0
0.021770687,81.19272017,775.0173716,51.97135903,195.32,3249.044,0
0.027595989,71.30674359,797.369084,43.727834,202.024,2616.915,0
0.0167829,66.02125135,794.4390114,50.60222534,216.305,2951.735,0
0.035746664,83.35258336,815.0327279,53.62282175,187.025,3688.382,0
0.020577289,91.93427886,781.0777826,52.33774259,202.683,2941.077,0
,82.03233941,858.8892092,43.42254682,190.923,3677.163,0
0.018783998,84.84729686,821.4034837,55.12937722,202.523,3822.976,0
0.028639868,76.53348462,797.6292157,55.08471787,193.769,3193.725,0
0.026258597,53.13531934,857.3860879,43.30438423,182.907,3987.957,1
0.026601284,92.08383877,742.915134,38.73910714,195.126,3659.759,0
0.025598496,74.59051326,841.5315063,56.88628185,184.186,4468.598,0
0.01939315,85.15012672,827.5530383,32.06466599,218.86,2074.679,0
0.023097965,80.95590366,804.7277958,61.03556088,195.569,3377.026,0
0.020874025,76.5875912,810.9336289,44.6564802,213.654,2684.131,0
0.017988081,57.88730613,765.5755827,48.36887716,200.195,3339.476,0
0.016356357,75.58031413,784.7996358,45.85271788,215.282,2280.771,0
0.032166449,70.58590047,780.4383573,67.42221502,190.172,3709.979,0
0.021392981,58.6004966,812.8264827,35.00729583,217.52,2746.555,0
0.019299679,82.85421113,823.0466067,34.38269621,222.285,1257.149,0
0.021253971,76.43579609,793.7898896,50.47795413,208.495,3160.401,0
0.025604385,80.32006207,811.597963,70.4071979,180.786,3920.117,0
0.021531068,75.87825317,775.4900841,57.87453128,202.215,3665.282,0
0.029679279,80.24204767,796.6230287,50.03536985,198.342,3612.507,0
0.028968702,73.98409148,785.3825164,54.30393223,202.177,2961.701,0
0.028529633,53.4236181,860,52.95824026,169.99,4369.187,1
0.023364132,88.27520529,779.2857252,33.89013031,216.824,2162.623,0
0.027611466,79.77600826,776.4058132,54.15042509,192.918,3007.984,0
0.01574044,57.58933136,834.6609831,50.17826432,204.367,3812.544,0
0.02584039,69.01684008,801.6450729,41.69481342,210.86,2706.603,0
0.007763783,48.56723088,798.8801565,52.22574763,223.149,2685.028,0
0.02225883,89.86989196,749.7361218,46.4101629,189.433,3741.125,0
0.012137285,74.05656998,790.1176926,57.78064274,215.296,2778.727,0
0.017795579,56.5835553,828.2747975,50.47891891,208.945,2935.333,0
0.030763323,70.91463827,807.5672088,40.75553611,198.032,2527.014,0
0.021356293,76.40728478,801.9583826,66.0889064,198.18,3700.023,0
0.029722597,68.25609774,835.6118921,41.61078579,195.883,2944.645,0
0.027505707,73.63764218,811.7247801,50.32880357,201.083,2916.845,0
0.030201974,69.50216307,,36.94282107,191.94,3284.27,0
0.021598201,57.96945156,764.6682247,53.47557966,194.423,3653.953,0
0.018698539,64.44268151,787.0663339,51.75518418,204.759,3316.867,0
0.029921714,57.92799338,830.0375865,44.9793668,187.39,4510.717,0
0.015054597,78.44712488,801.7813463,43.73093929,222.843,1578.601,0
0.026585376,78.6016842,782.3410235,49.95619788,193.879,3595.571,0
0.028864165,66.661442,788.4370673,41.11387016,216.128,2328.154,0
0.026122085,81.42668675,799.4819199,35.61512264,212.959,1936.758,0
0.02926384,78.41012652,783.9909866,56.96653729,194.226,2470.491,0
0.029360915,90.20935121,815.7874695,52.63665144,194.674,2380.662,0
0.016880026,61.8042392,844.48741,58.46238621,194.673,3937.657,0
0.043872477,64.02024425,805.5394331,43.65247972,183.638,3129.899,0
0.035088208,72.41204752,777.0022932,46.95549765,190.919,3414.248,0
0.041082323,61.22066584,818.1342684,59.47044082,182.501,3672.27,1
0.023372892,63.63887853,798.4577478,63.62692606,193.449,2536.497,0
0.013235289,62.01874718,816.60769,45.38179292,212.75,3399.497,0
0.025162726,75.03643904,819.2098923,33.33025055,216.895,2352.622,0
0.028162767,69.94340797,831.0157203,39.2308988,200.945,2989.484,0
0.026997594,68.40543489,822.0465843,43.8052559,199.676,4320.835,0
0.025223042,,777.3829695,50.81876462,195.43,3868.767,0
0.027404379,59.28715519,800.6667017,34.71901807,209.799,1495.358,0
0.031799868,65.1350755,789.6105303,55.74246408,196.656,3525.738,0
0.016076263,64.84690348,858.8775233,62.5268806,192.194,5326.817,1
0.008699105,79.90418941,798.1095886,47.94117837,220.267,1978.53,0
0.018874839,75.58211411,822.6305942,49.75186199,211.47,3241.323,0
0.024123751,66.09204481,763.4358449,60.0485013,190.309,3380.689,0
0.031683447,61.26401989,821.3197351,36.22684054,204.251,2914.717,0
0.014626781,77.03890524,792.51511,52.98930954,212.372,2801.314,0
0.02477776,99.07334915,770.1774212,43.49511381,188.671,3654.16,0
0.019650399,69.31570241,813.3099272,52.57809563,201.431,2976.979,0
0.029006528,75.46086345,787.4457896,39.54525715,205.199,2997.325,0
0.0231724,64.17421533,839.0657853,50.62823315,198.438,2499.377,0
0.023155269,70.45812511,771.8457674,57.65755991,193.093,3483.732,1
0.026584082,51.00048089,793.7371788,47.80869706,204.295,2481.525,0
0.029666861,78.16526173,817.1543227,55.17451189,189.237,3344.175,0
0.022704543,67.86594586,765.9238168,53.20130066,197.641,3551.081,0
0.032281558,73.07830893,776.6063242,56.39982983,194.504,3617.363,0
0.028421163,57.58557305,786.6464606,59.84665675,187.372,3229.985,0
0.029760179,83.46755166,838.1796022,55.27867248,180.887,4473.678,1
0.017598575,65.65290292,793.1165606,43.58139435,222.647,2435.264,0
0.01487223,87.83211323,787.352355,46.32059609,207.228,2739.786,0
0.024395369,75.34900292,835.1094784,49.11463112,198.839,3508.038,0
0.030139579,70.68414585,825.2612612,51.39088231,202.58,3827.334,0
0.024061935,71.94325608,803.1443967,55.58929318,195.877,3243.419,0
0.036754771,63.88749194,830.222279,47.09796578,179.961,3130.833,1
0.023123575,87.1573747,769.4947681,35.74714071,211.589,2858.66,0
0.02714208,78.1424329,818.1673329,38.78737217,206.038,2634.949,0
0.021680196,54.02753718,829.3577733,68.12821685,184.48,4774.079,0
0.021589728,61.87324145,,46.22177316,203.89,3143.311,0
0.010479867,75.09002664,780.7907999,35.6450819,221.62,2460.292,0
0.024931151,73.3199475,804.669158,,178.493,3997.227,1
0.021672254,62.62065426,794.9510469,42.85235951,207.235,3135.794,0
0.019895308,52.37067508,830.0235482,60.86280821,190.245,2979.191,0
0.017125952,76.79241427,757.16066,58.16062568,194.287,3861.52,0
0.018891975,78.77634808,813.1057809,59.51867246,205.962,3935.502,0
0.021645933,90.04838366,786.4283871,51.6093018,200.167,2683.7,0
0.016357648,87.52939575,836.261383,50.7527501,200.994,4000.644,0
0.029740104,68.14992431,792.2569374,64.26438329,194.557,3535.09,0
0.016878264,61.13992677,780.4910604,31.96393376,225.918,1659.324,0
0.026475854,75.22805515,822.3190007,35.52446928,213.022,2074.067,0
0.027003211,66.87159751,809.7628932,60.39233626,189.102,3366.807,0
0.017858463,86.55310806,763.1101596,49.87284065,196.397,2519.288,0
0.011259144,74.84684971,829.4164299,59.99019348,203.558,4034.527,0
0.019033215,68.60882598,785.9985169,53.46771952,212.939,2953.439,0
0.032367042,75.78453987,798.1130557,49.44475887,193.483,2928.561,0
0.032984422,57.97458474,776.1669256,59.87768888,188.37,3749.968,0
0.028715965,71.67918942,797.122762,60.67643676,193.757,3763.881,0
0.023823969,59.2696096,797.1724833,41.10110653,208.845,3368.809,0
0.025602822,45,860,53.93395752,173.193,5217.584,1
0.015396272,74.73247128,778.9937721,50.22591986,207.888,2925.213,0
0.026257985,74.62021678,818.6662764,42.91177208,205.967,2275.683,0
,66.31786855,814.9457726,42.5128333,208.657,2835.021,0
0.022166116,70.81467355,774.0169709,46.02181707,207.254,2765.303,0
0.029918982,79.27702923,775.6976398,43.1538165,198.065,3021.13,0
0.037771377,77.19899108,793.4587295,43.85838069,194.723,3078.932,0
0.022893727,84.70574107,781.1376531,37.84305608,207.326,2561.934,0
0.014152537,80.83088367,787.7870176,67.17332181,197.066,3570.289,0
0.01867486,89.66518478,790.0552855,52.00345079,198.209,2845.737,0
0.033383308,76.49675589,743.205356,,174.688,4442.114,0
0.018976628,68.39812328,810.6656441,63.50911017,194.045,3210.421,0
0.021721976,67.19140264,827.3953182,51.70430386,203.143,2740.113,0
0.033564212,76.18220473,799.4170985,50.66516491,193.711,3738.875,0
0.029198235,75.49786745,823.2954435,44.26852161,195.534,3538.705,0
0.020930005,69.01348398,796.75239,44.49359717,214.559,2017.001,0
0.023525297,63.81500283,765.7236587,62.07431739,180.264,4324.909,1
,77.25076551,786.8313859,52.97427656,202.708,2843.969,0
0.026713553,54.48829575,793.5017229,50.73289196,197.973,3176.472,0
0.032365612,60.77752485,803.454073,55.89309081,189.814,3093.859,0
0.014609784,61.1771998,804.1016802,,211.767,2874.229,0
0.021290828,79.64754092,783.2490731,35.36310114,210.567,2085.835,0
,63.84568394,813.8604797,47.62041447,188.224,2425.853,0
0.019041825,64.31509798,792.3883615,50.73625507,195.705,2684.642,0
0.02660096,74.12109572,,44.89580836,204.591,3216.579,0
0.025631591,73.34008694,802.815802,56.33072675,197.537,3571.242,0
0.03329836,,791.5606559,52.8456169,193.132,3083.54,0
0.014335132,82.9327416,,43.79689971,217.06,2193.55,0
0.018279499,80.0797171,798.9363247,58.77700112,202.113,2955.44,0
0.031175618,74.6665252,790.788827,46.79340025,204.353,2156.378,0
0.037043856,76.61297009,795.5385034,39.55170903,203.744,2083.985,0
0.02504638,75.23418544,760.5188938,65.42399458,188.255,4320.675,0
0.029109852,64.68825016,792.2188442,44.57711612,200.067,2605.293,0
0.024150446,87.23251581,794.4186484,,207.988,2529.54,0
0.031016777,71.11618937,810.1951172,39.24958258,202.488,2688.84,0
0.025305993,66.55817639,789.2864426,40.95176792,207.703,2573.587,0
0.020648567,82.09765688,777.6998103,44.24258269,202.635,3100.399,0
0.025182044,56.03293657,,,200.724,3092.423,0
0.033192505,84.54394282,788.5580616,53.69368113,184.344,3696.144,1
0.016653979,74.16695752,803.2829259,50.79646661,209.085,2802.863,0
0.032348714,77.68195393,801.2931317,60.91862312,191.909,3815.539,0
0.032254497,71.56682171,795.7630062,35.19398088,213.848,3124.734,0
0.020564577,69.25635197,811.9073606,62.54610154,200.119,3897.39,0
0.023225879,65.44955311,860,49.30238359,179.756,5557.126,1
0.022773276,69.27037166,808.3370546,59.84063037,195.331,2819.936,0
0.019643982,84.09800955,756.8345166,45.89475185,201.338,2253.279,0
0.025834579,63.91260693,783.3718852,67.10645701,195.281,3720.496,0
0.02242861,61.74898747,831.9801307,39.41757439,204.467,2897.197,0
0.025690209,88.33473015,,61.05375371,185.653,3643.499,1
0.020151196,71.8868248,824.0903787,41.32380564,204.824,3161.94,0
,62.83012057,777.7831657,47.50929717,204.312,2760.731,0
0.022765794,50.100612,852.8578742,58.13791062,176.458,5841.122,1
0.027393751,69.03854209,812.9839979,39.57430002,205.035,2469.894,0
0.015796392,62.68520975,822.7443136,51.5378071,209.342,3291.537,0
0.026873869,69.43126561,825.4118668,48.40243767,201.778,4011.138,0
0.03620657,78.20878427,782.2108533,55.72350005,189.502,3358.944,0
0.020678533,72.01522069,827.2524257,47.20367021,206.001,3280.774,0
0.030650185,67.07960788,789.2741484,45.26954413,200.692,2930.836,0
0.026827781,68.7487148,823.111351,61.40546559,186.214,3735.961,1
0.027359794,68.61615917,783.3660116,55.85501581,204.354,2750.611,0
0.01613355,78.67998955,811.673426,45.90037659,218.199,2433.976,0
0.014410003,61.00522712,789.9778294,59.48013144,197.5,3390.325,0
0.012679439,87.08307399,754.4514187,38.66090956,217.137,3307.632,0
0.019530255,72.17011406,792.4920458,44.02166397,210.251,2893.23,0
0.031683321,87.01545702,815.5624035,50.92915068,203.624,3642.655,0
0.03574936,89.76231444,798.9037136,49.06590057,195.944,2408.567,0
0.019951975,71.27293865,798.4308889,51.59214571,212.769,3022.98,0
0.03115284,64.1581028,820.8954238,44.06598993,190.207,2835.616,0
0.008972852,88.84600431,774.1839805,59.30334585,207.589,3621.661,0
0.029756115,62.47013318,822.7620652,50.92408497,195.595,2959.132,0
0.027184453,62.20818341,799.7974056,40.2847939,213.157,2569.913,0
0.031035303,74.44464929,787.8629719,50.22669177,197.714,2617.773,0
0.034250511,68.51150508,801.3672555,67.30232964,179.746,3489.457,0
0.029349764,63.26913036,805.4364671,60.32383234,195.619,4233.277,0
0.026015424,60.58602319,826.7610473,48.04221776,193.939,2444.444,0
0.029550608,71.52967782,813.3470738,39.4351188,209.837,2300.316,0
0.024073768,65.52793676,812.4032347,49.17273771,203,2835.32,0
0.028703008,82.81361038,804.8980562,59.65700421,192.727,3391.249,0
0.022317312,83.00190848,817.6543103,51.54971209,210.417,2371.006,0
0.026527525,,836.5130178,57.49944228,189.642,4272.887,0
0.032395621,80.5142617,779.1553798,44.80772565,192.38,2646.813,0
0.022479881,70.21960806,810.7475687,60.60530959,203.543,3298.965,0
0.030443664,69.75797114,794.4453283,,192.713,2751.14,0
0.030878435,81.61134746,795.8496859,59.97946087,190.121,3131.648,0
0.021784183,66.80875844,836.5142054,36.05671557,212.576,2772.313,0
0.027934628,74.0203089,827.4540878,49.50840642,191.183,3156.185,0
0.019656775,76.7178118,764.8184872,42.14690681,205.017,3436.763,0
0.006972702,82.88845665,843.3187324,50.12015166,214.639,4486.668,0
0.014518139,74.40293387,816.7169587,33.26849044,230,1943.075,0
0.025893037,75.40954327,,63.69029079,188.619,3695.052,0
0.033083163,73.979631,787.0985032,43.76598017,206.082,2296.795,0
0.01877687,60.9461784,809.154022,44.60634632,219.875,3300.133,0
0.023642609,74.67916653,804.0535603,43.16477415,209.057,2313.914,0
,64.55284125,800.8901013,50.86362526,198.849,3139.868,0
0.029625815,56.60055412,808.9076717,54.64959017,191.165,2572.385,0
0.02701829,71.69831712,786.5010707,35.81973447,216.455,2306.631,0
0.020996088,91.77838644,832.2010742,48.54154698,199.708,3021.566,0
0.018385419,71.43972971,788.2536505,46.53846015,210.687,2378.888,0
0.027170196,68.00539771,830.5923594,48.64886356,195.755,3171.974,0
0.021262554,72.92392055,804.132419,50.08051739,201.988,4164.195,0
0.029291017,75.89817654,801.4110228,54.78891183,193.752,3347.345,0
0.038546973,74.64579767,753.5976249,48.83819313,182.435,3615.788,1
0.024252726,75.22764334,785.1761249,49.35934676,196.731,3188.446,0
0.017669995,66.56012507,760.5809962,42.55631169,208.201,3167.858,0
0.02240349,76.06980412,799.1013364,52.05691244,199.692,3545.972,0
0.017248989,,769.7369661,41.07911199,201.212,3742.694,0
0.025932255,66.34404399,794.6962372,39.18994332,203.93,2368.784,0
0.016796458,67.04132455,782.0885527,65.55979326,192.161,3009.146,0
0.018802688,58.5541648,800.5493027,55.27779144,196.833,3760.469,0
0.019696604,,812.2499849,49.98942187,200.785,3203.487,0
0.022209728,66.87737164,763.0691453,45.15211633,205.749,3527.815,0
,67.27267085,781.9481076,,198.34,3625.309,0
0.014243183,77.79816968,821.9118319,39.89958668,216.353,2506.17,0
0.032461204,77.24718454,802.7839202,50.02548083,198.662,3005.293,0
0.010923605,69.28887349,824.1348568,65.5150223,198.968,3777.426,0
0.022439724,74.57068359,769.4225247,44.04372972,205.656,3254.532,0
0.015358948,73.93692234,844.9790522,50.62176579,207.547,3116.513,0
0.016019394,80.22638282,766.644398,43.79207432,207.158,3496.698,0
0.025392405,65.22938082,809.2719197,43.36269547,209.266,2276.959,0
0.022643249,72.33194051,802.9361847,40.49402972,207.143,2494.819,0
0.028777229,69.27383131,826.7182293,48.90511245,190.398,3914.968,0
0.021471444,63.91551253,799.4363569,42.53545297,214.512,1742.192,0
0.041131701,71.59028714,811.302835,64.65926241,162.915,4061.172,1
0.021779873,67.61532364,802.8024388,49.78032036,198.011,3210.377,0
0.021192167,78.73576386,792.1311333,44.11236039,218.217,2630.451,0
0.023908336,63.16333527,800.1318821,51.75916611,203.953,2920.511,0
0.012709884,80.67864214,805.0562638,56.91254164,208.365,3165.974,0
0.027377857,76.42630092,,48.38506451,203.546,3052.642,0
0.014713317,64.89485,,44.22027678,216.003,2001.323,0
0.024628476,63.98573235,768.0529259,46.54932735,191.557,3807.255,0
0.023021048,72.82755877,790.0642787,54.96492025,202.723,3176.981,0
0.025079859,76.16814567,765.949415,53.29505783,184.634,3547.565,0
0.03221012,68.36147707,771.1750239,42.34042866,190.269,3531.245,0
0.015837728,74.67096494,790.1099356,54.58837975,210.124,2654.96,0
0.028384596,74.61732409,799.127675,50.39849575,193.804,2984.172,0
0.026158908,65.64081515,807.7354449,50.70520829,198.984,3857.557,0
0.030750131,94.44884096,816.1999531,30.94683146,201.913,2908.233,0
0.027502939,81.07682981,,37.63497637,205.166,2502.997,0
0.013215343,86.47751306,819.0019278,46.9432377,211.628,2408.52,0
0.025729631,53.7979999,802.9473282,44.76263991,206.933,3957.711,0
0.035089192,64.87438659,807.329111,42.29556865,206.143,2393.769,0
0.031707472,75.74125201,794.1139809,48.898795,192.982,3021.27,0
0.020287634,72.83116233,803.6721061,54.8406831,208.472,3156.433,0
0.018844166,69.96951646,796.7673801,48.28170691,214.825,2408.787,0
0.029615249,86.11531592,770.1613724,44.43148533,193.245,3953.854,0
0.030722596,73.72541922,792.8389915,41.07484328,203.924,2021.286,0
0.032053423,66.4664362,792.9673065,43.63151917,195.715,3283.037,0
0.019751218,85.00079445,845.7937766,42.61777354,195.887,2984.557,0
0.025747983,63.54963704,807.3942532,48.23692776,197.254,3219.86,0
0.025423163,87.91355597,740,61.77660373,168.699,4691.787,1
0.007172741,57.5310778,851.2747883,38.78629389,211.768,3562.06,0
0.030932294,66.59683728,803.3823863,55.22511765,188.787,3830.846,0
0.017695997,64.55385915,,40.3660391,223.976,1992.461,0
0.016884753,82.67864525,829.5964337,60.36059969,202.354,3149.703,0
0.026187264,75.7943001,763.4104888,36.73894361,201.483,3276.485,0
0.032643901,56.83466078,800.7717389,51.7259551,197.77,2894.545,0
0.024532435,81.68758626,776.3535927,56.70865946,197.561,3286.464,0
0.028119354,82.99872665,761.8763195,52.78448694,186.057,4042.121,0
0.008394628,77.27442823,803.1948484,42.64524521,226.011,3123.958,0
0.036241882,73.273666,822.4108799,55.20258294,179.986,4560.239,0
0.014933306,64.64122482,836.5750055,60.19161697,202.697,3427.95,0
0.020893585,74.24190476,760.2428858,48.93455557,199.207,4116.83,0
0.012087607,75.52905512,808.896783,29.19451649,230,2118.017,0
0.018173416,63.63866954,805.9805277,45.23183463,211.825,2440.61,0
0.00974368,,814.6728226,52.69465789,211.998,3061.182,0
0.015582368,69.08184802,819.2821319,40.38535016,209.708,4031.411,0
0.013453707,82.75003697,823.2054719,47.52174339,203.028,3652.576,0
,69.21871027,798.0311978,,205.314,2866.287,0
0.02884807,79.18985803,768.3985382,43.57169479,199.067,2369.806,0
0.022332203,76.88452114,790.7483919,56.57168637,197.64,2655.8,0
0.023526409,68.79740273,808.8702023,46.61347886,206.571,3317.183,0
0.028274393,70.54754976,815.4321584,62.72351674,186.955,3095.189,0
0.025322553,70.33583263,797.4456302,54.43337841,199.677,2823.095,0
0.027169315,82.51160233,806.6186209,56.47080651,191.806,3245.161,0
0.027722348,62.18236523,816.0819521,,199.68,2823.628,0
0.031642992,61.88126038,812.5621302,59.91616085,189.531,3334.705,0
0.016701539,69.75832952,782.2788053,30.46899044,224.576,2215.74,0
0.019423083,59.53123376,798.7549964,40.63245946,212.721,3086.161,0
0.038224008,72.57284935,810.7108436,40.34560909,194.013,2403.362,0
0.033561078,63.37519568,829.6313323,56.20719223,178.6,3132.51,0
0.022494967,67.78365654,794.894301,49.20094314,206.391,2929.958,0
0.024026934,59.04098566,854.6418131,54.8281027,187.049,5205.795,0
0.022685361,71.00868523,803.2675725,55.36522653,196.105,4043.927,0
0.041922248,59.96245619,857.7661118,42.08526271,152.037,4246.418,1
0.015472111,87.4792686,800.7022283,70.78167036,201.138,4462.523,0
0.023857968,68.20341902,801.4261159,40.83352795,213.606,2112.045,0
0.027135313,77.43351713,758.285405,56.55161418,185.258,4431.881,0
0.027194621,74.51005926,776.5662435,49.15589425,195.961,3268.854,0
0.033177249,85.8463237,764.399828,53.49910589,178.699,3504.124,1
0.032560138,69.15915169,770.5835973,52.87286571,196.781,3374.44,1
0.022253446,72.03499622,785.3096745,48.60035276,208.541,2155.046,0
0.024974465,78.36636207,820.4597434,51.66922337,200.088,2401.401,0
0.029775493,75.34742292,809.6947109,47.19711397,199.501,2564.352,0
0.027125055,71.99534648,808.4852246,67.32588319,191.393,4157.956,0
0.018967712,71.56968476,793.8163808,58.57730518,205.482,3067.019,0
0.035880822,67.22539167,803.9995227,52.44606769,191.652,3192.279,0
0.02844151,81.88780973,823.9016425,,181.807,3997.706,0
0.017297042,76.82759442,792.7582316,45.47253855,212.463,2752.407,0
0.017770558,74.77665911,794.762535,49.59366874,212.539,2167.293,0
0.02498699,83.2642393,805.0691748,46.21801093,204.296,3155.761,0
0.02381509,77.47904785,810.7403786,53.91420534,194.738,3578.307,0
0.014592873,69.91027901,827.6109949,61.54952409,195.386,3577.401,0
0.025549403,77.71213761,788.4314796,50.85236125,201.544,2868.351,0
0.033640725,78.74676334,769.7233649,54.31054723,188.172,3759.113,1
0.033246332,76.02695331,787.8248514,38.78477886,199.063,2414.114,0
0.034568599,73.17191252,788.2758962,52.11929655,193.536,3051.393,0
0.037301708,60.75492496,800.1276143,63.31921899,175.582,3346.988,0
0.011427562,64.84352469,764.1751894,,201.068,3694.682,0
0.01538576,71.01400654,769.980307,38.44509868,216.928,2654.007,0
0.026285899,55.59761152,810.5760486,40.37268988,203.766,2513.799,0
0.028409466,63.32330148,860,49.19846017,179.656,4026.138,1
0.016580324,75.53886414,778.2346748,62.13346663,192.314,3997.117,0
0.020311113,86.50534774,791.5253227,44.46381162,207.449,2855.405,0
0.017029311,77.5733946,813.1696377,47.87560124,215.355,1963.534,0
0.023872335,89.01171699,,61.79579237,189.267,3081.502,0
0.026952632,77.06724604,759.2670424,38.60839971,202.511,2932.357,0
0.03043914,85.47962579,824.0041272,52.52749259,185.361,3336.103,0
0.026531893,83.28553601,803.4106178,61.76317282,191.384,3726.656,0
0.030010314,68.67766136,825.3350395,48.76831556,192.198,3359.92,0
0.024288565,70.23533627,795.2603651,53.63462108,207.239,2743.949,0
0.022260412,73.91686895,811.3052165,49.65889718,205.094,2969.685,0
0.018721404,66.4967866,806.7677389,45.354888,205.369,2957.832,0
0.0368383,60.44598078,839.4973052,43.62346413,172.974,2575.283,0
0.027096129,62.15505225,792.4108766,46.19752839,208.979,2817.381,0
0.033281805,80.83789852,,55.48817655,169.509,5107.115,1
0.022126518,68.04505926,840.0929352,57.43097821,183.182,4770.928,0
0.024307421,74.52643029,792.4554556,52.98196612,205.407,2885.517,0
0.019714448,63.98258262,793.7403189,57.86194735,207.075,3289.791,0
0.020656117,87.33932897,768.5798308,48.52518702,200.566,3223.582,0
0.020835547,73.49285682,794.5756951,43.32049368,209.909,3101.213,0
0.020615168,74.25770213,839.646251,44.93860421,196.906,3518.837,1
0.026040402,55.21871717,798.5685421,44.07881656,204.799,2512.339,0
0.024897746,73.58788974,827.0792896,48.22398593,205.744,2533.009,0
0.032702997,65.59254785,784.7792551,62.22224766,188.464,4185.03,0
0.025759029,78.75302124,818.4966637,47.90740541,207.007,3152.761,0
0.026899525,63.04064116,797.5346116,33.61033241,212.179,2408.637,0
0.045344401,79.9042253,778.0248296,40.25122629,186.282,3298.937,0
0.025002281,58.41751115,777.6611872,54.59802341,185.866,3846.578,0
0.026498437,54.08943922,793.4159507,54.64729009,189.329,3720.499,0
0.033903304,65.19001576,840.9385111,48.93215542,169.887,3130.573,0
0.010694874,77.05639449,801.2865261,41.69888804,226.371,2420.198,0
0.022941025,59.89813996,860,52.41025216,184.808,4088.973,1
0.024452706,55.09818074,845.7115219,52.05831091,182.335,4209.18,0
0.030985991,65.67634596,787.9716937,56.14920114,187.656,2755.263,0
0.02438409,64.68958917,790.6019053,53.93083272,204.114,2991.679,0
0.030679506,93.47208488,767.0661357,46.15759991,189.151,3533.537,0
0.024214562,64.73818718,809.8731136,35.28501772,216.117,1874.516,0
0.016396692,72.90559667,802.767433,,214.164,3001.322,0
0.023011265,60.80704661,783.8787847,45.01898146,208.05,2735.375,0
0.017774926,79.95361042,807.4915384,49.52724648,207.905,2418.951,0
0.025674839,86.15015553,758.7311944,55.17924695,192.427,3498.264,0
0.030979659,65.15944951,813.4553229,39.64964399,196.385,3430.022,0
0.023233162,76.52041294,812.6326509,62.5673612,195.868,2995.84,0
0.032297484,67.07193562,785.3677019,54.60570216,189.377,3277.75,0
0.025615334,63.06744568,812.5561856,60.68203311,201.887,3452.479,0
0.028885122,68.57423611,812.5391828,37.76012531,210.128,1895.921,0
0.031530327,66.92021428,791.0940492,40.91814582,205.164,2450.263,0
0.022804743,62.76332385,834.080145,52.24429804,200.214,3484.837,0
0.023469152,64.67673567,,55.25038689,206.173,3096.626,0
0.024220207,68.81825768,811.1335265,55.40868552,203.924,2291.928,0
0.024194569,79.57961822,817.5823221,65.9424401,189.129,3762.576,1
0.025012361,71.16248301,802.4117965,50.50602522,209.656,3091.559,0
0.025218903,74.86105707,777.8291342,47.95987856,210.135,2410.643,0
0.022055924,72.32380712,785.0274448,60.44273243,198.035,2960.401,0
0.014792184,72.21613666,740,45.27411359,199.046,4073.34,0
0.017677934,93.35828216,756.0877958,37.23051626,199.436,3631.044,0
0.019741349,84.23720369,793.7032651,41.06283573,213.119,2782.043,0
0.019942094,69.23419763,789.9911382,35.11326845,213.176,2552.365,0
,68.19465436,815.4663763,51.99392256,180.637,2681.268,0
0.030140289,71.2959303,821.5523997,46.98031563,199.977,2489.15,0
0.044409656,63.53610911,810.980307,56.31299857,168.441,3395.577,1
0.027700331,89.26149623,788.5490588,58.34637244,197.344,3960.6,0
0.015399031,71.5393107,803.329702,48.43499809,207.492,2415.33,0
0.026984737,82.91363119,836.1968706,43.400353,198.368,3338.464,0
0.007525947,71.54299545,,42.87885267,230,1678.046,0
0.012617209,83.74522492,740,52.70968198,189.872,5090.458,0
0.024098385,60.28375205,821.9417786,57.14682083,198.028,2881.731,0
,80.91551972,789.0632578,51.52172799,192.086,2440.378,0
0.020189764,80.72606929,785.2977316,63.41089891,192.779,3380.265,0
0.02961738,66.31570264,769.7274663,45.21464838,199.518,3045.344,0
0.029332674,53.72948291,828.1875758,49.23301567,184.826,3240.79,0
0.026173458,81.55236626,795.7973592,66.35647541,186.428,3651.73,0
,70.58499523,777.5589368,51.11299455,195.109,3362.527,0
0.009148691,80.44328069,764.3806622,43.85744638,213.556,3037.416,0
0.010582747,79.43642126,744.3004621,46.48466569,209.837,4174.576,0
0.027381155,63.01868187,810.4133167,54.89592458,191.084,3275.939,0
0.024662715,58.55700277,860,32.72710052,195.488,3519.925,0
0.033585622,78.41079698,827.2431153,50.43999494,194.965,3498.605,1
0.018636767,62.22202092,797.0124224,48.50965014,209.051,2459.147,0
0.03306654,75.42589701,791.4970503,54.66011458,192.574,3236.789,0
0.032083355,82.2252617,779.5565639,49.10634562,190.54,3177.099,0
0.032250521,72.54171439,793.5934571,49.05406925,201.138,2801.62,0
0.032620713,75.7198682,790.1082542,43.6600735,199.855,2557.113,0
0.013283129,70.59356462,797.7850088,52.92715131,206.537,2603.156,0
0.031339159,82.15174873,786.7762041,43.9803426,200.05,2971.116,0
0.029532647,70.26971135,801.5010247,37.76122983,204.312,2783.919,0
0.008841625,81.11311095,825.3282724,44.16064374,213.63,3183.961,0
0.020183774,63.78936835,789.1151799,60.14098224,203.051,2649.743,0
0.021153371,,825.5785254,59.66773174,192.786,4746.249,0
0.028757533,92.58038381,814.0377491,55.99623637,181.987,3866.569,0
0.027640672,67.21983485,845.3692953,45.66115576,192.592,3128.197,0
0.016940479,71.11628592,794.1791169,45.64452869,219.89,2533.167,0
0.025648845,65.84451695,817.1423154,47.84191408,199.73,2948.055,0
0.032996449,68.51852581,829.8357126,56.47972722,181.951,3306.717,0
0.025646794,82.12679872,782.7614613,52.15888415,191.067,3841.715,0
0.018035704,53.30034877,778.3605827,51.29453724,206.588,3655.823,0
0.028716299,71.32120352,814.5713147,37.16679618,209.648,2739.525,0
0.026712983,72.90037039,766.420841,51.54555341,193.714,2282.817,0
0.026377514,75.18099065,782.4438836,43.52097413,201.022,3160.862,0
0.013158806,82.64270694,756.5895002,50.54503572,206.021,3347.244,0
,76.61811231,779.3279448,57.79228238,199.056,3296.08,0
0.024878413,60.8982027,821.9531409,48.12797603,198.843,2877.192,0
0.015152153,,794.0898622,46.76157621,224.386,1451.621,0
0.016049213,80.84736157,782.6195568,37.39948446,221.772,2354.184,0
0.0062676,72.56038814,799.6257164,54.84379343,217.641,2880.735,0
0.025965227,79.53271418,784.1055235,46.0384268,208.281,2515.041,0
0.036819502,66.07173992,810.9261423,46.99068485,189.249,3769.925,0
0.027840747,52.66886495,827.1089432,40.07001134,194.541,3717.322,0
,57.41934214,796.2959382,54.51738171,187.373,2668.156,0
0.022498047,72.71742473,794.08036,47.82955503,211.71,2414.564,0
0.008715093,70.40387263,775.9091481,61.36316333,209.906,3179.82,0
0.03121462,83.9221864,815.0576348,38.30279876,198.89,2531.227,0
0.02463991,71.55289763,824.4355383,51.37317935,190.588,4750.517,0
0.02584808,80.35384103,789.3547677,54.84070313,193.093,3564.359,0
0.020152147,60.8106132,796.3610833,45.87860214,211.038,3245.289,0
0.02417367,77.03956618,795.4096312,56.68483215,206.253,3136.395,0
0.023095401,84.99038335,832.3331223,54.19402626,194.092,3501.552,0
0.023468392,77.42967793,761.4445049,65.84009563,187.185,3750.101,0
0.011208898,68.88736929,806.2474432,45.23366958,216.647,2822.83,0
0.020194773,59.44916117,860,51.06305517,185.701,4369.72,1
0.028841712,68.34077059,814.1067497,36.9235298,212.696,3050.175,0
0.021140624,56.54926724,841.763493,39.80680318,207.511,4424.947,0
0.022781137,66.30289029,790.0718855,44.23165363,210.807,2928.7,0
0.005548817,80.96699925,791.0549128,51.41533621,219.392,2568.686,0
0.026105676,,793.490894,55.16022929,192.157,2953.976,0
0.023196359,64.35208904,829.7658499,47.65511921,197.636,2924.817,0
0.01049123,75.04994598,815.6604232,44.65277911,221.701,1984.888,0
0.032330261,65.73576593,768.8309279,65.1045647,185.964,3612.351,1
0.022362895,76.72712943,824.2065909,47.39959431,206.047,3421.204,0
0.022189038,74.32416216,752.4134805,55.67508371,190.495,3717.28,0
0.024323478,83.72333582,786.0663372,61.13504078,197.038,3948.103,0
0.022387826,74.26111442,783.8131835,51.96445599,208.354,2933.584,0
0.011120942,68.52371398,758.4059037,55.65090061,201.49,3993.816,0
0.023669373,68.2196092,,56.04079406,205.252,3113.97,0
0.026010002,69.843002,849.5689198,40.27463142,191.832,3353.613,1
0.021056285,74.26627537,779.4514985,44.49347641,204.888,3242.338,0
0.014796798,79.39178172,832.513861,58.41736335,203.684,3034.658,0
0.018539033,67.70547592,762.3551127,48.04703606,203.813,3373.438,0
0.01232996,,846.843939,40.55067949,207.741,3515.953,0
0.03243176,80.91255583,774.0191762,49.49404734,187.551,3461.277,0
0.015394127,,815.7016194,48.39545703,212.427,3114.138,0
0.01646132,65.58105001,,55.49270552,217.307,2774.942,0
,73.41020767,819.7916167,47.34436149,208.392,4019.498,0
0.031273073,65.8467589,836.3069192,58.75625345,176.483,3206.197,0
0.021822294,59.7561704,,44.13991277,196.747,3581.636,0
0.026658305,66.5453667,,61.44664403,188.744,3519.356,0
0.023105347,77.51350422,781.1980795,57.06244406,195.008,3385.995,0
0.032303898,67.21022172,824.1819223,50.99691901,187.204,3120.024,0
0.030659201,64.20341806,803.6183668,47.17908652,201.135,2564.722,0
0.035520792,62.28215203,799.9024903,54.68561854,193.963,3976.99,0
0.019282866,70.45752831,793.0367826,44.52911327,214.746,2797.533,0
0.018655778,59.5796052,804.1000593,45.4124385,213.527,3152.333,0
0.033008943,83.02518811,767.2214131,50.29306169,185.754,3408.371,1
0.020470717,75.25108776,746.1804498,35.12905278,201.989,3026.12,0
0.009259592,74.04230471,815.567371,46.21614546,223.065,2254.638,0
0.020746623,81.18328615,788.2090217,53.18392796,203.007,2751.026,0
0.024614683,79.28821492,849.4085762,45.19828836,193.191,3662.906,1
0.025510385,69.83851236,812.331865,59.72399892,190.727,3947.44,0
0.036682641,86.8082037,778.7049743,45.94960947,188.704,3754.186,0
0.032270118,74.4262904,830.3554267,48.57149718,189.676,2800.376,0
0.019498126,78.65135866,765.1111914,48.43140494,198.319,3518.39,0
0.020650774,58.75073516,844.0103902,44.30233027,197.825,3816.029,0
0.025195369,68.28046157,785.8707793,38.4370814,218.935,2717.096,0
0.012339629,72.36652904,793.455465,29.96959447,230,1898.723,0
0.028658695,63.07206049,805.8261638,63.1052799,191.706,3269.635,0
0.029882462,79.46582741,798.0494811,54.09157039,199.267,2621.641,0
0.035512076,80.02751644,788.0297935,60.13259737,189.199,3199.676,0
0.021166472,52.43086496,800.2992941,43.54100745,205.452,2606.565,0
0.025771889,79.96595324,818.8248503,46.28554643,200.215,2863.953,0
0.018982506,75.89718792,788.899279,43.89238172,219.163,2298.222,0
0.024000869,75.01856595,776.4486403,63.988612,192.291,3550.551,0
0.027817448,70.63766236,778.0503345,42.42918666,197.151,2918.675,0
0.031376517,67.01219587,777.6572203,38.16111451,202.138,2587.889,0
0.019735192,67.9721885,806.1462982,57.42919872,202.634,2576.597,0
0.032776762,66.56103501,824.5049842,46.87356379,191.233,3362.105,0
0.023869024,80.13478977,798.5416682,37.25734051,206.015,2435.866,0
0.019561768,75.64272554,776.9358767,52.54823011,196.882,3283.737,0
0.016831742,79.31437777,802.367877,,205.417,3048.667,0
0.036012658,64.83004196,759.1727489,57.8741624,177.531,3766.362,0
0.028768792,52.9012984,810.1869939,53.49878999,191.959,3845.708,0
0.032573093,61.76118105,794.2020927,43.87738932,207.573,2676.999,0
0.019817604,65.48714563,,56.22427868,196.667,4071.233,0
0.036531612,82.53689579,817.8951504,46.0430896,190.719,3619.095,0
0.028799356,58.21969987,804.7883525,55.02196517,196.185,2689.471,0
0.021092141,71.29988402,855.0492831,58.67279174,191.587,3616.222,0
0.026803346,74.95858798,796.6829396,53.76208584,201.327,3286.557,0
0.026151096,79.0597095,823.653883,43.83428677,197.096,3858.85,0
0.024043524,62.28423968,792.2751839,50.39368933,198.692,2510.721,0
0.024638904,54.65894955,827.4581227,53.18435986,206.598,3403.098,0
0.034284579,,782.1425761,55.21718107,185.107,4086.352,0
0.019555409,81.51971817,784.7259703,55.30518919,197.655,3416.919,0
0.022217004,68.56331519,770.2529434,52.37935986,204.203,3715.414,0
0.042440758,76.92683975,806.4494063,49.62607976,183.427,2839.155,1
0.032140698,71.39208228,776.5763569,39.67713727,208.089,2819.722,0
0.029736172,69.47241055,800.8960573,41.74981426,198.574,2752.103,0
0.034277349,86.73455135,827.7960635,52.30290739,178.854,4497.816,1
0.017519985,73.00173166,746.5286681,61.83624926,189.612,4447.265,0
0.016564464,71.03803129,765.2596461,56.59845083,195.433,3351.941,0
0.024998021,,834.8609414,62.0184272,176.388,4132.937,1
0.042017861,71.56114506,804.0838627,48.74703037,171.59,3935.172,1
0.023782296,65.50070499,841.6320005,43.91935104,194.85,3488.393,0
0.017698951,83.54605567,792.4607967,48.97011851,207.286,2849.633,0
0.019768543,80.42457163,772.9785554,53.62793909,204.548,3243.208,0
0.021816985,80.98107553,782.0070088,39.32639869,207.566,2368.522,0
0.010883986,82.76002554,819.1626411,30.45132233,229.756,2904.438,0
0.023571226,68.76808919,756.1214281,46.26273559,197.414,3546.783,0
0.030771094,,806.217451,42.20508848,213.529,2063.464,0
0.028131574,64.91441495,816.5921578,49.71491939,200.736,3616.591,0
0.009451036,71.69935099,815.6274931,55.28389721,215.475,3002.663,0
0.02715647,67.40915113,813.7579044,37.77555825,210.156,2152.907,0
0.014142841,75.07645089,766.8825995,58.15200776,195.982,3244.166,0
0.01890036,68.56076437,793.2044943,33.96189517,212.976,2428.979,0
0.016968231,81.41057221,784.9023734,62.54151521,196.505,3535.85,0
0.029357863,64.98590093,799.3969254,56.91337429,191.421,3066.58,0
0.03432022,65.65240644,859.3893186,31.99644731,168.388,4274.247,1
,65.40207675,768.8868122,44.82605072,197.745,3084.184,0
0.013619788,71.85389767,787.708071,60.1285669,195.189,3962.625,0
0.024911553,72.47232263,807.0795666,44.03732305,207.163,3276.067,0
0.020190044,73.53758818,809.2907068,60.72337151,196.567,3897.172,0
,68.34530448,796.330053,65.49111921,192.523,3281.956,0
0.031311269,76.2712398,807.0806618,42.60290399,200.457,2853.538,0
0.020833996,75.30277668,756.61133,49.30192086,196.687,2831.172,0
0.028358398,52.11445872,799.8821255,47.88286522,197.972,2968.011,0
0.027680922,71.13818099,807.1793394,62.66356582,194.535,3010.935,0
0.014245706,81.82351977,795.1561373,51.6826004,205.393,2773.429,0
0.030231953,83.00445322,814.4203346,41.92922863,187.585,2601.11,0
0.019944146,74.68040677,810.856204,49.81850907,204.327,2408.827,0
0.032554315,81.64111578,793.3080955,49.31666695,190.947,3258.041,0
0.032454986,79.25686015,790.2417655,45.55830913,194.519,3068.218,0
0.035416688,91.93417395,754.2423938,34.24350661,196.644,3233.717,0
0.024090139,73.23601125,795.1619059,60.28938753,194.167,3416.63,0
0.018105023,74.48721845,750.3613106,56.96012117,186.723,3797.045,0
0.01453041,68.65358039,802.6038793,47.48272398,222.401,1828.708,0
0.018093991,80.40541104,799.5490771,49.34464079,210.269,2829.954,0
0.029551476,78.67983098,817.109704,54.01413106,204.705,2595.409,0
0.024245271,93.92265658,782.4755649,64.9100144,193.877,2804.009,0
0.024410177,75.18551669,831.1101773,55.64511139,196.796,3161.532,0
0.020979663,59.44927072,813.1216056,34.14513562,222.973,2746.831,0
0.02663791,61.88783127,817.3489124,54.79572131,188.786,3090.895,0
0.031090309,60.58340905,794.9923288,55.27220184,193.724,2977.272,0
0.031304939,66.297962,837.9144039,48.5144671,183.15,4350.281,0
0.021314554,77.55654405,836.378854,46.69466238,206.834,3017.638,0
0.027996399,81.51585121,791.933964,48.47199997,200.346,2687.744,0
0.017249401,88.46208537,744.7982983,55.36999367,182.373,4511.46,0
0.024667834,66.20834391,813.4362892,45.49363902,207.947,3186.05,0
0.019115454,82.88755168,827.880275,65.32494142,193.416,4968.41,0
0.017067158,62.79975535,834.2664028,43.62554121,216.274,2231.375,0
0.019004576,71.14066587,837.6290352,51.42557235,198.157,4645.712,0
0.023658192,54.17248908,811.198111,54.96556208,197.631,3695.569,0
0.010729895,72.55393716,783.1365371,45.09971842,218.937,2653.732,0
0.027313481,63.71882315,793.0883417,51.54148614,196.635,3193.08,0
0.016848356,78.45878626,784.6797025,51.52388235,201.233,3411.123,0
0.03305617,69.90928535,770.2911858,56.06090664,187.53,3297.057,0
0.022461065,73.30277579,791.3928689,71.61322926,193.202,4391.594,1
0.016381901,80.32824434,826.8396388,51.52089611,214.856,3030.377,0
0.021127802,65.0276267,843.7671086,45.58789985,198.113,4457.558,0
0.027828272,73.43035634,781.5444994,49.61040444,189.347,2940.149,0
0.00873949,80.42118851,794.2429356,55.98810557,215.497,3161.647,0
0.03089785,87.2070302,772.9976534,42.12612476,198.267,2968.673,0
0.033910935,76.63280083,806.4053219,55.30865598,188.414,3289.413,0
0.033925491,55.52420081,860,51.29869532,156.536,7106.238,1
0.023350117,68.24339783,817.5205727,58.8869671,192.249,3662.055,0
0.020053963,79.16844222,803.5026961,64.894775,195.614,3243.941,0
0.023041872,59.48823553,814.3529759,46.91530259,200.899,2863.757,0
0.018453046,73.59654257,809.0257214,47.08074401,216.519,2140.549,0
0.022876453,64.08140355,837.3810568,55.26626014,196.068,4468.409,0
0.024422836,77.63109202,790.0032838,56.51166384,203.355,2953.09,0
0.019851555,73.7395752,835.6365294,55.08890762,200.356,5210.259,0
0.019307532,63.71845814,793.5412048,60.76886655,197.888,3572.238,0
0.029590094,58.98330448,813.6655954,48.4996837,195.49,2753.664,0
0.014611786,88.78603667,767.6401295,,193.423,4346.562,0
0.027593747,65.14061417,804.839786,31.39934348,215.18,2414.609,0
0.026095992,67.42819863,808.0495185,40.71103774,208.969,2206.222,0
0.011528705,57.1120079,,48.58074709,210.693,4749.776,0
0.031501572,71.31728347,791.3984066,54.52922099,193.001,3380.797,0
0.006839849,55.81135678,816.0333559,45.17904079,218.458,2859.542,0
0.027434781,78.57194949,811.9612545,50.01838795,203.425,2031.188,0
0.028447796,69.73066088,779.2236752,45.68473121,190.626,3434.024,0
,79.38466099,790.7048513,43.64661801,218.219,2570.484,0
0.023508367,69.86087565,789.1831769,49.02317742,207.3,3009.213,0
0.015749574,82.72365177,792.3654132,45.19900624,216.119,2694.673,0
0.029723657,64.91954931,780.9371111,51.08465265,191.138,3230.49,1
0.011450558,67.71845187,828.8957823,59.79705127,196.299,4000.738,0
0.027848822,73.00365743,773.1400435,49.23721907,197.52,3465.732,0
0.033783314,70.25121934,793.5268997,46.83832575,201.002,2718.388,0
0.018005895,57.07451024,799.0971317,44.39245339,217.035,2135.185,0
0.020396858,68.19754106,814.0628544,54.09945285,199.904,3159.134,0
0.017590673,68.40497627,786.5587136,53.49009827,211.668,2604.936,0
0.034377738,55.37292763,777.7660349,57.12318796,183.415,3800.956,1
0.021154581,67.60076868,815.350784,42.73767152,207.55,3694.624,0
0.018833438,80.98584104,806.4938121,54.85046463,199.34,3248.674,0
0.014147075,71.8298296,815.5158107,53.08996865,210.586,1868.576,0
0.032623946,86.5728728,755.8826558,49.71670062,189.506,3689.32,1
0.024434478,65.18459186,770.3031261,56.00678131,197.529,3738.703,0
0.027199802,,832.4527837,55.08741304,183.903,4376.807,0
0.029027233,78.78854702,,53.12338497,196.988,2750.7,0
0.02500011,76.05378994,,65.74841485,181.854,3102.348,0
0.020100874,65.66211296,818.7542824,52.28971386,201.897,2279.891,0
0.024770117,61.74598682,748.0728252,61.89843968,175.432,4653.348,1
0.015204,69.64058591,813.1815474,42.96335221,224.529,2914.124,0
0.021309313,69.41311248,853.9786904,70.22804644,175.512,5920.065,1
0.022370354,56.38576202,825.2659175,57.7402793,184.041,4450.695,0
0.035137098,64.15948049,801.5162529,59.75990465,187.277,3489.399,0
,59.83643705,808.4931374,45.74281245,197.141,3302.152,0
0.011706043,74.39735791,843.8158646,36.73809945,215.72,3036.036,0
0.020105801,70.25258386,754.0274996,65.69376993,184.047,3709.034,1
0.0189182,69.65596698,780.3931967,54.95062533,202.12,3839.045,0
0.030440119,63.82389659,838.8949672,43.51875108,188.995,3838.026,0
0.020666433,70.58525191,805.724114,44.97743572,205.195,2693.147,0
0.021290308,92.9350301,802.2569141,45.57262457,206.585,3585.059,0
0.029608748,71.23047053,825.4889242,,191.365,3126.63,0
0.023815473,64.97520807,787.4128071,46.86680785,204.992,3749.874,0
0.0373679,71.29216994,796.9270366,67.37176227,176.692,3422.774,1
0.03604525,60.79746492,787.4541432,48.61961707,194.728,2838.515,0
0.012609573,71.35190163,813.9311716,48.94429648,219.008,3633.765,0
,66.233461,839.5732319,59.21825383,195.519,4622.762,0
0.011984544,76.87309106,776.6965964,44.7338995,212.996,2752.869,0
0.036062919,71.56583832,762.4618391,42.55167205,181.829,3730.654,0
0.01507218,61.36728605,815.5081712,61.3980723,198.679,3309.037,0
0.02236979,71.79209851,817.1946778,58.23201638,197.459,2824.426,0
0.023040519,79.85212762,791.8492543,52.64081484,203.269,3288.571,0
0.019826597,85.60234278,773.2219068,52.88986943,199.185,3438.371,0
0.019612935,75.62572832,797.0337799,52.63961701,207.182,3208.159,0
0.024581465,77.81716973,801.4001151,47.84071332,205.677,2635.042,0
0.022099575,59.43500577,819.9533266,58.73172158,205.49,2850.35,0
0.022546123,77.21173083,784.3374365,56.04699646,198.924,3159.866,0
0.022265472,66.75069047,856.6021586,57.34817845,181.619,4859.982,0
0.018975968,63.99699886,807.9148928,45.77075506,215.232,1857.864,0
0.015873785,77.0992728,769.1407159,43.33310235,210.698,2557.178,0
0.032160248,64.45627896,809.1236602,50.93696122,188.804,3615.812,0
0.029089984,77.73002261,772.7974745,37.90594962,207.56,2328.011,0
0.010468144,79.44556166,786.9801392,49.29741904,219.082,3293.482,0
0.011347928,66.75569171,832.1473652,50.99463058,215.337,3793.161,0
0.026495206,75.74624398,801.5033906,59.11668705,199.512,3048.674,0
0.022160819,67.40832723,773.6545559,43.20552916,205.966,2998.388,0
0.027093556,65.37984786,818.0245674,67.75761485,189.682,4622.525,1
0.035993809,87.98324701,771.4670613,56.18975016,168.723,3893.845,1
0.014449523,67.83566774,827.017821,49.35431577,209.794,3036.905,0
0.010948901,75.39360305,778.1295438,45.04148175,215.802,3980.092,0
0.040816618,77.49977715,815.9315752,48.40334278,181.974,2108.21,1
0.028462757,91.19564027,815.1584075,57.36702343,184.069,3429.407,0
0.017816679,,814.2580367,52.90631196,208.567,3596.6,0
0.027243288,80.34572133,751.9388184,43.92044202,202.752,3297.502,0
0.018969521,75.48597473,784.6352371,53.47633704,199.377,3714.986,0
0.019336917,81.00691202,789.9917328,60.72084359,197.853,3251.874,0
0.028270855,81.13381393,795.5804585,38.9777573,208.444,2301.955,0
0.032500277,65.06125139,766.8736864,45.03795973,194.593,3080.896,0
0.021131314,84.8867944,785.3302846,39.6641976,217.2,2385.633,0
0.022620469,62.97175899,793.7883314,57.68433131,198.863,3605.352,0
0.023589212,68.98135884,780.0842337,,202.949,3142.875,0
0.02749313,74.93240722,823.1715048,44.21200559,194.403,3325.967,0
0.020616515,78.47746526,806.3288623,48.09927654,201.101,3173.856,0
0.019764035,69.81886221,792.7772636,59.50260722,201.14,3775.059,0
0.020363438,69.88439323,800.4506419,48.53611929,203.662,2458.333,0
0.0093444,71.85974563,770.0226659,70.03625807,188.247,5081.029,0
0.032402095,64.09501956,779.2940602,47.3930654,195.63,2614.279,0
0.020423303,,798.9779617,52.77391718,201.723,2843.157,0
0.032851075,60.12217514,842.5933187,70.41698375,160.446,5189.358,1
0.03633592,76.54629603,791.8108792,43.7653918,196.79,2637.075,0
0.023239471,55.36048426,812.1686107,59.20726437,193.461,4073.57,0
0.023108941,78.45786318,811.7631353,42.10131829,213.493,3094.318,0
0.027502557,83.73126332,786.9261877,51.5563347,200.506,3015.409,0
0.037475801,68.2709413,816.1813794,56.02720677,181.688,2086.16,1
0.028131337,49.58584814,803.0744166,56.96191871,183.518,4105.548,1
0.012558342,63.84147793,820.4594428,34.80041147,221.162,2498.484,0
0.023529707,74.49517248,816.4121072,49.35832804,200.755,3177.747,0
0.022135031,57.43520864,840.5104443,43.40780399,201.403,2869.423,0
0.032462175,64.1625819,841.1389918,60.20338913,167.922,3914.297,1
0.031035017,80.55260598,787.7061041,44.74864482,198.155,3007.732,0
0.028936277,48.6917687,815.6032502,37.05227446,203.376,2208.196,0
0.023824954,71.09014747,795.8010853,50.84921618,209.264,3038.079,0
0.014266025,70.38271256,817.8653163,43.8868919,211.296,3181.225,0
0.023931995,67.20094254,,56.78544139,191.61,3693.871,0
0.036786079,69.40235068,828.1205798,52.60200589,176.858,3303.087,1
0.013028525,80.35743519,796.6643586,41.70319199,224.855,2447.029,0
0.02745,82.83963205,778.8661799,53.21996029,184.499,3093.39,0
0.030056635,74.3215983,784.6660447,61.57519131,192.903,4062.049,0
0.037930684,71.9369039,797.9313377,45.72510854,193.471,2886.971,0
0.033413939,72.433509,789.1644872,37.82486019,202.687,2115.05,0
0.021033485,65.36566098,832.1858227,44.06766369,191.935,3477.031,0
0.021111922,61.44970629,797.8940051,42.25995636,214.726,2449.047,0
0.028364893,58.72486275,,52.01630288,195.145,2843.839,0
0.024449719,,810.8407166,47.21665414,199.209,3954.345,0
0.02571834,64.1075455,792.7081976,40.80924683,210.296,2840.431,0
0.028410466,84.26943252,812.334308,47.10985839,196.225,2792.037,0
0.029517486,78.93804578,819.3767784,28,200.398,2714.062,0
0.021539733,,806.1968191,61.07805828,189.114,3299.994,0
0.016584728,62.14507581,839.6901216,49.37657379,195.707,4205.833,0
0.023934828,70.34058545,819.4569539,56.73486339,199.103,3832.788,0
0.031222819,65.01793993,835.7697901,51.48644062,178.28,3571.159,0
0.0199084,61.90211555,842.2706813,47.64375142,196.287,3476.112,0
0.019622393,86.86218613,824.4957053,56.50456124,196.844,3407.496,0
0.037791608,67.99067047,790.0938079,31.29738986,201.106,2188.776,0
0.026744546,70.03831834,789.9490265,48.25249769,200.677,3528.846,0
0.034196795,84.8928433,786.7554661,44.15760374,194.532,2759.455,0
0.027955845,60.15557219,823.0325082,52.81093737,195.252,3617.369,0
0.034524857,76.23641084,799.1813347,45.11124853,202.191,2948.279,0
0.01724273,73.88790878,811.4697476,48.98994101,219.913,2785.503,0
0.022380374,73.54347929,807.6490812,41.33497846,209.446,2346.716,0
0.018048362,69.73541614,793.6316077,40.73350118,214.332,2222.811,0
0.035152273,79.97123799,750.1801903,56.94044803,167.95,4106.46,1
0.016437948,72.17877078,793.5066979,53.97130753,202.091,3065.369,0
0.022764613,70.19997113,784.9338363,55.09626631,204.356,3859.997,0
0.022880617,75.43302898,831.7780185,,185.718,3609.491,0
0.014371477,89.2541475,740.5421115,34.39028386,207.271,3477.52,0
0.035057987,69.85119792,754.9778522,51.79463822,178.453,3927.406,0
0.026986222,54.82686851,801.6148895,60.022527,189.642,3027.55,0
0.034506112,83.97445035,777.3734276,52.35437308,200.786,3456.556,0
0.009339696,81.74359247,808.776433,61.46583563,216.108,3072.229,0
0.02208597,71.63282037,747.9979725,35.75900617,200.917,3645.178,0
0.008665818,60.90671647,823.3034216,38.52565334,221.082,3815.824,0
0.026891788,69.331556,795.3146601,54.89625192,203.476,2572.495,0
0.021354776,67.09757624,816.9148951,48.9744964,210.488,2913.494,0
0.017565459,73.95528909,775.4612819,43.0260615,214.609,3325.505,0
0.020019672,77.55771389,789.1394195,52.70470582,200.972,3620.921,0
0.014825547,74.51157654,801.6122499,46.56716151,215.073,2846.462,0
0.02013461,71.14936783,796.755488,65.09813479,197.677,3603.31,0
0.028934898,,837.7104492,52.16789409,186.392,3992.154,0
0.019601614,78.25250888,832.6176146,39.06990152,206.121,3975.046,0
0.017321132,85.32329065,774.3808492,70.15421216,187.432,3758.955,0
0.028846882,66.98863037,826.0906089,,182.267,3813.659,1
0.013848379,87.26676308,,58.03839432,200.907,3560.829,0
0.029777656,71.69406312,781.2093223,50.77549292,195.147,3349.569,0
0.026081791,66.17876277,801.650679,59.95189014,198.833,3365.793,0
,71.11955105,829.9942858,42.78265717,227.889,2443.654,0
0.03607215,59.55018134,823.0505296,48.75106329,184.977,2473.797,0
0.02810649,63.73182135,787.2920801,31.30053512,214.162,2105.876,0
0.014490859,66.71085355,805.9441417,48.42380188,218.758,2990.262,0
0.01218503,60.83254108,811.1793411,59.40976334,205.773,2850.654,0
0.026805295,59.64494889,805.0593157,40.26567163,211.15,2191.748,0
0.020357342,69.5279421,780.9129821,48.48734649,216.974,2490.195,0
,87.20209301,816.2628526,50.04782658,209.634,2876.309,0
0.023996907,74.65198085,764.1145474,57.14489539,191.323,4181.33,0
0.023342476,85.13931405,816.93785,,207.755,4235.219,0
0.019035932,54.08949096,806.9417969,45.33107756,211.919,2748.017,0
0.025676487,74.73999409,749.7966336,58.21811985,180.043,4637.494,1
0.016899648,,819.5168256,54.1879807,204.936,4033.134,0
0.020639652,53.63783988,846.0598358,29.56028382,203.79,4185.45,0
0.026461261,48.8165454,842.4607183,42.5045612,181.076,3959.089,0
0.028961614,74.08057112,845.8684963,44.26110326,185.345,3671.356,0
0.028764598,78.59022624,806.8504622,60.57590233,187.249,3536.115,0
0.02822877,75.62220462,774.2979467,31.9608954,211.94,1839.938,0
0.022161743,70.03923597,812.9315567,53.86217235,198.23,2549.448,0
0.016525228,62.39434904,830.9101665,40.21518851,219.783,2470.466,0
0.028584597,64.8191951,818.131177,58.27944625,194.392,3025.867,0
0.024378351,71.46570028,821.935617,46.11738658,204.745,3438.838,0
0.017718707,70.54779853,816.9186682,49.01744154,208.795,2666.688,0
0.024936297,69.66296262,799.924884,57.44858292,201.053,3135.67,0
0.025558403,73.62638216,839.9412671,62.42636361,182.821,5560.51,0
0.025214394,83.74710717,767.9681681,52.6345815,196.792,3600.116,0
0.022134147,83.68333565,785.752641,37.48513821,213.628,2627.899,0
0.03235935,71.59989145,852.7365697,51.2242697,166.138,4664.215,1
0.021337711,81.10884762,799.0957712,50.2023305,208.939,2790.814,0
0.030370911,86.69490824,763.9193081,59.06794013,185.403,4109.374,0
0.027584099,72.30911276,799.8234853,46.63372315,198.411,3023.306,0
0.027572078,71.49005433,781.0791667,52.65325642,187.393,3385.584,0
0.0216901,77.49338048,826.750903,49.3225358,202.373,2919.546,0
0.026607639,76.23617711,845.0886446,52.99505987,188.213,3930.602,1
0.03504408,74.63313674,775.3201034,58.19434953,185.98,3913.85,0
0.025251739,82.40570543,792.9785094,45.07072506,209.105,2368.98,0
0.035888931,70.76094504,799.5919485,32.65089789,202.968,2267.462,0
0.023500262,68.35105122,784.8018776,53.68314401,193.997,3070.493,0
0.017067989,,789.8679058,58.65601208,208.719,3613.324,0
0.020300536,76.02652458,802.8212256,56.72119509,208.464,3405.56,0
0.025076823,64.11232603,825.1615243,59.96303504,187.424,3603.508,0
0.015624604,57.85087168,823.0984601,39.52206809,209.957,3270.031,0
0.025205781,74.4070531,740,52.84870437,178.961,4401.066,1
0.026580588,75.84951092,797.1375116,41.01097873,207.569,2133.37,0
0.027816866,91.98855132,786.42446,54.97115218,189.34,4071.644,0
0.01617166,79.80252555,807.9583978,59.58924869,203.185,3426.527,0
0.043964768,69.65938862,840.6692489,59.61132528,149.013,3646.908,1
0.032924716,,788.015658,54.24616901,184.245,3247.094,0
0.02135633,58.75223864,,49.37333967,197.449,3165.45,0
0.02499536,76.73498743,804.043337,49.57623489,206.343,3113.252,0
0.026982992,66.66644243,769.7929344,56.81189423,183.717,4523.504,1
0.016946085,65.34249403,814.7456298,51.83067627,215.966,1973.57,0
0.034485274,60.5116004,770.5351551,55.40782817,182.037,3546.341,0
0.027409336,78.59430396,807.543479,48.89075163,202.517,2512.433,0
0.030461381,83.81038498,752.7120044,50.28969711,190.072,3084.607,0
0.016625979,66.36891991,793.1233819,40.71334812,226.763,2250.95,0
0.034282992,79.973739,778.7195042,48.04757844,192.412,2984.49,0
0.017223266,72.70065137,797.4196645,52.31083169,200.382,3693.266,0
0.02402646,65.7819395,744.534769,55.77540025,174.313,5100.674,1
0.02338768,91.78179905,803.5661549,49.89025844,206.588,2989.533,0
0.025271214,65.87768671,813.8620742,33.41539429,220.687,2258.474,0
0.017114224,80.5972141,810.0164351,50.89187558,214.565,3409.506,0
0.021659547,70.07589789,827.153834,40.96701493,206.232,3131.679,0
0.032912065,68.38157016,831.9963998,48.05824715,179.825,4864.682,1
0.025081233,72.09619549,778.7556036,,198.193,3312.02,0
0.017021609,81.95854325,756.3022472,67.73423296,181.516,4580.645,0
0.028815921,71.31583875,786.0936093,44.60533143,201.552,2976.965,0
0.032571279,68.11996866,817.9980287,43.08620495,201.36,2084.338,0
0.024866152,67.76951693,752.9071538,51.50733206,197.288,3502.536,0
0.031636776,59.82888011,807.2980319,55.27773121,195.132,3868.752,0
0.027825817,69.78011189,826.4158961,62.31967003,187.81,3509.583,0
0.025516631,55.58999918,795.7901344,42.46716908,211.358,2061.841,0
0.0335566,70.80414882,785.5116853,58.04751805,183.894,4007.564,1
0.025857029,84.59374716,773.4882761,49.5177611,201.683,3177.597,0
0.034036307,80.94993332,801.215367,54.75998281,189.578,2398.935,0
0.015796538,72.68541163,772.9249572,65.62015973,202.465,3207.074,0
0.016387736,74.21887496,811.7001169,54.30931998,205.294,3475.54,0
0.024678391,72.71856728,810.5788209,52.30865344,202.783,3773.086,0
0.023817391,59.47574835,787.5092275,55.58621615,199.826,2776.666,0
0.022238773,69.95388766,767.7273411,47.44706377,202.374,3236.602,0
0.04663702,71.7942285,757.0788447,51.49434465,162.784,3850.613,1
0.041404167,57.33964202,790.40785,36.59245728,188.68,2426.347,0
0.028077462,79.2284873,822.6961028,45.82724708,201.882,3143.498,0
0.02522501,68.58241919,803.9216264,42.28337008,208.943,2902.735,0
0.03635208,71.57069129,806.6052034,40.98961408,201.592,2344.048,0
0.023528845,64.96990584,778.9970417,43.68450274,209.489,2759.426,0
0.031072676,62.10289781,810.1283232,55.46977375,192.068,2491.142,0
0.032718179,68.34786469,847.2388932,52.55782421,171.112,4020.618,1
0.027098722,87.96558763,740,48.93641212,178.966,4384.531,0
0.028222839,83.94009776,782.062276,54.96879554,185.478,3784.149,0
0.026243268,83.69913765,790.1097474,53.11271063,197.609,3270.027,0
0.0239298,85.93890687,757.0827002,51.33089274,184.801,4122.188,0
0.022742472,70.6987801,791.7680612,55.95118823,207.591,2774.69,0
0.017608111,81.10106814,858.6139717,58.29609715,180.986,4970.729,0
0.030054723,65.79178724,809.0743406,43.84582481,197.797,2375.045,0
0.009902633,76.87759854,764.0397901,53.01217349,206.131,3301.095,0
0.022951406,78.49883479,834.3028605,54.2113648,195.491,3518.709,0
0.031446666,66.75250283,836.5036419,48.36849841,183.885,5460.424,1
0.011240549,63.89912877,800.8099487,57.88707437,209.557,3426.586,0
0.014426959,71.94308593,796.2326063,44.32468576,216.828,2617.47,0
0.029450651,,783.7726954,41.88406793,194.717,3144.702,0
0.029042325,67.91793361,809.8625248,41.04583859,204.438,2866.08,0
0.026084755,75.64620892,790.2043027,48.1771511,197.329,3607.442,0
0.028038347,66.00306584,763.6377419,45.87101437,195.668,3288.3,0
0.017694036,86.19133674,770.0163793,46.49735036,208.212,3446.511,0
0.030698686,69.61449332,813.4797524,49.42848251,188.244,3334.316,0
0.021234147,78.40224026,742.9618355,48.66482782,192.879,3935.551,0
0.020696021,68.76330685,784.9058472,28,216.873,3298.927,0
0.02134753,91.98617678,768.440841,47.20315341,202.078,2831.177,0
0.033679802,64.28700679,860,56.50709087,156.567,5045.989,1
0.02571683,74.29334455,799.4923505,53.25255438,199.202,3144.984,0
0.020569797,67.14846294,803.6793928,56.07077194,206.485,3145.609,0
0.020510382,80.86291665,822.1819418,51.46242059,208.841,2511.262,0
0.024638393,79.17687413,,65.13596114,195.965,2748.589,0
0.02801178,72.75906045,782.8448122,52.02881394,195.406,3047.666,0
0.011199764,79.55292544,,50.36787953,205.35,2572.335,0
0.03116239,74.88514771,770.6851792,42.33208083,198.043,2465.76,0
0.029092844,63.3586076,789.2579388,41.82656363,202.698,1596.445,0
0.034571152,67.30622004,797.7351465,68.45384404,181.033,3172.913,1
0.036695255,79.80776645,766.8021537,45.62537704,192.255,3490.206,0
0.020683063,78.41335213,818.4869855,66.85781623,192.954,3498.117,1
0.026963321,69.43561537,826.4322265,48.1222593,202.481,2955.114,0
0.01708504,63.03038459,823.5105289,,213.726,2970.033,0
0.021238461,78.4389816,809.7392116,56.6150718,206.386,3024.203,0
0.028954011,54.13809354,799.1867924,52.25749802,191.438,3550.496,1
0.027601248,66.99892376,784.3883008,51.48234531,200.47,2961.93,0
0.029612991,68.62824259,798.548826,43.45068862,203.921,2476.641,0
0.005717963,70.82345639,815.683623,53.17282562,221.809,3561.866,0
0.021541918,72.94949817,821.7518734,44.31260438,199.862,2655.607,0
0.018213337,84.69019065,784.8207249,45.87890595,207.413,1818.384,0
0.024253692,69.5448963,768.4339852,56.01655269,191.449,3430.623,0
0.029865564,58.40673387,766.6884085,41.99539823,201.92,3542.032,0
0.02708065,70.47350374,836.6708177,53.63563666,195.245,2766.357,1
0.03074428,64.27899335,814.8265592,54.22302187,183.35,3860.605,0
0.018998122,77.61449574,758.4849353,51.22660694,192.414,3513.566,0
0.017645989,66.26167364,811.0101502,41.53612388,225.427,2066.217,0
0.018921228,70.98310334,838.7723094,37.98316258,205.316,2983.811,0
0.026465933,77.92961144,836.0835576,55.88711474,184.364,5312.532,0
0.024107813,81.78837427,771.4629876,42.23740779,200.479,3193.354,0
0.02054196,88.11429892,759.8984034,52.71657886,195.146,3319.956,0
0.011775633,78.49892096,776.7669518,61.92809904,203.969,2960.719,0
0.030499784,62.33356946,809.2123863,39.62883891,206.969,2580.013,0
0.026138548,66.12844308,814.1822474,44.85050057,203.917,3484.288,0
0.022894537,75.03044472,827.6558887,61.47669577,194.895,4340.235,0
0.022796733,66.73406113,839.0593573,49.58089046,193.403,3250.561,0
0.020875589,82.63744347,788.2801437,53.54606461,209.229,2807.641,0
0.019392413,61.39108465,812.6260883,39.589209,212.719,2379.772,0
0.028490091,77.84421779,777.7065243,50.36935235,199.295,2652.306,0
0.02547519,75.16442549,784.666903,62.87032173,185.837,3957.596,1
0.02936176,65.13461738,827.8109353,58.72008997,185.571,5406.718,1
,73.2625703,803.6277067,49.26235672,215.824,3055.207,0
0.021079945,76.57454333,797.5312464,56.00004405,201.697,3138.252,0
0.022980047,79.27381236,779.3591812,59.60910077,197.552,3712.973,0
0.015323978,74.15254191,774.9320837,51.22400056,205.079,2951.977,0
0.018199314,67.03112072,793.6075064,50.2609885,209.832,2886.932,0
0.023657506,73.88016005,808.5088518,49.04967694,205.201,2594.116,0
0.030441292,77.55808956,766.6518068,60.61651416,188.291,3813.961,0
0.021767425,69.74310909,830.0353524,61.93097911,196.227,3468.374,0
0.026721233,72.52455262,784.5205527,56.56071039,195.734,3809.651,0
,78.96594428,793.930435,49.91290528,227.989,2661.743,0
0.027170341,71.02247526,811.8668476,37.68613338,211.73,2334.519,0
0.03436573,75.21404734,813.0244519,46.90707144,189.2,2636.221,0
0.021881403,69.8772033,822.2310389,39.86089981,210.27,3068.527,0
0.025615833,58.5922166,807.1489352,49.93788388,210.657,2029.159,0
0.030711409,77.81736862,798.7652646,52.23485607,199.524,2957.379,0
0.010691432,,812.5997079,59.01238228,203.54,3809.362,0
0.020724548,78.33408803,781.3612657,45.73095456,209.454,2661.604,0
0.030587424,52.79674576,860,31.90130149,177.905,4748.736,0
0.024240881,74.91401694,816.3096709,62.20753971,193.271,3031.3,0
0.028927379,71.10178205,794.6082028,41.22579213,205.158,2319.197,0
0.02615843,75.12764524,761.4754656,52.07864359,189.574,2943.061,0
0.027826404,74.91375109,776.7853334,56.41472942,192.184,3445.739,0
0.020886137,66.77994904,813.0641237,54.28320556,204.472,4078.323,0
0.029410528,76.57418411,794.9069781,56.69600992,193.263,3904.651,0
0.026952023,76.31115505,813.8026443,54.69404907,196.363,2057.526,0
0.029361413,90.79080354,740,41.38156127,179.984,4394.755,1
0.035366608,66.97506004,806.6401488,59.02878322,186.34,2585.572,0
0.019264402,86.06179423,823.8278038,44.01823272,209.356,2650.642,0
0.026354527,75.9242847,785.8151382,47.46813075,199.35,3046.345,0
0.020928627,89.28100061,779.4348762,61.78645309,186.232,4753.382,1
0.017520838,78.66803759,756.9604618,53.18638114,197.433,3261.765,0
0.018455315,64.23129435,806.9210219,54.13243709,195.299,3735.872,0
0.023915661,79.30825815,812.4742261,54.32721858,201.413,3014.556,0
0.023490861,76.95077379,799.0459585,71.43714464,186.331,4738.528,0
0.026832484,64.87682065,771.5958923,51.21647018,189.865,3691.757,0
0.027136036,73.96504391,816.7507056,44.67952653,196.582,3195.194,0
0.015367495,,814.0176594,42.49700824,216.552,2217.429,0
0.01827716,67.64263435,797.8451162,61.77843006,200.156,3141.815,0
0.025157406,61.3366573,835.3500464,55.59154036,192.388,4357.636,0
0.02512896,74.96866844,818.6099176,54.30325046,196.959,2995.916,0
0.017231085,87.7195968,789.1886172,55.40332819,206.878,3359.716,0
0.021977046,71.36882034,771.6364555,50.64420492,209.287,3467.803,0
0.021318166,78.89610593,785.9182367,47.67902806,205.606,3022.994,0
0.027142051,62.90912024,800.0710486,62.12229845,193.766,3200.249,1
0.016651986,68.94854049,763.6910431,46.19542374,205.289,3676.212,0
0.020385731,87.9921033,771.9594546,38.89261201,213.616,2428.328,0
0.024648599,69.43930424,,50.12969652,200.751,2785.387,0
0.022654075,70.59529103,830.0102607,55.39485429,194.448,3067.718,0
0.017544965,48.52046339,822.9402985,35.18453141,216.491,2610.347,0
0.029703512,77.63854134,790.0342657,36.39487451,205.621,2802.802,0
0.015366096,75.15924306,805.0412563,41.26550925,219.537,3075.604,0
0.029354711,81.33320131,795.8592284,60.99536151,193.984,3412.993,0
0.023420682,73.13979513,822.7260657,51.20917347,199.904,3095.777,0
0.0301619,69.31901712,793.965262,53.41206258,189.504,3187.721,0
0.024127111,59.98880119,817.1278847,47.20946769,207.765,2663.52,0
0.019496019,55.82626846,793.9889206,48.92354821,210.098,2955.63,0
0.022768065,81.32945387,787.2659114,53.89236265,196.822,2683.715,0
0.015280265,68.78318415,781.8736209,59.95334056,205.244,3639.325,0
0.018978044,66.44435357,795.7173748,48.8756463,217.29,2714.435,0
0.019417786,74.70085678,817.9370077,63.64951562,193.629,4081.68,0
0.01886651,73.50876389,821.9652897,54.33664526,204.324,3016.931,0
0.035464026,,780.2297114,43.39556079,193.698,2873.692,0
0.021269982,67.74908497,804.3045566,57.40831038,203.931,2220.823,0
0.018956716,83.76268358,805.9314018,44.59866881,209.286,2426.046,0
0.027490475,68.96020343,774.1587689,49.70520169,198.82,3525.813,0
0.033324489,69.97483077,764.2640136,55.88871574,180.244,3822.066,0
0.033925755,72.46429989,812.9215817,47.43260461,199.702,3214.573,0
,83.20228538,775.0046122,42.90477366,201.147,3265.119,0
,61.84984504,794.5120508,65.82334597,190.055,4643.564,0
0.017146722,60.0614954,810.4765077,52.24694055,212.953,3454.47,0
0.0257448,62.10354496,797.7772838,58.45032674,194.424,2594.554,0
0.023211074,72.25409462,,49.5251423,198.31,3005.136,0
0.021514735,84.94449746,810.5113399,48.42072819,207.256,3392.856,0
0.027143749,74.02110386,784.9356939,57.90989925,199.746,3179.827,0
0.038844348,72.04816347,767.7895929,53.00459835,175.333,4207.016,1
0.023745011,70.34473714,749.3627584,68.68103794,176.332,4893.592,0
,83.65065516,787.1992235,56.67405648,220.753,2256.655,0
0.024226557,77.32820405,821.1785558,41.64747369,212.072,2662.864,0
0.026882012,72.83906512,791.4986567,,200.315,3005.706,0
0.017163775,87.15792234,803.1022444,55.90154635,214.407,2958.603,0
0.007306187,46.3429332,823.1960498,45.29012179,212.135,2865.639,0
0.01230474,64.75461366,770.9320014,40.04352742,215.854,3539.261,0
0.02143703,81.08493375,786.0701774,51.13220493,200.294,2826.031,0
0.0237654,83.20132599,831.8504017,52.50283646,195.321,3161.809,0
0.013846902,70.61243344,795.5890044,,220.652,2937.82,0
,56.50537729,797.3157901,56.20322305,195.831,3941.622,0
0.024775054,71.67652421,765.7052878,56.81846574,185.071,3678.842,0
0.02149153,75.47192162,,55.39029209,212.374,3151.52,0
0.02553938,65.8120274,799.1705682,44.63876886,207.21,2401.16,0
,75.43743369,823.7389765,54.95403149,193.731,3668.585,0
0.02472945,72.05996436,799.3211091,54.48170969,203.986,2545.071,0
0.012166163,59.16766751,814.28958,64.46265339,198.741,3714.468,0
0.015581868,83.01607133,757.4414506,45.72720542,194.804,3481.108,0
0.0195165,84.0970657,744.7417012,42.88988478,198.008,3284.092,0
0.021628728,65.50814334,789.4909459,54.64389494,213.838,3575.271,0
0.019757693,,784.0665025,50.47463328,206.896,2422.625,0
0.02956484,65.02337938,814.5825814,58.06392838,191.687,3653.155,0
0.023383042,71.63349434,778.8765521,37.87194335,204.265,2413.868,0
0.032767305,75.61789638,801.9427368,46.9725626,200.32,1953.64,0
0.016213009,72.4207063,822.5265,52.05535975,209.76,3316.288,0
0.028504941,70.49365841,803.8102977,63.14851166,189.406,3812.778,0
0.032482446,60.00694176,807.1924392,57.72266022,187.849,4092.85,0
0.010855143,56.45003122,781.6170768,66.75937973,199.916,4380.666,0
0.024042128,58.91001219,830.0126513,50.27326904,203.48,3915.326,0
0.016827143,69.16332776,789.7261176,54.88366378,210.591,3057.738,0
0.01409149,86.48264843,831.9223705,60.16047726,193.266,4085.079,1
0.024230331,,824.279526,44.62213795,200.823,3578.9,0
0.01585045,73.93950457,793.7881383,52.00883764,214.012,2454.397,0
0.028245996,60.18032098,854.4394597,51.35661323,169.067,4422.271,1
0.024829911,93.29162369,754.6301337,52.4745302,196.321,3906.335,0
0.01954095,73.05182047,780.1932827,60.00776071,196.963,3258.396,0
0.026351432,75.76254613,806.329064,57.32319652,196.117,3387.408,0
0.022900738,70.3381129,795.3915932,53.20495206,200.89,2794.063,0
0.024336714,73.26231411,821.9409732,48.64731732,211.672,3461.367,0
0.018983497,81.23153204,748.628964,49.86486848,187.734,3852.02,0
0.018808621,68.38355448,781.7690091,59.36014072,204.01,3695.074,0
0.017049267,76.23639608,758.7520628,,209.19,2724.153,0
0.030957649,77.9488929,767.5392758,71.84501019,177.58,4028.474,1
0.020525282,81.34081244,806.8983355,42.33918093,208.583,2447.156,0
0.031444985,76.92605098,784.2051844,55.29952855,194.051,2821.739,0
0.023203071,79.88538313,798.3001346,55.01501102,197.004,3408.782,1
0.018483136,64.4278494,802.3887745,38.50192316,213.564,3152.378,0
0.015728599,78.44299129,770.9307036,48.10552244,210.153,3106.12,0
0.016787095,56.34773087,832.7596031,54.53410221,202.343,3492.857,0
0.009931251,66.67050547,826.3202516,59.08785922,195.972,3952.149,0
0.026713395,79.82983274,817.3549185,72,183.872,3160.672,0
0.018590543,80.99334517,784.2176133,54.92345905,210.37,2940.103,0
0.010379267,78.51311091,759.538435,49.19208966,214.611,3414.986,0
0.028460485,65.8179482,791.8920395,50.75799499,200.556,3034.089,0
0.025460439,67.50800346,784.3589906,47.15030464,196.81,3025.63,0
0.013199059,67.81382982,807.8841454,42.40561151,224.041,2062.677,0
0.025703357,61.21415201,814.5575765,59.41176612,189.917,4048.32,0
0.01436791,60.33486397,807.4888621,60.9097456,206.333,3466.462,0
0.0197053,80.65771751,774.5579954,50.63351524,202.668,3361.224,0
0.033923283,78.16626197,813.5898101,57.65083527,178.458,4235.318,1
0.023958027,55.80441909,848.1912897,45.33351041,195.395,5410.781,0
0.034809877,67.86598566,814.3765532,49.46270688,188.303,3205.85,0
0.024222141,87.14760577,755.7749112,37.34336073,204.479,3117.567,0
0.025397244,61.18279266,830.9463935,58.54434305,191.246,3724.194,0
0.017965555,73.94549514,752.7305601,47.34997413,194.932,3061.35,0
0.021127706,77.62852767,807.0457515,49.65796424,207.868,3281.615,0
0.02845794,77.95162525,783.5788825,36.13005632,206.068,2171.994,0
0.022911068,52.66329653,847.9627708,37.37381713,192.778,4024.219,0
0.014114406,77.51076668,782.8118609,38.71727624,230,1406.538,0
0.0161376,,759.2223569,56.31138552,192.206,4186.796,0
0.024173109,76.62509301,838.5503544,47.37193083,207.146,2922.255,0
0.019199934,65.63517743,766.2675192,43.85575926,207.69,3672.844,0
0.023298271,80.28372231,800.9404254,53.27299911,199.817,3434.933,0
0.021820755,84.8135485,740,44.22138728,185.026,4277.598,0
0.026542361,,772.8329368,38.05957887,204.3,2954.742,0
0.024084593,76.85395908,771.0100753,58.58607238,190.243,3667.749,1
0.024867148,64.81129547,799.6545174,49.20546747,207.819,2463.29,0
0.031778616,77.25155947,795.4066024,43.57778545,205.789,2434.9,0
0.012520139,74.75081274,802.401422,53.07602936,209.592,3146.792,0
0.039181397,69.42953588,806.2546676,41.0795059,198.929,2257.355,0
0.024562794,72.81154093,798.9235419,52.31611254,208.436,2338.861,0
0.027639288,,748.1557737,56.05032601,177.297,4655.233,0
0.028676117,83.05879172,799.0802962,44.96503399,199.072,3426.279,0
0.02198975,78.74294484,766.7618156,69.70525421,184.512,3944.803,0
0.019709888,78.39205395,765.6320345,68.06531236,185.585,3852.988,0
0.05044401,60.08304799,860,42.5333122,140,4164.733,1
0.014427072,59.11612899,809.7080609,33.5806334,225.208,2497.874,0
0.027071061,64.67195216,775.9245897,56.56992517,201.299,3294.384,0
0.021634436,77.34556467,801.731996,46.69144112,216.12,2502.158,0
0.022520436,77.26857578,798.500586,43.0707284,217.633,2699.815,0
0.018756359,61.75812897,806.8599852,43.74707893,218.028,2424.284,0
0.022325516,75.11621031,816.9856814,52.01777031,208.16,3016.833,0
0.019574645,68.71391239,789.3783083,41.12658288,208.803,2383.632,0
0.028342617,66.89524159,817.2901057,44.08754853,196.183,3407.801,1
0.022750332,64.51744734,784.260967,51.7529506,211.696,3066.97,0
0.023201753,68.16625649,802.7098918,60.235413,199.962,3031.198,0
0.025510583,60.56920806,856.2941763,65.62327411,166.546,4395.097,1
0.024842989,65.79756332,819.8152765,44.34096748,208.165,2796.82,0
0.024826981,82.48841761,812.5441068,50.87778005,197.753,3195.413,0
0.015695309,65.65619697,814.289342,61.29618474,195.87,3761.475,0
0.010470145,66.45109594,860,49.68828419,193.364,4182.935,0
0.020328975,73.84399794,786.8595206,51.00577542,205.307,3209.566,0
0.027792758,78.29164511,792.1615026,50.97731841,207.841,2348.409,0
0.029337038,72.23475501,788.8237153,38.71281853,211.844,2457.53,0
0.025371531,70.58724835,808.051137,52.01745405,208.976,2111.641,0
0.026562496,66.38856292,773.2181564,45.55469503,198.413,3930.943,0
0.01525343,65.18938171,851.2033159,50.57766515,199.824,3400.451,0
0.029386822,69.45173725,797.4224179,54.66970545,194.895,3669.959,0
0.025400379,81.14869908,740,63.39702689,165.576,5412.148,1
0.032312061,,804.4808032,51.0356341,203.505,3612.52,0
0.014345362,78.54476668,779.6088981,49.04862387,214.78,3036.244,0
0.030123579,75.37182794,,44.98783018,198.402,2587.092,0
0.039702533,68.67129639,832.4321066,48.31434836,176.822,2809.592,1
0.031281021,74.39986449,821.6738047,53.30887755,182.069,4091.425,0
0.02502933,81.32371893,771.064425,45.22630701,193.499,2763.992,0
0.02452592,72.54099944,800.8215922,64.83454297,186.787,3166.256,0
0.020333965,82.98354908,799.7402784,55.78381011,196.509,2802.972,0
0.034151364,75.17765415,787.462177,42.11757926,200.798,2814.001,0
0.022888234,66.47713352,812.7744852,58.37962996,198.69,3699.971,0
0.01763423,76.6976355,769.6892973,,195.878,3330.647,0
0.043202816,81.93031926,759.2138174,42.93247289,177.147,3575.134,0
0.02358318,77.70848651,767.7861114,47.18113176,200.653,3528.429,0
0.014934337,70.53120882,847.1001946,52.43380326,202.907,3921.531,0
0.011420028,68.53159592,814.536389,43.38342651,230,1795.124,0
0.034905047,,794.9182594,44.93690915,194.907,2429.826,0
0.019906692,80.82338315,825.9531765,52.92041917,195.9,3215.921,0
0.023944354,92.24074136,752.0896876,44.44269534,192.017,2899.514,0
0.025757605,81.27166779,815.4884953,55.40146995,191.954,3538.871,0
0.026063197,,804.7598532,56.88264665,209.448,2761.625,0
0.019988011,76.03955246,804.6596031,47.59775724,206.658,2984.098,0
0.038895057,,823.181544,39.11613266,187.293,2589.873,0
0.021114244,66.2607273,854.9384016,62.27680361,186.368,4836.347,1
0.02399473,65.65287755,803.5276748,45.77250936,198.393,3084.622,0
0.035884723,68.94224025,760.4797297,48.78181323,183.682,3300.414,0
0.011669487,70.28534678,837.7373581,51.04075831,203.093,3953.975,0
0.022442926,70.01051967,779.5390999,57.9999694,188.779,3995.677,0
0.03494553,82.35304329,782.0368036,47.88195181,193.726,3311.869,0
0.017100405,66.63078474,778.1044723,,201.234,2661.252,0
0.025454194,75.37333706,,54.42417423,196.367,3057.207,0
0.031590994,75.61554161,799.5048828,52.73998049,193.72,3366.856,0
0.027580711,57.38417012,822.130517,57.75066061,191.527,4092.848,0
0.010333025,77.15385729,800.6678061,41.51970334,226.33,2062.847,0
0.011547793,65.68453424,825.9700436,72,192.966,4469.79,0
0.028294592,58.85455112,800.5724561,56.71793891,192.463,3279.539,1
0.022895253,76.2302004,774.917537,57.59033713,192.241,3762.2,0
0.030548067,81.98893767,817.1734013,48.97754762,198.144,3162.177,0
0.018193939,72.70327697,782.4200722,59.29582433,204.942,2933.091,0
0.022474217,59.18848919,770.1793772,65.49066996,187.11,4395.116,0
0.025890049,60.89599432,,48.50407979,204.292,2258.656,0
0.024497194,68.19063329,859.16632,34.83384601,190.977,3310.636,0
0.019808591,67.70377845,800.3282895,66.42169727,193.72,3861.697,0
0.028498965,80.71535761,810.8185761,50.0207283,194.342,3825.792,0
0.030982172,68.2667809,860,59.41082186,162.282,4974.732,1
0.00871071,75.83773848,830.2143561,47.59543627,214.507,3702.054,0
0.027407081,64.97542646,781.1370724,46.38853394,202.608,3237.572,0
0.034529129,78.920564,765.0881789,59.06762321,169.937,4446.173,1
0.022887892,71.13881132,841.4628425,46.63703311,198.33,3159.341,0
0.02307823,69.96567158,795.2280105,44.02603483,210.304,2284.932,0
0.024744694,65.9137863,843.476627,36.78560398,200.792,4134.978,0
0.024178392,66.33992192,811.5222351,44.922957,211.018,2634.219,0
0.0259094,74.09312329,786.391523,50.27327572,200.144,2731.655,0
0.037065748,66.88952426,794.65863,72,177.538,3896.606,0
0.024726855,78.6792265,811.3227247,59.4482985,193.001,2891.199,0
0.031206758,72.28999554,770.0877168,55.78814035,190.415,4087.624,0
0.031996226,71.34007732,847.5216318,39.55259858,188.804,3098.056,0
0.025431063,63.9735184,822.8291627,49.96030478,199.425,3628.371,0
0.025968975,59.38742881,842.5897315,51.00096451,195.483,3218.433,0
0.026052752,59.14346617,829.7044012,47.7554994,197.705,3770.495,0
0.022513269,64.67918259,819.1930591,64.86093541,186.259,4074.085,0
0.022873863,81.23988538,794.497471,49.35329821,209.914,3092.332,0
0.019555106,78.92576451,845.3072236,41.00199791,203.098,3851.959,0
,78.0917885,805.0913954,50.90007428,198.127,3118.911,0
0.020328681,78.62628841,860,50.73788983,182.938,4581.451,0
0.021983958,66.93604325,798.756667,49.56476632,198.835,2605.41,0
0.008246167,71.11311038,824.9119595,49.91937512,211.087,2806.872,0
0.008362967,70.28794566,821.6329922,,211.675,3257.37,0
0.022483468,71.27216575,801.764006,66.09220385,197.697,3199.312,0
0.021718128,65.61074142,789.8624782,53.7608323,204.371,2653.752,0
0.018201198,72.98413562,804.6677497,59.5030564,204.721,2592.113,0
0.019176978,68.48670699,791.4164102,43.4361669,216.293,2341.661,0
0.011553775,72.10723999,802.8899106,48.47542253,220.383,3025.392,0
0.024056862,73.98274922,793.9904313,47.65889003,198.384,3490.102,0
0.031072088,71.96685808,803.3100548,42.09380264,205.533,2228.595,0
0.025463556,84.64030416,785.2617991,37.98295236,205.254,2530.778,0
0.019534722,78.87328581,791.7334908,45.03576169,216.489,2627.482,0
0.021243635,76.7292553,807.9385106,49.04074078,210.855,2155.411,0
0.019295727,81.56245956,794.3506032,47.47594508,206.69,3752.986,0
0.03221116,69.18572007,826.6103913,48.50652404,184.295,3370.117,0
0.029280761,61.14118342,816.5308484,45.60665112,202.173,2673.179,0
0.02180079,63.42851652,819.8592559,38.44081893,214.815,2241.323,0
0.024852751,68.76046204,810.3103575,41.43629099,211.753,3284.226,0
0.032744248,71.56924879,806.5797196,54.05593289,197.137,2897.799,0
0.038942337,74.66142152,804.4345737,36.37202924,199.517,2254.257,0
0.017715746,78.02372977,812.9878622,55.9011278,209.948,3308.357,0
0.041491546,69.43568217,818.2079417,35.38104285,190.635,2454.66,0
0.024411797,81.81400657,787.5215624,45.90380079,203.927,2867.165,0
0.016607655,70.1564856,778.6878599,49.86284387,208.128,2891.94,0
0.024434167,64.39015431,821.6439962,40.53771053,201.974,2708.838,0
0.031344675,73.33958596,769.2981865,53.78922982,193.405,3010.366,0
0.019179948,79.76950471,825.9529721,,212.698,2739.328,0
0.021484166,66.33925786,753.5352841,51.72990174,191.259,3860.997,0
0.014546999,77.43813254,793.2246633,56.23638103,207.416,3601.71,0
0.027548857,59.46203543,814.1459264,63.59810275,188.538,3766.88,0
0.021277652,72.41443346,801.3373417,56.9780773,196.194,3049.172,0
0.032963439,68.12739684,826.5544908,35.07791601,207.886,2119.183,0
,59.62605383,833.8844195,53.75312291,183.85,3226.965,1
0.032454124,73.55740754,793.4915546,67.51983001,180.795,3214.165,1
0.022988922,59.49432675,826.7786989,56.86533655,196.084,4507.892,0
0.020621727,78.03641235,778.3646885,69.98505822,193.903,4150.46,0
0.024225511,95.01113292,797.3388036,70.86742851,180.793,4777.509,1
0.036223935,63.44882194,836.1843935,53.53871431,167.862,3847.654,0
0.010481701,65.43704229,813.8156107,53.96143693,220.399,1926.882,0
0.024880578,61.76093418,805.1450395,54.26218977,199.598,3860.943,0
0.028355564,60.01868318,826.6408609,42.50865437,198.684,4273.905,0
0.020704025,86.28239854,752.420002,50.03746226,189.943,3980.46,0
0.020105923,70.01005921,811.4754702,45.37589311,203.866,3446.969,0
0.025606584,77.52866307,823.975383,49.63413399,198.521,3088.032,0
0.042590214,77.64023461,806.1464962,47.34439875,185.999,2601.406,0
0.022721176,66.73519033,778.3944843,33.72976119,211.003,2412.694,0
0.018748976,75.61424017,795.9738219,43.1554739,210.278,3240.292,0
0.019150841,68.23443581,790.3788555,49.77338656,203.078,3505.57,0
0.005557242,96.83072259,744.7732535,32.60775107,215.504,4006.063,0
0.025168427,77.19308933,806.9110544,36.12467962,206.853,2024.326,0
0.034135012,75.73495581,799.6618135,58.98028606,190.467,2983.994,0
0.030812362,80.3488174,774.989594,58.3795918,186.394,3745.964,1
0.020555185,74.32761188,788.5700679,39.48137718,221.222,3024.978,0
0.022163465,77.85153516,777.1167911,52.62577018,198.114,3394.811,0
0.022774726,83.74793914,787.7792687,42.1491186,211.601,2495.32,0
0.00906892,82.57402012,758.9543485,57.30960455,200.295,2966.055,0
0.021945677,70.99172172,786.3181289,50.20235365,201.9,3358.288,0
0.022482254,54.78559174,860,47.70620464,177.975,4657.65,1
0.025169102,52.75629993,824.296473,48.69077002,190.322,2985.234,0
0.017023086,84.72420185,793.8752776,44.85855702,207.468,2221.359,0
0.020250023,77.29427802,763.8664007,60.402764,186.801,4329.636,0
0.03857449,87.39285438,830.7792445,,170.129,3405.352,1
0.01880567,74.07170801,799.658052,42.21149618,214.494,2952.301,0
0.014022902,80.72810348,858.1993122,55.77476877,190.562,5453.3,0
0.022214237,75.77140217,,47.72886033,205.986,3500.352,0
0.028171015,78.29578711,778.1896242,55.44122474,197.424,3297.587,0
0.03082155,63.61638594,768.6840126,59.4611001,186.562,3897.043,0
0.016076426,56.33279549,810.7869357,57.63780409,203.459,2881.705,0
0.029334024,84.95166369,819.8426484,51.86241953,193.729,3128.583,0
0.023418477,69.79811723,817.6686174,58.78924406,205.647,2742.915,0
0.029145403,72.94469824,810.6354619,32.94343717,208.932,2826.514,0
0.032549306,74.22619102,770.672202,47.968038,185.68,3361.841,0
0.018275417,78.42223168,774.4643606,44.03086249,207.967,2977.642,0
0.021817721,72.48819689,804.2547671,60.65346974,199.49,3171.976,0
0.026457439,68.02711966,810.5064363,62.56836995,198.458,3629.665,0
,76.75785742,818.0990418,43.97844669,220.057,3700.069,0
0.016274169,78.34483309,784.237843,49.41201656,215.206,1878.909,0
0.050149041,64.24083754,823.425788,39.2686589,168.071,2669.486,1
,77.9688777,818.0544008,37.52308366,228.331,2530.914,0
0.024447701,66.27195974,787.2149181,43.66487512,206.967,2862.267,0
0.031999492,70.09217592,813.4095242,40.9797483,209.856,1868.02,0
0.032479698,78.33582189,813.4216996,58.84137902,187.916,2958.311,0
0.03408153,65.86335616,799.4794975,48.0918609,191.983,2879.375,0
0.021769499,68.78614021,746.8626199,52.61957006,193.795,3380.432,0
0.029611125,66.37731883,769.515357,52.9848207,195.189,3541.552,0
0.028569763,65.51486219,807.9949634,42.40494828,208.928,2662.168,0
0.035462467,77.25939634,797.240874,45.6511923,202.226,2627.514,0
0.0248081,68.51726877,785.5356825,50.14121237,208.842,3407.962,0
0.012472755,69.01298844,786.383142,42.92391177,228.94,1886.816,0
0.018919612,70.1643859,776.8389813,36.4465986,213.511,2326.731,0
0.020567535,80.03442302,860,36.5659597,192.262,3717.908,0
0.023376551,75.26805615,770.2863853,49.32659891,203.465,3182.173,0
0.026147709,78.57304408,801.2295835,39.55263512,219.078,2381.965,0
0.019784696,62.91589857,829.0433802,40.78002045,217.379,3410.54,0
0.017074647,71.82732538,812.5028361,55.1803065,202.68,2580.432,0
0.026545796,78.27934465,763.3540121,54.96720161,186.36,4155.299,0
0.031274118,49.86548219,834.108131,49.92331105,183.099,4573.504,0
0.033532276,73.0886586,806.4085561,52.74398161,186.861,2776.281,0
0.015701432,79.18921671,808.0798593,34.9674117,230,1556.395,0
0.024558018,64.91557487,817.5498231,61.59124495,193.226,3600.816,0
0.014235712,58.55328534,828.7631088,61.65899171,204.577,3608.09,0
0.027624349,56.44914777,,54.77401594,180.443,3667.386,0
0.023887058,78.27471344,797.5887056,64.04821681,195.438,3654.844,0
0.013070496,78.53594047,777.3337611,36.87640751,224.045,2773.73,0
0.02445448,70.87829669,765.0425975,56.35047207,193.397,3434.831,0
0.018410837,85.82152948,766.0319603,44.55402541,210.878,2546.764,0
0.023552898,100,771.3530741,60.63531275,186.032,4369.944,0
0.0238355,60.69642181,806.1044857,48.13668637,200.692,2674.74,0
0.028586202,66.32892039,852.4067586,54.37726553,174.033,4394.479,1
0.030627172,61.54191724,860,48.66382001,162.678,4971.987,1
,72.14709758,783.7171385,49.33630244,217.789,2726.1,0
0.027264404,70.13165798,773.4219178,52.62267244,192.347,3332.423,0
0.029141227,79.48571401,806.5279571,42.56579518,200.234,2396.938,0
0.028646455,73.75333637,833.57114,50.6725403,189.085,4492.515,0
0.014153993,82.73925462,797.1592557,41.02938731,216.277,2550.932,0
,83.78303984,806.4890068,37.99066047,217.347,2061.255,0
0.022141715,63.26769443,821.1036372,38.67401866,214.367,2143.133,0
,57.17666705,808.6925615,42.23434628,208.532,3300.683,0
0.023019239,65.08437958,854.5604427,48.99462838,185.351,3944.559,0
0.031769466,67.62931676,,43.37775491,203.007,2851.279,1
0.026382984,75.67798827,802.7423717,32.73813577,202.415,2439.719,0
0.020497265,71.94271937,794.9171863,38.63536751,218.157,2143.407,0
0.007729308,70.92468939,791.3644567,40.05126564,227.706,2671.182,0
0.023358127,67.1382936,823.0060981,41.28010443,213.478,3365.141,0
,70.95757481,772.0024376,39.37177155,194.575,2214.43,0
0.021853409,88.96951451,782.6140897,46.77367546,205.221,2368.926,0
0.022350201,65.66633162,821.1856947,41.88082164,207.137,3867.786,0
0.046622003,82.0095105,785.5323496,36.73338753,182.4,3338.278,1
0.017498022,67.6185723,800.9981234,43.74765355,218.313,3021.702,0
0.032248774,75.89756358,805.0402527,48.37728788,191.781,3371.931,0
0.020930468,77.53546848,776.7333785,60.62880668,191.881,3908.656,0
0.032225745,74.68404815,857.7733589,54.5549366,160.566,4294.444,1
0.034767506,73.78021172,769.1197156,,197.914,2425.39,0
0.020625363,73.68528355,821.3392892,51.0678924,209.938,2577.868,0
0.01750256,71.19037466,778.1390068,40.27933376,211.33,2484.488,0
0.030920533,70.84985932,830.1083527,57.74058092,186.072,3498.936,0
0.0307441,64.01928138,819.269085,58.98121022,189.335,2524.123,0
0.025266266,54.88821248,858.9559058,59.37802161,174.874,5307.605,1
0.023189694,72.80994206,,49.96148309,197.77,3608.863,0
0.029999966,70.62687141,795.5816,50.3345825,200.579,2403.531,0
0.036600192,61.95845786,806.2351553,49.16404593,191.242,2689.92,0
0.027658862,78.62799088,800.5275326,59.08895012,191.146,3721.645,0
0.035428029,61.67719727,817.8951511,42.15303065,189.335,3186.811,0
,80.28086227,809.5927067,36.59468389,219.194,2078.295,0
0.02411977,77.14071616,784.3079785,51.60514289,201.826,3729.822,0
0.014877087,66.26401119,823.9655064,58.63055608,200.305,3248.478,0
0.027691921,62.8516124,810.2062361,46.00805431,206.901,2932.248,0
0.017845116,78.74336043,767.4968391,37.85522193,214.81,3250.099,0
0.022891832,67.13566853,802.9233015,47.02248135,202.331,3126.357,0
0.023060659,,799.6290443,46.80471148,216.143,2616.736,0
0.034972369,82.61181951,822.2980355,41.98780457,187.109,4233.419,0
0.024613764,73.8969275,805.9682768,54.5064657,196.717,3058.96,0
0.02113837,74.50435822,804.229792,41.24121766,207.923,3804.204,0
0.016716714,82.79902539,809.4031002,52.12900491,203.708,2928.394,0
0.027985756,74.62144374,809.2231962,,206.315,2337.786,0
0.018074503,79.67656194,762.263384,42.92742583,210.31,2986.512,0
0.016622639,61.55754659,822.3411377,55.18097843,208.759,2565.143,0
0.024918145,67.88074371,805.7581237,65.02588163,191.08,3439.352,0
0.032378881,80.49061047,762.0171568,55.99888408,189.791,3643.994,0
0.038217669,80.42740046,793.3390305,44.08898891,192.493,2752.5,0
0.027320303,65.85714375,839.3543196,37.50415328,197.547,2925.288,0
0.017473494,72.2339629,807.6469671,38.30266937,221.861,2165.862,0
0.029727857,76.08272029,836.8574005,52.804127,181.69,4728.89,0
0.024746434,,796.9560287,48.27855276,199.529,2515.348,0
0.034463025,,827.6066499,49.36391986,178.201,3448.84,0
0.022041968,74.62556429,813.1065656,42.09576685,204.293,4286.374,0
0.030232099,62.75948879,830.0060812,53.9287724,189.161,4193.795,0
0.015681718,,747.0252886,45.10778337,198.22,4410.884,1
0.023762755,60.42788555,815.1218478,43.10890848,209.176,2465.44,0
0.020245877,64.63795889,798.7482681,37.33971859,213.785,2798.304,0
0.019577001,72.94826765,808.1509173,45.88581778,214.881,2507.339,0
0.033182661,68.26037081,795.7523418,50.94722976,196,3128.197,0
0.021689815,75.46720771,828.6240973,58.77894615,200.787,3081.517,0
0.028022889,66.15769855,797.4971566,48.70916764,201.484,3061.376,0
0.037806409,66.38390233,814.1187517,54.1570066,172.392,3477.391,1
0.02950068,58.70011803,780.9510507,57.28786209,194.406,3423.867,0
0.027793541,80.45553202,801.3611095,,213.542,2079.814,0
0.033802919,71.99457925,781.3495379,61.79830228,182.714,3585.896,0
0.021044872,51.38602606,816.7705154,43.19400914,203.788,3183.27,0
0.031356219,63.41600308,803.2550858,28.03554203,201.682,2360.15,0
0.03336754,68.28276265,860,56.28944487,158.743,6019.278,1
0.01753623,69.94454066,820.9781529,36.96831608,220.341,2467.69,0
0.03385597,58.38224734,816.5043305,49.57206874,186.242,2649.161,0
0.029595854,85.18259618,789.2053198,35.29311127,212.343,3152.749,0
0.026259202,77.22181284,794.9486622,37.33166857,214.346,2498.761,0
0.019573787,70.4859987,816.6337993,,196.92,4203.857,0
0.013110742,80.90080835,815.781549,45.06556452,223.356,2707.019,0
0.021369401,,800.9751154,61.40195547,202.994,2984.685,0
0.022704093,66.80935357,787.438681,42.08532675,217.334,1932.133,0
0.015975483,71.49287798,834.6396612,53.83978978,207.583,3709.677,0
,83.83805881,772.172142,45.02699132,200.503,2369.712,0
0.022484829,62.31425511,822.6083498,49.16625004,203.275,3004.966,0
0.021717226,77.22202231,764.4025379,45.56587137,198.547,3191.782,0
0.026720879,62.36370221,809.6938098,44.78243583,201.815,2896.566,0
0.019691331,81.82588343,810.529278,45.2782832,209.364,2529.666,0
0.02043865,75.72679931,801.9920219,49.98358219,211.468,2811.521,0
0.027318952,74.49309657,,56.40723334,197.852,2543.561,0
0.028140353,53.01072635,822.1628469,45.49834164,197.326,2964.559,0
0.02103374,81.6760495,801.1430738,58.25997858,192.721,4013.542,0
0.014274191,79.04758007,783.2705173,60.7720457,201.967,3600.796,0
0.018549206,58.31451802,749.0622996,53.8684117,182.076,4641.091,0
0.025175454,76.78710346,816.1898975,57.4601829,202.894,2873.574,0
0.01867904,85.01265741,802.4245482,58.33513156,208.234,3655.756,0
0.024613852,84.7627568,772.8141325,43.87559201,208.256,2691.714,0
0.030059223,79.16698749,795.6130827,57.81726402,196.377,2799.519,0
0.023040373,59.67003161,805.2997374,34.92511701,212.957,3018.218,0
0.021952442,64.69125933,795.0094217,39.40095809,213.169,2349.14,0
0.027403887,79.7705798,740,58.33705307,170.357,5446.846,1
,75.02064613,829.5736587,65.1235532,188.303,4586.245,0
0.018845589,67.54354851,822.0949322,57.00038408,199.695,3695.32,0
0.023329147,75.46845696,740,40.34136544,190.141,3677.674,0
0.036066823,84.71783534,810.8527847,50.79844699,193.8,2965.093,0
0.023130717,62.62067882,842.7026046,51.74400635,189.113,4254.777,1
0.034553531,64.62970284,805.3211896,64.42958907,176.963,4004.886,0
0.017539816,79.30009891,803.6585043,56.92040537,209.929,3336.438,0
0.032184378,78.81974525,756.1333913,52.457014,179.233,4104.945,0
0.030020789,73.39823426,790.8474207,48.47899354,195.458,3396.884,0
0.017502293,,838.3807114,33.63553505,215.923,3596.267,0
0.025303556,71.96770294,787.6292973,45.98691682,204.249,2538.179,0
0.018605033,61.2585538,773.5918118,55.78524683,203.313,3679.421,0
0.014747647,85.12416475,771.3610039,43.06716106,203.392,3145.205,0
0.012945703,63.56350229,823.8423146,52.4437934,210.745,3108.634,0
0.033275562,64.84585147,768.2677626,37.92551501,192.747,2681.865,0
0.032816332,74.49222425,780.9572082,46.25519206,199.435,2690.715,0
0.032928389,78.50996578,758.2881349,65.29046489,179.297,4183.12,1
0.017636529,84.94443098,758.6605213,57.279047,198.274,3942.83,0
0.005,61.19813217,782.1273804,51.43325933,214.548,2558.755,0
0.023007519,99.48627988,759.7697734,46.20351212,185.947,4154.056,0
0.028700496,75.85847737,802.498234,56.19270769,191.963,4567.008,0
0.03714008,79.29042331,837.8351177,46.47574378,170.102,3363.874,1
0.021663741,81.2711799,794.0064156,53.46948282,204.464,3575.319,0
0.027722181,81.2172978,816.3333315,53.41527841,195.544,3806.128,0
0.014846138,79.69282892,810.5660946,51.58867723,208.339,3091.849,0
0.017994176,74.55927644,811.0352112,34.23864803,222.569,2291.368,0
0.028910918,70.00568906,796.3727877,48.4682618,204.076,2648.497,0
0.034062144,52.33245473,828.052921,59.86278611,178.597,4742.567,1
0.017918408,77.83209869,802.3136153,42.89241219,216.04,2473.055,0
0.028507559,72.99159054,782.2793165,49.29942782,199.589,3647.016,0
0.013974642,72.48663141,792.827263,66.9721249,195.1,3573.16,0
0.022169261,63.42418744,824.9475193,48.87988745,198.979,3198.245,0
0.020478289,75.26965435,783.2405022,53.5277375,207.337,3326.924,0
0.018596657,60.35072722,789.3439376,55.01670764,207.642,2703.579,0
0.029934709,71.0308694,815.9940441,43.52257485,207.817,2685.167,0
0.036725001,60.38310614,796.9278372,67.58690147,178.571,3679.51,1
0.022414891,70.80949099,793.7233992,63.69822846,185.779,4456.45,0
0.028192668,73.91535282,775.692277,50.28393889,196.83,3122.917,0
0.022572378,75.55197409,800.6954522,53.09881443,206.253,2973.505,0
0.029919991,,749.0532463,55.83942291,173.641,4489.52,1
0.022996261,59.5741021,801.4951388,,196.678,2763.312,0
0.024744202,64.23199721,811.6542859,42.34768282,211.481,2385.498,0
0.023527572,,759.7660104,61.91967293,190.297,4222.827,0
0.022523909,60.16905251,841.3393367,46.01045325,197.537,3225.334,0
0.024829007,71.18674344,798.37278,58.98636035,187.803,3698.411,0
0.014526073,70.13068262,828.8834449,43.70849814,207.684,3198.756,0
0.019402858,87.03750745,761.5287745,51.53835145,202.529,3050.17,0
0.019406027,71.14450009,809.077841,55.83400841,196.966,3556.738,0
0.023468371,73.9325625,813.5539322,40.54584813,205.071,2573.148,0
0.025285798,75.21692488,767.4930618,60.34220918,188.005,4094.034,0
0.025221796,66.30402984,772.4116626,55.37065022,197.412,3237.246,1
0.012193439,50.31229215,846.2594154,,193.745,3692.974,0
0.020609032,67.69989177,803.3545948,44.1410784,203.283,2598.352,0
0.025059016,64.10222996,780.7963954,40.05740714,215.338,1754.396,0
0.0428976,53.75234192,858.968815,39.50806238,147.678,4029.272,1
0.025802771,84.61431435,777.8398114,40.79009455,204.504,2967.29,0
0.022820402,68.81962184,798.3993292,57.48648762,202.045,3452.11,0
0.010758766,54.37710881,783.9788345,54.87515783,216.952,3077.298,0
0.024879486,,827.8367768,55.8836974,197.208,3513.969,0
0.021619155,68.08812641,840.2209688,51.96056676,203.187,3015.736,0
0.020590093,62.06882043,782.4641567,56.05219641,201.592,3265.502,0
0.029571956,73.91740126,770.1318686,59.37909388,179.143,4242.687,1
,71.24707433,819.3802135,49.18900634,207.264,3796.551,0
0.021432497,82.27278303,798.6147704,61.51081704,198.299,3506.099,0
0.041891668,73.96741594,801.9640845,54.89657519,179.229,3943.143,1
0.021341959,70.91788645,756.2874104,35.77109327,207.002,2992.502,0
0.027020992,65.05617788,818.3590441,43.28614165,203.247,2467.797,0
0.0294753,65.7436005,777.4506401,47.44596812,197.93,2878.289,0
0.039630055,76.30167144,809.2378133,61.63689264,178.874,3238.488,1
0.025774973,68.11314016,794.0170634,38.06457022,213.612,1288.335,0
0.023863614,74.54127084,775.4583394,54.72192626,196.497,3727.84,0
0.024179723,77.04249271,822.7095497,70.99691943,187.624,3612.216,1
0.022895149,84.5991018,746.9057474,29.95088535,205.153,3077.36,0
0.022543445,79.67755506,804.0478949,42.46481551,206.407,2620.413,0
0.02228897,76.01247816,806.3429876,56.85234119,204.005,1982.091,0
0.018456721,70.98387643,787.9919578,52.30906427,212.036,2440.077,0
0.028217513,85.55411194,771.7241948,51.63299723,195.252,3599.275,0
0.024771224,71.69559242,757.5670363,43.63166299,203.558,3066.776,0
,69.05875334,788.4654163,40.20889066,225.858,2685.833,0
0.020977431,61.0361979,788.4307637,42.20102608,207.589,2573.178,0
0.032724291,66.4484919,794.0177521,42.72200745,202.498,2295.209,0
0.025164418,64.71702772,793.3677028,37.18889604,214.144,2357.465,0
0.018385296,65.71371261,810.482014,52.36018985,206.601,3279.373,0
0.02427823,76.31335108,787.2357776,63.16044507,198.817,3447.618,0
0.01093034,69.80584133,778.9535264,43.91482667,224.985,2058.673,0
0.026117213,80.65721493,740,44.17681244,186.061,4156.8,0
0.015488067,66.24351019,799.8590227,48.57222842,218.799,2248.279,0
0.026375065,65.56558441,790.7311521,34.92306845,221.051,1948.83,0
0.01624244,72.59381989,798.6021187,53.03871022,201.581,3150,0
0.032034761,67.46395069,818.2739131,49.59698208,202.071,2752.366,0
0.026767447,59.93169405,814.9999998,64.85520281,185.835,3812.242,0
,69.93061637,801.7735751,36.00191639,220.046,2248.831,0
0.018286769,67.27711864,804.6431737,38.99256704,216.88,2843.264,0
0.026016067,64.2037537,828.402511,56.92268994,193.788,3913.092,0
0.033675729,59.63176832,822.6844272,49.64870637,184.483,3095.92,0
0.022281609,83.29626013,757.4079434,58.56507025,193.714,4207.308,0
0.019922342,78.48178131,793.7752485,55.26076318,201.357,3476.835,0
0.013453871,68.42177062,801.9282425,47.49149675,219.931,2258.514,0
0.024991214,67.83802655,803.4157547,52.67562073,201.372,2812.417,0
0.0171535,79.31897195,799.2288195,54.45930566,199.892,4097.891,0
0.039714956,52.65708407,787.3372002,56.8084893,177.268,3635.374,0
0.019666642,80.84276914,763.2974626,36.67365844,212.249,2398.633,0
0.034522903,66.44455922,758.9953748,40.55195611,188.769,3396.97,0
0.018575511,63.28031214,763.1275981,54.99020724,195.039,3783.996,0
0.042263741,67.02050228,825.6737911,36.99002632,181.924,3236.725,0
0.012681516,74.3441294,812.7225328,41.72066538,218.647,2585.152,0
0.024986986,72.63777308,813.6192136,38.58772784,210.232,2360.222,0
0.029379611,70.67139071,781.7992001,49.33333053,201.399,2966.421,0
,66.8267568,860,46.17443357,175.049,4572.249,1
0.027924124,82.63868345,773.4087392,42.27926881,200.374,2230.408,0
0.018704515,79.50414227,768.1556225,49.78495859,198.222,2715.278,0
0.01887589,67.66448222,772.2187806,51.30706505,195.813,2766.005,0
0.019077193,66.87137706,787.3291422,36.84965333,213.697,2312.11,0
0.036709779,71.84441498,,38.1697604,204.136,2040.738,0
0.037111786,72.88911852,813.876676,48.20042436,178.854,3346.441,1
0.020591292,79.078941,794.1846543,53.64916058,207.168,2455.562,0
0.037091529,72.82014365,830.5346759,56.73185416,171.021,4420.128,1
0.035051081,61.15402787,800.1102358,52.30845135,189.827,2880.149,0
0.034921632,75.38932857,795.8233039,,208.044,2147.624,0
0.031347166,78.74306847,816.3831863,51.09439121,192.26,3931.969,0
0.021493212,56.94514692,814.9138563,48.81264903,205.971,3280.532,0
0.028370471,54.06166358,849.6480693,43.19752993,180.837,5807.304,0
0.018271983,69.01054986,782.1466836,61.67491293,201.923,3815.591,0
0.026273579,61.63034099,787.3370387,46.11311839,199.5,2890.025,0
0.030032599,70.76267515,820.3579023,50.23276559,180.085,3359.378,1
0.025188893,67.15962391,848.4199812,57.02438383,184.536,4160.344,0
0.034148935,84.00763907,786.9140519,61.42665967,193.78,3259.144,0
0.039102134,69.05623375,803.6325628,40.12144413,189.732,2548.142,0
0.011515197,79.09002775,756.0748709,45.48559351,203.75,3099.114,0
0.016753636,73.56433468,775.8762217,53.70197354,209.91,2823.054,0
0.031937085,55.40507053,812.4240469,51.74769866,198.228,3039.482,0
0.023955365,63.06916307,811.5194541,55.17595062,202.181,3495.181,0
0.021824649,83.83527096,803.2586688,46.28432526,211.455,2520.402,0
0.009388659,66.07268912,782.5293139,54.12738159,216.615,3711.448,0
0.035619339,65.93101379,860,63.10445008,147.15,5511.56,1
0.027339389,47.09713076,792.2472856,64.12267347,182.9,3801.907,0
0.026851918,69.19315336,824.3619281,61.00117269,185.39,4042.582,0
0.017678957,79.62503008,829.9825691,46.37233092,195.726,3696.575,0
0.025069006,65.24367069,790.201076,51.82906165,205.8,2900.055,0
0.019621865,68.22913731,797.5491291,56.06642256,202.764,3282.93,0
0.024085781,70.33498493,812.7654073,39.1134977,212.223,3707.331,0
0.023073202,79.5345481,782.7817995,57.0711967,189.483,3680.155,0
0.026164637,68.84418922,803.7595784,31.93433346,219.855,1401.12,0
0.030498604,82.77426068,771.1684392,54.77547097,190.497,3919.764,0
0.016900026,72.54207604,785.5326774,56.97471245,199.289,3404.053,0
0.030742316,73.04788646,811.1712852,59.59586562,192.509,3336.886,0
0.020777252,80.34792354,827.935246,54.10309627,201.119,3248.772,0
0.024756607,76.59294657,762.8002721,50.74663851,189.649,3790.392,0
0.023705319,73.59998848,794.6426225,44.27795922,211.24,2868.838,0
0.026921919,,856.0284382,48.09976734,179.629,4260.966,1
0.01610193,79.90024488,782.4419035,46.81332788,203.213,3497.13,0
0.015205808,78.06108876,818.6169694,71.0423123,190.963,3263.154,0
0.030026718,73.54091159,776.5083892,61.74304554,187.525,4060.476,0
0.027038867,72.31884907,811.9062602,34.61871026,207.989,2359.611,0
0.029658462,74.79484319,781.5975957,54.57176981,193.097,3825.136,0
0.034822674,70.58601869,776.6077529,43.79692103,198.25,2724.835,0
0.01146301,75.836119,775.2359869,50.55738996,212.438,3013.374,0
0.020555901,67.28878247,833.8577509,39.17892746,205.776,4200.048,0
0.036091998,74.00040512,777.6636393,44.42222378,192.309,3144.85,0
0.017077889,63.52194152,799.3654482,41.8614393,223.164,2686.684,0
0.014949244,67.10408448,790.1486248,48.25640589,210.766,2247.753,0
0.023456285,73.12057736,805.7005626,54.4648716,199.087,2910.962,0
0.017230521,83.83318405,806.0001848,38.63025447,220.126,2772.291,0
0.025916804,82.66869967,813.0733145,60.72509396,195.73,2835.218,0
0.024961634,60.97309564,787.443012,54.7452982,193.152,4000.478,0
0.027909973,100,832.1402471,54.23460289,181.14,5231.225,1
0.029182053,72.46350006,847.4352001,54.85714079,178.853,4856.102,1
0.021905486,83.39207912,777.8331178,49.38949389,204.522,3486.259,0
0.02736418,73.67715295,762.6256103,64.94165649,174.392,4426.923,0
0.022886878,70.64138194,772.023846,47.56951272,200.937,3724.359,0
0.021485561,72.63328291,808.8755536,53.84836144,204.325,3791.599,0
0.023814701,88.70282904,772.8908675,,199.296,2715.968,0
0.016881768,91.38694348,776.8697521,59.46941966,202.401,4304.04,0
0.030005571,72.47618588,817.396524,60.96483886,184.414,3862.128,0
0.029604349,69.50196062,803.1062776,35.12792467,215.521,1635.065,0
0.01710875,65.87487639,772.0446267,46.89835093,200.955,2913.832,0
0.023488038,84.88851072,765.3827176,56.16810048,195.392,3818.575,1
0.022852913,74.55946861,781.836672,54.60530306,197.135,3725.44,0
0.021407531,85.44072225,756.0054586,46.48968155,202.442,3498.574,0
0.021457852,86.19068443,808.2664119,50.10647349,202.099,2557.621,0
0.045603074,66.57137165,802.2655592,67.61262878,169.911,3887.765,0
0.020626526,81.27503374,778.3123668,53.20485149,207.626,2997.444,0
0.024359107,76.83363798,802.6817249,60.09941911,192.924,3586.573,0
0.029967215,59.54148247,774.3409386,49.89303432,186.373,3655.203,0
0.024734217,66.99420626,807.9648187,46.63653991,195.368,3059.513,0
0.020654984,70.37792308,801.5151298,46.4825353,211.693,2833.35,0
0.02672426,57.96268634,792.7049284,67.10331658,188.494,3649.521,0
0.025620626,58.67238646,837.1777396,58.89612647,177.307,3964.455,0
0.035246336,61.6715646,793.3086034,72,181.705,3746.561,1
0.027954558,73.99265369,800.808294,36.13594919,210.624,2009.808,0
0.034534111,75.66643185,800.9060889,48.94650893,197.892,2943.102,0
0.012017989,84.83759385,804.5873228,51.19376247,216.658,2492.807,0
0.016220686,69.64744716,785.1226764,51.86985421,217.94,2951.522,0
0.0154911,69.58067105,755.560487,39.29958181,206.12,4292.345,0
0.0319193,79.33960467,754.5001235,44.99312913,193.165,3106.34,0
0.018366344,76.47669896,804.7690017,43.01797267,212.433,3106.753,0
0.030526528,65.57102227,829.7441017,54.12809602,191.499,4365.269,0
0.024575468,75.29515439,784.7689176,54.11032046,200.343,3388.174,0
0.02829212,72.35179123,789.0281029,41.30634901,206.216,2966.42,0
0.022879542,90.03400679,754.1011462,36.85932197,199.873,3398.821,0
0.024362159,74.64266228,766.570751,71.58800466,183.143,4072.015,0
0.024797191,73.88937722,789.2338852,47.40305773,202.172,3180.135,0
0.031544682,64.78390807,774.4329354,50.88634475,190.406,3359.038,0
0.019236115,,808.8832056,49.55231961,216.508,3076.728,0
0.023896122,60.91651591,779.4133912,62.37969461,187.747,4088.911,0
0.013225642,67.93725768,798.0884592,38.07815729,222.204,2502.07,0
0.014945561,71.29248771,791.8296265,69.01499168,197.402,4208.641,0
0.031667779,69.66459321,757.2215291,51.66167415,187.675,3803.011,1
0.020849136,65.0478314,785.9390667,51.34693579,209.561,2600.685,0
0.02882203,64.3452811,814.9274434,47.24668813,202.554,3182.876,0
0.021392029,73.86801604,756.5777926,54.88316824,189.033,4026.709,1
0.021338782,78.09984305,798.7254947,60.21830468,203.861,2785.582,0
0.012788883,65.54245918,858.8844114,44.5047361,194.812,3868.317,0
0.02592789,76.22243824,797.1045894,43.16272192,213.217,2268.613,0
0.023337007,75.28427713,855.5182323,37.58516906,196.203,3732.122,0
0.025874362,72.76481725,789.6034502,59.19822361,185.408,3534.154,0
0.028246893,75.32759795,827.7167723,53.97905235,194.424,3756.438,0
0.023101289,56.60719958,842.7524326,45.03393544,196.54,3849.106,0
0.014461425,71.94007409,784.5914092,38.33544001,222.64,1732.955,0
,82.56447018,785.9375539,52.45006807,198.313,2396.795,0
0.028759838,79.61308534,777.7985667,50.45746842,194.37,3016.976,0
0.013143122,78.38556483,800.0469186,57.35546928,209.682,3086.519,0
0.023487815,62.57616914,825.9217725,47.59741035,201.889,3569.001,0
0.018676884,71.84103917,803.6563066,37.95291046,216.08,1770.363,0
0.02875943,85.23853571,827.3845132,53.32387278,193.335,3291.113,0
0.017251738,64.37050363,827.8819744,55.42273809,207.185,3097.608,0
0.020076111,64.5543063,823.1330115,51.48016812,198.768,2823.044,0
0.020390926,65.27462584,786.5379387,43.67726419,204.319,2712.212,0
0.027831347,51.49188994,854.5654231,40.29196606,181.677,4363.926,0
0.022192748,86.47511902,799.9525157,47.05665967,215.631,2884.137,0
0.022693887,80.12335292,741.9097587,64.2069378,162.707,5454.558,1
0.03518908,72.46478926,805.592405,42.34416508,200.81,2218.001,0
0.023679689,85.76211499,796.1108973,51.30101165,206.047,2240.572,0
0.020241426,62.22171347,810.9154895,44.48756688,203.613,2301.726,0
0.025609803,82.07146815,781.3009577,46.27308807,205.852,2592.714,0
0.035029755,68.66628509,830.1880887,47.38030947,185.658,3715.226,1
0.018661247,80.06529834,784.1798202,45.10855827,204.215,2806.657,0
0.013431893,77.32414463,777.7914281,63.88350306,194.263,4431.907,0
0.024253091,73.60382072,814.8658943,48.04486013,205.018,2467.407,0
0.018991023,85.28582203,785.8271152,62.68928234,191.68,3905.317,0
0.022716738,66.6732214,771.4676453,42.067564,202.525,3177.955,0
0.030668648,73.57051415,793.5375531,46.37777559,207.438,2090.549,0
0.031562404,79.5557422,766.7683588,36.11277108,199.616,2517.457,0
0.035770818,,788.3324993,51.42439059,190.605,2847.116,0
0.025089361,68.34601652,789.6415832,49.4499187,209.167,2653.395,0
0.023103756,80.87923289,803.024801,50.87938286,198.738,2869.275,0
0.022890254,62.93819183,820.2154605,28.72962956,215.095,2482.156,0
0.024060783,79.46339427,777.4063095,47.68346208,200.929,3393.091,0
0.028741139,72.61809904,798.2694731,61.8868955,186.647,3134.387,0
0.005519166,76.58089507,800.2134199,58.66623621,216.071,3347.701,0
0.033674412,63.2180016,787.0453065,53.68832057,191.619,3057.311,1
0.021954782,70.09347122,826.2662484,53.21864461,194.487,4094.255,0
0.023907485,80.85704103,818.8408767,55.64111387,188.556,3968.714,1
0.01538077,60.97890339,811.4477587,42.35231381,226.445,2870.205,0
,94.51884481,790.929135,49.85389343,193.207,2693.29,0
0.023442187,68.40375056,811.1725999,51.62663331,200.31,2995.014,0
0.017779458,67.16894042,816.8025736,58.23153702,205.64,3567.415,0
0.033064691,,788.3627813,50.89751974,181.318,3108.446,1
0.028382969,77.22138964,834.6550523,41.33850723,191.831,3469.356,0
0.024759289,67.64235726,811.0939529,55.28655035,202.312,3545.645,0
,72.43566225,,55.3696522,178.854,3904.197,1
0.020807307,63.67934504,763.7239517,45.42904071,203.661,3042.316,0
0.031531602,67.76330383,837.9178547,34.07018225,196.265,4125.861,0
0.014400884,65.22991932,813.9849128,46.89383374,209.621,3085.537,0
0.013215398,78.2099755,782.2171938,53.67364602,219.532,2774.266,0
0.031418761,59.83108214,774.7714448,43.48795407,198.773,3052.672,0
0.026512848,79.3019111,748.4357109,54.93361756,187.021,3715.287,1
0.021711815,65.31147598,786.9080691,58.26283362,203.464,2891.188,0
0.022588397,62.98353155,811.7176392,57.45159959,199.173,2586.632,0
0.029728589,79.91850923,802.9709849,67.98248297,192.225,3081.668,1
,64.63272476,805.5380406,54.23164539,187.483,3637.694,0
0.023737035,62.49999698,851.9987398,45.61930835,180.512,4762.196,0
0.022103188,63.81435341,751.2413046,52.07957796,190.435,4487.436,0
0.026128749,64.80571458,804.2610254,44.82071255,200.176,3645.911,0
0.034174552,,793.5943148,56.63986782,196.366,3038.681,0
0.028891723,92.63549032,818.3331353,34.99469593,196.603,3177.092,0
0.016876787,,802.1518709,44.59066756,219.039,2711.9,0
0.0344777,71.07303347,784.8180804,48.75595559,200.779,3276.55,0
0.014108313,58.61056006,799.7767204,48.93100281,216.78,2559.462,0
0.025743255,86.29692319,794.2412333,49.33936339,195.881,4033.737,0
0.017850523,78.1718136,781.3082037,51.34836727,199.316,3393.56,0
0.026179145,70.78987743,839.5006215,,183.595,4828.176,0
0.018448969,62.66782743,792.9505001,54.1735115,209.514,2679.269,0
0.027811316,53.58606459,836.3347027,61.71187873,182.338,4548.611,0
0.034398535,78.08740309,793.0992308,45.17302765,203.75,2708.063,0
0.012370803,,829.0180705,58.50379607,197.584,4647.527,0
0.02791257,75.38619872,810.9792802,51.2044627,193.795,2758.815,0
0.016804398,78.26420562,763.0039359,52.15085915,210.93,3567.758,0
0.030596913,90.25635774,785.0416584,51.69819351,192.616,3292.341,0
0.018775874,61.88836618,808.6714845,58.87955632,205.974,3238.457,0
0.015040609,81.83451735,818.5693081,55.25501574,205.743,3758.86,0
0.018045495,51.73418061,794.9605354,55.5854692,194.092,4261.186,0
0.025037601,68.97996669,829.8537097,,193.145,4397.242,0
0.03792297,81.72473065,771.9509735,58.0442298,180.875,3403.168,1
0.017819539,62.53531338,807.7998676,47.52378177,212.949,2276.913,0
0.023961639,71.00095473,858.38874,42.83360812,186.597,3568.635,0
0.021890121,80.43232095,809.5133428,,201.01,3198.831,0
0.024543464,87.80144481,776.7835655,48.40783574,203.846,3278.134,0
0.020241516,74.69692977,794.5603119,35.94596015,217.823,2943.31,0
0.028900979,58.359238,834.8652699,62.27903454,180.14,3247.744,0
0.031893754,65.21390441,843.6168061,59.06056789,171.188,4919.942,1
0.017213912,63.81645702,793.1529566,51.65143253,212.792,3228.273,0
0.028292914,65.77986151,795.3473153,52.50125827,207.502,2421.071,0
0.017251343,64.98970267,,47.47286085,204.71,3262.464,0
0.015805851,61.26696976,811.9933954,43.61880985,213.831,2593.986,0
0.020901219,58.0826062,798.1228565,37.71258244,210.896,2479.872,0
0.020079775,73.3881722,801.191045,56.18038277,202.624,3569.628,0
0.023617974,85.2561584,821.8531158,43.59517673,208.079,2576.747,0
0.025364778,72.33351592,791.6021461,45.97251628,202.919,3101.359,0
0.03064477,78.11341495,813.122733,51.77589971,191.183,3764.983,0
0.02557321,77.26900943,777.4375994,56.61642198,194.495,3924.33,0
0.042052861,69.12363641,824.8688362,41.77886261,181.106,3294.814,1
0.025281585,74.04541233,778.6095356,63.1034214,187.362,4506.176,0
0.020200753,89.21759822,791.2387232,50.6031871,201.297,3176.011,0
0.021921276,59.83544511,784.0481398,63.27498375,194.144,3957.578,0
0.023068089,77.72024479,809.7183029,46.2701321,208.773,2313.882,0
0.021584508,95.78079582,762.0622624,48.69128015,193.574,3856.046,0
0.024984545,77.54675197,,63.118322,186.231,3668.53,0
0.031317524,87.67165164,764.5372539,62.81627371,181.122,3859.918,0
0.020862902,91.09153793,772.1317565,64.92549268,191.042,4449.215,0
0.020064288,63.8724089,823.9119855,59.53244085,199.368,2741.27,0
0.032694267,72.76468028,818.5305332,46.33496017,196.333,2852.248,0
0.013580822,84.59370288,800.3532992,45.97283461,211.045,2848.536,0
0.024676735,72.59735813,791.8495807,47.20610608,213.206,3019.275,0
0.016672894,71.43741785,754.9957634,54.98151382,185.456,4694.426,0
0.045307827,76.63099877,771.9568312,52.18145919,178.2,3405.083,1
0.010102353,74.80022347,806.6186343,41.30316776,226.317,3058.19,0
0.030255015,78.18141671,800.15856,51.18663928,190.37,2837.254,0
,83.36467862,823.5984969,55.29704146,189.043,3586.48,0
0.022889591,62.01490036,777.305492,30.08609092,214.026,2096.288,0
0.026181114,70.2268739,835.0311873,54.41339821,192.615,4261.206,0
0.037918247,62.25016755,825.0777419,56.33383433,176.912,3067.056,0
0.019911193,84.30035527,810.6895465,48.06929966,200.496,2475.928,0
0.012746764,64.45727733,809.764817,52.75507237,214.296,2952.894,0
0.017190262,67.99262226,811.1474206,55.14251498,199.436,3431.865,0
0.021819747,72.82376519,833.555185,46.44167891,203.717,2422.681,0
0.028461753,87.4136071,825.2255475,43.87169936,202.896,2818.131,0
0.024510672,75.68113375,824.0734787,,207.27,2623.161,0
0.019496656,,808.651378,45.291907,202.061,2813.371,0
0.023652675,70.59128099,779.9563449,56.7848155,191.818,4233.974,0
0.023778458,75.57449112,808.2661384,56.67428336,204.377,3391.176,0
0.033796966,85.72712326,743.5403212,64.55708394,164.822,5299.283,1
0.030270915,76.07515919,822.4517649,53.61382909,191.959,3959.827,0
0.02329724,61.70683895,833.1954107,46.24388685,208.176,3577.431,0
0.019199852,84.69549931,787.5598798,58.48968075,199.733,3838.833,0
0.016774299,,770.8579684,37.31054581,211.773,2371.716,0
0.023800139,82.59942168,740,47.96649965,182.203,4198.104,1
0.031794865,67.46068416,813.2628446,50.21253456,192.646,3060.412,0
0.034984796,89.02412339,815.5249235,51.4626831,186.069,3208.139,1
0.020657632,82.40902396,799.9614763,64.27366473,198.386,3303.924,0
0.026824498,73.77834713,806.364402,54.17833365,199.03,3586.341,0
0.041395297,65.21521656,831.5376197,45.05306581,167.264,4774.992,1
0.027813299,84.0030587,743.9300613,63.74949823,174.14,4411.512,0
0.030221659,70.05492426,787.4811003,50.15685394,198.495,2904.156,0
0.014449786,61.4419289,770.7516032,57.26883347,207.562,3382.776,0
0.028862384,79.79838123,804.634663,31.30132534,207.309,2480.028,0
0.017117754,81.4570806,776.0928911,,205.792,2836.548,0
0.014772155,62.95197434,822.4020861,54.27832516,203.941,2944.957,0
0.029179362,,796.040466,48.23720406,198.679,2134.175,0
0.019462392,80.07680176,841.5912513,41.5029262,206.393,3048.316,0
0.032075024,66.36049212,770.7339531,54.15860317,188.482,2881.037,0
0.03182147,73.20308538,793.1223734,37.02649866,207.521,2134.248,0
0.031701885,85.71385248,772.2905149,57.94057708,191.998,2965.152,0
0.032128056,62.94754267,814.3249459,50.76903851,198.556,3180.1,0
0.016952368,91.04939402,766.3436862,51.87597573,204.331,3785.42,0
0.020947453,80.64470092,822.4993981,40.29992856,205.868,2749.882,0
0.028589429,76.92677262,777.6843693,48.41393789,196.811,3053.42,0
0.031585067,79.72646129,789.6565426,57.04469561,197.137,3008.081,1
0.020983973,78.49052618,754.7400054,57.1164847,187.453,4004.576,0
0.028355218,70.61390943,796.3353767,35.43407506,213.15,3049.733,0
0.01365461,67.29159636,834.9371025,51.54093086,207.241,2959.269,0
0.032117701,77.4880233,756.8876562,,176.415,4549.848,1
0.021595448,75.75289286,775.9793889,50.64377164,200.977,3339.04,0
0.024161328,82.83796796,758.1601965,48.68908029,200.557,3041.344,0
0.015808683,59.21034316,775.3927413,62.21211359,197.561,4101.357,0
0.038587437,78.67283193,812.6880424,52.2426134,184.43,3597.001,0
0.016942634,63.22351236,807.9512531,44.24450385,222.356,2609.52,0
0.014596938,66.348601,798.7677861,53.78226757,209.342,3401.958,0
0.024957748,73.600249,802.3904881,62.55102059,196.693,2281.989,0
0.021219831,77.58365253,798.0702316,44.08489235,212.728,2494.773,0
0.023986817,79.63339203,819.1848551,34.5351882,215.609,3457.515,0
0.023999412,73.50542677,837.4562183,68.12494328,186.125,4038.113,1
0.021168487,84.76536646,801.3214484,50.8031489,205.1,2508.046,0
0.031298004,89.31578815,781.0416234,46.83185839,192.727,3448.557,0
0.021760283,85.72614796,803.3787374,53.73378928,197.036,2874.025,0
0.026543156,78.2844102,790.7228615,47.19394511,199.74,2668.846,0
0.028969264,68.71753167,780.3720504,36.08500219,208.691,2673.227,0
0.024259121,74.27069478,828.1253442,57.50428878,195.207,4232.324,0
0.014654318,74.6180764,784.1733707,46.45874258,220.459,1837.508,0
0.029400785,57.8678586,859.9292665,46.0066311,174.52,4104.935,1
0.033012128,68.1887812,809.0153063,45.82664977,189.605,2725.288,0
0.034020941,68.9529091,765.7260342,51.73225831,190.515,3491.219,0
0.035027799,73.57366369,802.9076711,56.23870077,185.77,3679.495,1
0.037539352,66.51903891,790.1988592,58.37603704,185.703,2765.662,0
0.011217448,63.7666414,771.8790955,47.98936155,208.115,2927.579,0
0.014040553,80.96304852,811.6994627,51.9094632,209.189,2634.562,0
0.023339457,61.23628086,810.1460199,33.92713199,208.015,2531.526,0
0.022661684,47.38482398,855.9715906,51.71480528,192.841,5991.313,0
,83.16057972,791.2832092,50.08914335,204.364,2673.161,0
0.026948129,66.63331377,849.2376768,53.63559854,168.338,5439.627,1
0.01346398,79.41555894,805.8937116,54.15099054,212.391,3057.936,0
0.012700303,57.90912787,835.4560668,54.39366708,197.114,3237.303,0
0.019894504,65.9481728,807.1702679,60.4990659,201.575,3371.733,0
0.022055274,84.41579216,831.5692688,53.28352793,201.46,3494.737,0
0.016915907,80.21461782,773.8836733,51.39623861,202.99,4019.875,0
0.027031376,63.61873101,803.2187976,49.16532878,200.187,2538.31,0
0.025440177,71.08573893,769.6864001,49.57864848,183.563,3962.934,1
0.025009053,73.06247729,805.9327767,36.7299635,210.356,1843.645,0
0.020436756,74.29342469,819.4401035,47.29864983,204.529,2847.653,0
0.024243663,75.17311101,757.1398831,41.30372225,198.722,3674.797,0
0.025744707,,802.1952076,46.89863873,200.954,2907.157,0
0.024080507,66.41246447,756.5126186,37.46194276,197.449,2954.431,0
0.021924523,79.83642348,797.5435688,46.35981893,202.962,3347.212,0
0.029863589,69.89268176,818.1400593,37.86521068,205.116,2447.205,0
0.025215388,51.55654447,759.0758663,,185.143,4219.97,0
0.035504851,68.14352565,811.1472289,41.94145452,191.646,2628.609,0
0.018571335,69.5201144,773.4615533,53.62849256,199.125,4056.762,0
0.005,60.17680268,841.8947279,45.08111953,218.414,3330.897,0
0.017832691,,807.8369026,40.9675373,209.876,2637.662,0
0.02617252,70.20707451,779.3798488,,198.547,2956.017,0
0.025107804,78.21683316,,42.60536175,203.183,2276.867,0
0.023077145,79.89165659,800.1656863,53.22225971,207.371,2290.735,0
0.028144816,65.75192015,799.4897365,45.45737313,209.286,1999.461,0
0.016488364,73.46683322,801.0550292,45.99624263,215.016,2579.732,0
0.025320393,74.66535101,828.0620402,34.78518765,205.588,2988.126,0
0.034460272,85.45323361,792.1010756,43.26321112,195.371,2576.562,0
0.01676421,69.54223932,787.989608,56.19909502,199.726,3971.28,0
0.022321205,71.11621028,802.2057191,51.59928953,206.403,2266.505,0
0.018813575,65.97941357,826.3705699,57.11890275,204.31,3928.194,0
0.015892297,84.74462466,775.274393,55.62653596,203.352,3628.079,0
0.018349831,75.85149774,813.9236422,30.90756846,224.743,2266.45,0
0.033069288,73.69971345,758.1193936,51.62599127,184.269,3572.736,1
0.026127206,82.40372804,764.7466775,43.57383929,198.799,2765.358,0
0.020684996,79.98580316,752.5405106,47.89714761,197.518,3855.465,0
0.016012904,59.71642882,828.9491487,59.83974007,201.701,3236.442,0
0.031568048,80.29978613,783.9023896,44.85852425,193.64,3571.789,0
0.026744805,71.2330553,807.0339914,59.57141786,190.891,4066.457,0
0.026765341,77.24216311,814.0137588,,200.844,3348.528,0
0.026725609,75.5893677,789.4531822,38.40548084,210.063,2263.983,0
0.025197709,72.21123136,810.5105876,56.53385178,194.771,2870.088,0
0.021169489,88.89710866,778.4512574,53.21932598,194.497,3159.22,0
0.040593419,95.72399726,771.2407316,63.48280664,171.795,3911.746,1
0.033842527,89.2435587,797.2123969,51.99445104,188.476,3489.774,0
0.023431616,65.04666826,753.9954613,49.21187962,195.453,3824.854,0
0.024354343,81.41918395,805.3955416,51.60980456,205.375,2804.979,0
0.019727468,77.19883029,790.7081597,47.29739201,208.732,2345.312,0
0.026665773,63.84255521,809.2425781,49.2811437,200.444,2886.515,0
0.024639282,73.3559751,822.7570773,55.54075874,202.52,2774.761,0
0.016734904,70.33611513,795.2134378,39.00668062,227.053,2831.284,0
0.037843118,69.68444072,855.3018598,46.8024216,162.158,3915.24,1
0.027858923,87.81607394,792.207199,48.97349614,196.457,3173.301,0
0.022322459,,747.2201291,,186.555,4076.743,0
0.026652068,62.77233691,851.9456048,35.90700408,188.117,5040.35,1
0.023241804,56.09213787,860,45.48936154,178.69,5156.913,1
0.020501604,72.32317997,776.3682424,46.22732008,210.216,2954.602,0
0.011051965,53.87786873,860,42.4793108,195.935,4427.799,0
0.026702794,72.8841625,795.8604354,43.90342666,200.796,2557.57,0
0.020374257,70.50184316,816.0343719,33.95806308,220.885,2122.258,0
0.026414545,72.30723543,783.1728064,53.66582943,195.28,3179.231,0
0.027566312,66.90772897,820.5617418,48.76178495,196.502,4158.596,0
0.018482384,69.16861118,818.9736092,40.83983096,209.494,2208.282,0
0.018841827,81.27092199,841.3292054,44.73406086,203.084,3195.866,0
0.027285867,70.48718206,852.2579456,60.61216373,175.712,4557.17,1
0.036313637,69.65927561,813.8963666,50.63614526,187.318,4047.643,0
0.020388133,67.28766371,797.9967936,52.147103,209.162,3131.127,0
0.022029133,89.12200308,763.6727639,43.85068268,203.342,2782.325,0
0.022069073,54.17056637,803.4797689,52.75404846,202.497,2663.328,0
0.018011822,64.9183964,832.0662133,63.96640987,196.57,3472.34,0
0.032660392,,780.8533646,44.55383658,204.625,2714.11,0
0.028194593,80.3640071,791.2978348,52.51026456,187.798,3276.184,0
0.013477934,82.58059254,792.0451369,52.77394887,215.029,2696.765,0
0.025888888,82.9615368,768.6970085,48.10095151,196.897,3603.041,0
0.020867446,82.71547417,824.3532534,44.57330245,214.59,2869.642,0
0.021616672,71.83360587,793.5100301,47.20194513,201.428,3262.889,0
0.028966328,71.45676076,825.2628061,52.25861513,191.428,3596.774,0
0.02684753,66.65813233,792.1758205,50.17986503,190.932,3271.147,0
0.031299946,71.02828276,823.1637026,53.3167046,187.708,2822.885,0
0.034728359,72.54860325,786.6235128,46.38651932,189.299,3474.294,0
0.013659008,78.19719171,770.3627657,48.43011244,214.529,2843.91,0
0.017850181,59.06981937,803.4302041,,207.83,2528.59,0
0.018938413,80.77140756,813.1904133,41.43828088,220.562,1287.423,0
0.032887495,69.38925515,823.3452707,39.95029624,193.452,2262.284,0
0.030650701,90.58961937,769.1161459,56.668913,185.143,3754.396,0
0.027950458,74.41908664,770.1255786,39.19301041,206.392,2470.868,0
0.011431237,66.98138083,831.7484397,44.74570368,214.177,2876.983,0
0.024198275,79.81504999,784.4922735,48.35153809,202.478,3099.197,0
0.009238837,70.86980911,782.2701086,50.34116831,220.514,3047.883,0
0.018943275,81.91070242,814.5359203,57.32141246,194.855,3330.944,0
0.023765951,60.19441442,801.674965,45.1669688,207.576,3308.524,0
0.016454611,89.62998206,816.6075486,50.73709641,210.981,3313.487,0
0.032754639,61.48128002,805.0126917,45.62232293,196.264,2885.758,0
0.016464756,67.58863193,785.5843316,49.8591929,214.013,2491.371,0
0.023335211,76.42840587,800.587436,64.30523909,204.966,2752.417,0
0.016977933,70.3234206,829.079442,54.4584449,196.156,4371.745,0
0.02950503,82.9654678,747.5178357,45.55797705,188.219,4255.231,0
0.027132735,80.40161268,782.9085859,62.31202188,191.483,4218.847,0
0.020975282,67.16032692,773.4950456,49.28778381,203.149,3077.327,0
0.019149011,,846.7156314,63.67089626,184.933,4046.59,0
0.021049242,70.36244673,785.3423324,30.03496856,218.376,2477.699,0
0.030478058,85.47342142,772.2686272,42.57861552,195.938,3711.497,0
0.031366529,67.83332424,829.6175959,44.57185683,188.683,3193.304,0
0.02785585,63.21635899,807.8221519,48.78447878,202.486,2603.509,0
0.020562124,,820.74354,61.08407924,193.78,3393.001,0
0.028177319,86.98635205,,54.26391428,185.518,4067.742,0
0.028307291,86.17268184,825.0348462,58.27137203,185.114,3373.187,0
0.030306281,76.73552232,763.7143062,37.35158122,204.748,2454.653,0
0.034275608,93.98840254,790.6828321,31.92822011,198.994,2380.679,0
0.028550861,69.63691322,801.8523242,59.10717572,192.923,3338.506,0
0.016273874,74.17880914,836.0186444,58.17375105,195.168,4304.54,0
0.021994653,73.7208137,763.3030006,55.76132368,195.147,3381.047,0
0.032479724,56.47561633,819.988839,50.76713755,187.924,3128.313,0
0.031798849,73.27240858,802.3390803,48.71138974,201.553,2680.235,0
0.014793738,67.74270748,819.7242393,50.18910088,216.403,3011.746,0
0.015798933,74.36299015,760.2875109,40.96329986,205.518,3231.088,0
0.0319934,68.83422991,784.069996,47.18414807,200.359,2377.709,0
0.029340248,59.49514719,823.6129569,44.92238317,204.837,3235.551,0
0.015118289,69.27340181,851.3149093,50.57164163,197.203,4346.677,0
0.026111108,85.95042667,775.8789204,56.52594054,191.486,2834.955,0
0.030002806,66.910746,793.3655673,60.34946033,190.683,4237.489,0
0.031831907,80.88173208,740,61.82227212,165.504,5194.054,1
0.021813756,79.54421025,762.4854328,65.06846424,184.007,4282.471,0
0.020716828,75.64254831,814.1180345,66.47784492,187.928,4496.321,0
0.017125076,70.14338923,,56.52901609,202.737,3305.946,0
0.026692995,70.95506426,746.3863731,51.05454096,183.676,4650.962,1
,,796.2994971,60.75443048,201.482,3674.703,0
0.024435793,78.04941391,767.258412,51.80345113,198.77,3264.518,0
0.009807732,65.60689395,803.096691,52.22013757,220.683,2716.241,0
0.007281842,57.96484816,791.5583091,38.44219696,225.989,2431.144,0
0.033757049,47.09655868,841.6551564,56.25072925,174.754,4466.171,1
0.010392521,72.74528094,801.5490491,66.36182441,211.131,3069.102,0
0.033484307,92.56058673,784.7276373,43.63632579,207.508,2389.127,0
0.024643194,75.71392123,,60.56571577,189.113,3465.474,0
0.02942593,68.70888496,781.5657546,46.69170021,199.56,3521.914,0
0.02848472,75.665216,769.2005265,,194.416,3154.998,0
0.022996055,78.33019327,779.3628635,44.26319615,206.583,3173.777,0
0.008281752,71.05392847,827.8192838,59.37546882,210.763,4384.052,0
0.018763549,80.71527335,809.0613102,50.30279667,203.593,2881.701,0
0.033603959,49.37518319,810.7057368,53.84554639,181.688,3928.727,0
0.022709678,59.54055772,819.0989997,47.33506192,205.707,3125.071,0
0.029348393,65.74146999,831.1223204,37.38945318,206.706,2451.956,0
0.022636688,89.50187123,795.9365394,51.29291696,195.75,3316.513,0
0.030770211,65.25846309,819.8960433,64.13201661,173.812,3726.824,1
0.021434494,64.13214388,796.2140047,60.06941862,192.182,3289.661,0
0.018430678,69.22715844,802.1457226,50.70429168,213.511,2358.045,0
0.02173449,59.35938976,860,53.09828287,178.326,5019.38,1
0.020358152,68.40996378,821.619114,52.82111955,204.96,3119.956,0
,70.05675645,784.5850833,50.87572887,190.796,3224.594,0
0.014780071,67.9868392,800.5939177,32.26810484,230,2074.944,0
0.024574835,86.62730248,795.4550468,47.36918227,202.006,2727.694,0
0.040537206,66.9249512,832.17749,42.35194944,165.278,2804.693,1
0.026283856,68.94491412,,54.15402461,194.831,3758.11,0
0.025502609,79.36139966,805.2613891,63.17477706,191.664,4044.438,0
0.015929844,,787.3060116,47.25714025,215.814,3350.941,0
,95.3332004,814.5730786,54.94935448,185.211,3334.504,0
0.031999932,77.01059707,789.9209392,46.46192376,199.789,2659.244,0
0.018049641,66.86616815,797.9769579,46.98422271,208.939,3493.206,0
0.022269418,85.75713915,740,53.48491437,179.628,4430.221,1
0.033934088,57.6895309,805.3597757,36.85899055,204.636,2629.665,0
0.018536671,,813.5941927,46.83409707,202.787,3634.721,0
0.01570731,93.42190975,784.4602472,53.1026155,200.068,3473.812,0
0.011772207,67.78461545,838.3810144,60.54416705,198.389,3209.891,0
0.028278781,64.94208335,775.2368151,49.05726292,201.836,3727.077,0
0.026377033,71.99255571,800.5699693,58.59266513,198.848,3352.006,0
0.010690865,84.5400997,778.1228163,37.12439952,224.118,2524.326,0
0.030640151,60.14087463,796.2178166,42.9847366,196.962,2689.665,0
0.022614047,81.07253268,767.4539891,53.19543211,193.477,3354.164,0
0.023949247,62.25847006,825.203077,58.38977705,199.873,4234.24,0
0.028936581,61.5237916,817.3526819,55.44570454,185.875,4317.837,0
0.021764455,71.46287603,803.5461425,32.49563937,222.432,2421.43,0
0.031260765,66.333662,828.4154327,61.77077669,176.75,3426.791,1
0.020705548,76.41530728,819.3314824,41.17634585,209.049,2783.104,0
0.023569318,72.93676473,823.9309087,47.50624188,199.586,3649.886,0
0.02627032,76.84495912,797.6627557,63.98641423,193.515,3771.139,0
0.027943066,77.19069627,826.5459524,49.97841136,192.668,3168.735,0
0.021830393,75.03704247,799.2281633,44.20111042,207.713,1883.687,0
0.021402863,94.47947354,807.8014736,45.04947462,205.687,3417.064,0
0.026943066,68.61643887,776.8008682,48.73082231,200.823,2932.07,0
0.017098024,71.15451437,782.4989433,54.16332063,211.255,2817.078,0
0.028952812,76.29857343,779.0461274,51.6920296,187.192,3265.424,0
0.033398981,80.25575017,778.5051614,55.97280497,189.233,2889.793,0
0.020879749,76.53164275,796.7667712,47.34126298,212.849,2483.502,0
0.024950432,,811.7994377,51.6054734,199.803,3439.708,0
0.032249156,60.43805975,840.1332674,53.46199009,180.562,3620.428,1
0.027631833,73.34250019,805.4296408,46.72750241,197.253,3727.903,0
0.027816412,59.68364218,847.8455669,46.89846013,188.159,3076.106,0
0.015698679,59.40578025,830.2579147,35.07010774,216.822,2370.919,0
0.033002892,88.84984515,782.590209,54.12186024,188.708,3512.442,1
0.026457934,59.99893645,803.1840718,54.66802941,199.536,3058.153,0
,69.46769926,762.3089499,42.50341963,214.708,2866.494,0
0.014837435,69.61112639,763.6486985,45.29423842,207.614,3309.902,0
0.028007261,71.24026081,792.93241,39.41380183,213.899,2413.972,0
0.027844105,80.98520658,801.6170674,,199.707,3076.234,0
0.01639739,70.49615567,789.2658057,51.00991775,210.514,3478.419,0
0.018704862,80.75592748,775.9996742,48.00225788,203.598,2678.397,0
0.033636401,59.98404992,784.9673018,34.7881717,199.737,2388.812,0
0.011670032,72.09671821,789.2811387,48.6761484,219.232,2763.557,0
0.01874344,94.99606324,817.5159097,51.67362541,202.856,3321.082,0
0.024862774,77.15226318,823.309698,47.11403986,206.037,3440.755,0
0.03054218,77.73371689,746.380948,46.24243893,187.435,3638.047,0
0.024030824,74.45168249,786.0028507,56.22353195,194.545,3422.162,0
0.019174894,80.92429985,757.4949217,47.62566835,206.883,3208.355,0
0.015355303,82.59814658,816.7420628,59.36289379,208.647,2992.548,0
0.007000665,75.31616299,804.3289014,57.22518749,211.532,3819.143,0
0.021904558,77.3534804,803.9354929,32.54993935,225.188,1771.758,0
0.024571747,73.69923275,812.967136,62.50810057,186.831,3918.333,0
0.031847213,68.95941221,777.485293,45.6961877,205.806,2903.147,0
,78.88614817,808.1503858,39.71751481,204.594,3348.401,0
0.016755514,69.99618049,774.7053344,54.60623778,197.649,2773.156,0
0.019994773,65.69883917,792.7749146,62.7241419,204.756,2691.881,0
0.0225311,74.43061639,790.8890419,55.36461855,199.307,3145.884,0
0.014565308,69.79201758,815.5001059,61.23476616,211.94,4034.587,0
0.013741944,58.89366395,851.8072613,47.96189315,202.182,3686.223,0
0.03007429,71.15662762,810.8325049,43.67821464,203.118,2505.983,0
0.015121544,61.48233111,825.0974406,61.64651682,207.469,3161.881,0
0.01340674,73.95829524,770.9000409,40.87451749,220.131,2473.948,0
0.030757919,82.80132972,794.6733492,58.13032559,192.924,3475.925,1
,66.50086298,816.2296009,50.38707154,201.511,3011.818,0
0.025196172,73.69720248,798.4350207,29.31822552,222.925,1757.968,0
0.030303163,75.52482241,789.4994292,54.08586563,198.738,3003.565,0
0.031010563,80.14435581,804.8972012,51.01512583,199.375,3559.696,0
0.034810148,77.56557419,783.2729307,54.39834138,186.96,3658.248,1
0.02614377,66.0119179,805.8093602,42.41158486,197.407,2933.337,0
0.026858102,71.64145718,769.5429733,49.86767958,191.244,4218.637,0
0.013885308,75.46496653,779.7883952,49.58642274,215.428,2778.9,0
0.021194355,79.95857193,791.4115548,37.98441028,217.445,1944.926,0
0.029947912,66.61156261,824.3582167,48.05124423,194.127,3502.472,1
0.036336454,57.75198868,831.8394518,53.20205997,170.57,3764.611,1
0.009637201,73.05971433,799.9299151,41.76570542,216.113,2385.582,0
0.022108139,68.49981628,805.1050146,56.71466607,210.612,2903.842,0
0.029934977,92.93948073,756.5871576,54.49867363,176.336,5056.487,1
0.011955855,62.01892573,811.1066733,66.6564581,207.09,3592.643,0
0.030659566,66.81775769,789.7879214,43.81622232,205.25,3239.662,0
0.033950847,86.67623092,784.6801857,52.6151475,185.316,3679.088,1
,87.5812957,832.6933882,37.62719917,209.239,2560.163,0
0.019623266,57.65711327,763.4875473,36.71343153,211.533,2620.021,0
0.021023934,69.08289232,840.5040594,59.55134868,185.341,4642.272,0
0.026814426,58.3763952,821.4907726,65.32452521,173.827,3956.883,1
0.023332587,,782.6679071,47.69881666,203.531,2560.067,0
0.014676535,78.72630602,750.7580726,54.64178038,200.533,4201.607,0
0.021346344,62.46265,823.3674614,57.71063252,206.224,3594.751,0
0.031937538,67.13931652,807.7916644,42.2646875,198.202,2254.653,0
0.029924097,86.09728787,778.7980544,60.92471621,186.354,4045.2,1
0.027965464,77.06664952,835.0845319,51.94083876,186.425,3924.14,1
0.0315795,,769.0736294,71.06952319,183.993,4256.609,0
0.035953302,60.69937298,816.7386251,51.39419296,182.958,2741.03,0
0.030283428,65.89521668,801.4139671,42.6634879,199.855,2916.099,0
0.015167606,58.36271927,825.0098529,,203.389,3530.001,0
0.014693987,64.35937117,822.597945,35.61555646,224.041,2135.547,0
0.036422877,73.20243894,781.6823591,44.37305159,192.245,2097.532,0
0.028460936,72.00861752,754.3186346,43.52160979,191.801,3266.976,0
0.032972021,69.13400942,773.9685182,48.20734666,191.41,2829.379,0
0.023520894,65.48292941,788.3388032,59.21167465,196.114,3384.473,0
0.026012311,66.65978582,771.8256452,70.08678085,183.435,4177.152,0
0.03314396,74.42278849,803.6159227,38.01738027,209.08,1866.529,0
0.036160322,68.58970554,816.1634221,49.71548049,183.462,3501.491,0
0.038721707,65.24315739,809.9730573,48.69107414,178.841,3005.294,0
0.031098909,78.63234437,772.5876192,45.33228187,196.396,2695.344,0
0.025130223,84.33628103,784.567895,55.84012261,187.295,3925.619,0
0.016243081,69.01801029,788.597273,48.95631936,220.304,2371.9,0
0.020697111,79.43003754,810.3458081,59.71924543,197.551,3370.819,0
0.035371828,60.06853855,827.1834134,47.38144363,177.626,3261.378,1
0.036271796,79.27366315,767.1196784,52.4298008,191.825,3556.296,0
0.029300547,70.77320336,838.3820921,,192.988,3359.862,0
0.021628263,73.98935561,854.7356749,,189.396,4452.529,0
0.011071809,63.44511648,783.3264753,40.73541426,222.888,2755.52,0
0.041659232,64.19330752,825.4119799,53.97022823,170.025,3554.748,1
0.022850825,80.21811468,786.2366137,39.89134459,209.465,2481.188,0
0.028456889,73.10336791,826.6985721,46.49721146,189.598,2511.477,0
0.028171635,75.58698072,772.5451246,61.37372803,186.698,3539.396,0
0.033487002,76.59526095,811.4443784,47.70926894,197.889,2558.268,0
0.026479392,73.42420439,810.5740465,46.39714122,210.793,2660.655,0
0.020547612,78.08179351,776.4111375,52.1021625,208.797,2751.396,0
0.029411907,63.70654284,782.9297676,45.76591328,196.737,2959.149,0
0.034316961,61.0232214,824.0149403,62.46550511,171.862,4579.304,0
0.020182175,63.41606836,805.6550297,51.42608362,214.565,2515.36,0
0.020887387,74.82707306,800.2615348,44.52218811,206.76,2970.597,0
0.031151969,69.59607721,788.0564967,57.18609346,192.123,3967.289,1
0.023180395,81.7262182,770.8704097,63.47303397,191.7,4404.389,0
0.015063594,84.13063599,805.5764505,55.29605835,211.103,3538.901,0
0.009354061,,808.6631315,41.69700585,225.684,2230.221,0
0.02114941,84.67931002,786.6201787,41.34417101,207.062,3011.661,0
0.033592211,59.64550364,772.2734548,,177.226,4243.867,0
0.029036274,71.82647502,781.2609235,54.91993968,193.248,3466.497,0
0.014714782,76.74570169,784.9782493,52.83533882,203.635,3021.747,0
0.024313706,73.4155928,786.4480828,41.87901087,208.497,2774.105,0
0.025806508,71.56446769,825.123395,36.86624792,212.358,2474.693,0
0.017652163,79.38898525,806.2834407,33.39591687,217.874,2079.595,0
0.037410973,74.15786439,786.7948543,51.13493964,188.027,3877.004,0
0.018046429,77.68603996,790.0613946,40.25151024,213.323,3233.528,0
0.034188833,50.64123648,790.8139685,50.64664356,186.942,4375.73,0
0.018873887,80.54950766,817.2706657,43.55574868,205.693,2289.579,0
0.031283992,82.53165892,815.1027927,49.58701372,201.051,3984.768,0
0.01725877,57.55124943,824.2110409,71.11626379,198.966,4601.872,0
0.026672068,67.83683625,813.5624939,53.66871573,195.881,2719.113,0
0.014060155,79.3515495,763.9001819,49.78211102,206.825,3324.858,0
0.016234013,64.19798263,819.95026,53.82186134,210.443,3264.566,0
0.025495954,88.1827879,753.2596094,61.20884112,184.052,3972.409,1
0.026184879,79.95816689,839.2782283,46.22491769,187.717,4146.786,0
0.0232464,59.14856928,812.5759403,54.87414324,202.471,3486.93,0
0.02655412,78.62965527,812.4824928,53.52495446,200.407,2590.628,0
0.02534647,81.25629005,807.7392229,47.57844365,205.567,2990.51,0
0.028549218,75.72109843,807.1542652,56.73125814,194.96,2251.376,0
0.019595311,87.88040067,801.4771416,61.12078047,201.753,3579.353,0
0.028063384,100,785.551534,57.27964928,187.891,4040.688,0
0.01695569,73.33307614,781.4993829,56.34479556,198.68,3368.494,0
0.036608783,92.11957757,773.1149038,66.95468901,180.824,3576.034,1
0.025025778,75.00193581,841.7840919,53.24387669,190.599,4225.368,0
0.025128816,61.63522728,790.9018558,53.20770862,208.327,3218.053,0
0.016038696,58.81789147,813.0953234,45.05041904,213.578,2745.145,0
0.014521528,72.78590994,818.5120786,45.73069911,209.339,2414.889,0
0.038022377,85.16158268,816.1360116,43.28602451,187.758,3298.788,0
0.024925747,60.24353903,808.4440105,,205.761,1962.255,0
0.012598199,71.03328957,784.4655713,50.63818095,217.423,2347.951,0
0.022495469,78.27189445,802.745604,55.87513014,189.677,3146.551,0
0.029932936,61.45164382,789.3625835,38.22076793,201.449,2250.913,0
0.018425382,76.99175782,787.9118155,37.28042646,206.384,2214.08,0
0.02377434,61.68992485,788.5157226,50.81270192,200.743,3075.115,0
0.026431409,72.20379977,753.2718371,54.77031886,188.074,3652.457,0
0.023834312,79.60622156,786.8831292,54.07662822,202.451,3316.743,0
0.022683824,73.52010417,782.0523125,43.63716505,208.09,2723.89,0
,80.17542996,774.9614839,49.70245111,213.33,2636.839,0
0.01956678,58.98498428,813.9827128,48.87144862,203.219,3256.772,0
0.040327157,70.59181984,775.4953582,39.57253158,194.063,3308.037,0
0.037450216,58.21458572,797.8191477,48.590929,198.457,2465.989,0
0.01086769,80.52894042,,50.9050696,202.12,2729.107,0
0.022933071,68.14444837,803.1556774,52.82261625,199.682,2854.612,0
0.020244282,63.30510272,834.3381625,40.73063134,201.246,3210.06,0
0.033691348,69.98900453,830.5640657,48.2326135,180.323,2920.587,0
0.028536017,62.77195702,798.2620489,44.11501,197.771,2660.724,0
0.02995496,58.34699673,790.2007602,51.13336035,194.501,3494.179,0
0.032821884,82.04018565,779.1348604,46.39639142,201.639,2750.928,0
0.021341586,76.64624091,794.0149642,56.3953308,200.702,4051.59,0
0.028559716,70.7941655,821.4442093,53.99144794,191.783,3975.228,0
0.027862721,73.55330729,819.3775578,48.06631364,189.828,3633.786,0
0.014475031,62.25693674,815.1072798,50.54439202,212.768,3258.38,0
0.022423488,80.64808854,786.0764343,61.31614866,194.768,4064.55,0
0.02651843,88.02231582,787.2263466,58.01618181,193.396,3612.978,0
0.022406791,65.00221111,832.4870043,51.74499313,203.935,3238.732,0
0.0191158,75.27663077,775.2804086,43.55922957,216.474,2055.874,0
,80.93306294,789.1948585,53.90433685,202.142,2831.529,0
0.018825273,83.34325005,788.7476808,47.40280147,212.839,2443.557,0
0.025833132,62.09946092,814.2668053,54.58326147,189.563,3946.023,0
0.0273443,65.74028758,814.5731636,39.21897018,205.478,2306.274,0
0.016798254,69.16836639,818.6690439,46.78584139,212.236,2530.837,0
0.030510854,,828.0639873,43.80670305,190.132,3812.928,0
0.01932871,71.55256944,818.6418992,55.09803282,201.884,3944.137,0
0.022867036,63.56281403,803.8736319,46.33315051,204.633,2874.802,0
0.028938265,74.26578275,813.0655003,39.98892905,202.904,2359.847,0
0.016215795,63.96476434,817.4384129,47.2946753,213.203,2971.965,0
0.027578118,73.80914525,808.8406237,61.85725222,189.257,4337.593,0
0.02369247,58.07939988,798.9117245,57.66373296,199.342,3320.869,0
0.013031625,75.52076548,841.5945667,46.77263595,198.917,3179.066,0
0.025774879,61.26759119,786.054656,47.8608378,200.801,2981.079,0
0.021722726,80.32998274,771.1379438,39.83479993,213.311,3141.683,0
0.041119039,70.96596207,774.3528354,,177.775,3359.216,0
0.022641304,64.9385139,819.6373735,57.79635272,197.961,3392.77,0
0.025073096,71.36506705,823.9820843,49.28053755,200.44,3287.798,0
0.029981711,70.57721398,776.4229425,48.3328486,199.227,3306.416,0
0.018389371,,787.0232679,,204.589,3252.711,0
0.031527469,75.32949271,807.7605193,55.88036513,190.972,3722.976,0
0.017272484,77.00714034,803.7267278,52.50794712,199.678,3330.012,0
0.032082687,72.39747304,829.2884356,52.01187309,183.933,3378.636,1
0.029801283,65.41344175,799.4028463,40.48953031,212.87,1859.959,0
0.018997302,,790.5168261,46.65403462,213.493,3186.511,0
0.022539747,69.41050705,848.4497312,57.08322557,187.661,5140.868,1
0.028611281,85.7760603,771.9822782,58.67584718,193.751,3791.879,0
0.005852036,69.79214396,820.369218,37.34689931,230,1855.746,0
0.01740164,80.92493954,814.4545674,50.83906679,211.434,2877.009,0
0.019796067,64.41248492,788.3044372,57.09445263,203.631,3646.771,0
0.02563565,71.99792143,773.6077709,46.39515776,205.249,3330.186,0
0.031113553,79.40881136,790.755813,46.9608332,200.283,2709.702,0
0.026303623,86.25080373,740,67.08715346,167.642,5333.058,1
0.015322566,82.1363461,817.9591298,49.43610547,203.482,3108.931,0
0.014476643,68.81544013,799.7303644,51.68202439,212.195,2770.598,0
0.023924763,,805.8035458,50.13279231,203.937,2896.535,0
0.02140546,75.36132045,820.8189754,43.46392918,213.088,2401.067,0
0.027887393,70.28414359,808.6253998,62.65815591,186.094,3731.928,0
0.035158251,71.70725899,,39.91788663,194.566,2579.545,0
0.03600396,77.64055092,755.1542063,58.20475252,169.392,4462.28,1
0.024937778,63.44803807,772.9973761,43.79645894,202.031,3083.854,0
0.020976136,73.46003107,781.2843539,64.50006951,188.063,3770.519,0
,79.78823788,821.6498687,36.94806096,221.146,1857.239,0
0.033551259,74.3694759,811.2064203,49.04882563,194.088,2599.235,0
0.025541744,74.19313045,770.8162354,42.60032866,203.803,3021.85,0
0.038610124,83.77115301,,61.20871956,175.768,3665.239,1
0.041193692,84.00738046,826.9230868,49.98817912,173.527,3813.585,1
0.019798146,61.19113124,826.6942063,58.7194162,196.049,4070.275,0
0.027954021,81.93191086,801.3381338,42.93259295,197.042,2801.647,0
0.02867593,65.66976772,792.8001936,39.5291722,206.677,2805.978,0
0.024801536,79.42897145,770.7389773,46.64251046,194.597,2841.843,0
0.036842062,76.66461927,798.1439339,35.95626553,209.355,2142.49,0
0.005,76.41902306,795.4474933,55.38647173,212.039,3371.251,0
0.021237746,71.04263842,794.9904758,72,189.032,3688.041,0
,64.88960422,805.8998888,42.20039213,205.009,2288.123,0
0.01010961,74.56244965,780.5417685,55.68879783,211.114,3173.513,0
0.017839686,88.6511331,810.8906251,72,195.389,3561.1,0
0.011161453,79.75272628,815.9373541,44.60062447,226.284,2470.863,0
0.016899532,81.26730823,786.6466999,42.23563012,220.076,2006.667,0
0.018975033,72.19061798,754.4941305,39.5909051,197.271,4186.425,0
0.031254556,65.00254162,836.0514565,54.11685257,174.031,3354.339,1
0.030460552,53.86288888,831.3233226,50.99271714,185.559,3497.479,1
0.031726556,65.6545697,791.1256318,53.52491093,190.895,3072.108,0
0.040647132,64.02158374,823.0747034,56.22711392,163.225,3915.942,1
0.030526303,92.06726778,778.496658,56.28549332,184.857,3893.305,1
0.029107987,69.82069236,802.3308835,52.99002529,203.105,2632.952,0
0.020411052,72.63635256,814.0869502,58.46902122,197.175,4158.616,0
0.028066885,89.53163243,,44.57186759,203.382,3513.836,0
0.020546213,74.4351591,786.4203046,,204.452,3265.751,0
0.027216502,70.34527697,781.7629068,51.69615629,198.244,3346.985,0
0.012733562,76.35054291,762.4640432,51.97655352,205.964,3410.381,0
0.021492513,71.90384788,837.5086953,53.41334412,193.321,4597.061,0
0.01624752,70.58298738,822.7811643,52.16038109,209.885,3973.575,0
0.030900924,63.49165069,811.9612467,54.43407186,192.133,2930.898,0
0.020258701,77.32878343,795.3311185,,206.146,3650.5,0
0.013208851,76.7258142,788.3933014,50.22296177,203.322,3092.712,0
0.026817503,81.92809692,783.7059754,51.49529677,192.455,3631.833,0
0.026624391,72.1563724,837.8754036,58.61824812,181.105,5121.092,1
0.024533131,82.3345859,810.8811606,55.7151022,189.474,3264.179,0
0.021671609,84.28106176,828.5070005,59.73300175,194.048,4040.41,0
0.018543399,79.52898417,808.4980863,52.68380699,201.123,2925.728,0
0.027420018,,811.1757328,48.53374463,193.591,3031.498,0
0.035147561,61.89373493,811.564365,57.29941437,187.459,4708.652,0
0.022342176,70.04165141,833.8329761,49.85109641,202.25,3611.031,0
0.016438347,57.42698507,826.3252217,51.71978217,205.098,2983.065,0
0.02152407,78.25869598,789.0495025,44.21402001,211.049,2682.325,0
0.020585206,73.88116321,816.9500472,38.04317514,221.938,2381.415,0
0.02299956,67.0476024,806.8269433,45.53879665,205.36,3174.145,0
0.023244847,62.37128849,816.6284593,54.65737267,197.571,4584.301,0
0.020110963,56.3757793,805.8760329,47.3907593,212.451,3100.194,0
0.019194502,85.32489325,744.6542256,46.35055301,195.494,4788.634,0
0.018983342,77.88331204,758.9411887,39.6175993,206.646,2808.347,0
0.026023766,72.79546973,823.1446862,39.50795566,204.998,2267.071,0
0.02067758,80.86092047,793.6084348,52.41026679,210.408,2528.741,0
0.038657133,58.07146072,792.3433252,59.00561116,186.015,3850.484,1
0.015327318,75.87152849,793.6040743,49.10332401,206.438,3159.433,0
0.025300711,68.69551372,823.770227,36.53984836,215.979,2380.964,0
0.02682975,69.99388274,834.4430402,43.49543661,197.147,2682.054,0
0.015657823,78.13979954,824.3617393,50.65643974,205.714,3212.003,0
0.022115204,62.31444097,804.847138,58.56355478,196.711,3323.368,0
0.030034756,65.87800454,838.812323,37.18921201,190.58,2982.168,0
0.019147851,57.33464766,833.0630126,58.25395693,191.479,4596.007,0
0.021133493,81.11915461,810.8672609,43.55498341,210.812,2649.275,0
0.02547327,82.70814446,762.1822695,54.27542656,197.714,2773.187,0
0.020792269,75.9247183,807.5189057,54.69843042,201.902,2533.525,0
0.021770673,83.7700539,773.3320659,63.94893892,192.155,4174.853,1
0.020339465,56.66581014,780.334236,53.85846201,197.969,3716.426,0
0.024498707,87.95958122,785.362198,52.96407776,201.606,3622.813,0
0.01948016,76.06936296,790.0249602,55.61293835,197.598,2876.82,0
0.028702366,80.64570834,806.1391195,41.92508034,199.391,2300.299,0
0.018191695,82.43167117,828.581438,50.02606292,199.462,3732.052,0
0.026580992,68.91156771,810.0642306,55.72995278,192.572,3532.65,0
0.024254446,78.78377549,807.3796203,57.1092134,192.185,3724.042,0
0.032883856,79.50459072,829.7730861,42.4342518,187.91,3029.298,0
0.042927305,76.28080834,789.6506359,50.7950665,183.969,2993.653,0
0.022070961,56.87344737,767.439387,,188.654,4108.827,0
0.023315342,73.63515699,781.3937014,44.94685653,207.945,2889.624,0
0.015307977,83.13753341,789.6372287,46.94554575,207.926,3710.112,0
0.008416386,63.92361962,789.4663805,66.85039961,206.375,2976.168,0
0.031764899,83.3833117,805.0069874,51.2125032,189.151,2930.551,0
0.027850027,61.46191007,775.0450847,69.38487433,182.751,4655.771,1
0.022134603,77.09155629,797.1724981,51.18707787,209.683,2620.539,0
0.013778924,85.11298634,780.8445214,52.34395632,207.515,2990.701,0
0.036498688,63.25342151,831.6786808,49.52394522,179.193,3384.459,0
0.015685279,70.67514422,796.2590052,59.42975303,208.692,3653.636,0
,81.16578739,805.357598,55.49984395,191.223,3586.462,1
0.022721123,83.27128705,775.4426266,39.31932186,206.547,2736.909,0
0.036790683,71.83479406,799.9056455,43.93822383,193.422,2319.747,0
0.027026298,78.70312831,813.339118,34.0890651,201.587,2205.605,0
0.016547319,84.88166423,813.234224,49.8214364,210.2,3138.802,0
0.006875199,90.48201952,823.496897,43.80767829,220.904,2400.677,0
0.022703579,71.21794112,794.8535334,41.00078546,208.354,3040.467,0
0.011650239,72.13647682,829.3169392,44.90085943,218.799,3205.111,0
0.02991691,75.02893438,824.4396912,41.64382556,203.236,2001.99,0
0.029588639,71.02554867,764.5164683,50.69274238,196.903,3427.056,0
0.020799444,63.19467298,818.7427987,44.42362057,202.609,2536.08,0
0.024796191,86.75234192,834.1396387,45.55876802,199.126,3017.92,0
0.023045661,66.86853094,836.8303532,43.80644628,203.276,3249.266,0
0.022117667,,770.4866726,46.95887927,194.591,2614.001,0
0.027096363,,823.2329897,45.07028491,197.101,3694.465,0
0.032185854,64.03460469,810.1022008,43.14862944,199.765,3167.234,0
0.020301038,66.59342062,810.2512482,57.63812244,202.144,3340.9,0
0.025012217,76.63628548,833.0367418,62.25051271,191.555,4185.435,0
0.023057267,52.38258214,855.4270462,43.41484926,189.807,5014.073,0
0.026088206,65.22301745,801.2122512,,204.375,2567.463,0
0.017865193,83.42166807,762.3040992,55.21889867,194.044,3551.596,0
0.031738976,76.70823795,749.045502,39.4111637,192.1,3108.024,0
0.014907417,89.94549835,793.653763,46.83780006,211.128,3019.449,0
0.024912414,77.1481936,807.7417915,53.91016019,200.787,3867.046,0
0.033962783,59.64086737,823.8108131,62.57017416,160.991,4600.085,1
0.018935678,,781.1805627,57.49559686,196.439,3082.576,0
0.026389304,93.35685192,755.5377311,50.18903347,197.135,3412.74,0
0.023748861,68.24888623,788.5102299,50.03969866,208.454,2983.635,0
0.028286372,54.34714754,860,72,156.936,6204.442,1
0.025389355,72.36724162,812.7077259,,207.151,2455.41,0
0.031354511,96.5412553,754.6575906,35.94171904,193.94,3983.473,0
0.025248429,63.07622836,789.7396383,41.88817356,215.339,2133.896,0
0.032560403,74.36916767,796.0381734,40.74323704,195.814,2884.253,0
0.030694706,67.97199716,833.5156458,60.89552693,179.866,4261.004,1
0.00994093,77.56052398,791.8864498,58.60702017,203.539,3059.093,0
0.019443511,83.84499632,777.8470828,51.43525394,201.788,2721.921,0
0.03228444,,800.5974535,47.32954254,194.329,2867.18,1
0.025963723,56.39013738,796.1770225,44.09063007,198.084,2730.441,0
0.03561896,65.4492007,833.6540137,68.51512301,166.188,3583.119,1
0.022878732,79.87656797,,46.4182593,192.75,3324.42,0
0.031098594,50.55470939,859.6487784,51.15444632,155.007,5377.472,1
0.013284483,58.58522329,792.5919523,51.44322779,205.379,2728.665,0
0.032736469,62.28773979,822.2945319,44.70739616,193.63,2316.516,0
0.018494346,81.79196902,798.2206602,35.34702026,218.691,2412.16,0
0.017995072,62.22380231,817.4749632,43.28771312,222.544,2438.739,0
0.031854371,89.0660362,813.6315797,61.26674045,182.5,4014.479,0
0.031793777,60.45644824,825.8798773,44.62309123,186.353,3168.968,1
0.017345843,68.89547323,769.100622,44.07681226,209.903,2053.259,0
0.032727511,78.47748834,808.4852535,45.16152774,198.208,2180.375,0
0.025489332,78.0906326,810.3681296,47.02106192,206.504,2489.351,0
0.033413791,58.67272435,826.2613165,,176.343,3751.123,1
0.026891091,82.29955167,,50.0777244,197.787,3674.098,0
0.022571217,67.6571086,758.3020298,50.01176671,196.764,3252.785,0
0.026757033,87.8280891,781.2977768,41.54777444,201.742,2712.851,0
0.021638158,70.33077462,835.616783,47.67892928,201.154,3331.834,0
0.028063471,69.96061632,806.2443249,58.45389264,194.899,2544.678,0
0.018941481,56.58338372,834.9351499,62.6097469,192.292,4190.772,0
0.019022798,76.21749792,830.1312868,53.37904679,203.667,3363.032,0
0.020961773,87.45852669,802.2499624,45.97128229,209.556,2563.887,0
0.023270464,55.47267358,794.3248546,56.09004924,201.358,3455.39,0
0.02319545,92.55287969,799.7293168,47.75736755,207.09,3442.388,0
0.027642441,68.40236724,796.5079995,,197.016,3560.991,0
0.027131136,66.33636345,820.191247,52.59791996,196.105,2870.032,0
0.026224405,74.43235342,782.6294924,41.67830514,201.455,2930.068,0
0.020427574,68.66930589,812.2617594,63.50448151,195.19,3744.813,0
0.018344023,59.59094714,820.5468073,52.94523489,208.719,2725.396,0
0.052277927,66.86387693,794.5246139,43.86312317,186.559,2574.309,0
0.016768267,65.12192209,799.7070256,53.02821,210.523,3329.495,0
0.02592795,70.23275172,822.3390246,46.4824094,193.762,3683.499,0
0.024092493,78.63062801,815.9759879,43.49162221,201.472,2878.186,0
0.016993184,71.03346938,768.2925415,48.88240253,200.893,3949.446,0
0.026804969,74.44930465,740,46.37224653,185.115,4011.784,1
0.025776457,56.60735292,791.6931793,49.43643533,199.816,4047.341,0
0.032460114,81.91644168,760.0925845,54.9537405,174.589,4678.894,1
0.022946894,68.63762641,796.4716056,65.71618529,192.664,4148.223,0
0.032419701,78.3226555,822.270776,46.51400483,190.36,2908.399,0
0.034531715,68.01661681,782.884638,44.09054602,194.125,3503.941,0
0.02421996,68.7138799,821.4567826,45.98361514,209.098,2536.585,0
0.022901055,73.31098839,794.3556309,,218.252,1548.986,0
0.027510601,59.53418994,852.5111814,45.68344193,192.867,3780.22,0
0.023449161,53.81847578,850.4078492,52.7345091,183.904,4969.365,1
0.014527283,63.58468317,768.6372148,44.36037146,220.025,2927.926,0
0.023904853,89.22720149,768.5388356,48.18263338,204.19,3144.194,0
,67.62036852,789.7533153,46.41687221,191.81,3300.087,1
0.018433221,81.32732161,798.7779949,62.03638762,199.371,2594.686,0
0.019935268,83.11097801,784.3517658,41.11388289,212.246,2618.946,0
0.0419356,62.76502814,793.3295101,63.60453645,173.36,3768.441,1
0.027892379,83.8801866,814.4867244,48.82351522,203.629,2858.26,0
0.022105449,72.40798134,787.1835666,56.80785956,200.906,3820.069,0
0.033539627,76.34976568,794.7971912,47.59089081,198.182,3309.193,0
0.020163145,65.97770598,822.9718802,56.80903651,197.942,3528.753,0
0.019313337,81.34233712,771.9397935,41.03883136,212.814,2879.904,0
0.027940705,67.76974906,783.8873849,47.80468102,195.644,3216.64,0
0.035608211,63.98531862,835.7543228,53.97501328,173.083,3839.622,1
0.021001943,68.72354402,810.948845,54.62005083,203.38,2996.767,0
0.012936205,64.26029715,802.8480245,50.45186752,216.714,2508.568,0
0.018869939,70.46922045,807.2348522,55.46919858,212.416,3292.459,0
0.037173184,74.87480948,794.3455545,,199.699,2225.873,0
0.012298736,59.97340521,816.0700857,60.62783343,199.094,3720.136,0
0.021108228,62.9333713,775.1552201,38.08330839,213.099,2253.548,0
0.025904047,78.92919956,845.4938108,44.40548529,198.471,4517.5,0
0.02896032,83.86897581,790.0315616,46.66973811,201.05,2903.369,0
0.01398672,76.67270525,798.2237366,50.29684987,209.448,3431.004,0
0.03049581,80.49532013,762.9907211,48.34200857,183.914,3805.646,0
0.026419976,73.28696792,785.4357498,48.20409054,196.608,3100.512,0
0.023266286,75.72105269,765.7066228,56.88317077,188.294,3586.818,0
0.035782144,68.08934912,818.8181826,51.69376636,191.217,3216.767,0
0.023113614,73.63667663,767.5529577,54.22358903,191.152,3141.939,0
0.037757681,60.80043447,821.5295104,42.52712586,187.784,3917.057,1
0.027356747,79.59254834,768.5451994,61.96237063,187.309,3862.944,0
0.032187314,67.29642045,792.453247,30.14402462,215.829,1309.496,0
0.028003812,66.26354244,780.3651465,56.59784572,196.034,2964.254,0
0.008500323,75.90403633,760.7764568,48.03804636,205.297,3838.685,0
0.02539262,82.76937195,769.6223313,55.45751259,191.424,3967.632,0
0.027221024,81.09446725,788.9969689,45.82732478,204.739,2467.954,0
0.024307263,77.21742027,824.4848249,45.49689735,208.721,2584.101,0
0.028230118,71.87645507,768.9282175,49.17987517,193.141,3402.988,0
0.025429344,70.89017866,783.4334633,54.99087677,192.83,3598.979,0
0.028650291,69.22791892,807.9283257,59.18465381,186.851,3474.054,0
0.020466753,76.59485817,792.4610082,42.77658165,218.369,2580.945,0
0.01173979,78.46552634,767.6891438,50.27600811,213.795,3587.039,0
0.032310733,61.04120517,811.5295718,40.66351402,206.481,2845.5,0
0.021606959,79.60897956,799.7873328,50.57825457,198.423,3368.136,0
0.026930829,92.12551706,777.1289141,55.05175573,188.802,4071.9,0
0.029261928,91.24542086,796.7761605,53.88024398,191.034,2791.583,0
0.028930594,69.08866537,855.5251219,63.20971938,161.805,5178.181,1
0.027464766,79.60182224,764.1420919,47.69670864,191.196,3196.882,0
0.022311037,75.54033373,777.9897251,48.57917448,207.022,2090.832,0
0.022775953,71.00379671,837.1884634,45.75013169,202.766,4137.079,0
0.02283539,64.40267671,774.0996095,32.87987789,218.362,2701.916,0
0.036258949,81.33218397,801.7507475,46.07920806,195.975,2813.337,0
0.02470613,83.19372344,794.5568407,58.11317645,199.993,3067.67,0
0.031931486,65.61528425,803.800574,48.85757288,196.721,2408.806,0
0.022148269,62.76763014,793.6923673,44.89243552,204.443,2770.685,0
0.029426704,84.48342167,759.7188968,47.65089058,194.86,3087.222,0
0.020979163,63.05092695,794.8627539,43.90876396,215.305,2645.484,0
0.026525629,70.52905656,834.3238144,44.24049345,197.534,3848.79,0
0.026447821,,789.064595,41.68003122,200.821,2769.516,0
0.022641317,77.44746158,772.9184059,36.43530679,208.619,3072.723,0
0.014125665,71.45091765,809.4301314,57.86421015,209.803,2511.381,0
0.017567313,64.06279101,815.2400642,55.66199746,204.345,3448.609,0
0.043391344,62.7648772,777.9865855,42.03421563,183.903,3847.878,0
0.021193921,74.13155205,803.485886,66.10619336,203.468,3298.168,0
0.012373746,60.72339474,804.9404623,,210.299,2798.716,0
0.03650439,67.72223339,842.3820881,59.72770405,164.066,5505.796,1
,58.76851658,823.1886539,56.30713288,197.192,3041.258,0
0.02616283,78.46853457,740,52.11470076,174.039,4946.635,1
0.023684775,78.78421227,813.5492544,50.38152521,202.847,2686.694,0
0.036767059,76.28337802,824.1195831,39.95349268,196.561,3052.817,0
0.031502675,82.81751008,767.9726313,50.15503223,195.322,2668.579,0
0.019142014,63.08989848,808.8359301,52.77158081,210.12,3365.697,0
0.027366009,73.90666635,823.068807,57.5548451,185.328,3711.611,0
0.032564429,57.65096023,827.6153325,56.89318435,176.235,3901.717,1
0.025235148,87.91721479,742.6997465,45.01034074,179.856,4396.103,0
0.03028135,64.94560319,793.5848792,40.75349967,203.406,3165.828,0
0.024972931,,818.3935211,42.84483591,196.071,3018.935,0
0.015862002,71.77555005,806.7686719,43.92576314,206.044,3679.191,0
0.02836901,62.4242074,771.6083973,63.05138916,187.608,4232.572,0
0.019208002,68.18010731,774.8853065,39.93547169,214.488,3080.382,0
0.01759738,74.1892678,800.9024358,55.25541328,204.632,3275.791,0
,55.95092318,845.1079265,43.10442934,195.265,4663.834,0
0.020488814,75.92041017,791.5398347,45.6368619,209.368,2533.296,0
0.032015191,88.1093029,792.2253154,47.20090077,188.571,3346.142,0
0.0275452,63.37495309,792.4655283,44.95547279,198.12,3189.321,0
0.031795142,71.08968508,811.4283293,62.97786485,183.346,3237.12,1
0.014675046,77.96352823,768.7851107,51.38270585,201.862,3712.965,0
0.027836718,66.74626202,792.5992411,63.32438856,198.013,2959.416,0
0.030030601,,800.9745809,47.65816992,194.507,3017.92,0
0.028063388,63.41382807,784.7574283,64.52212331,178.802,4451.386,0
0.019855542,,823.4041677,44.82868918,219.997,1360.25,0
0.017712029,82.48200554,746.1267718,46.68523697,188.527,4113.204,0
0.009599301,87.78595547,785.1453259,37.20910945,220.182,3345.785,0
0.023671279,83.25657128,759.0558212,41.85346025,198.431,2898.137,0
0.030275389,84.16887027,792.4635047,47.05425972,194.657,2694.979,0
0.025022338,82.13834515,810.0629385,43.97086474,209.014,2513.906,0
0.024852268,77.74186265,826.4880521,55.70890726,183.667,3417.697,0
0.021845879,67.7954453,816.4141836,47.2865938,203.575,2903.982,0
0.027053193,71.14326709,786.9591142,55.82368369,197.289,3793.553,0
0.03453642,70.24517374,786.033179,35.36720614,210.481,1962.255,0
0.036132558,82.04482963,758.1025528,47.1392597,188.146,3882.968,0
0.019512554,92.66690079,787.0643135,49.32064609,217.969,3203.514,0
0.021750984,66.05264586,814.0339702,60.38343574,197.503,4122.431,0
0.023423458,75.90008001,764.5522443,59.45317446,189.456,3838.869,0
0.010544775,65.02481373,782.9989272,42.99473708,223.209,2307.788,0
0.019560616,53.93826641,819.4989399,49.8259668,203.237,2682.452,0
0.041719837,79.43229651,834.0348312,43.51992027,171.117,2900.459,1
0.023451664,71.19046777,771.4113282,47.81489524,205.092,2728.919,0
0.020961846,77.77548779,844.9039851,53.31713385,192.842,3665.151,0
0.025338597,71.69482467,796.4728186,41.73231267,205.757,2145.355,0
,76.89736536,807.3801349,63.62302706,201.246,3057.421,0
0.024926415,83.00796286,811.145057,68.17627248,178.333,5016.181,1
0.015288629,71.63263664,782.6778504,,201.015,3427.645,0
0.016474809,70.14630808,800.9458831,52.69228433,209.801,2810.774,0
0.026588415,72.93616013,818.4570853,51.97746883,194.708,3162.595,0
0.008848064,70.21773779,773.5323875,69.34708934,197.607,4773.741,0
0.025139195,88.1646906,792.8010641,47.53678514,195.823,3675.46,0
0.028465601,74.30278015,808.6917002,61.52477066,182.775,4242.785,0
0.022875978,58.91090374,804.5102755,49.71575438,213.405,2979.143,0
0.022777955,57.90497933,856.3955669,41.47643378,188.275,3745.036,0
0.015505502,52.22169305,808.3788181,65.72994932,191.053,4255.511,0
0.031057776,84.53305254,794.2725255,48.6047913,193.006,3258.081,0
0.025651387,91.10167803,834.5376261,49.67683807,198.919,3783.284,0
0.020957159,74.34003222,774.3158183,43.3889065,209.688,2644.104,0
0.034419142,58.11794268,824.2598794,36.88377353,199.331,2692.532,0
0.036891735,81.03280896,807.1250664,50.92989715,181.173,2874.5,0
0.020321849,75.08843105,793.2952568,33.55037865,220.501,1971.189,0
0.029930268,85.75523884,817.6187556,58.86279566,185.162,3753.427,0
,77.59529074,810.1108565,40.61122684,203.931,2641.397,0
0.020802486,71.7269916,764.9052255,44.88384221,203.762,3522.729,0
0.034572168,71.13429984,794.8792109,58.75625381,187.669,3709.62,1
0.006933892,66.80755313,801.8312003,42.75878758,222.253,2807.679,0
0.021092028,80.38224181,792.1670429,43.37764092,217.274,1733.607,0
0.028699614,67.23699051,813.3795528,46.49226288,204.819,2739.914,0
0.024368619,81.92191946,795.3354239,52.59071143,199.371,3381.383,0
0.01848907,63.97255227,804.2075011,42.41728096,214.69,2577.333,0
0.033212921,81.52723949,818.1362041,48.43564709,193.414,2737.746,0
0.032200794,77.05299686,779.4565369,48.14325148,203.284,2352.376,0
0.009699323,69.23351418,785.0952875,52.20315132,223.206,2123.843,0
0.03350461,64.6688262,771.6418361,56.032382,184.356,3654.796,0
0.005,71.1722104,804.1779849,49.6300124,212.479,3013.951,0
0.021744738,76.30906689,758.6727328,59.92025215,196.36,3103.584,0
0.022888928,92.67029322,780.464814,42.83210701,201.611,3096.82,0
,65.57426271,799.9092585,38.72672803,210.876,1906.779,0
0.019683101,62.075099,789.5728942,52.58237131,205.653,3082.984,0
0.02945909,57.61352881,818.1812664,40.85395689,199.983,2894.576,0
0.020051949,69.56945553,789.9214792,45.10585253,213.307,1920.843,0
0.027826976,71.07911057,809.5083099,44.15413328,205.46,2829.473,0
0.030837565,59.80025302,798.3646522,63.62459305,180.615,3819.609,1
0.009708863,75.30057212,769.0141954,47.12884329,214.266,3200.125,0
0.022970013,65.29709717,837.4785179,55.57056333,192.381,3525.877,0
0.023636799,64.22405203,828.8297524,53.94517063,192.818,3086.675,0
0.022714692,71.73458131,810.4739165,51.08638382,206.508,3037.312,0
,81.53211496,807.0790909,43.01203199,205.959,3784.631,0
0.018707435,66.1203596,772.9114099,47.7052371,199.976,3373.816,0
0.024590725,63.50224443,810.8512363,41.13931819,213.908,2167.609,0
0.028807746,80.29108542,787.3637836,53.26921659,202.007,2908.011,0
0.030780068,59.49021374,793.6372389,68.32550155,177.525,4239.167,1
0.027856204,73.35014932,799.0715871,46.04129809,203.113,2493.062,0
0.014104463,71.00707528,765.683099,47.99815334,209.252,3366.723,0
0.021291603,74.40985489,778.9416254,46.63071874,201.229,3340.118,0
0.029694618,69.8366212,797.1257267,37.6237436,204.16,2324.656,0
0.019802662,88.82449658,786.5046358,62.53913915,187.682,4025.075,0
0.024109731,59.05250288,795.9927835,41.90853041,203.169,3335.985,0
0.020602315,67.77041742,783.0459954,47.88228649,204.03,3483.193,0
0.024665522,64.21770687,860,40.45688546,187.492,4103.621,0
0.023799424,65.021453,825.2550493,36.84021548,211.36,2662.312,0
0.015354995,57.73651801,775.9855193,54.15388678,203.446,3318.462,0
0.00842551,60.0092245,852.7804994,71.25882623,189.133,5274.296,0
0.020211779,83.75446055,823.3431473,50.94165943,198.353,3528.236,0
0.018684173,86.29977558,830.4741662,49.29857593,203.248,4068.14,0
0.022798003,73.47258428,844.9550925,56.35882265,189.563,3911.922,0
0.030568628,56.4074703,818.0154788,48.57530444,190.801,3125.668,0
0.032160503,48.71098566,813.5138683,52.04283371,180.101,3937.595,0
0.022856571,65.69168516,832.8970116,43.99755783,201.673,2950.223,0
0.020824777,76.42477542,794.4877608,42.2789309,206.353,2206.521,0
0.019887999,70.2053422,793.3679356,50.70664845,202.052,3722.515,0
0.033112086,61.56894923,810.8738631,42.74391457,195.342,2847.128,0
0.036662864,88.96528889,761.8933468,53.74285645,177.133,4112.547,1
0.022182161,80.63505828,764.1034584,41.94536969,199.143,3492.413,0
0.013066068,73.56869948,753.1645833,65.18543581,187.727,4150.338,0
0.033717683,72.20867424,,57.36895431,192.434,3823.414,0
0.013603754,80.36719404,820.3019176,47.63833976,214.658,3501.047,0
0.005,76.69220748,830.7041748,47.00448137,216.14,3311.898,0
0.018235461,76.60823104,804.6486756,37.68997164,222.823,2643.921,0
0.007842153,58.33899087,802.2084916,44.60915024,224.32,2350.966,0
0.030440363,71.78320154,853.9783313,54.18148824,157.928,4664.957,1
0.027867014,62.62701634,803.8001216,45.48324261,203.209,2635.659,0
0.021784424,57.37344013,816.5925556,51.90477574,198.5,3194.622,0
0.031657175,64.27168359,797.3579981,55.44025024,193.066,3239.225,0
0.025477843,64.82712661,779.5976442,64.86350263,179.357,3915.224,0
0.017418627,68.77343345,792.6126348,35.77533598,215.129,2197.545,0
0.022015698,72.45255008,,39.95848014,215.841,2675.155,0
0.035223801,68.60522422,780.4973169,50.24671065,199.075,2412.834,0
0.024005967,78.48145891,778.8310255,32.76361156,215.469,2173.931,0
0.01122757,74.05469574,830.6444358,43.17592335,214.684,2722.805,0
0.023486482,56.65772182,769.0371468,58.14033394,199.568,3734.642,0
0.013922696,87.17274377,783.3813086,42.46985004,216.704,2648.863,0
0.028005496,82.8993795,756.6776194,48.56175434,202.785,3057.512,0
0.030531371,56.45172194,860,56.60286569,171.136,5598.907,1
0.040277144,67.57876892,803.5891773,58.55937904,175.426,3062.669,0
0.0221677,71.55230728,816.0597568,43.33221917,217.014,2753.616,0
0.00905278,63.49069446,840.1313153,55.06386769,205.215,3900.177,0
0.01676957,78.65558773,797.5168773,54.15880037,204.07,3384.092,0
0.005632923,65.98853597,860,33.82724322,213.291,3643.169,0
0.020618324,82.60805326,791.480369,44.91804454,210.527,2405.04,0
0.02709821,65.38861658,804.2502202,47.51587184,203.284,2585.885,0
0.019956286,67.70774317,846.1235656,35.60631731,203.53,4618.893,0
0.022773879,73.42512866,775.3294593,60.40961668,196.875,4128.076,0
0.037166982,68.57818406,856.4703205,69.39651291,144.696,4721.424,1
0.024218304,64.04215594,829.5441035,39.7149532,207.265,3434.701,0
0.02268139,84.61617897,831.7146691,36.43746701,204.472,3317.817,0
0.025325443,67.55984295,817.0900576,49.11037538,192.024,3894.263,0
0.018951584,62.29677428,850.963261,60.30882446,183.22,5516.506,0
0.023824002,66.6379768,788.6104878,50.19278015,213.613,2576.997,0
0.022903619,83.23498949,746.3172998,50.78354829,182.927,4014.687,0
0.036757255,64.50679019,827.1042303,51.85815361,184.535,3876.507,0
0.020604561,75.68616201,822.8619834,53.13412847,204.14,2996.678,0
0.035066053,85.48136797,769.2528335,28.96088782,202.634,1759.958,0
0.010265785,76.53387813,822.0235643,41.12675776,211.83,2364.094,0
0.023682127,76.96037292,779.5334961,46.05455953,200.746,2609.615,0
0.021666902,76.37348554,807.6935923,57.96580948,196.879,2990.543,0
0.025172429,74.88704194,823.2266297,59.60483176,197.324,3030.757,0
0.022985497,80.69809347,759.6340319,43.74750917,198.211,3587.431,0
0.024873583,87.17785955,827.8811936,34.29094886,204.848,3966.626,0
0.017575543,87.81351335,754.4673806,40.99629336,201.488,3021.809,0
0.021936951,85.72270029,797.8228173,54.00609571,204.724,2941.173,0
0.008164697,69.67745248,802.0709109,32.29390247,227.833,2442.543,0
0.025334032,57.78485903,829.4456853,48.17870294,197.647,3907.627,0
0.023822937,,759.7744743,40.06981127,201.508,2739.584,0
0.027006197,82.37757882,814.6053174,48.96060568,201.113,3353.594,0
0.019926022,64.06149854,810.8156133,50.56348873,205.529,2477.945,0
0.028392105,70.72663535,830.8859909,44.26032471,196.284,3037.83,0
0.029475845,81.99513684,783.8686934,72,181.517,3739.907,0
0.036856418,67.32609015,809.8483074,45.33804352,193.963,2465.278,0
0.035539862,65.69905849,817.0058598,57.45297607,172.901,4694.671,1
0.02231138,78.06774009,767.9001714,52.17391955,198.199,3900.45,0
0.014501182,62.7671194,807.536169,42.94040463,213.862,2651.037,0
0.025777569,79.49930907,784.0346746,38.79366575,212.721,2553.841,0
0.021198905,73.66142574,797.6000898,59.63673647,189.483,4318.762,0
0.023214366,72.43181062,778.4586116,40.56064897,201.495,3312.147,0
0.036281207,67.41276654,815.7101351,56.43414097,186.743,2869.604,0
,68.32685515,760.1271298,51.30990461,205.115,3588.563,0
0.022143683,78.01645537,770.4605187,57.36916479,198.802,3552.585,0
0.017421704,66.83807986,,54.90430196,213.734,2997.263,0
0.022297587,77.16242898,848.8856264,67.78690075,173.71,4198.737,1
0.041864402,71.70384979,776.2247939,45.03849329,194.293,2939.908,0
0.022906169,84.56694817,769.0767186,34.32972898,212.281,2876.793,0
,66.3446449,802.3403205,53.50309591,199.413,2996.208,0
0.029528894,93.05114892,771.6582189,56.3628077,179.271,3592.598,1
0.020854856,65.23330705,801.6108706,47.16561568,206.907,2508.281,0
0.039362359,88.90829206,796.7711495,54.96451241,190.212,3210.668,0
0.016984761,72.92177722,845.8011263,38.56352086,207.504,2680.636,0
0.01864167,81.55817972,786.6421868,,208.182,2750.809,0
0.024270668,70.12345433,757.0943769,68.20072938,181.472,5108.971,1
0.017555649,58.05533213,819.6812544,48.04400601,207.948,3279.819,0
0.031253432,66.64738704,813.0242811,40.24672818,195.537,3550.873,0
0.012153904,45,860,44.757461,188.101,5297.824,0
0.022834576,79.23865275,765.7611357,49.20517028,205.49,3291.016,0
0.021105803,77.92174102,743.8331318,50.73416338,190.842,3837.604,0
0.012967329,81.05625858,807.5477129,57.51931187,215.09,3325.096,0
0.029669318,84.42769604,804.4609445,,198.643,2643.757,0
0.014270199,76.79989389,783.5218493,47.53366996,212.517,2707.788,0
0.023399082,81.09333409,772.280576,47.03245504,196.431,4068.574,0
0.032307262,82.13736929,776.9388623,53.00870383,192.315,2952.435,0
0.031305384,75.59179737,,57.85152432,189.358,3476.031,1
0.022171612,79.15396917,763.0861471,,196.837,3478.723,0
0.034521051,75.54421712,804.9531207,56.26933418,186.492,3579.508,0
0.023193568,67.81119547,806.9060991,49.03002038,202.792,2723.268,0
0.019699469,63.07537836,816.3331006,60.88502252,200.439,3573.899,0
0.020568992,72.61227652,819.577336,29.50974566,222.56,2629.461,0
0.021939377,77.21965914,800.3010692,45.22210887,199.038,3236.762,0
0.037909798,65.05919547,793.3315486,56.52427421,182.734,3213.551,1
0.041981409,77.76445825,819.8282687,56.62376135,166.597,4602.852,1
0.015943875,100,786.4765377,55.7572389,197.936,3518.416,0
0.019675442,72.01157684,810.5689745,51.33604108,201.368,2690.223,0
0.01340664,61.46099703,847.5394601,48.66020382,204.732,3630.073,0
0.030801319,73.95821838,767.2371984,50.39031983,190.772,3478.589,0
0.020217733,76.48895654,780.1244129,40.03900429,205.829,2862.075,0
0.015852552,76.58811612,762.7356529,69.67689839,184.964,4075.682,0
0.014992543,70.12668646,755.3672724,52.09572764,192.281,4023.98,0
0.027811372,67.17282071,784.6718378,47.00017142,189.723,3161.204,1
,89.29534175,795.1201542,42.52237165,216.582,2084.793,0
0.015981663,95.13411925,766.9939665,57.04110154,200.111,4042.844,0
0.030110323,60.08885017,813.7151683,50.55625178,198.5,3251.467,0
0.010917457,72.25672027,793.3684784,49.5343191,209.09,2928.088,0
0.016638233,,770.9379594,57.54448191,200.099,3330.195,1
0.006713124,62.04634872,818.9877091,28,230,1831.963,0
0.031434845,83.69657371,817.926852,36.80096245,195.561,2268.444,0
0.021888282,77.68079537,787.4161552,51.35123831,204.626,2797.458,0
0.021617527,72.65995776,773.3323436,50.07901244,203.889,3339.664,0
0.027437059,,786.1468461,56.85770623,199.536,3674.617,0
0.014546223,66.81237352,806.9019576,52.26841318,203.795,3949.942,0
0.014105227,70.64220893,825.1891606,69.39978529,200.252,3737.286,0
0.031562365,86.77861424,769.3187994,51.1326127,188.185,3471.421,0
0.025720569,78.44502319,817.6805117,43.27023273,202.509,3745.445,0
0.028749558,79.72021865,804.5667626,51.67590717,195.131,3175.665,0
0.018117035,53.41427794,843.2665703,44.4950917,197.526,3721.092,0
0.022797546,61.46809961,802.7498774,46.09997031,204.729,2498.136,0
0.026071426,60.05652747,835.4038498,38.22531283,205.718,3102.743,0
0.020823228,65.03636614,790.6619677,52.01951656,198.53,3841.107,0
0.015373516,75.37005797,798.9222099,36.17583463,229.991,1744.561,0
0.023978339,72.88187302,826.5129795,48.8752951,198.888,3555.795,0
0.020113827,71.56776711,782.1786137,49.23180596,214.104,2663.585,0
,61.23852109,835.9121265,48.29039959,197.322,3591.499,0
0.018470325,73.19126618,758.6198845,34.43311183,205.255,2807.526,0
0.034921937,59.63796135,841.794078,56.83883157,169.552,4003.711,1
0.024648224,66.88722242,778.4151285,41.34641343,203.799,3154.118,0
0.019475772,70.69052466,824.4557498,50.20556573,205.832,3322.739,0
0.026343479,69.39284065,768.7434452,51.647829,200.022,2719.665,0
0.03074115,65.37504597,801.328394,54.41390124,188.718,3099.755,0
0.017972048,54.76725055,827.8544678,46.95976263,211.385,3526.916,0
0.029434384,77.58836407,830.7149957,65.39289901,178.372,3891.346,0
0.034838904,62.85743221,806.7663384,45.47033405,201.43,2531.095,0
0.01725168,89.97505939,,57.35734151,197.911,3649.877,0
0.023302797,69.32622913,790.1239569,33.21573114,211.56,2087.716,0
0.033360758,63.11115271,800.2946899,43.01475338,192.139,3045.362,0
0.029067491,55.13444217,822.0262725,57.06002893,187.838,3534.688,0
0.020380751,71.23933905,834.462709,41.41593699,208.917,2331.436,0
0.029086231,76.20046083,834.2159452,52.68673009,184.329,3489.348,0
0.018432436,61.50553068,830.8900371,32.46677064,218.287,1932.96,0
0.019778865,73.20707933,804.4594389,32.7343973,218.681,1957.863,0
0.02421074,62.97556743,793.7499955,63.82131047,189.776,3778.604,0
0.019814648,66.20192143,809.3560873,41.11310386,217.864,2091.378,0
0.0223616,92.83519253,823.8255341,46.60429881,195.071,3762.691,0
0.031272072,63.53412429,829.5233581,56.28306566,188.32,3466.321,0
0.013716908,64.39175844,821.3446186,44.97542502,215.861,2698.765,0
0.029555934,70.65525548,814.0875111,50.27150649,182.807,3257.333,0
0.035083466,66.64853287,848.4569229,36.16801975,167.676,3376.746,1
0.041293176,62.43786431,792.5327787,48.45794402,190.029,2018.339,0
0.00925854,77.85743233,751.5698858,60.41273438,192.128,4094.351,0
0.02298706,72.12743328,790.8277895,45.07481718,211.38,1818.811,0
0.025803894,66.34980766,814.3497289,60.23630011,189.124,3880.779,0
0.024758209,77.86228918,806.5160333,52.13530035,203.532,2973.047,0
0.021290051,62.20873125,814.7428186,39.1467319,210.087,2789.499,0
0.022663399,79.31817253,834.9433718,53.38247042,190.534,3296.356,0
0.014424926,77.03051474,779.5989428,,223.503,1927.388,0
0.020721594,62.60734674,,,208.429,3307.932,0
0.020603541,73.26391231,782.8692163,56.15593112,194.82,3485.644,0
0.024896607,71.74249799,766.9329535,42.73828588,204.918,2352.151,0
0.034509392,51.83876248,790.8755375,47.08633757,196.719,2768.52,1
0.043038045,83.08430049,786.8398395,57.34750056,176.073,4334.069,1
0.028814996,66.77486722,838.8956046,39.27405736,201.174,3205.626,0
0.026858289,75.67077441,798.3257997,41.79829206,201.48,3023.46,0
0.025020774,79.98854896,784.4825575,,205.123,2374.584,0
0.026480847,81.45612323,820.833865,54.00246385,203.555,3271.827,0
0.025461803,66.65885088,818.4852029,32.77106647,206.908,2139.503,0
,78.72882699,842.5365841,61.36449506,166.011,5738.792,1
0.016247063,81.93918019,774.2620391,51.06049347,207.511,3172.771,0
0.036712884,62.7837541,805.7386598,45.99837439,192.816,3461.398,0
0.026138826,98.30322909,798.5312607,45.7441105,194.877,3268.282,0
0.024373134,82.2750174,819.8776241,37.66781321,217.806,2935.708,0
0.021842176,76.54890902,814.0455671,53.48898885,195.157,3350.693,0
0.021956683,71.92668377,800.7547121,46.13723212,215.519,2934.461,0
0.02690212,74.28751031,803.6461388,61.98209834,197.549,3344.779,0
0.01690422,76.71236145,764.7368293,40.97482029,205.182,2994.769,0
0.016915715,61.73555854,822.3860235,42.49748639,211.151,2957.892,0
0.033050736,68.7938856,820.3341884,47.60411297,194.426,2845.309,0
0.026667973,85.42170855,827.8726144,56.03480306,188.252,4573.438,1
0.011976311,64.51992282,762.5310302,53.27067512,209.554,4257.016,0
0.032339098,68.49031902,826.4191363,50.51476371,194.034,2514.768,0
0.032023013,74.76846894,789.5517078,48.69831599,197.048,2903.082,0
,67.95131695,789.6878655,57.7992022,201.45,2663.181,0
0.019426073,66.78542147,852.0593252,47.02516086,195.319,5178.083,0
0.025970556,70.04852872,775.7530749,52.60690846,198.191,3885.25,0
0.022140588,68.4683784,809.6899718,55.25138579,198.159,3264.652,0
0.020539367,67.95595165,800.5745156,49.25949909,210.959,1825.017,0
0.020382266,75.58747912,765.196841,36.96438193,208.063,2863.843,0
0.01636377,63.58754899,,61.39678114,202.573,3274.825,0
0.029094156,78.04890189,807.9124209,44.32082371,197.359,2883.276,0
,72.85060029,808.2754485,38.36826362,223.503,1342.02,0
0.010621485,86.53672704,779.9434153,47.56255539,218.459,2922.984,0
0.034750692,65.07401097,816.5019471,39.52906069,199.436,3321.238,0
0.026024455,76.8979868,805.9408562,55.18214997,199.342,3264.989,0
0.025784123,67.46537995,786.4936989,53.21487139,199.599,2963.112,0
,68.39837036,795.4723509,32.57044469,217.869,1892.437,0
0.023710422,84.67184652,860,54.55136735,180.678,4248.128,0
0.013193312,80.34864193,776.0100149,45.74265066,211.142,3261.164,0
0.027840908,69.97117974,747.5179228,58.42317424,177.681,4449.013,1
0.015257402,74.86056482,804.0244644,46.51136055,216.296,2881.554,0
0.016167355,73.8720388,812.849818,47.64293844,208.062,3324.747,0
0.021952968,64.92732622,816.565427,62.0421522,199.25,2626.007,0
0.00835465,89.61230888,774.4533949,43.78903311,218.393,2281.597,0
0.03984251,87.23272358,783.8333941,,179.114,2975.098,0
0.016351649,64.80949384,814.9790304,57.7397427,209.542,3292.326,0
0.016111511,,791.8066496,56.78827656,207.003,3242.446,0
0.015043579,61.02841715,838.5867162,58.11784491,195.995,4274.66,0
0.01836491,69.0133594,781.1701969,40.18644853,217.888,2737.583,0
,74.40369115,777.2729158,57.23824916,180.316,3811.487,1
0.026972259,80.28859422,776.7672349,57.92273424,200.032,3184.365,0
0.012504747,77.45051822,789.0237426,46.98011622,219.122,3215.521,0
,70.58620719,801.0785528,50.96879456,206.768,3168.725,0
0.019347544,58.60000784,834.4484499,57.2891615,207.195,3155.99,0
0.018357643,82.59242494,832.8838002,53.46027287,197.866,3861.77,0
0.011460452,74.38469192,807.2050954,56.54862941,204.441,3741.191,0
0.022108379,72.94055309,803.6971619,46.48482226,212.198,2755.735,0
0.036765242,79.44360306,803.3222907,43.50163693,196.046,2008.536,0
0.015644979,87.45738988,783.0655267,37.37807895,219.13,1818.822,0
0.028023582,62.46882695,820.3276922,60.3486004,185.647,3418.026,0
0.024978642,82.18909713,,49.98170409,186.671,3837.289,0
0.026982096,65.11360885,788.9608146,48.89840059,200.13,2957.615,0
0.020997651,87.06325819,764.7692037,48.65050556,199.02,3428.131,0
0.026323911,73.1219508,823.2811151,50.2804155,196.139,4310.826,0
0.019328702,71.97431362,799.5130766,42.66504088,212.939,2342.971,0
0.026410022,76.89860539,,69.20064425,176.023,4430.097,0
0.027577372,83.08789167,795.5495149,48.45025344,206.687,3261.361,0
0.04019841,64.04670048,820.5673969,56.90292353,171.537,4385.72,1
0.03625898,67.44926696,835.6001328,67.90383256,163.125,3963.496,1
0.02447461,77.2945267,845.4121914,58.64364732,188.315,4173.081,0
0.017765234,69.77498456,781.0549031,56.92193669,205.081,4276.852,0
0.031083783,84.35981132,792.3179005,32.52081656,214.645,2372.597,0
0.038176652,73.14965452,787.8887794,50.83433911,189.476,3170.689,1
0.028145532,87.79867168,758.7094079,41.97080946,190.876,3692.014,0
0.028805201,79.59090943,773.5687444,40.21079464,204.63,2486.341,0
0.02922735,67.88451891,764.6844519,39.39696869,203.155,2477.127,0
0.017102012,74.41192586,811.4854509,46.43578035,212.167,3393.682,0
0.021053021,76.23243319,815.4244871,51.89293237,205.757,2747.433,0
0.017624559,70.74491191,774.4025166,56.48864957,205.055,2817.277,0
0.024393657,66.31361613,851.9891412,48.68734318,182.842,4211.515,0
0.034994093,61.74920494,814.2235229,36.46021029,201.262,2418.208,0
0.031257311,76.10033344,809.9332207,48.02966486,201.048,3097.097,0
0.018590667,64.25829224,809.7198236,51.39208779,212.96,2738.995,0
0.02551483,70.48273769,793.6773674,50.71844243,195.854,2509.406,0
0.030568793,89.2315425,761.8729066,56.92023625,179.71,4045.136,0
0.015455011,81.39462903,785.9762812,52.2043436,216.568,2556.573,0
0.01469333,,834.3242194,53.99363088,189.365,3831.304,0
0.033308302,62.72867517,828.0890663,42.13323458,198.699,3011.042,0
0.020305606,86.55334173,740,65.15739251,178.465,5802.01,1
0.013885436,80.77856402,791.0930282,47.56010847,215.242,3019.975,0
0.014271054,74.48700599,792.623477,49.6329917,223.747,2278.567,0
0.028359487,61.72703452,860,44.20007115,179.175,3754.905,1
0.016853395,85.69470136,785.7318698,52.88136723,208.557,3439.779,0
,72.77539284,817.3503503,43.34629286,217.7,2015.328,0
0.013210381,71.09623219,768.8474171,53.91907326,207.577,2686.769,0
0.036066192,59.2947892,851.4118789,65.39469272,141.91,4926.709,1
0.012125263,76.59216547,781.4162427,42.974252,216.501,2495.294,0
,92.40381132,786.779328,63.88615569,186.077,3689.98,1
0.024757413,68.26611013,822.5969517,53.30075521,204.485,3880.414,0
0.027721613,85.85140814,797.436301,55.51924847,190.912,3574.755,0
0.019795271,,789.3157132,56.15169956,202.905,3209.789,0
0.019181218,67.58276898,819.4552841,47.8304028,206.218,4805.822,0
0.022038298,67.55147788,785.3242201,33.40084743,218.689,1910.359,0
0.018231467,81.864604,799.8940353,52.85275942,202.915,3536.691,0
0.026952814,69.95492291,788.8420127,36.14865372,209.352,2425.982,0
0.012060269,62.45472941,831.752165,44.0058845,213.615,2918.332,0
0.028135843,83.2508288,808.366421,44.24574627,196.729,2919.981,0
0.037944317,73.53469322,,49.47315135,190.824,3701.046,0
0.019599239,63.4560251,803.0132508,47.61827664,209.555,2426.713,0
0.020357115,61.83609211,812.7256205,47.0457165,205.286,3216.763,0
0.027623199,75.21300855,784.8623584,,198.688,3794.81,0
0.014997269,77.41667807,767.2981177,45.6653123,211.635,3193.493,0
0.023167539,,,51.82687464,210.366,2764.794,0
0.027666565,72.87891804,782.9393874,48.98271011,202.014,3362.479,0
0.023876222,70.07059633,808.7965545,64.20811257,190.026,4297.151,0
0.026216431,81.55244678,775.0601507,59.78578155,188.473,3983.843,0
0.01679449,69.26602373,758.9488127,49.54299303,202.376,3511.005,0
0.009086459,59.18441798,798.2453263,50.0334179,218.048,2688.784,0
0.022800825,77.38618708,801.2464251,59.76816305,201.303,2957.388,0
0.014608452,78.49794279,820.9228902,49.58059741,210.965,3769.144,0
0.034704636,69.43480255,811.239144,69.27964428,174.511,4499.969,1
0.033134042,77.43086536,,55.10736481,193.923,2614.569,0
,65.77686495,858.359662,59.45628044,142.199,4467.777,1
0.023926308,56.75317211,797.3608537,42.20331096,216.84,2886.063,0
0.03094265,49.44787999,823.615298,52.34297558,175.904,4078.849,1
0.025262544,,812.8971625,68.19464427,188.986,3954.229,0
0.016381731,73.18727009,798.4823846,57.29269114,205.961,3221.09,0
0.018835514,82.39961476,814.1817204,41.62987508,217.953,2145.265,0
0.02068195,80.38139324,773.6146409,48.49783047,204.992,3110.33,0
0.02800055,73.71810311,806.3234368,58.61181481,197.602,2757.778,0
,70.14501827,791.4326882,55.89834421,192.263,3001.744,0
0.024887639,81.05583674,768.0511582,46.89132778,196.333,3525.89,0
0.029353649,,750.3805649,50.05918819,178.674,4144.897,0
,80.91429558,789.9270088,,196.807,3051.552,0
0.025621638,90.5821148,740,48.18687411,177.949,4268.675,0
0.018451217,71.83355333,796.7185224,52.67461898,216.423,2849.638,0
0.010750082,68.47019597,831.3837644,54.14100795,206.546,2966.44,0
0.027292636,71.94513859,778.4262406,41.18274003,197.779,2165.03,0
0.029903154,66.76840938,801.1917686,47.89999912,201.519,2860.776,0
0.035258012,63.74346147,786.4523927,38.69143196,198.628,2114.005,0
0.010624983,77.45938255,801.2649095,51.62793307,220.099,2422.111,0
0.020453364,59.87793477,829.1757088,47.29440611,208.505,3191.771,0
0.027396804,77.04924903,781.7536451,41.76335907,206.768,2160.292,0
0.032131534,64.92426845,800.4596568,50.19424513,199.644,2926.685,0
0.039928074,75.76826305,767.6132314,39.68250389,187.672,3311.213,0
0.030252866,76.72956247,740,42.1034409,183.951,3437.966,0
,53.69252872,824.4983105,45.44404186,207.17,3832.907,0
0.028373153,78.93247861,826.9449917,40.93549116,199.178,3061.005,0
0.011347327,71.87965729,801.1674561,62.64609571,204.953,4251.958,0
0.01980328,80.47686775,836.0220458,63.33465137,178.5,5579.641,0
0.032291334,75.15092985,784.7537984,60.34752868,184.842,4250.455,1
0.031540614,74.21379413,819.7287723,45.17738524,195.866,2692.458,0
0.023693646,75.75969281,801.5721233,37.09650075,219.958,1987.458,0
0.021764598,63.16896052,788.9718687,57.46553262,195.362,3518.148,0
0.033558238,62.31277406,803.6300015,48.57369793,196.886,3092.183,0
0.014759093,72.80031812,798.8255229,40.90643329,228.551,3263.949,0
0.030300419,65.96500389,781.9539078,50.76329799,202.763,2913.019,0
0.025451281,76.09513048,815.4479262,59.00535611,198.793,3600.446,0
0.028331941,64.71274754,824.9790737,40.63732039,202.299,3505.434,0
0.024044706,86.78679368,804.6835512,35.66879223,212.97,1599.902,0
0.029228086,75.98810608,791.9897597,68.48000827,182.863,3878.501,1
0.036487897,96.18922167,740,,152.006,5399.837,1
0.035220299,80.71530362,826.657139,29.83971124,199.115,2059.022,0
0.031402107,69.47020564,741.3043861,52.26788912,168.914,4888.478,1
0.028735148,81.70960199,800.4892946,42.65022954,206.42,2775.464,0
0.031521733,76.50743579,797.3533631,41.49129766,203.868,2432.229,0
0.034701429,70.74856003,789.8694377,33.44105942,213.474,1630.079,0
0.019708607,85.91908355,740,60.58648087,170.709,5756.879,1
0.025022278,61.54189085,788.9117822,51.58395363,202.864,2900.686,0
0.023382862,72.54330915,818.9332652,,197.796,3469.759,0
0.024242752,72.85355809,800.0876611,54.96418835,213.613,2841.623,0
0.005,70.61526674,817.9418677,45.00509131,225.172,2524.736,0
0.021286331,65.36936855,786.7241058,48.04340537,206.765,3450.626,0
0.020443819,91.50797934,770.9144112,58.41226555,196.848,4185.651,0
0.024540927,82.3276525,787.0806271,47.54261134,206.855,3154.35,0
0.032303016,68.89656314,813.3121966,45.61127387,197.204,2749.624,0
0.024576948,,832.3210035,45.14553483,194.984,3692.493,0
0.023210366,70.37048809,841.6787703,45.95855163,207.991,3798.943,0
0.036772403,73.51947181,798.3746206,44.01252944,193.743,2898.447,0
0.032111661,75.88642081,791.1816867,45.50886032,193.691,3271.335,0
0.030161413,69.92668415,,35.55806541,208.827,2651.072,0
0.021587887,76.6361259,807.5174548,43.47599316,212.917,2524.791,0
0.014961988,81.62398367,816.1275428,45.27080296,213.644,2589.453,0
0.0300041,88.63656718,780.2945923,50.92609524,191.326,3602.935,0
0.019366538,55.64990994,796.4596249,54.89856134,204.081,3164.387,0
0.030246616,72.17723626,754.4186594,55.61889556,174.535,4063.012,1
0.011731148,79.26745534,838.5785738,60.92886857,186.498,4989.393,0
0.039410224,77.29283116,822.4956103,44.28008585,189.617,3105.79,0
0.027127228,65.35738962,828.3887647,57.10499679,188.678,3472.349,0
0.015563573,59.83993902,766.6451304,56.09362323,197.656,4030.321,0
0.027191017,61.69098362,823.7993773,34.80165813,214.871,1916.005,0
0.026963741,68.73445576,773.0334805,49.84748428,197.206,3677.933,0
0.005,84.192557,787.1381134,58.45705746,214.076,3016.459,0
0.021330444,67.45740014,836.209465,66.71868203,182.134,5120.076,0
0.027343435,85.70893766,740,52.34272919,171.113,4874.25,1
0.021038648,74.78908148,790.1133067,46.67568805,209.382,2386.437,0
0.030455171,74.45164401,800.3332127,57.31958196,188.664,4162.745,1
,62.57485154,761.6224423,28,228.975,1784.175,0
0.026162706,93.72750223,757.1514327,37.6745257,196.673,3430.356,0
0.020023457,67.978551,803.6871306,54.78828267,201.239,3080.857,0
0.015259073,65.57199436,807.2327062,38.15991302,213.498,2047.007,0
0.023576878,69.57042217,762.8759429,59.33842657,189.127,3527.994,0
0.011375088,64.55720674,844.9986306,35.79813763,213.42,3941.74,0
0.025407255,70.18945417,825.0338679,53.48007051,199.578,2437.191,0
0.019058094,76.86862011,809.8871321,57.17074916,200.322,3978.341,0
0.013067803,82.92666576,777.4602065,50.48984874,206.847,3453.046,0
0.015883802,65.68750932,799.2640771,49.08224038,214.283,2852.017,0
0.025744823,80.13055428,788.9643968,55.49159286,197.291,3584.95,0
,82.83946007,776.8478978,32.1266864,209.761,2866.171,0
0.02891068,71.74323068,783.6790449,56.15245685,190.616,3625.96,0
0.032609079,65.79788002,839.0640274,72,161.055,4478.826,1
0.013637171,58.55534662,795.6019496,55.81389095,208.817,3104.705,0
0.021863667,95.97874602,817.8561757,53.39820203,188.177,4354.711,0
0.008736464,74.3941552,809.2242946,58.19822245,207.878,3216.856,0
0.010409589,73.67164936,802.9587095,35.8971536,227.076,2171.8,0
0.033533343,65.24944309,794.7358544,35.66481455,208.585,2177.738,0
0.032755281,61.42821101,818.0056277,46.98098722,185.349,4235.724,0
0.02411793,75.66053867,797.0031249,44.87045603,198.651,2542.964,0
0.010493068,69.62099673,793.7273643,57.02273594,206.082,3202.262,0
0.028050064,80.59489714,798.1424078,46.02269337,207.853,2538.156,0
0.028647022,64.80896198,813.5727425,46.44453025,203.131,2912.76,0
0.021156156,75.05711963,796.2503777,53.77849012,209.445,2555.972,0
0.012747464,58.61573405,777.6446222,50.15878271,206.893,3580.146,0
0.0223746,63.48330868,831.7494614,46.88023893,208.665,2700.955,0
0.039603886,58.92026393,789.8236877,65.26053948,175.895,4940.273,1
0.025849521,54.58301908,826.0593495,44.70449133,192.067,3521.502,0
0.034985877,77.16021177,766.9191303,47.19925854,188.054,3755.384,0
0.028915312,65.09437527,838.0118625,53.56263902,193.626,3162.164,0
0.031765814,67.42009424,787.2114782,50.67292527,199.739,2581.619,0
0.025157748,63.47400334,811.6201366,38.66050094,208.647,2578.192,0
0.015095502,56.89957521,802.1311346,53.96534023,209.55,3051.004,0
0.020286324,61.84216713,817.7807625,42.41224151,212.787,2893.851,0
0.014978336,84.87910972,748.2516236,55.72010018,195.067,4422.688,0
0.009391261,59.99769362,770.0301289,62.33670866,202.219,3838.832,0
0.02501901,72.08646201,805.6440138,52.04977563,202.797,2683.502,0
0.01325365,84.56905604,819.6796896,55.01358857,209.419,3389.622,0
0.022216176,70.97170803,790.9098115,41.97851438,208.091,2678.692,0
0.022061831,76.2557519,805.9500036,62.38440485,206.392,3180.468,0
0.013752539,78.12298748,792.0426057,50.63743542,216.984,2389.788,0
0.030275783,55.66303719,785.9015196,56.68893535,188.424,3765.203,0
0.028503949,62.17575969,789.283523,54.83261555,199.526,3239.346,0
,67.17492598,849.1430413,40.48236137,206.354,5745.575,0
0.024252818,68.50461409,786.3081212,53.79701366,200.996,3143.879,0
0.021861954,83.13451302,835.0185528,56.51503057,192.751,3586.317,0
0.020531859,83.75800212,815.5916598,34.6182051,208.497,2235.53,0
0.024057691,83.5408257,767.3840242,43.3364107,203.384,2624.318,0
0.024438621,81.81989664,795.7776036,58.43463902,195.787,3810.569,0
0.026641538,71.71841805,790.2979976,38.916254,211.782,2216.874,0
0.023242313,63.2910495,,53.59368586,196.953,3046.402,0
0.017646911,52.08020527,835.2601226,37.23518998,213.134,2849.95,0
0.034723772,73.22613964,798.864041,42.61908131,192.034,2335.41,0
,74.87356891,776.8985341,39.99191927,203.037,3502.957,0
0.015413596,77.4878007,799.2609074,43.74913122,221.257,1922.363,0
0.017547361,,756.6542916,55.07119757,188.858,4233.277,0
0.022580742,68.66488122,858.9450482,48.15547568,178.654,3980.598,0
0.031354176,77.49217152,776.3786274,62.03782097,184.69,3482.377,0
0.011577964,68.60916007,796.1349894,42.69691238,215.791,2992.379,0
0.032931549,52.85153293,844.7160645,56.37017254,171.368,4310.446,1
0.014593475,67.36192489,775.2652956,49.23266417,207.914,3060.732,0
0.031324983,56.20874167,835.0838429,36.13646743,193.04,1953.504,0
0.008912202,69.50986137,831.3280538,60.1762708,202.285,3465.119,0
0.02095247,89.15573215,788.3992617,69.91148478,188.661,4356.458,0
,80.64764424,803.209756,34.9167622,204.752,2011.765,0
0.02809956,69.77313278,787.8898276,58.35117555,190.998,3896.213,0
0.01807098,74.88781022,792.7949345,47.53050372,219.252,2048.917,0
0.021887127,68.13690778,806.0252481,,202.799,3402.618,0
0.030849561,67.94003021,824.7666933,,193.419,2905.962,0
0.012960581,76.77925883,824.2346237,47.21616124,207.081,4191.427,0
,67.46944162,807.4691438,39.3545407,212.733,2882.533,0
,74.90353928,758.1825455,48.06875018,202.993,3160.987,0
0.027849401,69.15791179,818.8507762,51.13037669,184.918,3803.873,0
0.010455647,75.41432915,797.170532,36.44777277,223.19,2156.546,0
0.014660976,67.1740783,785.7301389,60.19602525,210.269,2788.468,0
0.026101885,67.86748102,781.3764816,54.75316339,194.023,2878.45,0
0.027332746,59.58660363,774.1452763,49.40798646,191.332,3302.283,0
0.028950173,86.74189174,740,56.81184561,185.046,3364.643,0
0.021558451,85.15486509,778.4731318,45.06258338,202.525,2782.091,0
0.030578491,59.01424318,845.1798097,,169.051,5807.693,1
0.020754092,55.81548733,803.862444,60.38025721,192.859,3511.176,0
0.014629863,76.65629178,811.5341163,55.74996565,218.452,2696.665,0
0.020221847,72.47511783,765.5632526,54.02529862,198.229,3335.656,0
0.024901696,73.96607801,806.6592495,53.64377456,207.725,2977.937,0
0.033674123,80.06520901,805.9214323,66.42201201,183.447,4153.088,1
0.01871096,68.01877777,797.5590663,55.75023736,204.351,2542.862,0
,86.78362234,785.4558039,53.40452548,184.61,3697.108,0
0.029573749,66.75339453,793.5660194,45.42295831,200.977,2874.1,0
0.027433574,76.10705573,811.5904521,38.10717373,206.863,2958.429,0
0.011145886,75.79296483,787.2950132,49.30689887,217.881,2849.68,0
0.023671439,61.24434443,850.9076622,57.25967441,185.465,4556.907,1
0.029345886,58.51191382,789.7931619,45.03026256,201.196,2470.207,0
0.025948529,79.25857435,770.4779853,46.85815531,197.005,3642.992,0
0.019461081,74.90868687,819.9556531,50.78726772,204.612,2676.614,0
0.026531533,70.25730933,806.1331914,35.71524151,208.276,2322.339,0
0.030133869,63.30601508,,48.25791319,187.713,4209.844,0
0.024013125,81.82695877,797.7809543,35.04861195,213.704,1876.483,0
0.030625749,63.48451553,786.8017066,48.1388417,195.479,3142.743,0
0.028649881,69.4112322,802.9964386,55.03562154,194.962,3445.692,0
0.02895573,65.524664,809.1786088,44.18729783,210.934,3452.355,0
0.027906668,63.32484493,794.2909414,45.07281727,200.894,2847.164,0
0.028310334,80.02162395,808.3856088,46.88119165,198.011,3434.091,0
0.013371894,67.63044587,785.4941545,43.83846059,214.484,3363.402,0
0.021276015,86.3599724,793.3863906,,212.29,2242.149,0
0.007437474,58.97612979,789.9646679,47.05502128,224.278,3148.14,0
0.031478773,79.50198319,807.5093956,38.41705951,207.302,2405.113,0
0.026850861,67.36385165,799.3020367,58.86990159,192.027,3658.814,0
0.024517713,70.19576898,802.7294408,57.11584727,196.733,3715.302,0
0.01666149,68.1140073,811.8383101,47.30308903,221.133,1779.369,0
0.016548965,66.01443306,791.7625747,49.22497277,209.921,2906.299,0
0.035929735,76.86604759,781.7067756,51.87953227,190.523,4099.906,0
0.03294474,68.60356733,837.0336774,46.96110141,182.5,3659.029,0
0.026487478,77.42967516,791.4700264,42.84308326,210.235,2072.571,0
,64.59061824,795.7360492,52.68750162,202.104,2742.886,0
0.022921156,73.56306764,775.6934817,39.0370429,212.173,3011.717,0
0.010329762,70.11352973,774.2113193,49.66427667,210.4,3200.167,0
0.030686207,87.41920036,779.4473931,53.2653633,191.318,3841.988,0
0.019589249,70.15949156,802.3720554,54.20377671,200.974,2691.917,0
0.016205423,63.22220998,,51.02535004,200.951,3136.501,0
0.034074541,60.22734494,785.3418891,48.98451437,192.556,2584.885,0
0.012607198,67.81454929,822.2800634,56.38175467,210.101,3103.772,0
0.029102953,74.21697668,789.8965982,54.69783842,196.795,2467.087,0
0.031690912,59.1206729,773.6301913,57.58846767,185.244,3555.224,0
0.037125812,85.9533633,777.7078385,41.53695316,193.136,2737.046,0
0.01790741,64.19081504,776.3466974,48.31190388,209.354,2584.51,0
0.034998646,69.13040905,804.0631443,55.46309975,189.879,2729.023,0
0.025874589,83.30849497,778.814221,44.45914203,205.834,2764.011,0
0.016360511,69.56537181,827.8180874,47.00251434,210.968,3074.288,0
0.015622859,88.6027087,766.6400571,51.77077125,208.033,3174.785,0
0.029139817,59.52090862,802.526279,51.87725199,187.598,3163.276,0
0.036591986,88.23071178,791.1894475,42.42365474,198.85,3402.785,0
0.014826246,57.06356507,804.1604067,54.4345744,205.869,3274.506,0
0.024054483,55.84165435,793.0175692,42.78553273,213.407,2912.17,0
,67.21800927,806.0097932,48.17008046,205.241,3112.87,0
0.018217328,64.84119224,833.2314658,68.2549078,193.96,4234.631,0
0.021511022,74.81005277,773.6427584,43.45933555,214.195,1921.469,0
0.020349448,91.17759546,793.8226107,54.00469494,197.142,4334.694,0
0.024980377,68.02828825,814.8044212,56.49345562,191.299,4483.275,0
0.02142592,69.83027719,802.3246009,50.05708034,208.599,3103.327,0
0.027029277,62.2975827,808.5017202,45.11507937,200.158,2997.781,0
0.017858814,73.01640095,770.3093495,47.14872783,204.496,3448.096,0
0.029231264,64.34346835,788.6101463,48.65590218,203.512,3166.931,0
0.011449896,87.1071469,745.8323949,61.95721867,194.767,4288.164,0
0.013547721,67.98707256,829.6848185,56.49244406,208.245,2847.599,0
0.022683438,82.56145822,778.5388672,63.55177056,195.37,3452.293,0
0.010877709,75.52570287,839.5598998,51.78278097,197.285,3918.954,0
0.020946562,78.63634523,804.021724,56.06486777,202.299,2657.393,0
0.029995644,66.51949394,815.5059799,36.88824384,205.585,2943.851,0
0.038695297,63.15495382,763.4735266,45.5287194,183.934,3451.211,1
0.024964975,71.5425575,813.7031644,52.57833783,196.416,3083.781,0
0.022638401,66.31523457,837.763708,53.01532667,197.566,3145.979,0
0.030438285,79.80238093,768.9255146,46.55581611,195.437,3190.012,0
0.036320056,57.79258228,820.572698,66.79675975,158.367,5315.465,1
0.017569128,77.86145455,783.8493394,55.26237594,206.381,2983.501,0
0.016482847,64.50855602,800.7782938,57.5707453,195.865,3150.319,0
0.037587152,75.63175567,804.922366,58.6374525,185.806,3464.667,0
0.027227303,64.43759193,821.5431247,51.64276778,195.155,3209.257,0
0.01920254,71.42379414,796.929587,42.12870911,211.876,2877.591,0
0.026899875,64.51750482,813.5914907,44.66182084,202.373,3261.617,0
0.020700119,71.66720095,807.3436035,60.66546776,205.453,3065.323,0
0.023866359,69.25971221,792.7414119,58.45009844,194.601,2488.997,0
0.024064952,85.40265058,761.9479817,45.02608477,205.22,3169.417,0
0.031244768,75.58316979,777.2587213,52.41355045,201.734,3117.283,0
0.02898886,62.39463031,818.5990448,49.41393421,190.637,2999.655,0
0.023905426,48.82508248,813.2483416,45.28228698,206.56,3036.316,0
0.028873339,72.45935227,813.9622582,60.74458309,186.778,3626.3,0
,66.67318005,,48.04538884,207.892,2595.277,0
0.018995816,79.63983012,818.5416299,49.66041312,205.039,3065.332,0
0.019654208,57.79727182,817.5278842,46.57332729,204.603,3448.331,0
0.033393039,76.79796523,813.8512089,50.88163353,188.201,3866.421,1
0.018238749,70.5751508,809.3423544,57.40609117,196.604,3473.387,0
,69.93722574,804.2504274,51.13527405,207.907,2851.257,0
0.021718313,83.20625774,768.4953308,51.66652829,192.574,3848.693,0
0.046787843,75.80400282,813.3444416,38.98054733,176.978,1983.5,1
0.027684983,70.35915654,769.0929608,47.49751283,192.447,3102.478,0
0.020891417,70.83319103,784.4160978,47.78979591,206.936,3127.939,0
,71.46609827,797.8523648,48.09583434,194.616,3443.354,0
0.021432427,87.66286843,772.9318835,42.04563057,204.37,2448.442,0
0.021202164,83.38418984,765.5097763,37.24578715,213.511,2678.627,0
0.030568298,74.45111968,797.7626796,50.99088256,195.776,3697.901,0
0.025763391,59.49360893,775.6777048,31.52537672,214.623,2545.579,0
0.021716307,74.32317034,,62.16943562,192.663,3821.983,0
0.026011616,83.48516278,777.4004964,40.64248387,204.107,3252.401,0
0.020660625,92.93060907,805.3589636,45.87686551,217.256,3068.948,0
0.020077608,73.81167847,795.1980464,55.9642532,200.54,3533.387,0
0.033609891,82.85480641,790.0267692,53.90694127,192.374,3298.926,0
0.024556246,76.18251357,858.3817296,58.66807406,162.064,4939.609,1
0.033788467,72.10033516,807.3066474,63.08313314,176.165,4060.993,1
0.026774316,80.10818733,759.2148143,53.15150596,196.673,4041.259,0
0.022578627,66.67921267,801.4908682,57.00178074,195.812,4562.325,0
0.026549124,63.82492275,817.4409115,58.03250649,184.967,3714.777,0
0.025841349,76.91304,800.6925958,44.07028929,211.617,2739.803,0
0.027198936,66.44207616,801.2808233,51.22162946,198.814,3425.589,0
0.021835985,63.31194265,822.2971496,43.18899893,203.735,3175.599,0
0.027381896,81.74565994,763.9423142,52.91083033,189.948,3821.183,0
0.022210815,70.35037965,796.8450667,47.55500462,204.767,2601.733,0
0.030643272,70.48270377,793.7102355,35.61443636,213.399,1595.837,0
0.035537445,63.38308504,740,44.21207457,179.878,3474.167,0
0.028836331,66.4796786,786.6789166,56.45553962,195.246,2631.962,0
0.029754673,64.53466441,822.6076262,49.2574045,196.301,2955.117,0
0.022860947,78.11248135,808.7247886,37.9208096,212.469,1593.187,0
0.020517681,58.86878452,788.2990478,41.21688953,210.478,3109.293,0
0.041074708,67.89948103,826.464535,56.6718092,167.465,3123.165,1
0.03101399,82.28173122,778.2183814,57.83460317,191.179,3459.404,0
0.025529517,80.02906047,832.8388779,48.81244054,192.543,3929.868,0
0.029428486,66.61515675,805.9813929,44.37468801,205.045,2616.522,0
0.030899569,76.61541692,830.6340477,39.05022888,197.369,2497.971,0
0.021797153,82.50408343,779.9049951,51.97122639,202.696,3598.987,0
0.020028363,63.1292826,859.1381161,52.30868993,186.592,5477.572,0
0.019012904,67.62806932,807.5699625,46.94640835,214.693,2084.218,0
0.025610139,53.94630816,817.6536282,51.55356267,191.941,3515.699,0
0.020559278,73.51881896,817.4129624,41.41610642,208.564,2997.718,0
0.021595746,79.90618956,780.8629067,37.82185035,216.01,2704.054,0
0.027322729,74.19110017,800.7525696,42.58494249,193.401,3002.938,0
0.02074523,70.79678025,765.7057197,42.9965982,206.002,2723.185,0
,67.70702387,776.6760702,45.33695037,193.782,3239.438,0
0.024471243,68.29873981,822.2989232,35.82635871,215.843,2322.242,0
0.029861347,74.53836039,802.7629962,61.55718901,187.571,3332.305,0
0.016047121,73.55147618,809.9367219,49.83197108,204.683,3554.413,0
0.013474646,81.85638314,759.9066369,55.96732417,195.707,4422.559,0
0.023626977,72.43039517,814.3592196,46.10819028,207.659,2799.153,0
0.021433873,77.54741723,794.6652497,46.04142881,211.345,2443.132,0
0.03208663,62.97925722,807.5562949,45.41488373,205.144,2664.352,0
0.022475169,69.83986113,826.9480461,58.85779902,188.843,4007.364,1
0.025963434,79.13612043,787.6248201,47.77538838,200.731,2822.761,0
0.018159845,86.24758178,759.5886937,50.70344341,202.23,3878.075,0
0.023340034,71.29888135,814.9923065,49.57745876,206.645,3210.374,0
0.023586511,71.03748654,792.707413,48.30432023,200.123,2979.726,0
0.020010866,75.08291674,782.3640823,52.92407545,196.449,3525.518,0
0.026199031,85.68247534,771.1607246,38.21620112,212.344,2981.794,0
0.006277573,69.63724316,827.7283174,45.78718326,217.115,2568.972,0
0.014408001,75.65622804,765.4289034,51.59376201,203.008,3049.558,0
0.022182893,72.07720597,770.8661854,53.96788081,200.323,3108.744,0
0.027700174,65.05081893,836.5214354,58.13302072,182.417,4201.872,0
0.025821599,76.06087731,799.5799617,51.51818375,205.715,2274.891,0
0.020957929,78.29813356,811.4049754,58.18030483,199.898,3542.95,0
0.034585751,78.31075695,754.0979367,66.89443502,168.09,4911.745,1
0.021542114,76.47849461,758.0387039,48.37019099,206.353,3135.028,0
0.024187309,57.1413201,806.3290281,44.71022239,203.454,2993.075,0
0.019467356,79.58022478,768.9496841,50.12565371,201.551,3059.095,0
0.027805284,67.72560138,786.0655508,49.56820435,204.078,2981.941,0
0.020464004,63.95936659,797.2879821,48.39990023,210.508,2722.816,0
0.016406589,70.5548008,791.1249332,44.90769374,219.251,2567.417,0
0.025978673,78.94153072,785.8004493,29.04338197,217.328,2774.43,0
0.023492287,62.17420786,848.4996348,66.32878666,179.83,3824.985,0
0.028241972,73.80106829,765.9488073,71.79454038,181.646,3284.233,1
0.021158974,65.22808194,765.7180101,52.72999673,198.937,3842.634,0
0.013775715,84.56792808,748.4577586,52.02134001,189.591,3922.603,0
0.017479166,,827.7862012,52.27708139,200.907,3650.722,0
0.018755396,78.06656704,801.4867279,31.31355595,230,1473.459,0
0.025781036,78.67418259,816.9830596,,204.344,2714.588,0
0.026171481,72.2099254,789.0365101,44.04426102,211.048,3487.669,0
0.013400239,75.27433432,816.6254207,54.50482666,206.963,3103.28,0
0.021317328,72.45573302,798.4102796,46.77122996,214.589,3214.383,0
0.018143147,67.93028461,793.4044801,54.75777389,205.025,2987.96,0
0.01094799,77.64263102,766.3061053,51.17050743,211.685,2581.472,0
0.026415787,69.58498175,808.5301094,51.17274129,197.033,3651.436,0
0.021462477,85.33659876,779.1016256,49.53499014,208.491,2860.546,0
0.027505911,93.62993031,760.8681054,50.04604421,186.793,4059.738,0
0.024766186,,779.496526,41.52263407,203.849,2539.05,0
0.015702528,58.91397257,824.5002454,55.70625279,202.929,3706.766,0
0.028170434,66.11970944,747.5514959,49.04833809,191.468,3903.929,1
0.023099504,65.75011492,811.3315553,35.38650181,218.32,3146.09,0
0.019853148,68.02436213,786.4505453,51.1970949,209.213,2816.18,0
0.027746775,70.11647429,805.6987761,43.46447637,202.685,2366.279,0
0.014732087,73.08132042,810.3174671,53.96807695,211.933,2484.216,0
0.035675027,88.67323168,740,,167.746,4949.37,1
0.028909707,73.02447446,782.238612,49.26240096,200.855,3392.545,0
0.026496077,61.6620399,800.9922619,53.01583395,202.381,3124.975,0
0.022336954,86.75690955,764.5215782,48.21207033,203.706,3543.941,0
0.023645891,84.9503208,769.9545986,54.78544095,194.831,3449.553,0
0.024792835,79.0565993,840.4547097,53.9030926,189.564,5085.602,0
0.044617012,45,816.7604645,35.94699425,181.363,3300.228,1
0.022853984,80.19127222,809.9815168,49.63843964,207.111,2809.514,0
0.028321977,75.47889837,753.8005569,48.09838105,185.072,3931.762,0
0.029502867,51.25919527,803.8036973,48.79656694,185.882,3669.273,1
0.022726572,79.85989583,803.7401115,61.60175872,200.326,3235.155,0
0.028209822,81.75765833,796.1976307,55.85262372,195.128,2914.626,0
0.035340456,82.38680633,806.7985753,58.55334418,184.827,3211.201,0
0.03090633,77.03145839,803.382245,64.75457808,181.44,4235.139,0
0.023500119,78.29009558,814.04889,60.47784299,190.954,3724.808,0
0.024200673,77.5168049,828.1235827,43.602764,205.103,2171.709,0
0.031930463,76.35323672,842.4017642,55.36382464,173.09,4093.592,1
0.037457982,80.10871166,828.4193915,53.15225857,180.474,3544.517,1
0.019311851,74.06302683,798.9929445,28.4335191,225.767,1271.481,0
0.024121677,62.46317052,811.628524,56.51611391,196.854,3840.433,0
0.022566355,77.07080428,783.2990377,49.93940246,201.721,3020.479,0
,86.33306079,801.8574196,50.01367638,215.822,2278.401,0
0.014647682,57.50098451,860,55.92246534,187.592,4752.425,0
0.024336453,82.18026746,759.2553346,39.33205566,200.799,2503.648,0
0.030534326,72.7107617,792.655017,52.67466032,195.503,3271.279,0
0.026717142,81.20982392,786.2611842,56.25935651,202.038,3092.949,0
0.016174735,73.39570929,820.6903739,37.33626823,210.382,3414.101,0
0.018033137,78.00587257,786.2119949,47.46847389,209.886,3220.735,0
0.028888183,64.70611611,823.9577225,42.78436669,202.728,3971.575,0
0.026923797,71.35107013,815.4248341,40.96875956,212.661,2694.281,0
0.025019343,77.54659653,789.127244,48.32280698,200.51,2888.882,0
0.029535966,71.22973451,810.6631759,68.43005396,184.383,4158.186,0
0.029603218,78.51121412,762.3949337,54.58254533,183.532,3698.155,0
0.023331013,62.73995974,793.2136059,56.67082977,196.108,3444.641,0
0.025864991,73.32419661,810.4037005,43.174287,201.423,3227.133,0
0.030935733,70.97034344,817.4423784,51.54583093,195.616,2807.916,0
0.019779805,79.24441275,794.7184453,50.56320449,205.801,2425.301,0
0.015814756,60.79666969,815.3740944,53.20888217,203.377,2368.884,0
0.015762679,70.98492054,779.6269483,51.89224674,217.786,1995.366,0
0.023360754,71.12449516,785.7771302,36.63200672,210.411,2655.522,0
0.025235475,81.55868103,829.1433973,46.5573365,198.547,4179.024,0
0.022966453,74.31129543,802.2701422,60.66426629,197.075,3851.037,0
0.017255465,63.55622484,789.9214015,55.31333315,202.081,2822.502,0
0.01990372,55.43349378,825.267616,52.62230225,196.82,3633.801,0
0.03106773,54.35787793,808.9909167,55.43298797,179.982,4012.019,0
0.016526599,69.95989283,860,43.88708217,194.609,3537.85,0
0.027984158,70.00753263,789.5175558,30.63100597,209.868,2466.848,0
0.028064395,67.79862948,793.5268786,47.92553073,199.99,2758.183,0
0.025836465,70.12762155,830.8732578,57.42530086,182.535,4762.494,0
0.033780367,66.67257886,778.0892051,59.871714,187.118,3208.917,0
0.014861489,91.53175922,776.8726556,47.93045588,198.981,3338.021,0
0.016945502,65.58460682,,63.60245386,202.235,3758.404,0
0.030430969,76.15520278,781.3252358,69.36752619,180.085,4754.968,1
0.028199392,73.27083763,807.6531219,67.70696289,189.295,3602.468,0
0.02275862,76.81609159,785.4262216,48.62070898,201.22,2695.132,0
0.021309076,74.04045803,815.8018445,55.74850282,206.222,3106.617,0
0.027145482,69.24069912,806.5950619,44.86483312,192.157,3382.07,0
0.010096915,53.30057937,808.4308354,,212.96,3102.859,0
0.025449801,75.10729671,769.7590483,58.67084125,189.309,3728.417,0
0.020768803,75.31832383,848.4987823,,198.491,3591.226,0
0.020236132,82.53227449,775.7320688,50.3565081,208.655,2188.087,0
0.018234631,62.3741767,815.8583971,54.30974294,200.189,3063.096,0
0.021496557,92.68406734,774.6570693,32.97806672,215.464,2184.728,0
0.019688627,77.53859422,804.7675436,55.73201749,199.993,3160.88,0
0.02911218,85.31790435,781.5370796,49.96864836,205.633,2504.845,0
0.023227678,75.86643482,810.5487774,,207.415,2746.901,0
0.029449672,62.02982329,,58.75990978,190.681,3264.284,1
0.030699526,68.91432769,788.9016452,50.21382751,194.29,3683.059,0
0.033903727,75.55908609,769.4948447,53.86519427,188.113,3267.789,0
0.019923429,68.4578128,812.8407524,38.59732592,215.564,2802.922,0
0.023461916,66.07283884,839.0238015,53.83628761,200.074,3365.393,0
0.013227336,,828.9531256,59.60420559,202.564,3488.588,0
0.022498324,73.10632559,807.9379509,45.72704037,207.493,2409.635,0
0.024482134,61.96853722,801.3190375,59.07494119,187.128,4341.07,0
0.026226728,61.33265905,804.4009885,41.73738155,215.541,1875.881,0
0.021696649,77.75365058,784.5075201,44.957403,206.836,2933.708,0
0.024757556,64.42239855,812.0182909,38.36688851,216.379,2148.07,0
,71.8073243,842.1398638,56.13427656,188.834,3827.024,1
0.021236086,71.36140265,777.7158589,48.80698931,207.474,2764.071,0
0.023446879,69.38789114,798.0199478,49.67660403,209.085,2696.804,0
0.022467462,58.39679835,841.0542365,44.94919725,201.55,2749.944,0
0.01788242,90.61300797,740,58.55408899,184.261,4648.817,0
0.031732681,64.99966823,768.0172052,53.33220317,176.921,4811.414,1
0.031102783,72.98221261,779.2399276,55.52612167,191.652,3331.277,0
,56.95302365,781.1752729,53.15003832,197.971,3429.852,0
0.027030181,65.78418496,765.5373778,59.93677655,189.975,4731.628,0
0.010385038,83.60148776,788.6856958,40.33554114,217.929,2887.065,0
0.02706883,51.68931037,802.7249819,45.57356537,199.046,3710.113,0
0.021143685,61.52881288,806.529955,53.00578824,208.84,3135.846,0
0.006973739,66.3996885,814.5086414,51.75323236,212.629,3563.056,0
0.011412429,68.66433295,792.99855,39.14388368,230,1909.014,0
0.027238689,80.4062575,800.4671392,57.34906078,201.571,2602.853,0
0.023093623,80.76066756,803.5919753,51.09578682,211.742,3251.774,0
0.026679899,,817.9358234,,203.641,2616.386,0
0.021172621,,753.8980076,42.57828432,199.619,3815.027,0
0.033848544,71.99257214,789.2843783,64.37332531,183.158,3513.422,0
0.035084656,67.10559351,808.6050836,42.40416945,189.555,3146.406,0
0.029141781,71.94677437,772.271828,70.34385924,180.05,4370.505,1
0.034769483,68.42514413,831.6952234,59.46899247,172.839,3714.033,1
0.043526428,71.55749859,860,44.73917864,140,5121.077,1
0.012864056,67.97247172,803.900298,63.02490387,201.201,2987.281,0
0.023871335,57.44273947,791.1582822,50.56470644,199.448,2645.206,0
0.02538361,67.3792125,809.7314094,60.95382507,196.04,2834.083,0
0.029542833,60.97842048,793.9714288,41.3231945,205.714,2482.509,0
0.031582901,67.55510279,805.5948192,56.64214987,187.705,3843.723,0
0.03111628,69.9937514,793.4218762,60.81638466,184.295,4266.732,1
0.018740406,72.81586877,803.010126,43.66817284,204.021,3038.306,0
0.013660918,58.96788953,,48.73446002,203.877,3217.492,0
0.024755361,72.99651785,807.0906041,55.29356528,195.045,2296.715,0
0.02043503,65.30669506,860,44.25948971,197.956,3632.648,0
,86.40293231,779.344761,47.59879734,191.814,3977.792,0
0.028675583,72.29380573,762.9035995,49.75131487,193.09,3145.65,0
0.02097319,77.75588744,802.3568637,53.36210795,201.977,2746.565,0
0.017023136,63.87122488,853.6254776,41.69957003,196.481,3696.175,0
0.027575884,61.26502346,839.0884745,41.46007982,191.191,3056.035,0
0.02467027,60.86102765,829.414494,49.85778257,198.324,3549.663,0
0.01938257,86.30177633,791.8553527,47.94924959,209.995,2789.025,0
0.022791785,58.36784752,822.3326811,43.97702612,198.677,2900.579,0
0.027196425,76.18403346,798.1809201,49.063794,206.622,2910.568,0
0.034866106,65.77170357,798.4614187,39.51076657,205.234,2554.484,0
0.034775161,62.09211348,847.3574243,53.9898322,165.746,3307.583,1
0.028179085,75.6180108,804.3400576,40.4980278,208.356,2337.393,0
0.02004452,88.97577349,814.6298394,57.16346626,199.276,2863.328,0
0.02269913,66.28835293,821.9754734,44.38594923,207.901,2983.091,0
0.024308564,77.1185352,760.7037758,36.59756424,202.502,2711.608,1
0.03025214,78.72960685,789.8508021,47.96239736,202.1,2772.72,0
0.016925332,74.31413416,740,66.97413624,181.328,4825.06,0
0.033755557,82.98728296,755.3456762,58.40015839,173.607,4259.907,1
0.033750613,73.72143543,830.3087057,49.47835439,184.459,5099.495,0
0.012419174,81.81824415,,53.83772036,200.045,4006.635,0
0.014981769,61.11320603,826.7105334,60.22017664,199.88,3421.901,0
0.022082072,71.72065091,818.4686467,55.56509209,195.714,4705.081,0
0.028799605,63.52404866,830.0281335,46.13850111,200.241,3229.177,0
0.014451973,64.59561325,829.8711397,60.02822148,204.973,3413.178,0
0.034081558,69.45469927,779.6128657,60.01978157,192.396,3891.273,0
0.03658466,76.42440336,786.7600642,52.50071714,199.336,3336.135,0
0.03545415,51.35143851,802.3166799,41.36053573,187.875,3260.16,0
0.013866173,70.24946585,808.4011813,52.91791206,216.627,2401.497,0
0.010053605,,800.6814712,59.77933901,205.462,3432.914,0
0.022455414,70.26430054,795.5004038,43.64480435,207.799,2666.549,0
0.021581355,67.51382325,828.2355357,48.05941144,201.785,3467.47,0
0.034506699,58.71697544,782.6374252,41.10581626,188.714,3062.633,0
0.021785793,68.98483529,818.9788616,64.20959106,192.135,3337.285,0
0.025611423,62.40333131,840.8986079,47.90365425,193.19,4567.619,0
0.01948639,66.70244722,799.0399113,51.75264686,200.428,3586.782,0
0.020823756,71.72700663,843.4011601,46.62974257,206.215,2798.605,0
0.013655367,73.03225225,807.7602166,59.73355818,199.44,3492.82,0
0.026762611,62.38840406,806.9971209,55.37747776,193.674,2729.144,0
0.025711606,74.8024628,808.2101655,39.80708594,208.608,2197.572,0
0.01399895,82.99087284,796.0623135,53.69915402,215.52,3745.093,0
0.021016138,66.6847164,788.2297314,57.47335703,199.412,3223.354,0
0.022627025,78.56515578,774.2550133,56.73176129,197.642,3169.847,0
0.030973562,83.19612034,819.0864117,61.93320932,184.591,3503.07,1
0.031002148,77.56826496,835.9058962,39.76761644,191.122,2668.229,0
0.010606102,79.79152853,757.5984657,57.20066401,198.351,4367.857,0
0.024988771,66.84629243,817.7648865,50.60190375,201.982,3231.395,0
,84.90295207,761.43797,49.64259282,191.892,3696.888,0
0.015536688,84.50785696,770.208481,43.87793759,209.157,3023.392,0
0.013242806,76.43209335,822.7306043,52.98853577,206.071,3427.345,0
0.018996241,63.82627554,817.4942568,46.16825578,205.706,2823.237,0
0.015187383,68.48240763,784.0645038,52.96577812,205.637,3107.899,0
0.029837318,78.29120584,807.2996667,46.68055383,200.067,2954.461,0
0.027113149,66.28522487,809.5679691,41.32144686,213.9,1940.328,0
0.022797057,58.47117916,794.7879876,47.93065716,212.177,3374.941,0
0.037137598,69.28249196,788.3629215,63.38683351,180.69,2948.579,0
0.015740701,75.02947266,775.1781403,49.77521298,206.118,3134.493,0
0.022306301,70.62017469,809.8569255,48.02571103,209.391,3252.199,0
0.021975514,73.18980435,825.9978715,53.86243605,196.837,4059.379,0
0.027161547,75.8387302,809.9336648,51.58774436,188.71,3725.395,0
0.030606838,74.95572315,778.5298345,50.81295001,187.634,4314.597,1
0.038923344,72.64770696,820.5751273,40.38636411,184.611,3023.779,1
0.025739306,77.63342133,843.4711305,55.6560068,186.146,3723.717,1
0.033513312,74.96584879,805.2744819,67.34959918,181.036,4067.981,0
0.021466442,73.19020398,790.607545,46.09208418,202.12,2584.55,0
0.0239209,61.36799685,813.1266955,56.17392856,207.498,3351.691,0
0.028301416,91.63774457,794.6503672,53.57236927,189.034,3434.534,0
0.02733307,62.39301231,854.2925353,49.13020723,181.04,4603.333,1
0.027097763,67.90988028,835.313217,51.26595717,186.99,3434.363,0
0.028404439,75.49481085,814.0244672,56.34392264,196.281,3413.466,0
0.026411911,60.45321617,797.3143305,70.04123267,183.322,4827.972,0
0.028939673,72.38717755,822.9500684,41.45586393,208.574,1774.357,0
0.022685802,76.95132634,773.8080907,60.79217609,194.363,3547.531,0
0.030355223,83.43339117,766.291222,58.14261144,188.188,3710.92,0
0.023626985,73.23451318,805.8296781,45.52050211,202.968,2796.353,0
0.031948887,70.14428858,833.0149895,41.62565566,189.109,3328.619,0
0.013207068,87.40683892,769.0670695,41.77181997,205.53,3232.176,0
0.027120274,69.00738633,813.0186608,37.46531473,210.077,2237.739,0
0.028598242,59.69756457,852.8591812,45.7710925,176.514,3934.653,1
0.022553508,86.88140178,745.7535124,50.71899223,182.106,4830.139,0
0.022125538,79.22472552,783.2236738,64.91994003,191.909,3935.158,1
0.027120123,77.3667122,793.3638384,36.1432737,208.392,2166.151,0
0.014053291,78.90569879,792.6192476,53.08698254,214.824,1934.775,0
0.015956617,62.38357616,814.9349177,50.28603766,209.739,2145.642,0
0.023085041,74.13297673,820.9893998,43.70640588,210.611,3057.299,0
0.014307295,80.60903771,795.3174793,49.91822276,211.981,3273.574,0
0.020206174,74.31961183,768.1057514,60.60483153,191.665,4507.678,0
0.031220781,93.45072087,768.0415805,47.45682964,186.749,4517.682,0
0.021732817,81.46434123,805.6997746,56.40182589,202.039,3034.279,0
0.012379542,,807.0079598,49.00369422,213.95,3771.685,0
0.025550547,67.84309839,821.4747084,47.33429272,200.574,3273.115,0
0.016433565,66.39437522,822.2577984,49.49433507,209.989,3006.239,0
0.029082167,75.78513468,782.7922239,51.39148436,200.728,3105.012,0
0.009515535,91.72298736,,47.12536216,215.84,2303.744,0
0.04199298,63.46838956,825.0438636,51.87468408,173.812,3223.227,0
0.030903421,65.47326147,781.64498,44.58956122,205.157,3115.791,0
0.012798971,62.87070933,770.175223,54.60183185,202.468,3433.282,0
,65.34767177,793.256463,50.99228197,193.747,3031.029,0
0.027139966,79.24784857,,43.43907142,196.707,2197.145,0
0.019584675,70.4743876,793.4572622,32.88559398,229.378,1424.954,0
0.02148639,68.27309238,788.2051877,48.72847514,210.697,2869.413,0
0.013248818,55.77230047,824.0270537,51.59055785,206.38,2920.097,0
0.021135246,64.61489544,817.5011703,48.18627588,200.559,2470.579,0
0.033122035,72.22913552,767.6177146,54.05414223,186.774,3401.535,1
0.036330922,77.16800112,790.2483882,39.15189912,196.138,2615.835,0
0.025413205,70.91174751,754.4766419,51.52920447,185.994,4336.409,1
0.007566223,78.53490021,839.994069,44.13768343,211.628,2983.1,0
,70.00366338,761.8805432,51.35707201,186.805,3459.043,1
0.014426474,83.4192219,807.2439011,47.07666366,210.86,2965.251,0
0.030099091,,808.3369898,48.10395094,195.634,2727.259,0
0.019138422,72.3669344,758.5206452,53.18133214,190.367,3561.742,0
,65.13046357,832.8122644,42.87185441,185.531,3274.613,1
0.016826533,60.11802569,825.194182,50.86448148,206.201,3144.793,0
0.01623413,73.17694805,835.8578945,50.75114339,201.547,3790.105,0
,67.41471207,805.7374968,47.8835932,199.768,2336.669,0
0.017598096,71.46454133,771.9025914,63.74880548,190.483,4677.824,0
0.015999895,95.38897902,801.6652677,67.31000352,197.699,3786.601,0
0.018749618,79.30443497,781.7974409,40.19601326,218.404,2158.822,0
0.040237889,73.18607355,775.684968,56.56453156,177.796,4568.762,1
0.048082861,77.87681782,782.467415,47.07742097,177.811,3202.043,1
0.040646467,71.55289899,788.5947788,50.05817288,175.086,3926.776,0
0.028190736,58.55704628,784.193008,40.44758925,208.331,2613.694,0
0.029555717,64.13163275,783.5239874,66.17061585,185.342,3865.168,0
0.029025829,66.64658208,848.6804271,48.37851155,180.421,4275.193,1
0.032452936,75.74250283,807.4959135,56.94071747,186.28,3008.241,0
0.018745767,67.15698308,808.4021715,53.53441187,202.86,2720.716,0
0.022345847,65.51239488,787.6446702,42.12306753,210.802,3591.664,0
0.015373882,84.19969067,789.6094678,56.71879536,195.573,4413.717,0
0.018563897,68.94922502,830.9380137,65.00978415,189.199,4226.666,0
0.016450625,77.66112985,807.626807,51.69880674,208.141,3256.193,0
0.017463351,71.12730848,836.2715472,54.55963537,205.451,3149.725,0
0.026322044,75.66461647,794.7262599,45.48929152,200.187,2837.004,0
0.025404376,77.5920212,772.6688655,36.52925204,205.2,2995.352,0
0.038837296,74.78658507,817.1652612,52.52655978,178.901,3930.82,0
0.012166156,74.26692978,769.5861676,48.10020419,218.741,2538.211,0
0.028823998,54.83751998,852.8074589,69.61414012,163.622,5279.712,1
0.037399185,68.51664178,829.8387243,58.69622307,170.147,3476.063,1
0.016513234,61.66924722,784.2146035,49.38697619,209.66,3133.836,0
0.028136796,65.61324938,860,40.90872491,180.392,3804.947,1
0.027037635,60.81747702,819.8680782,47.43004852,183.653,3826.699,0
0.02998385,59.01613335,860,61.95686643,161.876,4819.271,1
0.042324228,74.47137088,775.4323813,49.36037889,181.308,3668.221,0
0.036344735,80.40982703,775.0085789,62.41965221,177.965,4498.746,1
0.027914419,70.90005251,791.1007966,36.3135261,209.706,2864.461,0
0.022651419,72.49001303,784.807068,58.93829486,191.528,4165.528,0
0.035063472,71.62446075,786.1056565,42.54152421,197.007,2935.74,0
0.023895822,68.85872211,788.6044724,51.23916342,203.717,2815.049,0
0.031266671,89.12328555,753.4049197,50.80390034,182.012,4029.29,1
0.029174925,84.5413154,794.5472554,38.04931973,201.764,2653.442,0
0.02469864,59.30680156,799.5753826,41.95796979,202.974,2458.899,0
0.028364147,68.0616062,781.8745901,45.77211046,194.569,2998.937,0
0.031507729,78.02471767,777.5249377,35.4126732,206.358,1662.058,0
0.024398182,61.44460762,826.5045012,55.24821695,197.789,3033.003,0
0.017946923,68.34164495,842.466272,51.30493634,195.204,3812.19,0
0.012760597,88.52781665,774.9086008,59.39007331,196.008,4011.047,0
0.01752923,78.42204392,772.0658979,44.19170733,204.712,3465.763,0
0.02053435,76.73796511,797.6597217,47.30398123,208.455,2580.429,0
0.024242403,68.00743346,793.5913706,54.86112692,200.635,2742.019,0
0.034105543,69.68726824,820.2402513,64.17186018,183.44,2882.423,0
0.027949577,76.29403204,798.4690994,51.13377024,195.76,3283.916,0
0.02653661,81.21594963,781.1403738,37.44042191,212.148,2484.785,0
0.023741332,86.64320284,778.5206242,48.88363995,196.048,3346.034,0
0.027781333,70.74328454,802.3535639,47.28971945,197.07,2786.661,0
0.025052034,61.54860693,820.3944569,36.23840078,200.409,3423.406,0
0.020437016,86.36520844,763.6568599,48.36125906,193.771,4160.246,0
0.023500495,65.12835084,822.4250979,43.3289744,201.19,2908.443,0
0.018264464,68.33015656,802.1569477,49.34658476,210.12,2983.711,0
0.017648945,84.14929068,740,37.95317768,198.699,4462.225,0
0.018185395,71.29581326,809.9815332,44.75414743,210.923,2566.055,0
0.032182919,82.56875087,766.093792,43.04569664,196.869,3458.338,0
0.024206088,69.13123344,803.1179649,45.72725372,211.046,2449.408,0
0.035044916,78.21440573,792.121482,54.85137509,185.855,3929.392,1
0.015182716,62.62008332,838.2719177,55.87637775,199.174,3422.857,0
0.030249687,64.28367054,796.276813,46.46836566,203.386,3100.01,0
0.024306829,67.59358756,,36.84533834,219.542,2697.944,0
0.017887575,71.04872952,860,41.36461602,192.92,3186.617,0
0.019860002,69.32991564,800.142768,50.55590738,202.391,2513.164,0
0.034255041,64.12515195,835.2450702,40.39903072,186.809,2576.601,0
0.016875663,73.52312662,787.9786753,53.45799772,215.992,3011.899,0
0.021956493,75.88817923,808.5348841,36.56680349,218.84,2824.29,0
0.024334516,61.29368555,786.4069197,56.57603493,199.025,3725.811,0
0.030653762,,775.6590805,40.68223817,195.015,2583.609,0
,76.61671718,798.6887819,53.63928786,193.12,4092.784,0
0.023015114,81.10772072,806.9199024,56.48734994,197.857,3289.671,0
0.0263426,64.32265391,795.3074867,41.9773691,215.955,2694.851,0
0.014842455,66.1118954,799.4293806,37.71076435,225.138,2101.721,0
0.026270329,63.26412457,825.7130611,52.18021597,189.793,3339.452,1
0.0195655,68.29968443,791.8344155,44.67143057,215.194,2225.92,0
0.029764955,75.88732493,793.5529012,54.04422277,194.039,3312.379,0
0.032065259,73.80229147,779.4113037,52.63473394,183.281,4011.381,0
,,816.2849103,41.60359857,198.626,3046.94,0
0.025448559,63.29155577,784.9689129,47.336965,199.842,2262.234,0
0.016006287,76.11570292,,57.61747195,198.797,4031.188,0
0.018060468,79.30517185,786.6448326,49.22497485,206.977,3397.422,0
0.034141002,62.10142211,793.3297078,57.39667336,188.131,3703.522,0
0.03288729,86.72873627,763.3520553,44.17012109,189.88,4300.67,1
0.02458958,50.66188287,824.8336018,41.20619219,207.745,2834.449,0
0.039504192,55.51051607,794.4710041,51.85948908,190.746,2607.634,0
0.033405169,82.70540118,797.2977123,66.41304003,183.598,3956.473,0
0.016085719,80.85234358,804.8129678,52.07707162,210.278,3048.087,0
0.034729706,50.93632034,850.0756882,55.64042994,163.803,4024.15,1
0.034835297,84.3384429,851.8247437,45.46120815,169.565,3048.643,1
0.021639328,62.82635448,800.2955645,46.22532402,210.781,2964.505,0
0.013325311,62.46334005,,60.3008414,191.39,4385.347,0
0.005,75.44679949,806.6442177,55.65940678,215.325,3046.891,0
0.027562864,64.75260409,852.2888947,40.62773579,189.063,3059.631,0
0.033924518,61.01112392,819.4704202,53.57597208,190.612,3049.647,0
0.021650116,75.78203919,783.1860188,50.30386867,203.345,3049.315,0
0.01084208,80.02587816,757.5204493,47.50538656,211.99,2789.062,0
0.016786655,59.83925794,815.3410951,47.98759834,211.56,2283.224,0
0.027336457,56.70289704,834.5470369,54.8255812,182.285,4796.114,1
0.024004586,77.41820133,814.5798994,54.64435462,196.766,3647.032,0
0.017799626,63.79882182,836.2151714,54.92357086,197.024,3842.077,0
0.024784755,68.88146931,809.6340182,43.19292196,213.568,2397.828,0
0.031397062,61.2234161,860,,161.962,4758.422,1
0.011910731,69.76382375,765.2580586,41.73902102,215.365,3475.438,0
0.013846557,84.06900817,740,43.76301982,192.052,4516.68,0
0.03712025,63.00754304,819.7968436,50.77710775,181.958,3501.97,0
0.028211513,77.48836133,798.1823324,42.07874572,204.273,2577.134,0
0.020602712,,833.8365283,42.56188781,202.755,3182.63,0
0.022317794,76.51301205,776.4655924,35.92025635,210.437,2910.901,0
0.01854459,69.13038543,803.5666237,47.40918001,209.822,2927.575,0
0.035703852,85.8327813,794.4692718,36.21494467,200.524,2786.322,0
0.029406817,64.58565451,828.037472,63.67532827,180.265,5103.16,1
0.023616037,79.8256119,814.1737078,40.09683219,213.76,2532.021,0
0.033929817,82.60226175,812.5265864,39.00952201,193.811,2530.392,0
0.029898679,57.53400355,833.8053802,32.37717288,194.656,2805.493,0
0.008329837,63.35449011,753.5163693,43.05032426,209.405,3623.898,0
0.022178324,65.71960166,774.3977614,58.75172644,192.032,4040.346,0
0.024017668,82.13378042,830.5431025,49.78592194,191.19,3380.038,0
0.022250093,67.20627832,797.7186341,47.6692278,207.396,2514.036,0
0.028668176,76.07830356,818.2604305,64.55549391,179.67,4010.752,1
0.028817293,73.07652884,794.2982289,64.62306114,198.541,3057.406,0
0.026516408,71.47131386,814.5044205,35.94782413,206.197,2323.543,0
0.036253998,77.39178361,764.7639304,51.15503678,178.9,3411.742,1
0.019032959,62.32210339,826.948435,47.06268294,203.507,4340.338,0
0.013835136,77.43102264,763.1733067,61.44189592,204.735,3923.536,0
0.029768889,79.33135076,764.6217056,40.18925475,198.391,2951.782,0
0.02189804,63.60095817,786.0140775,42.83406227,203.346,3392.551,0
0.00942542,59.44164583,798.8249513,48.81149445,204.493,2943.899,0
0.025104519,73.43592509,794.690128,41.92605563,204.78,2680.204,0
0.02315868,71.44553755,794.1124117,64.11650496,180.147,4637.171,1
0.025220849,68.88343772,816.28501,46.85565365,205.075,3427.62,0
0.028509726,54.16600368,,46.06947451,191.459,3227.028,0
0.017514353,77.71585546,825.4174886,57.61326359,203.727,3064.031,0
0.01879867,76.70539901,799.8758471,47.43042956,211.252,2956,0
0.019337584,69.09910468,804.219881,55.63294335,210.653,2621.685,0
0.015215902,68.94771992,812.8957566,52.49016316,206.723,3435.082,0
,65.56191133,788.4534287,50.70333216,199.317,2909.296,0
0.020280023,88.3329414,767.5645884,54.76042114,198.336,3218.232,0
0.019235552,75.40053846,809.9434687,45.31239426,207.647,3428.618,0
0.023434665,77.66509893,740,48.03702913,182.839,4568.591,0
0.03080283,79.75904676,799.0142759,39.71587726,207.904,2431.405,0
0.031751301,70.56835503,824.7453307,52.21940698,188.413,3392.075,0
0.020315643,72.65404587,778.0484221,44.35346992,214.973,3107.598,0
0.027952905,60.17179658,779.6565932,55.65318892,195.633,3148.262,0
0.009765369,68.38036085,776.1775685,53.75303281,213.989,3413.413,0
0.024883776,,805.2827622,47.29559743,201.814,3326.855,0
0.00939796,,797.6458636,38.20010438,222.806,2505.504,0
0.030741302,66.94495771,807.4099059,48.29095107,202.499,2907.746,0
0.01421183,54.71121489,830.1349081,46.41683567,207.108,2888.274,0
0.028757449,72.03375336,812.2972564,54.43462505,186.231,3557.079,0
0.028577745,77.40956319,793.4959376,47.8601903,196.845,2947.391,0
0.039266304,69.8866855,768.0911644,58.55274025,169.633,3922.59,1
0.011758569,77.41521273,821.5444707,51.02072997,213.988,3507.412,0
0.02025106,67.43014823,789.3018378,49.52427421,212.009,2443.442,0
0.013816844,62.39918445,817.3673219,38.18728392,219.506,2583.768,0
0.020490297,88.32548882,778.9679713,39.04352966,212.342,2238.52,0
0.023689592,73.51043055,772.1599318,55.19379712,186.465,4455.803,0
0.021368851,51.12441166,789.7135408,37.54964691,214.548,2668.281,0
0.037213067,69.86645841,797.6227835,65.68776702,175.343,4481.098,1
0.019567014,,806.2196552,40.87427503,216.2,2878.607,0
0.028332409,84.62039896,835.1852165,44.89275402,192.603,3317.668,0
0.023739273,65.65274087,836.1366951,65.15052989,179.117,4993.08,0
0.019709836,74.79804296,795.3523441,50.05876612,213.323,2895.247,0
0.022990915,90.80494699,759.2664791,43.23412945,192.042,3658.984,0
0.028153734,,800.8076566,69.15536175,182.243,3133.648,0
0.028564142,64.94781014,815.3818214,,188.816,2774.653,0
0.021790265,86.13203243,813.9248113,43.03503131,203.544,2794.262,0
0.023157621,90.43084572,779.6767439,37.10403525,207.999,2694.468,0
0.035599562,83.59055584,,44.30510883,200.147,3058.2,0
0.024440942,,786.0666149,47.96803004,203.418,3017.975,0
0.030025505,64.89058816,774.6230296,55.15324011,189.136,3352.794,0
0.019060576,79.0280693,776.2901864,36.06941082,218.922,1954.943,0
0.029675298,65.02004265,804.6071429,54.98575051,191.876,3192.327,0
0.015364009,63.0419893,821.6354875,41.72801232,212.239,2986.89,0
0.017436484,63.33752473,815.7578022,39.44844132,219.328,2334.504,0
0.020513401,63.55601506,796.9179239,61.28041669,196.44,4137.622,0
,59.54597678,821.613958,38.18230197,196.904,2661.223,0
0.02309978,67.46524066,804.8310869,41.81359296,210.717,2543.787,0
0.024865438,80.72681345,797.3415125,35.51481649,212.932,2540.019,0
0.022304946,91.1228807,816.2062913,53.24884399,193.116,4144.759,0
,72.44750363,803.3556967,58.0416204,202.677,2478.849,0
0.016861941,,797.3474954,53.77538216,203.525,2932.769,0
0.012953543,68.10690465,780.7439792,50.11264996,211.981,3158.556,0
,69.03472846,792.7625187,45.70730716,210.688,2908.3,0
0.014015067,72.75099282,804.3473612,53.19841916,215.397,2495.782,0
0.031184438,60.79414194,795.3220869,50.4515459,192.468,3347.885,0
0.025027066,70.90931917,780.0387059,46.22083168,201.058,2965.161,0
0.026786742,67.82160092,789.822413,32.3503756,215.456,2555.758,0
0.018708407,77.32795819,798.4417844,45.84664621,210.555,3399.255,0
0.014021347,60.00275166,813.8640828,53.4240713,208.2,2931.569,0
0.027521794,69.32552164,797.0669042,42.49875299,201.894,2387.859,0
0.027702913,73.39144641,827.3470862,53.50101555,191.676,3161.482,0
0.027637609,56.18642922,822.6849652,39.78660183,198.076,2995.237,0
0.026966753,,837.819842,54.55109786,187.761,3687.36,0
0.029364662,87.10567474,773.7345704,45.70200077,206.691,2551.541,0
0.025309856,78.74253464,742.8883237,54.44787318,187.802,4166.662,0
0.012466967,81.91742444,789.2213495,,216.942,2584.9,0
0.025954954,87.91773094,800.3847066,,188.139,3694.389,0
0.015720627,83.02940865,783.9058314,65.14438531,195.836,3615.52,0
0.03021489,79.48216481,771.9959734,50.04631073,189.731,3739.033,0
0.015802409,73.18484483,827.4635495,46.28689125,208.11,3062.128,0
0.017204287,59.65271667,837.5782336,37.3827499,217.22,2741.601,0
0.018654216,73.28386592,798.225551,53.8357081,206.851,2787.168,0
0.034616723,58.97157329,793.2021785,39.89497368,202.018,2043.168,0
0.030863339,90.79801447,802.6260897,59.0875632,188.104,2602.74,0
0.018653643,78.31039787,804.0273905,56.90994585,205.185,3373.767,0
0.025308705,72.53294204,802.2112325,63.06236129,192.387,3804.106,0
0.020668059,89.08521512,812.4144071,49.48827552,209.231,2344.714,0
0.021967786,78.13646391,788.4714066,51.30896191,209.308,3598.009,0
0.015773817,71.42751027,804.1403872,52.36145742,208,2888.788,0
0.019012562,73.29013597,783.1088838,52.89227486,205.532,3456.153,0
0.019189545,85.79442048,,46.47120737,210.74,3213.971,0
0.024412727,66.9678254,,57.1717182,204.772,3637.015,0
0.015611722,58.49025904,794.1086544,43.79329501,212.233,2607.305,0
0.023650577,63.87475193,,50.23287717,194.721,4236.626,0
0.011548894,73.66029632,797.5932175,43.0900855,222.175,2712.72,0
0.020246385,81.22823343,812.8663674,52.69009652,202.023,3445.922,0
0.020467427,83.07274945,,45.78776307,210.979,2835.124,0
0.020676757,74.18182536,805.8966325,53.12872669,206.899,2826.162,0
0.016222853,82.97193154,746.0794995,45.75492288,200.157,3993.672,0
0.017050916,66.51016517,808.2941234,41.59618175,212.75,3281.231,0
0.015752869,94.11248335,740,45.9587276,193.933,4049.667,0
0.02667808,62.02780201,779.2505801,48.99021671,201.275,2503.706,0
0.020208927,79.90993139,773.6213893,51.46693326,201.145,3326.572,0
0.017095106,,745.2589105,58.98929645,182.964,4260.465,0
0.025353632,65.28495215,856.2264339,47.93703342,184.799,5017.307,0
0.005,67.81516018,793.2975136,48.84886985,223.778,2578.976,0
0.023286888,82.54255221,764.6438077,50.64504606,198.989,3492.531,0
0.029065499,80.76110198,766.7932076,56.88049378,187.334,3652.812,0
0.017656755,64.1544082,801.7215104,,210.465,2439.213,0
0.020454193,66.90973083,825.5995025,43.6841937,201.739,3178.138,0
0.024010037,56.79981474,814.3461849,66.55657294,193.295,3499.413,0
0.030173147,79.9481096,803.662246,35.4279543,207.419,2049.839,0
0.012893315,83.09491234,819.418987,47.2146437,209.147,2976.154,0
0.027676355,73.45676866,781.4361326,51.27646048,188.629,3609.89,0
0.019085797,70.93391868,798.6360506,61.15652083,204.211,3186.016,0
0.021685291,74.94216301,804.4170199,50.53670069,206.151,3574.987,0
0.013527358,72.84752682,770.0154772,54.19469309,199.627,4397.25,0
0.01206028,66.3084725,802.3690311,52.94973548,216.214,3113.459,0
0.025516298,52.03168434,842.4123441,43.6134839,199.19,5059.948,0
0.021804471,71.40876653,811.4585153,43.48901568,211.399,2675.816,0
0.019871464,71.59606233,797.9201219,64.37411247,195.155,3157.602,0
0.031213667,69.17071454,,60.02171345,190.018,3449.537,0
0.028989221,69.59080477,829.0244158,61.58523814,181.051,4518.804,1
0.025790529,57.93035997,860,47.39146278,180.693,4107.718,0
0.032076898,85.00445526,810.1530327,48.41309488,188.281,3197.904,0
0.028023916,69.30521116,759.8303944,62.07121051,176.645,4086.342,1
0.021339996,87.67183943,830.6177489,52.56765679,203.582,3712.832,0
0.020471445,53.63559867,815.3620478,41.0252583,204.756,3122.424,0
0.024106442,70.23075065,766.8949959,48.40054148,203.597,2031.048,0
0.024421301,61.96221922,832.3256397,41.74722935,207.417,2805.408,0
0.022219064,66.73060933,837.2341001,38.91064321,204.533,2738.681,0
0.032596109,56.78914493,825.045001,37.44030781,196.041,2644.878,0
0.034178884,76.14378669,817.8153134,41.49730782,193.226,3366.076,0
0.028325073,68.21472387,804.1929623,49.64686844,191.021,3684.504,0
0.025784995,74.72024819,793.048048,58.20435379,205.575,3149.784,0
0.026881238,67.7494134,788.9430947,57.95155414,200.368,3535.611,0
0.018395792,77.55968217,824.4204605,57.35434887,200.199,3156.672,0
0.037234069,93.80899571,786.0298692,,172.012,3241.302,0
0.013143213,64.7433022,823.360965,40.7377285,227.537,2206.929,0
0.024102871,56.54348284,793.4244658,69.75173189,180.638,4925.261,1
0.02919212,59.83941633,785.1034814,48.5002181,193.456,3232.62,0
0.020619761,83.28777421,767.7143496,49.57358678,194.874,3271.244,0
0.010367345,70.06651195,836.6471301,45.51876238,209.702,3491.742,0
0.020213749,,777.5150351,41.98589045,213.321,2195.541,0
0.026264863,73.42460344,807.7796167,36.36924171,216.306,1670.351,0
0.02396989,71.72838876,819.8022328,48.23702584,203.501,2605.973,0
0.024962768,57.58949633,796.7192176,51.77999303,204.476,2702.16,0
0.031027506,,811.7241258,51.06193183,192.47,3908.029,0
0.022315669,63.10149626,810.5284171,48.23753232,199.493,2881.62,0
