d50,metal_impurity,lithium_input,additive_ratio,process_time,sintering_temp,humidity,tank_pressure,quality_defect
4.328615268,0.019364947,2.249778187,0.134978205,78.06733304,774.1319963,34.39171849,102.8216941,0
5.160850094,0.023586925,1.927030343,0.152675093,67.38949016,823.3179863,59.01792966,100.1980921,0
3.901391439,0.026898645,2.436147735,0.146454705,70.5624418,793.9558667,59.78033071,97.95721137,0
4.087618136,0.025266738,2.075806211,0.142877573,72.10861072,817.2564186,46.74867987,106.4249428,0
4.544215922,0.03141682,2.608867554,0.153431543,79.40350169,786.0523334,55.94603337,101.9517784,0
4.432371444,0.019992793,2.613032682,0.150891194,58.08007416,797.1311293,50.54063256,102.0367407,0
4.739928597,0.032942252,2.074391987,0.157682784,75.00580085,782.1048611,43.07335107,104.4848239,0
4.368459421,0.020545271,2.132242198,0.156579759,60.19573176,796.4269791,46.30118566,98.95382478,0
4.944041405,0.020458136,2.642667802,0.149585397,66.73667497,805.8026143,46.58197883,102.0714561,0
4.79848665,0.026014536,2.651797438,0.143305977,77.15112242,799.3947148,53.89577985,96.41248106,0
4.047198475,0.032151039,2.245668388,0.133528875,67.61156327,783.7641939,,99.76084537,0
5.079289134,0.017864865,1.931845984,0.138663823,69.92186708,778.6927964,55.90012455,98.93120809,0
3.977156558,0.021325147,2.354557799,0.133539421,82.05553127,756.9751043,45.24680035,100.7132068,0
4.423255838,0.019280449,3.022514886,0.150199967,64.44081912,844.8020577,51.43420508,96.92950752,0
3.927203938,0.024656913,2.948627068,0.134233139,79.64983873,772.4161265,46.88152157,97.22027218,0
5.033092355,0.023836402,1.862475547,0.152144094,58.74271833,776.0531131,,105.9901927,0
5.266740758,0.028021203,2.686899331,0.149570486,69.75753599,776.7083927,58.52784185,99.57762734,0
4.908885599,0.019659941,1.440571569,0.143007044,67.445871,785.140298,57.86191609,100.3908236,0
3.399603355,0.020147029,2.125721275,0.15184951,77.86439823,782.5480941,57.4525841,,0
,0.029937138,3.025268862,0.163790913,74.75555539,788.9639669,51.38070334,96.16618728,0
3.998760901,0.025416907,2.717095249,0.16335756,64.0953372,787.0546592,53.43005151,103.3188661,0
3.626097998,0.02893451,,0.136929543,62.55555125,844.5722149,61.69155434,98.85043804,0
4.654713018,0.03124611,1.720936596,0.154439388,72.95857453,795.9486049,50.72467926,104.2224456,0
5.017107726,0.027955186,2.476297634,0.148306315,76.81206047,777.2930451,39.38885826,102.7477076,0
4.175714193,0.024056034,2.615677191,0.150424968,56.54717115,812.0147088,48.20912946,97.91217216,0
4.152316778,0.016438588,1.586303248,0.13336558,55.00445901,856.2059628,47.70093311,97.44026995,0
5.233692103,0.039525009,3.05435374,0.142705606,76.35328396,785.2206484,41.50068471,99.51200224,0
5.278203183,0.036167379,2.628134724,0.177050672,54.36639706,838.4855201,64.69530823,96.70964326,1
3.553427804,0.025922399,2.552677164,0.144238439,72.24277156,760.1350742,53.4781286,102.3320127,0
4.652455291,0.02545379,2.82631245,0.149554293,70.55600564,805.526256,58.10172654,101.4146156,0
4.698587765,0.027905703,2.296379061,0.151858466,63.95221187,790.6463615,62.58683922,106.2795049,0
4.340167905,0.035546983,3.026566011,0.136895693,69.80277491,813.6204999,53.63536271,102.7823154,0
4.61394921,0.026414847,2.522691789,0.122333416,73.67086666,800.3900819,61.77193578,100.4576875,0
4.902392071,0.023675994,2.269079098,0.15663828,84.67500569,763.0436381,37.72910876,105.1820506,0
4.542392641,0.013120013,2.825819114,0.152390867,64.63952082,832.9590058,59.41929511,105.1969348,0
4.534589977,0.028625603,2.709821927,0.155823503,77.51736549,818.0596636,40.57357102,102.9687518,0
3.583736032,0.025833387,3.586740964,0.142817202,69.86751766,824.0960717,40.62394246,99.79914048,0
5.02542883,0.027901302,3.163679,0.15955312,60.00147691,768.0174311,52.49607577,97.98657917,0
4.39246642,0.022238642,1.373900618,0.153909063,76.51237363,829.5366496,45.2711726,93.81028517,0
4.042001372,0.018390769,2.270320717,0.150344009,71.79206001,775.9684847,51.86302416,103.2054147,0
4.550883219,0.021870782,1.87762649,0.162814555,64.9462965,796.1558893,48.99992776,,0
4.377338732,0.006489181,2.721364317,0.153541165,70.86287142,797.3106826,56.73456054,102.5703819,0
3.502648736,0.030504213,1.951849539,0.135483528,71.30980002,779.2808551,37.18192367,103.9286521,0
4.175090543,0.029626479,3.19243241,0.14328224,73.55873463,815.6789384,50.43482868,93.06968969,0
3.971117445,0.017493261,2.554180709,0.149967761,68.28494972,799.0962339,48.56310869,97.88598021,0
4.517258325,0.02983356,1.440774444,0.133178146,69.38910469,787.9189758,39.62822138,94.02081889,0
4.770049311,0.017686208,2.107280885,0.161535859,66.24097585,792.1277674,49.44689652,103.9830584,0
5.261959615,0.024202108,2.76288222,0.134178185,73.22827594,766.9280567,63.76615865,102.4107551,0
4.609093198,0.021863245,1.933569582,,87.73359943,768.4923113,45.72879809,98.18499786,0
4.242877979,0.0183067,1.883684176,0.158672224,75.04259681,823.3191151,38.18513747,98.97164155,0
4.515105671,0.008656547,2.084713105,0.149601906,65.08215359,795.1111918,50.55504908,106.2309416,0
4.166101341,0.030549315,2.67771649,0.136826159,68.1745785,802.2689248,33.41613251,95.23129752,0
3.675476465,0.019373476,2.561132195,0.149853256,77.37328275,775.4038599,47.7250893,98.77876529,0
5.184277148,0.007343744,1.677583135,0.148915202,71.66178475,799.3209167,61.46571605,,0
5.001708439,,2.739279138,0.151665314,71.14744402,815.308221,58.68229604,101.9967557,0
4.234977575,,2.913062522,0.161638622,81.85038116,752.1294881,38.03951336,94.02756401,0
6.178882218,0.017786739,1.068958924,0.152650802,74.49324056,784.599312,45.52342171,101.3046528,0
4.70906609,0.014919661,2.88163457,0.156978154,,802.4160802,44.49302174,102.0049781,0
3.80056446,0.015245005,2.037961437,0.149314858,81.4430848,818.3705348,61.64036461,98.67239286,0
5.180245796,,2.687782048,0.142612287,63.0323525,756.6632129,55.09976722,95.30272278,0
5.338039913,0.021756674,2.468396418,0.146408151,72.93476492,768.6557305,47.97297945,99.46232012,0
4.306521453,0.022341893,2.187347284,0.147129058,65.28674016,797.1691033,66.28058642,,0
5.241026949,0.020397955,2.812037748,0.140344647,82.36576427,792.2827143,50.40913647,101.0028854,0
5.135573431,0.026963893,2.14268967,0.150620358,68.91883083,813.9701725,49.45615795,95.65561822,0
3.606624452,0.026669808,2.504898491,0.136436523,57.27145142,810.3521419,30.72062427,101.090363,0
,0.027438345,2.903100318,0.135776257,90.04488958,801.7903115,62.88892919,100.7063451,0
5.003836783,0.024540903,2.864610106,0.130250379,72.16902466,783.0680959,51.93327776,102.4378039,0
4.816858512,0.018683909,2.460562057,0.131144027,71.40047864,772.1830216,53.58479491,102.2887794,0
5.39421109,0.031091713,2.6182379,0.150416445,76.14547352,829.8497573,55.71056109,96.15209605,0
4.915923198,0.021327262,3.170901022,0.143883617,64.67255762,790.6927405,45.73238122,101.4134089,0
3.473637424,0.02703827,,0.145137771,47.43706067,836.4939449,47.51612819,94.18948588,0
4.511312001,0.020837507,2.184296911,0.144626748,86.20676842,778.0742705,51.37568266,106.1580549,0
4.562337263,0.011380859,1.970048104,0.136962593,76.52596532,796.5321824,63.34310089,99.4774818,0
4.705482334,0.027271264,2.517146278,0.138975769,62.61571744,823.7418423,49.85949739,94.92411205,0
5.274298474,0.029994732,2.47670104,0.150723698,61.67909661,791.1337399,56.27875229,92.30576697,0
4.393882573,0.018954293,2.534930952,0.156167759,60.80476971,860,48.66457656,101.1631094,0
4.577841697,0.018321654,2.293043749,0.143752263,74.28166029,786.6567742,46.32927605,104.4951233,0
5.832946095,0.029132728,2.739433667,0.138848439,83.82326115,798.8820169,42.29089245,93.03893196,0
5.092456593,0.019291977,2.023600933,0.15358549,75.74324397,808.0582534,42.71540093,97.07212355,0
4.282403775,0.021029585,2.721533251,0.132365221,77.85296826,773.7380728,40.27287261,99.36792996,0
4.76027828,0.035115498,3.47268782,0.162611789,67.59608463,834.1050048,42.61690846,95.51008393,0
4.995520005,0.022984003,2.527432094,0.150781437,72.67931208,820.2828036,48.49863207,101.6462165,0
5.103588624,0.018129914,2.143343236,0.129401646,93.3928106,767.1084979,41.83501584,103.5631753,0
4.000001341,0.019772484,3.493781425,0.137849321,83.907891,817.8076535,47.60588237,100.0343539,0
4.965718722,0.01725565,2.486286806,0.154353711,68.94560151,826.6390626,59.99732214,,0
5.277761424,0.020998245,3.145235513,0.165289953,72.69113077,805.354894,63.45453295,96.16047713,0
4.169540189,0.030155654,2.907309692,0.134973479,70.09138972,803.029053,50.48308743,101.1909739,0
4.213241708,0.023319766,2.355878291,0.137175728,68.08729647,789.6015485,48.37668812,100.1326371,0
4.359503441,0.029146271,3.516386937,0.158592237,69.30654499,808.5910165,57.96561109,99.63194609,0
5.081168061,0.027451811,1.959653029,0.146677713,67.81463487,802.5300767,58.7998372,103.8619933,0
4.566488354,0.024408511,2.274936917,0.151114528,77.52554434,791.6093114,44.97547133,98.48812678,0
5.173337549,,1.952356759,,75.7170494,790.5561408,33.06676441,96.51376146,0
3.863769195,0.025186371,2.108570141,0.144201935,87.17491688,740,40.97775388,104.6843146,0
3.617174092,0.026234573,2.600605079,0.16553691,59.08632536,839.6070412,50.28461182,,0
2.630396451,0.023812364,3.061247353,0.143102498,,817.9280995,47.1053397,102.9069936,0
4.476878789,0.02808109,1.879316382,0.138179806,69.2115229,806.0807931,55.33258135,94.1890992,0
4.766566748,0.030042926,3.108006836,0.147534127,60.68385245,802.7043739,45.32100692,98.77916875,0
4.293362813,0.034743712,3.249710373,0.146965799,87.14683218,764.3549108,48.23226146,99.96304212,0
5.285902523,0.041003692,2.132335556,0.143686606,71.92302772,751.6425422,59.95957903,100.86675,1
5.095639242,0.027608451,2.212368713,0.141239827,,798.4368891,58.39471688,99.06476101,0
4.264369159,0.025797487,2.485816547,0.168602982,64.6895932,783.9061164,45.02234044,104.7648283,0
5.020709079,0.01672271,2.712265757,0.157874051,84.92803593,805.0296882,45.0226584,101.6667463,0
3.750172705,0.026459358,2.570580954,0.142285508,95.56414524,788.1942796,50.95380689,97.39898423,0
4.157041933,0.016296145,2.991628093,0.159653075,75.30605398,799.6420469,53.58659253,100.01805,0
5.106628214,0.016728868,2.291021516,0.15686394,78.80830164,815.3020434,51.69287786,,0
4.912825921,0.037890136,3.777876097,0.130765366,71.96680673,813.7038839,28,101.1486572,0
5.088003148,0.019466289,3.198764643,0.152080362,62.53814363,830.0177818,49.98464117,106.7287609,0
4.581916738,0.031246637,3.039507405,0.157243578,70.81234941,795.2381103,44.06246325,99.23250379,0
4.288886531,0.035693244,2.439142072,0.143876631,,818.9944187,58.83743372,96.8752371,0
5.463027803,0.018545961,2.319793982,0.133957309,68.75047553,800.4004665,55.05585187,101.1231594,0
3.978188172,0.010875739,2.04753415,0.151527202,61.68360629,832.1107522,49.12212655,103.9444236,0
4.09598522,0.026448149,2.890035457,0.148029933,75.87638646,808.332457,,98.7565808,0
4.057759941,0.03532198,2.647769214,0.131449047,63.95997366,793.2291415,45.99404205,104.3269144,0
4.722340925,0.017912122,2.45482935,0.152098285,63.67515661,763.03865,52.52838297,101.0196261,0
5.842897883,0.026240314,2.343566277,0.15002775,74.22262322,807.655266,59.50107514,103.1365968,0
4.482450443,0.022712722,3.023996278,0.138452082,68.29245388,830.2109437,55.41921095,,0
4.916589543,0.032412788,2.315558244,0.152375122,77.30615506,779.4438308,42.35499866,101.6277834,0
2.838767669,0.014049587,,0.149183479,81.39569661,769.5201433,53.28937534,100.4495272,0
4.796706857,0.021096027,3.206551266,0.152550237,63.23107112,822.1531454,41.42429958,99.81924446,0
4.879612061,0.020199505,4,0.161190132,70.6858037,786.9302978,51.81428837,97.26136604,0
4.242900893,0.027844092,1.890335795,0.143916668,65.19834775,774.8933904,50.8831658,100.1857495,0
4.56935284,0.018524851,2.884493667,0.141439451,84.5101013,810.2634312,51.44291154,102.3847968,0
4.186757039,0.022730523,1.715305775,0.153196606,66.41189463,835.496198,54.78677638,101.8422975,0
4.940581773,0.020508639,2.098551213,0.136477512,62.8846092,828.2288695,47.82660493,104.4621949,0
3.884274284,0.025410772,,0.148031086,73.46133468,789.2185659,53.60253822,97.03411855,0
4.405919574,0.025698467,2.454936851,0.139057926,55.38328635,826.6077287,33.22039234,99.26831167,0
4.9546826,0.016055997,3.019632602,0.148037963,50.57148112,793.4045849,49.28962842,100.1116835,0
4.637612806,0.015697262,2.558500096,0.158190437,72.83693912,802.9216245,46.9260327,101.4192616,0
4.557620474,0.031066787,1.454702882,0.162729536,68.87790948,768.2622574,50.01071877,100.3318394,0
4.773362135,0.024196334,3.653545544,0.172574241,,788.902119,43.11326657,97.0445259,0
5.091844718,0.02800715,2.304310021,0.131997942,86.87177627,762.9260344,49.32119575,97.00644405,0
4.195288806,0.02545927,1.733729696,0.147893613,80.14168781,768.3711792,55.06286332,97.59936491,0
4.370200955,0.007133156,2.51826378,0.155501218,83.10133403,825.0453701,47.94676707,103.0225323,0
5.151671997,0.030191516,2.877489807,0.152202267,57.6822276,821.2276737,46.11044695,96.0323766,0
5.385023251,0.012451849,1.557522722,0.143109225,74.84222284,771.7655187,57.09407244,100.8925332,0
5.147861653,0.030485156,3.779449606,0.147555638,87.49684042,768.6680269,,96.41392308,1
5.228783676,0.022481756,2.043986393,0.153661878,62.3650849,794.7598287,54.47632296,98.27005812,0
4.630719841,0.021426749,3.297691518,0.154181907,76.13392553,824.9164276,,100.079756,0
3.362262807,0.019094063,2.041069038,0.129923031,67.92530843,766.8693266,46.70280497,100.2039599,0
3.718645061,0.022533277,2.370860366,0.155744947,86.81833045,808.4255696,44.97212216,97.82382543,0
,0.023386534,1.927412028,0.146845011,74.67670136,811.4369458,49.6035293,98.65852703,0
3.868658289,0.016037998,1.946056772,0.141763993,57.55809663,823.0209087,52.98441855,98.87516593,0
4.530583745,0.017260284,2.056835317,0.155958387,74.89715009,799.0911788,33.88717924,93.48815377,0
4.361111169,0.028957405,1.507477368,0.144054271,58.50744022,844.8232146,46.48756872,100.5091196,0
5.447025491,0.027556487,3.142533493,0.127155978,80.75855646,797.1588521,50.42785301,97.10394642,0
5.847155333,0.013753003,2.276926603,0.136199992,75.90390542,769.9121099,47.2198127,91.66601716,0
4.180355687,0.028467303,2.338105063,0.159904136,55.54536724,829.7233603,38.11955617,101.1281331,0
5.587995869,,2.359952066,0.146761907,60.6728513,777.933386,37.28881949,100.8788015,0
4.141917314,0.009765235,3.197657095,0.15457888,68.90585945,802.5004673,53.74842223,105.5784844,0
4.274791075,0.03009791,2.472427024,0.151268435,73.45343409,822.0707136,68.47875538,96.90280894,1
4.71860131,0.032670376,2.881375138,0.152661777,65.24056087,804.3214953,65.30363846,101.0578816,1
4.406205381,0.017362778,2.264315461,0.144203135,69.01126003,776.1779575,56.8960004,94.80037269,0
3.686950439,0.032320837,3.078978495,0.131947288,66.77489311,824.9050175,53.2388407,102.4873632,1
4.381589109,0.01673876,1.877205535,0.144825614,60.85691197,781.0105289,28,103.6781017,0
4.122075866,0.024577981,2.198140629,0.162773936,82.40587426,784.2698768,44.62470381,97.25252957,0
,0.026423888,2.468228903,0.159825307,66.49679671,809.4697996,38.72144457,101.7266395,0
5.114571156,0.02446675,2.268436101,0.153131998,78.30371321,846.0468218,49.92964248,101.9552444,0
3.815979063,0.028496496,2.83890108,0.15771139,60.77080247,825.0003172,57.96392226,106.6878208,0
4.325241596,0.020118581,2.636798826,0.157211507,65.46426994,839.404794,56.5954165,,0
4.829968193,0.045952853,2.198763454,0.143600123,72.01991994,764.3906487,49.33240973,100.7108458,1
4.935589489,0.021243876,3.774086299,0.150900404,77.11422817,829.0190041,48.84777872,104.3161164,0
4.823203932,0.02174087,2.266400919,0.162671813,86.20587005,826.0876242,46.83804684,99.6843276,0
3.709699678,0.014402146,2.439654957,0.15259706,69.56443688,807.91294,43.16992622,97.82616685,0
5.307866087,0.043591642,2.469791192,0.147865842,81.57385805,767.9684401,59.00035137,100.3284561,1
3.16035706,0.025611036,2.687543565,0.153633131,84.46731942,,53.59982673,105.117558,0
5.156226678,0.031545097,3.024588068,0.141837069,62.31328895,809.1624061,51.42992771,100.9851039,0
4.463869767,0.02475683,2.195902904,0.136185209,76.95846441,768.4225513,55.69581618,96.54974352,0
4.212290975,0.020709932,2.348698431,0.167975142,73.9140618,796.6189848,49.65493128,,0
4.215630735,0.034517208,3.051895351,0.161120253,76.84410732,740,44.2809875,100.6308739,0
5.962703563,0.025775794,2.519079308,0.159985198,62.77852014,764.7670903,58.63103231,98.72661187,0
4.349579708,0.015361292,,0.138405722,61.0548543,782.3063731,66.07004309,96.50551571,0
3.776669119,0.020493525,2.099861282,0.161638503,,769.2618002,49.16033475,100.7108662,0
4.315667849,0.038588296,2.67181697,0.144345304,65.85146517,799.167931,45.34622921,97.82697244,0
4.172668877,0.029867852,2.193812,0.139834249,61.19307406,803.2188108,51.1193945,98.82388061,0
5.427577831,0.018531429,2.325376863,0.145800642,70.73530428,803.144232,50.20102969,95.2387051,0
5.349098018,0.019099243,2.053163832,0.15989622,74.60540773,808.4459404,52.76581264,93.35743789,0
4.599611644,0.042849485,2.969528723,0.143444722,76.75118949,746.6119313,42.12004058,102.8282974,1
4.713699204,,1.987129831,0.163777682,68.92332701,806.9804293,51.90880633,100.9625489,0
3.724344111,0.026657378,2.552136798,0.14995263,80.54368057,765.3275444,54.06463284,104.0743633,0
4.781283959,0.031440879,1.907626337,0.177142446,73.97727719,803.7433413,54.25703499,97.96578541,0
4.10200464,0.030247738,1.463602829,0.159320523,79.816018,823.6237045,51.53936894,103.5265197,1
3.707794349,0.023703228,3.164709598,0.150830686,71.96309804,749.7859849,49.86369689,100.4378149,0
4.516710128,0.038582481,2.597915185,0.15448394,,796.5762954,30.68713719,101.509146,0
4.112690905,0.029470999,2.646891801,0.15336297,72.107865,792.9606151,60.18306215,98.48019191,0
4.063201403,0.020378131,2.176365877,0.136998644,94.23916076,789.4836395,69.0956144,100.3858648,0
4.81748266,0.031064039,1.99387712,0.147106796,71.03721781,806.526006,44.41055651,100.8458676,1
4.726972618,0.025283752,1.642589923,0.145193996,78.68093393,752.2131645,44.19187922,101.0935751,0
4.079951824,0.016663462,2.528131054,0.146586045,73.98464649,779.2426245,51.98358049,98.38505139,0
5.494008757,,2.434245242,0.171746066,76.97763652,791.9776705,46.27385468,101.230636,0
4.811916558,0.035458356,3.482770919,0.143465617,76.21296579,817.5120804,65.2232597,100.7104784,1
4.723388011,0.023108498,2.067169427,0.149265967,86.116131,745.7260628,41.89852919,99.66049477,1
5.361310284,0.03114639,3.072186616,0.159273548,59.43022173,808.1068148,65.38356955,98.01189577,1
4.704360057,0.026779409,2.371859122,0.133580213,76.41528708,,48.28499912,99.90750246,0
4.747931994,0.029203838,2.04204558,0.153065832,81.50539877,792.7290566,61.81914932,98.83410046,0
4.632397195,0.029572219,2.482890255,,66.77736899,798.3841234,43.80391951,102.6785674,0
4.330387817,0.015147041,1.375844591,0.136237997,56.12341851,826.1415004,50.56335302,96.9078489,0
5.335223316,0.032595626,2.828492721,0.17609569,73.43638277,798.0628665,42.6579717,102.5263809,0
3.506316287,,2.847442316,0.13678569,67.87393479,834.5268909,51.68533502,95.95959235,0
6.192992955,0.018935809,2.328990471,0.13207987,84.48202277,794.2743519,58.87335849,103.6386511,0
4.584266444,0.026286343,2.569661017,0.144726946,67.08408638,797.5939088,47.39441512,94.44351443,0
4.515581593,0.023538731,2.768755731,0.128790841,68.7254889,809.0798134,50.73883231,98.77105321,0
3.782235737,0.0367484,3.118325158,0.149701769,89.84827387,769.3584548,49.94306516,100.8214115,1
4.068090843,0.039322607,,0.154445584,77.38572915,804.2457365,59.77382933,102.3077086,0
3.591957123,0.023392292,2.718818665,0.136826724,81.44717076,790.2522534,50.45928057,102.2418162,0
4.610171013,0.012093215,2.205414699,0.148109855,66.23023088,773.3454342,45.3014339,97.29792345,0
5.545340887,0.029039723,3.006255778,0.141584573,70.22240341,796.4053251,55.29102552,98.84634967,0
3.973801674,0.022011915,2.772643178,0.134030379,71.55142517,770.3298818,53.14701496,103.1312302,0
4.01496836,0.022104543,2.513597716,0.144292218,74.33022462,818.3811072,55.42819161,99.37290323,0
4.722212405,0.023461559,3.362997109,0.166089145,72.48834528,752.292946,55.83863031,94.51481407,0
3.588323722,0.022566112,2.523839715,0.137364403,67.36756584,768.3667425,52.13388934,93.97632085,0
3.994600987,0.037031251,2.449852819,0.142184061,80.11537508,790.3703128,47.86869173,93.53193087,0
5.089194001,0.023330774,1.717972942,0.15419105,76.26673369,789.0706518,48.95979151,,0
4.879806103,0.02296194,3.178668291,0.118828401,53.14334933,765.5086913,54.41487017,101.5294621,0
4.127759348,0.026951663,3.424869723,0.128784955,74.06338154,792.6977331,58.21524597,96.71878881,0
5.076771637,0.02312466,,0.143964079,86.15834294,797.5419766,36.24671093,102.1972834,0
3.974263699,0.029880397,2.980002147,0.135253816,65.94601367,781.8156503,43.58704927,97.96817745,0
5.037064655,0.027828604,2.809149555,0.168009631,86.58972457,766.4671372,43.03027142,97.27269133,0
4.989592855,0.032149738,2.711472541,0.145136339,71.25109225,806.7641587,40.37842731,102.7241885,0
4.697499794,0.0298877,,0.147113861,77.83290568,806.5024824,51.907107,101.4552816,0
4.587582005,0.013838898,1.911622609,0.129068288,79.30731357,824.5986751,56.15885514,95.97893138,0
4.547471157,0.022953386,2.550709102,0.145101244,72.20767681,777.5540688,43.71218714,99.24381155,0
5.295030927,0.019307655,2.412761952,0.148878676,70.66980555,812.3556837,57.72136394,100.6949813,0
4.820778074,0.032669835,,0.150518544,61.3882177,860,53.47207859,98.00236687,1
5.107182832,0.020652617,2.254452598,0.154587974,71.36890549,847.0812504,64.21746272,96.20637402,1
4.756099105,0.02026988,2.315737721,0.140100136,76.52430425,785.4429167,,101.4298089,0
5.413856191,0.040292575,3.351658662,0.161082466,71.2047867,821.0071182,46.17533554,100.6162316,0
4.089934629,0.022423359,2.970911357,0.150945928,69.93815652,824.5413062,42.05041698,102.9896647,0
5.157411676,,2.529994133,0.149022567,86.13241518,782.6023722,53.98338347,,0
,0.02468139,2.167477484,0.129897867,45.26395767,843.1144768,46.05712185,101.7493244,0
3.549464773,0.022084429,2.342721738,0.157645507,72.70526393,813.1680382,48.61703134,99.0729329,0
5.083917274,0.034876332,3.255077009,0.1351387,82.67887452,771.8686435,50.45197354,99.2153143,0
5.108019709,0.018461051,2.595824845,0.158224072,68.4996958,807.0070044,51.2675844,96.53897525,0
4.703465726,0.022523333,2.454349342,0.15618764,72.56689401,820.7923642,51.0549905,101.888212,0
5.05265275,0.012213676,2.14629587,0.140861805,83.93491438,758.8754438,36.28411284,100.7699762,0
3.610097217,0.024293506,3.097282237,0.15296343,80.76277281,781.319326,53.12363946,100.6341594,0
4.636181098,0.023221174,2.472334835,0.153551457,67.38493775,789.7559783,56.18031846,100.6452944,0
4.584083431,0.011601957,1.67640735,0.158684621,82.56655722,837.287291,53.37831215,98.42868166,0
4.374293487,0.02033169,3.03431202,0.151190948,77.41932598,782.2393889,56.7704325,100.7468017,0
2.963769125,0.029514323,2.663427787,0.157365694,69.73837652,809.9126766,42.45856068,97.91720871,0
4.215215397,0.033415547,2.660595611,0.151325323,81.7370734,792.2638631,54.80767428,100.6728919,0
4.93141748,0.005,2.885501327,0.160472114,70.21015342,756.2513561,54.83994701,101.9002646,1
4.761285019,0.029613969,2.933694642,0.151350424,80.75923362,789.380222,40.26717028,99.10104081,0
4.176785815,,1.128089321,0.137976243,74.85002105,792.5773878,35.10012198,100.7032933,0
5.102245864,0.020860373,2.299018768,0.138008551,58.01836369,843.7693409,42.5514121,102.1782951,0
4.408647046,0.024764588,2.612040402,0.146231408,74.99900569,808.9086411,45.68371854,97.55982876,0
4.348376136,0.017290144,2.640268771,0.155903935,82.00030626,809.0401006,46.52639653,101.8325347,0
4.980426165,0.023528541,2.524939981,0.13314438,67.95496202,789.3347106,44.80589664,99.70577929,0
5.148442596,0.02150198,2.496943284,0.169858638,82.6200061,784.3269408,54.63425577,100.4527646,1
5.015291244,0.033002837,2.572264564,0.147098076,58.73140284,828.1641401,49.68720863,96.86816779,0
4.751500364,0.022185679,1.89946448,0.13217833,82.02449213,770.5948722,45.03585103,101.4768907,0
4.898076158,0.01886944,2.343503791,0.136175494,73.89064081,801.7797716,58.27028934,92.85619798,0
4.223240471,0.024760537,3.053563318,0.152776107,92.70012871,759.8431854,48.44016091,100.4146154,0
5.786831858,0.021180714,2.37886017,0.157083933,59.64833498,746.9790178,55.05019784,96.72865824,1
3.355072468,0.033532227,3.356037389,0.159049405,78.39400991,795.3098078,50.10684473,103.7057422,0
3.891093134,0.013410449,2.504258252,0.159414808,52.97127927,840.6974446,53.57329212,95.25898205,0
4.047239999,0.032006932,2.50902515,0.143097778,45,813.4642846,47.55104761,98.47779827,1
4.042211687,0.00984736,2.011763028,0.150614204,77.07973747,793.8492271,60.32823244,100.0401274,0
4.241582145,0.023210776,2.272612844,0.170343862,70.48374324,816.1684134,53.23985855,99.13514363,0
4.009740622,0.036172862,3.476674819,0.162699372,77.0424827,814.4881974,32.24420593,101.5501085,0
5.236690003,0.020487602,2.776914706,0.175674359,75.45667205,820.3134462,50.67729025,98.52537752,0
3.382844573,0.035922084,3.240033822,0.138301996,69.85611345,786.2367689,56.49388568,99.4342416,1
4.012719898,0.030309359,1.567841184,0.136148154,67.95237749,815.5213663,,99.88825224,0
3.606369585,0.005,2.692600761,0.152803343,67.97522035,853.3692619,47.18187972,,0
5.161020615,0.01267028,2.698180322,0.146852221,,776.8042221,48.09250919,96.69801621,0
4.088147461,0.030555129,1.998754639,0.155903406,74.51605439,778.2737872,47.81036803,99.7398859,0
4.795895854,0.017249514,2.464316865,0.128391544,75.37939112,743.2987182,49.64003834,103.3692839,0
4.95734075,0.028370948,2.530091491,0.153887033,85.60529984,790.1472391,44.846334,99.45010733,0
4.615634332,0.035304727,2.968664655,0.124278045,,769.372234,47.16329962,100.8721995,0
5.809623225,0.015253358,2.264981349,0.141679142,70.71785567,740,44.04013649,104.0702895,0
4.332711618,0.028916423,2.486342033,0.169068847,60.45332898,831.5941657,59.07031418,100.3028104,0
,0.033873865,2.583507783,0.138419884,65.82002791,825.0456108,48.05904762,100.3074171,0
4.656710994,0.009376248,3.102124163,0.156193431,69.55185406,796.0797865,55.91754007,97.08514368,0
3.880603023,0.028718849,2.577416117,0.139724158,66.40301691,818.100962,54.32904671,98.79051197,0
4.985385652,0.039655527,2.866338092,0.146453892,82.01737194,752.1423685,39.49465825,96.2217608,0
4.915501781,,2.347271335,0.143667673,65.21831486,835.4893948,46.31178976,100.0483882,0
4.485568201,0.026753459,2.139331538,0.16616527,88.13795317,761.3703577,47.75945098,102.2864477,0
4.419534745,0.019809699,2.71634398,0.147977498,69.24470879,787.650151,61.02188989,102.5438762,0
4.891331704,0.006559771,2.033375591,0.142519271,66.77310335,830.2842714,32.45965207,99.63374834,0
4.030937974,0.013389525,2.314645221,0.151587961,66.84202363,805.5732436,62.17360362,102.758271,0
3.831173633,0.013278379,2.642372278,0.148109829,73.25014749,812.3541453,45.30787479,100.37122,0
4.428374728,0.025469204,2.560663159,0.154823925,56.91559987,831.3140771,65.14439108,94.59856392,1
5.10215805,0.016430875,2.620669108,0.14625032,59.06960789,811.2516901,51.16411844,100.7340458,0
4.204457324,0.021597742,2.299596657,0.155874827,64.83318603,806.0229438,47.43567697,101.2231851,0
3.411866399,0.030520874,1.647089059,0.143663725,86.8249247,769.9089311,49.13413329,94.96266872,0
5.497466767,0.010339143,2.364224498,0.148460581,74.42397573,841.2220446,52.87165153,104.470373,0
5.005977126,0.018783748,2.532141713,0.170729918,78.07097715,825.1349093,53.75488528,94.57114909,0
4.557560293,0.032811371,2.502552966,0.161723423,74.14738032,821.6272659,60.13043646,97.10867444,1
3.916947346,0.015845075,2.312274118,0.151094128,64.32173136,797.5768858,61.28129596,100.2481546,0
4.328970258,0.041192532,2.517657396,0.150868911,72.05516254,829.4425873,59.9030695,97.53189393,1
3.931771546,0.02375998,2.358579185,0.138071532,76.89352881,809.9849169,42.82005623,103.5368637,0
5.593543586,0.027302957,2.731139507,0.141210207,70.68277067,830.1788196,35.14551678,98.82332196,0
3.287461861,0.028390648,2.715502914,0.142479753,84.00411707,805.2237614,51.69168122,104.6120727,0
5.026760312,0.018463231,2.825648307,0.148053229,78.50880994,816.336881,49.55451958,97.04127967,0
4.650614841,0.031409092,2.424064176,0.138306014,74.51260708,834.268055,49.2967481,101.7659205,0
3.564848301,0.016725057,2.794072234,0.129021855,71.55577384,777.666276,41.54090604,107.1780302,0
5.092544988,0.032253379,2.646755081,0.137916911,68.23478798,800.556988,53.59852261,99.46017974,0
4.825446962,0.023106961,2.873277811,0.141442565,78.48928951,822.90587,49.84078663,99.18587052,0
4.262177543,0.020008339,2.502013384,0.130265855,80.09735448,812.6493722,54.06927634,104.6973386,0
4.16044438,0.026357762,3.482282096,0.14560229,67.30429867,758.6069965,35.94818623,100.4235071,0
5.245854433,0.025338248,2.687693851,0.152952729,74.48578234,804.3038223,57.63478663,104.1974091,0
3.954957585,0.017698191,2.30304899,0.146237869,65.5408901,740,51.68691682,103.5584275,0
4.535734207,0.019869975,2.247724054,0.146585973,72.96405885,800.5981793,40.87834515,99.77569324,0
4.067968425,0.025638902,2.24683857,0.149796467,78.12837899,772.4098533,36.12310802,103.8697891,0
4.669545574,0.03290283,2.843507121,0.165274183,58.25373872,837.4532334,39.58452344,96.49116999,0
4.857041239,0.014352277,1.284975757,0.154475741,64.62459546,769.8529666,43.17649746,104.1762128,0
3.815507639,0.0282904,2.55749893,0.15191496,55.95810685,798.4101668,55.99812443,99.4996728,0
3.978447758,0.023611062,2.033000363,0.156719755,72.55899446,752.3568033,56.00118611,100.9946251,0
3.887288453,0.024354751,3.01226431,,80.97290999,802.6596676,64.02118044,94.53594897,0
4.369033714,0.024257487,2.812797971,0.143361996,68.02435793,782.2292528,54.44729625,107.9042223,0
4.959278853,0.018469956,2.069300397,,65.33592827,802.0728742,50.75575993,,0
3.5499312,0.025780043,2.981529231,0.154756066,71.48126045,794.1004596,58.80296545,98.45110721,0
5.213152641,0.018260304,2.158770976,0.139444735,82.77607394,819.2688041,42.14472123,102.622833,0
4.603934708,0.027407548,2.74795441,0.142662041,79.42853104,764.1080605,46.63593325,98.90671475,0
4.074559079,0.023993486,1.847345268,0.154759789,66.48013757,815.594429,52.39134522,95.37779651,0
3.35683196,0.028727857,3.451500868,0.157806733,52.66110959,825.3376018,42.67819423,107.481781,0
4.429821982,0.017896771,2.757266945,0.146321259,70.87903233,819.6576295,50.60319635,103.5890185,0
4.634060677,0.027765081,2.670821336,0.157759841,87.07068321,798.9244586,56.28959415,98.13753584,0
4.246771041,0.019397299,1.60848284,0.14460395,70.54199731,762.1873428,51.00932157,99.81694795,0
5.280228721,0.029602932,2.941059533,0.163293135,52.31310271,860,,96.22785258,1
4.816429363,0.036653532,,0.13477804,75.6734354,766.1007207,32.05737903,100.3509407,0
4.396592021,0.017655875,2.370357869,0.151034669,66.11783526,820.3771836,49.9846528,103.4224384,0
4.676126799,0.027072583,1.953946818,0.141377552,83.06746368,797.1583164,44.69460999,99.71795448,0
4.788169197,0.028849126,2.587755645,0.14262903,66.23267816,817.1941496,58.16977831,95.78049812,0
4.138503783,0.030945927,1.58257706,,82.70014165,780.4638533,65.10339177,98.54503083,0
3.719725121,0.035164921,,0.150242894,55.15489115,828.4221534,44.22404368,102.7364572,0
3.795550331,0.018648816,2.667803802,0.140538835,,833.2381649,47.50688453,95.94873575,0
4.927859276,0.026308412,3.703796195,0.140492754,98.74807444,761.7624002,46.78996049,104.2648809,0
4.532058086,0.017591704,2.781775901,0.15526029,66.97542875,780.6162466,53.37973939,104.8001418,0
4.89703654,0.034723085,3.382538391,0.149137996,100,776.1256441,54.24978583,96.94564717,0
4.521547229,0.031009839,2.569611905,0.162099062,80.17161272,835.2048894,37.20040533,100.0849802,0
4.021397438,0.027638759,2.263902719,,71.75255842,797.1230235,50.95299143,98.247912,0
2.898275487,,1.760157394,0.134786359,73.74370121,801.157547,52.07430113,99.41313301,0
4.590754669,0.022674794,2.098350926,0.171902227,57.83586519,817.4972952,49.52766226,104.882204,0
3.249060361,0.03266421,2.139936685,0.167661275,64.57928924,813.0491586,,103.7470681,0
5.451959442,0.027330662,2.471543869,0.144467563,64.76851163,823.4699169,68.87817547,102.2188936,0
4.96156113,0.011621478,,0.135746082,78.72770003,792.7686632,33.6421739,101.135918,0
4.818847603,0.02045271,2.183481228,0.150729558,74.83621371,808.4221232,43.27240689,95.92520982,0
4.317017705,0.021679135,2.288688033,0.139651488,70.39183833,840.3742571,49.23293118,100.4173352,0
4.830036774,0.018975258,2.70333218,0.153228438,82.94378413,810.1782878,53.88242626,98.87945801,0
5.091566468,0.026511605,2.379292002,0.143583082,75.2338544,771.8664641,40.89338618,98.64647393,0
3.451689684,0.009461876,1.623782347,0.148041329,72.75997961,810.2955922,47.67947381,100.5115246,0
5.294394365,0.026668421,2.14847556,0.160676236,65.602157,817.5171317,56.16559026,95.28670677,0
5.429606902,0.028613409,2.531755455,0.142775876,68.0439287,832.0631211,51.83568292,96.67359108,0
5.222276805,0.022215235,1.876581637,0.15737377,80.2305889,829.1922285,44.67950624,103.7144809,0
3.752355997,0.009625385,1.967304188,,82.2551222,801.5185319,41.87186776,101.7739622,0
4.334123933,0.017904196,2.833323978,0.150351199,74.68381017,838.6075579,43.4962078,96.11948542,0
4.211787801,0.026138556,2.863708953,0.135512574,67.41490924,818.024306,43.40695423,99.54030712,0
4.307968167,0.019345168,2.401334571,0.140738556,73.63533688,814.510233,53.30313116,99.87195071,0
4.504397423,0.024475491,2.873866674,0.158656852,86.72999779,815.2995734,60.1261994,96.62521193,0
2.721682918,0.023120626,2.365140513,0.156356149,82.79838579,820.6487916,52.97860448,98.80666626,0
4.607441408,0.009902423,3.18280177,0.140235256,,777.5744261,45.13408217,99.59791834,0
5.01117223,0.019528681,2.39593349,0.141551397,67.88642911,786.455049,55.41291641,101.6643896,0
4.869907387,0.014790594,2.333481601,0.148393131,71.75044464,750.488737,57.81332296,102.0658351,0
4.64485268,0.019438451,2.531460139,0.140879458,70.90370573,822.7158937,38.0156818,97.03883454,0
5.08239012,0.025555509,2.665659513,,71.2904078,768.3189731,,95.91384751,0
3.695313879,0.01996837,2.947885781,0.142263303,80.05463233,768.8979192,46.65385288,103.0742702,0
4.127729193,0.021216606,2.327247159,0.142516545,74.21945663,792.081376,58.16706257,100.9613485,0
5.071408325,0.017036175,2.636199361,0.170340931,71.80177119,841.2259597,59.6661026,96.04922478,0
5.531782777,0.019891588,2.59587231,0.147372533,78.18210295,741.4175305,42.68338977,98.22406358,0
3.843091936,0.016002207,2.397556818,0.158973275,84.61566243,790.8715291,54.36635008,98.54580772,0
3.705559047,0.026328425,2.132643762,0.151369567,71.37914449,763.2474574,53.88098047,100.7747386,0
4.097660759,0.022728436,2.62547598,0.144296294,60.17923711,814.3800192,57.72903745,95.78450692,0
5.496612099,0.025588763,2.303287543,0.164119105,76.52243608,798.7009808,52.64415623,96.72345302,0
4.726039213,0.030107943,2.697723898,0.146225225,64.47993576,766.2514086,47.39005055,103.2443514,0
4.083197996,0.030621796,,0.155686038,94.29469719,775.2546471,63.94897494,98.80083983,0
3.822716452,0.016952751,2.17203296,0.145828564,79.50943422,765.0379605,41.77196607,98.78159906,0
4.664588756,,2.502733644,0.149515408,77.99146588,842.1273574,46.4689415,99.81723084,0
3.82480844,0.023167618,2.159796118,0.13791034,46.56570681,856.2227704,,101.4539305,0
4.888817393,0.013077553,2.437836029,0.141300049,74.94861349,813.8686996,48.70623198,102.5894522,0
4.726265481,0.019493102,2.218642385,0.153852475,67.31874544,793.7957565,52.27124801,102.7303045,0
4.683342431,0.035316645,3.152226708,0.1451863,74.76020816,806.2426493,50.44964522,98.80755,0
5.399865573,0.02088557,2.13057879,0.133317362,75.89119302,796.5063359,56.25702591,105.0626591,0
4.303184901,0.025175942,,0.139942818,64.9081742,742.6288543,56.60536763,101.2609685,1
5.030889179,0.027211888,2.142296824,0.15015508,82.03103513,785.9802789,31.92628898,,0
4.484315731,0.028896406,1.915474971,,71.0979808,785.8622704,47.9586866,100.3740918,0
4.968542618,0.024075659,2.710879366,0.150258598,77.01459162,839.612622,47.77522966,97.10496183,0
4.685278697,0.028880487,2.169537158,0.142891654,59.9902758,784.1444823,37.60594259,98.49814556,0
4.950828284,0.02292931,2.110874114,0.129417573,69.73042581,817.6771067,47.91817096,,0
5.303255213,0.030033833,3.243061852,0.164711212,64.01532915,821.0297063,55.67729493,96.2571166,0
5.436463931,0.021760372,2.937327596,0.149151314,71.74399049,804.6049017,50.52426065,96.68249445,0
,0.016543108,2.208222447,0.151752575,75.54697317,805.1148349,72,97.06467736,0
4.028367133,0.01406054,2.122837946,0.13520746,80.52612813,757.7492868,50.85724058,98.97731026,0
4.738448616,0.008355336,2.082023786,0.14426557,56.07834679,834.8511557,50.51182169,100.1395395,0
4.092187528,0.021011714,2.74269395,0.167408669,83.48050421,809.7773977,55.63352276,95.25606766,0
4.276275136,0.031056867,2.1723645,0.13387359,71.88750326,760.9432616,50.8145649,102.3166344,0
3.219624025,0.035622698,3.13843114,0.132547001,67.54653175,843.5979384,57.49120334,104.2632278,1
5.073822927,0.037798797,3.170072514,0.148183942,72.04706539,825.2195314,59.10365416,99.33153347,0
3.922137141,0.019186988,2.006157232,0.14889509,59.31448314,800.6797335,52.12422919,102.1987257,0
4.705249849,0.017212318,1.868785777,0.158793157,73.26587152,813.4349693,58.02781033,99.87460832,0
3.929849766,0.028472894,3.102652299,0.14618769,70.09920188,820.8399357,63.18489729,100.484574,0
4.20542527,0.025415677,2.883486546,0.144955222,81.99805121,770.5147429,52.85405032,103.2271689,0
4.36230693,0.016838543,2.980288199,0.138795442,79.35227652,790.5433114,37.315173,99.06319542,0
5.212888528,0.013448656,2.044377535,0.151519308,65.97606778,778.6592526,60.45599643,99.4397256,0
4.808533636,0.026623576,2.943255101,0.146459667,64.25124743,813.9308277,52.81602363,100.531148,0
3.414245814,0.023548674,,0.136153154,55.5003992,797.2579116,44.05856916,101.7053329,0
4.67522644,0.021276344,2.377154947,0.155177256,67.11967679,777.7533832,43.38925459,101.7435964,0
3.644018925,0.016897564,2.451661151,0.156508609,63.63026648,845.6238995,53.92485522,96.42896954,0
4.171628064,0.0402125,2.812098811,0.153575758,79.80786891,796.6972797,51.48842275,101.0189253,0
4.464024262,0.025864769,2.127450022,0.150032069,69.64940304,790.9374025,41.81081791,106.0970111,0
3.477544843,0.024098621,2.145826259,0.143724455,49.57615812,811.6947887,69.94191093,98.87021583,0
3.804238528,0.038829262,2.517087196,0.156061002,61.65454914,860,50.56108415,104.3745124,1
4.648512631,0.024335483,3.068987019,0.129472721,73.34368849,830.2331759,46.29244309,98.26167974,0
4.292365502,0.022502808,2.352662389,0.158520749,84.33848905,823.3653926,,,0
5.262387664,0.021143064,2.215451117,0.141472037,62.04801389,822.7573337,59.52480543,102.1806186,1
4.700187904,0.02311297,2.379517969,0.164647761,58.79674472,818.221679,37.55328471,95.96181602,0
5.216120319,0.024994767,2.733402676,0.16229532,65.85502936,841.3902357,50.41321372,104.1022046,0
4.220556007,0.025196655,2.594890022,0.148043076,71.49212267,812.8820968,42.74450412,105.7463041,0
4.225045049,0.031971662,3.15597072,0.130656142,75.75169174,803.485449,41.19547734,100.0286569,0
4.289357934,0.034420877,2.80989084,0.15410841,86.69883916,761.4409137,41.62232992,105.9205643,0
3.935563718,0.024538167,2.808803258,0.135872812,84.46459833,840.2424544,52.14219358,96.84948364,0
4.280012201,,3.029752735,0.140102439,71.78308444,795.8807782,60.26234285,96.03314081,0
5.094707411,0.029861694,2.771883285,0.153223602,71.45700298,796.4182408,43.75047179,97.77694426,0
4.44285174,0.024910268,2.070571583,,69.64149574,,48.823412,102.0045935,0
3.995672703,0.01844298,2.679381175,0.157351088,68.1163372,807.9153397,55.57129513,100.1386098,0
4.356458391,0.009873814,3.29050892,0.155013508,65.40105487,807.6470998,44.11398408,100.7410201,0
4.64166677,0.018979812,1.662259426,0.132125072,66.84310328,765.6278238,46.20735621,97.98108695,0
2.929587801,0.034286052,3.056347156,0.160993469,71.46960308,783.4638067,44.18460033,102.699999,0
3.929586888,0.034603505,2.127368091,0.151970316,71.40291237,788.9991675,39.82515852,99.40350519,0
4.40564965,0.020246269,2.81850781,0.15246141,71.48528466,822.8201272,57.39759357,103.5092385,0
5.608635803,0.019002942,2.433933784,0.138935689,68.52659262,807.6197826,42.5094298,103.271416,0
3.964680924,0.030583627,2.761933538,0.135843436,85.91597371,762.5594463,64.59903214,104.0550441,0
4.972078287,0.016360616,,,67.01115996,766.5521007,55.77761367,98.87563254,0
4.169388769,0.021378692,2.934414518,0.151011132,58.89993835,761.5608667,48.23475141,97.75375113,0
4.540700543,0.022899704,,0.142731468,78.62497413,814.341489,47.5610571,100.8026209,0
4.595177938,0.015821754,1.875517815,0.160319794,,800.7625675,57.67045325,99.09907523,0
4.785882789,0.013257979,3.088347622,0.138325099,64.7711467,815.011335,40.99821192,100.7058691,0
3.627605089,0.026986785,1.838821361,0.146304136,69.46509884,804.5350753,47.45061528,99.58585877,0
3.574424765,0.040246279,3.147597282,0.156663662,74.39694407,810.1909501,71.91603306,99.7180437,1
5.493510337,0.025310787,2.335476271,0.148103356,76.60162523,798.4715604,40.80672568,94.38353349,0
3.989952915,0.00772493,2.390048504,0.152173708,82.36943554,780.1761206,41.25956584,94.85272515,0
4.724290613,0.031630138,2.334649702,0.152017489,81.22901573,,39.77032026,96.36427084,0
4.404810115,0.016124525,1.972974229,0.140443533,70.57969169,775.9800142,59.88626314,100.9711567,0
,0.027812637,3.169193226,0.137436535,69.16562109,762.3090562,31.28201507,95.75944803,0
3.034617774,0.023282177,2.302591929,0.132776858,68.40363046,763.8633413,55.30020904,101.9269514,0
5.815495011,0.031748553,2.752577897,0.172224479,72.97318418,759.65886,60.82075128,95.51001857,1
4.519868968,0.028930987,2.652278443,0.151230833,68.68709684,777.8014553,53.16138514,100.6641258,0
4.429601839,0.024392357,1.859984605,0.140444593,69.30629617,829.0104985,38.52622234,95.73471379,0
3.925648488,0.01631442,2.88735072,0.14868101,69.65924441,809.7852592,53.75781872,103.5991893,0
5.110398457,0.017537996,2.003356488,0.12829985,66.59593227,813.8684184,60.46332499,99.8482378,0
3.284762432,0.021857799,2.968841228,0.140401321,69.26245901,789.6765796,33.97749009,100.0778863,0
3.861725089,,1.98519557,0.1399585,56.73113677,812.6430586,48.08423148,98.634648,0
5.13792731,0.021499467,2.508660939,0.141316616,85.16689604,772.3389687,63.60634207,100.7037867,1
4.276285524,0.025792669,2.118340649,0.134322461,63.07636846,807.0579231,47.13975913,99.23308088,0
4.370385441,0.031979894,2.633389687,0.144950778,66.24002878,833.1565857,41.72711088,100.8503243,0
3.663600742,0.026312221,2.838022205,0.156952184,85.30389575,826.8612552,52.02563608,96.24008421,0
4.365908295,0.020317829,2.399186671,0.151616005,77.8761904,803.2584411,59.33030645,97.48594246,0
4.646339366,0.014954467,1.977460273,0.148051864,74.6922353,802.8348243,47.43216128,102.9026512,0
5.465957518,0.028361506,2.93574702,0.146310708,72.27994471,764.3243593,55.07768514,98.06852796,0
4.147283258,0.030997637,2.561421278,0.147824021,66.70923187,809.743588,67.59078283,100.4849872,0
4.575540593,0.03433325,2.879999771,0.14634732,71.3236252,796.8331554,48.8053181,97.11210857,0
3.88495977,0.018002857,2.61922337,0.151757303,76.39421221,808.1306071,54.57676579,98.3751991,0
4.569787796,0.016394945,2.219427732,0.149814314,,793.285628,44.97273777,98.04377629,0
5.023996713,0.030573246,2.200579206,0.162159143,84.14938026,742.7463617,,99.5280465,0
4.778815571,0.02840596,2.580315173,0.148778567,,806.4990943,56.88494018,103.323032,0
4.868996039,0.029781258,2.428893704,0.148616103,78.61057261,747.8605931,68.21230952,102.2639309,1
5.176927639,0.018809447,2.237357116,0.153649407,63.93821867,800.213895,48.24270662,101.3088384,0
4.81698949,0.034640369,3.6134242,0.148298338,69.12951382,823.8937048,61.75010996,103.8294126,0
4.054972029,0.030548469,2.503793334,0.140936245,74.6667993,774.1898897,57.79726153,103.3808294,0
4.889262887,0.020897244,2.143120395,0.144956898,64.34833134,793.3988317,58.08050957,99.73526365,0
4.88376925,0.023493912,2.591390308,0.161828722,64.23596027,792.8015666,45.12717485,,0
4.604546213,0.022036435,2.419398663,0.129589638,56.69289436,860,61.36022334,98.85812546,1
5.251202985,,1.759674819,0.141147572,76.78074848,797.0158669,43.28915112,101.1282088,0
4.102398378,0.032219041,2.944413243,0.134545289,70.18866175,813.7011168,54.26601617,96.01620246,0
5.178208272,0.024572664,2.068969582,0.148736566,,782.8040184,54.85642748,103.1845563,0
4.270577337,0.041659405,2.865190979,0.14879215,,840.4897326,59.63606041,97.64296892,1
4.460618392,0.022354296,2.902288477,0.158032059,72.00263075,816.4194617,66.97339988,97.81727895,0
3.671478611,0.026046004,2.134423841,0.151182912,,754.3323961,33.67312919,95.08183028,0
3.23243244,0.02691612,2.491023256,0.15922128,61.90059643,829.0281136,57.10165005,100.0265359,0
3.890846178,0.017040303,3.090138836,0.152774106,71.00122926,791.7589641,59.67616562,104.139497,0
4.026598617,0.021832214,3.578534359,0.151972341,45,857.6597499,53.35038263,97.93196424,1
3.848821024,0.028306006,2.936812695,,67.94976716,817.6957167,59.83459945,104.2232764,0
4.0430916,0.028720191,2.820108126,0.150221322,72.87466463,803.7086186,43.98370997,96.85422507,0
5.171791561,0.028951421,2.353695014,0.129634898,66.1962136,844.0865063,53.8590899,98.69971905,1
3.946309711,0.022161446,2.917504151,0.143332108,57.38274847,821.4727924,58.95269668,100.8754383,0
4.886640533,0.015974321,2.176303808,0.137172932,78.92815237,833.3205377,39.83000672,99.4476612,0
,0.036540157,1.789789376,0.162084488,70.42828827,827.1083522,42.33232715,98.86514435,0
4.890689738,,2.636854716,0.152138474,51.41145226,812.3285285,48.95684609,97.95979254,0
3.569305617,0.022387286,2.265783156,0.164775694,69.1722439,795.216892,44.72401843,99.21573638,0
4.854718909,0.022455806,2.602362508,0.168916691,64.19627126,753.8920571,52.07689078,100.0008103,0
3.934038212,0.025066324,2.233324017,0.154130442,66.81634044,787.3858376,49.57910326,99.91396514,0
4.807416973,0.027483036,3.409745189,,73.68129951,808.7840663,42.53419559,100.3494052,0
,0.03424777,2.69124372,0.153773327,59.19530515,839.8895722,58.17235093,104.5856824,1
4.64425495,0.037534381,3.112359425,0.143151996,75.68679968,799.9765598,49.35114275,103.3653525,1
5.925905851,0.027669093,1.835826474,0.148889355,63.71907474,793.7219931,40.816777,99.40110453,0
4.410513221,0.028065146,2.556548275,0.151389945,71.62138022,784.0525136,52.81969998,105.8640775,0
3.626656588,0.027582986,2.382853835,,62.85495323,793.0132927,55.8891541,99.58831989,0
3.913339779,0.023598054,3.701265175,0.134756178,89.89084651,759.2119624,46.2204783,99.60296298,0
4.665514155,0.01899243,3.152365527,0.131710024,67.59512177,817.4346654,,99.14997048,0
5.12425814,0.034789504,2.629325185,0.143355882,72.32747917,762.9867871,50.52786642,100.750893,1
,0.014527737,1.978219876,0.142667478,76.78491685,,60.16034347,99.75302297,0
3.616401623,0.01448079,2.601770506,0.139331476,74.59713595,801.6622656,48.68124495,97.74391383,0
3.972917178,0.016629249,2.433650465,0.137961119,64.32529731,826.1829473,44.43456704,95.73481796,0
4.684154868,,3.123933709,0.151779626,87.3981062,781.39559,54.23061995,95.03388249,0
4.225759066,0.033735595,2.550128455,0.147628392,82.85446764,772.7363964,32.7340027,100.9994276,0
4.151002798,0.022358157,1.53255574,0.145531141,73.94089284,806.1853239,43.85085756,100.0202036,0
3.197778573,0.02568833,2.586837785,0.151816905,82.1717231,802.7102665,51.69690961,98.27272443,0
3.614138215,0.022746222,2.598873911,0.139829913,64.16899375,800.3682615,69.41334207,99.05519008,0
3.999958508,0.019497091,2.424581987,0.155581642,78.12259634,789.1411473,45.8670019,100.7730872,0
3.936561624,0.021786359,2.612343697,0.137495801,68.66076144,800.1473971,63.55012993,98.07695225,0
5.107159121,0.038787455,2.194971085,0.143214715,78.67027504,788.3245212,39.01559472,100.9703952,0
5.516784257,0.027771999,3.243485904,0.164015714,58.80064641,807.9310858,44.39167341,102.3908311,0
4.182149742,0.020691888,2.867465886,,78.09150212,806.1425577,44.01048901,103.8167166,0
4.707871642,0.025126175,3.237722774,0.148749271,78.76533927,747.3634752,48.89694249,100.9550777,1
4.326048074,0.02287417,1.471598992,0.165942318,77.16709588,785.426723,52.32106662,,0
4.921810146,0.038202771,2.342671443,0.150723334,64.81602618,792.3976275,58.46267815,102.071672,1
4.423363193,0.020260752,1.804396897,0.157949556,88.38783821,740,43.44740269,100.4099695,0
3.423272505,0.019197814,2.564381925,0.135430163,56.22840678,822.8856679,56.33199146,101.387157,0
4.334605068,0.021385413,,0.15442153,67.76759117,808.8325418,,90.78090919,0
,0.020448885,1.944591152,0.123616626,72.66798347,819.8347751,42.81585797,101.087779,0
4.123948215,0.010368003,2.475982362,0.153058851,62.14386939,778.7314927,53.74091861,99.11434988,0
3.801845427,0.02429058,2.293285694,0.156687027,62.26398522,836.4596925,56.05694695,99.12188751,0
3.184499939,0.022921097,2.54287467,,61.08124958,800.1757493,54.45917246,99.83777447,0
5.658822604,0.025909403,2.288018689,0.141339842,83.70659637,814.7675213,46.61853612,105.9729606,0
5.003991356,0.017050177,2.538720653,0.148674546,61.2422535,860,49.66465614,96.68204515,0
4.752572559,0.031754781,2.486951258,0.132348716,60.13710603,799.3803095,35.92072902,96.89998751,0
5.18991072,0.032376543,2.710286099,0.163195247,99.76490156,747.9854555,45.1564041,98.58442106,1
4.447382395,0.028500776,2.224048842,0.145637504,83.26621546,796.9782958,51.36019451,97.70471162,0
4.821004088,0.028637901,2.233650007,0.141789882,62.59810994,779.8603755,50.56396983,97.39722719,0
4.636419406,0.005,2.109661073,0.15595243,73.09854662,774.5154736,60.43464106,102.657057,0
4.952516888,0.01964151,2.69395618,0.151820576,63.0516912,798.0747546,60.56728002,100.8264178,0
3.61124086,0.033059996,2.335608662,0.14091041,63.55556725,780.6881959,44.80701503,98.13581652,0
4.856269668,0.020812667,,0.146789716,67.48803196,832.9479641,44.05503674,100.795953,0
3.806355315,0.016489896,2.42229924,0.15068359,74.89291102,808.3640583,35.49929307,98.53044337,0
4.404961925,0.024917044,2.007129971,0.159094242,74.97135155,775.1132703,45.51280727,101.2793422,0
,0.022666879,2.372618818,0.138935261,72.81751354,787.564138,28.03508908,100.4643767,0
4.256852294,0.031026528,2.81736099,0.146439365,85.87991508,825.3468895,47.38701333,100.974555,0
4.741129758,0.029433816,2.716940629,0.147522454,71.45285065,798.3285985,56.50606143,,0
4.49979967,0.030372195,1.849296851,0.137493361,77.83541582,,40.15791882,102.2596362,0
4.178552386,0.018691242,1.496582161,0.156543847,79.76699858,762.8523637,51.34564646,98.17344728,0
2.576329128,0.010598297,2.212982518,0.138108042,62.08691833,784.8336231,52.94408029,103.6170194,0
4.39838443,0.029609502,2.3630762,0.155150058,84.89570693,740,48.10380902,101.9618435,0
4.479788981,0.024237286,1.532395375,,67.80837646,774.0452537,52.50532486,97.44937787,0
3.302995144,0.028304097,3.529235482,0.147037865,63.19795339,799.3458062,55.86442874,90.6685358,0
4.254792314,0.021998246,2.973026918,0.14785666,72.93856785,,54.34141077,100.0757885,0
3.336983939,0.027159377,2.71464359,0.144133164,76.26680411,787.0143684,50.53744888,99.80259004,0
5.954786272,0.027775092,2.344439574,0.143289997,65.63316498,859.5792258,38.97518927,101.7418679,0
4.261853051,0.032278871,2.259249215,0.129101473,66.81816165,758.887258,,99.2633495,1
5.145030403,0.026193918,2.911959953,0.160004204,84.89974247,769.5110329,41.85609021,93.95585656,0
5.437040651,0.027499595,2.283499135,0.154306124,80.54916999,,57.21893934,102.6045303,0
4.655345831,0.036403868,2.978848947,0.133341085,54.2225727,,59.69399126,99.29596955,1
5.025843432,0.024369264,1.957520067,0.148865108,65.89181993,807.4867034,43.03701061,101.525126,0
4.341115781,0.024989232,2.289653437,0.137588769,85.58826436,788.9625468,40.40791686,95.94461222,0
4.159965826,0.024981124,2.849220022,0.145216336,78.33624876,772.457758,44.97344012,100.8160033,0
3.604632487,0.021295908,1.779638266,0.13697863,68.88478976,784.2868177,,101.6781102,0
3.769076915,0.022214931,2.388793552,0.148705896,63.65760811,828.3875825,33.34207005,98.66296133,0
3.985823196,0.027000901,3.030871649,0.140245929,68.0262839,821.2115678,49.24124314,98.46101575,0
3.781300217,0.034869401,3.062946967,0.157727924,75.49146825,813.9013487,52.24965165,99.84597142,0
5.416725354,0.013235471,2.399363804,0.162957067,85.97165837,,52.58327384,103.5879525,0
3.442283884,0.0229945,2.870690832,0.131289409,63.14187967,797.4249396,52.05427025,97.99518998,0
4.646600239,0.026534754,2.905246021,0.161850596,73.82539971,794.2084477,65.11503637,99.51631171,0
3.743645874,0.024065346,2.555316294,0.168650243,67.23290888,752.6698117,58.98481688,94.53412531,0
5.217130342,0.020045492,2.297120862,0.141503944,74.80409309,780.5392885,46.0951298,100.7636624,0
4.663674835,0.026941851,2.42782612,0.120611886,66.30685804,798.1359073,57.91251697,95.75947421,0
4.103015761,0.019448735,3.37691682,0.130884606,56.28636203,802.6375933,51.5665471,101.759747,0
4.199626552,0.029178063,2.513235974,0.147341712,66.48679836,796.0084873,37.51706021,102.481758,0
3.80616366,0.02109289,2.10293776,0.145420479,70.96370517,783.020734,42.85814233,,0
4.619773788,0.029497534,3.386585516,0.151020412,77.24067737,749.2148331,43.47770857,101.2740534,0
3.344780161,0.022362164,2.941730666,0.136094277,65.41504955,796.1507146,45.91647321,97.19817864,0
4.520169434,0.022660191,2.925912451,0.146298808,70.03656346,751.6860273,49.03385139,92.12749967,0
4.232664192,0.027699948,2.276555824,0.155130476,54.26907617,802.1803715,38.23004772,103.0416905,0
4.497374114,0.017959569,2.640154043,0.161723874,72.71135705,768.1144465,32.98321965,94.57528733,0
3.986636342,0.023275327,2.436949207,0.148311784,67.50083938,804.7227538,44.1543002,103.2854622,0
,0.030992022,2.812678396,0.145817666,73.58293644,805.8104778,42.18891834,102.4053877,0
3.983047606,0.018612972,1.939808205,0.16713786,83.36211681,803.7512193,49.60925131,98.56550523,0
,0.018961362,2.203159667,0.141614238,70.3497337,798.2897692,42.12761182,97.94340516,0
3.753429769,0.025855425,2.93598396,0.151046695,72.33927005,760.8557666,66.24298393,,0
4.020901074,0.022053326,1.805810163,0.137779128,82.11002434,817.7003193,42.42349738,106.9354934,0
4.619865058,0.025732217,,0.145399235,70.7651061,798.0715806,46.96078541,102.6700815,0
4.46312379,0.018205978,1.638490637,,69.47440527,825.6570167,56.42651379,101.7564587,0
5.299610932,0.018370178,2.966341916,0.15279839,75.77740984,797.0159701,61.85388476,98.4686264,0
5.140711751,0.022098667,2.625697949,0.144767174,74.27888027,806.8202785,45.68378024,95.89865835,0
4.368546475,0.039060682,3.647035143,0.131181942,81.4799794,818.8536209,58.63190912,98.5458939,1
4.615279971,0.012248376,2.078953924,0.161543005,77.14956148,760.7364035,50.37301474,99.75000212,0
4.342473211,0.034697395,3.375909969,0.164162818,71.97064734,774.2800763,38.15829871,99.8402776,0
5.210664394,0.020401682,1.969782168,0.147079575,75.22212244,763.7853344,55.81117211,106.6953584,0
4.068709834,0.016797586,1.935042577,0.141309549,56.04703482,842.5945714,,94.77761071,0
5.057597834,0.020185752,2.294901469,0.137551911,72.93081857,811.9915071,50.88144462,99.99528399,0
4.2597377,0.01989195,2.06766095,0.141999947,62.84955096,832.6108769,40.62593318,100.2138838,0
4.967224155,0.034696855,3.014935687,0.137994743,73.93153315,756.555128,38.24267646,99.29514789,0
3.968044321,0.021072515,3.047625989,0.140172661,80.59918432,801.3166052,44.28803922,101.6122893,0
3.904108798,0.016442665,1.991133135,0.151871618,,755.463734,58.08625107,101.1761863,1
4.61798091,0.033658746,3.038953596,0.141739195,61.05436631,805.2471108,66.35858599,98.37527241,0
4.337984531,0.014726806,2.504841813,0.156222293,74.09354074,798.1906438,,97.90370974,0
4.122442218,0.022204575,3.306732776,0.165095346,73.62642853,817.8635673,61.41061582,99.70882262,0
4.398403812,0.029864416,3.233303399,0.157033771,83.9067009,782.0783628,,100.7174761,0
4.453828828,0.029955757,3.626391806,0.156724985,79.96641834,760.2178003,43.97500485,102.2219281,0
5.057487296,0.030086651,1.969724128,0.167753431,87.61332939,767.5431471,46.47928792,98.58737836,1
4.141680032,0.014103472,2.913055973,0.157272505,72.25768174,812.9750966,43.87529669,97.16533115,0
4.443953916,0.020701713,2.656255537,0.147579139,56.08926173,855.5220945,44.07736507,104.3855226,0
4.834985791,0.018916939,1.940104513,0.149346194,71.62402358,839.5535456,64.43144387,104.5364307,0
5.40999805,0.017972267,2.549504873,0.158725334,86.46626478,,49.78856036,99.46817602,0
4.501536035,0.025070602,3.606016784,0.148216982,77.24077655,843.0949557,43.2761187,98.03531308,0
4.055388044,0.017017397,2.698503707,0.164875701,62.42868006,796.3679643,52.42994002,101.1969389,0
4.109523137,0.026800365,1.423576407,0.149212405,69.25854448,805.3234474,51.60374177,100.5642221,0
5.179948649,0.016876823,2.618240889,0.150961696,57.15351621,817.6680794,45.48157319,99.91050676,0
4.061456448,0.023702863,2.565817395,0.142983714,96.18501129,787.6512252,48.92936114,98.71212589,0
4.344848783,0.023661,2.950254543,0.165818962,58.8260456,845.348253,50.04258405,105.444026,0
4.977265648,0.014740466,2.466302064,0.145492175,77.72562341,819.0179651,47.46701756,99.96066571,0
4.593881501,0.019837409,1.614106692,0.14535924,67.82237318,803.9792389,39.9851823,103.4379709,0
5.100344139,0.023287586,3.192682012,0.152374484,74.92428112,,54.96603857,100.8619318,1
4.873974329,0.038194068,2.511258936,0.15955751,66.74892974,815.4628888,51.89016616,100.0148701,0
4.038140479,0.0242957,1.48184079,0.161609016,69.39487594,824.6909715,57.41781189,98.39491164,0
4.771310609,0.015719305,2.361067806,0.147598759,77.73765343,766.2003262,48.57318852,96.40147352,0
4.564821068,0.007086572,1.936250828,0.13713465,59.74301823,,52.52273614,95.4775564,0
4.628164881,0.019025519,2.604972297,0.13470109,72.2917146,797.6801275,49.95385963,101.4511042,0
5.090412327,0.028037686,2.237950321,0.146003302,92.86635673,792.1419512,51.28753709,103.8878581,0
5.106555979,0.031592783,3.395325818,0.156992311,66.95833123,809.4119086,54.99354491,103.823772,0
4.666263958,0.01727071,2.604089258,0.151717676,77.68655844,775.7340762,61.81446905,,0
4.108176913,0.018614883,2.676140814,0.154354093,69.80048455,,42.94697854,96.81642343,0
4.934900474,0.019433284,1.728633596,0.167087904,66.81963964,786.2881294,56.3669759,102.4224617,0
4.515479768,0.02778411,2.390379658,0.151524194,92.4371114,760.0467176,56.27007814,98.3662878,0
5.160447097,0.0402517,3.062923204,0.148741662,73.01113281,782.5556643,44.06024352,96.72802008,0
4.388564027,0.023621527,2.215362892,0.141800463,66.78293461,802.9961632,37.67141603,100.0370834,0
3.937863749,0.025596406,3.150898966,0.139939325,65.17229516,814.3944093,55.12241894,102.0352086,0
,0.025426872,2.57443887,0.154101305,71.24974302,806.8285692,44.24731617,99.88764075,0
5.377565732,0.034340274,3.473224586,0.149325697,81.70310185,790.2166369,40.30231981,101.6942268,0
4.436401044,0.011523209,2.063296891,0.137948936,58.83874779,832.0547359,52.69994511,102.9619693,0
4.414150758,0.029056938,2.011642159,0.14220805,81.61514133,819.6047734,53.94978172,100.7388343,1
4.088288585,0.028742845,2.760139691,0.135871094,82.7952207,775.598199,60.72892489,101.5273527,0
4.51190811,0.022732419,2.109363918,0.152052401,79.22376176,,49.33926831,103.3743879,1
4.311943372,0.018353587,1.73978179,0.149579333,72.39219841,821.2333858,45.58378985,96.835473,0
5.197009013,0.021658401,2.535313201,0.152611464,,798.66834,53.14512723,102.8040462,0
,0.015226895,1.817719419,0.151784669,67.99264902,775.1839733,55.06271306,104.0265469,0
4.512301089,0.015030875,2.776950514,0.141169244,74.2590846,815.7011215,44.46276743,102.7639906,0
4.648645761,0.020895352,2.697303328,0.149897566,64.10653624,773.8543058,70.27994197,101.4180493,0
3.627831308,0.041071939,4,0.128040924,54.80285699,768.7569494,65.34531516,102.0220696,1
4.380414634,0.02340353,2.197028145,0.153848276,79.82588645,740,52.91109603,103.4525192,1
3.755950277,0.034582977,3.283875078,0.132070245,65.6661253,828.8081722,43.23225807,95.45531678,0
3.987002175,0.026939521,2.71463645,0.144677378,68.42109282,814.7514554,34.40159059,99.48243404,0
4.266086596,0.023272415,2.330284716,0.151175949,70.63624078,785.3527545,49.23601541,103.006096,0
4.776112648,0.031133067,1.968608714,0.14291879,71.10928563,813.388396,47.37485734,99.08819597,1
3.766887612,0.021399297,1.21760667,0.138063151,83.79331857,810.9273982,42.99912286,98.86079216,0
4.111385377,0.011261865,2.006864866,0.162372591,89.9193054,812.9652443,47.84779335,98.94484252,0
4.686408803,0.033924832,3.221760499,0.153988342,71.41904192,773.2537774,59.15674671,99.16421268,1
4.191809591,0.021401002,2.55649019,0.116680952,82.002933,845.4795239,56.93745451,97.60912704,0
4.065775463,0.02297853,2.931277274,0.149523004,72.14444024,800.0762458,53.77960811,103.1091227,0
4.166640525,0.042826373,2.480181942,0.134645431,70.72183834,804.4715817,59.17902145,98.36964902,1
4.271925661,0.029054261,3.578559945,0.130182675,78.41401336,804.0089768,55.29020087,101.3567624,0
4.096146878,0.024435005,2.065579529,0.132989406,66.50042371,811.5761566,35.44993785,102.605417,0
4.92773224,0.018606061,1.995660743,0.139521685,65.39087905,827.5311346,51.90860888,97.38284468,0
3.138789119,0.029386562,2.576675342,0.149325194,76.2878523,835.1783115,47.22055064,105.7821093,1
4.383727879,0.019422035,2.37375046,0.173384832,63.69799979,826.3892863,58.88312778,99.8369558,0
3.653479252,0.025756731,2.590103097,0.142822,85.50741456,812.9060373,40.5290571,95.38767115,0
4.951474996,0.01156558,2.323297122,0.143574735,72.28632069,770.8904853,50.22519928,103.379831,0
3.255176099,0.025101873,3.022079316,0.134058842,76.21692072,820.1495141,46.23993025,101.2311061,0
4.556904016,0.022747726,2.70558779,0.166921688,82.04689801,788.4077209,41.91173851,98.31289485,0
4.032364326,0.024216281,2.273433024,0.151416909,68.23428832,772.5694668,53.507709,,0
,0.023632347,2.133027783,0.144088025,80.28568787,745.3608355,,102.8960263,1
4.489024102,0.025101931,2.556790751,0.140293207,70.67886809,763.0027914,57.41101398,94.064003,0
4.666635072,0.01499663,2.771498668,0.157621645,75.00653856,807.8876771,55.86168754,104.3172253,0
3.717784802,0.017031832,2.495349345,0.145251459,63.95637225,821.7349439,43.26831878,95.63611721,0
3.508753879,0.024764074,1.511615585,0.14192471,61.65807449,820.5333828,53.861084,96.88901829,0
4.326670604,0.028703128,2.026780391,0.148224803,62.77786747,857.2729434,51.4201698,107.3434083,1
4.590704825,0.017984899,2.032494667,0.147490241,66.5411911,837.468558,47.10247093,103.3961541,0
4.28466494,0.010288451,2.784432557,0.165059403,63.4868422,857.4792691,56.62969125,99.29560182,0
,,1.747984208,0.148513979,66.90851746,809.5214626,53.63625497,101.3013074,0
3.413238466,0.016522769,2.993334755,0.161666792,74.81592524,797.9747663,55.73304853,97.40386702,0
4.280561441,0.023599894,2.285382652,0.152519223,66.85149551,807.3891793,51.10202954,100.1747932,0
2.85337351,0.028211487,3.174761697,0.156957805,81.7880513,777.7146105,49.17369268,97.12854152,0
4.786133853,0.020726105,2.749414822,0.136784339,75.06397048,798.482663,40.70951836,95.24735098,0
5.364148738,0.016670282,2.509826836,0.129766829,78.4107291,756.8638604,59.79703486,91.66399108,0
2.523268324,0.019654971,2.271722363,0.145932278,84.13078369,740.3163215,53.41415138,94.57551186,0
5.472653418,0.017773563,3.261749423,0.147326573,69.08553915,842.9097307,62.75949459,95.79192797,0
4.547978099,0.01594794,,,77.79860193,821.0793683,51.41034097,101.3125531,0
5.172258202,0.027917266,2.649139899,,79.7882976,798.4446619,43.99699753,95.79371201,0
4.23122898,0.022527487,2.978101325,0.126761251,74.4399549,800.1494138,46.03339797,100.5428799,0
4.897481409,0.02178938,2.484474887,0.134172384,82.59480909,769.0494664,51.62533181,104.8403229,0
4.025904307,0.019224154,2.418789078,0.146115266,85.65966802,740,38.62617007,96.98956177,0
4.0803429,0.023991797,3.172644303,0.132887773,70.80504395,798.6104218,58.20745705,97.06186599,0
5.874053311,0.023523059,2.058785952,0.148890123,77.47000773,809.1674653,53.98908694,95.99076974,0
4.446876471,0.017533484,1.846518873,0.141641974,62.81564472,841.0129895,47.58655379,101.1694202,0
4.162532402,0.024600049,2.505073873,0.155765656,60.72570286,856.311018,39.24204203,95.96681559,0
4.121217826,0.028398467,2.753218995,0.167893596,76.47737044,805.934338,40.42356516,98.79700456,0
5.038410026,0.015819872,2.231314768,0.149554642,82.15848002,818.6103777,43.03574422,98.43780463,0
4.117092792,0.026730202,3.198107436,0.134678542,68.16968176,818.9074725,41.32882968,97.11000379,0
6.182202581,0.038601331,2.149747919,0.139875988,58.65926793,847.3797391,38.40606815,106.1554383,1
5.17445317,0.018816289,2.26812844,0.141142934,75.53341208,753.4332588,64.49627113,102.134391,0
4.924500198,0.018680701,2.092168204,0.157984679,66.90030048,804.9133969,43.25750182,102.9732001,0
4.869737533,0.016555637,2.793620874,0.172459786,55.41727009,825.5097061,47.90202513,100.5238355,0
4.701248962,0.03279669,2.414832337,0.134863719,68.44240066,796.1100826,61.61670506,101.3164496,0
3.12467151,0.015418806,2.381473492,,67.11260483,827.5733075,47.70949275,99.20690292,0
4.995900273,0.023168721,2.427660384,0.155360561,67.61670621,782.0000112,38.23827502,102.6756927,0
4.670740365,,2.15285847,0.147570589,58.98007105,823.30441,65.69604531,101.0661286,0
4.51090131,0.017925896,1.936887183,0.136200283,96.28418317,782.8112005,43.58848976,98.07510268,0
5.160055316,0.029287176,2.923554665,0.141634307,72.17134429,785.9155191,52.29274838,102.9650132,0
4.40321383,0.046637912,2.948791684,0.161261291,65.43903319,809.290897,66.66568767,99.79963396,1
3.870064428,0.02800178,2.80889046,0.137150387,74.53272643,817.0701056,29.14107577,100.1024738,0
4.564266638,0.032888893,2.989370001,0.165143803,63.65368012,818.2928522,,100.6875485,0
4.990874103,0.029785579,2.439747404,0.153541615,74.33464148,797.4114116,56.78725159,99.58326456,0
5.087691188,0.028475553,2.329939237,0.162107629,,817.6054426,36.95473902,99.81098495,0
4.695284354,0.018648027,2.112424072,0.145114472,59.63520249,,56.0892044,100.6259977,0
4.735997192,,2.528115167,0.148238644,60.86433199,830.0766112,56.06982417,100.0615257,0
4.910178214,0.024637249,2.446514123,0.166082991,71.71392387,794.0196298,49.20123701,102.5937556,0
5.027628681,0.021447269,3.093390745,0.143153558,87.62458539,,49.73499153,103.4074895,0
4.948778402,0.009706099,2.116078974,0.15518348,72.73000694,781.683384,47.85898348,100.7234191,0
4.086386079,0.021820763,2.64609707,0.142368999,78.92722819,771.5786423,42.13135602,96.65683104,0
4.373864906,0.020021662,2.452017436,0.14597351,70.07328493,747.5317118,49.36636767,103.3941603,0
2.5,0.034189195,1.86447418,,75.79777999,805.5099489,63.16266135,102.230821,0
4.242098101,0.022143179,2.414325755,0.138441174,76.13633187,764.0596973,59.86242951,96.15793825,0
3.750244852,0.02653643,,0.135487194,76.26438443,816.095449,35.02638811,96.56431609,0
3.373417763,0.033090438,2.035046102,0.168975106,75.52929607,780.3292627,57.92609388,96.76126984,0
5.424006846,0.00875091,2.643072428,0.165609024,67.49185424,810.7562898,54.40210457,100.2346864,0
5.048450802,0.030199192,3.119773326,0.142969975,77.93405619,856.6163872,50.82151817,99.24227789,0
5.079636062,0.030597822,1.843146317,0.145515768,,797.7697342,51.31750096,104.3180073,0
4.46024814,0.014437181,2.210492471,0.139561449,77.94511049,760.5540881,48.04650465,100.0907397,0
3.92416345,0.028890169,2.332677789,,80.00062014,836.7914955,50.07145498,101.924299,0
3.655957753,0.014861736,2.527558411,0.139593763,82.87023838,822.4365269,59.17481404,102.2026705,0
4.098468868,0.018746676,3.143585788,0.138578812,79.07492416,798.1498021,41.96612379,105.1342684,0
4.828080223,0.026150226,2.858170567,0.154849546,70.77094428,,35.80722642,100.4299035,0
4.936263409,0.037013342,2.477597954,0.162855215,63.86521555,807.2972348,66.59561116,101.5356877,1
4.725268482,0.016739777,2.720122875,0.145467713,75.8463983,753.1979838,65.31460327,99.96994931,0
4.131773267,0.025485937,3.135454831,0.146187802,61.75493831,816.0602799,38.94736661,100.0722322,0
4.901792519,0.021539326,1.313935602,0.144852281,71.59068732,772.2289807,41.98153787,100.2187747,0
4.314064741,0.023609688,2.601735564,0.121274124,57.76812048,838.1366689,55.12715327,99.89206391,0
3.88654074,0.018162603,1.954800481,0.149971033,88.27634642,798.6409352,42.76437419,,0
4.398649641,0.017332032,2.129748691,0.154086824,71.69831713,836.1598463,61.35570778,102.3508153,0
4.538907995,0.011662038,2.124945996,0.162631735,60.88940304,839.8582191,46.37158738,99.97547258,0
4.135567393,0.023600752,3.043111849,0.144246049,78.77324547,817.9228048,52.12339237,100.387127,0
4.53010747,0.012095153,3.289957571,0.149461316,,836.2935736,55.38183503,96.29276206,0
4.401954241,0.038763801,2.222897252,0.14752283,67.99659549,795.6050098,43.01952713,94.78303832,0
4.761534279,0.026154337,2.610654263,0.142396992,76.74768295,786.0049376,55.29716225,105.1716815,0
,0.035009679,2.03875794,0.149180098,64.31886721,820.1750301,49.65487725,96.71591084,0
4.342395318,0.016494321,2.067014709,0.155581563,60.50838377,,72,104.3468021,1
4.700364525,0.022451732,2.302313062,0.152134733,66.89975802,759.2245331,44.504572,98.04427274,0
5.118911213,0.017007407,2.678460012,0.155528018,81.65047175,790.5350937,58.52223497,100.6568165,0
3.587920067,0.023314537,2.257639455,0.145095368,71.11580091,835.3126258,31.23369406,103.8132156,0
5.207737334,0.03725119,2.460883955,0.144817935,64.89985776,838.2469897,48.12571438,96.57635426,1
4.092107683,0.028451198,2.212717946,0.119657552,75.23350793,791.1759718,63.50396353,99.90871851,0
4.649191692,0.029572469,2.611407976,,72.08172973,795.0479459,55.02519422,100.1934068,0
5.719737962,0.030921313,2.354964554,0.159700664,66.68164621,804.1870569,54.72842781,103.7846052,0
5.192165738,0.013341977,2.10908214,,,800.6365843,46.33377865,96.55560012,0
4.16841879,0.028041889,2.557381461,0.146582819,90.74500249,772.0045221,53.32532776,100.4862754,0
4.91269711,0.024625664,2.158508263,0.160145569,69.03159519,793.3040572,56.29058935,105.1547117,0
4.824151028,0.016149068,2.080192919,0.154417106,83.14687889,789.5547019,47.55457711,102.6500549,0
4.280296423,0.020888773,2.239159385,0.137183003,72.75692816,799.7184024,30.00055421,98.1146872,0
4.095807387,0.028997982,2.168091426,0.146597162,78.6772525,821.8971216,45.27911638,103.3125501,0
4.986636917,0.019735935,2.409802272,0.141457263,,792.5460817,45.72423503,99.24784326,0
5.30803366,0.021876663,2.792042018,0.155480023,74.26183936,809.4722992,51.59016542,99.03505495,0
4.677036062,0.031490458,2.424424319,0.148960571,71.19677836,754.8856179,43.70971103,100.0589503,1
5.097417835,0.030885372,2.855478052,0.143969261,83.68755718,798.0807706,60.99926169,101.2691079,1
3.394498722,0.04052651,3.415855042,0.145352282,58.09266527,860,44.24842375,,1
,0.024052893,2.097471769,0.167927428,72.56845166,,36.83013049,96.44883602,0
4.038813226,0.022043015,2.190569803,0.144010352,50.05657074,811.8708071,38.92701258,95.44490456,0
5.317472617,0.011367076,1.992095799,0.135680528,58.40202775,823.5714762,53.51178112,99.2552394,0
4.848576705,0.031629361,2.206913048,0.16535023,83.73229186,813.4571478,43.71753926,102.8490397,0
4.641353955,0.027656133,2.505098729,,76.57000958,792.5576109,61.99861438,102.4040717,0
5.172860362,0.01966087,3.148880651,0.147536463,86.2323301,792.4451355,34.70547872,100.7488169,0
5.317610687,,2.851421664,0.166313003,73.31071261,822.5303257,48.29130034,103.3304623,1
4.935809706,0.023399036,2.081461635,0.158080503,76.97836373,757.5567257,64.28102242,102.0284122,0
3.723238519,0.013049008,2.135632556,0.144931317,77.6746415,783.7961224,52.63922305,101.5752161,0
3.789318937,0.030338035,2.665670641,0.1528891,66.86081963,779.8102411,49.48811475,101.7994803,0
3.62335803,0.028903223,2.45016665,0.1444617,75.0711109,844.8360356,61.05861957,99.09904608,1
3.626440907,0.026360168,1.930032278,,87.89334,786.7033571,50.23800596,106.2132478,0
4.753201832,0.008758492,2.382713769,0.136458511,79.25070544,769.4284925,49.74732201,103.4646559,0
5.496841638,0.030312583,3.175859046,0.144245998,73.06515279,776.4230322,55.95526987,98.13153749,0
3.290462157,0.017264645,2.683319028,0.143227934,73.9447826,791.0866475,62.16084898,95.30341832,0
4.106941289,0.016531931,2.187646385,0.144097947,72.97507022,784.1226449,56.22347376,97.72304541,0
5.29611482,0.026489135,2.287976911,0.149340045,69.50886751,803.2496284,49.55977627,98.37953934,0
3.199976973,0.024286972,2.267964187,0.122423203,57.09548474,802.1063073,34.16598019,103.5163388,0
4.400921198,0.032472997,2.776481423,0.151475093,72.29079606,838.6176506,50.11511755,101.1988921,1
4.035839078,0.021296756,2.117697247,0.154323153,64.18635131,745.8268932,47.37806067,99.82099456,0
3.474968522,0.013715925,1.772648744,0.143804162,57.73625477,810.9165086,39.65892158,99.94741526,0
3.323618322,0.025339091,2.412765699,0.148763068,70.93227368,816.6814782,62.37147117,96.11509906,0
4.279177754,0.018708603,2.035902812,0.145988638,76.44582161,753.094132,59.27040689,99.68676688,0
5.041750556,,2.751068302,0.145691941,73.65555805,784.6169344,36.35122448,100.3636726,0
4.23759595,0.031245539,2.780695367,0.137488241,65.84252413,777.7215476,57.95258536,99.89096163,0
4.684823768,0.028222553,2.126920472,0.133398665,85.25080579,801.88228,41.73203575,96.38919936,0
4.33987247,0.00957604,2.941950526,0.148528513,81.41840495,791.8076495,50.31382342,96.921754,0
3.855190874,0.034309352,3.025928437,0.143829118,49.49805264,825.3290699,48.10481953,97.47255387,0
5.27730767,0.019347572,2.022219422,0.134513243,,785.0983785,42.16484666,99.90944543,0
5.336794296,,2.22572447,0.143622045,63.177747,808.8925926,61.52861423,100.5695092,0
,0.029658872,3.66286998,0.149362583,88.17558016,810.8077754,52.87860533,98.317213,0
3.769506337,0.015637226,1.772858755,0.155063801,66.11818284,815.1600872,57.60932137,105.5525609,0
4.090365422,0.023019271,2.718082301,0.145795254,84.80603328,805.9809995,63.78471916,92.93449034,0
3.413345282,0.016174768,1.20194524,0.162250793,79.70090327,770.3818122,51.67361994,103.2613306,0
5.788597928,0.023591329,2.116968876,0.164096311,65.56232116,805.1407112,37.33635664,105.9076775,0
5.172570409,0.032367971,2.763896391,0.135869662,70.74382675,813.0870018,44.69627162,102.220853,0
4.64072887,0.016047265,2.229612442,0.148760945,59.35739089,793.4812812,41.64622388,99.06971407,0
5.173472241,0.029604649,2.689162251,0.132202813,72.63545261,793.2279786,37.15893439,,0
4.830268835,0.023971157,2.806707502,0.162778363,70.82429056,780.2595845,,100.4556444,0
4.476229027,0.02154036,3.140742835,,64.02869957,827.7572753,50.33483581,102.3020161,0
4.357639274,0.020259415,1.465624323,0.143403849,76.18988111,804.2258174,46.75485894,100.2354102,0
3.768599139,0.025192892,2.316232611,0.168182655,82.28422157,775.454555,32.78202348,103.4506713,0
4.409425239,0.009894192,2.734986913,0.153223275,74.59807822,818.4678148,64.08704912,101.5572121,0
2.721279518,0.013120607,2.118656093,0.141115211,74.94777915,784.5946836,58.48872206,100.0803803,0
4.240140664,0.031478783,3.642087967,0.150236149,63.20202426,814.0089458,53.28441308,99.74328196,1
3.848229236,0.015370279,2.659899714,0.151365442,94.18083465,768.0067269,,98.99834552,0
,0.024660334,2.520510755,0.156378533,60.21354436,802.9193731,44.91812775,97.92075834,0
3.800841222,0.022964274,2.318063144,0.147548626,,794.1815608,39.52860419,103.7191207,0
5.159899227,0.016880326,2.209533294,0.152184494,70.77469753,820.0032213,48.90042406,99.44086881,0
5.126869978,0.016812824,2.109583361,0.146852543,,804.0266104,38.04675755,100.5582487,0
5.450937917,0.020813897,2.599030318,0.147434911,65.50065625,806.8933412,52.81171889,95.06265051,0
5.079933872,0.025453656,2.381585601,0.143766805,88.84597534,824.6867784,48.47424098,100.4438754,0
4.898526076,0.017692605,2.624412739,0.138899611,46.56200132,860,56.74149763,95.860058,1
3.254677004,0.013370855,2.505550294,0.154113544,,813.5539675,46.44444381,101.304759,0
3.952430287,0.021657161,2.472544993,0.147099278,68.29770194,798.4239105,39.99008972,100.4117114,0
4.549458123,0.021032666,2.198307806,0.165907227,,814.7385095,39.06229687,100.5014599,0
4.718689949,0.01615791,1.986523998,0.15419118,59.60684805,829.0032347,49.13999876,101.3331802,0
4.847709112,0.02690509,2.134304717,0.155101364,67.19697491,797.0210757,45.04690434,101.8088081,0
4.96367211,0.030087317,2.815816469,,59.29742688,806.4376604,60.04326168,97.90325099,0
4.140153823,0.015374763,2.699719536,,70.46009556,826.0777882,45.80498666,100.2207673,0
4.544058452,0.036665757,2.469211344,0.138474633,66.19558094,771.5481283,46.67605869,100.5329541,0
4.775986669,0.023956294,1.999061252,0.146170892,79.0577102,783.6481007,54.61508248,99.80336037,0
3.980555592,0.022021795,1.930040473,,80.88401675,786.1804923,58.50026813,98.98463276,0
3.747980239,0.012175112,1.921123245,0.13857819,59.67939419,767.4753836,58.79014098,99.13100635,0
4.251109665,0.023784317,2.184692153,0.13831047,76.7491273,759.2780929,45.98943846,102.7193744,0
4.237922763,0.014599128,1.874537743,0.137587608,80.33298144,810.5765221,61.13146543,97.84178854,0
4.619552394,0.019627985,2.48604289,0.166624922,70.80152852,819.4727281,54.9275995,98.38018246,0
5.506791575,0.032789941,2.659725687,0.145467384,74.51064012,825.879658,67.29553425,98.23033918,0
4.566865721,0.016950894,2.970379989,0.144035341,59.65397278,817.0155335,54.35191691,95.31520886,0
3.474846312,0.0260434,2.503705041,0.150702949,77.03470068,779.0292198,43.14123398,101.1658758,0
4.785867791,0.029189811,2.5931481,0.147552424,72.45028997,807.982895,49.05129929,98.33448483,0
5.136837863,0.030781361,2.678761019,0.149767697,73.98889928,794.0255114,50.15089477,104.887594,0
4.347407248,0.021827804,2.870032771,0.162639264,85.69619187,799.5534285,40.97597433,92.3202503,0
4.143029071,0.031240516,2.786271447,0.172940228,85.47113949,818.8163523,50.5165438,103.4402338,1
3.725868583,0.026593384,3.107131864,0.135700555,58.44537068,832.0469772,41.73616619,98.54500577,0
4.563883753,0.010954152,2.435121604,0.154207128,85.19598983,760.3555773,54.25921045,98.95271751,0
4.540450497,0.026635155,3.112909677,0.134572461,67.62356737,796.0881182,47.11185252,100.442472,0
4.641127205,,2.942538593,0.152628668,66.18859421,834.6096684,46.47491076,100.2372995,0
4.199190545,0.037038946,2.247285412,0.13735463,75.29710758,752.4593799,44.19308766,99.38503782,0
,0.020489265,2.689631556,0.146383742,78.90668849,786.6072376,58.7245887,98.69849908,0
4.38852223,0.024521163,2.546524146,0.134576457,84.0734629,782.7789576,53.05570427,97.76460755,0
5.277760634,0.010585638,3.315529093,0.138888975,70.46754014,796.4723626,38.14935951,104.6413788,0
5.071313269,0.018604494,2.698776899,0.143292761,,740,42.70670099,102.4293543,0
4.593360596,0.023162028,2.787483443,0.146507669,78.59116291,787.4034788,51.71450789,96.20874904,0
5.192312371,0.019812068,3.055426008,0.140805644,75.76895126,830.7045719,58.38611501,99.50020508,0
4.966791314,0.02196465,1.809720194,0.159735623,85.98975742,749.0492777,44.03842023,100.3341552,0
,0.018060247,2.080626059,0.159336024,60.8202018,764.4476177,59.97941069,,0
3.999931065,0.028620226,2.423038815,0.142249803,83.1938654,767.4109951,61.75656557,101.0154418,0
4.446293029,0.024615545,3.075046673,0.143997672,65.00571767,823.6745337,53.56170168,100.3604828,0
4.816181579,0.0319578,2.421434285,0.154355104,70.14474094,810.3088982,59.79517184,98.10768488,0
4.655278385,0.023180967,2.655439748,0.144077464,67.28122112,826.3705212,28,100.353738,0
4.669044883,0.03602727,2.672763014,0.129521299,80.96564579,818.0995648,39.9073995,99.38643538,0
4.504914747,0.033950474,3.176206686,0.142452073,76.9795158,792.7379773,32.62241488,102.8083394,0
5.379100192,0.026727406,2.885170725,0.135863972,78.73567647,785.8019474,57.76046872,97.68071951,0
4.490609407,0.023262337,2.686091371,0.121617219,68.36248608,822.3948154,37.9764713,101.3031776,0
5.070118392,0.027897089,2.577856344,0.165187402,57.63321925,821.2888618,54.7570898,101.2626371,0
3.682738065,0.022410725,2.262580038,0.134976786,63.88257723,794.7628229,52.60035793,109.3501127,0
4.680803271,0.028200418,3.279202112,0.14574528,78.75755475,794.6564978,52.39078436,104.7775049,0
4.037495643,0.013590581,2.724378624,0.145796055,68.55764025,795.9398206,51.30174988,102.2593369,0
4.03522408,0.031264447,2.60684743,0.133418694,77.87315998,791.2741893,46.06226517,98.93844394,0
4.186722999,0.021375802,2.190690962,0.147858647,90.69706974,745.1495286,53.6246406,98.32554464,0
3.601680726,0.013170488,2.432683914,0.130133812,69.79597732,793.0700902,55.33636438,102.8197176,0
5.290839326,0.015143622,1.601694306,0.149184203,80.53273154,,59.16885311,97.1290508,0
4.605465853,0.022374467,2.922418911,0.133178295,79.96963008,777.6597643,52.03352541,102.7758987,0
4.167107853,0.032113899,2.823353192,0.147186148,,813.3827384,49.86170046,105.5434291,0
5.414153886,0.013494712,2.222662507,0.161732551,75.65050149,782.2607521,47.95987478,102.4963965,0
4.643520002,0.02531726,2.402420415,0.146106797,83.42598436,797.5656019,36.50427009,100.9255401,0
4.782092514,0.02061046,1.998442214,0.154622134,76.79185478,793.5206162,64.36875717,99.86936029,0
4.347210521,0.022381182,3.253662042,0.125980314,81.13160514,770.6399644,59.80605159,101.3670698,0
6.212029665,0.029012348,2.157238471,0.142505128,81.18921058,762.6996414,55.06560348,99.80230589,0
,0.014353676,2.490765502,0.142576085,77.15393401,781.8982353,43.0422611,98.13580968,0
4.006819315,0.022745149,2.427212732,0.141943602,49.5755055,825.7321158,58.2886236,103.7015274,1
5.131900408,0.036319995,2.200866525,0.146805081,71.15085382,781.0910311,54.25786149,99.13870958,1
4.213063834,0.027648089,2.04070081,0.143298857,72.08502948,820.9120635,51.97483143,97.63778682,0
4.01123122,0.0185969,1.972405561,0.142890873,64.07573067,752.9976719,55.22801057,98.51925325,0
4.181817703,0.016973585,1.641549351,0.138951274,80.32397446,806.2776444,45.4913501,96.51260174,0
4.870394825,0.036454951,2.506668669,0.146940182,70.64189134,766.5269104,58.96803526,103.9188562,1
4.238259848,0.022868749,2.829689201,0.162896381,,742.1088587,48.25992635,104.8548877,0
4.472527892,,2.737599759,0.158784361,78.91156297,780.0703806,42.18111504,104.5203058,0
5.076307036,0.031314208,3.562714165,0.145731533,,820.5335978,30.251759,101.3191222,0
5.129202883,0.024243364,2.338374691,0.151114294,79.78752761,793.3419303,49.89421139,93.90420043,0
4.710291468,0.017001808,2.896529505,0.152791242,86.12139846,759.6890127,45.373259,97.1407739,0
5.52635873,0.019637249,2.858028003,0.145583624,69.71233014,803.7312718,45.67633219,103.6876827,0
3.24040629,0.025168784,2.466631875,0.146102563,78.77000349,774.4978462,52.14094007,101.0400645,0
3.342554338,0.027624794,1.778705349,0.143445563,72.80255559,793.192272,47.16189062,98.99604143,0
3.855764231,0.024639986,2.901342964,0.139305916,85.82639948,789.2471915,61.54024315,97.3046786,0
5.456097133,0.017668571,2.286274573,0.149143491,84.50650318,778.7019486,,96.21821794,0
5.055339501,0.025344319,2.891465455,0.137637387,73.8599224,834.53508,55.19004238,91.74955452,0
4.00782708,,1.82497778,0.154731616,76.77457383,819.5805895,49.93428016,96.81367867,0
3.266249517,0.028279027,1.975863152,0.136128026,62.75435236,860,59.53337148,101.6578035,1
4.558460783,0.032532349,3.738766249,0.157180716,74.87657631,808.447426,43.97562609,99.42831306,0
5.325975363,0.022307153,2.133388065,0.131074393,63.82422093,801.552643,66.9456785,103.735578,0
4.501072133,0.020023386,1.988064954,0.137757747,67.42722476,777.6819442,41.67102826,96.69575737,0
4.595988928,0.0193694,2.15394069,0.146049501,74.92817494,775.824414,58.50117891,99.82149842,0
3.81857311,0.017418531,2.568544734,0.142200942,75.35436781,792.4204105,56.07240452,97.56175912,0
5.230199535,0.027359739,2.737338463,0.154215508,80.45408471,762.8434198,,95.84616716,0
4.6895599,0.018962006,3.429576985,0.145842444,57.09689999,826.3983316,56.36840494,96.03359831,0
3.773420092,0.033024045,2.430889296,0.133893899,62.84100162,753.1422832,54.59913534,102.2240996,0
4.241330072,0.032649626,3.192356521,0.141276744,76.19263357,804.9851961,46.1763287,96.70569294,0
4.863225867,0.028435298,2.826087137,0.132022783,59.74808305,,47.18158683,94.97516106,0
3.444292828,0.036126336,2.902327577,0.15890166,73.19963599,,44.1710851,102.6945154,0
4.052611518,0.025118167,2.489644137,0.150005691,,795.1857232,55.96502886,101.5858502,0
4.775934437,0.015666012,2.10553128,0.147777267,73.03149273,785.8742526,63.15229052,95.7164991,0
4.323038711,0.011248708,2.887004592,0.132583387,63.9192389,791.3044916,32.45968127,99.4059004,0
4.916067522,0.018569737,2.403591716,0.148757284,71.97609023,792.4384427,62.73772109,97.53941666,0
3.59503076,0.019352006,1.492169795,0.152891143,74.06777421,800.350697,56.11276831,98.16521257,0
5.104240636,0.024834668,2.327065473,0.147099897,70.07029817,809.3461678,49.45138025,99.78223916,0
2.91929075,0.025284904,2.861155766,0.134798654,83.69542637,774.5930247,66.32394731,,0
4.09572921,0.029960309,2.423573325,0.14899093,62.05355928,,35.08718374,100.5820523,0
3.987514989,0.020593151,2.628485597,0.159547321,90.44118005,781.5318293,43.20287172,96.32048322,0
4.777596374,0.029225857,3.261900333,0.138696999,65.76456928,844.2559036,46.05329828,102.238301,0
4.400651263,0.017412073,2.562457095,0.150039995,62.67541354,779.5190702,54.33084672,100.9112922,0
5.226450433,0.024251364,1.210211774,0.155564867,67.27515592,798.2421284,51.01801624,98.57774565,0
6.214951769,,2.141661472,0.156821976,82.07238493,787.8523436,52.99454582,103.0089907,0
4.335809749,0.021371708,1.709045171,0.143918912,83.22779053,805.2110426,61.03930241,104.5646782,0
4.560694188,0.014471029,2.850923003,0.161788867,80.32052463,797.0834745,55.07249885,96.74416582,0
4.565211473,0.017729645,3.620706116,0.154171339,52.41845011,833.5032026,61.30819481,99.82245528,0
3.580654532,0.023043398,2.720744531,0.15414268,78.77784287,769.7016138,58.28791579,99.80306037,0
2.5,0.025826336,2.29234168,0.145862898,66.80599223,813.9695106,44.90014841,96.10641109,0
4.222830665,,3.193254995,0.130734996,78.43703191,811.3559246,,104.0121029,0
5.172017816,0.022090704,2.067428609,0.155271692,75.59789334,805.4567866,43.34286478,98.45276025,0
,0.016606633,2.832496553,0.140048947,58.60136691,793.8074213,45.73925599,102.7673672,0
3.627308436,0.031987015,2.462272361,0.135049603,68.94827509,826.8547685,48.31955382,97.55042849,1
,0.019424575,2.474914267,0.158585811,72.02839222,827.8534099,54.55309153,104.5296588,0
4.372188593,0.026105019,2.53844938,0.151922571,68.51337241,788.7135427,55.07503724,101.3316599,0
4.507933435,0.027593482,2.393352462,0.146016201,87.66214001,801.6621104,50.28296491,94.77010097,0
4.225204887,0.01998088,1.952631862,0.134379378,52.30606719,835.1228351,40.92745088,99.90538365,0
4.644965532,0.022234545,2.250260375,0.146403279,82.17834435,824.0729508,44.54204963,96.28661134,0
5.387550851,,1.950338349,0.165580547,72.29814362,818.0067291,40.2928266,99.62461592,0
4.34210858,0.020230593,2.334199785,0.141689005,52.74451838,816.6288951,58.8479382,98.32400732,0
4.456943324,0.034788876,3.048032128,0.16079688,63.51320394,791.546271,43.44456819,101.4918621,0
5.222360219,0.029704452,2.092128471,0.137950526,64.7122626,831.8835259,54.73440815,99.54497013,1
5.205357757,0.013288909,2.858365028,0.138962684,70.46136164,830.0992661,45.04691166,96.23851137,0
4.199651111,0.026549204,2.838943493,0.147025409,82.42991372,773.2609501,53.61784599,100.3145898,0
4.40460174,0.027164836,2.094282266,0.136214029,77.19848951,796.9296322,51.58687334,101.2324468,0
4.507629472,0.0257474,2.201412356,0.149865941,,789.167296,60.47154525,96.58953573,0
3.703762586,0.021942601,2.526611252,0.149937095,65.52176354,,44.07386717,101.7211794,0
4.43962588,0.025321582,2.378002603,0.136204926,74.45927596,812.1702324,60.69874581,,0
4.163824006,0.022061591,2.162750436,0.138070876,55.29226692,860,47.54342353,103.3928134,0
4.386323447,0.030481646,2.326571583,0.156407274,77.49633609,806.4625061,55.7958036,99.46042827,0
4.279591632,0.019379199,1.617202648,0.154065932,73.04562935,795.0187284,51.42889473,98.74577611,0
5.048520472,0.024155155,1.627554697,0.15114595,77.91517285,798.3675702,54.53126306,98.2043478,0
4.058671366,0.02752722,2.241574502,0.157269504,72.63505765,780.9290262,50.97905859,96.11716015,0
4.327217813,0.021286111,1.132722177,,93.4607981,759.6192098,55.5753493,101.5856605,0
3.894787415,0.012767749,3.117919148,0.13611621,85.10031397,827.4015899,56.91511154,97.67501086,0
3.990495523,0.012677259,2.405164042,0.163032014,72.46437772,797.8167599,37.57185966,99.71147051,0
4.895603773,0.02519189,1.682808517,0.139563067,86.68896377,765.9914883,52.29464696,95.1900731,0
4.16854031,0.018881811,3.452198319,0.165981924,81.84875463,775.2854518,32.52522654,92.83707337,0
4.846661142,0.029118663,2.532825254,0.142311873,67.04553762,822.1233267,49.8979516,100.7129016,0
4.236462649,0.03124306,1.883980308,0.157198043,73.07364129,783.6102544,48.65446364,104.1518877,0
3.117316995,0.023052996,2.642166997,0.145871612,87.4390591,,43.71983676,104.3700666,0
4.364231953,0.023811431,2.792330461,0.136408969,60.20224992,821.7723095,48.19421446,97.77842377,0
4.08068378,0.017024618,2.401413158,0.144072624,81.37822229,779.0676977,59.27277155,98.56498783,0
4.319106491,0.021953673,1.864758124,0.154902465,79.60596127,752.7966488,56.31612862,99.73695123,0
4.458855193,0.026622055,2.450744203,0.15087975,66.2683407,822.5464822,53.38643587,103.0702293,0
4.657367641,0.023397092,2.507154511,0.1600173,69.17267973,813.9665494,63.78728606,100.3738121,0
4.35845335,0.019780841,2.142486071,0.157769827,64.64818921,792.2881144,41.12592755,102.2476627,0
3.470654241,0.026034722,1.80563352,0.155280685,80.361688,834.061424,61.16617722,102.3023476,0
4.722185744,0.023770558,2.125361946,0.155434068,73.88679478,762.9449308,52.63996283,99.16521988,0
4.802454287,0.034773963,2.770967412,0.154059325,64.92561212,786.3504194,55.71961513,99.24345183,1
3.810973038,0.034007275,2.181911931,0.150051447,70.04661003,811.218184,62.01884377,100.8934733,1
5.258033557,0.024851879,2.614470166,0.15939972,78.3335581,818.814282,51.55401723,100.2876489,0
4.744385527,0.030812207,3.420923362,0.152582355,74.82893255,780.3686499,66.43200231,,0
4.139250835,0.019268003,1.685440306,0.150097189,49.71696537,820.6181929,,102.4157339,0
4.582490962,0.033606425,2.952051444,0.136271511,72.51232284,789.4283129,47.4525574,99.88802986,0
3.970924706,0.03715349,3.098658254,0.152042151,81.36086475,747.8327438,50.76901752,100.0098574,1
4.62109092,,2.801444917,0.146052398,63.84706084,841.0697065,69.80334512,99.84044454,1
4.180258686,0.018096052,2.843991932,0.168286458,72.1260312,808.3129098,52.60415042,98.27201829,0
4.669279428,0.009203228,2.822710928,0.143164117,74.42018938,796.0211195,43.83307062,104.4615016,0
4.404921172,0.027216791,2.506861461,0.137649978,74.87475554,818.0983191,60.8622204,102.8276654,0
4.776742622,,1.789458484,0.135915252,65.17225402,822.5052147,51.69893222,98.65107373,0
5.377896643,0.038022453,2.323376067,0.137884228,79.44399991,791.2661473,34.25888643,101.3651796,0
4.260746956,0.020208584,1.474579063,,59.29475168,832.0579651,52.38727681,94.58227729,0
4.182241932,0.019830441,2.251708684,0.139761085,76.24726648,782.4205511,43.97643361,93.268875,0
4.610695577,0.01741391,,0.152017483,68.9814634,792.5356475,47.72518547,100.4479931,0
,0.005,2.492925111,0.1384981,77.57151013,770.1758996,47.23708311,95.98253508,0
4.476572083,0.025702036,2.632835902,0.148571598,76.6217663,816.7655258,28,99.60133959,0
4.57485625,0.030794537,2.867947461,0.136153025,73.15012362,836.7248189,45.42019361,102.302027,0
3.776517992,0.015389817,2.303351066,0.150166828,78.82281758,788.1949363,51.80262937,98.04351989,0
4.078295051,0.027745902,2.68464773,0.144688196,62.04932133,843.4942793,53.99455655,94.49430377,1
4.935095689,0.015414337,1.974795115,0.136041215,66.94545196,781.8467599,40.11461135,100.0902088,0
4.179532195,0.023318759,2.833817378,,53.56889209,776.9211192,51.50497315,100.8809779,0
4.239218846,0.018814322,2.842363123,0.163079194,74.42669281,789.8795883,50.64740187,102.2520999,0
5.720946604,0.025154339,3.465784772,0.154958558,74.27945744,792.9193798,51.22296569,100.6636886,0
4.447615018,0.028366848,2.623461253,0.138527501,80.86180973,770.7935076,54.73701721,98.8817599,0
4.033917331,0.023821306,1.609144825,0.134360029,61.03014558,795.8731465,59.62022054,99.00692446,0
3.914712428,0.028946253,2.515941309,0.143223747,69.54945203,768.4574123,54.58262499,99.35194613,0
4.09580276,0.021797589,3.230403919,0.162199556,71.61505381,802.665872,45.31829198,103.7084319,0
3.403030008,0.028688511,2.415988144,0.161109383,70.77040228,812.4934382,55.6184223,102.8683837,0
4.218814804,0.018976934,2.641121564,0.139317688,79.8130216,820.7602605,47.99208944,99.56095083,0
4.116987026,0.03342587,,0.14019018,76.02863344,828.9444025,39.58722119,95.4202128,0
4.507205544,0.030065153,3.479539061,0.141013558,85.73288293,748.1737797,65.76391972,99.99297584,1
3.755506366,0.030775597,2.550581755,0.158912051,81.77540355,,50.36446257,104.2542117,0
4.553439696,0.027639747,2.631557304,0.157595461,63.34843593,781.3751033,46.4592781,99.99495157,0
5.976061835,0.028302757,3.0846116,0.147352914,68.24278904,814.9490422,51.09259614,100.9002573,0
4.502917165,0.022039583,1.36947221,0.144502747,76.65488948,830.3931417,39.09479589,105.0593728,0
,,1.854848189,0.152566799,74.70780829,814.3447324,59.26435757,103.6339756,0
4.703139878,0.016301328,2.172044441,0.145366233,77.09386089,799.7205919,44.00483375,104.9923483,0
3.689948455,0.026667439,1.897860802,0.147115681,67.99462619,,46.407507,105.2766522,0
4.392767645,0.024598429,2.67187203,0.136642039,72.48347464,818.5961122,56.09173132,99.69872888,0
4.182433008,0.03194332,2.023708285,0.136428789,85.0626457,767.5159939,61.44997263,96.50982669,0
5.388770428,0.029062977,3.680967338,0.156022224,73.77013206,826.5170969,45.39825384,96.89127708,0
6.144314009,0.018351923,1.76433258,0.136104972,79.03192772,835.5890588,53.70359208,103.7013712,0
4.788449265,0.028028127,2.546251128,0.15261056,,803.0298241,62.22376943,96.45473463,0
4.415034882,0.012679721,2.616385805,0.162463149,52.03774003,801.9503854,45.89647108,98.43729532,0
4.752180932,0.024793437,2.240578298,0.140015263,79.27391338,777.7572345,46.26835716,95.95120963,0
3.469961178,0.016828742,1.622170188,0.165584156,67.4377594,807.590786,45.6096803,99.51976009,0
4.828631727,0.021325848,2.239152182,0.160999784,62.31432632,802.3147617,57.12035602,103.807976,0
5.711135483,0.029771571,1.649998613,0.157993037,79.98494079,763.5803867,51.51640677,104.8749581,0
4.092098071,0.028404298,3.175201488,0.146410319,86.19990007,775.8851544,58.49459482,101.5420756,0
,0.017619421,2.480853787,0.136315001,67.81596313,811.5829578,52.49653139,102.6820732,0
4.96399015,0.012036152,2.66606511,0.144712271,82.51322875,800.8482061,42.05211252,95.7456558,0
3.411181984,0.023320864,,0.159224244,57.55401214,815.3053479,49.42222702,92.43562519,0
5.683559676,0.03224133,2.234503573,0.157542237,79.14737651,804.7346019,60.38641973,103.4570111,0
5.735911104,0.01676016,,0.145918281,86.85893468,756.363561,39.71854326,99.4597021,0
3.433472171,0.024389926,2.731930377,0.136703786,57.74684884,801.660376,52.87589916,99.11471603,0
5.13390317,0.017719641,1.67382584,0.127886201,82.6337798,783.6082909,51.65925188,100.1776777,0
5.600280495,0.026425346,2.042825798,0.125579313,64.83955984,788.6189466,44.75815105,103.851286,0
6.036742153,0.023361395,1.441198223,0.131582017,82.68945017,811.2747961,57.17053453,100.0216374,0
4.896948022,0.021311045,2.614003003,0.175278307,77.01013042,767.9842144,59.49496359,96.56218729,0
5.451234026,0.030464069,2.835489361,0.162822898,58.42669538,826.1688434,55.2426078,98.88749535,1
4.764708678,0.016670375,2.704503701,0.152388488,70.7464266,772.9458225,67.05284245,100.5558746,0
4.596403202,0.015054865,2.605617104,0.162279798,72.99730942,,69.25860577,100.1496065,0
5.304913033,0.034481803,2.51911431,0.160332202,59.23801802,820.8401731,54.49113955,98.30698264,0
4.52251014,0.006809754,1.066416638,0.135034917,60.8608454,804.1408508,44.11842849,101.2579621,0
4.164149939,0.009287928,2.013322755,0.154391627,81.97975968,808.6949792,49.04455146,97.79365804,0
4.375741513,0.023038268,1.857551896,0.13131564,81.14134208,798.0705107,62.1030934,102.7141875,0
4.351175686,0.029305902,2.567465337,0.142784529,60.66002155,812.0359691,41.40690122,98.70943,0
4.937959177,0.016448377,1.587705281,0.14223117,65.34857906,769.8941342,52.75320173,98.81744457,0
5.271280617,0.019334801,1.99962798,0.134331093,76.16124558,,45.60738559,94.64000642,0
4.773285728,0.019655627,2.45562382,0.13972451,63.88377265,837.2345305,51.27132229,97.71972443,1
4.637444822,0.016914635,2.584192219,0.144968066,68.38986535,785.1420338,53.81959683,102.4940412,0
6.255199322,0.026372596,2.96689597,0.141528214,67.23476765,783.8819099,34.23018085,101.1932634,0
5.002645059,0.022800773,,0.139859897,75.51067683,808.4041412,50.73993929,102.8583911,0
4.535512115,0.020292054,2.844916973,0.153207426,65.65805294,766.5316735,35.18444518,96.97215241,0
4.074902923,0.025835101,2.691672662,0.150477851,66.66944919,809.6724586,,97.16951089,0
4.058457538,0.017237952,2.827447283,0.141756212,64.75225705,799.2097028,63.4339959,100.3329809,0
3.984512679,0.009979012,2.214922669,0.144258434,78.90294579,807.1365428,42.98182047,101.4071077,0
4.398368836,0.021480199,3.073174577,0.147381878,68.62126553,798.9751861,,107.0733992,0
5.502893211,0.015799562,2.273139091,0.139101784,72.15777777,781.80253,43.8136343,104.7105932,0
3.703188713,0.035972471,3.167235745,0.129365769,68.88067595,768.9839331,50.07964469,96.09674669,0
3.430406629,0.024673927,2.252977914,0.166034693,78.35698073,774.1883981,47.52547518,97.1187888,0
3.467135415,0.021079324,3.051609068,0.156635455,,740,44.71138136,99.86234172,0
5.356730624,0.022264903,2.507879497,0.147664872,57.75041854,813.3537362,46.72506456,,0
5.338986553,0.027897201,2.854715427,0.152324749,91.11433274,803.1821161,46.6387607,96.5500761,0
4.569564041,0.022871426,1.94879689,0.149726513,75.10118986,808.8781545,48.680066,102.1493956,0
4.157131526,0.01232565,3.711158794,0.160973038,78.43025065,816.909861,48.72643012,99.3024004,0
4.03645855,0.036152164,2.348614679,0.156077076,63.32245762,803.5555336,49.49375257,96.21760211,0
4.483094945,0.031913502,3.027990408,0.127708363,55.70704251,812.9211605,37.69606045,107.0564948,0
4.845986475,0.029366243,2.769225675,0.159036649,68.49820157,782.2305357,47.46130308,101.2979685,0
4.784767029,0.030612637,3.073344733,0.162121934,81.15987434,773.3061974,35.77863951,101.5823719,0
4.063087679,0.032679412,2.411490144,0.131646729,73.81483062,804.9218638,36.53771636,100.5994741,0
3.892042699,0.021176296,2.25655732,0.151853077,75.57476103,772.1374521,42.45563844,99.65838834,0
4.44201369,0.030754341,2.337140321,0.139972856,,793.4128086,50.59812333,96.08515438,0
4.486329449,0.035394561,2.128665555,0.15597365,68.66524077,768.9178873,30.82611384,101.9074398,0
,0.022600806,2.052699375,0.149567582,55.40657593,822.814187,35.10178426,101.0696271,0
4.740084399,0.03314845,3.346123389,0.143903642,59.83950655,801.9309743,42.96722221,100.2250343,0
4.335363041,0.027783068,2.594284769,0.148070945,73.74818545,777.7196961,43.8573079,99.53634433,0
4.353342102,0.028728911,2.049237645,0.144799225,76.81730371,797.65989,46.50582715,96.91953959,0
4.826179648,0.005,1.594061714,0.13200068,83.06231671,807.3661054,33.45058437,98.01215455,0
3.799333133,,2.699020912,0.156774558,63.04393392,805.5859565,51.44696181,99.21866115,0
3.318496247,0.015313446,2.447091543,0.149086989,73.82966321,815.4020576,52.18686195,101.619655,0
4.873469174,0.020119812,2.829060442,0.132609487,64.72289711,795.6242694,71.4302078,99.07523227,0
3.269088248,0.030291428,,0.156840564,82.47158703,789.5544012,43.22226434,99.94745879,0
5.807474275,0.030673553,3.238278566,0.137623133,70.68466327,786.939769,37.76157208,104.5548067,0
3.373244969,0.028724549,2.314552877,0.152623525,77.73458445,774.7830941,55.68247322,99.37242244,0
4.246017084,0.018804643,1.307875218,0.136400106,76.15236158,763.5406177,49.93000483,,0
4.755049724,,2.544576926,0.144070311,80.34120099,782.9549106,42.84947605,97.65104831,0
5.479677569,0.033430344,2.816656057,0.139383795,76.2150871,764.7670353,54.24450499,103.9205537,0
4.299330366,0.014586732,1.560310665,0.15471357,77.19325514,802.6139532,60.47584272,103.7510795,0
3.819996275,0.014438989,2.979705923,0.133662497,68.05553936,805.6506352,63.92213142,100.381218,0
5.1651434,0.023430903,2.034329419,0.15934217,82.83090548,762.2720204,51.34934133,96.88512115,0
4.626870787,0.01920615,2.23983344,0.147573666,50.81685574,846.8967428,45.10649571,99.20580874,0
5.349044955,0.030085234,1.778588267,,79.64837936,781.8757071,55.83213802,96.49407474,1
3.774512023,0.01730607,1.544294182,0.127792601,67.57303634,777.4858951,41.51445995,103.2139385,0
4.21385119,0.024165866,2.708936398,0.159065393,59.67310649,804.1027192,49.73898382,99.46099754,0
4.734121387,0.041125459,3.468478346,0.148999257,72.41691013,782.4456852,50.80810112,101.9031988,1
4.193014317,0.024374271,2.652222663,0.142957736,60.29947507,793.7529834,49.36820655,102.8468125,0
5.309958727,,3.485355387,0.146829233,91.66850197,812.4165348,62.87706962,99.47464914,0
5.085249973,0.019453444,2.824244185,0.157852539,68.19054347,763.6381653,45.535304,98.10131606,0
4.79095232,0.015196332,2.243410909,0.143842713,64.06987353,802.5819606,46.27461363,108.1059038,0
5.113947585,0.028886812,2.055485983,0.148054904,90.06092541,742.4738129,60.1698484,99.45291712,1
5.071987897,0.027446307,2.445424285,0.145575386,72.20516491,826.6759741,34.26486199,102.7675247,0
4.029300485,0.022663282,2.880598891,0.137191223,52.881914,810.2140842,41.64635079,104.0052425,0
4.447283829,0.027448824,2.299700506,0.141373504,66.50864566,828.7770818,54.07411994,100.1681468,0
4.582615967,,1.869036583,0.130925558,75.98245767,807.6616785,46.22384309,98.67094478,0
4.318590819,0.020786403,2.163133992,0.163699782,58.12346792,800.7189483,57.87442124,103.3388507,0
4.152690433,0.023184199,1.56578826,0.150288106,61.97183289,836.6381222,54.95883184,105.8364174,0
4.042330652,0.02060104,2.37737961,0.120768457,77.76663745,818.257795,57.48016153,99.70800787,0
4.281239554,0.026547643,2.187168216,0.147968057,56.89795689,827.2635131,54.23532515,100.0085877,0
4.025764434,0.030958534,2.282038297,0.155804482,65.30892717,781.881653,54.04045077,98.29994873,0
5.370656524,0.005263213,2.585889422,0.155088095,55.97445045,777.9749012,55.90298073,104.8577044,0
3.965544284,0.019590958,1.854603453,0.145253253,71.68687998,785.2747445,51.05395088,99.88193782,0
4.715415151,0.020476625,2.245683035,0.131005235,79.82489597,860,40.96860515,103.2982493,0
4.611327616,0.020456356,2.189531002,0.146325759,68.98308331,809.0582913,60.95700695,95.89483528,0
4.820575473,0.019685121,2.558045524,0.159868743,89.96988015,779.7953855,47.59117124,93.86902574,0
2.867129691,0.014231609,2.889350741,0.147384251,73.62608865,780.3525044,57.65441016,98.68563859,0
4.463474666,0.024164847,2.06805122,0.145931289,70.52084605,794.5577646,52.84763744,100.7837932,0
4.008736588,0.02558675,2.55524943,0.130253481,83.49197003,781.1826012,56.71517374,101.9441351,0
3.958085996,0.035812027,3.243464198,0.130414594,84.39038322,800.6585679,45.70331104,102.4309781,1
3.252121822,0.030122482,1.995281512,0.146662522,92.69423287,823.0644815,50.33288279,96.34260275,1
5.077346195,0.022491981,1.202399888,0.15013909,69.46116095,832.7548801,40.39055902,103.3793106,0
4.653836916,0.018732778,2.531529569,0.155232396,65.7158756,782.4125837,62.15266941,99.21719613,0
4.793233345,0.013898614,1.655142044,0.117170802,64.8071488,851.3966967,58.25610478,101.5379696,0
5.104295477,0.032516476,3.856340577,0.159304778,71.73797929,787.2063007,34.93337279,101.2389785,0
4.575245079,0.030760443,,0.129700698,69.12742297,801.9580207,36.87051816,101.8674779,0
4.739277255,0.020579034,2.619950655,0.158029099,60.32461663,845.0310692,51.57787102,100.6986453,0
5.546276881,0.021836378,2.713459274,0.148200169,78.82151931,745.5464074,54.63847875,99.40697835,0
5.563790796,0.03022238,3.510457653,0.144164722,70.30611281,811.1865691,38.24800495,101.0449303,0
4.934063948,,3.346944476,0.152406059,83.04046289,768.992536,54.48238675,100.3529895,0
5.136703508,0.017596455,3.98090813,0.146821939,68.3490673,771.780403,50.71141496,97.46450342,0
5.432270751,0.027787099,2.498350123,0.146086804,67.67888601,772.0669752,46.40266769,102.5346401,0
4.58412446,0.018579782,2.454199687,0.130791868,67.88360712,791.5982829,47.98258989,99.29621047,0
3.656953707,0.032045679,2.717962149,0.1448448,76.28085664,804.171871,52.78961598,99.94990416,0
4.605587703,0.029888164,1.725907864,0.149511572,84.64659928,767.1817412,51.7147286,97.69801842,0
4.012956045,0.038208228,3.016648316,0.135966807,72.31853049,805.7060971,53.28818134,,0
4.737065854,0.027044156,3.671231486,0.139025949,76.45400494,846.2841525,33.48508792,96.87262297,0
4.863038731,0.026063023,1.985993689,0.162348931,69.79577282,784.7723587,45.42000659,95.31105745,0
4.436789554,0.023765517,2.457132465,0.146737556,84.45847532,808.9322148,65.69161459,101.8238186,0
5.480152439,0.018423201,2.064741229,0.133516066,76.47665362,822.7151746,49.22387474,101.0831414,0
4.592854436,0.032107599,2.461325449,0.152328269,66.41996502,768.5823432,53.54644193,100.743769,0
4.853361234,0.009925984,2.045551902,0.153693691,62.29800624,848.5664042,42.47911279,105.9720694,0
3.735284089,0.021247722,2.597360692,0.145395883,73.20280671,803.3606418,55.15811976,95.38649964,0
4.475164953,0.030941188,2.158262384,0.139909945,60.93876608,801.5872316,54.55164485,95.63440774,0
4.371328646,0.02146273,2.97841216,0.146345234,91.85108901,767.5330187,46.38963463,103.5076937,0
5.969249029,0.020517367,2.255805848,0.130365494,57.76901199,831.6812032,43.74139175,107.3844292,0
3.689636304,0.020713569,2.92119669,0.144600179,79.10913002,816.1616105,,101.5681595,0
4.826817689,0.024895419,2.550841452,0.141289091,82.48984001,741.2376422,48.96219985,97.72605996,0
3.553020134,0.022657355,2.595646363,0.155948482,82.88460371,790.4022592,57.31443301,102.8635445,0
4.054278616,0.027145509,2.684720815,0.164201061,86.02213526,763.4795881,44.98323253,102.0891102,0
4.888322815,0.018834369,2.17251556,0.156291533,78.22514352,824.5333835,47.7176147,95.58318815,0
5.43314465,0.022908566,1.907308164,0.15545207,62.68205183,805.7349107,53.2031552,99.42024998,0
4.079598806,0.027490037,2.404041242,0.147913016,87.02751037,793.8465161,53.34367284,99.2672901,0
4.801799892,0.025430103,2.950622011,0.15399517,94.47955967,797.0657847,,101.5482282,0
5.041470077,,3.259406133,0.160526549,82.35555697,785.609568,50.74928678,97.07701919,0
4.916517143,0.018742745,2.059730022,0.153201122,83.0915229,763.747223,43.95997582,94.48421682,0
4.650274172,0.022154795,2.616333285,0.139904054,66.34161495,825.5119076,40.01969232,97.50932236,0
5.630532648,0.028189407,2.896117791,0.138120995,80.99117697,842.2292765,43.95112286,102.0671874,1
4.397712324,0.026732833,3.661206129,0.165298739,,812.9691909,29.91256908,96.63297889,0
5.70428561,0.008170461,2.242300607,0.130419293,73.2619745,794.4968196,45.48282827,100.394248,0
,0.024365464,2.575943505,0.155770466,86.89694241,788.9001663,45.97426349,100.6220169,0
2.727865956,0.02759393,2.943007151,0.130804639,66.39826089,761.250873,48.31247419,96.92109835,0
5.402102405,0.023926291,2.036989921,0.146496826,70.35625906,779.7708279,41.37599583,106.9121131,0
4.323314749,,1.375278656,0.144332948,79.71379306,801.3782625,41.91991471,101.2479378,0
5.473521765,0.020663909,2.209283871,0.153298015,80.45110027,799.1750421,61.04433753,103.6991808,0
5.52071449,0.025301186,3.186053299,0.150481196,73.04059318,820.8272554,50.95701613,99.8040798,0
4.569380207,0.025239439,2.873291277,0.149821897,67.58350704,792.1587435,70.94538739,99.41071323,0
4.227590355,0.023342232,2.380529368,0.150830989,70.91585526,828.5107096,60.17348157,103.1025703,0
4.972791864,0.034386175,3.106979763,0.14328509,72.59568871,799.4651559,42.2966889,102.4827858,0
4.463178262,0.027334621,2.6080815,0.126955943,70.03507744,792.0924268,58.65179139,97.68041663,0
5.548523621,0.026713164,2.385490081,0.136165118,80.24168292,802.3627858,52.65747973,103.2102208,0
4.388271343,0.029484344,2.407087445,0.152497652,74.77520276,807.3342357,46.69814832,108.0872553,0
4.980906324,,,0.142459991,81.46214982,824.0366431,58.29436346,96.56678856,1
4.586020369,0.025505174,2.50228052,0.131651663,61.72822019,838.8743914,40.17461564,99.50999019,0
4.784586451,0.033928563,3.213913643,0.167736609,67.01357074,786.9809816,51.29124676,101.3805011,0
4.541227124,0.017730877,2.926963971,0.150629082,69.19277666,810.0596053,36.91405369,,0
3.956728663,0.025103693,3.05206715,0.153298905,67.65404583,798.8874985,59.6565831,,0
4.698365216,0.023739018,1.613944947,0.147205036,75.82630238,808.5196941,50.24430644,92.95847881,0
4.839271449,0.009672124,2.741097494,0.1463532,62.4453892,849.4058811,53.04621548,101.7234608,0
5.410854993,0.021953579,2.689449005,0.145309728,70.07513155,817.9383902,53.42868933,95.7131855,0
4.270752187,0.020271097,,0.145194276,84.8323222,815.1918011,59.04779542,98.40318578,0
5.940823409,0.020111313,3.042653619,0.143851862,65.09710148,823.7328898,45.29025515,97.40144076,0
4.111999159,0.027274466,2.568478956,0.157967927,75.18547503,796.1455935,56.56340503,101.6848263,0
4.784182824,0.034375221,2.383447662,0.160589775,77.32718401,768.175314,55.29765711,,0
3.842273771,0.029225665,2.459607417,0.146386009,,785.4541905,53.86725853,95.76402227,0
4.925480165,0.017366499,2.003830946,0.152017519,76.4363961,777.7486251,55.35803277,100.2273245,0
3.737437397,0.031177482,2.90558507,0.140449705,68.24758038,834.1141932,47.13651797,103.9147331,0
4.493684797,0.023606973,2.419737831,0.152102348,58.74865809,797.6013537,44.33571774,98.2810856,0
4.749085276,0.033762374,2.889438944,0.138245775,,857.9359652,44.40017852,99.45787421,1
4.768153441,0.043392918,2.44815324,0.145759493,85.05094494,761.1340476,44.93049613,98.39061057,0
3.593311202,0.020897596,3.34235643,0.135802275,86.23132164,761.7091323,51.16577142,97.43729842,0
3.538972489,0.012147329,3.036545641,0.141896384,75.3665574,808.6923249,39.03598348,97.74760518,0
5.180196335,0.022959317,3.625999197,0.167544909,62.94677799,812.2856075,45.52890302,95.29883065,0
5.342215737,0.020659898,2.613084184,0.146025781,67.82819047,791.6170793,57.28566011,102.3686688,0
5.050108548,0.026662284,2.01665099,0.132296009,67.21702747,805.5881497,56.35631775,100.2064109,0
4.601577666,0.019270163,1.823368786,0.151016747,75.45618454,794.2110029,58.23543661,100.4276011,0
3.931360677,0.024985828,3.705740004,0.124620985,76.04107299,805.7900123,47.38869912,94.84659323,0
4.94702697,0.02728995,3.127623203,0.149140874,70.51717579,838.1153454,43.87243248,96.94531971,0
4.582556881,0.030436205,2.560025173,0.139937395,59.53165107,807.2879153,44.63095143,94.53740196,0
4.016112823,0.034262474,3.103413744,0.155657419,55.60170047,824.9105435,43.66842993,96.13679612,0
3.907618659,0.030694177,2.654085171,0.145589868,76.88461017,812.7977176,48.13385433,100.8108387,0
3.78161875,0.009985725,3.145494689,0.152656647,63.70993697,831.8672452,58.32260986,98.48056866,0
4.392605678,0.024035874,2.697896658,0.159543879,70.35777333,791.3673692,54.16940601,100.8827315,0
5.431537219,0.027454303,2.67245536,0.151037318,55.67453182,822.8927994,52.21240686,102.9023214,0
3.54407586,0.017699328,2.078419333,0.152235058,65.21992245,785.8478803,46.71322456,,0
4.279050543,0.023540488,2.784444768,0.129659511,74.39011987,786.1395034,66.89223465,99.47989943,0
,0.016457255,2.477553959,0.16068833,64.26285174,805.9231982,58.74193053,100.5580514,0
4.186876486,0.037741745,2.734128922,0.150980397,83.39795804,798.1555144,50.55884392,,0
3.907774584,0.036166267,2.45695937,0.142523764,69.77476145,809.0400959,55.36088556,101.3748436,0
3.930991219,0.018590453,1.550525919,0.162293926,74.19394154,,51.07836483,93.627524,0
4.759917402,0.035452098,2.685422289,0.145849063,75.47686227,819.7068511,54.1279539,99.66709366,1
4.930545187,0.030605431,2.765540986,0.155900827,76.82434408,760.2400629,52.20458319,101.6358195,1
4.917464239,0.028798004,3.357852033,0.140837254,58.66064502,770.6094795,58.07517057,98.29056873,0
4.864744443,0.031992527,2.834657463,0.140785104,59.84188089,837.8095943,58.45545425,102.0129799,1
4.484234707,0.017746468,2.541834198,0.153809054,59.70925895,818.2807039,50.90457889,99.52974613,0
3.514827101,0.036400125,2.26723072,0.148607651,69.53035099,820.96106,47.38716963,96.93932828,0
4.373829449,0.025643462,2.997952118,0.152430412,82.60116686,801.675983,48.77357028,100.899557,0
,0.022650648,2.672784642,0.161984437,74.12315371,790.9663898,,,0
5.440632088,0.029833219,2.332682953,0.135546845,70.03109144,849.5660424,,101.5176912,1
5.046816095,0.013832912,2.384825089,0.164342838,72.15192356,795.2317768,38.2713459,102.8029434,0
3.577746087,0.035189284,2.829971181,0.148165018,63.30278999,,72,99.30376577,0
3.957381646,0.021383455,2.494652545,0.14962591,68.68608104,848.6111309,43.21343688,103.7620577,0
4.606558234,0.034247152,3.066604633,0.144252561,75.78963415,813.1588631,56.65073096,93.0370938,0
4.299604107,0.017041944,2.607622639,0.135145044,45.19616758,804.7485836,51.92311058,100.9066404,0
4.359976622,0.02852836,2.526474348,0.141141723,71.2876653,765.5784945,58.83219109,105.5181267,0
4.64175796,0.025103419,2.343117713,0.147266452,96.7316594,787.9182005,57.70512779,101.3169367,0
4.198367717,0.022937519,2.041489779,0.135917258,82.40539189,806.7400139,46.30345963,95.63311302,0
4.203604799,0.02082774,2.74795127,0.149164369,70.22128993,857.3871661,54.24868767,102.9813013,0
5.061021769,0.021595311,1.901482887,0.126639865,82.33764365,786.9005699,45.70370453,103.3881029,0
4.563828962,0.016179953,2.273064744,0.149590657,78.2225766,795.7863692,54.69170778,101.0295754,0
,0.019663102,1.915009728,0.139886827,67.11948653,818.9575342,42.27799585,101.2483214,0
,0.027423874,3.880945563,0.171202304,75.3343381,762.8540643,48.94574542,90.64157523,0
5.33175553,0.027556724,3.17350658,0.15052702,79.97360676,768.2485086,48.54032312,99.32350395,0
4.82719019,0.032407,3.060599015,0.129288797,75.53411394,754.586132,,101.9477434,0
5.070629729,0.017583905,2.114785341,0.153534679,68.81350323,819.1443352,50.60837694,97.13521464,0
3.91369967,0.019262391,2.56771692,0.151487197,79.12691394,799.825751,55.35046806,102.7599665,0
4.429391831,0.019858275,2.073861668,0.152932302,64.5920914,786.1576969,39.31786022,98.52883717,0
3.543555753,0.019910326,2.000230052,,84.51218617,767.807566,46.79770696,92.38879745,0
5.279514333,0.027761832,2.181558506,,66.15956356,786.7381616,40.11407335,105.5869629,0
4.62114906,0.027953296,2.61874339,0.135355547,74.26499137,783.4693913,46.20957458,98.31031877,0
4.601949769,0.031684896,2.382255953,0.169204333,65.53435823,791.8943499,67.26898982,99.56759755,1
3.704331773,0.020396443,2.571746056,0.155062487,71.92880772,783.4309821,49.91628165,105.990902,0
5.028337568,0.029074629,2.592564052,0.138757406,49.61785038,792.8685409,41.29209741,98.56609684,1
4.920302843,0.015127914,2.806080986,0.14565382,61.93938471,804.5068639,46.33159392,97.87708771,0
5.19285572,0.011722884,3.139132871,0.15841409,82.57955152,768.506659,60.26209482,100.60871,0
5.367189992,0.022448829,2.518981702,0.151516042,67.56268324,816.2889883,40.88700625,101.9537989,0
4.055618396,0.038300009,2.338639576,0.154686099,54.14600699,834.6305533,28,102.1613319,0
4.708241143,0.032159193,,0.163810487,59.7576928,800.4505583,45.89304985,98.92156093,0
3.359286824,0.036550256,2.314813721,0.142620181,63.2410667,805.0151796,48.11912681,99.19878838,0
4.71589371,0.025886302,2.256413472,0.158939454,71.43256064,794.1822039,50.07099817,106.6544242,0
4.92996643,0.022834898,1.895340295,0.155087336,79.12667861,811.4277677,50.00071225,97.59890632,0
4.617338181,0.021039821,3.00084032,0.153678892,80.64509506,741.521064,63.96276015,101.1147772,1
3.687554015,0.023132907,1.81427697,0.144712974,87.67322511,807.0693596,52.19778919,102.1999536,0
4.289873202,0.027258802,2.237893158,0.155343403,67.52791594,770.6180103,53.19900548,100.4941518,0
5.437437904,0.016692671,3.416368825,,73.19737222,790.0303018,65.86077628,101.4752446,0
5.098442433,0.020030487,2.751412157,0.148737968,63.41658196,817.1078506,34.50091908,99.81559777,0
3.884963282,0.015044137,1.904134624,0.148989812,63.24576205,749.3469922,50.39796201,100.1358849,0
5.405268734,,1.677767328,0.137919851,,860,48.0922605,102.555815,0
5.843238263,0.015629658,1.935596867,0.160015197,53.72965842,791.5674177,58.30678403,104.9776471,0
4.093560171,0.01668244,3.162757893,0.166381485,72.98663936,797.1838803,41.98609005,97.10764588,0
4.694924093,0.012123058,1.985334636,0.153390222,75.6775895,836.6119819,53.7110664,95.41230766,0
4.717078455,0.022582886,2.5359753,0.154714995,62.50122731,801.2679507,52.16651326,98.10365412,0
4.790554032,0.02485654,2.195951847,0.139423777,86.20541351,804.8525652,57.83614081,101.2543363,0
4.328618482,0.021718945,1.785290571,0.148265676,,823.8419483,58.9056648,103.515426,0
4.290691286,0.024328612,2.891408569,0.138785172,65.48517683,840.3925965,61.82627672,104.2321102,0
4.752460415,0.028593854,2.158431436,0.148024648,63.00910749,833.8730186,49.04010264,96.27590745,0
4.464880428,0.023601113,,0.159098308,68.8095921,768.8792385,51.73857302,,0
4.598523145,0.023402023,1.537405113,,65.89356926,829.2158177,51.04491518,105.324056,0
4.34376899,0.026607471,2.078619985,0.142829248,60.38736983,860,53.26231205,97.40856034,0
4.24042102,,3.385936228,0.117171949,75.83649554,794.561148,52.4526203,104.6274456,0
,0.013612101,2.66343984,0.150802328,65.23495453,800.326579,40.16163741,98.7288296,0
3.760950289,0.028613889,2.488454852,0.132263619,76.56295722,793.8916177,49.48015215,98.88056718,0
3.689258216,0.015719896,1.919871337,0.141769309,61.40354709,846.1261545,48.81012327,102.7439572,0
4.265987628,0.023425099,1.931563456,0.147679869,68.49600439,785.2888884,57.04128307,103.7826175,0
4.483075183,0.029748869,3.185058552,0.139003201,66.57908892,806.2950318,51.94628372,98.48801467,0
4.544796307,0.035940076,2.304405093,0.140379098,61.21554258,786.1577327,53.74142702,99.27216286,1
5.282853401,0.013165517,1.984232471,0.169323046,72.68443345,787.6170696,47.73916119,95.86420484,0
4.417811582,0.033101625,2.261081341,0.14903096,57.08145975,828.2205508,38.96953014,97.72716915,0
3.717419498,0.0237322,2.211667671,0.135968397,87.10442705,821.0722291,51.05205564,95.18772399,0
4.563424032,0.034929158,2.428237092,0.145560772,49.66623785,860,37.73860435,103.4956491,1
4.562668492,0.030388282,2.482967092,0.133167788,64.20140168,823.1980469,56.56443952,100.9805552,0
3.587242297,0.026929154,2.535912097,0.145028824,73.11454803,794.2277991,52.63987274,97.38221191,0
4.923587705,0.016332064,2.713297602,0.136486905,75.44720029,777.8559261,45.17057461,90.92282529,0
4.516915095,0.030655388,2.336505057,0.143707825,70.48251387,771.3273426,46.62367652,100.2913312,0
4.378786941,0.017058981,2.407139005,0.150998891,93.7710612,801.8076493,57.79751311,102.2921429,0
5.330230065,0.015914795,1.717575449,0.140726792,89.62463343,785.9393749,42.60320206,105.3063618,0
5.606692856,0.029009932,,0.152657849,51.65825993,832.5349094,48.35915196,101.3632399,1
5.853797425,0.034041042,2.064863193,0.138041081,74.97955885,795.8493733,45.59134554,99.0919293,0
5.432649308,0.031058222,2.224308744,0.154827675,71.86223838,802.1861509,32.74484091,98.61692815,0
4.762976486,0.029002911,1.730859549,0.151961436,61.85050215,819.1421947,52.64308396,103.3901198,0
4.090142393,,,0.146662559,66.99588452,765.3041876,59.26140128,100.677272,0
5.502013945,0.02088316,2.200811291,0.142364523,73.59554414,836.7196946,44.58110531,102.6904827,0
4.246786426,0.021092272,1.673311846,0.146709779,68.65441971,804.3047442,46.87246776,99.23247263,0
3.677933191,0.021553796,1.567394579,0.132275246,64.79453243,802.3190509,65.21357558,95.11215159,0
4.846468401,0.022310213,3.234665647,0.155986393,75.83892578,800.6473742,59.06101859,95.87219455,0
5.326402274,0.02398502,2.787451567,0.157475896,71.13412986,816.6913427,41.17418588,98.3234741,0
4.622943824,0.014188854,3.301360466,0.144776882,72.65254086,746.8583115,37.45507089,92.41621126,0
4.245557533,0.022539939,2.447687903,0.142893784,55.53889243,826.9611642,47.29916999,102.1064256,0
5.369259716,0.018480182,2.863821013,0.138202113,64.34893183,815.3069809,36.85612352,99.35583739,0
4.906717094,0.035440391,2.745693591,0.151206147,70.45984581,794.5282529,52.96512718,100.2996468,0
4.712884894,0.010780223,1.969850125,0.136453193,77.75779077,804.1915903,58.64334774,97.14703264,0
5.403307241,0.033871687,2.271344341,0.148969486,85.36985358,756.1946786,41.37897474,101.5786559,0
4.941033775,0.025660855,3.303421116,0.134860753,73.85712775,784.5747486,42.5267451,98.02337957,0
5.104152113,0.023538826,3.122686834,0.153034081,67.54623924,825.2040603,43.14670356,104.4932316,0
5.196989781,0.034499304,2.373299069,0.149414373,60.22730445,815.3636386,46.55772223,102.9270295,0
4.391489019,0.026049615,1.995231867,0.149827291,76.84403226,817.2841264,42.55815943,98.52843249,0
4.623287668,0.02404269,2.556102403,0.158577087,59.95478553,785.526872,41.5085608,95.02584485,0
4.720404872,0.029675878,2.981394719,0.139624679,86.56452376,804.5332591,34.27601302,102.9997884,0
4.859107991,0.028259342,3.245435328,0.139188844,58.05490927,824.0882407,53.90227717,100.7960085,0
5.411136877,0.023987218,2.820129479,0.160492295,68.86888248,805.0629984,49.64815416,103.4491113,0
4.176145327,0.032522441,3.666863223,0.135440541,72.13523713,819.7613403,61.07284677,97.05231853,0
5.75466092,0.007354555,2.079336815,0.138024176,74.96033519,784.8526836,43.64594124,97.41016812,0
3.891866004,0.035842553,2.366182525,0.148167882,58.56628213,786.4892658,59.26535972,96.32924827,0
5.117769797,0.031143087,2.841453973,0.1649291,86.2694227,755.5860969,46.29854969,97.24275832,0
4.778344832,0.027267444,2.049247799,0.157111258,70.94069921,813.4954582,72,100.3677657,0
4.213533044,0.026225237,3.199136752,0.153026443,84.08647009,777.0819403,57.98135291,101.0317227,1
4.701134992,0.018533335,2.096608046,0.163914058,66.37678596,817.7774182,49.06459167,99.81065293,0
4.500564883,0.024586916,2.165306529,0.155884486,81.8064596,793.5412481,64.73799805,99.88373497,0
3.5191919,0.020427295,2.609045302,,78.02243462,795.1848298,50.46783538,99.70271905,0
4.593307781,0.014154095,2.5918941,0.15882842,76.97761937,796.9086863,58.67987628,97.61738686,0
4.634443476,0.01870135,3.312358863,0.13907777,69.68935771,809.1944722,54.64067334,103.9993489,0
4.878031798,0.011639036,1.969298732,0.160166155,62.68719352,835.2480409,60.55446919,103.0284552,0
4.315758961,0.01792143,2.367210778,0.144867522,74.15030833,775.5088319,48.34902057,104.3758505,0
3.905534854,0.024965768,2.416726369,0.156531762,69.28064349,773.9215186,60.21403852,98.16962488,0
3.713972253,0.021416157,2.600053257,0.147581408,65.54150497,789.8087383,56.07036985,100.6350963,0
4.95933065,0.024975143,1.991564622,0.147956753,72.74489146,810.4325792,50.06259835,98.76762846,0
3.310163811,0.005,3.565206768,0.161893451,72.2662869,833.3142889,43.65977061,94.79007366,0
4.181369444,0.014284282,2.423121328,0.135264707,,781.7744739,40.31531868,96.69637799,0
4.38984186,0.032423969,2.417833838,0.142957899,83.28776663,785.1113816,38.75782842,98.13872138,0
5.318065029,0.009097696,2.12675249,0.149055219,75.70934891,798.1183538,53.41310254,97.05771131,0
,0.029120009,2.205311828,0.158664336,69.85537003,797.3853061,59.94470886,96.04266563,0
5.18475259,0.022487888,3.127446868,0.149769778,90.12428736,773.6587607,38.47013333,98.93079298,0
5.465896406,0.035933588,1.534205936,0.139751884,61.30286113,799.6861991,65.4888224,101.2730533,1
4.621078349,0.033519423,2.919749572,0.153206334,77.77111315,766.0935201,40.03124264,98.93617295,0
3.977663007,0.026138483,2.19081581,0.137668694,,795.2501934,49.42243571,100.5403883,0
4.946096606,0.024505538,2.387772829,0.144915021,79.27770626,803.0046346,58.59175633,99.09000174,0
3.702473389,0.020121997,2.815353736,0.139526519,74.07052153,800.1378176,51.17599527,100.1401577,0
4.96684487,0.025942881,3.827698746,0.150869952,74.47377669,809.430269,45.49521835,98.25505197,0
4.175464129,0.013946613,1.77957444,0.154688109,64.81165725,826.2486694,43.62316453,97.8044895,0
4.739651598,0.033641663,2.66325857,0.132209867,56.6155278,823.8450577,54.19382629,102.0591768,0
4.365794268,0.034297073,2.893583603,0.152990009,69.28437943,788.9406495,50.56956495,106.9777352,0
5.653849454,0.030412081,2.980421098,0.138140223,56.76359589,,44.89524426,98.78499654,0
4.106535843,0.016156169,1.888139437,0.142077808,88.76264862,790.7249309,48.10012606,98.21662488,0
4.401078373,0.014055768,1.880763296,0.155924011,65.75262323,827.3400803,62.56200699,100.7466132,0
4.495543445,0.032199621,3.173240875,0.147928862,84.35405104,770.900908,41.08737124,100.5786361,0
4.083827462,0.01731325,2.635969229,,68.56908719,786.8039753,,96.41068116,0
4.875966846,0.031987123,3.013204306,0.140149471,75.7223533,783.3749581,55.06510719,99.58547238,1
4.610278326,0.028344622,2.844994974,0.146648892,82.79320966,806.3517251,54.23347993,96.58747144,0
5.597980059,0.016301109,2.875135442,0.130736168,69.85181526,820.645345,52.6214695,98.615227,0
4.890083895,0.02004971,3.025353843,0.155767022,84.45311762,764.6281126,39.3991169,98.55180407,0
4.525499719,0.029826432,2.922078738,0.150481866,73.22457647,802.5948486,47.62851195,98.04196604,0
4.296899571,0.00929948,1.572717197,0.176292192,71.62774403,799.1062774,52.58766796,98.83709689,0
3.84399222,0.015737797,2.759310901,0.133760677,79.14537267,772.233301,48.4853099,98.57933404,0
3.842230765,0.019107225,2.590298249,0.126033644,75.21148788,788.2112668,53.79227464,102.5242491,0
4.301144795,0.01820305,2.765212874,0.149562644,79.69972975,755.2492922,47.71328232,95.90682588,0
4.120176514,0.024702055,3.308686668,0.140627159,71.68867126,781.4953928,52.17403081,95.66855145,0
4.295750004,0.023045417,2.561561687,0.149209645,68.3858707,761.7785015,50.93783465,102.957968,0
4.325344595,0.019620976,,0.145073693,63.80124769,813.9051886,58.25914313,99.39415411,0
4.708067444,0.01935421,1.269199663,0.132607855,58.16772451,829.2571011,62.3303732,102.6218148,0
4.600391646,0.016754792,2.125495748,0.158855233,79.81712402,754.2566445,60.24790143,106.4625947,0
3.28229413,0.0276245,2.593515489,0.139520982,72.02751829,785.6170525,59.38948841,103.321911,0
3.928976334,0.018520722,2.04732629,0.151188309,80.89392437,791.6765447,68.60953709,100.3049537,0
5.510089534,0.026928944,2.489313857,0.127328898,75.02831452,798.5315693,49.41571848,95.22304762,0
4.765198955,0.027066181,2.888320771,,73.97389208,801.9695138,50.46469125,100.0324496,0
3.211164475,0.028552202,2.391136613,0.154858974,70.12636692,789.0155233,42.23248622,98.73282067,0
4.724868914,0.023185516,2.916769074,0.163605753,87.63630896,771.5011035,51.57583844,102.6200059,0
4.459577723,0.021460412,2.690279474,0.141517226,67.34554522,789.6620566,50.02012253,104.6313602,0
,0.008260289,3.185989337,0.143372346,74.19999715,,51.30369697,95.53663021,0
5.26023541,0.02309131,2.836040609,0.154497188,62.44882958,827.0940026,52.69039371,97.6259438,0
4.688765475,0.022335004,2.289813628,0.139831967,73.38009103,,50.4513189,103.2833583,0
5.751954238,0.01691237,1.828777241,0.144004549,66.7776479,823.2155073,50.80367417,96.20439989,0
5.156934397,0.026655718,2.422913288,0.14382439,75.67779058,797.8409302,56.3171814,96.62213468,0
4.157059325,0.037720724,2.602359293,0.135592441,79.83729536,783.4260214,50.48188938,99.07063731,0
5.535986289,0.028362052,2.677810932,0.150947589,51.23894245,781.9858358,50.22776633,103.4494348,0
4.379923382,0.03378982,3.187002701,0.150346202,73.11785008,818.0879173,41.0218873,99.83919488,0
4.149560902,0.021909134,2.920721668,0.142722442,69.50008531,828.4000658,40.24944723,108.4693522,0
4.010490608,0.014246664,1.965601347,0.127664734,84.51514039,749.1734349,59.96715346,99.38832712,0
4.548231451,0.025361964,3.222969531,0.1529531,70.06540968,809.6630857,48.55866362,99.82909264,0
4.486479373,0.015882264,1.804848014,,50.33240816,847.0731461,50.50674523,91.07680131,0
4.286848394,0.024395306,1.551009571,0.159243502,,768.4979295,42.51980581,99.83202102,0
3.239059777,0.025605931,4,0.155840845,84.28371308,805.9813257,53.64440278,98.25455465,0
4.878695507,0.028057148,2.495691785,,58.79549806,830.0345623,46.66340958,,0
4.47182928,0.034765454,2.973315573,0.142456873,83.36516088,779.50369,50.58100683,100.6287092,0
4.940848259,0.02460944,1.714195506,0.147620044,72.20716163,804.2275056,49.87494308,97.67165713,0
4.269256408,0.029157057,2.123915794,0.160801293,83.09039701,782.0503212,66.61999866,104.1452022,1
4.264690711,0.03150683,3.291048712,0.150879998,78.82001482,787.2224474,55.78082157,98.96644828,1
4.275290859,0.023095064,2.500431561,0.148425635,72.91302168,791.2524802,51.13624823,105.2297751,0
4.274293147,0.025727195,2.489344327,0.153841949,65.4348201,760.9890174,50.86409444,97.62845588,0
4.504325779,0.029851886,1.483035589,0.147426334,80.2591777,782.141015,58.36326092,95.8047244,0
5.021836484,0.025771604,2.471997788,0.160720679,73.69952762,774.415732,35.14647805,98.54443396,0
4.016504879,0.026019768,2.251944713,0.136964405,81.64615099,773.4563279,45.79664272,98.24905299,0
5.047789743,0.023843075,1.823015114,0.138492161,,801.8522305,49.94984821,95.01211433,0
5.08551317,0.020272302,2.053565848,0.153934571,69.90704551,848.5867208,38.20457498,94.20308213,0
3.925122378,0.024987005,2.048831662,0.152221386,83.68454326,790.4797711,60.44195627,96.17270814,1
4.94765665,0.02614853,2.681027138,,77.16038353,836.9449277,37.94212352,100.2560567,0
4.838851356,0.033394327,2.01625204,0.138673946,59.2469625,817.4897101,43.3339278,99.4859754,0
4.240291899,0.031301154,2.349978547,0.142714777,78.26426873,785.0439733,49.61467854,98.64338382,0
4.500312846,0.028800327,2.252508314,0.143996456,72.65030927,776.7554839,48.884778,93.84810169,0
3.835425816,0.028388274,2.905474541,0.156095455,64.40111257,823.7529387,46.05928034,,0
4.953927521,0.025891644,2.366233955,0.160319283,66.78705663,841.5469599,48.16287805,97.43226266,1
4.875422189,0.029055124,2.815895938,0.139264061,64.30712354,,52.81300799,102.4676208,0
3.471466665,0.02490172,2.022130134,0.146347949,76.46061669,797.1623564,50.19246162,100.0733219,0
4.979798704,0.017828134,2.864155017,0.129639185,,808.2861006,60.72045292,99.31570313,0
5.216953321,0.016623564,2.009156153,,87.70377078,805.7054487,48.23019479,105.5686497,0
4.286433724,0.033273585,3.662522952,0.141439508,83.52669166,802.1488266,64.78439033,98.91840971,1
4.508549168,0.027293653,2.819477195,0.151673414,95.93745419,795.9887974,50.48543278,102.7210229,0
3.512936126,0.014196283,1.887944584,0.144063132,77.28459838,820.1636444,51.47721766,96.32506573,0
3.866808163,0.032705597,2.515536446,0.146141406,83.10581424,803.3173432,49.69078257,100.0483152,0
3.521535092,0.01194701,2.858656974,0.151672029,73.1967418,,43.40580208,101.6731289,0
4.173671318,0.021894023,2.505981143,0.134478359,68.78513183,803.6831625,56.10626037,101.6419467,0
3.673147732,0.027541612,3.327411197,0.128720569,78.23544041,787.2036124,38.63684915,102.3871487,0
4.725302741,0.032476936,2.813011372,0.151070529,83.1860323,774.2020269,39.82077714,99.1834333,0
4.177081249,0.023002398,2.837641518,0.123711097,69.07602089,812.3961744,51.88806503,100.5519078,0
5.403652649,0.027552956,3.091712504,0.138713452,71.10571904,784.5441794,38.75906766,102.2338041,0
4.076048574,0.022953981,2.015401735,0.14595407,65.85296109,821.856125,48.14736577,102.546129,0
4.886801338,0.02571428,1.460011309,0.140944844,71.23078871,822.506727,64.35452692,101.1947808,1
4.534808327,0.028477405,2.876710611,0.144054485,91.44708332,781.3178656,46.52557389,95.49331775,0
5.215361682,0.02645716,2.237923778,0.150045524,66.56857526,,49.81840376,99.7065207,0
4.870746116,0.017921266,2.981993615,0.144555328,79.41718434,778.2963241,36.21773503,96.60830063,0
5.503734838,0.028184307,2.128800057,0.149701216,70.46306018,813.7285639,51.44040377,98.00525552,0
4.732045015,0.027964568,2.354369468,0.153785583,79.65718705,785.6298954,40.18944929,102.5638396,0
4.959832389,0.037533334,2.624807053,0.154855219,54.16232881,813.0184216,63.85059529,101.4560985,0
4.585471682,0.022108742,3.620141768,0.146192532,65.54133589,791.3408096,43.5081401,97.38172762,0
5.049412576,0.022914195,2.60958057,0.140084897,81.07359275,851.3120817,47.09763533,97.31132036,0
4.413766302,0.025912494,3.403986509,0.14333899,77.02529327,786.6424924,55.43483343,102.2010692,0
4.190057141,0.027230735,3.008883659,0.142918649,67.75449798,780.93034,56.73640535,99.56339022,0
4.44194785,0.025522322,,0.137290498,91.83438365,805.7137717,39.92773967,102.7943227,0
4.054686399,0.034551245,2.202979773,0.144421952,69.95111541,804.9948062,46.4173227,100.4834001,0
4.440851805,0.027363589,1.810223905,0.143137363,62.56618251,818.5921289,,99.82137608,0
3.550758122,0.029666101,2.765191495,0.156117644,,818.5759489,48.3475833,95.68189517,0
4.043606281,0.015814633,1.842074938,0.14527816,82.57348926,763.7567348,56.34985864,96.66254966,0
4.336986475,0.011595821,2.295420301,0.148929725,66.37387596,827.8485132,63.70939391,100.9954646,0
4.449834639,0.03720773,1.581531262,0.147766269,76.89026979,834.2539768,56.92290367,101.2385696,1
,0.023478998,2.797824327,0.141178737,90.72932489,805.84836,44.10392429,98.31175651,0
3.845331902,0.019649223,2.729696335,,80.38472836,807.787213,44.72353685,101.2794472,0
5.137829204,0.030745051,3.134660948,0.145292896,76.32471482,,52.04322489,100.2256072,0
4.980998714,0.017890015,2.618964514,0.153508402,72.86384557,791.9956772,47.824594,104.7361353,0
3.869526349,0.018112893,2.565407615,0.169240776,68.67032907,847.4560033,45.0777351,107.0804117,0
3.490397681,0.033508473,2.663087744,0.14621667,60.33126968,826.2058056,32.86997849,99.51002115,1
3.70243122,0.019764863,2.372036718,0.149783076,75.73446209,751.2421643,47.29682331,102.3967933,0
4.526631342,0.028180569,2.750238235,0.15686151,79.59088257,825.1691604,49.281766,97.61687158,0
4.290034569,0.013217217,2.814766188,0.131093876,75.08146246,794.0054481,65.41918203,97.65523635,0
3.814147627,0.018579652,3.452644113,0.139127083,67.63719084,823.1131267,64.93979178,101.8002687,0
5.125729275,0.031291013,3.493765457,0.137255864,72.52859771,792.2958744,,98.75426659,0
4.581928388,0.028647605,2.111311321,0.14749324,67.89398813,803.1819395,51.00522779,97.89707474,0
4.222094777,0.01370041,2.711459017,0.14548745,74.53802452,797.6033192,42.40809729,97.06013351,0
3.147836403,0.012985625,1.55572418,0.14633638,69.97745472,782.5946196,41.90617017,98.46615063,0
4.074441261,0.031564068,2.317479592,0.131241582,67.29833263,806.0108101,58.20446685,98.26699185,0
4.861830632,0.024730213,2.426363364,0.155359632,73.66825549,821.7292127,,103.8887752,0
4.82548182,0.032786376,2.648884927,0.149299311,71.06442277,793.1902815,45.35670911,96.15876096,0
4.68247824,0.012984691,2.74057745,0.139717396,75.04059378,850.494206,51.9492218,99.73923419,0
3.178908528,0.032028317,2.895630583,0.171120666,72.61872864,773.7773485,48.24407788,97.87112874,0
3.511102959,0.023582866,2.905845072,0.165212438,64.96156557,821.4171431,40.97125164,94.37264765,0
3.183944818,0.030693499,2.035503959,0.13313675,63.42714668,774.7101487,47.7231737,98.25385995,0
5.556778854,0.022276707,3.188840674,0.132338132,64.77415977,860,47.07956526,105.2120497,0
4.727427577,0.027225179,2.36298962,0.129811086,82.30729233,791.4220026,47.18893553,100.3234874,0
4.819239201,0.027099484,2.751152047,0.155208231,80.13847064,784.3713147,40.88178195,104.2268443,0
4.492001097,0.025591549,2.78962486,0.169727066,62.2309821,772.6288588,53.65951213,100.9942963,0
4.416348081,0.016012475,1.931164323,0.142060449,60.59164751,850.9583999,55.77522227,98.48419785,0
3.95898649,0.005,2.004296231,0.133853007,71.05221759,800.4477845,37.14239495,98.90493878,0
5.073092391,0.026765015,2.912180758,0.152350054,73.16230326,784.6319682,49.22096066,101.4134524,0
5.490738533,0.019594847,1.669665532,0.148095097,45,843.4661536,44.60314554,104.0205477,0
3.670572606,0.028907428,2.900865356,0.142290286,67.84510939,822.9957774,55.99298538,99.05555185,0
4.305401244,0.023373746,2.971515495,0.146852513,69.75166499,766.9012734,37.50930725,96.59905045,0
3.926470469,0.022552545,2.812980827,0.129295429,81.74479696,751.6173416,54.41552814,,1
4.863426292,0.032119277,2.336430474,0.145764618,74.90960645,805.9037102,45.46175861,100.0094732,0
5.239046757,0.01979729,2.936745625,0.151282422,63.15328393,816.2140026,56.11649338,100.4852872,0
4.566460692,0.024650462,2.140888649,0.143570545,67.9911512,809.7174797,55.77129899,103.722191,0
5.372345354,0.030615535,3.227515565,0.167034603,87.48006367,755.5815013,44.747998,105.9562191,0
4.203618016,0.019328803,1.627116669,0.138428347,64.56665539,857.0812004,40.81065307,100.822716,0
4.516350852,0.019422399,1.627345495,0.15262966,70.97831193,784.7116782,50.41458662,97.06427938,0
3.61473532,0.02581351,2.281545649,0.148017463,57.34683936,837.9374366,45.2012714,99.19534424,0
4.70759104,0.03284495,2.011870315,0.155621966,81.47916082,818.5428779,46.46841698,99.0473097,0
4.041420497,0.024743711,2.995338071,0.14552932,63.6434303,806.5729157,41.74184572,97.25692433,0
5.665008279,0.031077202,1.090424831,0.141431568,69.65963919,777.6602087,43.36685091,99.48708613,0
4.838711593,0.042387505,2.99282073,0.154172941,72.1996251,781.4714072,59.52039343,95.10748662,0
5.232941126,0.031741158,2.070383976,0.156752374,87.11623249,759.6609237,54.73485856,101.7178257,0
4.630436804,0.034152298,2.286416837,0.151299902,75.99350618,802.3932544,,90.94662864,1
4.615160929,0.02188061,2.235480454,0.159317448,76.92513154,782.1150701,41.22532251,97.60052929,0
4.80748357,0.018555019,2.652121172,0.140442885,78.26645813,798.1754741,51.76879237,95.37586719,0
5.483451362,0.025119271,3.33195882,0.132591677,74.658066,803.1361174,31.47776258,99.88940829,0
5.085057388,0.022654753,2.441049059,0.146152363,72.89313054,757.9406435,62.37317747,98.96910307,0
4.203512969,0.021567635,3.049906595,0.149449694,77.94578333,801.2023291,62.11858625,100.9807289,0
4.689613483,0.021218129,2.855772829,0.149250562,70.63973939,787.721084,56.33930258,101.6388317,0
3.833162566,0.021942091,2.543066023,0.149983623,60.16895469,794.9669876,42.84796428,102.13997,0
5.352326453,0.027415508,2.225236439,0.14866557,78.07829415,799.3056126,50.66043231,97.80779085,0
3.265250231,0.036388604,2.522380289,0.143908484,77.18973461,809.9186279,59.18064372,97.0469747,0
3.802366063,0.023644949,2.31276223,0.139820499,76.68379188,851.4428292,36.20206006,107.1877222,0
3.623010736,0.028752808,2.685314398,0.162927046,,782.0999218,43.7325849,97.51431989,0
5.491710434,0.028948739,2.996151825,0.141620193,72.74572278,804.2341,45.30863445,99.11675524,0
4.299230283,0.021373033,2.159686348,0.140052412,88.02061309,808.8197197,46.1306915,99.38140293,0
5.343881742,0.029174284,2.495962459,,72.37813287,838.7947138,45.1547156,100.851277,0
4.962443936,0.014653674,3.037327501,0.150570429,53.88045361,807.1786221,47.84687641,106.8143978,0
4.710675933,0.028100338,3.454104045,0.168143902,67.85358041,821.8948605,54.21365356,101.7911472,0
4.186406324,0.039659169,2.268095777,0.149750184,74.27535724,787.4211308,49.679409,98.29190319,0
3.935073913,0.026840967,2.153267141,0.15487011,64.4185782,845.7681605,35.45536493,97.27131137,0
5.309373277,0.022658774,1.594540872,0.13946348,70.59020591,818.837364,33.2289645,103.057118,0
6.034798073,0.024346487,1.855016015,0.144350063,74.13691574,793.5779572,51.17013536,100.443928,0
4.058403084,0.021422438,2.617603632,0.133559754,67.49832916,816.1070128,47.00060265,103.2847251,0
5.334102715,0.025025273,1.876413402,0.158771534,70.36098462,860,42.51637483,99.13600933,0
3.602990558,0.012497772,2.097146606,0.156047493,79.01182328,811.8992529,50.15069103,97.79539448,0
4.498383556,0.0274497,2.799881407,0.150058741,58.72458228,814.4066334,48.24671808,101.7176232,0
4.598825444,0.019120454,1.630303004,0.140368538,82.88677616,826.021226,52.31984399,103.0298667,0
4.436473587,0.028829111,2.396213787,0.14253495,76.14330707,826.3366678,43.72082689,96.99338871,0
4.808446866,0.015192643,2.611700521,0.135288532,71.16319243,802.0692845,57.21585036,98.96614088,0
4.965926116,0.039892262,2.655836955,0.138387216,76.41481371,761.8242804,54.70138576,97.71166999,1
4.779477915,0.022190186,1.829419022,0.131750927,76.53684722,807.3075369,,103.7477633,0
4.278377811,0.015868753,1.857557014,0.143881284,68.90235937,799.903495,58.48813301,103.1281483,0
3.692852551,0.021410982,2.952186717,0.129618655,59.92839321,797.0876672,44.95705883,103.9137775,0
4.100837905,0.018097148,2.264463667,0.140092482,61.42511128,786.459914,,101.7425543,0
5.386100692,0.026085375,3.372640234,0.142712419,75.72584568,796.1181027,50.10742732,97.80950114,0
4.441614638,0.017507521,2.259740147,0.152747898,57.59193788,810.0819143,44.55478629,96.58368732,0
5.216091864,0.020421429,2.345502682,0.142535394,61.31261047,823.872957,45.76738639,96.60422665,0
,0.021633404,2.447324431,0.141810809,80.9649192,847.4559882,52.16585487,100.3166127,0
4.585082861,0.045848248,3.155097693,0.14256172,69.94250994,772.7850615,56.29284283,103.2060825,1
4.616718677,0.032782713,1.8057048,0.156287954,60.55302541,796.6128895,52.95660112,102.9002765,0
4.015186915,0.027326313,2.389622709,0.156635638,73.27347676,860,34.36025165,98.16525981,0
3.187676403,0.025865524,3.16323849,0.145747478,70.65288544,827.0003424,56.17104421,100.6964314,0
4.569369905,0.024844901,2.4991276,0.149692353,74.03509076,757.3874406,34.99159303,100.528194,0
4.738897496,0.019829895,2.627361692,0.129260835,54.35137226,830.2627576,49.05747756,103.1081358,0
5.428156816,0.027281886,1.440495957,0.165279595,65.33772016,784.4829121,62.68951606,102.7982143,0
3.922531817,0.032225648,2.291371147,,77.13147368,,53.0605655,99.3502077,0
4.687555107,0.043242036,2.78956418,0.136525631,70.47001016,763.2292873,44.1125468,102.8580268,0
4.822208636,0.022278158,2.479139866,0.130955569,81.83052678,777.6528865,67.77593831,99.26065678,0
4.348188894,0.016946455,2.929082688,0.139577666,70.98883843,828.8055325,32.57849906,104.1533887,0
3.725523528,0.018816784,2.25395231,0.174292371,74.92088058,740,44.73039867,103.1931105,0
4.818976599,0.024694309,2.0259709,0.157394513,62.60561713,821.7615564,62.01961535,98.20623378,0
5.027375828,0.032606106,1.85683107,0.150391349,69.37756184,778.9785923,32.13787729,96.80260425,0
5.295428137,0.023538756,2.705145156,0.141441509,68.58017253,808.0148052,,99.22479863,0
,0.038712243,2.883871605,0.140235129,74.22286211,795.813629,49.21848575,97.7300653,0
4.833856246,0.025094018,3.438154502,0.156057341,69.82814869,793.8518175,56.99794435,103.7302032,0
3.472938473,0.034225877,3.488582076,0.156981718,58.39108897,788.1894285,45.34641551,101.3644629,0
4.214731637,,2.640117849,0.148228985,80.81949622,839.4293458,53.31111192,104.4878979,0
4.648450586,0.017498699,2.766047968,0.140509466,68.15601356,807.0902653,67.32136665,100.0555552,1
4.565132567,0.016042045,2.621035907,0.162710079,84.18071662,811.3742146,41.82378509,100.2739007,0
4.564111694,0.026566902,2.763960083,0.133389657,64.53518646,808.1661028,48.59457681,100.3901787,0
4.186325869,0.03123445,2.640708034,0.139698194,61.58262108,823.337469,43.87933843,98.99032535,0
4.252134126,0.015535416,2.102160866,0.160241109,79.01193044,776.0627532,,102.8332369,0
4.428048752,0.024638585,2.309292836,,71.96102992,822.2831404,33.79338593,98.98772184,0
4.921710638,0.026047079,2.195110421,0.164835557,62.78018984,816.4129443,48.89511451,,0
4.464486029,0.036479886,1.972667559,0.135492404,78.65294095,794.5661808,50.50177533,98.4491901,0
4.025506805,0.026910213,2.419334854,0.163992412,48.34213858,798.3067787,49.80594864,103.8984788,0
3.341972243,0.015166649,3.530121298,0.147143836,65.38954561,803.6136923,,100.9867035,0
4.012181489,0.033544126,,0.151380717,80.54049306,794.9752468,51.1583031,103.0542959,0
4.710904172,0.016565235,3.348033328,,74.01009039,820.4087305,48.06491575,98.22429249,0
3.267889508,0.026378545,2.307287902,0.145629742,,794.032141,34.24009165,,0
4.636821173,0.010096842,2.66803547,0.149478706,73.80023341,799.9213173,50.33140008,100.9044578,0
5.482365549,0.029049189,2.501100323,0.15151144,77.91084605,757.5140284,45.55502832,99.67486947,0
3.86310663,0.017654067,2.764499443,0.142112342,76.19130237,766.1609565,38.20369495,94.28498603,0
4.257052596,0.030035875,2.677026266,0.14913585,73.98319577,807.0322419,47.87709302,105.9586647,0
3.375934938,0.018859359,2.014516376,0.147081207,82.43734122,797.6793566,57.79629288,101.6490425,0
3.839642438,0.029454306,2.193222451,0.144057484,74.70902133,815.6812324,37.1099157,92.62043926,0
4.792947531,0.013468642,2.31904991,,79.77861588,802.6275914,53.61929694,98.17528375,0
5.553378111,0.024047907,2.512035626,0.159409011,68.99067305,782.1210301,44.09955884,100.8580277,0
3.48428153,0.017498737,2.152244942,0.141185777,66.19465401,811.1661458,44.48936246,96.87523909,0
4.803577839,0.01886519,3.006075086,0.151464794,76.93140385,781.0800203,37.89488519,103.3396468,0
3.77029828,0.029716326,2.109267793,0.146480157,79.21770812,779.61815,35.03919224,96.8804677,0
3.189793083,0.011272843,2.619601441,0.128752236,65.92569826,786.969047,46.93509109,101.196888,0
4.222543367,0.025460363,2.154015469,,79.73103329,781.3812761,62.28522065,,0
3.637311352,0.032073515,3.234125047,0.148371081,72.68171577,832.2753789,48.56727231,101.3760258,0
4.939230261,0.034011501,2.132315931,0.166447544,72.30993581,798.4532005,,94.95446209,0
4.467476731,0.033938858,2.893967523,0.13817314,,810.221648,60.64747007,95.86420703,0
4.392873298,0.009952461,2.716622144,0.15102364,60.22675487,810.9970652,44.29318042,96.00527093,0
4.263865249,0.014723052,2.635716643,0.150155012,66.19447774,809.3286085,45.7436149,97.46093241,0
4.861861074,0.02980571,1.965814889,0.148852671,47.18772033,807.6168533,50.23917766,103.2332643,0
4.421117838,0.033523087,2.787292345,0.165401438,73.91885726,813.8100595,58.49841601,97.29080747,0
4.586343324,0.02038316,3.109394168,0.147831107,59.79476265,842.1735427,53.05138654,103.7221379,1
3.663557384,0.017637089,2.023456878,0.150121172,65.89128782,834.3500388,53.52141301,90,0
4.13234673,0.010753097,2.285721619,0.152937052,79.22344269,809.0574641,54.34021272,102.3368326,0
4.058506983,0.022912211,1.092854085,0.171307107,73.98314639,812.6586653,44.99512545,103.2931834,0
,0.029759084,2.70350816,0.14494223,66.27666503,794.4869161,44.28854833,99.20051586,0
4.096605341,0.030551273,3.316541374,0.155302168,87.43622163,801.9509321,54.25536441,100.9328694,0
3.014807672,0.0338687,3.156913257,0.153042324,52.68294853,860,49.94086962,93.40858411,1
4.696184203,0.022560891,2.757843275,0.145110313,74.99429075,786.0159565,46.10607443,102.530537,0
4.758577703,0.013826189,2.99073615,0.161435954,77.1811751,767.7112483,43.08032405,101.2128654,0
5.534059232,0.032237476,2.576029047,0.147315125,62.94557518,819.0546422,42.30979211,102.928218,0
4.528434876,0.028465404,2.479891699,0.145134909,64.28553628,860,36.99445915,104.4752941,0
5.898456791,0.03191919,2.718748376,0.144996006,85.36306933,783.3005696,56.44005987,102.8021509,0
4.053258733,0.031395196,2.184467899,0.152974195,72.39838737,,50.81675482,101.1930339,0
4.265398761,0.02096475,2.801946691,0.136520587,59.16999671,789.0585632,50.52197702,102.6739977,0
4.683054273,0.025800323,2.238183556,0.148567966,82.17947342,809.8676714,54.09764811,97.87213543,0
4.075175889,0.015492926,2.023074523,0.133702962,67.14146399,844.6963868,47.57873439,101.7393564,0
6.699700101,0.021984115,1.922455647,0.154279654,72.08931728,835.9895537,57.9068934,99.09633342,0
4.773236176,0.025271873,3.04853354,0.160477419,64.45949382,772.6046214,60.4829512,100.9113816,1
3.938499667,0.022327084,3.005304963,0.153424127,72.53512284,800.0801045,50.84688123,105.7159696,0
4.973131013,0.032936711,2.591973134,0.142558481,83.58702912,807.2892609,56.41668699,104.6879749,0
3.555703431,0.0264695,1.927373621,0.146558558,74.97991767,805.8066624,45.00710933,100.900683,0
3.863449547,0.018270058,3.008592725,0.161885463,66.42697202,811.9004923,57.1384679,104.6559119,0
4.073878549,0.036466632,2.482475917,0.144666829,81.26337248,778.5257743,49.13519929,96.10206506,0
3.906888461,0.022588125,2.247283271,0.148093029,52.69482642,829.0660715,55.17379502,97.91010844,0
4.704341909,0.022584869,2.205242099,0.152242949,60.73130253,801.7296925,55.39470459,105.4767284,0
4.849784532,0.027704834,3.016651794,0.144234761,80.91348957,740,52.9488017,104.8066293,0
3.994495563,0.039887167,2.73777956,0.150586297,85.04336887,831.256235,60.23409596,98.7581784,1
4.552886092,0.031327025,2.779124757,0.160905314,74.48786228,764.29575,55.08920128,98.64354665,0
4.17692261,0.017766719,2.731647213,0.146183489,81.65635261,836.6976673,50.78520684,99.66230066,0
4.67837191,,3.040070593,0.143795298,70.20552844,805.5259349,53.52941127,102.2949351,0
4.211678654,0.018784723,2.128583074,0.143279131,72.11167846,810.0456785,49.12618935,102.4946409,0
4.188399614,0.023586673,1.757392238,,73.6214896,800.7757105,69.83522762,97.97709432,0
4.825206601,0.02725732,3.072189787,,81.91362248,766.1185311,35.96306822,101.6262788,0
5.14126555,0.022509346,2.231219241,0.151467851,79.26014395,759.7472238,45.71398252,97.58036933,0
4.162839439,0.026372569,2.731297373,0.152804718,79.82047512,824.9685093,50.10209983,96.88780268,0
4.505786626,0.023632948,2.488524339,0.139019421,72.64513045,832.1199237,60.37091038,100.1355783,0
4.770848696,0.034763111,3.489809561,0.142159269,79.75346313,751.4497333,52.46809457,106.2285436,1
5.035575613,0.033045532,3.484404902,0.13813118,87.3584609,784.6062547,58.17030211,95.20702782,1
4.670140336,0.035784366,1.980972339,0.162498118,68.7741024,796.5036474,65.01227099,103.6117278,1
4.383021099,0.038339286,2.826230959,0.133125937,86.7756465,770.0867773,45.52704545,103.9203692,1
4.255226889,0.035765528,3.010656752,0.144662491,86.75305454,800.775378,,104.2731405,0
4.081457005,0.02630903,2.295823139,0.147044679,78.36346093,793.6986569,45.59944713,101.2065967,0
4.263933869,0.022695196,2.750682362,0.141298693,72.71435274,814.7481604,47.08047629,101.3485514,0
4.94953038,0.031122422,2.418837335,0.148146002,77.14455174,806.7740187,52.53180571,104.5753573,0
5.19935259,0.023403324,2.242600822,0.149255196,,818.1547269,48.73783389,92.48965717,0
6.159464597,0.023543749,2.31396166,0.12877239,89.25842922,807.8686343,43.25163146,90.32513131,0
4.623822354,0.022606671,2.583019485,0.152718872,65.08246108,815.2595429,57.41316739,99.35502469,0
4.092099365,0.021611816,1.716860175,0.152720401,77.09935244,800.3432554,61.47027164,96.8585609,0
4.419093318,0.029449338,2.213714908,0.136746346,76.98753755,793.8640215,54.14809322,102.8242924,0
4.708813568,0.021058269,2.079993187,,66.67848786,850.5879758,44.22195747,98.1232709,0
4.601915246,0.01737896,2.335457534,0.153941876,62.9915153,802.824244,53.22094943,100.1747822,0
4.63243106,0.033053995,2.994344845,0.134606334,76.27972382,782.8589243,52.77126501,102.0278559,0
4.831510231,0.021727765,2.259725644,0.144739228,83.3084189,775.7912858,,95.39811396,0
5.220342903,0.03934694,3.349699163,0.172363946,72.13901641,836.3954197,33.65704528,,0
4.809047246,0.026160602,2.994131865,0.139810165,70.0568539,779.8241648,46.61225517,102.3621105,0
4.624791973,,2.634996554,0.14440373,79.082,793.281738,48.3661184,104.6049496,0
4.512132881,,2.837800815,0.139994371,71.27848461,808.5046772,61.68650849,105.3827668,1
3.522455629,0.016637318,1.769659579,0.160672126,76.85991159,794.2560536,49.10238332,97.52678989,0
5.241756692,0.033122634,2.978295635,0.158616632,73.98880841,753.6932457,53.1102271,101.7502982,0
2.995930445,0.015540239,2.998310172,0.14005128,71.48163837,820.2056783,38.54928841,100.8359193,0
,0.025969764,2.60363407,0.136104482,77.16943851,793.1752542,48.49386099,106.1474381,0
4.431208984,0.023840614,2.403970426,0.13141164,64.65551426,,45.7690365,97.60880454,0
3.387948721,0.029776477,3.47607386,0.163731854,74.4726091,839.41456,42.12780958,94.68321232,0
4.905757488,0.022663308,2.32461401,0.164180508,88.05338817,793.3460634,48.12262248,99.4114955,0
3.087656658,0.016309428,2.501544194,0.156190301,71.10106255,782.1693026,46.02114616,102.5988187,0
4.422260245,,1.313234503,0.15406078,69.69696062,788.8582703,,102.1080046,0
3.585973242,0.014285011,2.064380741,0.146599694,68.22100015,797.709141,46.09336461,102.6038196,0
5.327000208,0.016417407,2.47193915,0.147239187,,799.3687687,45.68960534,99.05965903,0
3.941795216,0.021740856,1.880684433,0.15914972,71.46034616,814.9037379,67.43911447,102.2779952,0
4.701396314,0.03229405,2.129190158,0.137006316,93.27982425,801.086248,49.47182636,101.6351029,0
5.175679905,0.020316809,1.067348795,0.174522917,67.52845165,806.5487237,28,101.8613871,0
,0.04138451,2.862457217,,69.18225726,803.8562568,59.17873938,99.72926324,0
4.808527448,0.020580614,2.342083235,0.138727464,75.83586699,761.8388897,41.47482612,101.7857905,0
3.65335333,0.028476098,3.120341888,0.14649843,75.98791152,808.6200646,48.57876216,101.1763105,0
4.638621622,0.012499232,2.391538314,0.137942568,57.48199187,844.4408164,51.04964757,102.5006384,0
4.893491567,0.021280425,1.875251824,0.147572144,68.21524564,749.7967945,51.45305969,102.0491112,0
4.934240794,0.025897072,2.140357115,0.162089169,77.90740826,779.7271301,48.97248625,102.4344812,0
3.784932779,0.032463698,1.791988134,0.158959523,78.10765645,821.3154681,42.80074633,95.03547065,0
5.049156603,0.016580562,1.561359182,0.149345917,78.84393012,784.8310175,49.04447383,104.2342174,0
4.836465719,0.027887063,2.296414986,0.149271178,59.87923258,840.6980694,39.06902362,96.85593436,0
3.848352937,0.015135997,3.097281397,0.149714892,82.71618007,786.2164507,63.7471117,98.98509035,0
,0.018095233,1.977811832,0.144720652,75.28236641,823.3106705,54.24794623,102.7148798,0
4.557838323,0.026486499,3.022731949,0.156176034,74.7027917,776.9547371,42.56419982,102.4891018,0
5.619375671,0.024166718,2.241083612,,54.7792155,820.3367455,62.73503709,93.77960093,1
3.187033323,0.026446484,3.304022631,0.138184516,81.20948741,787.6501283,36.89685227,100.8037574,0
4.350900798,0.027549686,2.294474293,0.141893219,80.62782721,805.7898549,45.35808544,97.71456585,0
5.1161285,0.02446,2.58896884,0.146387756,80.27423159,773.9192449,41.77835837,,0
3.61975293,0.013521111,2.593334067,0.163844058,80.56769681,842.4679508,57.15158657,101.7681398,0
4.921821314,0.023163122,2.009476285,0.153579511,68.36452009,824.7083386,42.26273187,105.7608847,0
,0.021392312,2.071832834,0.167502283,84.18449133,775.9102564,51.21754305,100.6181785,0
4.611035358,0.030760453,1.96768572,0.144923112,51.77030338,835.076307,64.96722236,98.2981606,1
5.279812661,,2.244736722,0.153838343,79.22463155,805.156058,55.0352129,103.5415837,0
4.349837744,0.033488717,2.801860947,0.151229524,68.0446363,806.3695575,64.24664439,103.1633074,1
4.739872846,0.024701354,2.233431295,0.13935912,64.32082928,805.2875908,52.96722036,103.0118098,0
3.761870377,0.022961312,1.926163506,0.150200083,,860,39.10678224,100.3562914,0
4.235738284,0.020681544,2.744403025,0.147393098,75.06535391,772.6018249,58.17574951,101.9982046,0
4.005418883,0.031050856,2.406395267,0.137081554,72.63099717,815.3951481,58.1252485,99.1628729,0
5.311729271,0.033878604,2.646132125,0.145023165,65.67651931,837.925315,45.04383485,99.40170996,1
3.85936301,0.010335707,1.823789358,0.165530848,78.25592491,792.3534314,37.31892074,94.28605364,0
4.394020619,0.021426677,3.431995215,0.162284311,71.47904435,810.8671167,55.28542569,102.4545727,0
3.632296067,0.02108523,2.446411944,0.155643001,82.16179378,786.4024285,46.5549972,,0
4.518767473,0.034489826,1.904926885,0.145406115,84.8480584,804.0771761,64.75443339,99.64371333,1
4.546827353,0.027683431,2.970383228,0.130622489,81.4214947,808.2103647,50.41475911,,0
5.096840398,0.027273232,2.976749906,0.131212756,80.05188557,781.6538181,49.42668756,104.564974,0
5.121092887,0.01665734,2.1827728,0.150447588,77.4634753,771.4723776,53.82914932,100.7425386,0
3.603738676,0.022737327,3.536819289,0.166820797,57.45729448,817.7138166,56.71428287,99.3752235,0
4.749338224,0.019815045,2.188327328,0.158056966,63.01351982,817.9413465,54.39979165,96.20810787,0
,0.028988392,2.858006876,0.142413642,61.47792554,779.3472296,51.23602599,99.02248001,0
4.455895253,0.033513443,3.725750619,0.150106857,84.54598802,789.6894132,54.46473242,103.0874048,0
4.21258324,,,0.162764774,77.03769634,796.8577612,49.17677463,104.1910941,0
3.74907099,0.037884202,2.12610014,0.145725088,61.2620655,839.1283153,49.34226565,106.5765475,1
4.228876816,0.007394045,2.293647338,0.13776976,71.33957046,750.4493166,68.23897261,101.6547219,0
4.808354961,0.026286855,2.736729603,0.143575732,81.28297532,807.3843501,39.92249355,97.25585144,0
3.972240384,0.022212337,2.963066849,0.139388249,80.20416521,762.0670365,52.74552605,102.1330148,0
4.048741931,0.021965374,3.050376603,0.144042518,73.20911907,803.6120966,41.4416256,98.32939442,0
3.80648286,0.028598775,3.448935409,0.140514171,81.50698932,801.2577243,44.63011351,97.21943691,0
5.050046874,0.015632738,1.86507126,0.160407332,59.48826315,830.8670608,53.78844318,99.30320873,0
5.922834734,0.024280369,3.029836052,0.133486878,73.96016118,808.3398092,53.3775332,96.77395413,0
4.363919172,0.022775626,2.006245517,0.153018904,73.0068296,753.9034283,52.09479964,100.5620927,0
4.161913386,0.028372758,1.870764722,0.142354412,69.20022576,770.2307424,59.10960642,103.7739203,0
3.689090811,0.032900419,2.326169377,0.147887732,82.94993337,800.4925328,45.74615363,98.14926671,0
3.081142877,0.019458224,1.592907529,0.144049394,76.00958053,762.9283755,46.70652793,104.1740362,0
,0.012746311,1.527293378,0.141737626,82.01202546,761.9877225,50.52489822,99.22144943,0
4.450278695,0.023836279,2.33569054,0.150312526,71.19536843,830.8281714,49.92151343,102.1128491,0
4.269382049,0.021205956,2.784191009,0.142411583,77.6381389,807.9423005,49.54911119,100.0913318,0
4.981999258,0.032880856,3.344464577,0.138156689,63.88340177,804.830658,38.34734308,102.4871292,0
4.58937131,0.025304387,3.129443299,0.156198908,57.18851529,788.829433,46.97074972,99.83753541,0
5.113999793,0.031126762,2.718221175,0.149271656,,801.5445396,70.41079163,101.1134038,1
3.687160311,0.034782959,2.542261445,0.157319954,75.39913153,822.2950172,50.12225903,96.95104513,0
4.858774597,0.013560736,1.891237723,0.157525836,71.39853204,779.1169109,44.14485635,95.83535999,0
3.963070723,0.021442168,3.157062625,0.134880709,78.27302784,,52.27740852,98.62508614,0
3.975280765,0.011179962,1.900946071,0.144844463,60.696153,817.3122146,36.11569989,104.670944,0
4.038420018,0.020655882,2.864660106,0.145745677,73.47467005,770.5785549,48.43897245,97.75133759,0
5.518190802,0.031670115,2.46003118,0.135888994,73.87933812,762.9785845,41.36164876,100.5615232,1
5.049292149,0.030048427,2.834455692,0.15608885,72.29584214,829.1276809,45.63981856,98.92721012,0
4.790916645,0.031212106,2.934540808,0.139470912,69.52550066,769.4692532,63.86342207,99.79746688,0
5.01452074,0.023977763,2.815751597,0.141740538,68.35841948,771.3995601,36.81333887,99.32192495,0
4.391669745,0.021901753,2.385331116,0.151658007,83.55548515,799.9636769,57.10759658,95.43662116,0
4.713165652,0.014365005,1.762362851,0.158450425,64.90176664,836.665695,49.0900541,97.91968688,0
4.686858301,0.019922845,2.796022178,0.141475831,73.8323027,822.3131941,42.08277883,96.34939422,0
4.048810587,0.025993591,2.142603211,0.133955778,63.66827703,793.8148961,53.80290067,101.2227912,0
3.798675243,0.009138398,2.349442817,0.153064672,89.11463666,758.4379218,58.10175855,100.2601641,0
4.523661552,0.029978811,2.240224857,0.142044907,66.17678573,805.0071384,49.47442089,101.9731952,0
5.359847528,0.031713396,3.495674139,0.136138836,,824.5795508,59.57851787,98.14877544,1
4.388770624,0.026581528,,0.151986106,62.73431837,809.5257891,50.22958487,95.27975604,0
4.223920663,0.026340987,2.388925461,0.1499505,76.38750902,806.7899614,52.23765927,97.43588649,0
3.904756443,0.01780546,2.865281869,0.138924633,83.72720005,789.7528266,50.77243797,97.26570531,0
3.626962699,0.021847486,2.983426899,0.134454194,74.73856582,796.4911098,48.6790428,105.2251715,0
4.461268334,0.025443136,1.214790778,0.13912637,76.62798046,812.0338563,45.31710156,95.38460096,0
4.108148898,0.016638635,2.555521235,0.148897609,68.86449599,807.2736252,43.88601485,98.63380156,0
4.832524006,0.025703528,2.807498277,0.14355569,73.33541038,812.096325,48.08976974,99.78477824,0
4.522745095,0.025334421,3.038769364,0.156580272,66.43125097,849.9984348,49.88455795,95.19716569,0
4.047950251,0.027948668,3.413939852,0.151812293,71.72715626,813.0226343,51.35586061,102.1705865,0
4.507626851,0.024387087,1.969589735,0.141285362,81.63238776,760.3050764,40.0683843,104.1939107,0
4.78200327,0.011732744,2.550992953,0.161859289,75.14149957,835.5317998,41.05455124,103.3052778,0
4.949080965,0.032123698,2.773170873,0.161065584,79.07922853,779.232691,56.78281485,100.0350712,0
4.702272102,0.019352189,2.550925474,0.154154512,62.25756532,803.1616775,52.86644351,100.4254695,0
,0.016864009,2.828280073,0.137538444,75.33252446,791.4033304,58.65426934,101.0334324,0
4.815435399,0.037647272,2.873701739,0.131823847,83.26058315,790.1440194,65.8470912,102.0321996,1
3.769298975,0.022950053,3.024748332,0.136565157,78.86753454,814.897888,30.94328462,99.32247367,0
4.254976155,0.028489052,2.671227382,0.161626477,81.97818186,740,62.98443391,103.973967,1
4.681896674,0.019991507,2.609874558,0.151998588,56.70636625,821.8298216,50.58796119,100.0500435,0
3.638785231,0.01511833,1.865811251,0.15771854,77.37971177,747.5309937,45.32367094,,0
4.559143665,0.028445618,2.665743976,0.172345327,71.67984781,790.2355993,45.3446271,99.896182,0
3.436216652,0.020647879,2.461022075,0.139809237,79.6846581,754.0147298,38.61279916,99.28213008,0
3.198800738,0.031208207,3.111013961,0.144477649,72.34161411,807.957066,47.71675409,97.45961121,0
4.872156608,0.014987729,2.249999265,0.145536056,79.43661293,773.3260415,51.85954475,103.7890737,0
4.170803393,0.015808166,1.968869652,0.150477996,65.99176762,819.9634352,51.80932253,97.80772467,0
4.374442325,0.019887724,1.848503368,0.143773919,58.23169904,792.1812978,48.62158916,97.73100274,0
3.886613478,0.029235519,2.132973097,0.143802355,72.68281769,795.5253434,61.28895756,101.2553108,0
,0.018905133,1.967003321,0.154034106,63.87599106,804.1403575,53.28178019,92.90339734,0
4.722623818,0.034404492,2.136976294,0.135855712,80.4255352,810.9944036,59.52633459,98.96657424,0
4.511207318,0.024201506,2.323501664,0.138377374,61.45922762,766.1513672,54.04744902,98.42784632,1
4.618985242,0.025671716,2.011438635,0.151882274,61.03600925,797.0718047,49.93779577,101.6494413,0
4.876721384,0.022266963,2.333202764,0.149330066,62.85402675,833.151435,47.82767649,97.85055583,0
5.088618574,0.026233351,2.629871285,0.160365641,94.86782303,775.1643093,47.10104772,101.6814781,0
4.040729141,0.030051499,2.054472946,0.153543599,90.74397841,802.6273214,52.1787578,103.6683205,0
5.80314087,0.043591773,2.996400473,0.144199592,74.7261112,793.1485696,70.46809466,96.74462457,1
4.104828744,0.023176216,2.349132312,0.153036237,77.07441342,777.5538122,70.79222516,96.55882289,0
4.959653806,0.010792592,2.143358315,0.136340323,76.53498446,780.2104787,32.96464875,98.34215813,0
3.695796416,0.021640303,2.178681113,0.144088647,81.95450066,795.7260153,54.60701309,97.99635055,0
4.624124483,0.010791725,2.204753853,0.141469156,76.079399,791.9577447,46.87086553,101.7679924,0
4.309932823,0.018221238,2.956679928,0.153318881,69.54583906,807.0593089,60.07470781,103.6110606,0
3.991337931,0.019720482,2.096149933,0.142603042,63.3643635,817.8733898,65.65702493,101.8935676,0
5.603318745,0.033040469,2.649019727,0.154207157,56.00551827,812.0492192,38.62511058,100.5094447,0
4.637778977,0.02296456,2.440892356,0.138088075,79.01226992,795.8925359,43.4527961,102.3999684,0
5.249851697,0.015937478,2.165134462,0.140611881,,785.2349776,42.05527201,105.9192836,0
4.413622332,0.024057248,3.510231482,0.151457919,62.21236134,836.4610343,45.40184625,104.4950023,0
4.099099769,0.025660194,1.977577928,0.134057683,66.05151993,776.3629166,56.88922318,99.385957,0
5.396343954,0.028905666,3.007467778,,85.77030288,809.8309593,42.07455718,104.4390287,0
4.264498241,0.025262533,1.729545525,0.152559579,59.2558629,817.6228925,45.34127417,101.276245,0
3.43667374,0.039997103,,0.14628301,67.50134294,805.4752483,44.56422057,96.37533542,0
4.444328358,0.02918517,2.917825753,0.131206109,72.35157743,809.965825,40.1744286,95.08304564,0
4.148563939,0.007400301,2.169266931,,50.83922095,801.5651369,48.60127597,102.3112311,0
4.743155017,0.023598981,2.80357025,0.14515186,77.0770953,792.1271967,41.10996597,100.9602524,0
4.4661758,,2.366305338,0.157388926,80.60313048,852.3946289,53.42088186,102.9893179,0
4.844648431,0.020137955,2.978138709,0.140997438,71.61163354,761.470156,54.09138054,99.00464543,0
4.578211303,0.033569308,2.791101785,0.148101343,75.46391121,775.0103308,43.90811337,98.08879013,0
4.259451957,0.021471203,2.566168066,0.152812486,67.92757894,849.1047544,48.53450386,100.6766294,0
4.480034839,0.02749357,2.270818762,0.156063224,60.48791891,781.9556427,39.60506657,97.1824809,0
4.242090795,0.035882884,2.359631161,,,788.6729604,59.7247008,99.65967567,0
4.969097885,0.018054056,2.081303149,0.150720996,60.60987335,794.7671447,54.48345875,100.8363063,0
5.474902226,0.027474095,2.071928585,0.139247837,69.88954609,,50.58076038,95.65221285,0
3.854956125,0.02676536,1.671012166,0.166733826,79.83267019,814.8559315,46.7545115,98.66951094,0
3.861872591,0.01878744,1.767052112,0.144117317,69.58665886,779.7208148,44.35371531,99.03471592,0
4.863419159,0.032312224,3.024610577,0.136195142,77.64231949,814.4552353,40.75259165,100.092432,0
4.333598252,0.02034813,3.020833655,0.156344342,68.6436623,785.339947,45.4945827,102.3734219,0
,0.028464125,2.544731724,0.161251961,93.6937667,799.998824,41.63539566,103.9043492,0
4.757269813,0.033553197,2.350319499,0.158288178,82.08991214,790.637949,53.79629348,104.0145375,0
4.995069408,0.016254056,2.87625671,0.156735663,64.12710314,787.9391621,55.7404673,100.1600374,0
3.546005975,0.03297124,3.15160522,0.168141416,71.54135622,783.6815564,46.30518895,95.84950326,0
5.414322584,0.025571057,2.459097802,0.156299363,59.93531533,802.4138635,55.02567517,106.2994885,0
5.323060945,0.031265131,2.279216119,0.145071816,66.81592376,822.9980675,51.08731522,102.8575016,0
3.916741955,0.018127489,2.44223006,0.155852915,87.02863632,812.3577196,52.18044732,104.9225452,0
,0.024896789,3.035782455,0.137916406,74.40272791,805.1840543,60.13539253,96.37547294,0
4.838186824,0.025452114,2.103191981,0.167385255,72.74873805,769.5972821,40.15177331,99.12297498,0
3.910365937,0.008838093,2.676805441,0.14123993,88.66078982,757.2722473,52.11620192,97.2655795,0
4.792912594,,2.32358406,0.134228376,74.44983702,810.4873214,49.98876314,101.3162875,0
3.703445891,0.019724431,2.974058578,0.141246791,81.15506492,826.7336912,36.09494844,103.5824317,0
4.636484794,,2.328804806,0.157261489,71.2936113,816.8478635,52.50473548,103.8252258,0
4.65456792,,2.993672869,0.145361177,78.71686234,797.1830148,46.61098001,95.04518433,0
4.748289083,0.022488374,1.928598491,0.146135457,,773.6404082,46.52968164,99.69453335,0
4.752196296,0.019317066,2.519147611,0.167564218,69.93773947,821.2093822,59.69383274,104.6402122,0
3.799888208,0.035870463,2.791119752,0.152388518,82.63218989,802.5811076,,104.5789702,0
4.242194258,0.023652055,2.519169937,0.138994484,62.00160632,823.4263392,55.96932187,106.702524,0
5.601637761,0.035327984,2.764257896,0.140441063,53.21809324,763.7201196,47.24789087,92.42377816,0
4.520345625,0.016989441,2.700719095,0.158263943,71.46153561,772.4537342,54.13093952,104.1779819,0
3.89100398,0.031238774,2.595361515,0.137119954,77.53509629,797.4663634,38.14696903,101.5912194,0
3.631676284,0.037509435,2.29063846,0.141964961,80.30881141,785.2103549,43.61066477,101.5717359,0
4.756321317,0.025723398,2.422910097,0.138435327,66.59770291,826.9643778,42.84218515,94.70375608,0
5.536106925,0.036888212,2.273437228,0.1480148,75.677694,790.301553,50.76358149,96.19606162,0
4.511089623,0.018995531,2.498771174,0.148668677,64.99455957,832.6903332,45.76987394,100.5325513,0
4.417544675,0.021434043,3.25209744,0.148935986,84.34153384,780.1987429,56.73626361,102.1226793,0
5.032836796,0.025509191,1.795515341,0.135130597,46.67116436,788.7441224,67.33477964,105.3949343,0
4.146596814,0.029439746,3.061205401,0.155827257,74.68282184,811.4689652,51.47764396,99.73289893,0
4.117759179,0.029192971,3.048467934,0.152654747,75.83881369,836.6143324,59.80457218,104.1676611,1
3.901435736,0.013538367,2.398938701,0.143034802,74.44266116,787.2229836,40.05659181,100.3611275,0
4.860175493,0.011938986,2.00546495,0.150037462,65.01269194,806.973816,72,93.57734989,0
4.034864841,0.030008895,2.694871345,0.152410391,74.82809672,764.7598087,37.58122524,103.5537026,0
5.172711553,0.023974923,2.646619613,0.149553993,79.72060398,775.0224453,50.05104526,97.6943241,0
4.007331164,0.021255879,3.079912141,0.158919866,79.4326629,816.0580372,49.02950432,104.4399811,0
4.380694061,,2.85560101,0.150444656,71.87323024,797.0170809,55.75045445,93.49931299,0
5.546391174,0.035944888,3.564859003,0.138966181,78.46265972,769.9193463,43.8197953,99.59695241,1
2.709530859,0.024108174,3.331287746,0.14624754,71.86612756,798.1077657,48.61485625,97.99049362,0
4.782784926,0.018482945,2.102452916,0.145279883,56.12542832,773.4216155,60.49497774,,0
3.763374811,0.026541589,2.385450578,0.140838602,59.60943113,802.4230709,46.92795773,105.0974183,0
4.35372189,0.025809204,2.69174167,0.151762256,61.84308104,796.8437989,32.57265021,99.82578106,0
4.648661889,0.028528088,2.998510547,0.142421266,57.86976949,833.2258681,41.27385318,100.9942785,0
4.25250841,0.018201029,2.229355286,0.151613113,78.95586416,799.0414763,49.21955631,99.08356077,0
4.379300381,0.039591431,2.214192874,0.165627267,80.53063108,810.3301575,36.63431882,95.71708329,0
3.570877991,0.033876648,1.976628105,0.144627345,81.50073146,740,55.70567651,104.3620732,1
4.982481451,0.021162345,2.483064302,0.143803845,69.56522816,790.2862688,53.25832144,96.09148326,0
4.572421211,0.021614191,2.365177317,0.14596406,64.80034438,806.3235832,57.18505482,100.0927926,0
4.043132768,0.02165838,3.820656083,0.148720644,80.2306667,799.983574,44.04747959,103.3148838,0
4.648078672,0.023770153,2.495759936,0.145213542,59.44672376,809.1246331,66.1667337,101.0980508,1
4.890463116,0.03300615,3.134720864,0.155305176,61.69110764,813.3763052,44.85045355,101.6459142,0
4.937476966,0.029727064,2.903195023,0.164134945,64.56091335,813.7515143,52.76191664,99.19876408,0
5.811693686,0.024885311,2.72752111,0.156577787,81.58276284,777.379389,37.19333369,97.86109255,0
4.215592378,0.020378258,2.96388348,0.148974853,74.51726341,828.1255664,43.63151615,101.3337167,0
4.099887213,0.026912826,2.639571385,0.14631945,79.01205734,820.7766128,39.24080243,94.57754573,0
5.230026151,0.028767777,2.528980469,0.160420928,71.15327,831.2641312,56.44814182,102.047849,0
3.751873506,0.025909304,2.366508861,0.161554794,75.8456072,809.6545755,46.8906729,93.88769048,0
3.683108123,0.029567977,2.824065499,0.152976451,82.15773963,836.0826483,62.80973523,100.169352,1
4.067710011,0.020752244,2.166314882,0.151949362,67.08924223,799.3951782,32.53747724,102.2881962,0
5.166410141,0.013342875,2.295686597,0.142236155,83.90705162,758.9432189,30.69590298,101.3864735,0
3.848179004,0.028345538,2.300622792,0.133457257,78.74341469,762.9991075,38.88609365,98.65573173,0
4.321815972,0.021885831,2.069776255,0.14651625,77.93560392,837.5879083,54.82400157,99.20014654,0
5.277089781,0.021486239,2.884808812,0.138755942,75.39084321,825.1400055,41.56311239,95.68904695,0
5.611297626,0.030767611,3.128630712,0.148801992,81.81754199,771.1106201,53.33779564,103.866571,0
4.16664928,0.031061662,2.925360642,0.150274835,77.94983226,808.8808924,46.59369891,101.7228563,0
5.02739501,0.019119738,2.573849452,0.141840172,60.76935218,782.0313882,58.28699404,101.5339989,0
4.777228715,0.028594673,2.292905961,0.14448242,73.99559019,860,35.90577102,101.8239663,0
4.274309833,0.042802786,2.388148472,0.148857223,68.1549526,794.5189444,53.2381321,98.42189377,0
4.010456831,0.029329725,2.882784526,0.163922225,52.48838579,795.8368973,49.64475161,103.8427886,0
4.516335799,0.03378814,2.926410766,0.163750358,70.02187225,779.0499923,45.83119061,104.8665985,0
4.53001479,0.033335845,2.825897095,0.1350082,70.31284547,792.701973,53.42956659,98.62712994,0
,0.02932827,2.654268799,0.146093418,72.79788584,789.8945173,46.53451717,108.2391119,0
3.52329167,0.013251211,2.433456004,0.15176312,63.31142781,792.4605664,51.66841684,,0
4.753755043,0.03308242,2.789990156,0.170701933,76.37713193,797.7413445,57.79227255,96.45354758,0
4.07127622,0.015841958,1.904576313,0.154280578,,829.9520054,54.23014109,99.28402216,0
3.788963917,0.027101553,2.439241463,0.130957311,73.10078331,854.4604526,59.57811057,100.7831662,0
5.170888536,0.025731031,1.585154297,0.144275854,71.55313636,803.576574,51.41028654,92.36040119,0
4.700946648,0.028506026,2.969265631,0.156592521,74.22021388,791.860996,44.47448048,95.6355915,0
4.788386908,0.023399953,2.15185668,0.141251524,61.89509985,802.2126696,29.10878279,98.56840339,0
,0.020522232,1.98179671,0.128609779,66.91073126,784.3310343,47.55948754,95.47488374,0
,0.018314073,3.238709023,0.150654393,66.61193911,826.7215397,41.58749604,96.94084571,0
4.682421183,0.011685892,1.809748565,0.14909732,74.76746699,806.401616,52.07967203,103.7008257,0
4.945856375,0.022293444,2.60486911,0.153206147,80.78727347,860,63.16926999,102.8461838,0
4.930982103,0.016789007,1.813141106,0.159064268,73.51380303,792.6525032,43.98032317,96.11749795,0
4.70930918,0.036660974,2.671471138,0.141074335,81.4709666,765.9792387,52.07305675,101.7453413,0
4.823063118,0.029491058,3.029955582,0.169151692,76.62464327,785.6237073,52.70463193,98.89776133,0
4.207695189,0.009986581,1.717790414,0.153513486,84.0978653,809.875342,51.89100256,99.92684994,0
3.809410366,0.017086597,2.232600351,0.155320735,66.57438171,791.6891768,47.19667715,99.35504365,0
4.504179103,0.024875621,2.800145869,0.132059249,75.89680543,807.7762114,55.28388179,101.0923927,0
4.261156407,0.028818183,1.705897667,0.137600936,72.4678507,829.8335672,47.37946726,102.4073451,0
3.874411093,0.016705312,2.398400159,0.149259772,85.97653907,809.0354987,43.04405153,95.49195714,0
4.869655948,0.028787657,2.690827711,0.159125319,78.7731732,781.1386353,56.05498865,106.6630804,0
,0.026392283,2.851746352,0.139782899,75.61413367,798.0725676,50.3918289,98.6575219,0
,,3.382865425,0.135470599,70.85177322,801.1222784,58.78501974,100.1397825,0
4.938021444,0.022829066,,0.14531508,,825.923495,45.39587983,98.81764507,0
4.937512794,0.026505436,2.67803197,0.155970442,79.65543999,789.6680864,55.29807901,101.3808271,0
5.21860545,0.031052185,2.286999278,0.149350914,69.94972707,785.4346994,45.46084659,96.88286439,0
5.265828571,0.027783036,3.133202471,0.138124239,80.28696481,815.4943716,48.41810216,97.74508961,0
3.439501624,0.020585134,2.932201004,0.16553353,86.80181113,784.4377154,,101.4022632,0
,0.025382615,2.263860957,0.130731478,73.5456178,792.4190958,50.54107029,97.25484173,0
3.833492181,0.015488491,1.499876345,0.131823065,84.51165474,795.1699863,51.92035973,100.4451204,0
4.664928515,0.03237959,3.019359084,0.158867076,78.34308583,826.951732,61.26664284,99.71017434,0
5.052585049,0.0196416,2.363618234,0.139933689,59.23266035,841.0912687,49.55745147,99.13333797,0
5.211607465,0.018270759,3.319389319,0.169697214,73.37796892,814.7036585,60.13393993,97.04206822,0
4.583495769,0.022732163,2.916082303,0.145042744,64.66453746,796.2855283,33.71418005,103.9564302,0
3.938191325,0.037507896,2.537430559,0.132624641,55.78301201,817.322079,42.4317585,95.89577654,0
4.675585956,0.021544909,3.41546304,0.139123701,73.63778925,805.8382786,65.00611222,101.9006112,0
4.251362996,0.010215699,2.04608604,0.143785002,64.20296735,794.3840889,54.32885737,101.5606622,0
2.809757321,0.022331147,2.438608865,0.145954807,89.22364191,744.9733517,48.17528766,100.8148688,1
4.964010945,0.022119263,2.829547383,0.15733143,59.19704873,847.514509,44.6477112,101.7088342,0
5.058869699,0.0311785,2.578634193,0.158083832,54.59009355,820.9057723,42.44262936,101.9227065,0
4.821286925,,2.676638514,0.136564986,73.25040685,820.0970067,49.77642389,96.71453176,0
4.470843072,0.02578678,2.494451624,0.136673462,55.97105658,827.4509996,54.63356189,97.16722615,0
5.053420727,0.028443405,1.326166589,0.145422834,67.23236562,823.7233796,52.69083271,102.7786176,0
5.319144864,0.023669591,2.318659969,0.152621017,80.30827619,816.4373683,62.28424919,98.64674529,0
4.563697657,0.02844054,2.609056242,0.137499586,79.06953774,787.7906467,49.66066496,95.65978386,0
5.261689736,0.030701579,2.062003288,0.140938128,73.0040699,781.9681746,47.83585655,98.5183276,0
4.849495196,0.016099083,2.739876908,0.132242032,73.15099434,807.7896925,44.93159332,102.0451787,0
4.279389183,0.014783048,1.818939365,0.135903979,62.38409576,817.1615154,58.4773651,,0
3.529596245,0.027100584,3.004861825,0.153137934,68.38864085,800.2337012,63.1662405,96.20968426,0
5.102770026,0.031905564,2.845367379,0.115426324,64.52506247,795.1420802,44.85685481,98.92213466,0
4.370989487,0.020336633,2.52564249,0.156718085,60.37287143,840.327636,53.96491068,101.0023379,0
6.119840029,0.018452126,1.664877263,0.160103504,59.29204671,850.5166804,38.6959484,100.6514073,0
3.020733664,0.01859142,2.832890774,0.143747148,80.48158554,764.3148608,49.67022038,93.63343836,0
5.247784761,0.024238824,2.685817365,0.155222252,77.47796297,803.633809,52.94699541,101.4867648,0
,0.029894871,3.380254601,0.162611864,60.62321602,834.461622,55.41423822,101.4670239,1
4.742006224,0.030041068,3.103126091,0.138838875,80.81710363,808.5545397,53.60125855,104.4610885,0
4.808402257,0.016925883,2.699029339,0.157502704,100,760.4985949,54.97862005,97.3393911,0
3.597671542,0.015771205,1.952043841,0.172822703,68.10711914,845.8371264,39.68538855,99.87739558,0
3.727485901,0.031069474,2.31296567,0.158720247,93.46483893,759.1874352,,99.70476675,1
3.324898898,0.026588813,2.671016596,0.155373419,58.46406628,791.4278906,64.63361838,96.18470603,0
,0.033630037,3.319762142,0.161540091,67.0059507,800.6628155,37.45250841,101.8978377,0
4.181037976,0.016046498,3.005771142,0.150629671,59.62357095,820.0479858,47.71799654,100.4164581,0
5.163914303,0.021527924,2.515880024,0.13304015,88.64834249,761.3457107,49.11958984,101.1112163,0
5.263321235,0.016532226,2.527655591,,67.84951977,778.1029962,42.95330402,101.2499642,0
4.156801178,0.013160828,2.379159732,0.144569914,80.4721771,771.1606427,48.2223558,104.8575624,0
4.33377158,0.02025276,2.194393526,0.157769073,60.67808061,787.8740388,47.84159104,97.35811251,0
4.348361615,0.036803804,2.666358646,0.147128551,51.68506548,788.3960118,54.07788819,99.63703976,0
4.015725793,0.012622481,2.593335963,0.152897669,63.79828763,825.1487099,47.42930116,101.7905405,0
5.524099442,0.011614003,2.619354306,0.161373414,88.41974771,779.5999032,66.34669536,97.54377119,0
5.48618047,0.030173895,3.220568021,0.147237473,63.33072043,837.3441644,55.35691808,104.7546571,0
3.833091965,0.021190791,2.580084579,0.127774396,65.50623202,839.1193785,60.44763236,98.20001684,0
3.934748798,0.035735103,2.084475834,0.156691933,73.66099312,803.5299599,41.31452457,102.88967,0
4.863226808,0.023139319,2.623111995,0.152526942,66.6964279,801.27333,54.48120791,103.1640869,0
4.545607953,0.013797648,2.367811772,0.133973161,70.29998485,788.1562681,53.00773286,100.2803506,0
3.570056254,0.015252747,2.367948729,0.14520396,72.65232561,830.4697439,49.25479363,101.3634885,0
3.318901515,0.032585748,2.966526609,0.143861882,76.96129857,805.6756984,36.49779706,94.83543178,0
3.876569358,0.022592727,2.590045854,0.132685157,70.7360407,798.3331632,61.38070768,98.26745538,1
4.538080842,0.024240478,2.689361168,0.167696512,72.0477314,800.4876637,50.01924708,104.1797692,0
3.894635829,0.021430052,2.570676154,0.151500303,76.83766663,789.2672386,52.60198159,100.024411,0
4.305733921,0.026847695,2.257978497,0.162007893,55.0696882,860,44.19160633,,0
4.401759778,0.033985451,2.398106166,,79.3563211,810.7889856,62.33264099,99.18522313,1
4.208763905,0.015081819,2.659620876,0.154107948,64.60890531,802.1927586,43.3708726,105.5595675,0
4.543994594,0.029373309,3.208742448,,79.41475908,833.9363237,38.73290607,101.654206,0
4.711068018,0.013757776,3.046543216,0.138713812,84.44623406,801.7638612,59.48911228,99.90924823,0
3.23297464,0.029262363,1.964867757,0.131526132,74.53406917,774.8688118,64.77255405,96.17058685,0
3.868814711,0.01956703,2.02738384,0.164517261,67.16543006,791.5843802,53.37943023,99.65375883,0
4.009773866,0.017287288,2.202263627,0.151745749,79.46067832,825.2612102,51.02036808,99.39622259,0
4.594948156,0.029564656,1.321072053,0.133019499,74.63908271,829.0198469,55.75046057,102.3227063,0
4.398317701,0.016900241,1.514237807,0.139132744,54.62193288,780.2494094,57.69776458,104.2405935,0
3.549390502,0.021061209,2.186727428,0.139746352,58.1825,810.5096078,45.4857803,99.53779943,0
5.343432928,0.038628126,2.954922199,0.144432096,73.46969324,795.9876919,49.98093032,100.8896646,0
4.630075172,0.023168063,2.426056185,0.140155645,70.37338138,860,46.28428179,101.5986016,0
4.717355785,0.031674891,4,0.153953903,76.34129991,778.0292249,69.04567622,97.630506,0
5.099425519,0.024931172,2.249432809,0.157397157,70.6436414,812.5417935,45.7580079,99.96872861,0
4.513548397,0.029798882,2.41680257,0.158203887,71.14004641,761.4083105,58.89958291,105.6208653,0
3.758753079,0.029015603,2.4287616,0.159861351,67.07240818,791.950322,56.93920356,95.60816604,0
4.671520671,0.019605343,2.898375191,0.144133683,63.39008129,849.1659147,50.36086401,98.84031488,0
4.117036488,0.024454337,2.47456834,0.158022737,70.62085342,777.4223633,61.73277211,98.72290963,0
4.558989041,0.021426209,1.483486354,0.145692411,74.582463,801.8263343,47.44858479,98.47015356,0
4.854661313,,2.742552818,0.146444069,89.28556618,819.0778214,,,0
4.150704043,0.02693744,2.338871372,0.150025584,64.14968837,807.7192315,50.16558552,100.8213974,0
5.705404875,0.018148009,1.244205936,0.158810577,65.70045566,843.9587268,,100.5110508,0
3.116097221,0.013917608,2.516695962,0.142876498,76.60739142,805.0647585,67.57354205,99.46476121,0
4.224583864,0.036465022,3.612791902,0.159696001,83.09032511,,46.08928712,103.2231763,0
5.988621264,0.027068739,2.547014212,0.15402969,62.77091512,799.6230681,54.72965996,103.4950336,0
5.700726141,0.032079685,3.0570124,0.153340489,73.80596283,780.7657199,50.93183078,95.68677759,0
4.622532939,0.022674919,2.643317121,0.142329689,82.63187567,795.7567299,55.61054063,95.43540468,0
4.087965128,0.019126742,,0.166484633,,761.8219095,54.07383631,103.30923,0
5.106610967,0.018702243,3.194637923,0.152015766,80.30659359,803.5280397,42.65329802,98.22025242,0
4.059440258,0.02360236,2.559932285,0.154510661,65.69939128,796.7384466,48.4004789,99.69063182,0
4.362527364,0.034496351,1.992812121,0.158386046,75.70356169,827.8963169,60.00772094,96.60398313,1
4.149692864,0.024010153,1.219223717,0.134243593,68.08933757,835.8943322,51.92824399,103.0085959,0
5.224468763,0.02803621,2.643355605,0.150183731,87.62999731,,58.59968947,98.24829978,1
4.380787168,0.026478199,2.444935861,0.145388181,78.32448557,,56.75676576,100.4459152,0
4.071021952,0.017116797,2.654577151,0.159756003,77.17878592,825.942505,48.45697632,99.79137099,0
3.849060736,0.029721037,2.246933658,0.145095496,74.03012355,788.5468935,56.74737231,103.5853023,0
3.686930155,0.028890982,2.743925246,0.142411748,72.09856937,831.4956592,43.77349381,96.86502712,0
3.164944164,0.029951876,3.166309706,0.146176512,81.06102258,786.4194958,60.5700448,105.0649145,0
5.163040978,,2.524226158,0.14538163,91.77927848,752.9852343,64.84330802,105.4484632,1
4.139583513,0.005,1.589219763,0.140815224,93.22725872,755.1563116,48.41709037,103.397424,0
4.381284786,0.015654577,2.784820462,0.150909219,,,52.74653499,102.1790886,0
4.477653516,0.028021572,2.519510333,0.12970789,77.69499314,785.8370549,48.80823221,103.8632253,0
4.109005957,0.026014948,2.463609378,0.141772234,72.03849034,819.5944169,46.47088599,96.42088073,0
4.137574535,0.01881312,1.70212018,0.154033466,64.02043516,762.0567145,50.89787745,102.0185155,0
4.193079232,0.02566233,2.487253674,0.162248456,69.20299326,795.5257469,34.35339339,97.45647979,0
4.019714976,0.030544421,2.781761845,0.141894578,61.46413453,806.9388861,48.83943665,103.4936289,0
4.285240473,0.024490692,1.986862118,0.127540132,76.55323856,803.5815077,54.38832889,100.86164,0
3.783008273,0.020154938,2.761909867,0.129492591,91.63274424,797.4063805,56.19680092,104.8299712,0
4.676208291,0.02536018,2.066144162,0.158431089,83.99933433,777.2822165,48.50329456,104.7881008,0
4.912182921,0.02635193,2.613459899,0.15129655,72.35791546,800.7427784,46.00275042,96.09814752,0
4.588653044,0.030644871,2.791652429,0.144440022,63.01060957,830.8634,58.90430904,105.7840077,1
3.833777378,0.027904132,1.882291864,0.162539125,73.7073206,749.6721522,48.58159611,93.65045724,0
3.794042511,0.033722039,3.280879341,0.136207576,70.59955287,809.4768512,50.78197146,94.95061476,0
3.578366575,0.01874816,1.936637151,0.146055527,71.12852742,821.8351584,,102.7617453,0
3.632198119,0.024780855,2.278092988,0.169723469,75.95168727,780.3372009,46.39365348,99.31275756,0
4.541488962,0.029962533,2.941074534,,73.05177491,798.7600133,54.87749234,98.72689041,0
4.563531922,0.033972318,2.993467026,0.143755831,76.92432945,775.903376,57.23242294,97.89265998,0
4.717384566,0.020860378,2.777292359,0.148571649,69.80128391,805.2735825,51.95480326,100.2037805,0
4.177987846,0.029900786,1.584082198,0.145404287,74.6070208,740,50.26036025,101.1762904,1
4.872501285,0.030311576,3.290877406,0.14697499,64.79001096,819.6391594,55.42912758,96.85942511,0
,0.017933963,1.846760603,0.136959209,82.57545991,780.3276134,41.69037636,104.7019273,0
4.560796667,0.018216014,3.001934726,0.164399469,74.95055688,806.1728844,45.79837399,107.2392362,0
4.672920344,0.018711146,2.86221308,0.15784985,73.84490553,783.9814929,56.05006359,96.81109962,0
4.226076262,0.020709445,2.68129064,0.142965298,58.47093325,834.5573729,48.12061243,101.3568913,0
4.166141535,0.021057384,2.278073959,0.147573784,66.75044361,799.6936098,42.68776515,97.4409828,0
4.079644553,0.015987023,1.978422162,0.145103546,61.99596238,820.9930347,40.69601141,96.05559501,0
4.656221503,0.033777239,2.831546907,0.158508474,71.37312139,818.1128117,50.16794835,107.0300715,0
3.67682854,0.020095473,1.577058838,0.149187198,83.48448477,823.7410917,57.59499064,95.52383246,0
5.518375587,0.018999738,2.310557673,0.161076327,82.37615035,836.0847996,62.12423687,101.3251144,0
4.938191599,0.015683838,2.130923385,0.145604281,75.09160458,785.8977977,46.72209376,97.62113732,0
3.79253756,0.007225552,2.133539741,0.154308615,77.91651582,799.8223965,60.13765988,100.91197,0
3.910306295,0.025276243,2.617823611,0.15306059,45,820.308295,49.95804062,102.384781,0
3.745029103,0.01599141,2.35868006,0.157058154,79.815871,790.2766831,48.46807575,100.5508275,0
4.209527407,0.021881145,,0.156961998,86.67052116,773.1898962,55.25891861,94.58679273,0
5.581237299,0.028739862,3.257427641,0.158932372,71.86352205,795.2021324,62.93001389,98.92501116,1
4.613114028,0.018217331,2.595562712,0.128866718,60.23170339,812.9359527,50.83688718,95.24292763,0
3.803829738,0.020441278,2.574178948,0.141550431,66.39601529,807.4121653,,106.5751238,0
4.339961825,0.032801405,2.988581963,0.137757865,71.42650454,814.0138986,49.54987317,100.1840549,0
5.134898535,0.028532885,2.538752927,0.143883869,74.36513975,795.3463059,,100.5805406,0
4.12121863,0.022960819,1.696461246,0.163629495,64.79927109,838.456513,60.94902121,104.4900475,1
3.673216865,0.023841357,2.002126892,0.134127084,68.40891021,758.3642446,,100.2256092,0
3.221188821,0.021715784,2.584898182,0.15166026,67.98950009,,49.06967612,101.6507163,0
4.097808272,0.019592455,1.809009615,0.155501849,61.87182342,810.0113326,52.84628569,101.0063082,0
5.410175584,0.022812263,1.772222875,0.141708689,79.53792297,837.6538298,53.48119352,97.86986907,0
5.063193431,0.025104878,2.21308429,0.140228702,78.66678192,827.3391736,66.00982443,102.0016964,0
4.238976824,0.017422874,2.097685464,0.142150722,84.81967835,811.3788883,51.51629814,102.4095485,0
4.845457438,0.02595819,2.678349979,0.152614141,78.06332619,791.0529561,57.66856823,99.95278994,0
5.514626948,0.026325224,2.974049282,0.147245942,64.80412292,824.0312651,52.72348257,98.66946889,0
3.676551322,,2.039049381,0.169747717,67.34502779,816.1562814,44.35736406,102.0775595,0
4.589813643,0.025313149,3.003967637,0.157835639,73.40461789,785.2412159,40.36237764,103.5650266,0
4.648975206,0.031645842,2.798514738,0.150420114,79.16405701,774.6717078,54.82856259,101.9663245,0
5.45600907,0.024093988,2.088594751,0.137954379,72.22957033,803.1539294,64.15319338,100.2028264,0
5.5132685,0.02466053,2.260473898,0.139914585,60.67798425,793.308303,49.06632585,93.64182117,0
3.611952295,0.034143003,3.448151541,0.136989875,74.55423579,817.9820537,48.44288966,100.8567881,0
5.404885886,0.025095264,2.937404327,0.141167179,89.24947954,765.2773512,45.87195549,99.53348959,0
3.88851856,0.032350229,2.751397017,0.127487105,82.52165915,802.2662553,45.26957783,98.43299898,0
4.100057486,0.016021604,1.947573449,0.159242953,67.58310814,793.1376188,42.28138302,96.81949632,0
4.491828458,0.02997637,2.743415042,0.163167468,76.61695755,778.4200116,51.64652397,100.9646481,0
4.21871043,0.034714609,2.943826053,0.148364518,79.15275252,825.8210622,41.56724162,97.56443565,0
5.239318038,0.015169221,2.726867335,0.145363963,79.87685606,831.9293085,36.11671873,92.23859131,0
4.349130498,0.024278981,1.989593208,0.147709994,78.23005552,782.9279408,60.0481659,,0
4.969069229,0.023711856,,0.150320373,,789.2193695,35.42961471,99.16292274,0
3.849381519,0.02078329,2.327268359,0.148971968,61.98063027,811.8852651,41.48058655,96.9795951,0
4.805643089,,3.059217523,0.151342226,80.28274964,745.2159418,52.73568922,101.44082,0
3.368495556,0.021256572,2.737550709,0.154601164,81.20581539,744.754566,59.71213001,103.6867633,1
5.298207721,0.014024851,2.912064666,0.152307671,82.65785364,782.7579038,51.65357359,98.52095651,0
3.798564216,0.029013185,1.434588135,0.13019346,70.4467107,761.5175172,53.20435053,100.1938838,0
4.923756219,0.024892821,2.9334467,,68.56063889,820.528914,49.64223796,99.2799097,0
5.027481154,0.022963852,,,59.95891737,810.4392143,48.75986638,102.6696981,0
4.448503909,0.022673195,2.26061066,0.137102315,69.71139562,784.2628944,41.52195157,101.4636461,0
3.724285617,0.010299193,1.911570139,0.156683328,91.86452446,792.1902598,57.88990626,100.8666292,0
4.050381813,0.024415044,3.784131521,0.146265333,89.00810707,812.21048,64.98038223,98.01627664,0
3.493212521,0.021574297,2.421390792,0.148000622,58.42266312,859.1553266,52.35871489,100.6849847,1
5.079620924,0.022842143,3.119348416,0.144278568,68.45579433,805.0921506,48.85797416,98.23217951,0
4.655500251,0.018755419,2.752055886,0.156491893,65.71688549,778.9102043,52.70461752,96.12511041,0
4.624997376,0.026129091,2.176755264,0.141160107,66.56191158,841.7750094,38.37648426,97.67591428,0
5.07731269,0.019748807,2.299582509,0.1514082,57.65447239,791.0907653,49.32945041,96.46095756,0
4.338358764,0.027196788,2.78970143,0.150912159,63.42065569,841.0569399,48.32906587,98.36364053,0
4.0841735,0.030420279,2.152434597,0.145205325,78.27348898,786.9367503,38.81405753,105.1240409,0
4.596949003,0.029530827,1.075964913,0.155152574,72.46965523,796.5100049,56.55652845,100.9915073,0
4.919351817,0.022657192,2.88623801,0.137163292,59.34502962,825.4221101,38.73849264,105.6777046,0
4.658323411,0.026546183,2.553790036,0.164144222,71.03456979,791.4613328,55.1331063,100.5384801,0
3.690329157,0.034445073,3.224908296,0.150301454,69.53678235,821.5157176,43.35953696,94.17063789,0
4.008898352,0.022970573,2.513439919,0.147149253,,824.439196,36.80875021,103.4360183,0
4.622628103,0.018424506,2.528641344,0.14739154,68.00573653,805.3554296,56.09204266,103.5583895,0
4.128116788,0.011728748,3.096122004,0.160334719,75.94153997,809.0878022,55.69731889,102.8839263,0
4.100466844,0.012481292,2.847541523,0.16313838,71.44808825,817.7255935,36.52710793,104.4850487,0
4.822691432,0.016238238,2.513780146,0.154266686,75.98936748,811.3413607,55.76567784,101.9006572,0
3.728354353,0.026982903,2.307560487,0.147702374,65.3336313,857.8315453,42.6616376,104.4984398,0
4.171074561,0.018780085,1.594281152,0.155336154,63.90576061,825.6222626,51.03801289,99.90124343,0
,0.018708961,2.472194199,0.165526199,69.32852133,827.6537178,51.77324074,99.50870227,0
4.654174806,0.012691629,,0.140376708,74.11302419,762.8630932,57.1488068,100.4095653,0
4.772230353,0.0241044,2.727340671,0.155824142,72.97817252,766.6638151,40.7207805,,0
4.862010758,0.027986373,2.304832711,0.173595285,67.82404019,818.057804,49.27149101,99.02463055,0
5.066825963,0.023227111,3.020814962,0.145688941,79.65117169,755.7624312,47.26397239,102.2783896,0
5.099745535,0.028415602,2.006824466,0.146081124,68.36580005,803.07988,40.83795095,102.3866089,0
4.678953495,0.034089394,2.30596119,0.154709869,83.70245107,776.3959261,39.63381697,95.1671445,0
4.706227476,0.031321451,2.703348722,0.144136331,73.85646005,814.4961869,44.41327761,102.5225332,0
6.139789953,,3.334050842,0.144479418,73.81462424,815.4847172,49.13460783,98.97603486,0
4.602550045,0.033876152,2.990330311,0.132936994,69.22699729,790.8196145,60.78462267,98.56906607,0
4.654510266,0.025211727,3.211875142,0.139141802,76.93861398,794.0081288,52.16133644,100.0279654,0
4.645022833,0.027184171,2.437623074,0.148087539,67.55453243,797.6412947,50.9301131,104.3730446,0
4.024978839,0.027407631,2.158549901,0.130925036,70.05393621,,52.86690813,100.5525085,0
5.070033838,0.028353967,3.114088048,0.155579084,76.44012794,791.9485046,41.00717119,98.79029039,0
5.776057231,0.022537043,3.194318634,0.151246327,,782.488897,54.95765735,100.7418227,0
3.868696899,0.028376078,2.378747405,,,822.3197319,54.62184438,105.5395634,0
4.160103711,0.016771403,2.334615248,0.152513744,63.24556021,803.4630008,57.07180461,,0
5.211406118,0.029735161,3.125800924,0.149357559,64.80563634,792.7246389,45.4296509,99.70561378,0
3.795792057,0.024104905,3.15405399,0.149511549,77.62902285,761.7293849,50.62043851,102.5822639,0
4.926626018,0.010531311,2.424459874,0.134343169,71.42234528,784.0915038,40.44624951,94.89675971,0
5.602686177,0.020753472,2.060690025,0.132351145,74.69393785,796.7045544,,100.7588711,0
3.986656998,0.017860858,3.347999683,0.15947138,59.84421062,802.591819,49.12208322,102.1774966,0
4.094331996,0.027996249,2.660040185,0.144436345,83.47699914,792.0057893,48.93775009,98.24086871,0
4.899929302,0.0212198,2.270407173,0.16126867,,799.3943971,54.4776156,96.82437342,0
3.742521718,0.021824074,2.625018732,0.130527037,73.53028596,767.8488668,50.92286972,103.2704669,0
5.46404234,0.027212977,2.917066219,0.14961819,65.15290298,829.8812556,54.63163544,101.0000085,0
5.327695623,0.023046695,2.649411601,0.159016501,74.11974155,770.9980868,53.43455786,99.62150786,0
4.811386514,0.025821514,2.935635738,0.166581776,91.73703923,799.5945315,50.67512406,100.726831,0
4.059552556,0.034258426,2.599566624,0.141718411,76.79252117,798.5691435,49.90504375,98.65312033,0
5.612424336,0.022727549,2.772420332,0.154004443,76.90643175,767.5345864,48.17528077,97.02724268,0
4.876364787,0.021317962,2.002805693,0.165292021,74.7792384,834.6534656,59.61148841,101.0586698,0
3.96265686,0.030827067,3.543775246,0.13017953,77.37506755,844.0383275,40.22969667,97.1013186,0
3.93416853,0.018997953,2.695916025,0.153375589,63.39172625,837.0753367,48.03449658,99.92406081,0
4.147441254,,1.791679641,0.155557366,80.66021335,758.6188637,,96.14612464,0
4.69177694,0.023715531,1.8999608,0.153197695,82.67052024,779.5149424,34.63580782,97.68197438,0
4.223119462,0.036289487,3.62777187,0.162167176,74.52285334,,47.68214937,101.1460376,0
4.982312282,0.029619181,2.377961962,0.135751783,77.14113157,813.2272672,48.77344753,104.0140272,0
4.443436649,0.030064642,2.775383789,0.150420891,56.15446749,799.5362804,43.17706683,93.2944711,0
4.314056974,0.01667643,2.698083402,0.157074538,72.82417656,818.2697886,52.42303133,96.10442726,0
5.332294126,0.029390269,2.855940074,0.138494712,73.38548025,803.2350528,59.04303594,103.8465036,1
5.430050065,0.018320793,,0.153922078,85.1442432,745.7422878,51.26857928,92.40574953,0
4.191982351,0.019653683,2.101425889,0.149413806,84.69596816,786.9689505,45.15642935,100.823027,0
4.331541208,0.026463224,3.05050534,0.156005803,72.66568528,776.3417567,42.82585866,100.5145984,0
5.008353855,0.023219814,3.018336229,0.149494799,78.82854022,753.0642938,54.1712698,99.84904951,0
3.793835648,0.02378472,2.865459419,0.143655525,87.58992012,763.9781258,48.43681277,96.78551816,0
4.930132872,0.020406417,2.183962539,0.137875001,72.92941624,802.5769035,55.62236631,107.2988689,0
4.087935702,0.0265857,1.886839315,0.162657229,90.1944055,757.2336802,49.12235815,,0
4.37281452,0.018369745,1.856148336,0.144895171,77.8291875,749.8824722,45.7796732,99.36593785,0
4.722654948,0.027700332,1.834762792,0.139967502,78.29286438,845.0397269,48.30693485,104.8770082,0
4.768162754,0.021384117,1.636369948,0.146676752,58.98485143,833.4002522,43.972201,95.94616749,0
5.242301894,0.013985904,2.310177949,0.141318982,63.79495012,789.2444205,49.39506916,101.2006607,0
4.623422653,0.029036079,2.591675287,0.152372843,59.25382554,810.8331511,40.06508103,98.50679256,0
4.164446538,0.031089923,2.779146503,0.157554451,80.14979391,777.3295905,48.67103539,102.6890843,0
3.703619081,0.01165177,,0.155607915,68.31022198,843.3948169,42.10536344,98.11354339,0
4.371291559,0.026229689,2.225365875,0.140119035,62.88921465,805.3121853,50.78556269,100.5771209,0
4.250698345,0.023220236,1.965482517,0.162184655,64.95292834,778.7580796,60.59435492,103.7821518,0
3.545183226,0.015827092,2.708102663,0.153554409,67.82971957,852.3347999,52.92487571,94.00988816,0
4.873355018,0.018595054,2.472463022,0.130954411,81.24902203,783.4164203,61.80109685,97.62275467,0
4.943058133,0.024876999,2.849000085,0.140171444,,740,58.89389327,98.45835046,1
5.90004914,0.027668324,2.347247315,0.139243378,54.63594854,837.8395973,44.2580042,91.61649783,0
,0.024530592,1.825545233,0.147823633,80.93198891,777.2133211,47.96340941,103.6034068,0
4.270807797,0.014908055,2.910299867,0.145923537,71.22841031,814.1271353,59.54438011,96.83758183,0
3.820339961,0.030528544,2.593791634,0.149431261,74.59435722,816.5393142,54.26427428,97.89529758,0
3.698835809,0.018956793,2.086041663,0.157774305,78.36437201,777.6072892,59.58055732,101.5029867,0
4.460039882,0.022963905,2.869427858,0.152059209,68.56547856,821.2047141,40.18128722,94.41435076,0
4.308072799,0.020426202,2.294926805,0.152725193,74.62815231,775.4544079,45.39553596,100.5088239,0
4.100377266,0.018391768,2.754852168,0.165193651,65.64746917,839.0798365,,100.1718015,0
4.441778572,0.023722431,1.990919759,0.154194129,69.9947299,789.2074607,48.14631827,98.64690756,0
3.651708667,,2.722985985,0.130588176,77.06219116,847.2729255,61.96062419,100.1899504,0
4.005593808,0.023277412,2.713944409,0.153559335,82.47382267,827.5329482,49.60790387,98.16738887,0
5.618692,0.037019458,2.515785828,0.152171751,56.0115569,823.1346095,52.17394513,98.32182722,1
4.251300488,0.039402273,2.3462693,0.141409292,57.75339889,809.0383973,57.44622995,102.9869799,0
3.550015277,0.033787502,2.580778277,0.153143401,68.60325536,785.704824,39.63721863,100.4435457,0
3.585915823,0.039219141,2.218394828,0.159687893,56.19710621,846.3864096,54.12425828,98.21018102,1
5.728129818,0.022883638,3.019536382,0.151543481,82.02447585,772.9159945,58.06482288,100.1764451,0
4.727349088,0.016285154,2.251241244,0.151356582,73.18198974,,42.5670779,99.55637595,0
4.726211675,0.017105977,3.308026869,0.134289944,,806.7998269,60.03311896,,0
4.683898159,0.017396868,3.175205808,0.142270535,70.14423463,805.9924395,47.22140901,102.56973,0
5.747585022,0.026240706,2.767469108,0.149428852,69.57501882,860,53.19083481,106.1855147,1
4.308672846,0.025259812,2.575074865,0.149881307,67.22139258,775.8317406,47.8699668,100.4479356,0
3.807420723,0.013738693,1.786084452,0.156318207,81.86431106,805.1332466,56.75161839,104.0067152,0
4.23053408,0.026724528,2.336127954,0.147225228,84.34505262,810.865034,56.70195923,101.7210101,0
5.253339787,0.026918822,3.022384054,0.147259545,81.75922404,772.5916178,60.24666205,103.7420346,0
3.291839052,0.02164626,2.393592169,0.141075744,63.42497333,832.6536882,48.20052498,97.43233023,0
5.204736615,0.023080875,2.381664346,0.132379889,54.57662913,839.1850076,46.62072491,101.369776,0
4.009207901,0.016454999,2.273416196,0.158992158,56.59449579,788.6337255,53.11881392,105.4109974,0
5.212466419,0.02112022,3.318412384,0.1600357,61.68939642,780.8665287,57.84822479,101.8170427,0
2.953080169,0.02620225,2.168839767,0.128662534,63.96145821,819.1411358,49.54511882,100.0961125,0
4.755069301,0.027477528,2.446534741,0.153894595,59.47808679,860,51.94029028,100.83436,1
5.221311145,0.022646098,2.730052808,0.154347252,74.53381526,802.6221983,54.07437442,99.34550363,0
5.67338409,0.016166726,2.681242115,0.154479385,68.86631315,823.2505148,52.24465823,97.04571617,0
3.784332343,0.018150196,2.598706811,0.131902889,74.35749589,793.9561834,58.88237366,98.13666042,0
5.228046525,0.031843375,1.892795091,0.154362151,67.90808156,792.3300126,41.61950439,101.3016507,0
3.790764779,0.021234984,2.344255091,0.154095857,68.59887985,806.989493,47.47246665,104.4195682,0
3.032142519,,2.071773282,0.150471777,56.79659402,740.0440149,,100.9573507,0
4.903587995,0.028366707,2.358730501,0.147556876,74.55217222,797.166395,51.92192114,97.64858982,0
3.986431257,,2.625259557,0.138965977,81.39303096,771.029911,44.88205645,102.1758928,0
5.003424765,0.015367959,2.517688056,0.132464594,87.65976695,801.2467276,34.71657051,103.9786593,0
3.883072512,0.031860333,2.60656929,0.151146371,65.0251658,847.9082426,,104.7390035,0
3.772944295,0.028464204,2.188215889,0.15340516,53.49750671,807.7831718,60.80634119,109.3251358,1
4.971452516,0.017816943,2.564349511,0.145422536,57.30694735,815.7644448,48.91304791,98.15988045,0
4.541484213,0.015148289,1.902200924,0.1565288,80.37230579,788.3855932,42.057999,99.11328638,0
4.256018719,0.025359221,3.38109961,0.174896061,57.3839451,848.641449,43.71752244,101.0626264,0
4.898756148,0.029705203,3.147867442,0.149334167,64.22674461,809.0639775,50.07065012,96.00665847,0
5.356691681,0.025765715,2.208020347,0.143446677,58.70363934,788.8077084,59.45598442,101.8019473,0
4.527640704,0.035474306,,0.156758398,70.52545685,791.4870938,62.18763086,97.3867009,1
5.040040103,0.023795082,2.776641073,0.140645532,,783.2983435,59.45121042,103.2719827,0
4.870628667,0.01302482,2.383042687,0.141509207,87.58787348,791.3659298,46.71541535,104.6574161,0
4.954896956,0.028627949,2.766472982,0.142597393,64.79574045,777.5670266,44.40043732,101.1579451,0
,0.00827357,1.969657795,0.17139053,74.16316812,775.5969262,45.94817103,105.9155138,0
4.171000317,0.018532665,2.556392707,0.143729733,69.95036495,795.5921786,40.84914456,99.31349147,0
5.44894521,0.020448728,3.614961078,0.145042959,69.75267265,,44.1271928,102.7555786,0
3.962472117,0.018366355,1.933530451,0.114229025,78.66987161,745.1903091,54.19561396,102.9818201,1
3.980407219,0.029348563,3.049885722,0.166053711,71.73128133,815.1926919,47.90191089,104.4828826,0
3.669829667,0.009789987,2.397341813,0.153951302,72.71773462,826.9876795,49.62369073,100.5326236,0
5.61927312,0.03015177,3.175003792,0.133822315,77.06115001,847.3487536,49.0738705,100.1050173,1
4.560217471,0.012974997,2.619322861,0.152807802,60.81046638,860,51.89611837,98.06547008,0
4.98259662,0.0318306,2.727109387,0.147963894,67.40268951,784.3530519,44.1950521,90,0
4.451892812,0.01750502,1.901378937,0.136754627,81.17765323,806.2438905,43.02789064,100.1731432,0
4.368459547,0.009783306,1.971526524,0.155363695,69.26384224,796.2838832,44.41419008,101.1707544,0
3.975741941,0.033781888,2.97600836,0.13284398,78.11273848,819.5889812,44.90405682,100.763563,1
3.764309302,0.023457587,2.077241268,0.138944981,77.1993018,825.5023745,41.15959339,100.2959337,0
5.077716047,0.02626671,2.649950304,0.162056916,72.71426755,804.1773404,45.71165745,99.53469838,0
5.023530794,0.017964849,2.108215144,0.132813988,76.8883342,818.0380043,40.81748026,104.418073,0
4.085307514,0.021201472,3.142954433,0.126357806,90.03548901,794.2206501,48.86009561,93.41166308,0
5.712548633,0.017776466,1.504460249,0.143148347,68.85830696,806.7070471,59.47987192,101.4272065,0
3.124363033,0.024276808,1.808828558,0.162258148,72.75721025,807.8400728,37.65530904,98.61547441,0
4.078355749,0.024906085,2.551184273,0.153715469,74.88532383,775.7847021,56.47342154,97.14984752,0
5.158464093,0.024313936,2.54109759,0.154461165,85.98839018,775.4051817,58.78065964,99.22585802,0
3.242260781,0.022854081,3.109411444,0.147673525,73.2162465,813.7864258,29.05056469,100.5955033,0
4.100920483,0.011941574,2.257335073,0.12486478,66.4856359,830.0032092,47.47110852,101.3423677,0
5.023575481,0.030479992,2.236397905,0.152498517,67.74975557,827.8414297,49.55209129,99.89673367,0
4.821586368,0.023354428,3.316858016,0.131517233,67.04615631,822.6042688,50.8109338,102.6503272,0
3.675282435,0.029920168,1.921416093,0.144571323,62.01710005,,52.96948744,101.851862,0
3.959522279,0.022234423,1.775976146,0.158179038,89.02934105,803.4548431,33.26379302,99.07159044,0
4.798902368,0.010336532,,0.17689154,71.58854569,,51.9056002,103.0000211,0
5.290261219,0.027468018,2.222533654,0.154606743,77.25137121,802.7644567,38.64183163,100.9877908,0
4.906681347,0.015261445,1.928476859,0.162684278,75.94303068,771.3599602,51.21581067,102.6187363,0
4.652823486,0.019924762,1.714585575,0.145857306,59.59128425,797.2329987,59.70499942,100.0705306,0
5.252060523,0.022225214,2.286492853,0.134977326,67.40106465,860,63.7760141,99.71315545,1
3.11140637,0.017430115,1.957711636,0.143117883,61.12729502,802.0700536,50.01281968,104.0046845,0
4.522245758,0.022356335,2.157855246,0.135829563,67.16704128,855.9675231,32.72364722,107.0878527,0
5.385399748,0.029727009,3.018583554,0.144483911,73.33557303,793.6404114,65.99062254,95.8191227,0
5.093613488,0.01779503,2.681990659,,76.73628364,800.395725,57.57948509,104.2559059,0
4.329756842,0.032286178,1.871683072,0.16792832,70.73319584,,43.09639186,101.44073,0
3.807911579,0.017108314,2.086607143,0.137051896,69.04645495,762.6964266,40.51028049,99.67605795,0
4.048648841,0.016464613,1.70483304,0.121222273,67.55104109,860,43.0453643,98.94428061,0
4.666839621,0.015385163,2.824875535,0.13452224,79.86184533,799.0571616,37.68631506,103.8582541,0
3.534327539,0.020104979,2.056900925,0.124128479,85.87371981,782.4638271,54.85235069,99.79528567,0
3.639866634,,3.078736066,0.148540154,58.68000198,813.1907677,42.05869874,102.471978,0
4.635231746,0.019687811,,0.15841156,68.83304441,767.348316,42.90531625,97.49208117,0
4.874402253,0.034764348,3.673275857,0.135561552,86.50858473,782.6669702,43.12065547,102.7102429,0
4.203989931,0.016945572,1.960766836,0.143562818,,848.4882045,52.51303298,103.5731713,0
4.79987137,0.02734942,2.078580973,0.156204992,79.01775118,760.8429313,44.77833068,100.2491618,0
3.919210509,0.020260977,2.587333637,0.149438374,79.5131305,788.1820176,48.42128373,97.66357828,0
5.16688654,0.026843674,1.87002707,0.157155856,66.91854648,801.8349419,44.24383856,102.0668036,0
5.199907625,0.013760814,3.05981206,0.130515991,75.2398389,797.0573791,46.84249293,94.52268345,0
4.925666588,0.018990001,2.100181615,0.160458253,66.92084868,810.7244653,60.48142078,95.30933821,0
4.819235244,0.013039938,2.352867275,0.167258727,,805.0440644,49.39427947,102.1865108,0
,0.026433742,2.652348131,0.155980907,82.84059225,769.6507495,47.08054708,97.72407947,0
5.966248722,0.026418828,2.625687413,,76.42045518,750.0333651,48.1457001,97.4712136,0
,0.020655976,2.277294185,0.151836971,57.74374283,823.3528994,52.45443948,95.31255079,0
4.709087114,0.014868093,2.094189428,0.151521783,92.48781046,809.8718718,47.72056446,102.6469414,0
4.399457894,0.024346171,2.811776882,0.13970458,,812.7147027,55.21817694,104.1481308,0
5.013133052,0.032053899,3.415402798,0.152915443,77.43658342,830.0037065,47.83630608,94.7016065,0
4.699743967,0.023663338,2.821978569,0.15064619,88.21580479,791.338627,56.02177763,102.1225879,1
3.61040888,0.025821913,2.426634322,0.137855156,67.83140323,758.5704996,56.34164105,98.55750031,1
3.822417548,0.016588111,2.399961965,0.154143956,61.90182668,809.3606652,55.59755063,102.5182012,0
4.625352557,0.032451449,3.109583285,0.157057759,88.66800798,832.5095264,51.83980892,96.29497304,0
4.398732317,0.010859819,2.613114405,0.148553943,69.03613841,844.8086109,58.56203179,101.9652006,0
4.292350305,0.023966638,1.323610341,0.146906425,96.97288256,805.8074232,60.79018275,100.6726943,0
4.751736274,0.017879699,1.360196105,0.150380462,59.98427277,813.6899687,49.20606071,99.39268548,0
4.472493642,0.015550344,3.453697007,0.150546499,88.6140641,811.7440143,34.19282492,103.2184711,0
3.727946665,0.02212945,2.73109529,0.135362378,64.19164823,831.9935016,64.30866415,102.7743814,0
4.444614531,0.026007403,2.112172927,0.146221234,67.86297019,798.0250658,53.81211731,103.3558459,0
4.940582217,0.016638625,2.692693199,0.139689323,65.67271044,821.280062,44.88944623,103.4305823,0
,0.036712844,2.564650105,0.16500018,68.7375828,818.1095301,46.71674445,104.1539354,0
5.675465523,0.038432928,2.959351775,0.14269964,71.23950318,824.9261606,58.83420382,99.12499942,1
4.574426464,0.022469395,3.513499176,0.135680526,61.45978232,823.0972781,56.93157609,98.62117823,0
4.132923842,0.031924341,,0.138135752,80.74118728,818.0252109,55.70147398,99.87110631,0
4.417951627,0.026050057,2.475849515,0.144431739,70.91201026,788.6714208,49.3186465,104.2911692,0
4.383325042,0.014051794,2.659469254,0.132128062,66.34697261,852.6204734,57.85324508,98.96441035,0
4.094195962,0.010938912,2.432821828,0.147357552,64.3756449,796.7824775,46.83666807,98.12257171,0
4.052201978,0.026248133,2.884022919,0.160004617,66.2295589,813.4465699,60.94719474,102.0112539,0
4.411121859,0.014699513,1.647442158,0.135609772,68.68706919,829.4264222,42.02327014,102.5058042,0
3.415979598,0.032443409,2.150534224,0.147939388,68.89729754,809.2531428,59.44349902,96.59997369,0
4.904665104,0.033370732,2.531809874,0.140827108,69.47725163,793.246727,44.04704133,98.53712749,0
4.155224768,0.01424443,2.271403985,0.15249587,72.90920226,810.7742657,55.41860011,105.6601102,0
4.977718574,0.022222436,1.977144571,0.157151359,85.95099698,796.783393,61.59615179,99.90611557,0
3.434658411,0.030814029,1.629771364,0.144713032,80.2175597,767.8443044,58.98973489,101.2822485,1
5.711235629,0.030967608,2.835664686,0.167610949,73.87275773,807.0659338,48.03136211,101.9472553,0
5.277285542,0.017061719,2.411999928,0.133432439,75.6659974,801.7738813,47.6538581,101.8059694,0
4.764339414,0.021307148,2.278897677,0.14828733,86.59554076,771.3504136,61.13347019,99.9725717,0
5.01773345,0.027626864,2.95388198,0.158426337,80.68519178,820.1040743,65.51649086,99.3127136,1
2.980128206,0.01439193,1.634149361,,72.49094628,782.4466684,35.97416155,105.9982091,0
5.330060408,0.030694019,2.750592046,0.151865179,71.06597216,818.0271129,60.68290063,100.5312378,0
5.105736134,0.023222625,1.94603522,0.147726175,82.81674097,812.3713563,54.28133164,101.2173963,0
4.338479936,,2.595437568,0.161782779,73.63767269,799.9439223,58.42141729,98.18353904,0
2.827697756,0.021480637,1.997357017,0.149851629,81.52345634,785.7189105,49.49970046,100.9983547,0
2.866829682,0.022011785,2.242414294,0.138295734,54.29694028,794.8133453,64.71630124,101.7266768,0
3.962111803,0.009160934,2.448325053,0.149195659,74.95848791,767.3195765,47.26025513,97.84336002,0
3.813938544,0.021209488,2.230380662,0.164877798,,808.2007758,45.5622182,102.2845007,0
4.92366138,0.025617831,2.944345919,0.14689759,69.65846064,806.6524932,68.46923613,107.5577074,0
4.274043483,0.032588513,3.064438681,0.151122005,70.45139195,794.0304368,49.66165702,100.78907,0
3.801651255,0.0120041,,0.128193868,63.08505767,832.5847661,54.93414821,99.40718034,0
4.946614299,0.02479718,2.159685288,0.149858262,72.64310665,755.8744383,52.7059582,101.0876042,0
5.168075204,0.019718728,3.100641257,0.157792593,85.53573552,781.0329595,65.9020739,101.291977,0
2.919374495,0.022860761,2.901461053,0.138212232,84.75559233,781.0903614,57.14845617,98.99446069,0
3.929407163,0.016453592,3.077146607,0.13835205,56.45846259,820.0219902,44.10760572,101.5904737,0
4.06442718,0.034101473,3.062902888,0.142000909,68.63134478,838.9098899,49.53574395,102.673621,0
4.439613864,0.017924225,,0.146818455,82.78076041,783.1529427,39.77806059,102.2590905,0
5.037254209,0.005,3.316400109,0.149431332,78.65160732,768.0601268,59.38897185,99.15294403,0
5.020414543,0.015084975,2.718108401,0.162718348,56.88522503,804.5194459,48.26172085,97.41643044,0
3.198704825,0.023453591,2.319491071,0.139603025,79.19047881,817.2139425,40.14270635,103.3807957,0
4.078065476,0.009378194,2.591994084,0.15812039,72.51364799,799.8181409,55.4237441,99.84206431,0
3.683070605,0.033455687,2.168030165,0.132582726,60.25326061,827.8326828,60.55227573,96.9848988,1
5.37034948,0.017559118,2.753656145,0.152297612,62.88795643,783.8027756,66.26771343,98.55883632,0
4.471671247,0.02862111,2.952213606,0.140813774,55.75722574,831.0772374,40.11923004,100.4301299,0
5.258738652,0.016962342,2.633529616,0.138908242,89.57195643,771.3353016,54.74042749,101.7927431,0
4.45835096,0.020573486,2.595903103,0.145437896,71.14851936,770.9696371,59.10285292,104.8517434,0
4.54986031,0.0112199,1.113030846,0.152906355,62.81475661,802.8405756,72,98.2899627,0
4.101797802,0.017251089,,0.151458991,70.39889838,772.2953937,49.9302346,101.2923273,0
4.849623379,0.01879823,2.04105246,0.15024533,68.74889396,770.4687704,31.06853313,95.6157231,0
3.28390234,0.029117356,2.119257049,0.165692768,62.33016535,792.159624,58.17649994,106.5857347,0
4.402374045,0.034642938,3.00299376,0.157361721,65.42058607,833.0589567,57.91414907,102.1107922,1
4.757772981,0.033867181,2.382861301,0.140412086,89.77370626,806.5284243,46.07250602,99.27711301,0
4.459494544,0.012789545,2.249116289,0.143648589,69.85457559,740,46.44900366,100.501482,0
4.79936701,0.007446821,1.741763643,0.166116572,69.50856321,787.7139446,57.92181594,98.98721959,0
3.826709888,0.025912401,1.94049873,0.156373743,60.09824683,834.5158812,70.73557638,103.7003445,0
4.72187927,0.023422399,2.593106325,0.149595363,52.6133397,808.0013348,47.19407168,101.0030423,0
5.448337939,0.033923641,2.407099719,0.153602942,74.50675579,790.2395179,58.1871995,103.0354635,0
4.421139663,0.01965465,2.041901405,0.150597564,71.6953712,825.7493472,60.06777251,101.4185343,0
4.929556833,0.024142709,2.717780688,0.135054778,61.3203754,,53.52085194,93.97421559,0
4.710222438,0.023392852,2.956626694,0.145830264,57.92239825,810.261433,52.91476066,96.77508714,0
3.01002109,0.024448034,2.323356797,0.152597207,76.92181566,803.8423239,43.1761657,95.01687923,0
5.226308284,0.035182407,2.663836233,0.16367023,65.25030475,822.9588081,51.83587932,97.70523428,1
4.209176334,0.023968858,2.815219761,0.165839592,64.05275238,826.5633302,60.64257375,103.0355477,1
5.155863006,0.024196519,2.398946465,0.133458267,84.29000145,822.7207864,54.78174394,99.67152309,0
4.227809527,0.027422733,2.538581347,0.123515717,69.09242055,807.9723066,53.65702872,94.73778924,0
3.084636073,0.022570234,1.802113612,0.154189691,58.67820869,837.9375513,65.37132262,97.2240197,0
4.790251735,0.018438252,2.652126172,0.137745374,66.30182536,789.9447009,47.83925722,96.6974374,0
5.430777458,0.038254388,2.397310667,0.151647553,79.51566764,774.3161834,51.44305296,99.13127454,0
4.2395006,0.026207978,2.404898727,0.135164206,74.53103616,796.0363718,63.79718168,97.76515318,0
4.80440115,0.027974348,2.751758526,0.170646959,78.1885392,742.7678912,63.43379674,97.12184548,1
5.067572644,0.03051768,2.521556176,0.134864981,81.2938297,803.2566906,47.16223799,98.49848302,0
,0.021349266,1.955188067,0.149542748,79.89742575,740,58.99174843,97.94344033,0
4.130945146,0.010872595,2.02881387,0.143214247,62.3853147,808.7469396,60.81920041,100.672261,0
4.393144778,0.023741426,2.263298669,0.143423381,85.74719443,786.1229283,34.09951494,99.06412537,0
3.669971535,0.026738831,2.733465624,0.152879729,64.92917015,801.7244878,47.2156157,99.82492192,0
4.032015699,0.015067979,2.892447569,0.153271808,73.71271582,763.4145605,58.84457075,95.26395071,0
,,2.248762217,0.140487657,81.53478616,818.9995719,39.23352242,96.74456183,0
4.180323053,0.021673973,2.389227088,0.143540778,67.27208309,804.765312,57.57120254,101.3358658,0
2.999302415,,3.519983391,0.167569773,87.98970828,795.3700224,58.56298307,101.7073947,0
3.79784434,0.031121069,2.984547466,0.147001904,73.52559207,840.4351174,52.40030895,99.97491443,1
4.380350499,0.028929689,2.8121211,0.15285577,65.42325999,794.7304439,36.38947941,96.77019551,0
4.262794557,0.029330669,,0.152699965,67.18650553,779.4926052,48.09139869,97.10788023,0
3.818325019,0.030986337,1.947975277,0.138771026,77.7628722,817.6621384,42.88268952,99.02299313,0
4.422568731,0.011040464,3.162682837,0.143257913,75.04882762,820.6112668,47.39790137,97.79636113,0
3.80120322,,2.96384204,0.154115279,62.32788718,824.0584111,49.86940483,99.33144016,1
3.697310451,0.024828975,2.771815111,0.151171775,81.06550598,765.8907022,41.76288445,94.46897202,0
3.940801989,0.014691609,2.970900602,0.136059395,78.36090885,814.8253883,55.01510177,98.64236667,0
4.843123839,0.025797281,2.633630991,0.163248118,81.30453806,843.1504978,47.12482922,101.6337986,0
5.024171157,0.026031082,1.503889644,0.136109532,56.35770424,842.2607718,55.17306765,101.1404429,0
4.248229606,0.017191088,1.962937625,0.163225954,58.26511354,832.0589214,59.47005537,100.0618261,0
5.946697249,0.028934851,1.589461798,,78.45683874,829.455579,52.75739536,100.4335333,0
4.975474613,0.019051448,,0.136450117,68.60199429,846.3459303,56.15495778,100.8191976,0
5.18120783,0.019368161,2.751792604,0.122506232,65.86222992,786.1796255,38.9747805,101.9427163,0
5.884378046,0.02646192,2.05277775,0.127398378,62.1186066,,52.42764067,100.9305836,0
4.571423926,0.022634004,1.81798736,0.155115437,69.19015238,802.3085525,49.92931691,95.55938792,0
,0.023043932,2.494937733,0.150471686,61.9207981,799.6977161,40.61832196,99.06441238,0
3.977106346,0.02993265,2.639860697,0.168044817,72.47634855,,36.57070758,97.70755433,0
4.621323901,0.016677136,,0.153517841,75.996672,782.5432277,37.69172615,96.25378655,0
4.502240063,0.030429837,3.129534743,0.137156351,63.11735373,773.402754,44.39657295,94.99571455,0
4.65758464,0.02325359,2.244278583,0.160444802,79.5744803,819.4112162,44.66006397,99.02037942,0
4.750859665,0.018102827,2.742125476,0.16330814,78.44270432,812.196772,50.76907979,98.74045542,0
5.254918615,,2.418387731,0.16193843,75.81820111,819.5511461,44.41932109,98.44259334,0
4.68441137,0.021550386,,0.142887049,57.23788889,797.973795,42.69442851,98.16742891,0
4.900849705,0.027322776,2.375940164,0.143556441,80.32649479,814.4901819,47.70297896,99.33776539,0
4.622378558,0.036156498,1.947670649,0.140464009,,787.590111,56.12275338,98.07648637,0
4.739664928,0.040817333,3.416137087,0.141719467,67.84762526,825.9116144,58.43742208,104.7287322,1
5.238356854,0.009788497,1.877848025,0.149757752,87.75709849,777.3538356,51.25482423,102.8683721,0
4.551043711,0.027893541,2.346936664,0.134508576,76.1550408,792.857733,35.67935842,102.3123818,0
3.7699767,0.021265789,2.052013034,0.147757191,68.65103623,778.9341238,54.33335321,102.1304874,0
4.485575411,0.027432792,2.576651226,0.138868208,,810.5779584,48.39608666,,0
4.39677262,0.034167176,2.363093941,0.149096402,77.91228158,814.1461596,37.42653593,99.11994344,0
4.974124317,0.021303337,3.491885474,0.161095063,54.83167067,799.9850356,35.3660267,97.75695128,0
4.534175678,0.023316855,2.573052581,0.138390345,70.08655894,773.5005876,53.26041488,99.64720617,0
5.853503431,0.027204884,2.714720357,0.149225032,64.06732318,761.3462739,49.52591942,102.8307381,0
4.782014067,0.021824686,2.837305355,0.144729145,73.64991981,816.0261298,48.07749505,97.40782308,0
4.913023217,0.02683341,1.968685453,0.159687448,66.68594207,796.5847714,49.77481895,104.9577943,0
4.411722847,0.043150052,3.111531907,0.153472376,71.17875884,,54.83368278,100.5648591,1
4.364282937,0.016400986,2.747636425,0.150841048,72.24704936,795.5161078,48.36782357,103.3277074,0
3.809169907,0.019600125,1.815989386,0.141641673,61.62036,830.1112793,31.24673933,102.1449633,0
5.028097551,0.023195612,2.853606243,0.157243043,51.47267309,835.0874972,56.7616377,97.69929606,1
4.904800983,0.025490404,2.467028679,0.142218325,73.37892681,771.0801365,58.42198598,97.5401092,0
4.9564133,0.015790154,2.258727296,0.14326291,62.55788789,820.6848039,50.23734247,98.66217715,0
4.674686152,0.026081632,2.410063767,0.157516566,81.34278215,760.9560278,51.10443504,101.9488359,0
4.809099301,0.026182264,2.13068901,0.132014693,61.35895158,851.1988124,41.9508645,98.24339135,1
4.784069996,0.010712539,2.946018661,0.144916116,84.52931594,799.960951,44.98236469,99.75621077,0
5.391137627,0.03135875,2.473826492,0.151264262,69.72576847,787.4755307,58.47845503,101.6315206,1
4.096685278,0.020506388,2.649008087,0.15515961,71.07877418,,52.15277246,100.1503676,0
4.435313783,0.028527243,2.790902491,0.156139339,81.97513407,795.6533535,44.29704891,101.6318688,0
3.872479123,0.011751073,3.058191193,0.165016934,80.3827064,803.7165753,37.5893864,102.213664,0
4.318884565,0.026356414,2.417022218,0.137392831,77.75864529,802.7098566,42.21426244,102.8932147,0
4.519296903,0.027334285,3.045627334,0.150608865,75.32525893,804.8546828,41.78789968,92.68069625,0
4.666369426,,2.760720368,0.151813736,75.82710909,776.0993151,57.25662898,99.36474979,0
3.284940647,0.023481709,2.15025953,0.159290582,74.61007514,809.4579097,57.15245221,97.20841513,0
4.59469346,,2.123779417,0.159118561,65.98648841,816.6529158,56.66637084,,0
4.208319615,0.024367234,2.67306902,0.144161038,58.93217401,813.9451649,48.23843412,100.4003085,0
4.90342386,0.017638569,2.769074889,0.145792747,65.38147647,805.8140025,50.29662996,98.70628625,0
5.10560435,0.012894922,2.489726389,0.15092445,74.31263933,839.8722536,61.76813513,103.2535189,1
5.040489183,0.025942124,1.539318124,0.137026073,84.45597728,773.1577605,35.76126128,95.4744032,0
5.255184623,0.02548694,2.380535113,0.147253612,70.61911293,,44.29039061,94.39065071,0
3.579757819,0.02846383,3.205080004,0.147467215,85.66544931,825.0895328,51.55434483,99.2962507,0
5.104483265,0.018359907,3.307238529,0.160368799,62.313321,836.4014745,55.04720558,102.3684805,0
4.968647046,0.027741392,3.328190651,0.134487728,56.02027661,845.4131645,29.88392621,101.4904197,0
4.945228998,0.017666936,2.415251816,0.148301891,85.73332927,756.1317829,37.8250786,99.15055789,0
4.394393645,0.026694581,2.2655006,0.155907293,80.49049334,794.5501442,58.27714939,102.2056508,0
4.949540415,0.015160629,2.604895607,0.164400612,76.45488165,793.3010793,35.50662482,,0
4.282062039,0.024684248,2.588767121,0.171323066,77.78158879,789.7460615,36.06781634,95.57491915,0
4.846879586,0.022671633,2.524248916,0.152794888,76.28642243,799.2928657,43.98237818,99.41008517,0
4.438258824,0.018748132,1.726830617,0.153555387,67.72113953,781.1764964,35.01094601,97.16795437,0
4.435390675,0.012310125,1.836188239,0.129107232,78.05372052,764.9097,,95.16794121,0
4.642635173,0.034384192,2.091126996,0.145474425,56.59832837,812.6994548,51.90012842,95.18636693,0
3.706839393,0.024110199,2.761483122,0.142350939,67.6174767,816.8876259,33.68432096,101.4126092,0
4.208553657,0.016464503,,0.153112405,73.74570039,818.7383919,52.54961688,,0
4.866560822,0.025109839,2.529386799,0.136699556,85.85360349,773.067157,61.67531322,99.32321091,0
4.275873121,0.01135527,2.567329573,0.139841542,63.81954331,792.0062115,50.26245766,104.6072364,0
3.620360477,0.023274906,2.020890922,0.151068882,59.36937158,826.0982197,41.68703335,93.66252988,0
4.570069661,0.018777011,2.187042376,0.155112662,87.84468253,793.9366258,48.00803246,101.5447083,0
3.613442885,0.017573875,2.603299369,0.159585006,75.55945621,740,43.12759209,98.80641461,0
4.350714793,0.02500071,3.075544339,0.146225125,78.72870868,788.9876643,47.29974482,95.22827433,0
4.332482675,0.026603871,3.038122462,0.152463971,70.14200766,784.4029297,54.99842668,95.23147827,0
5.433566761,0.025434761,2.371388215,0.137424553,84.21300219,793.3969815,36.96945683,100.7870591,0
4.267814102,0.019003691,3.050289642,0.141442128,77.90613618,826.4864652,39.24066556,100.8040601,0
3.806073429,0.025846165,3.102987759,0.14486916,87.44259681,767.88916,69.32513541,99.06669529,0
4.375247454,0.036707252,3.684651721,0.129328868,83.02206845,781.320478,45.06801771,103.8455274,0
3.701050872,0.028176712,2.879421361,,83.57773991,794.4091713,,99.04389019,0
3.772897213,0.044096039,3.192527251,0.161346513,55.14138739,796.8377228,52.64323963,104.8404061,1
4.900247209,0.025807674,1.962315846,0.150233862,77.92407915,803.6863536,58.62733036,102.31866,0
5.457664166,0.035226637,3.624577817,,61.31941521,828.6101356,44.92712026,103.1032469,1
4.716239068,0.014293944,1.500585457,0.143843257,64.78364307,809.283087,28,95.97628303,0
4.063019898,0.017353232,2.625600216,0.152871433,82.48873376,772.3914739,52.53172726,101.9153969,0
4.271013586,0.016692495,2.332820676,0.137346317,71.28933095,822.6884791,48.53174783,94.86282172,0
4.874076737,0.023692445,2.625177259,0.15800711,76.95253998,838.2798351,64.18362443,104.2794,0
4.658420374,0.02980199,2.63050214,0.133848431,78.08573281,789.162374,53.70469453,99.98089076,0
4.557418396,0.029691464,3.052822189,0.153105511,65.83690545,792.9244894,49.5131053,97.26463979,0
3.564841478,0.023659613,2.650210912,0.148065904,70.87740304,819.2393634,44.29303106,96.92248971,0
4.815580372,,1.595516482,0.131612825,,802.8989426,39.66637044,98.33059803,0
3.601680794,0.01584742,2.222867193,0.148910457,71.13564967,797.2999069,44.06226618,97.7268366,0
4.205745465,0.028083421,2.472416071,0.152068777,72.21594944,742.2466343,46.23902274,98.44395241,1
4.920350207,0.025868725,1.74242946,0.15153373,72.34566314,821.3490921,43.80614344,93.47551342,0
4.441959478,0.03739149,3.333222954,0.165956512,72.11620983,768.531142,66.02029583,102.4420759,1
5.022455911,0.024672464,2.217456411,0.158656681,63.72827664,796.6642555,58.22811043,100.2790104,0
4.394573513,0.019968319,2.463268691,0.156119661,79.48561238,775.8804538,48.1805708,98.9923992,0
3.864860491,0.022051938,2.926718814,0.136788403,,809.3767018,51.62276559,102.3651391,0
3.609147227,,1.833426461,0.129703983,59.36340016,849.8993206,48.332577,101.0219853,0
5.64875751,0.015551442,2.603596382,0.15231627,82.90636882,818.5212956,51.32552996,96.9222549,0
4.43716524,0.018628317,2.38068807,0.124687033,72.91052704,811.3641096,61.40004448,101.6122093,0
5.670529733,0.036940233,2.126095656,0.140045152,75.48135572,807.1647616,53.00233096,105.0338662,0
4.455707455,0.032065162,2.193686196,0.131610746,77.95834859,841.3494692,57.94147869,103.2016458,1
4.892284714,0.023273811,2.390931095,0.147527208,89.3918204,783.8006694,47.4663409,96.57305382,0
4.983264719,0.025597765,2.084675013,0.156503589,80.46952055,777.0798813,46.77427875,104.8944403,0
4.457458108,0.021597402,2.200564153,0.128002709,74.39683345,801.8739943,46.88883663,105.3341848,0
4.78078257,0.021803849,2.551356615,0.130532893,62.25864463,834.0548069,43.77835099,99.6856112,0
4.548794432,0.030002592,2.55497943,0.145741883,68.64261641,784.7646338,53.24065337,97.62006786,0
3.999301802,0.024133759,2.674119739,0.15290414,73.74821112,813.3447492,,100.9254713,0
4.713495488,0.027821599,3.428082102,0.14512287,71.91306618,779.6726235,52.77344068,101.0285076,0
,0.026262142,2.076576591,0.157637988,79.24787127,756.8324346,57.87751354,97.74376639,1
4.163656311,0.00914791,3.342682227,0.158936568,85.65647427,755.2578226,45.61187112,93.40722822,0
4.914515439,0.028384172,2.706011506,0.151955773,66.9881456,788.7922716,46.58519995,97.22552897,0
4.98584147,0.023296624,3.097993317,0.13046513,81.5281148,785.4113569,48.15743231,101.930908,0
4.589910204,0.026882533,1.76977591,0.146108056,85.06777213,803.7605873,49.41781333,98.88504332,0
5.105868775,0.019276525,2.082842559,0.177178508,67.59248668,795.6384401,62.45403349,100.167223,0
5.779581092,0.030037596,2.342558271,0.137190298,71.72251883,850.5020089,58.61161737,102.6260672,1
4.817782502,0.017734316,3.057120017,0.149817623,86.88970581,798.4254196,55.48350385,104.5236833,0
2.739717054,,2.220632864,0.145516128,86.09279381,828.9827062,57.22278749,98.82101018,0
3.952952249,0.023774671,2.37029362,0.156618776,86.26358193,807.7968963,57.09581079,96.9759925,0
4.310521231,0.027652868,2.694897843,0.14321663,59.29947214,787.9514958,41.37593829,99.18345842,0
4.061916319,0.032196927,4,0.14190381,,765.1407931,38.8529103,99.24102171,0
3.797660132,0.02603079,2.957913011,0.157343024,,787.8872636,53.02709915,106.0972185,0
3.211401155,0.023054207,2.594913371,0.157810606,94.32754843,792.8634532,46.56578212,99.87040375,0
3.223349208,0.032523153,2.515594852,0.138328237,75.11348696,759.3878779,60.58495042,97.82892564,1
4.724163173,0.033422559,2.710478453,0.138209973,69.20485691,814.0030851,35.810667,102.8777752,0
3.495452009,0.023773207,3.050364039,0.142095634,55.69411318,775.3778725,46.85372343,102.9928512,0
4.962638238,0.011687062,1.862729222,0.150792447,75.99850873,781.7514782,57.64731706,98.40636168,0
3.916453953,0.021491068,3.06626067,0.157814953,67.96724018,827.0204371,45.32421013,96.86237158,0
3.958249397,0.027575658,2.110159518,0.154848075,67.79216658,841.8615129,39.43223475,105.9394092,0
3.738351783,0.020226686,3.082464118,0.14289276,74.85005886,828.4444552,47.99858207,98.52678936,0
4.471472654,0.022272595,3.228574789,0.15691809,67.85161459,791.0438082,61.6868067,101.31475,0
4.844625196,0.026021793,2.100394617,0.154889772,63.29187967,785.6463707,60.50793483,102.879514,0
3.517517306,0.037452626,2.722212075,0.149711415,72.26651947,799.7219016,53.9152364,106.2542679,0
4.162082575,0.026630747,2.356292045,0.15694874,71.03208672,769.3821383,63.31329266,98.15197989,0
4.989375829,0.019102791,3.72913371,0.145331216,78.14205516,799.8775647,51.30136122,96.96577383,0
5.299375518,0.030665067,2.331335696,0.128174797,65.59108938,798.5540294,52.25491071,103.9944248,0
4.833816172,0.030157632,3.095146368,0.162615103,66.67953291,791.498548,52.96020788,100.0185563,0
,0.02376453,2.991566274,0.1512226,63.74133954,808.8367741,43.58985652,100.2723348,0
4.324750609,0.029923682,3.252673995,0.146711406,81.49054898,792.4716468,49.13842259,101.0595893,0
5.007085993,0.018093004,2.468817171,0.140156135,75.58462154,783.7246523,45.60192507,100.409208,0
4.054058117,0.023149295,1.825170837,0.126112509,69.609851,780.5094931,,100.4152293,0
4.557909383,0.024014866,2.277599544,0.166092884,67.44689797,793.7300523,,97.94516623,0
4.629444325,0.026299133,3.676082823,0.16081794,77.04874667,792.4263727,58.16152112,95.62974438,0
4.772650134,0.032663216,3.066248124,0.167583736,76.0609353,750.0153771,54.3120924,100.7657881,1
4.473907661,0.015850682,2.815826868,0.154515633,77.22476517,794.3338363,51.04577146,96.35658241,0
4.801829682,0.017626367,1.9112217,0.159284463,72.78463585,789.6795455,46.77487758,95.88524673,0
4.120007106,0.015185166,2.413724324,0.15141793,58.69287243,807.6512032,58.73910854,100.0343717,0
4.477801244,0.013055993,1.996250584,0.141943169,87.76356237,740,46.83604831,,0
5.000102937,0.024090299,2.892628671,0.151930367,73.68330193,792.6705663,52.16849844,102.5584424,0
3.485099749,0.020696409,1.486680367,0.124520221,68.40743326,828.1230219,46.31702877,103.1036153,0
4.706902285,0.028627384,2.179640907,0.156501041,85.66219457,740,44.20493935,96.75466435,0
4.176693839,0.023359028,1.409283536,0.13260714,76.70447176,796.5251444,38.3675552,,0
5.392621651,0.018310095,2.268193458,0.138818965,71.74103,814.8823802,57.00227572,103.1525752,0
4.419243398,0.024477214,2.952050303,0.159514396,81.66370788,775.4281676,62.06034123,101.1153619,0
5.505480839,0.023117333,3.184936314,0.155365734,78.54868625,783.868862,57.55958217,101.7242779,0
4.771147112,0.023713931,2.010857329,0.154936222,82.3055908,798.8509192,49.21174706,98.92273779,0
4.443296258,0.021244693,2.055951465,0.155500444,,796.8388422,37.75367102,95.87687811,0
4.005718103,0.025610615,2.198538447,0.138077871,62.78220784,786.6865819,54.01204443,96.4911386,0
3.871557432,0.025610538,2.727194572,0.148660687,64.98776753,789.8340234,50.82891178,100.327439,0
5.45080987,0.03723644,2.408725833,0.164744249,61.58708064,794.7213766,30.43810989,,0
4.150310185,0.021543712,1.984039443,0.144979221,64.17156102,766.6130919,46.80246443,97.61033724,0
4.483409003,0.02854041,3.171773241,0.150932889,66.35411465,828.6078617,59.6279298,98.08177803,0
3.549550468,0.027844821,3.008753078,0.14690063,67.10892905,790.1741081,45.46758661,101.9163925,0
3.894374544,0.025496734,1.639109399,0.167060559,75.91974368,788.3502849,42.08380499,97.04152721,0
4.474665378,0.021874934,2.146385604,0.126806826,63.23309914,830.9717482,48.95483791,99.97839435,0
3.008674415,,,0.147139509,68.12339024,800.7731699,54.32401049,103.4948895,0
4.607656842,0.021312134,3.473626122,0.145753765,68.21882499,815.168618,62.41653857,100.4405454,0
,0.032342395,3.438246786,0.152804293,73.36589811,791.0011462,67.54170531,102.6405246,1
4.788478001,0.028347726,3.401859637,0.157072117,61.92166186,782.9818019,52.93882519,98.41197439,0
4.519678763,0.017022242,2.30546281,0.147657632,72.23142651,769.9645664,49.21272045,95.10949537,0
4.713351594,0.012682864,2.527995574,0.152857738,67.82325684,810.0232658,56.20545313,98.92434504,0
4.195587177,0.021651065,2.266389523,0.156681036,69.77731392,,47.50364148,95.4019529,0
5.189498044,0.017657086,2.162008611,0.147635413,59.8312737,816.8549814,49.73687558,99.32450062,0
4.771889909,0.0339497,2.030017871,0.142725322,72.59450744,788.3706013,50.7811927,93.27752563,0
3.702821581,0.012725879,2.788026314,0.147525028,77.16203199,792.1878469,44.97545033,104.148436,0
4.647034166,,2.550847228,0.136168212,62.21566295,801.0447788,47.15813973,94.50369119,0
4.476137281,0.031529205,2.343718036,0.138975788,91.2381891,802.1722129,59.18394429,101.8616881,0
4.570629119,0.022704721,2.425811064,0.158649632,72.20406551,770.1932616,52.03492215,105.145287,0
5.343927383,0.015790233,2.13839176,0.140103602,64.03703574,786.8271517,47.53774545,100.4830328,0
4.019899329,0.028902611,2.380220529,0.149655027,70.42570248,784.2178194,,99.49280195,0
4.303760745,0.019773884,2.898295079,0.140196171,69.78793105,792.3966443,49.71020476,100.1388507,0
5.502277017,0.024534335,3.313571306,0.150495259,77.97943602,807.7703587,69.37748758,97.06293469,0
4.545265304,0.019177839,2.1885989,0.146632676,59.89814846,832.3734421,52.106317,100.1240049,0
3.815609051,0.015978612,2.188092076,0.144665546,80.09666355,772.9815102,60.15730519,98.89529655,0
3.511050943,0.026172759,2.279827567,0.145950602,72.97401644,763.9780447,39.30398679,,0
5.270307092,0.029398907,2.212990726,0.1526841,73.69811277,809.8713422,45.81512078,92.5587819,0
5.276761019,0.023323652,1.909275255,0.159502391,74.44666295,806.2917389,48.35351554,97.37073331,0
4.479005043,0.039350437,3.266078672,0.150258441,63.02941131,793.4328705,53.43465542,98.39703076,0
4.495513214,0.016667999,2.729194814,0.142057224,74.74683771,830.0325271,58.58049394,98.65774514,0
4.437816633,0.017443139,2.850729011,0.136702335,50.22936705,844.1579723,49.82350924,100.7231694,1
3.942528553,0.02419823,3.021837798,0.146835323,66.32029961,809.0070092,28.58339055,98.97676523,0
4.638072522,0.026213532,2.384002018,0.150172318,73.6570276,854.5291063,45.43413196,105.5737485,0
3.235689497,0.014174702,2.018549294,0.13580289,69.62109825,776.1334392,56.69324476,100.3540101,0
5.542581363,0.015859331,2.232818957,0.129016136,80.80847183,820.6031229,40.1283996,101.6426616,0
3.278193353,0.02805831,3.727318168,,65.90068716,782.7907253,56.15959319,95.31735893,0
4.712360347,0.024956376,2.728053691,0.15102581,79.24515373,814.250506,51.39716659,98.91190187,0
5.420061966,0.03557197,2.404282098,0.141664877,61.55817543,812.7710343,45.10320288,98.86157254,0
4.602913235,0.025288091,2.792256966,0.126914427,72.20683553,821.2992882,45.933105,102.708538,0
3.741117215,0.020831029,2.206812305,0.145735169,86.64467529,805.733906,50.29384787,105.2343278,0
,,2.603009383,0.127586774,67.61193383,799.2823486,,98.24947919,0
3.221153301,0.027233226,,0.148929948,76.52062737,814.8091153,52.09830289,97.25827705,0
4.697467398,0.026231483,3.034587451,0.133520066,71.0433213,842.4935631,47.74064877,102.9048829,0
3.670147622,0.029897408,3.005788634,0.141328666,81.53236228,758.4540697,47.03388891,99.55982187,0
4.280930752,,3.081112678,0.155637022,82.39803234,801.4615475,40.35503667,98.06338286,0
4.799329409,0.023308026,1.730661564,0.155341159,76.2938662,800.1410168,,93.1555397,0
5.544098546,0.027026517,2.762091233,0.151989389,72.83899938,805.9035443,55.35830949,101.248296,0
4.581249688,0.019867687,1.996138722,0.165134916,75.07255874,775.8159973,55.4432108,102.0497145,0
5.406178637,0.022457279,2.129090025,0.146982801,87.80985713,781.3287065,41.40069948,95.81457961,0
4.934645495,0.023330849,1.983277094,0.140849232,74.40758425,846.6016328,52.01813316,95.76704969,0
4.913443447,0.025973056,1.681883804,0.154566715,76.45529069,815.8655352,45.75320024,97.89518657,0
4.579490893,0.036142128,2.450874182,0.159513223,78.4294294,752.1807638,58.35566299,103.8930006,1
3.891566681,0.027000477,2.734110783,0.143250442,78.34097052,784.770431,63.26596232,96.60595706,0
4.969333504,0.023737332,3.509254785,0.146954443,66.9390563,833.9330339,36.27760332,103.4971608,0
5.053391036,0.017957727,1.89022642,0.148737938,81.3668868,795.8340888,,101.4170185,0
4.438177701,0.017748337,2.207653187,0.159792527,83.80697205,774.7108775,45.14990361,101.3200789,0
3.895240527,0.025393802,2.54652008,0.155459718,72.16153602,812.5126214,44.12959343,105.9509925,0
4.827991662,0.024483936,2.259733353,0.155111878,73.21217617,828.0901066,60.06479199,98.07609552,0
4.650703154,0.021587552,2.090353918,0.153944601,84.56168593,817.2614038,56.06786494,98.56094993,0
5.237549332,0.039853501,3.032531305,0.133730149,57.28562021,794.2945834,50.81403101,104.4754505,0
5.26484297,0.020580125,2.980392569,0.154235113,65.03564273,801.2799748,54.07476773,98.57390758,0
4.882897459,0.028206942,2.802364742,0.150933609,73.39255604,810.563605,46.64799592,98.72770981,0
4.763144211,0.027999046,,0.150045194,78.80279819,826.7544085,47.7162785,101.7074734,0
4.479364597,0.018801564,2.249791956,0.146049118,72.9199857,774.1134821,37.79615883,99.18938344,0
4.851598411,0.014736849,2.205304162,0.147671647,73.06929816,800.6736216,66.27041967,96.06532642,0
5.281867427,0.016518451,2.264664307,,78.14813688,795.5413286,43.15410058,95.84703659,0
5.161337106,0.014484759,2.069567011,0.143701197,66.81784735,807.749266,40.84250812,98.96409515,0
4.271913979,0.033751882,3.317248989,0.14053384,71.72182221,806.7997427,45.61582139,97.92320911,0
4.200385259,0.022688552,2.316647016,0.160589057,79.64133851,821.8882891,43.86424225,102.234479,0
3.873221576,0.007014518,1.738971183,0.144376058,78.47636238,780.8549624,58.45269376,97.14449871,0
,0.026769847,2.24558944,0.154895867,49.8238729,841.4091422,52.42086885,91.16940977,0
3.800898106,0.017069648,1.861615663,0.132294762,73.96213976,809.5566692,48.16972181,103.3936575,0
3.807117778,0.027717569,1.823258081,0.170354842,68.11582231,824.6792123,54.1590678,99.17401434,0
4.936008429,0.018114968,2.041411262,0.145286841,62.93033685,815.9308739,55.69889372,95.56946154,0
4.347446952,0.025899381,2.710090895,0.143278659,77.50065411,796.2470492,41.36371584,98.97703013,0
4.313520128,0.02831977,2.974593229,,78.17322594,797.6570168,49.06103375,100.8834606,0
4.591253863,0.022188971,3.104020232,0.134539572,73.09047544,770.1089816,46.61131009,102.5447795,0
4.457529447,0.046840224,2.788112808,0.155865322,82.89064516,830.3840004,60.611706,101.171464,1
4.895433968,0.021718717,,0.161308567,58.18472073,793.7431239,45.44475006,100.2410053,0
4.230014482,0.017708714,2.505883308,0.148160932,62.19666236,818.572081,47.52023783,107.1748682,0
6.193681175,0.026791716,2.380369352,0.157061228,73.56574369,801.3594107,42.98458441,99.58235436,0
4.111340597,0.023568814,2.379672178,0.142939918,59.96431539,825.3502559,51.15896137,102.5241911,0
4.625089689,0.017197177,3.15784715,0.148013059,84.79161804,802.9045252,48.52317449,95.4222499,0
4.839739969,0.027091998,2.457638986,0.166727085,72.1276404,809.3636471,47.16840205,99.49993443,0
3.693231731,0.027639587,,0.148194607,61.76954512,820.2303002,53.61202816,,0
5.136162875,0.01459232,2.209987036,0.157096824,45,825.0747608,41.67617893,102.4963459,0
4.604809297,0.029664959,2.495422366,0.143447591,75.6032231,804.5331082,42.92976569,103.2368476,0
4.539853918,0.023335349,2.78982736,0.140724017,83.78853,761.9761137,55.92717196,102.169147,0
4.478176542,0.025456332,1.702959335,0.151359235,94.36650069,740,47.80640038,98.6227024,0
4.070477297,0.017313475,2.209261702,0.146639986,74.76348669,783.0727402,44.99582694,97.00751215,0
4.207715438,0.017766034,2.743782653,0.129904832,72.05459405,803.2596181,51.92619915,102.1987178,0
4.873489612,0.035019767,3.478109586,0.16097891,80.10844984,747.4834324,54.13835389,97.16689663,1
3.557592103,0.014115811,1.577987233,0.151807015,83.52058503,778.1558063,67.07777656,105.6281126,0
4.642108773,0.025116131,2.640212619,0.141835705,85.18635092,791.3922135,59.92709183,97.68307667,0
4.273594715,0.021709409,3.451371195,0.129296469,65.56347964,797.9073556,60.10818594,103.0691699,0
4.688246826,0.030916837,2.165908374,0.145139553,67.13604328,784.0088181,54.19062409,97.02231,0
5.047097459,0.027781584,2.780716531,0.145105951,75.5712984,829.8477609,49.04628416,102.9263247,0
3.679261977,0.02651437,2.337177224,0.150856784,69.85911231,833.495691,47.42021718,103.5490771,0
4.379162253,0.027836451,1.414043584,0.138180149,63.14011768,803.2876896,56.02510588,97.53653487,0
4.752759125,0.024152323,2.446146491,0.131882901,76.59355168,790.7825815,54.97518839,100.067199,0
5.065304689,0.0257033,2.371732834,0.142026654,76.22839917,796.7636262,45.54921215,100.0361381,0
5.747906318,0.020422069,2.841664212,0.140448739,60.95913389,794.9233511,59.4843467,101.5771668,0
4.692221083,0.028523122,2.943022511,0.138281431,76.04910258,813.1486303,62.69029812,101.3106504,0
3.84411993,0.021815316,2.746130375,0.148030229,71.91298575,782.1070439,51.01272286,97.02053741,0
4.012523771,0.017582038,2.471196649,0.153192929,69.30430865,849.9074246,54.44245977,105.5422367,0
5.182820953,0.024174755,2.281973212,0.132598391,58.56578315,795.5699879,35.81656676,99.41789495,0
4.319227774,0.02984705,2.017703752,0.153081354,72.43796867,777.3513634,52.39013828,96.79014413,0
4.219163161,0.026463561,2.362537931,0.151428515,67.5261804,794.3099803,52.58268348,99.61515539,0
4.635128538,0.029672812,2.392162676,0.162005243,63.63624203,860,53.72741191,100.8689959,1
3.130420822,,2.957106996,0.148815412,73.00784994,817.6949893,60.69015486,99.40852398,0
4.800393507,0.014686464,1.826113728,0.152798845,72.55185781,762.726473,51.35573328,96.33216616,0
4.191527504,0.036127459,3.238730567,0.154312193,76.48489166,780.4212207,43.02003696,101.160935,0
5.133415589,0.031826283,2.142316053,0.14492621,75.23535026,775.0781383,55.71054128,96.56697123,0
4.651813137,0.022482291,2.163761164,0.131636297,67.67557925,804.4118336,59.20515361,107.2051008,0
4.949352115,0.036000337,2.606750375,0.144869942,80.96678099,803.0843154,45.48027562,98.19320283,0
5.410930885,0.03626191,2.836590532,0.147442627,68.39972344,791.0661791,62.91286699,104.0267672,1
4.77734203,0.022227745,1.886383697,0.136463883,62.17794662,829.0143039,51.36462617,102.9130135,0
4.21467341,0.027982152,1.793137876,0.161333558,65.26298771,814.3599005,35.0697388,101.5155684,0
4.182361791,0.028217234,3.049528378,0.136927962,73.67409792,752.1577884,54.08676011,100.8612149,1
4.872656691,0.022881901,2.647562179,0.142008981,82.39693417,832.1878005,51.93704023,103.481972,0
4.728108763,0.020978116,3.193381149,0.148026888,78.93557818,785.0213478,42.91357942,102.0399788,0
,0.023157623,2.171960107,0.155244545,52.01365961,816.8823395,47.86416255,103.8272662,0
5.305378025,0.021837151,2.433050069,0.147207502,72.26188357,812.9509019,49.28252587,101.5480168,0
4.567902655,0.017524647,1.402733459,0.141755327,86.18103254,785.1216283,51.67125409,101.6070974,0
3.842516447,0.012332114,2.135231848,0.152676254,75.13837659,753.1724781,49.35149846,102.7041323,0
4.131847831,0.029827865,2.933140195,0.152826009,72.06144482,771.2467271,51.68927358,102.9612932,0
4.735319231,0.00940889,1.701003747,0.175205231,72.77458387,801.2605679,57.41411928,102.6072074,0
4.509530778,0.019147245,2.234366079,,86.91942536,757.3494799,57.22188786,96.19923701,0
3.880674643,0.02666827,3.005774847,0.132451387,78.4654456,816.7727355,42.20340023,102.7716673,0
4.4730508,0.026535774,1.759619646,0.137723968,79.82311037,804.6553179,47.89707828,103.2850891,0
4.057042616,0.030745612,2.406477314,0.139918062,65.04904227,812.6270382,57.99234758,99.50136745,0
3.326972942,0.028055663,2.761916823,0.150476109,79.368785,816.4109206,36.64563535,103.1923438,0
4.766739854,0.026235373,2.782318725,0.144651059,75.67170782,817.0872666,54.9391022,99.12001785,0
4.195847728,0.029627394,2.95574656,0.149362251,72.97964963,807.5589567,53.96560854,104.7573954,0
3.706893541,0.030065878,1.878737276,0.147398686,60.52832275,834.3046699,58.46178624,105.2626037,0
5.274123298,0.020580647,2.616261498,0.139306163,67.57608795,791.0988543,46.89750762,,0
,0.014611521,1.711739739,0.151695356,,826.3394769,55.44291937,102.6220383,0
4.933813436,0.018834932,1.868547775,0.153913092,76.94753509,800.095585,40.26786679,96.30277994,0
4.529452487,0.015387971,2.121388698,0.147784172,75.07426207,782.5674794,,102.226368,0
3.771762923,0.036801261,3.368022275,0.136723616,65.95875737,811.5939355,64.05186831,101.5320284,0
3.541034248,0.019871579,2.529883333,0.147888462,75.36517114,773.2630722,45.00233681,106.9080164,0
4.872004492,0.024356028,2.881218738,0.151021994,76.06809331,754.2398187,43.61460699,101.9590603,0
4.214141917,0.02462184,2.872923149,0.155278502,,809.10431,47.72851,100.4553169,0
4.818319146,0.024309974,2.112795804,0.146587315,63.3189484,794.6740272,,107.1131396,0
3.874906128,0.024862218,2.209380367,0.138831695,59.9019924,796.688747,46.05300011,99.11270536,0
3.262339591,0.017904699,2.71131598,0.142072557,88.42033452,766.088363,51.67047032,100.8180759,0
4.981952749,0.02371618,2.183396488,0.126733787,79.06744042,762.8117472,58.43679685,97.11116882,0
4.37519368,0.014390319,2.69086717,0.169087044,67.46938628,803.6920057,48.62779519,102.2649591,0
4.707933557,0.024556129,3.213136321,0.144013399,68.53327928,805.2942337,32.66107004,97.63138762,0
4.469197917,0.018266343,2.889960301,0.157781647,82.81040721,788.8578052,52.45250533,102.6709885,0
4.790458611,0.019125002,2.604860277,0.147085388,57.79425002,839.8835845,43.12032528,100.5428698,0
4.711455233,0.019173434,2.327493947,0.1361697,68.6670617,839.7010589,53.52705711,101.6021207,0
3.887221918,0.019365469,,0.133353184,71.62678397,821.3607618,57.09268449,100.1528095,0
3.661346464,0.023599271,2.952680538,0.153168749,65.98270213,776.8317909,47.816268,95.082775,0
5.161525267,0.018921352,3.303363852,0.154779686,74.93709745,803.1819363,50.75259774,101.2517497,0
4.240118027,0.021627772,2.161045855,,54.12756788,830.2591034,37.2513884,102.8370808,0
4.337929817,0.021313833,2.545885703,0.150275748,,801.1336688,55.619511,99.47953871,0
4.669301776,0.015312905,2.722574794,0.15171047,96.88382458,783.3925446,49.3100974,97.26423009,0
5.369100697,0.028131628,2.017100004,0.153975409,64.48855615,792.5150763,49.86717598,96.39437237,0
4.443642249,0.028661161,2.419950778,0.138436897,70.34772927,823.9181477,67.96942264,100.1659505,1
4.548727451,0.016152302,2.814649543,0.142290164,63.5733163,850.903471,50.7759655,94.07168895,0
3.743095544,0.02378743,2.766510858,0.128284881,70.6641302,834.8777193,61.13741633,99.76467432,0
4.221514714,0.035000807,2.321542279,0.141642933,71.86525101,803.8632023,55.69543414,97.57290995,0
4.926793823,0.015256857,2.530180187,0.152818036,82.82409347,833.0142529,41.47007315,100.0604502,0
5.072961369,0.017314765,2.778814181,0.167186767,60.45532029,803.1807906,52.27036169,96.54370252,0
4.257877792,0.031475331,3.279328224,0.129611811,90.36832427,779.9600811,51.3414004,100.4638835,1
4.351560247,0.02543055,2.057747277,0.144041466,75.30154277,832.6440836,42.75903046,94.99413249,0
4.909981841,0.012486729,2.446778548,0.161831797,74.51046882,798.1687848,56.81267083,98.06128183,0
4.971429796,0.020288056,2.578577616,0.152994145,48.85311068,837.8210815,47.10392913,103.4403825,0
4.782027294,0.028379069,3.605827082,0.135678706,58.04042157,806.6295608,60.47898098,98.91145234,0
4.571702027,0.033467923,2.319467227,0.157319482,64.24236287,855.4111924,38.78451162,94.80111163,0
4.704725927,0.032890761,,0.161488909,72.05346085,812.3615205,40.45541603,100.4136158,0
4.471991255,0.014496074,1,0.143554444,73.92898893,790.0015847,43.42776162,99.95666174,0
4.209950582,0.02716297,2.978912893,0.140746932,68.47765704,827.3266949,51.63122108,99.38997349,0
4.51677101,0.032936212,2.061248747,0.136930337,59.48094141,810.0385918,61.53231206,98.95353764,0
4.005077172,0.005520613,2.414189136,0.139500619,76.11294138,784.2912707,49.07576362,100.0815921,0
3.099468514,0.019428093,2.207793393,0.157748894,72.85372898,818.5431187,54.91570066,105.0446807,0
4.322094163,0.023319943,2.855947185,0.156189166,81.37658355,830.963933,54.0147614,101.5131335,0
4.627791254,0.012354412,2.237556449,0.140253606,68.68373945,809.3999764,66.11393434,97.15008043,0
5.102365056,0.033939729,2.787977341,0.165896056,70.4364555,832.9361913,59.27762415,95.6716893,0
4.5780242,0.019711606,2.933055076,0.135889704,64.95074784,835.2930219,39.96984093,101.5526024,0
3.62333967,0.02122246,2.358217648,0.139674182,53.16682142,825.6258095,49.1072081,95.63303465,0
5.944186278,0.04126704,3.04725423,0.140779043,70.4151484,802.4684297,55.55517579,99.03927802,1
4.506198933,0.023681984,2.60365607,0.164351516,82.22520347,785.9755268,49.90782708,98.96073783,0
4.341033829,0.025992649,2.334696441,0.144019546,71.43722559,787.1480345,45.99812928,101.9468367,0
4.39545878,0.010649628,1.378327512,0.158380076,55.82171785,816.5951641,52.35202287,98.29617314,0
3.984493178,0.018319084,1.782209895,0.138233691,75.82521582,823.7171458,49.61651971,102.3106995,0
4.63902543,0.021518607,2.799025434,0.16732953,59.17441668,836.942368,51.76031238,102.9625539,0
4.507470977,0.031803818,3.0012281,0.142638248,77.63171952,785.8449317,45.73185189,100.9262062,0
3.643329841,0.015055288,1.506201063,,78.11052501,844.1836938,56.26976515,98.68302889,0
6.115001599,0.043963437,2.629681047,0.148352818,83.3709364,802.503949,43.13067343,97.1460265,0
4.387863572,0.021582326,2.03337736,0.144385467,76.51482679,799.2251679,59.49498337,101.0546298,0
4.107150603,0.023812381,2.333181762,0.168349344,67.75030153,801.4151498,53.27944132,99.89113263,0
4.680198029,0.015393902,3.219339614,0.149867046,89.39009369,761.1462349,45.79015365,102.6419406,0
5.267859852,0.033190016,2.46621113,0.159660715,72.79134629,791.8871734,47.64339182,100.3101496,0
4.248377546,0.033873625,3.662505467,0.156641098,72.15020702,806.4478831,48.79396502,100.2498762,0
4.169706683,0.022555083,2.389937095,0.136145569,61.57647812,818.299007,44.9744294,106.4362549,0
4.716104755,0.021148867,2.748600424,0.149230725,66.1680392,797.9143093,50.33860416,97.67061576,0
4.99706664,0.018450223,1.580378162,0.135468889,76.43200929,791.6328199,,,0
4.431206611,0.027169901,3.236226983,0.155365596,74.19331127,792.7545347,37.63171361,97.81860863,0
3.73784101,0.013578151,2.16493156,0.143322578,63.89335857,781.6391309,47.21063818,96.92862191,0
4.507188608,0.02738286,2.289793457,0.158305651,,807.4802106,55.25684872,98.3490421,0
4.188752737,0.021053705,3.718074961,0.167205321,62.78922501,837.6842492,47.21240358,99.18290097,0
3.76806242,0.019854178,2.255056564,0.15939737,,789.4157042,48.62771337,96.94118059,0
5.560357873,0.013745239,2.332330006,0.15192216,92.58885805,767.7332165,52.05275693,103.6072221,0
3.886313526,0.012788601,3.112160323,0.140570127,69.98583267,780.1722538,43.12448721,100.6000674,0
4.090901552,0.022770581,2.067681771,0.153368173,81.33189607,823.6947721,43.03798762,100.9869498,0
4.884291727,0.03273109,2.592739907,0.139731288,81.96215883,841.7336417,48.19441768,100.7733372,0
4.907544359,0.021622205,2.304878817,0.147675856,74.33320344,781.6315535,41.24305626,98.0845119,0
4.422333999,0.018701414,3.349707288,0.161317652,72.55991365,782.2629923,67.80982386,100.8295002,0
4.21288286,0.029346344,1.763582353,0.152849306,64.069722,818.4904651,55.75598095,98.97019835,0
4.279029644,0.031081549,2.576225454,0.145965468,73.22257823,822.6815387,49.22925911,100.7686318,1
4.839457891,,1.981569742,0.144468363,58.07449814,845.5626269,52.18346262,103.6014901,0
4.246010793,0.026672763,2.477615445,0.161856036,64.68026083,792.6237023,39.99064386,99.72290092,0
4.431651504,0.026668403,2.668838496,0.152695464,79.02327731,804.7890003,60.76652776,99.98308392,0
4.237893624,0.014139505,2.747479146,0.157068482,65.28031118,787.5424028,40.88525709,98.66756748,0
4.750241924,0.015425825,2.921390115,0.163372923,68.2058493,825.7491752,47.58853212,109.9824169,0
4.254392873,0.025497237,1.515204303,0.14517814,76.33145425,812.4510244,48.71212822,97.38209111,0
4.93280262,0.032221429,3.139451073,0.148877487,63.98765387,,48.98993223,100.0718635,0
4.313393953,0.024609077,2.904768242,0.150400592,60.42305707,823.841852,44.91868438,106.76602,0
4.210835282,0.013016517,2.222357374,0.153625704,75.17040515,800.3894577,45.47613184,96.95352466,0
4.400754254,0.025878631,2.179603174,0.163134613,,827.1255336,42.56078109,97.38328368,0
4.086432625,0.027858129,3.011172625,0.142467308,76.47918157,781.3188332,41.67068326,105.6096654,0
5.108930514,0.019379304,2.305114295,0.1377829,66.82177715,776.973011,45.42037379,102.0432192,0
4.313146736,0.033272046,2.654524255,0.152947791,79.2030338,791.3839708,37.50455146,98.10083,0
3.716325012,0.020366822,1.887909908,0.151185266,65.07048041,791.0970302,52.06572136,104.1583313,0
4.353282969,0.029742695,2.54736916,0.139981593,74.98286445,836.5001171,48.1710886,104.8717645,0
4.656531447,0.018467584,2.166247841,0.131273028,54.30300348,,41.34842113,97.80083246,1
5.577054168,0.030071192,2.158946889,0.151727998,70.92301005,742.5627603,57.08722002,108.3630102,0
4.56390953,0.029987607,2.366996463,0.161895078,72.56337943,790.5636264,42.17886298,97.75493794,0
3.914920944,0.022987696,1.81469917,0.164430986,81.99746062,792.778222,48.70482265,98.26100092,0
,0.011805189,1.724494646,0.144634732,77.81573913,811.3267597,51.63262,,0
5.768052403,0.034045417,2.617744502,0.157431091,65.45642406,802.9204482,49.98940215,102.2256293,0
5.420481284,0.031285436,3.238658897,0.146011327,65.41209868,827.3565181,53.39518783,103.2919409,0
4.482968794,0.02662297,3.044393038,0.128704001,64.44965056,809.0632273,28.98939923,101.0385849,0
4.608226876,0.031230891,2.749280064,0.155387924,79.90232067,805.6855168,34.25474023,95.08285296,0
3.998169374,0.020367192,2.725057986,0.135703785,81.10342537,820.1357796,46.43434595,100.2791104,0
5.452145152,0.033556487,2.246739108,0.138020715,77.67749465,785.6527563,49.58031229,99.47248779,0
4.505842369,0.024795361,1.838883396,0.144535531,74.80620264,768.9855391,58.56996608,103.1429046,0
5.470869639,0.034229536,2.025423802,0.13874018,66.93524862,843.177133,35.74859109,101.500521,1
3.666947246,0.019664038,2.446832384,0.147082676,73.74821171,807.4611265,48.37163528,98.98767442,0
3.809960432,0.022720449,2.702245548,0.14484252,73.16162413,740,60.24104385,98.78231248,1
3.377388313,0.03584484,2.427343778,,67.58171766,789.7909928,41.57552837,100.7286126,0
3.908799125,0.023781637,2.02099874,0.139264807,70.65998966,815.340384,56.58279279,99.92267605,0
4.358210157,0.020353501,1.789545666,0.130401307,68.6115444,783.8450788,44.99067392,103.9166588,0
3.863304288,0.024597467,3.041760666,0.147550836,82.17470093,785.907364,51.07502819,95.56296674,0
5.385900366,0.021410572,1.949946434,0.156079896,82.08338077,802.2804236,36.979473,98.38427164,0
4.795850581,0.030302548,3.058850668,0.149623699,59.72875771,821.911996,44.88515204,104.3026635,0
4.676791998,0.011755144,1.854904371,0.15827173,78.80579417,777.2275687,59.27157804,98.55660709,0
4.143566691,0.031628855,3.168680354,0.121652861,70.05148792,798.7146296,62.07190579,94.54506605,0
5.111746183,0.029517907,1.946284155,0.161482351,74.64089566,821.7413691,51.03984037,108.2830352,0
4.621096676,0.011130355,2.09753647,0.14184062,72.19902174,812.2016048,43.72702361,100.7653134,0
3.978437453,0.014899173,2.810585858,0.142551915,82.06491105,783.496337,47.74814612,97.58333788,0
2.717924322,0.015937471,1.912458326,0.139924912,74.40851559,808.6130467,,97.901633,0
5.133098701,0.021211319,2.225564309,0.147290233,79.3186943,784.7131465,38.82121193,98.89685031,0
4.171329465,0.032887268,2.183421531,,77.53291393,783.8132755,45.65452106,102.7833661,0
5.709892813,0.028530748,3.27764073,0.147213154,80.87737706,780.69436,34.70118981,102.3650567,0
4.355389683,0.024729924,2.531218133,0.152002647,54.17148457,793.0743711,59.18186234,93.2831883,0
5.11311985,0.023608387,2.633665644,0.155396264,78.45109624,767.9559426,46.23920958,98.39209934,0
4.573011857,0.032954501,1.407989484,0.15384772,74.26757457,796.1340092,61.66751374,96.87231961,1
4.271588418,0.027009781,2.332337142,0.133849052,83.45615332,814.8840147,56.15670604,100.5349598,0
3.632109547,0.021183074,3.082337535,0.158989927,61.58080319,860,47.87575431,96.40815658,0
,0.045922599,2.876002289,0.154433572,73.46964459,774.8434241,40.76996597,99.88104191,0
4.278700917,0.006073326,2.334037354,0.164094097,71.71506088,797.2597365,44.52538006,104.7083909,0
4.558525107,0.031058266,2.418510514,0.142458105,72.87958484,775.9472376,53.49900915,103.9579677,0
4.172457324,0.015377101,2.41746554,0.158257961,71.15337355,762.3168205,51.14273554,100.5908702,0
4.778467826,0.018980992,1.801504824,0.140933245,67.79945378,802.9548919,63.62957039,100.1952026,0
3.625991,0.017000877,3.390000156,0.158728865,92.89327145,744.2544498,47.50145215,103.4446218,0
3.164084532,0.026402674,2.365609993,0.147611847,77.83843269,832.7354299,59.47373403,102.707396,0
3.538039536,0.019098098,1.434974763,0.156544864,70.65468856,807.0613989,43.19215678,97.45286223,0
5.571379808,0.021141988,1.76552979,0.14537392,69.38131611,809.2454346,42.58325736,99.922277,0
4.870262176,0.018034923,1.702899197,0.163788249,69.96342862,813.4918155,60.74932456,,0
5.419144928,0.036658873,2.410786406,0.14970993,72.8268718,816.9112351,37.55297533,101.4529098,0
4.86434005,,2.954351733,0.153073924,67.95780596,835.0475921,48.41107034,100.3325578,0
3.886057654,0.0240791,3.069474048,0.136298486,78.4948394,780.3982471,58.37440362,99.61659779,0
4.223224207,0.010827786,1.670395281,0.16342905,84.03498826,800.457454,51.19873363,99.47007463,0
4.493729815,,2.231382511,0.158610578,58.07022355,777.6036795,55.40825686,102.3090897,0
5.239840823,0.027456281,2.112917115,0.128613067,73.9202323,818.2174404,41.15167452,100.1419829,0
4.93204686,,2.566757943,0.150826427,69.63200506,810.595255,50.65457213,98.37085543,0
5.065324118,0.023841578,3.066378808,0.14623741,74.46889637,815.6836213,55.78463202,100.3717455,1
4.414525913,0.022298098,2.32327088,0.145887429,65.69613168,827.7078689,43.66343475,94.9982189,0
3.052360344,0.023919712,2.511689775,0.146736968,72.3117162,796.6569738,41.97298592,97.98775268,0
4.61398603,0.025206921,1.782266227,0.135209553,73.26163972,799.9746496,54.31471255,99.48680251,0
4.866947947,0.027386729,2.096122524,0.150166165,67.99983182,793.8939925,45.8496334,97.87030937,0
,0.026391757,3.028674689,0.168258125,68.68991354,,48.94595615,96.96036594,0
4.881537323,0.030226964,2.511346316,0.151136123,75.82668797,810.4301517,40.92713671,106.0682644,0
3.675236824,0.026850497,2.833602092,0.142493381,69.92672874,823.7406118,54.44340907,108.7486077,0
4.206032153,0.015746601,2.417046153,0.167688878,65.05212967,820.402666,66.86443283,97.4573015,0
4.721139234,0.031916987,3.628376852,0.131233132,73.39774441,,59.41962913,104.5907904,0
4.144595835,0.022082414,2.645684027,0.134325106,90.32429962,779.3085431,50.64359172,100.2384435,0
4.540149743,0.027300993,2.980387305,0.168123129,55.20095032,860,51.94618965,102.3203539,1
5.338992832,0.019419732,3.040693387,0.145932651,68.2532936,753.8995754,51.86477391,102.8721485,0
5.881530221,0.025085623,2.497379273,0.158231837,65.16861378,830.6603462,49.12593334,102.8988753,0
4.031306029,0.03456943,3.003314554,0.14848287,56.79910753,826.9829421,,99.79484993,1
4.864691648,0.015194316,2.719777408,0.149089329,47.98186549,833.431833,54.42143072,99.1310333,0
,0.021204669,2.478205099,0.133195998,72.57677611,835.931868,54.2034949,102.0174255,0
5.143962658,0.025108225,1.989579133,0.151612321,77.07366532,800.3789342,34.34923135,105.3868908,0
4.757818959,0.014150495,2.320576611,0.162255728,70.22231027,821.0075578,39.30271786,,0
3.997312665,,2.207174612,0.14080458,57.56900779,843.8151053,,100.2834781,0
4.254049197,0.024237455,2.612827642,0.131676757,77.16483544,777.7081995,51.50057262,97.13939132,0
,0.027347123,2.492325046,0.135572667,74.21626721,833.0514886,35.03940591,100.6513381,0
4.393377675,0.022429832,3.469064029,0.150089741,75.33300246,771.2885077,55.60551439,100.8299656,0
5.184777732,0.019086287,1.712807872,0.162410397,72.83524494,810.9897043,56.73705234,96.87547335,0
4.422572567,0.037887932,2.882100137,0.134737879,69.28183512,824.7671583,54.13790192,101.7914096,1
3.640468359,0.02133043,2.646953265,0.156029324,67.53203763,800.3534046,52.34145706,99.4886529,0
4.108533892,0.016241402,2.98315722,0.150413093,70.28018792,811.0478411,35.34656848,101.5001487,0
4.875220258,0.027717928,2.385537668,0.143476951,77.76948804,836.2671941,43.09104247,103.9278993,0
4.328351189,0.031578701,2.664609918,0.141487968,97.00099497,783.5672739,54.19100593,101.5836548,0
4.027059409,0.006277814,2.393730324,0.13921732,55.5226981,818.2836745,47.58457712,106.6437146,0
4.971724663,0.030056139,3.604509585,0.136040747,73.00568849,797.3959238,45.02128965,95.70067173,0
4.163951818,0.016337123,2.281944946,0.131160901,67.05745084,777.7766254,47.45279782,101.3564437,0
4.57862511,0.025487171,2.193619998,,85.09433788,780.4902941,51.55958001,100.5739583,0
5.009565588,0.012362786,2.60587356,0.128605343,,785.992278,48.34244111,101.8185943,0
3.351127598,,2.120573789,0.171506135,,789.2635015,51.58533872,101.1379628,0
3.585880302,0.015389154,2.781752865,0.158180738,77.84704447,792.5441653,56.23186896,103.2130256,0
4.294113908,0.009739688,1.565407981,0.132991344,73.03397817,788.9441194,53.86512804,98.40203004,0
4.051915376,0.015407185,2.077695778,0.139728937,62.33191995,831.3533741,42.44491086,99.80108521,0
4.788011699,0.026466367,3.464566903,0.145910268,59.89629594,825.419152,41.38314313,98.22860446,0
3.889184767,0.020355508,2.463938759,0.143356846,81.05807177,811.3867855,40.95352549,100.7522673,0
3.511896015,0.024545649,2.781177151,0.143921198,70.61402126,816.0922467,49.08988145,99.808143,0
4.237522335,0.016489983,3.208763551,0.144430262,83.3238689,756.0007838,54.85913141,103.4479458,0
4.545238686,0.033635385,2.455795466,0.153806095,89.55546213,775.7052731,46.31313867,101.8682508,0
3.523145343,0.023639937,1.339688471,0.138423389,75.73605884,790.8506912,65.39812225,,0
4.057520147,0.022747331,1.961650127,0.14892834,64.32092248,,56.13133516,97.53919633,0
3.59834525,0.021303842,,0.141573136,70.51530243,774.7250929,65.17478776,97.90408408,0
4.684290979,0.020918504,1.877052224,0.164249616,51.24494656,793.0128532,45.70339256,100.2456701,0
5.318058232,0.005150514,2.131072601,0.148890258,63.55253404,801.0055083,43.73956093,93.88011798,0
5.003495195,0.019011021,2.744395185,0.143853134,46.775257,837.0313622,50.67405567,101.0670663,0
4.555594562,0.024262948,2.931085851,0.158626633,66.07073612,,40.23442943,100.5594716,0
5.313591779,0.021361528,2.782956408,0.144370671,89.26384269,792.543671,54.51502937,101.5412044,0
4.484431203,,2.809864453,0.157152764,71.20886725,789.2639293,63.62611431,100.508693,0
4.319687174,0.010631391,2.119957365,0.152169869,53.87614377,800.7480072,69.57110634,92.64208843,0
3.903449918,0.040368924,3.568067521,0.162413371,80.24144807,,49.60173869,101.0065161,0
4.102950563,0.015137183,2.401452781,0.154707697,78.87387306,789.979279,50.13217283,,0
5.430029243,0.01736507,,0.147929734,68.28932193,781.9714808,51.93626406,,0
3.859245443,0.016055606,2.728952081,0.146668747,73.60772944,789.8718951,51.44038333,94.85035161,0
4.926634768,0.027465066,2.42719496,0.149659505,87.24303254,748.4305873,51.20670003,100.5902718,1
5.643278905,0.018648398,3.459489091,0.150910188,71.84903843,795.2074125,32.54413051,103.2395067,0
4.255419334,0.022530567,2.921387914,0.128919386,66.259219,804.7786377,55.22176638,96.97511137,0
4.605919979,0.012038113,3.161537605,0.146518429,54.66198669,810.6183537,47.20077683,99.03478604,0
4.158183662,0.017246756,2.495101537,0.150297688,67.94213328,851.9823703,58.16022103,100.010089,0
4.974514407,0.019306577,2.486257394,0.138324312,72.90135593,776.0564954,47.20156029,97.36549477,0
5.479175756,0.024609329,2.828515899,,80.02211975,798.8238177,48.70701369,100.7543579,0
5.13872361,0.024165815,2.324396787,0.143248454,68.75163006,813.7710483,37.64785897,102.9307989,0
4.304928842,0.013026079,2.220844395,0.148451112,75.85097518,805.9872612,41.05682597,105.0736278,0
4.340469137,0.023382012,2.558969234,0.136840421,85.34621917,772.0256432,54.06383171,95.61908889,0
4.999222087,0.013078397,2.365260292,0.142432112,73.9548497,796.7883804,50.17144086,98.7261748,0
4.694449821,,2.525465707,0.152986332,79.92345142,812.1081924,38.93800889,99.86593748,0
4.798191164,0.019886775,2.808169636,0.138843762,66.46209826,783.3564995,47.24719194,101.1428856,0
5.109008106,0.025387927,2.318390032,0.135469869,66.53679028,809.9736095,43.71845267,102.6505109,0
5.610320895,0.027420943,2.94832127,0.126168032,70.09547163,814.3755204,59.38967625,98.05775305,0
4.610974412,0.020352012,1.240096526,0.141086681,62.70127928,824.329836,65.08697334,103.1941776,0
5.638347767,0.027625158,2.872662455,0.140248392,72.97670343,764.6549665,51.82095651,101.0696907,0
5.290186965,0.020512574,3.369158176,0.145732572,75.07746766,802.3768727,49.79050343,102.0711251,0
4.826322471,0.026642119,2.362310687,0.134360165,75.0993569,760.0877087,34.68499206,100.9228406,0
4.611479113,0.019756792,2.376923056,0.137966864,73.29384057,798.5697138,49.63276112,98.24526317,0
4.794435798,0.020160638,2.556569287,0.155636447,68.56199927,788.896306,44.23051249,100.9543555,0
5.30224762,0.019388821,2.668248778,0.137106586,83.31529571,770.9772686,61.37236846,103.5506798,0
4.41455834,0.023835601,1.573847294,0.146929117,72.44755896,783.0170777,54.50451478,97.38713647,0
4.911318781,0.012958629,2.629445518,0.136481817,66.0803211,820.7687342,39.73262019,98.65520845,0
3.857123757,0.030615022,2.667411516,0.156160011,85.35770776,763.7023378,70.16335264,100.2438831,1
3.904597605,0.033768304,1.971603974,0.15825972,71.79518137,789.258229,55.32126944,97.50985448,0
4.488973073,0.029246886,3.147799254,0.147400938,86.13475713,,48.67524692,103.3705578,0
4.775336522,0.01002856,2.660226831,0.151908964,75.28017086,793.0058097,,99.79559461,0
3.712058345,0.0133038,2.34625276,0.129658455,62.56216435,,,98.49793974,0
3.3393421,0.025373232,2.567738001,0.1530177,72.34856806,787.11014,53.93758752,95.46109211,0
5.156035321,0.017480409,2.417071772,0.159315186,79.81849875,792.0820035,41.29434467,96.95668019,0
4.953839288,0.020933305,2.780300719,0.138721565,65.25625338,770.8878458,53.40685892,102.5386491,0
4.896347896,0.0156345,1.60520842,0.153104018,79.13577498,784.6124804,43.44644755,95.58797756,0
4.141915674,0.023128567,2.66582391,0.148207527,77.32075995,795.5267966,,101.591818,0
4.269997265,0.02330828,2.323384784,0.143193284,72.68624699,832.4114686,43.39331584,93.75706085,0
5.807157432,0.025222828,2.358753953,0.149497887,69.89917985,806.6691557,54.34351636,99.45853063,0
4.203181228,0.029411693,2.565387059,0.155624632,71.57786741,806.5762722,52.87610649,108.4574286,0
5.806958995,0.021799707,3.226603389,0.14843856,77.96868211,787.1398277,41.44128692,98.1986297,0
5.203384801,0.031338609,3.072337701,0.142240958,72.58710521,786.1418913,60.82479096,100.9133713,0
4.512906356,0.025251901,3.036762827,0.158670094,84.55975326,807.6401498,50.51670582,95.14212585,0
4.177850809,0.022804974,2.035969625,0.164618116,79.4644349,,53.98705202,104.9325618,0
4.821599048,0.024564027,2.439545713,0.151451706,,789.1232728,46.07427391,98.57758316,0
4.623177645,0.018829747,3.516533496,0.141339942,75.75039277,753.6352751,48.83120662,98.73008425,1
4.558835107,0.030529348,1.578483592,0.165898099,75.60552146,783.0046846,43.54428251,98.64136735,0
3.595489281,0.008522554,1.544318337,0.133463173,69.07716259,775.5137879,31.06165751,102.2773572,0
5.012498052,0.024472996,3.213382253,0.158452748,79.14334513,,33.81637165,102.5557408,0
3.914329698,0.030953262,3.176943538,0.133278491,75.24815367,789.0434014,42.92469363,105.7274207,0
4.567913957,0.021453546,2.422222907,0.150719515,72.59866478,786.4654512,51.84030172,100.5985538,0
4.626510912,0.019598195,1.739458726,0.140873871,68.82300841,824.2170835,69.23586735,97.9673774,0
4.371424281,0.025072716,2.227691007,0.139455064,68.36790934,823.5239527,49.57419666,106.197226,0
4.296744715,0.014153635,2.344556628,0.166106049,89.6650623,814.1726973,50.23380258,105.810972,0
4.285431562,0.02648803,2.658137077,0.156195105,66.79936108,820.1589426,60.64573157,101.2213522,1
4.206892197,,2.631466742,0.152611668,70.05531999,825.4101497,44.67877709,97.52636608,0
4.58090359,0.023096896,3.642303414,0.14899804,79.84093241,773.5419493,60.86525092,100.2444379,0
4.993439491,0.033713593,2.727894115,0.148852751,72.00286824,785.7434651,40.61654973,95.36398815,0
5.088852309,0.022162995,1.974298238,0.147478177,70.97823334,800.4906551,54.1325364,102.8036785,0
4.694769811,0.022780566,2.150467891,0.145532828,77.90057934,811.9998773,51.80634361,100.1491727,0
4.504474518,0.031054259,3.47189557,0.149014792,79.67100433,801.723718,49.71163129,97.07617173,0
3.883772014,0.016765215,2.847193625,0.13809785,65.17783593,810.9775419,34.53983355,101.5073245,0
5.087523202,0.024674771,2.924852597,0.149156781,57.29008361,,47.63694068,102.5873079,0
4.350447023,0.034417682,3.804820815,0.154946772,70.95701525,804.4169675,60.10833591,98.98799418,0
4.248949202,0.018117145,2.257814679,0.143970661,84.02980447,806.2997456,,102.7677951,0
5.69532489,0.031540899,2.484422667,0.166905775,72.52434945,775.6274211,33.10972558,97.73702976,0
4.245912522,0.034707956,2.006962515,,66.04527892,779.7264534,54.70243514,99.10599594,0
4.036076937,0.005,2.856774538,0.141849288,72.22192739,838.8208955,54.96216074,95.09531675,0
4.170735505,0.019274678,3.149362405,0.154175757,67.34551558,802.7585351,43.5991593,98.20203757,0
5.548914259,0.016935412,2.052426903,0.152154066,76.76965385,823.3007745,61.02750992,103.837982,0
4.665983977,0.024738013,3.27967066,0.148826986,67.17748723,856.8843877,55.05064485,99.8966256,0
3.629404177,0.024910707,2.556978855,0.135230608,79.56503301,782.864743,65.54344337,107.2155735,0
3.661849588,0.03131519,1.948504012,0.147788692,63.62636329,852.2910668,55.18556866,103.3659574,1
4.360355165,0.010377913,1.955464981,0.134976796,82.88447934,789.9250545,40.8689954,100.4574156,0
4.474796083,0.020728074,2.625323386,0.156376313,62.78584609,801.829857,57.69084759,97.89597664,0
4.256887352,0.018433587,2.091731556,0.139957926,65.08862879,818.9877772,46.39636658,101.7531455,0
4.83221485,0.017824257,1.349335211,0.162687519,,785.6666956,42.93775647,104.6536667,0
4.457468777,0.023073082,2.483734568,0.151742226,60.29413465,792.9427968,46.7852731,101.8441821,0
4.35715002,0.017049618,3.32553714,0.165589581,63.29209874,,48.0406522,98.79903777,0
3.974162494,0.010304843,2.759330044,0.149337619,67.24701359,777.9210006,39.02526408,104.9625031,0
4.782264754,0.011240953,2.488625337,0.130808522,62.41001535,816.5720574,,100.4869821,0
3.748763247,0.023527718,1.756161767,0.151104427,69.77451203,801.935324,51.63029649,101.8102304,0
5.093924994,0.038407302,2.152261008,,80.61689167,,61.22023082,100.4601418,0
4.076673391,0.032588059,2.553073995,0.151077149,,780.89889,46.4682392,,0
3.750698151,0.031170408,2.490365281,0.156903949,72.24673073,,44.54008613,97.77979019,0
3.818810648,0.02271009,2.171797201,0.149154734,71.12806128,841.2514173,54.88102701,95.59395645,0
4.986470261,0.029447764,2.424657424,0.13979824,66.87490664,831.9389485,40.98276718,98.26152034,1
5.382107034,0.020754018,3.222912393,0.148715447,69.40819443,805.2569752,60.25932781,99.95119925,0
4.77110299,0.028353201,2.911731002,0.134714659,69.65031021,797.8969288,48.20266856,97.55740268,0
5.294502174,0.016355061,1.731101205,0.14842431,69.31290115,821.3624327,65.23125224,104.4595993,0
5.24973918,0.025218584,2.594525228,0.145883398,66.06423452,817.1679244,45.93374188,95.59794167,0
4.972441334,0.024118698,3.172364053,0.144561702,79.92213337,815.7559664,45.50836715,103.7685048,0
5.403213441,0.017937348,2.723814908,0.160857739,73.0310831,822.7018408,50.53254489,99.84632156,0
3.466300637,0.035024225,2.964273714,0.161031841,77.48270534,,50.46190196,99.20426796,0
3.52484882,0.026005523,2.574066183,0.137601581,85.53430819,840.4018068,58.55925664,106.3949573,0
4.037120029,0.014612705,2.138641894,0.140773315,82.37238873,752.9369462,60.58814347,98.09444451,1
4.336741802,0.005416663,1.989714106,0.154251338,80.09141991,768.2968851,41.33479819,96.9183356,0
5.160812893,0.01867961,2.641312976,0.151648694,77.51289044,773.001213,53.40666087,99.79004164,0
4.614179669,0.024578115,2.262770249,0.136216267,78.19948345,814.9618422,55.13773832,97.86486118,0
3.743593447,0.026872817,3.522709487,0.155295958,88.64222386,788.3437362,50.93444934,95.51841322,0
,0.028230147,1.587625318,0.160939993,80.2155206,788.2936847,41.75087296,104.2639253,0
4.764240067,0.021588117,3.333573882,0.157353115,72.41995725,802.4511407,50.48534785,101.3382343,0
5.145928796,0.009710046,2.304305329,0.156151656,56.27208669,826.0741641,50.47883122,102.6621148,0
5.172033282,0.018529994,1.694525587,0.121067669,73.47973795,798.8086359,51.08005441,103.2356434,0
4.886999828,,3.290556903,0.140967973,67.76161986,798.1921197,48.8044529,99.97740715,0
3.597281257,0.014691885,2.467799381,0.147518526,77.16110859,779.5720792,54.55422508,97.95734071,0
4.022335632,0.033393143,3.32339208,0.129786271,73.58199285,788.6819734,72,98.19549781,0
4.968389579,0.021649513,2.136365474,,69.64857824,797.6297362,43.85957556,99.46211599,0
4.674916432,0.018581132,2.63121566,0.145132868,61.26962609,792.8595432,,102.8796412,0
3.515074665,0.019784818,2.605519802,0.140870561,71.81466482,785.7910848,39.82925029,96.32435261,0
4.810348869,0.020785071,,0.14554763,63.12481063,823.2363287,55.47293012,98.54755526,0
4.704467281,0.00833924,1.683821902,0.147158323,60.02252322,787.367196,50.28574474,100.5493635,0
4.025082211,0.022816741,2.560082089,0.148613509,71.48961308,772.1060674,52.39388019,98.3279554,0
3.721663571,0.040919618,3.339097908,0.156488777,75.68736211,788.3149549,69.29192888,99.54810884,1
5.3713285,0.025179626,2.107182853,0.163670174,60.95956558,740,46.48541455,104.7834597,0
4.516681615,0.022258458,2.084420737,0.145793116,64.50214534,809.4144813,47.92947853,100.5752502,0
4.915594432,0.03753766,3.268792387,0.146716691,60.99757533,762.7244944,47.32574261,93.97648053,0
5.546425816,0.033248396,2.81676155,0.143267569,78.97114626,785.7548996,53.37136098,103.8970926,0
4.267924412,0.022275166,2.220691616,0.127472885,68.6198786,768.0728874,45.25110705,101.4571675,0
4.639794182,0.030870128,3.012814826,0.171533509,78.15171478,792.9337421,46.37054164,103.5603675,0
3.988998775,0.017853788,2.083685091,0.152971394,72.70712989,846.8509622,56.8439792,94.70017686,0
4.307862604,0.025656622,3.305363287,0.127713422,74.71136725,785.2036388,60.87626847,102.2632004,0
4.156453855,0.020771872,3.002734091,,57.51262103,797.1141494,63.69672742,96.82793611,0
4.20452613,0.02200507,1.486035052,0.134334326,62.57442679,809.6970759,54.16619818,97.55911087,0
3.560054596,0.0266745,2.583861893,0.155653827,58.64496208,839.2666549,57.54404372,100.9166034,1
4.552752402,0.022363239,2.709598564,0.156625803,84.1528829,819.7331437,40.91665872,98.78255776,0
4.60540172,0.027014911,2.247959621,0.133297425,76.7245052,787.3901664,48.04231517,,0
5.134830112,0.022177675,2.458887637,0.140636763,75.82137476,821.5043438,45.30462225,98.64527051,0
5.117380725,0.043802582,2.784615265,0.163709612,67.79995793,,54.78118336,,1
5.541517989,0.0145327,2.693660002,0.135877891,71.78687711,806.4823279,51.06068296,96.15613683,0
4.97726018,0.009750575,2.465963782,0.140478593,59.32969581,780.7906655,46.48284267,97.68548827,0
4.595750372,0.020981514,2.979460612,0.158583831,67.48387573,784.5133191,44.16160996,100.7188026,0
4.659329935,0.016589362,1.847954512,0.152571252,73.50327917,806.2968375,57.41239552,97.9778975,0
5.120946705,0.036009885,2.451800064,0.153810278,75.08367849,783.6420484,60.76028237,99.17014369,0
4.091897695,0.034626208,2.699495701,0.150348465,,811.6406735,54.55223737,99.83097129,0
4.206439294,0.01315684,2.41741403,0.136483452,80.77826522,797.1909842,52.51730743,101.7155407,0
4.252033316,0.026639815,2.452490306,0.136137552,69.81818016,790.8641532,45.66042986,106.8369938,0
5.122120408,0.021436059,2.535560012,0.164190174,75.10559872,785.5692887,55.70505845,103.8048786,0
,0.013018546,2.528179048,0.139476276,88.08279531,774.4337365,57.71203049,,0
4.230835465,0.035150748,2.367139895,0.143748661,70.947739,811.3285703,52.64897878,98.84495635,0
4.091967596,0.014428423,2.549825988,0.126810833,63.48053217,798.2016993,50.63724654,102.9625272,0
,0.019209949,2.50089975,0.14799275,55.06138855,855.012755,44.53266854,96.87515078,0
4.187060318,0.016626744,2.215724257,0.154889541,74.08284232,780.6785719,43.92532722,100.1688898,0
4.681873708,0.018636272,2.333052516,0.149866466,63.3761015,825.414611,36.47576126,99.35815936,0
4.092842376,0.020136776,2.244785943,0.15238484,81.44059042,788.7575748,47.97761935,105.1020542,0
4.780928011,0.011056304,2.192580246,0.151990629,74.09435364,768.6433541,56.64411935,101.315659,0
4.732873026,0.013511895,1.178594536,0.136043569,58.46982814,,44.71119408,101.2225559,0
5.28317374,0.021325275,2.63264738,0.1585041,66.63388728,,37.02437879,99.2241262,0
5.000999194,0.021278663,2.716509382,0.14954739,64.46490313,796.8859761,55.48356929,100.5758142,0
3.757491039,0.0195068,2.418947485,0.15010986,69.20804084,820.277346,,100.3947585,0
4.851880019,0.026466663,3.297339223,0.151062438,48.31336061,860,40.44125935,101.1570062,0
4.674956177,0.018801858,2.38584903,0.143894385,82.97802044,746.287739,46.1630883,100.091915,0
3.875019341,0.018445901,1.808779815,0.143997515,61.24152853,854.7413736,52.0613208,100.4852363,0
4.403139273,0.019920023,1.729987324,0.140961768,85.93089169,799.1578087,58.70383337,99.03263001,0
5.409792825,0.016375206,2.381024446,0.141682813,86.44129622,797.3947949,43.89999134,102.2818616,0
4.126569898,0.00866243,1.927831547,0.142935267,64.24907681,814.3495823,44.65021273,96.53285206,0
4.465456733,0.028797941,2.074100919,0.146515438,73.14957114,803.2646129,,103.0897021,0
4.002560996,0.029184706,2.473460143,0.132299194,72.22041381,800.4141266,63.78739371,99.25986986,0
4.340104687,0.02183241,2.456542789,0.135091763,63.36998832,773.7073692,49.17563686,100.3534844,0
4.406310997,0.005,2.181411108,0.153222836,,846.2806756,43.07900296,98.71523806,0
4.340979871,0.014898752,2.437683931,0.153829652,60.93016913,804.1828705,46.41001133,,0
4.407209646,0.019031292,2.138475659,0.163759731,79.18721823,,56.80922122,102.439341,0
3.777996465,0.019529073,1.768972266,0.158187493,69.87884962,835.9917016,57.69636309,97.18995878,0
5.331746518,0.021944984,3.24106277,0.147346693,68.61056259,814.5948958,52.9324262,94.97220426,0
4.269604117,0.027673724,2.924199286,0.154536834,61.30028248,812.2186654,48.87411278,100.5956099,0
3.640468506,0.015998713,2.522048937,0.167710083,86.49932131,770.6733179,54.63069722,103.7243389,0
4.707241127,0.030534659,2.030527204,0.149854069,64.54008414,807.2809538,40.36621867,97.77152017,0
3.921962188,0.024073151,2.433622023,0.152797857,61.67399673,818.7239637,60.77909402,105.4943771,1
4.629544104,0.020530477,2.265672594,0.145714487,62.93077348,797.3285577,58.76628652,99.31126226,0
3.08657652,0.024088713,2.1546128,0.153589704,80.29462076,786.0534606,32.28878799,98.63652654,0
4.099122401,0.025043756,3.097749345,0.128015714,75.3855712,822.8906157,48.48252789,102.1204761,0
3.376497947,0.02332496,2.150096025,,72.83355957,834.0916173,42.90403883,103.2746432,0
4.303034238,0.015136663,2.94388851,0.143784465,73.59397781,827.978306,52.74164597,96.16710293,0
3.705560786,0.03336602,3.125842692,0.139801615,62.48142527,787.6789015,63.08222342,,1
5.127160631,0.022519809,3.084640955,0.155855217,75.38854095,758.9920858,49.71141947,105.2148499,0
4.171108618,0.0210845,2.16635214,0.144430658,73.98937457,779.4702072,,105.0319673,0
4.836527728,0.025725976,2.248996775,0.159181749,65.94882802,782.5647015,49.79905065,102.8602325,0
3.736521698,0.019532229,1.688034458,0.161687794,64.55930097,814.6786683,56.02420805,100.8706009,0
3.992664282,0.017300992,2.286250598,0.137877021,66.33066475,805.2310025,44.82538857,95.99296856,0
4.455710221,0.023096282,1.879051515,0.134845277,85.06175317,769.4712066,44.17882609,94.71341069,0
5.56853179,0.042862901,2.507453818,0.155670776,78.94490336,796.4017432,50.57513655,98.18376392,0
5.002538826,0.023810004,2.027785693,0.14699019,74.60014223,809.9949573,41.25495484,99.69863579,0
4.04890025,0.026900456,1.42321533,0.137734179,79.15179209,819.0548368,64.26293066,96.93705914,0
4.23118668,0.006842384,1.894704663,0.148883577,79.3498581,778.071511,62.37243145,,0
4.821595478,0.028217547,2.555736775,0.149924524,62.78229792,839.4936487,46.2677682,98.95812729,0
4.174486198,0.023850465,2.45061332,0.169382365,52.24821053,807.5072081,59.02023474,106.6549853,0
4.776023115,0.026230741,4,0.157288793,75.05344862,769.3322865,35.11984671,103.0739402,0
4.961438246,0.037686548,2.447576013,0.147511295,72.25505214,834.6840896,58.96944211,99.60462676,1
4.446948954,0.020682048,2.644160915,0.145976499,68.76896145,814.9594497,55.87050729,107.6123114,0
4.497341135,0.025348954,2.238733237,0.159402006,75.9351767,793.0991043,34.83042994,98.48352659,0
5.039740813,0.026353707,1.597330403,0.142633423,83.76374003,789.9962216,50.20747652,103.5691648,0
5.113103617,0.028714558,2.422058517,0.151365432,74.40164811,,38.9542352,95.4458374,0
4.207088991,0.030115089,1.882945501,0.159272033,73.8794477,771.0368405,44.99026011,101.9148238,1
4.762526134,0.024866854,1.794004156,0.132507772,74.73463526,801.246021,45.23701025,99.53412899,0
4.568649573,0.028558886,2.910168154,0.163294138,53.81807047,799.2421381,,98.82837814,1
3.370701063,0.036049494,2.334198817,0.156487318,77.71875993,805.6262972,65.71411709,102.5927722,0
4.780494992,0.025585936,2.047173516,0.151987777,63.74087992,830.0015953,41.5081908,103.9448758,0
5.278593441,0.018592617,2.146134136,0.139927152,85.6533871,781.688614,59.37010581,99.95763168,0
5.562305737,0.018448452,2.732073313,0.15229145,55.88597531,860,52.51359914,95.97874874,0
5.629830161,0.035810453,2.928606205,0.154349603,66.06403295,802.4636231,44.13793628,103.6457338,0
3.963455679,0.019151886,2.250991465,0.148355649,71.85249991,774.0658457,48.14865398,98.21442892,0
4.392723102,0.022198211,2.641269608,0.140104019,65.44501517,804.1347115,46.70926602,101.7593617,0
4.477058071,0.02744475,2.707446404,0.155735406,83.64528638,775.920355,58.58335024,97.00208638,0
3.722838686,0.013336532,2.719477468,0.154650631,73.83093917,826.4402059,44.94752156,99.42446206,0
4.419967203,0.03226496,2.592210367,0.163047567,89.04086991,807.4892996,35.10445183,104.1387095,0
4.311473074,0.027250314,2.523566085,0.137982167,51.51758825,841.0801903,44.44128641,98.95920093,1
4.58430897,0.020305902,3.45782949,0.133804689,65.21589061,799.6321205,61.2520358,99.51265059,0
3.709600732,0.013088454,2.9154746,0.142251076,58.31914629,827.0810442,43.73750982,97.91648345,0
5.250955401,0.024182239,2.466539619,0.133209302,88.49928006,798.3296608,47.98635473,99.02576697,0
3.770033127,0.032929646,2.483662059,0.156787777,99.1006048,740,59.88962978,94.26882804,1
3.291307918,0.036217316,3.338307246,0.168988942,71.88704464,783.0166827,56.12915676,97.3043801,0
4.400047517,0.031750409,2.038504829,0.155943606,73.71998363,754.3420149,49.43700653,102.9997829,0
4.457406131,0.023693578,2.028654898,0.14486011,75.06881171,822.2428246,44.09154565,107.3983414,0
4.607863465,0.025286488,2.95721877,0.134384202,45,803.591703,61.63618049,103.0897537,0
5.331399259,0.021590759,2.087276909,0.14855895,67.42230925,810.5953855,57.1217228,103.3604154,0
5.104024383,0.029636899,2.707915761,0.116498884,75.99912026,799.1671251,39.78451106,94.77642035,0
4.51251041,0.030031489,2.980690446,0.138258109,74.68391572,802.4241819,58.40643332,98.70638438,0
4.099695123,0.027088779,2.47450231,0.131138391,81.66972104,843.4497959,58.1006275,107.0897214,0
,0.023970722,,0.148253927,65.12840517,831.4804496,55.90073095,102.389408,0
4.776582388,0.034112516,2.072795629,0.146408523,71.91475886,860,52.05413073,105.1183912,1
5.646317688,0.027433583,2.293622477,0.122512676,63.16033465,816.0203447,57.44946732,97.20602364,0
3.34609748,0.02698409,1.93057948,0.152681991,83.86195704,822.8949756,50.03789446,108.2451649,0
4.42718298,0.013439155,3.188243266,0.165573475,69.32501424,802.438176,51.93060996,98.69705897,0
4.62820594,0.02439805,2.371772753,0.170084017,46.45789527,839.3939889,55.57328513,103.3451277,0
4.041531415,0.011682817,2.190643714,0.150465919,71.32692965,816.8741012,62.55920553,101.5399915,0
4.719466513,0.021652226,2.462052723,0.152019016,76.04661965,795.1021478,53.48719651,98.63259278,0
4.703050274,0.033728668,1.89794552,0.140855109,95.90971747,797.7886214,50.79881945,97.04256631,0
3.522635408,0.005,2.664749545,0.137077106,74.61778783,785.6233219,51.40825261,96.54490641,0
4.317131785,0.018893691,2.463712291,0.149624549,82.01432925,826.7694199,55.34564745,104.0775188,0
5.69254726,0.028446768,2.974107151,0.147764004,81.32212005,780.8514042,43.22474415,,0
3.801450506,0.014214648,1.974077315,0.161054883,72.14235787,822.3504517,47.20374593,102.5402831,0
4.42787794,0.023830593,2.613862887,0.141061944,76.80629993,817.5930969,32.84244178,97.44116114,0
4.52433096,0.01888907,3.004396363,0.132548554,86.55873688,812.4998294,33.07784298,97.07498061,0
4.606188465,0.0195187,2.944905173,0.15488811,92.26893033,799.0800763,56.63905018,101.8355177,0
2.992175783,,,0.146183643,98.23693428,789.902971,54.39220738,100.6000008,0
5.039837197,0.019021117,2.19788368,0.134240133,51.73119248,813.1555082,51.5669699,103.2841517,0
4.03055072,0.021514461,2.749102031,0.157666315,59.9421199,810.6832602,42.76923568,,0
3.7280861,0.032920839,2.49991278,0.139699805,,809.0496177,54.41960598,100.5332674,0
3.118699641,0.035117143,2.64246902,0.127947289,64.55536517,806.6679704,58.43989718,106.1193506,1
6.017126061,0.023513306,1.929766039,0.156669435,66.96347342,,55.97406735,,0
5.895663442,,2.497175567,0.149025672,72.34937088,,57.77639666,96.34198961,0
3.90118283,0.023089858,1.975517456,0.164770542,72.85042093,785.6217439,53.34296488,,0
4.000292562,0.033826248,2.337050084,0.144713071,83.5761484,820.9624522,64.47604651,104.9894429,1
4.449433516,0.026422564,2.946883137,0.143524396,71.29217177,802.3471671,55.42176034,98.76014363,0
3.513459761,0.028968818,1.888965868,0.143068204,68.24730807,813.9782483,35.65686633,101.6650637,0
4.14132283,0.037942568,2.663946297,0.150639367,69.4243546,841.2609193,53.314784,97.60224708,1
4.115448423,0.023647224,2.401475655,0.161472446,93.95642165,798.9986267,47.82526147,101.0210277,0
4.310619796,0.020667051,1.552249187,0.141400797,52.67130988,784.1196072,49.39331987,102.6971561,0
4.591792769,0.022719937,1.794483473,0.142269002,68.01796407,775.2130587,65.16082919,99.66378247,0
3.647085477,0.032296944,2.731518569,,78.43251981,793.4508486,38.39678496,104.5908287,0
4.23312354,0.024044555,1.415405191,0.130948453,79.28454007,808.1059531,72,100.8673042,1
3.786158651,0.029734216,2.048482094,0.150318297,82.14746081,783.0667919,45.65031325,101.3719524,0
5.041277876,0.019397814,1.907018654,0.148553485,89.12182745,794.2417574,56.72480783,96.05308657,0
4.595999909,0.01173843,2.824117091,0.148073341,86.61803248,752.1758449,48.22894441,96.78742022,0
3.70607367,0.026021185,1.764631159,0.139082659,70.95628356,826.9132805,63.78567079,104.465254,1
4.397107591,0.015480874,2.656224626,0.134116578,81.60587497,780.6057139,48.75601531,101.2063935,0
5.984445384,0.027806921,2.783384468,0.151699474,71.64540886,801.3492738,57.54568452,100.1084419,0
5.046093854,0.025267235,2.801070347,0.156792051,61.47184807,816.8167197,56.61096748,103.4212571,0
4.106155965,0.017432371,2.005691307,,80.97731301,740,49.30972673,98.49964167,0
4.376329491,0.034073089,2.788077989,0.150987412,90.78885245,768.206841,55.67837715,102.6875961,1
4.750742905,0.027404449,2.382311242,0.152331818,87.25463699,788.7043177,56.04648689,96.90882738,0
4.238448796,0.033077423,1.276573979,0.148829844,74.33545,781.2309979,60.41565232,101.9303274,0
4.675827177,,2.05803602,0.145532509,88.85994587,768.0623453,44.18240817,101.5721781,0
5.198497047,0.027615701,2.809533855,0.146777207,77.27204183,814.2525079,57.14958187,104.3831821,0
4.109933946,0.028626932,2.549740506,0.150485588,62.2872695,833.7100213,60.84093512,104.9384353,1
4.719961895,0.02663455,,0.134347405,66.89266733,807.6783996,47.39678645,98.98433623,0
4.557911347,0.028608427,2.871559882,0.155417667,85.74991896,821.4916181,50.35742586,100.1170876,0
4.898964679,0.017028361,2.583721845,0.15695639,75.46315206,765.6044846,54.75875508,96.94501566,0
4.300604173,0.018464349,3.018875273,0.151018595,81.44112233,801.2544879,44.61719122,101.4138393,0
4.354082187,0.027078386,2.675079352,0.154824984,71.47720862,776.4446111,52.00887776,95.38841111,0
3.896358654,0.025248393,2.433659781,0.143198574,68.91743198,828.3256717,71.58973592,106.1422912,0
3.892781919,0.015411505,2.825593978,0.128145345,76.08008549,815.5017817,43.69837314,98.27368647,0
4.291739001,0.032399573,2.481830964,,89.29018852,753.3724881,41.34922918,99.23175714,1
3.834373295,0.029485111,1.577017796,0.132180636,52.19473307,829.7391243,64.4026121,99.47335095,1
4.563724849,0.028577449,2.736244383,0.163510578,89.42246571,802.0451122,40.06793272,96.2755495,0
4.237455784,0.024061478,1.81421032,0.153541976,74.08029817,815.1069782,57.88066715,100.7636455,0
4.801996146,0.026993014,1.572377081,0.134128797,65.62531884,810.8005985,47.19548065,98.54930451,0
4.926643323,0.029357225,2.276190668,0.157815926,60.78086278,827.4883397,47.68726632,99.39697202,0
4.875850354,0.023849639,2.598519896,0.153550057,78.94245165,820.7287,49.9138064,103.1550139,0
4.430681579,0.018932429,3.106744104,0.138210473,63.96558649,808.2877678,68.70331524,101.4951751,0
4.361250297,0.02563276,2.50030987,0.14806276,68.54109892,815.0529165,44.22393936,99.24849019,0
4.559693116,0.019264916,2.106963468,0.142226467,55.22133546,805.2613627,70.49934482,100.0690053,0
3.509772605,0.033599272,2.997790678,0.156306461,69.53512042,778.1394407,53.11368194,102.6159966,0
,,2.126528676,0.147969861,73.25285858,800.5090305,53.40077223,98.38954514,0
3.980212847,0.024806006,2.053938637,0.141634231,62.75842204,810.1975304,42.28183397,95.09503777,0
4.289270504,0.023718874,2.061679047,0.159482247,75.40476269,792.0462041,49.73712951,100.9865262,0
5.278732661,0.030669943,2.787217148,0.145301287,91.15741204,797.315906,47.58012657,100.2493017,0
4.918050708,0.02486902,2.493616615,0.157446383,76.21782963,776.9869166,54.94870091,101.5443139,0
6.130393934,0.027678823,1.904144986,0.143798624,62.30936647,775.6596634,36.71547063,,0
3.829312135,0.021772829,3.071070581,,62.08619843,822.0019183,48.41825041,101.9995787,0
5.173434898,0.017057455,2.195216229,0.14594189,69.41880291,819.7989295,40.5198295,102.7906276,0
3.622340182,0.010477783,3.65197011,0.153546194,86.84637165,788.0158303,54.96999048,94.9366837,0
4.377808274,0.022845284,2.481404364,0.149969136,83.34057441,818.4954753,,100.8287469,0
4.806382654,0.026161063,2.288048564,0.146439805,68.90368445,802.4302044,39.76808951,99.60819813,0
5.055255664,0.026563604,1.897669893,0.150488665,69.32956366,783.4940697,70.8734879,99.19179315,1
5.03892566,0.027026892,3.140891965,0.142802278,59.39448116,787.043297,59.14197527,99.00638273,0
4.997284836,0.025722451,3.178503446,0.159357811,71.37324959,810.5733753,36.88492085,106.2089706,0
3.728129156,0.023073549,2.726723155,0.136307126,55.00982406,854.3102664,45.58079826,100.4733081,0
4.388796449,0.025496282,2.858844826,0.164088817,73.91089219,816.9391902,53.39023814,98.00043202,0
4.849103492,0.029951266,3.127079016,0.147614659,67.80083069,813.3124784,53.94738427,100.6216051,0
5.122510441,0.018873428,1.855717731,0.144338956,70.41238763,791.8799662,47.23734164,103.0731422,0
3.513157864,0.033041916,2.49694595,0.144702536,56.68109394,850.4018578,54.33867522,101.953541,1
,0.027918997,2.341889602,0.15483408,61.11714138,740,50.14808229,96.57947792,0
4.880826265,0.023900384,3.095267909,0.157304456,76.162088,780.7244454,46.7367527,101.2007558,0
4.532740138,0.041986629,2.572732052,0.14336515,72.1493163,794.4421331,55.71468598,105.7423113,0
4.627372445,0.02632928,2.699423502,0.145637923,95.80504991,777.235088,48.46179779,98.76603429,0
5.177223992,0.022612146,2.995037413,0.147038942,92.29250447,785.4107262,57.68077036,95.79624723,0
4.711101831,0.02115729,2.556483431,0.156965147,69.31760556,847.2535219,58.26382057,101.5645298,0
3.975018758,0.022982734,1.782145909,0.154549248,67.56439898,780.4177895,36.5371493,97.89770609,0
4.02082128,0.038428482,3.828399745,0.153168113,73.60186794,790.3799799,55.30003898,101.5997204,1
5.316717279,0.029602558,1.850796308,0.133935687,75.20854156,780.2641236,56.31859639,,0
4.345766148,0.022272284,1.709204383,0.153243019,92.43325666,802.9503734,62.74139393,97.53381892,0
4.296975242,0.020958035,2.355892531,0.145864485,75.47211312,806.9659003,43.08020839,101.5762618,0
4.405114129,0.028110871,2.672357449,0.141840229,77.28904193,792.0849609,54.74080932,96.42553479,0
4.53001622,0.020305041,2.555665622,0.159579685,75.76283541,773.2772163,49.30879642,99.06151403,0
3.46609718,0.02707502,2.249463837,0.144271819,74.22104854,793.5425566,51.7215319,101.9924367,0
3.803537122,0.021573362,1.307884413,0.140624647,76.09875078,751.1898572,57.39861335,99.13477284,0
4.325280318,0.011583711,3.580708676,0.150797847,71.72811115,800.5261141,50.01588657,103.35407,0
4.147459662,0.022886443,2.346398972,0.161572472,63.27032437,805.9066818,61.8578477,100.4707374,0
5.256391916,0.023997467,2.171708325,0.137212595,55.63481322,790.9028738,61.78637516,108.0100931,0
,0.008525175,2.334087671,0.144716876,89.61407756,799.9458342,47.82804453,103.4737464,0
5.357041063,0.027886768,1.888374066,0.167502986,71.93967549,787.4638509,53.61771331,98.45898503,0
5.041954927,0.029300876,2.684661319,0.150990191,73.0778046,790.8888295,51.20765026,101.5599327,0
4.592303488,0.041342707,2.751164679,0.144611424,67.06146952,803.4944236,43.05015549,100.863824,0
4.189687949,0.030941051,1.687525625,0.148009131,76.16954436,762.8485277,46.05047968,103.4193283,0
4.120388704,0.015073133,1.069935813,0.160871827,78.11630242,792.3718816,39.81314499,100.9416689,0
5.126841151,0.027532126,2.448927641,0.132403593,79.71619377,860,41.8565313,105.1770162,1
4.34125429,0.022268733,2.999220068,0.151643163,61.12727924,793.9089863,53.66468339,108.1880508,0
4.907511731,0.033291409,2.841795455,,67.45204826,,48.32920384,99.79793674,0
3.65822873,0.020521892,2.480420708,,65.19564767,800.3259475,41.26142422,,0
4.511041716,0.029386678,1.70773703,0.132783321,65.61487625,800.8079211,50.53846829,95.11693403,0
3.930300311,0.018618001,2.413151074,,67.74586937,845.3694795,57.16313293,100.6163302,0
3.93411647,0.016525042,1.723245515,0.153736074,64.59993928,786.9453428,66.94153944,99.37530474,1
5.448769743,0.036067015,2.624874268,0.148701497,68.71024189,787.2172697,50.885783,103.8782753,0
3.556049797,0.029769606,3.127319425,0.149207368,87.37721965,784.4758451,53.10051727,104.2395202,0
5.806974631,0.019974125,2.460416312,0.140706581,61.73251752,801.5980627,40.00720909,,0
4.560620279,0.024097157,2.592930405,0.148104954,72.3042293,837.6112716,53.22694011,101.6444054,0
4.190228303,0.017855309,3.554540573,0.145584088,85.99359518,790.3615938,40.32134884,103.5877519,0
4.839173749,0.024329117,1.460263997,0.155133531,68.58333694,783.5210362,41.50264847,96.99505857,0
4.227616957,0.020578457,2.470389801,0.164607573,76.93462707,757.6498149,44.70008539,,0
4.606605162,0.027347665,2.637940185,0.143791437,68.10196302,796.5200969,46.1477737,101.8724593,0
5.311494762,0.021000628,2.644941529,0.13296052,65.88709156,781.4937023,57.74638899,99.62609715,0
4.976488,0.032038291,2.373716885,0.15239786,78.25274649,803.7267032,51.93093122,104.9148154,0
4.110136763,0.028651788,2.527252168,0.173329909,81.47892827,772.4339401,45.38269459,,0
4.788401386,0.024013394,2.410076661,0.160088364,60.82065282,825.7320793,41.40871643,99.34296024,0
4.326337684,0.027638919,3.654494155,,71.27219847,781.5012608,45.71806065,102.9688343,0
3.718536085,0.027781936,3.029756802,,73.22012737,780.4245139,53.04353279,93.53393596,0
4.850099456,0.031789304,2.378908265,0.149042581,87.25917676,788.9911735,49.88675489,97.79016199,0
3.77089204,0.019824716,2.744706814,0.148335668,78.45056095,827.8216909,54.91871514,98.5270657,0
4.167685338,0.024188806,2.131661923,0.142161178,63.36300035,800.0444339,46.69626884,98.70040246,0
5.013377652,0.024786128,2.399731541,0.148688983,72.77841103,820.0581437,47.81208701,100.5073677,0
4.015310508,0.025530973,1.839074025,0.136612004,79.18931125,766.3056465,42.70182882,,0
4.757023223,0.023231462,2.271806573,0.143789232,94.47832387,771.6888218,56.51846063,96.65723037,0
5.209499817,0.036027094,3.022438179,0.15969813,74.58768638,762.0313633,43.09834172,107.8096629,0
4.689094728,0.029689139,1.462813883,0.136028359,64.66253987,812.5585302,38.48036466,98.22957694,0
5.242086968,0.022986034,2.584884668,0.144327752,78.44343033,765.9886513,48.29656836,98.10413605,0
5.196757541,0.024211851,2.416167401,0.149627787,74.93317951,806.0800998,65.29467232,99.46690165,0
4.51710415,0.015098659,2.80113896,0.164975612,83.79672659,741.4297859,34.62019851,97.36229372,0
4.426362849,0.021071558,2.813802008,0.133956448,84.72162572,798.9754178,46.79678149,97.86045393,0
4.116267913,0.024495287,2.463149731,0.15660942,61.59514767,796.9428943,39.46909715,105.1886915,0
3.141776536,0.027256583,1.922904161,0.136675008,82.99898838,822.0136165,47.51764126,98.58644121,0
4.683305823,0.017246106,2.835270714,0.136002253,69.51763538,759.8091093,43.8100915,95.48861748,0
5.238181989,0.025163854,2.772810987,0.143894131,76.30853506,775.4071656,48.22401728,102.9333411,0
4.863519738,,2.266568039,0.142991545,69.45873055,809.9358639,51.32297866,98.14085799,0
5.160668426,0.017446562,2.51387984,0.13230604,58.10760385,837.9690868,46.63704328,95.23408794,0
5.114399877,0.020555719,,0.132478331,75.63305844,797.1287155,56.77136896,103.1674965,0
5.30751542,0.016548777,1.870509693,0.14643665,79.87253191,769.0144012,50.38048559,96.42561586,0
4.552933329,0.026481386,2.282987355,0.141190331,79.25858867,794.4613585,53.80755678,96.16736751,0
4.857137292,0.019640931,3.565190052,0.159668972,60.07155851,814.8307467,57.59619222,101.495155,0
3.58158138,0.024198999,3.098286176,0.149046644,73.13752537,841.7841378,71.79365489,101.4544135,1
4.278426487,0.035372287,2.298458669,0.129146593,64.9411576,831.8657098,46.4283802,100.0746428,0
4.968778594,0.02604054,3.214035192,0.14906948,64.37005864,842.7818505,46.67808434,100.7718069,0
4.196471993,0.016298318,2.17131727,0.144486731,78.92402449,766.9500883,49.15172727,96.81913452,0
,0.023842765,2.513141537,0.140732712,74.7808563,754.5166391,55.39479712,96.65761851,0
4.606164925,0.027305336,1.621716177,0.149700542,62.49178564,779.2475894,45.07982153,96.24577442,0
5.095417141,0.020483905,2.34647544,0.147773756,74.41495618,792.5825832,64.47528519,102.249641,0
,0.021728838,1.950984786,0.148267571,62.88280177,812.5543017,62.08138257,101.5580898,0
5.006872789,0.033076146,2.73461828,0.13031085,85.90005547,,52.83056879,101.0318808,0
4.478196467,0.024528631,2.239712529,0.143062105,69.27358865,765.1396482,43.62602914,99.95647024,0
4.501466605,0.021083157,2.941436108,0.168804794,84.07084917,798.6950603,56.41060806,95.18304148,0
4.461434319,0.026630006,3.02053173,0.143369904,67.79974045,791.8869032,55.04566759,102.0701673,0
4.054224421,0.028612431,2.350203925,0.129645995,62.32556213,790.8122805,51.39818199,98.95700154,0
4.256917838,0.026472108,2.719625499,0.167996171,69.49664699,812.6475362,43.96906881,97.88020947,0
5.193856385,0.034976254,2.10185653,0.154004522,66.65595999,783.3406938,50.95903097,100.3991742,0
5.261679429,0.023120717,2.47835367,0.153439845,77.9921739,803.898975,51.53816098,97.76520089,0
4.783856693,0.031053879,2.66567649,0.14782681,74.86086725,844.603086,48.98985448,96.99982282,1
4.814894726,0.019321791,2.519999566,0.152279428,83.92004588,773.9774364,67.22095442,97.22026377,0
5.844481385,0.01765107,2.152455113,0.129813688,83.38783379,782.2035111,40.11774379,104.5017397,0
4.677165529,0.023444632,2.83015073,0.128812616,90.13513255,774.3026594,45.61407839,99.32229691,0
4.094864566,0.0219757,3.021970373,0.158747712,74.79278953,787.3450242,54.13855162,101.4794977,0
3.552585211,0.011000199,3.3304942,0.164736948,76.24419959,784.7535866,50.21806106,94.04256001,0
4.078075451,0.030725581,2.781009978,0.136298461,,829.1236647,47.46342491,107.9665391,0
5.847030985,0.023081248,2.051317,0.162212745,72.9751847,808.5273047,55.4448487,104.448502,0
4.604271488,0.023311957,2.179483172,0.145492395,72.8601149,818.2766382,46.87867271,95.27776849,0
4.614328993,0.021619676,1.845213705,0.176505892,80.7880872,804.2981759,47.53326604,103.4177026,0
4.065160051,0.027706686,3.018925671,0.139856984,68.58226075,819.0564822,64.94191557,99.60819111,0
5.210376763,0.022287705,2.613308852,0.148644692,60.80612294,802.9451438,51.85406484,103.311537,0
4.54885406,0.014221591,2.197449335,0.152138201,74.07369656,790.8665334,,,0
5.297540275,0.025035567,1.806144703,0.146734074,76.66113563,823.7025335,32.07160434,101.8653853,0
3.776564201,0.01695049,2.700945835,0.159779277,91.40338643,803.9031182,72,100.0238218,0
4.583924339,0.0229125,2.323752906,,65.72408579,773.7955166,50.01860966,91.68963215,0
5.499918153,0.024615867,2.65535208,0.156953984,54.19558073,823.4078142,48.34791239,93.81188784,0
4.793176803,0.026087602,3.326541279,0.157490448,70.10383981,776.6718701,39.33012612,99.79720676,0
,0.022340083,2.41961209,0.163538656,65.55029223,780.7894196,53.51777489,101.3891581,0
3.658211009,0.024530098,2.302218553,0.152331889,73.64546628,825.5069908,,101.3470343,0
4.738320518,0.024027998,2.682140934,0.134214521,81.16204388,755.9915906,46.34119886,103.8025077,0
3.977846665,0.021320417,2.82609706,0.147440655,80.9780967,772.7318265,40.71596331,97.73418597,0
5.974506314,0.020150383,2.347546521,0.142163651,,780.6358142,60.26049694,95.97417721,0
4.048832765,0.023617851,3.172559548,0.148061487,79.60393477,796.5561625,60.42149419,92.87155218,0
5.00692691,0.018500392,2.302049769,0.155427134,85.42654488,780.9165907,46.26906894,100.3905962,0
3.831236084,0.014976245,2.30421708,0.146888738,77.73344716,815.7360177,55.49038394,102.90476,0
,0.028647715,2.57522931,0.148344027,63.44812815,805.4869756,36.54538092,104.5419686,0
4.879159208,0.026839776,3.344495201,0.149984981,58.78689626,851.6965696,41.6345309,97.14619593,0
5.262691002,0.016831259,3.247171424,0.131077297,66.38402948,811.4598272,58.86944874,100.6842224,0
4.489485324,0.024875261,2.974335731,0.140782504,,786.8744455,50.77439249,93.85632115,0
4.289987359,0.022038603,2.157430493,0.165830208,70.22250576,803.1466727,46.02433515,94.53546299,0
3.852538849,0.034514454,2.718634995,0.147026198,70.20912088,784.9759565,38.99981248,107.7364454,0
4.552857577,0.033754325,3.276534705,0.153090592,66.14318511,824.1543605,58.70718453,103.7824227,0
5.519574809,0.034901313,2.299317097,0.1550687,57.93799713,790.8153536,,102.4772426,0
3.712527891,0.02369737,2.11176616,0.154107489,66.42343206,806.5396641,46.82418868,102.5805814,0
4.901102582,0.030249566,2.250782301,0.149552661,74.63027547,804.5930177,48.87518632,97.87700506,0
4.542967174,,2.550496103,0.153249992,72.05447183,772.8214377,41.60488982,102.8683471,0
3.872546354,0.029475806,2.711129969,0.141075702,77.82611628,762.485821,,96.9560043,0
4.554967852,0.037427331,2.661585497,0.160485546,81.22185226,767.7931836,,102.0809789,1
4.804450598,0.02670398,2.323132627,0.141855688,74.64491271,784.2026084,54.10586577,101.5898523,0
5.001649706,0.024281654,2.795084336,0.1471949,56.24474512,830.5045903,47.44730717,98.94927048,0
4.001501859,0.023091996,3.080920513,0.135572487,69.6849146,785.7272466,48.7036625,103.2547796,0
5.895274964,0.016171089,2.16070014,0.138980693,74.74523653,792.481299,54.7850823,100.0153922,0
3.492366662,0.026490701,1.708617397,0.143287709,55.83955704,808.7013686,42.7267531,102.4138574,0
4.922439569,0.030076313,2.096318744,0.163255869,86.79078443,790.7631451,40.9261697,99.53791148,0
4.554280733,0.025389713,2.907673223,0.136954512,79.03028033,770.3310962,47.2242591,105.4304634,1
4.920151926,0.027554539,2.856239272,0.137517398,78.8054232,783.3615616,48.18536198,,0
4.793657192,0.026587975,1.988513745,0.148164436,66.88650206,782.6092641,57.0897829,96.97194093,0
4.914462732,0.019730694,3.027067531,0.14777004,,813.3881621,43.21103107,100.9091397,0
5.278877957,0.018175463,1.824387839,0.130861281,73.48700835,803.3595005,49.60065851,95.90921671,0
5.170509999,0.025945296,2.259471175,0.150901077,73.51535939,816.1436363,42.20322691,101.0168748,0
4.918320022,0.011135487,2.37362818,0.151754902,69.30945779,796.5880628,51.50628601,100.2603911,0
5.612220741,0.021861248,2.47987261,0.149808327,69.55067689,820.4809292,45.31124431,99.23097259,0
5.332080512,0.029246588,3.171823628,0.12532998,83.40846709,794.1632405,62.5578908,95.7912222,0
4.45397039,0.018146148,1.536716795,0.160757941,60.98368086,823.6199371,53.5797736,99.09330685,0
4.268086079,0.020815247,1.614675901,0.124366858,93.68231243,782.2562623,54.71952937,101.6013897,0
5.462488115,0.023425424,2.014967515,0.159355636,73.13235245,812.2494826,48.79675828,101.5944771,0
4.680694103,0.028235927,2.463579323,0.155330699,82.84896924,814.5671457,47.65823361,100.0967602,0
3.760424173,0.022127643,2.505263535,0.142829286,,819.1408039,44.16826387,100.2302799,0
4.610589744,0.028451246,3.471548635,0.157770819,78.96173148,803.1502934,54.42575058,101.9305836,0
4.149620587,0.037453752,2.965795152,0.16070173,63.15432485,806.817016,39.8944478,96.70062786,0
5.008064123,0.029799933,3.735912212,0.135583638,69.4236051,808.4758195,51.5905295,96.46753097,0
4.243045682,0.025736051,3.147930061,0.168846479,70.04922077,794.0911035,53.53003727,102.7874387,0
3.987603254,0.021877588,1.627684786,0.129461614,60.36451003,815.4525815,40.27583137,99.51407411,0
3.721360944,0.026337086,1.380002435,0.137934715,59.18486236,803.8449945,37.87747382,97.87782179,0
4.400834661,0.032653433,2.416087913,0.148100447,76.58411733,818.2981336,44.63648252,101.7068438,0
3.789678799,0.02858568,2.037343064,0.15968097,82.07492805,778.0256698,33.6490615,101.7170012,0
4.230106807,0.026682566,2.446293518,0.144401203,,777.5215819,43.46579987,103.7002893,0
4.284795437,0.017684396,2.959896169,0.147789598,81.6816878,801.3094903,54.79813473,99.32538614,0
3.345284021,0.022968442,2.442091647,,66.52742181,797.9193447,41.67081108,102.5446272,0
4.791716843,0.016785709,2.866611483,0.131879346,72.1155263,801.9742349,42.04351182,103.6938225,0
4.215019908,0.025773688,2.665999793,0.138050986,60.78513801,811.1595254,34.02994371,98.05319453,0
4.452577119,,2.989513256,0.140258826,60.71986164,823.8332561,60.17939771,96.60154123,0
3.775052025,0.033625471,2.625874375,0.174420698,75.30149664,753.6524025,48.88025677,99.02035612,0
4.492780141,0.026412868,2.875359611,0.148351685,78.05376306,837.02844,65.56161871,100.0631084,1
4.890487711,0.027685255,2.64568523,0.150169413,76.74266978,793.8799216,,94.53696066,0
5.157071593,0.026010844,1.923746705,0.135642037,70.90191294,808.8068539,61.70492818,95.20869561,0
4.117388539,0.026514851,2.722928008,0.14974259,65.26130014,804.326501,47.46663701,100.3256839,0
,0.026534079,2.088507308,0.147469722,60.60056669,802.4359778,56.34528215,93.07995955,0
5.063416229,0.012214342,2.024527105,0.150257386,73.3758981,771.0741004,66.28808254,101.113378,0
4.351936086,0.02606438,2.390874129,0.144971423,63.98241574,803.2018291,52.52422302,101.0539825,0
4.699479201,0.030404595,2.163795999,0.151029698,71.57265526,812.3237749,34.09529872,103.1878522,0
5.163814217,0.017568243,2.785760697,0.149615111,67.89066051,802.4551376,49.16347538,99.30633653,0
4.678253426,0.028786507,2.340246627,0.147661845,69.6251423,846.6309042,41.21858796,98.00102735,0
4.590695837,0.017863175,2.019834147,0.147197839,78.02522956,840.6071733,58.46947741,102.1931361,0
3.819640218,0.016155807,2.395282982,0.162967743,63.49120444,821.822959,49.68278312,96.38207663,1
4.224633064,0.015638537,2.807136551,,64.0985983,809.0902628,54.90135334,101.6234868,0
3.822349195,0.03440076,2.770955194,0.14341821,78.2529103,811.9648414,43.28336769,97.27405542,0
4.080932092,0.028299011,2.466610449,0.159436268,85.45469787,790.9426235,56.4852928,100.3128321,0
3.877388731,0.0235582,2.185588239,0.131608221,85.59460905,782.6729352,57.09784272,103.3875596,0
,0.015276824,2.195079332,0.150285779,95.77246886,775.5943891,51.30991881,104.1287812,0
,0.018873987,2.87474945,0.153228316,74.41426095,822.3788183,35.87312503,100.0007484,0
4.700082467,0.02054587,1.823866993,0.141272836,69.21649511,798.2523023,61.89085003,102.6020629,0
5.247621611,0.023953428,2.193061574,0.133362883,67.02905229,805.4430504,52.82996194,100.7386777,0
5.245681435,0.026908689,2.630331253,0.158215662,78.86539797,780.9576379,52.09496231,103.1748562,0
4.43463905,0.035500791,2.832497734,0.160606741,67.72393731,762.4588301,56.68949805,,1
4.458103621,0.03780405,3.923603565,0.136483491,77.79129266,760.7513293,46.29643306,97.10976808,0
3.261620524,0.029069286,2.227388286,0.15345085,69.02192217,796.5527768,55.35211578,99.72121684,0
4.689926432,0.027904049,1.742866596,0.149884713,67.03095185,860,59.95625745,99.76071218,1
5.697061736,0.014724946,2.289002468,0.148810476,82.51042372,763.4842694,60.79379638,95.24980133,0
4.789851664,0.028904863,2.974937947,0.157315013,74.66659622,805.8244246,35.46380722,101.0755851,0
5.315499449,0.024845201,1.917799552,0.145366874,74.78107662,786.9487464,70.38403003,97.17156719,0
5.380665233,0.025942731,1.963679013,0.15286672,68.16046031,830.864838,60.21402472,101.5484333,0
4.540064465,0.027501662,2.363886555,0.147774913,78.11664322,815.1126124,42.25916363,94.62645055,0
5.248322441,0.016632169,1.800305932,0.15660221,78.07872547,819.3400253,46.7441642,99.59734628,0
4.645516569,0.019629577,2.734292218,0.144465867,62.13633109,805.0599088,34.72534818,100.3252182,0
4.611672337,0.016281515,1.999608092,0.145888636,77.41184211,806.8287595,47.83882372,,0
3.846272875,0.020137942,2.346707964,0.135753294,73.30335943,806.4178564,45.90671679,107.1755512,0
4.74777497,0.0231693,3.746769822,0.146834151,69.45373293,758.8269165,46.67230223,95.89751941,0
4.664838587,0.020628522,3.169354488,0.14686899,74.25202424,815.4108078,,103.1061538,0
4.676945529,0.03009638,2.659638304,0.137141281,55.22388445,792.4988024,67.43860512,97.3910229,1
4.842999134,0.017577073,2.726491531,0.140103335,85.70579971,810.5366654,41.9455238,101.6231061,0
5.362512973,0.015397272,1.678619366,0.150252166,63.75002268,825.9432805,58.66160445,94.91215214,0
4.112460865,0.044245946,2.22112189,0.163722187,60.68777922,814.0113475,50.74852417,98.05398324,1
5.001595074,0.034882541,2.134672483,0.168358595,67.44561325,827.8421268,48.7324876,92.99890608,0
4.950241415,0.034161744,2.285248384,0.147674673,52.60420962,825.3234994,59.67949777,104.3378201,1
3.791379336,0.026025988,2.293925014,0.150977982,69.2482985,811.8402663,60.86073397,99.63185846,1
4.001518596,0.024291262,2.513643782,0.142904555,82.677286,813.6416027,46.63131171,101.3901362,0
4.887914409,0.037445088,1.532995655,0.12689743,66.73704402,821.0790265,52.02899057,101.033765,0
5.332820968,0.023054267,1.851327302,0.152530956,82.0624342,794.1837275,56.17408962,101.0734771,0
4.800222846,0.019693114,2.193793303,0.15365094,79.4213722,823.0320302,58.70306372,97.75165205,0
4.762909442,0.024992514,2.151729991,0.181054981,78.895327,791.1273747,42.13582449,103.5472392,0
4.834884118,0.011812889,2.543589958,0.136780026,84.27519141,801.5461305,35.84856733,97.43823624,0
4.068690071,0.019810852,2.820315462,0.153546609,85.14010319,755.0840839,57.12625229,96.37674532,0
5.57036179,0.024612859,1.721493522,0.160621138,83.31459262,789.0979495,50.83467996,101.1017949,0
3.708458531,0.016864934,2.262548025,0.167985579,74.00403974,827.933336,67.4567858,97.89505971,0
5.17661086,0.028190885,2.912745603,0.150352227,,830.4447459,58.38286511,103.9306604,1
4.614362994,0.017463506,2.224131918,0.147040888,84.8687421,773.5317731,72,101.099317,0
5.094330234,0.017733125,2.306531675,0.14896716,78.47718776,814.820248,56.32150995,99.00170971,0
5.315051986,0.023957203,3.142529226,0.149990307,68.12382321,778.2918132,49.14654698,93.62279185,0
3.604704879,0.015944178,2.660060274,0.150726543,74.44965396,783.1985516,35.10068579,104.793154,0
3.957230452,0.023635331,2.074872503,0.134322044,64.14193126,850.8557936,52.40000023,105.5576161,0
4.843784979,0.026408444,2.602150463,0.134695298,70.87151032,,53.474266,101.385931,1
4.119142741,0.02344577,3.262045806,0.139286124,77.80970679,768.7169717,57.52856779,95.75713679,0
4.010310066,0.026512888,2.162761991,0.138404966,87.33959677,776.1900184,59.1201359,101.0496934,0
4.658388831,0.021410123,2.930327762,0.137201652,82.2243017,777.6596702,53.18224879,96.96003098,0
5.802770907,0.01591799,2.0759865,0.145973016,84.18947463,,38.26893798,97.84143706,0
,0.014242165,2.152544507,0.156028115,65.29611415,792.8864856,49.65135798,99.95745902,0
4.001156664,0.026359986,2.74907306,0.144259214,70.71881712,772.3347329,28,95.8256245,0
5.418091206,0.017062017,2.671269788,0.133537239,73.9624517,842.9372725,54.31871458,106.5290062,0
4.208401938,0.018381386,3.066185603,0.142189308,65.18406977,816.4078991,47.63233688,92.73413602,0
4.732525204,0.035168074,1.658230523,0.142427451,73.01882405,816.2115156,52.11216499,97.63016522,0
4.381040269,0.030920152,2.061521007,,76.13452587,793.3085776,44.94550671,102.4578479,0
3.816157427,0.036350326,2.245110106,0.15055418,76.52230728,774.8130864,45.46612435,95.81651703,0
4.640971149,0.031489853,3.131629875,0.1463627,69.85785358,797.1389756,50.22948429,99.69986323,0
5.118125736,0.028396104,3.136158008,0.15901435,66.07595726,823.5744213,64.5055766,100.473841,0
5.357732431,0.021584442,2.227243063,0.160196719,74.86124335,797.5207105,56.30977995,101.1691448,0
2.999890485,0.025978783,1.853859474,0.145629981,62.33465539,756.1512418,46.49803709,,0
4.09164575,0.017092354,2.643354987,0.15211848,71.39218101,760.6890365,44.45583774,102.471802,0
4.334346576,0.022550647,2.17204759,0.168233937,61.10286151,846.9775646,47.63848809,98.76735715,0
,0.023677715,2.540578716,0.130727398,64.05203403,824.3693291,46.55513556,98.77971645,0
5.725646733,0.022987078,2.314702915,0.151967731,74.91017792,816.557869,42.08049232,101.1839357,0
3.476824627,0.025523386,2.301272518,0.137742979,61.77999359,833.6401135,56.27114058,101.211022,0
5.350262987,0.023175689,2.708551836,0.168214495,65.8663193,850.2383992,59.74435482,99.89668906,0
,0.017699016,3.349443087,0.165271027,81.29996674,770.2757846,51.69716368,101.6957044,0
3.872202548,0.027002321,1.943759161,0.138112433,62.39084171,825.241179,54.39322156,102.1166832,0
4.505836306,0.034263061,3.0862674,0.141372095,70.10745935,789.3523328,55.89944333,93.66342025,0
4.792450143,0.021745917,2.846250937,0.151165641,64.5324877,821.1509643,56.15267925,101.9042929,0
4.27483184,0.031848394,2.666373086,0.162010229,62.44091172,812.7368904,35.31981496,100.7897314,0
4.76037955,0.024227252,1.071912205,0.13133767,68.71803567,779.8638483,45.8827911,102.5777062,0
4.366244297,0.024296974,2.465366679,0.133795935,77.33159856,808.8556893,,97.15323427,0
4.368471544,0.025656635,3.975079983,0.14561766,79.2116701,740,58.37615235,100.9817762,0
4.444359235,0.028691726,2.617165808,0.149332407,71.12560664,816.647273,54.96210292,96.822205,0
4.576663902,0.036736401,2.22624566,0.14832071,78.15294088,809.8378648,45.79438144,97.23176955,0
5.191984062,,2.196432112,0.161548682,58.38934086,828.6010367,62.57376731,95.99455351,0
5.720437762,0.024443863,1.813648713,0.157421591,78.92839788,832.58345,50.2620304,101.9706664,0
5.074613578,0.031138893,2.492131376,0.1492964,77.10810362,790.5597781,48.14844146,99.42182783,0
3.607374672,0.023878462,2.513163841,0.139123528,65.89668629,812.6262478,52.4890665,98.05090864,0
5.028988831,0.031461469,2.46090562,0.135023959,86.25894152,740,44.18644111,94.85340514,1
4.416329574,0.021695437,2.633254804,0.16394552,60.04673029,810.975205,47.58283917,102.7857698,0
4.687238445,0.020457044,2.678690552,0.144490596,74.77099517,799.3783569,33.05989933,102.2537492,0
5.861924433,0.036088711,1.781433747,0.140063864,57.05172392,828.3497037,56.359702,104.5421485,1
4.084453042,0.021074637,2.571071162,0.14493193,81.69402841,781.2938613,57.88762533,100.5329257,0
4.952109799,0.027828623,2.41000025,0.132919393,94.11727987,740,40.73984909,99.30710137,0
5.91936131,0.017894846,2.061132466,0.134667434,83.03863226,758.6288621,49.98053092,99.43117557,0
5.094486794,0.014689169,1.637541165,0.146036022,75.15861932,773.0971931,56.31695695,98.95158825,0
4.258640281,0.023756871,2.822642667,0.151105022,73.99177968,773.0962174,28,103.227721,0
4.102705805,0.016304004,2.397553772,0.149049284,92.98691636,807.7224869,48.77621061,100.8920204,0
4.036670566,0.010766337,1.972248908,0.149530327,57.35920289,767.2810449,36.10078555,95.60201955,0
4.715036196,0.018403871,2.567626408,0.139932103,68.41973587,820.6242388,41.35954207,94.57533444,0
4.450560129,0.008387396,2.027542659,0.16176811,79.98492475,778.7182916,56.28941581,101.7230722,0
3.684315593,0.023666098,3.104036791,0.130652949,68.05192013,,42.51257692,105.8998974,0
3.388457393,0.013643616,3.271434611,,81.6769109,770.4027268,55.45509139,104.4502277,0
3.521725322,0.020135107,1.7522642,0.149695921,65.88599427,823.3097335,59.82539826,97.30138151,0
3.506713651,0.031400677,2.576188992,0.134536343,67.9277081,804.3513975,,96.96571716,0
3.934769584,,3.065549683,0.142131967,87.50408654,812.7575448,49.85745492,94.94268127,1
4.472811774,0.034191671,1.977400827,0.156513301,71.43671829,808.0189908,58.24576229,96.23855427,0
4.592912939,0.015923159,1.536442232,0.144597296,51.76805799,829.9541262,48.21744632,98.8674761,0
3.43234693,0.012551671,2.706443912,0.158641633,63.37939572,839.7299883,35.08360413,92.77866425,0
3.719445109,0.015497457,2.226263176,0.165745711,71.29297987,828.9930783,,94.43029268,0
4.468850909,0.034759878,2.250253092,0.148234464,65.38026379,839.2265418,46.1742878,97.69708265,1
3.917252627,0.01551994,2.441484066,,94.19237305,774.5958007,53.50838267,104.0106848,0
3.983535773,0.019725522,2.215730179,0.146762787,60.29653101,835.556197,60.13313522,97.5992226,0
3.604839656,0.016792843,1.673767035,0.149984331,81.68130719,827.8957331,61.21734355,100.4937649,1
5.060273177,0.017158663,2.00704576,0.138161269,79.73480548,769.8884505,52.98503873,104.5103419,0
4.745860393,0.029014185,2.61060567,0.164791811,72.72552563,822.7905608,,100.8752016,0
4.253904645,0.026205784,2.931570438,0.161261556,75.75072388,763.9176734,50.20277941,,0
4.315911739,0.019735557,2.816544662,0.14454109,77.00053509,799.4771205,44.24058865,102.2911358,0
3.787411964,0.023768357,2.293231444,0.140108066,80.54906372,767.8574696,40.41024746,98.47613012,0
4.767181986,0.042289437,2.529960225,0.143621212,57.82245321,860,49.85300549,103.4115308,1
,0.03628954,2.615831219,0.127057954,60.03859971,838.3063529,50.20351492,103.5050818,1
5.244271314,0.01478666,2.520171995,0.152384688,76.13933658,812.8005768,46.69731226,102.9957266,0
4.350490644,0.024757229,2.235133943,0.132695954,72.51293394,797.5421043,58.89675994,97.70869384,0
4.155232014,0.021276571,2.634304133,,55.51551021,815.3760985,48.83970615,97.84604245,0
3.833335891,0.022414591,3.428841714,0.147411399,64.58191762,786.7823958,32.13613378,98.98064615,0
4.848617152,0.00683503,2.405662725,0.147777751,63.59238645,814.4924486,39.71272223,101.3446365,0
4.497512631,0.022882002,1.806850796,0.134693484,87.27012657,778.9142172,34.05167682,102.5612852,0
4.308021327,0.022166047,2.575867212,0.147810281,74.45732862,799.3587429,52.17867297,101.4878063,0
4.866954003,0.01850339,3.235532748,0.156101745,56.36385247,833.8133281,44.51896683,104.100985,0
4.596183367,0.023142137,2.311955445,0.167545419,68.96159964,790.7643922,46.64012352,99.88000843,0
4.228100558,0.017698827,1.456766918,0.128977629,62.62578054,831.9844236,47.69396604,101.0388161,0
4.936741073,0.014700402,2.562581931,0.15416583,82.66470682,832.3283423,57.17430082,,0
4.226601905,0.024417001,2.422316358,0.162476611,76.56558478,793.7919058,42.85420036,104.7197638,0
5.13541906,0.021664084,1.657542654,0.142271266,75.36314269,797.8877052,62.90016928,97.89411832,0
4.451403876,0.009669841,2.281935149,0.136670305,68.69974788,797.0336765,46.23674572,100.2847436,0
3.734011546,0.024212637,2.290130751,0.143444617,55.01282194,837.1961255,49.9547802,99.58900518,0
,0.025190224,2.505051925,0.1482155,62.12109063,828.3980404,60.22300003,98.89891255,0
4.311859903,0.02099265,2.89655002,0.156825757,57.92974585,812.2437531,,,0
3.736883199,0.023821264,1.541860664,0.141427934,62.32005997,818.9755943,62.32167633,100.3141832,0
5.301475379,0.034781405,3.062600178,0.153490303,78.91472726,758.8269965,38.4191622,102.2078329,0
4.298095728,0.02329768,2.554017638,0.157343204,72.18864391,769.5438173,54.90128987,101.2042192,0
4.154745988,0.020930083,2.94228859,0.152936744,71.59153508,791.4070688,39.65559065,107.4255322,0
4.710259692,,2.587236572,0.143472624,74.78912009,807.7566882,72,99.40537614,0
3.588208839,0.025961639,2.030541088,0.143169977,75.35233011,743.5821891,46.51209652,97.85086019,0
4.612393405,0.015376793,2.527889205,0.178509237,86.76640627,828.669747,47.86530836,101.3558045,0
4.261011126,0.026828024,2.55398571,0.141075227,73.69760188,753.8484602,72,98.24812218,1
5.105295113,0.034968157,3.101790464,0.14309487,62.13453479,810.3290462,35.2336008,99.63513013,0
4.228141801,0.018222706,2.649837605,0.144457308,57.39848665,848.7650667,50.51261951,97.41986923,0
3.986071817,0.016120561,1.904772842,0.136152233,,825.5164256,52.40779022,98.4506773,0
4.38989795,0.03293335,2.210345373,0.149328487,73.4216246,810.8502653,48.12445785,104.1924142,0
4.123001197,0.019896672,2.459478456,0.146251974,78.61564148,764.5159542,54.92694479,93.45383142,1
4.672334096,0.019400301,2.381940192,0.166376794,67.38699323,795.0737898,42.50591361,100.9115309,0
4.310877922,0.020139739,3.002526073,0.127639962,73.39871276,796.6827656,63.82278105,102.9546137,0
3.651012274,0.012321793,2.703024445,0.13406047,82.61865654,740,44.49106607,103.8474912,0
4.191582,0.023501559,2.098240427,0.140915314,69.24982384,808.6525884,53.70176554,99.20494119,0
4.107497448,0.023839795,2.230407575,0.135660339,93.62526031,758.16344,43.64383699,101.3706159,0
,0.018516594,2.688761027,0.149557027,73.9736046,809.8235289,42.10726946,100.6587102,0
3.348982321,0.02994176,2.727728562,0.133624566,73.14088694,810.0618544,51.40821742,97.48377446,0
4.997945091,0.018206416,2.966682859,0.14768333,77.65008005,819.7646953,51.13252404,100.1125171,0
4.624684625,0.026256745,3.088429133,0.156685251,71.62749865,782.0944829,55.71656906,98.44168533,0
3.54392439,0.019369329,1.733526908,0.136155144,80.29474775,788.8633666,44.13920849,101.2137281,0
3.591745533,0.019732409,2.262264412,,66.34671318,775.7576854,62.97520625,101.8591333,0
4.066560625,0.017939022,1.14154087,0.152557647,66.2777675,793.1206294,45.67670077,101.5591297,0
4.451609366,0.030502163,1.102085858,0.163593177,72.64488247,799.3050969,41.97984171,99.70279454,0
4.637022683,0.023605033,2.442471667,0.133409476,63.03531141,795.6414575,45.18224563,101.4989799,0
4.000468718,0.016229653,2.169888414,0.15815444,70.47193112,859.7566545,50.47960919,102.8721447,0
3.673937287,0.019205637,2.317007794,0.135173762,83.16749537,779.0847013,40.29165731,94.84268245,0
4.477118798,0.027788118,2.104810699,0.158996169,53.73017483,780.9857924,51.14930786,102.0666942,0
5.386376877,0.027902177,2.645844289,0.1478155,66.13837715,837.6028648,71.60416063,96.88528959,1
3.900327107,0.029111845,1.71960166,0.148481128,86.59170987,785.7750533,42.63177218,99.12044187,0
4.744627708,0.025867043,2.496397729,0.144177938,67.55292445,781.9912841,41.23429422,103.4220455,0
4.703701132,0.021697779,2.256830373,0.146967145,79.73638327,763.8031837,50.38736606,104.6418252,0
4.377859459,0.017512113,2.034714789,0.120445931,92.69341485,767.9849078,54.81280793,102.8615047,0
4.580082438,0.019293762,2.728252117,0.148821841,63.33328568,812.7127309,,103.6108732,0
4.793226559,0.02160393,1.95436513,0.146286299,68.91668191,815.6873359,49.4508146,102.7926986,0
4.583184624,0.036433724,2.776764429,0.15306465,53.57410254,,53.02268632,100.4705068,1
5.173111382,0.0276728,1.722848693,0.142199876,68.87285179,,45.64962018,97.10031263,0
4.882052012,0.02858228,2.083849632,0.152884446,75.70396029,809.1334033,39.2197664,100.7331756,0
5.210828931,0.02295901,2.613477605,0.150028177,78.18835373,816.0380701,42.85811414,100.3112399,0
4.713782048,0.031167245,3.17338894,0.139097796,81.06664145,769.8488884,56.34559096,100.9689344,0
4.172949824,0.018263032,2.110295361,0.142965372,86.17232414,746.2733832,45.74915215,100.7565909,0
4.944395165,0.01409146,2.164705425,0.151710764,74.24434914,763.5052909,68.02274474,100.1677144,0
4.564643979,0.025264059,2.769743415,0.134630547,79.54938308,794.7928495,53.51807839,101.2604435,0
5.154884368,0.034308712,3.756768328,0.122036407,71.52898174,816.8268114,63.07542324,100.0062534,1
,0.03277546,2.784585218,0.157776701,64.37928771,,50.20885689,97.87832698,0
4.19115638,0.02782817,2.144531948,0.139993744,70.43507936,838.6496934,49.73794643,98.92762242,0
5.691207588,0.010926861,2.768468644,0.142229537,76.17396043,835.5077437,46.22595884,96.3649446,0
5.341901867,0.024290257,2.057927448,0.15523541,,824.7580808,41.52740343,103.7319805,0
3.443890212,0.017180672,3.23031382,0.136455637,76.89455137,831.9745475,49.19585234,100.4138002,0
3.87446669,0.013863268,2.265956485,0.130824656,63.20798647,859.8487996,49.29634224,99.07782578,0
3.860587909,0.032792094,2.644895323,0.153251794,72.05659525,814.6313231,44.94670406,100.9591286,0
4.64456006,0.012358895,2.624279906,0.15321022,73.00527265,816.2852436,49.14172717,105.311004,0
4.984999056,0.030740891,2.32848019,0.142097548,64.59345298,810.2784608,64.86339211,104.321064,1
3.664945118,0.020692552,2.161162336,0.152364553,89.14223594,805.0866209,56.55376344,104.1635138,0
3.824560542,0.036909357,3.004480155,,76.38442438,805.6582428,48.74972936,99.19107187,0
4.74023044,0.032349564,2.717462226,0.161786171,84.53977516,821.9249892,61.02335516,100.763087,0
5.241663208,0.033587292,2.648866869,0.141679921,76.4971983,756.5486717,47.940287,101.0012494,0
3.844680725,0.010539198,2.016738942,0.141321865,57.40165875,833.5286587,46.06179173,102.0612608,0
3.119541919,0.0160058,1.306598104,0.151137365,74.50984009,815.8789208,53.57937926,96.61937555,0
3.263337358,0.033350341,3.303934896,0.14564814,66.47845944,801.5578423,55.93567665,101.4309693,0
3.929243824,0.027034903,3.267508111,0.166383243,51.46247786,800.0113001,37.29236407,98.46603285,0
4.744526177,0.02118463,1.898400911,0.141583476,77.81498387,785.0993721,52.15561288,103.0401605,0
4.430916421,0.028572611,3.36125096,0.163653449,67.85501745,811.41168,49.73045631,97.72544715,0
4.12603619,0.020432535,2.418835207,0.139938095,66.56683522,829.1593576,39.15729054,103.8364007,0
5.263632885,0.031523781,2.022945191,0.156762756,80.11396357,821.1800831,63.86608497,100.7135158,0
4.079108002,0.028227076,2.315509564,0.130295522,89.59585899,782.4208971,57.97240811,101.406184,0
4.479005315,0.026940429,1.937310007,0.152799485,67.2127426,833.8820163,51.1609782,102.8892543,0
4.294329965,0.01865429,2.595244753,0.151679709,80.8579645,806.5723886,45.9711345,97.14160984,0
5.65252218,0.022206055,3.453555511,0.138033833,85.78163214,798.2175156,60.72166478,104.7004868,0
4.977667356,0.030788117,2.082200347,0.127732726,85.60378956,769.6272506,50.12431878,100.0522364,0
5.710868926,0.014775168,2.366958774,0.134804566,71.12430345,744.9396417,49.88240667,96.32694035,0
4.037033768,0.026959251,2.648124827,0.135106489,67.0640741,811.3485768,48.1368278,97.90395357,0
4.104294714,0.033910712,3.112304782,0.146932717,74.13628926,761.9595347,50.99198114,,0
5.363012647,0.016070227,2.21583897,0.158950131,69.22873105,769.0020229,,100.7917476,0
5.015749453,0.012990097,2.595880264,0.154207398,72.47717423,825.7649173,55.26915373,95.01930816,0
4.306506039,0.02343865,2.801355924,0.146613226,75.86144566,829.4140615,39.34074624,102.4607691,0
3.708856246,0.023894659,1.742951817,0.147046622,72.67145096,793.7652041,55.80777257,97.59594368,0
4.783716616,0.017241285,2.673900753,0.163381604,82.91779196,769.3526392,62.50683969,94.96660569,0
3.811310937,0.015552345,1.988886349,0.13006536,74.42799767,784.8607783,48.42373654,97.2649795,0
4.600341991,0.022821118,,0.156625274,78.20486902,793.4284968,41.50517745,103.8507073,0
4.694015471,0.01784547,,0.14885308,73.86746998,,39.29188361,97.59859197,0
4.534900138,0.025192143,2.416515803,0.147467544,74.41834186,795.9050521,44.5388364,96.27046968,0
5.158784706,0.023620611,3.172605246,0.138688128,59.81653212,798.0177957,50.76028581,97.97145394,0
4.663139275,0.029777646,2.472645206,0.141125536,69.22428896,798.7057476,59.77024733,99.9290444,0
4.358729166,0.031315662,2.114487745,0.153545664,,802.7724474,53.25913244,103.5689111,0
4.014094922,0.034280638,2.916682943,0.140593989,56.05692684,855.1851099,41.80943223,101.4573983,1
4.669900054,0.020402698,1.883225751,0.146583663,68.61328173,824.7717433,53.61494465,102.077768,0
4.868099335,0.02775033,2.264093207,0.14124047,79.50562127,776.6609939,46.79549169,96.83886923,0
5.188481732,0.025766756,2.259566587,0.141608225,62.03775931,805.3429748,57.7912269,97.82990017,0
4.461770827,0.02148928,2.318064458,0.152549869,81.8684029,835.4518748,45.24793225,94.44187153,0
3.854740222,0.021679698,2.555107253,0.128268316,68.23837492,822.6610463,47.67839681,100.9732103,0
4.329065044,0.025681194,3.05070767,0.146921608,62.18249155,812.5924352,42.09667939,104.4051628,0
4.672564622,0.035103161,1.847218654,0.139602524,67.00320592,790.9728257,68.00860114,98.26955222,1
4.781898841,0.018816992,2.109418563,0.13516851,56.44122313,798.6234402,36.5421767,99.04482665,0
3.524835874,0.022695891,2.557776446,0.145414759,73.19559033,817.4043926,51.45390127,96.87768214,0
4.667569136,0.02130131,3.089342114,0.145925317,65.7434031,,42.90300985,103.3977078,0
4.725413009,0.037855403,3.269233076,0.146323659,66.63719981,842.2746522,44.92797178,100.3071795,0
3.967247495,0.028943729,,0.15370187,63.71599874,829.7399684,53.01747119,98.92150647,0
4.706253875,0.026812686,2.783774617,,71.29730284,769.6646022,47.08805976,103.7669226,0
4.791434803,0.027168162,2.43464324,0.130646549,61.30512609,795.2330688,61.4683668,102.5655455,0
4.90249922,0.011218554,,0.136416008,81.95899516,773.6401269,37.02511468,97.82178148,0
4.976453192,0.01341386,2.230654461,0.145715749,80.22757478,825.0349,45.49467317,100.9998368,0
4.183148952,0.035326281,2.949100654,0.162533573,73.22429312,790.5521329,60.67339701,94.53329586,0
4.181381407,0.037210509,2.758780984,0.153574967,73.93928344,804.2210511,38.88451395,100.6142223,0
5.779016254,0.016218702,2.24175669,0.15238178,73.48781227,845.0543132,52.19540036,98.4346499,0
4.568334515,0.034572995,2.077822361,0.153341605,65.32813542,799.045493,59.75792272,96.803338,0
5.02448847,0.013590914,1.181909645,0.16300467,,788.3313459,58.6615503,99.00674834,0
4.252207182,0.024619758,2.949065701,0.144725199,53.93688281,846.9982705,,105.3912912,0
4.049889729,0.027109124,2.896556138,0.151572277,87.43117834,768.6041308,57.93224337,102.1679292,0
5.391748072,0.024477327,2.523557755,0.135426064,80.96539203,803.975087,33.12288999,100.5873691,0
5.053689868,0.019489611,3.076293327,0.136847841,74.43901624,828.4923176,48.22939397,102.6426954,0
4.054639994,0.02483739,1.960661417,,74.76283172,794.2552185,56.97473762,97.37293464,0
5.187818976,0.012680118,2.79598294,0.144797804,87.52971985,815.663254,,99.51793261,0
5.14805176,0.020070852,1.384907379,0.157986818,70.51831859,777.0694573,61.71268106,102.5262811,0
4.764836121,0.025932137,2.797286326,0.160197781,73.54574247,776.429426,51.08637079,101.921471,0
5.276363554,0.026453103,1.826548383,0.144086944,95.08155932,,50.57703537,103.0549302,0
4.341996813,0.028423051,2.547795704,0.142614751,80.84957315,824.3839905,52.02163323,96.66015133,0
5.877050882,,2.794236138,0.152336316,73.51853505,782.2219528,38.60454082,99.5823409,0
4.501012922,0.020226671,2.943177744,0.150179703,70.19113121,789.4415851,52.74540857,99.93905735,0
3.041211088,0.021650119,2.669537043,0.146936339,75.63354123,808.4108282,44.29431613,96.20984145,0
3.982042706,0.025568253,2.009268746,0.144376812,73.1547022,762.1553051,50.99916424,100.0400591,0
4.098944363,0.025698963,2.390120008,0.148606256,77.40176713,809.6822665,54.02449401,97.83936782,0
5.588724689,0.02604364,3.096272394,0.149971441,71.06812138,799.4305102,28,100.4185648,0
3.195575449,0.032941387,2.272687896,0.152734007,66.87151432,833.2401309,34.15175334,99.21692855,0
4.779344187,0.016372924,2.077306915,0.138684662,78.8297404,775.2446007,50.74580304,100.0065084,0
3.679423512,0.023169749,1.770607537,0.137525023,56.86641211,830.2256935,64.12083328,102.6064996,0
4.382765838,0.032401182,1.895534194,0.148445402,81.51983834,784.5435357,56.73059117,99.71686076,0
4.631791298,0.027795319,2.620172874,0.14553501,67.14797322,827.0656105,44.04328625,101.6972472,0
5.384996707,0.020409184,2.421454134,0.145973615,66.72851149,804.6688048,57.46310687,100.3374596,0
4.290075741,0.018562071,2.313442269,0.124522221,59.91156101,859.5314904,56.18751526,101.6458277,0
4.645026627,0.017783125,3.279780744,0.163016678,74.58900524,768.5797512,57.99605476,,0
4.877780795,0.024773104,3.221248102,0.140821648,86.54765286,798.5686841,56.99582021,98.45351537,1
3.811787291,0.031448663,2.400322096,0.162292325,79.31049913,764.3874692,51.78587216,100.5682496,0
4.889105745,0.022974965,2.942351184,0.137797681,86.23650266,796.7155955,61.58035572,99.26342061,0
4.319599374,,2.222404611,0.154624566,67.88838219,812.2378378,44.56939267,100.2464297,0
4.000662302,0.027806272,2.799609361,0.162814419,56.20672972,835.3280714,38.12466414,100.1577242,0
4.297189494,0.020808676,1.807753968,0.141199904,76.82880245,783.3499665,56.27336276,101.9342192,0
3.933465746,0.025565615,1.870924892,0.149577234,72.80673621,770.2942774,44.70704732,97.08363723,0
3.576401567,0.01769678,2.60121776,,62.05727587,860,48.76033892,101.9342931,0
5.064579094,0.018574663,3.48408012,0.136004191,71.92377733,815.8758687,63.08981318,99.02650043,0
4.68988222,0.02794569,2.641802744,0.138670324,70.31978967,767.1949643,47.36863227,100.2198874,0
4.938541417,0.016594943,2.714737634,0.153062821,61.73423605,840.1406529,50.09008774,101.7875712,0
4.582294292,0.020757696,2.186266922,0.129585787,66.13939463,808.3233845,50.34192772,97.20386455,0
4.666804944,0.025937784,3.047748565,0.139970344,73.31871314,824.6945806,54.53984931,105.5799709,0
5.065908088,0.020504202,2.254365098,0.145796825,49.33222255,828.9398934,51.67292071,96.25726131,0
5.201604864,0.025833197,2.068944503,0.156202317,71.2576725,783.5791812,47.67662576,98.57010209,0
4.755992706,0.026653757,1.815119353,0.149052153,71.94085507,805.1400275,54.87849824,97.58149854,0
5.201436513,0.02855187,,0.15631087,58.77175051,845.6270832,51.10738854,95.05268315,1
4.4550382,0.016038021,2.089134162,0.144805653,52.82796264,860,52.33229803,100.154606,0
5.11306423,0.014632086,2.41508056,0.158270727,58.66951425,817.2479333,51.36792862,95.74873325,0
4.292251941,0.029895135,2.791154281,0.153365771,72.46201476,817.2499175,43.78137189,90,0
4.805952196,0.037276571,3.245605247,0.153566392,72.43071264,783.5755494,39.28056342,95.35697899,0
4.702351588,0.025635701,2.310858274,0.153327335,63.72751645,814.9559091,32.4529105,102.9739811,0
,0.027813204,3.016125452,0.14742689,74.03936657,825.8716172,37.27002606,100.1083305,0
4.703378235,0.025594052,2.582894585,0.137572877,76.00292515,784.6592427,32.74225296,97.10828127,0
3.995836999,0.027195107,3.500086479,0.145415571,,797.1876801,49.92152727,101.2096579,0
4.418582986,0.027939956,2.752699965,0.136220642,66.21449286,818.8343889,,,0
4.666020794,0.021487502,1.950831191,,54.82293923,820.1902744,50.74422352,99.70858049,0
4.611185785,0.016935724,2.363397575,0.142154326,63.65780776,796.8946577,38.73240254,97.80226795,0
4.420526793,0.032971256,3.196993681,0.164759827,79.20024004,796.7053151,46.90981831,100.223354,0
5.153651716,0.023420823,1.704062763,0.135513938,81.04468723,805.0933607,38.09096843,102.2433669,0
4.34589941,0.029597738,1.98644061,0.149134681,62.83940319,790.9180965,59.50893556,98.58101761,0
3.5632328,0.022487945,1.766577752,0.137459887,61.23425436,828.6023977,38.58897022,99.57060032,0
3.843277955,0.037701528,3.253750155,0.150316287,73.42842056,783.9073798,59.5088072,96.49902824,0
5.035166712,0.015334949,1.787800786,0.149690183,59.90150164,851.5117505,35.96902659,,0
5.3194255,0.036373232,1.889755898,0.157224902,66.32197578,836.8180307,47.90827571,,1
4.429481022,0.033004089,2.478968069,0.143649296,63.34160783,827.0803022,47.02417193,97.11996208,0
4.404648634,0.032249587,2.641964903,0.14574161,79.75347908,787.8701437,48.03963599,99.64420978,0
5.112175279,0.026812014,2.325058464,0.124086742,68.35825728,777.2986806,39.48399997,103.5558095,0
,0.016777404,2.499122075,0.143773596,,814.1908205,53.36653922,99.14359653,0
4.66963788,0.02373336,2.38943173,0.152890407,60.89676386,829.3571596,52.68952737,96.91117239,0
4.500302127,0.030425889,2.235257826,0.163499432,80.9564778,774.9891928,57.86324971,97.99203167,0
4.14243837,0.029614036,2.399057164,0.163891346,72.60947474,805.646515,48.28278994,100.2812516,0
4.33312684,0.020477379,1.691755321,0.154635699,,780.5056448,41.24850983,93.73334902,0
4.773839536,0.018760188,2.173723333,0.134135655,74.20526717,832.2968438,58.43701097,100.264946,0
3.345355901,0.022542322,1.893667679,0.161108768,66.84141569,761.4320001,54.76122323,98.71967159,0
4.828610373,0.024646116,2.579339141,0.142694347,72.94719995,798.2323693,51.66984962,93.71142437,0
4.168664584,0.021032958,2.461527667,0.149728084,73.04284409,810.6595033,50.39138697,99.44974082,0
3.263758015,0.025433164,2.688069697,0.157316379,76.19948499,781.8411275,48.76317923,105.0788693,0
4.286356016,0.014762861,3.025408427,0.1655359,85.1771858,773.5874095,60.16922081,97.01481498,0
4.714222871,0.013459247,1.436095399,0.157970492,73.26386276,764.9076054,52.43621081,103.5830711,0
4.525645785,0.027648819,1.837130318,0.156110834,77.99728822,808.1083185,53.79108209,100.0392181,0
4.254022956,0.025066059,1.626719931,0.156919122,59.55904293,807.4340377,51.42780661,100.3874584,0
5.322829935,0.023232722,2.807594398,0.158693485,73.6446964,793.406696,49.54493257,100.2613198,0
4.63037345,0.009150742,1.609641066,0.137270741,73.39920573,802.6600151,42.58979966,95.62741836,0
4.000216218,0.024624796,1.728722369,0.154856167,70.54634671,811.1472794,32.95164091,103.6103631,0
4.09219975,0.018491572,,0.133681096,90.16522838,800.9740969,56.00426889,96.12851507,0
5.761260003,0.025507102,2.797201571,0.158746641,71.05662823,768.4376615,49.45338694,106.7651608,0
,0.019155086,2.646518887,0.144747781,49.26990181,832.0361179,38.65405951,103.1631219,0
4.890916414,0.017397677,2.662904932,0.145723252,62.86274717,808.5679987,56.96860029,,0
5.640184886,0.016287582,1.257073548,0.139761041,76.1623713,780.9024334,54.89077509,101.8329638,0
3.391266541,0.031915552,1.850228227,0.134812041,68.27987026,831.5235142,56.06512609,100.1971384,0
5.264779364,0.019304879,2.142979564,0.1453624,84.45136845,748.5311224,53.20208547,98.43533451,1
4.167235095,0.025932613,2.619760232,0.136625098,71.35149018,786.8718791,55.39343919,101.8226137,1
3.857803787,0.011633632,1.70689507,0.147803175,71.00218705,811.9743842,48.66833193,100.6587836,0
4.96047541,0.016503608,2.237914753,0.132818302,75.30967216,779.435927,51.25522414,94.22299413,0
3.753478275,0.026454897,2.348987644,0.131898432,96.16680287,763.7588558,61.0138537,102.0735715,1
3.860698263,0.027156683,2.668554485,,45,824.1897789,47.233084,,0
5.133486436,0.030134305,2.664879248,0.141962485,63.73831203,795.0787632,56.92526931,94.6443759,0
4.273045021,0.037491313,3.018940368,0.16243102,73.96307752,780.2678145,65.83493933,107.5319026,0
5.215875462,0.018632194,1.753620115,0.157526673,69.16021824,751.4679972,41.0410481,99.83457892,0
4.834044371,0.017556752,2.827204624,0.143343469,75.39506983,818.4665036,48.10373695,103.6833106,0
4.549907317,0.037010176,2.470908415,0.150949927,79.29323181,800.7331236,45.66489277,106.5917084,0
3.362890851,0.019121244,2.410340445,0.14752456,59.16995559,838.1971404,48.50067904,100.3446446,0
5.416569344,0.033980297,2.11451173,0.152265525,58.23249679,824.5293256,52.90088723,97.76236309,0
4.703283875,0.013248546,3.037548722,0.161038877,71.95295869,773.8808554,45.59161796,97.63661273,0
3.991268411,0.027696945,2.848770339,0.13723209,98.04805936,800.9276846,52.58853028,90.91650188,0
4.74676104,0.013999022,2.212816401,0.175358655,85.53411754,796.1548127,57.92898214,96.98559561,0
4.948641963,0.024175634,3.228306595,0.155009885,67.33174364,798.9534149,41.31898435,103.8697844,0
4.893482329,0.020417938,2.634716512,0.153469029,77.09290611,777.486593,43.24355223,97.24908957,0
3.89265651,0.011740145,,0.143682486,93.15312881,840.3387254,51.0862191,99.60280938,0
3.743572297,0.018820888,1.960720164,0.151410254,75.96452409,814.7357268,65.55910458,94.20433947,0
5.041016716,0.007615304,2.255876428,0.142647833,87.40368883,743.2416498,45.09656564,99.33145113,0
4.336697768,0.018683598,2.181610731,0.147622429,83.56222096,780.5707278,44.56545028,103.3090136,0
4.6966587,0.022616235,2.734638827,0.149337631,74.45301453,793.2559765,36.22270663,97.17335589,0
4.927890505,0.0172405,2.851249092,0.151938163,73.06949459,813.3393066,52.58940799,101.4246755,0
5.420821058,0.036568843,1.832943075,0.168898735,71.84536756,842.8472657,39.81678775,100.2376332,1
6.06696461,0.013629445,2.84279286,0.153345148,,835.9940957,46.62034684,92.92505059,0
3.723473505,0.039767839,3.103054639,0.144752837,65.1877634,801.5428626,53.5885318,101.0280884,0
4.054978507,0.037438294,3.203824936,0.149691414,73.45541415,836.4280058,53.90357184,100.7679155,1
5.059706282,0.018601179,2.287765154,0.137538009,66.84945095,782.2801427,43.47581192,103.847884,0
4.90925597,0.018447522,1.693184187,0.149555451,65.1844614,798.2046926,49.00586844,97.87370601,0
5.043413374,0.030813329,2.170257524,0.146691831,74.16396233,774.4862702,37.87802738,100.9673835,1
4.638165203,0.03021611,2.11191608,0.147867797,59.11909054,832.7837458,56.35819767,102.9040385,0
,0.035260625,2.818502472,0.145457754,67.24380585,793.1893499,41.90348373,97.37846796,0
4.882528184,0.039375068,2.265996872,0.141025952,73.7198489,804.9747964,66.32662758,97.51473314,1
4.508948016,0.030838608,1.585595704,0.159479204,65.86124617,779.2698809,48.18758189,99.70113158,0
5.308579199,0.028816068,2.603773868,0.145869887,70.14713903,775.1603405,49.293824,102.9241005,0
3.869727337,0.012727495,2.050289029,0.152727937,80.59742272,774.0869301,43.97986705,97.98705226,0
3.66806481,,2.850810378,0.143413505,79.31789049,794.7228432,39.30333386,105.0813624,0
5.131348021,0.024280714,2.700869119,0.147776814,69.90413286,807.3692923,56.47502245,106.8172509,0
5.020621308,0.02680876,3.325503634,0.148428275,53.11955175,803.6363354,43.4057616,100.6151315,0
5.163206485,0.026381852,3.447140663,0.155471225,74.12045842,794.4133555,46.5906408,100.4853572,0
3.906920013,0.016538433,1.921433997,0.150984624,71.59918346,761.0073722,42.17298658,99.88918263,0
3.636219145,0.011680033,2.232204732,0.131166854,72.04701437,811.5742254,43.58696792,98.75028057,0
4.939156711,0.022525752,2.742624802,0.143925405,56.40018287,802.9580668,45.19383444,99.50040935,0
4.037612924,0.018440691,2.080493332,0.142627442,74.40080158,803.1870734,57.22865876,104.0217974,0
4.778423723,0.005,2.053031734,0.139305977,74.22293234,783.0343549,58.54940487,,0
5.308457961,0.013972766,2.183523373,0.134627124,62.26605588,818.8303322,59.39843378,96.43818521,0
4.221331048,0.018616929,1.925742881,0.136888182,74.99989229,,49.76877388,99.12690545,0
5.503671052,0.030735012,1.717607131,0.152197584,65.61627337,849.285771,53.92423052,102.4912734,1
3.580329795,0.01822625,2.265262893,0.148161481,73.34051809,807.8137765,58.35001544,100.4752026,0
4.080722311,0.017141637,3.426739921,0.140778239,82.63813124,775.455114,60.07796755,101.794012,0
5.313254135,0.02435519,2.819932249,0.161827775,59.19017312,810.240024,47.46245665,97.76235151,0
3.416138036,0.024734865,2.013415942,0.160643909,71.89775953,790.0056576,28,102.4154471,0
3.717760575,0.019573457,2.251935245,0.163574186,64.57314906,799.6128587,61.44086356,102.9338852,0
4.273976659,0.028826581,2.939307972,0.148853875,72.9836696,800.5524508,37.45769862,101.3103825,0
4.087532141,0.032406873,,0.149681864,49.49278496,828.7857881,51.72189418,100.8379995,1
5.482399683,0.023660309,3.025845651,0.137216644,71.54004262,784.9934547,59.05861564,99.10606768,0
4.122791498,0.042571593,1.864760175,0.151811845,78.58336526,807.0253269,35.78693063,98.88916809,0
3.47511667,0.027349713,1.535889747,0.136060667,65.36976881,860,67.38097908,98.1177849,1
5.600738369,0.011500374,2.965806852,0.167664224,82.7748779,774.2531558,44.19080883,97.39010548,0
3.819697531,0.036023467,3.368938313,0.156818786,80.30840044,800.008544,49.4112133,91.71541137,0
3.786069582,0.017315561,2.763767861,0.1322797,68.65371954,798.3563737,47.93277701,99.88960142,0
4.562736646,0.026094857,2.416628841,0.158376011,74.04744294,750.6252927,44.35769989,101.549275,0
4.499301382,0.011066436,,0.158342861,65.9413739,818.6334597,45.82468983,97.16167057,0
3.417889284,0.023874959,2.25411206,0.138545479,73.41490855,778.1889761,52.15258218,98.7166514,0
4.552967037,0.034878176,2.362618361,0.156587002,67.122116,822.6082577,55.00025238,99.37464704,1
4.074902681,0.03400227,3.808735259,0.147961557,58.64861547,839.3408619,52.11016596,98.03215554,0
5.210473492,0.030908951,2.581835004,0.146432731,75.60973479,761.2030178,53.07001908,98.30470604,0
4.548032243,,2.458525245,0.159192539,78.45469989,787.1973227,40.59149896,104.1041332,0
4.712399695,0.021265557,2.599481281,0.148464218,65.59156487,798.7083983,53.67198918,100.1480551,0
4.753478403,0.020460049,1.967966803,0.150654463,81.41454584,811.1659276,55.21968696,98.61338556,0
4.569637973,0.030499707,1.963134926,0.152625155,68.76405528,787.678157,43.40031056,95.41138707,0
3.093218024,0.019513712,1.970451795,0.130398255,69.61114145,,52.89644742,97.58455834,0
4.371175212,,2.633175759,0.14453051,71.09450182,817.041357,44.2780657,97.49558566,0
3.653764751,0.020542361,2.564013515,0.151167586,59.1757826,829.8933201,45.73374961,98.96609768,0
4.430042354,0.027124184,2.720008151,0.140483413,68.54098216,793.227786,45.15784599,100.3391186,0
,0.017177577,1.559454113,0.159597596,85.02489611,820.0687914,43.43437288,101.8799169,0
3.912168922,0.018021357,2.721094132,0.151396751,,783.6664939,42.59353312,99.31267097,0
,0.027577382,2.596741934,,78.08084529,798.943402,57.50979761,105.5924873,0
4.527893683,0.01070461,2.58982875,0.134869437,79.68952264,825.847979,47.98802628,104.7987746,0
3.493206623,0.030993235,2.704637176,0.148045568,66.60754261,798.4791245,39.42649397,96.06361019,0
3.497139315,0.026639785,2.865585288,0.147299821,84.01295517,810.898662,57.36740384,98.55696802,0
4.024523785,0.032157495,2.834852493,0.156922483,69.02690805,813.9799053,50.49596233,101.1055466,0
3.093237098,0.020554108,1.765439723,,59.37900776,829.1801696,46.54938773,102.1813578,0
,0.019338642,2.55742168,0.135356129,65.59828426,791.5429698,32.7534528,99.71851639,0
5.192389759,0.022665274,2.598638564,0.140653628,70.00028878,764.9237837,58.99461896,102.7715819,0
4.187483914,0.01923169,1.821466607,0.145502952,65.01524453,777.8436487,51.93059639,102.5107579,0
4.275450532,0.028711258,3.000848947,0.138232164,58.14605965,823.6980273,37.40421266,100.2045608,0
3.346330035,0.031492883,2.820262906,0.152218256,73.97579686,803.4694204,49.35306246,100.3841026,0
5.481044362,0.021255777,2.045926398,0.143296075,74.59695109,778.7354368,49.34662004,98.34584462,0
4.257468986,0.023138731,2.698228298,,66.33782915,827.9103041,46.0713378,102.8483888,0
4.419681302,0.021129185,2.940513936,0.156360257,79.60480743,768.2564953,57.69701001,102.8944535,0
4.743006136,0.022072237,2.018456334,0.139314906,57.56346231,786.0246971,42.25587384,98.42118552,0
3.90256579,0.022667492,2.851005668,0.142448753,72.71901541,797.9762562,45.41754267,97.93221994,0
4.71474098,0.033449401,2.065193929,0.157975484,63.51588897,,62.49897254,98.99699479,0
4.524029643,0.019508318,2.731132242,0.155299767,82.4125095,766.9627786,,94.36562459,0
4.237165701,0.021979351,3.214639496,0.163767711,67.06763885,821.0448163,49.97633857,104.5649044,0
4.472431982,0.016929867,2.543970975,0.147172209,85.57763499,804.0642826,37.05061955,101.6321264,0
5.537633255,0.028634783,2.436952269,0.158585999,82.52958074,785.9331085,45.14338949,104.1964358,0
4.494161448,0.016553487,1.914073731,,78.01717241,770.2286811,37.62282827,97.91544302,0
4.857885661,0.029734869,2.388908587,0.132966668,57.58720764,807.8614153,42.37954393,103.0794459,0
4.603823189,0.028566938,2.063971381,0.153699305,70.99488224,786.3500938,36.51442627,,0
3.951503557,0.026912776,3.221544859,0.146407308,83.95283746,763.8169847,48.96991997,96.61725639,0
4.22256935,,3.060555525,0.156240786,81.37757569,787.2092956,59.81944548,104.5317502,0
4.509830755,0.018483394,3.253966142,0.133692829,62.60284602,843.684148,,100.7209001,0
4.402117854,0.024314493,2.809156535,0.154803205,90.1957378,,47.63755643,,0
6.156487622,0.028345623,2.840796669,0.150408987,57.91324294,841.0019439,,100.4863098,0
2.942903976,0.026176518,2.304347797,0.156683896,69.24739928,819.1143639,41.42460318,105.5256007,0
5.54060198,0.016373244,1.815917732,0.161101254,81.00316808,766.1971882,66.01264144,99.24350408,0
3.531076056,0.018636719,1.691634053,0.149011459,68.70943086,779.0861699,59.62037839,103.0900557,0
3.363968383,0.021051705,3.597331881,0.141490245,65.09151535,781.2593673,46.16902239,103.0072823,0
4.994559103,0.032145388,3.052083648,0.153913779,75.94540499,780.1293484,43.00879202,100.1787506,0
3.702767983,0.02366928,3.051388563,0.159373534,71.92992364,830.0264999,,95.92238486,0
4.090641613,0.021902698,2.703870579,0.152261489,62.31882149,815.3041394,42.18973057,98.92555565,0
4.460750673,0.030056045,3.131973451,0.146514681,60.66518581,801.0179486,41.31403775,96.68423955,0
3.406324242,0.01808205,2.053001257,0.15314624,64.35735055,795.76889,42.86912229,97.25448384,0
4.228572883,0.030236199,2.576830133,0.158190568,67.67323616,816.825992,,105.0397254,0
3.048948516,0.027310429,2.106636412,0.126256602,80.21385045,804.7526174,,101.7755658,0
5.336348024,0.009946452,2.315015772,0.16259134,85.78926412,788.3214521,47.02567405,98.30371984,0
5.343939111,0.015513325,2.859954424,0.159109854,63.68403032,822.9296509,47.24352887,97.66679583,0
4.699519877,0.009638486,2.500617856,0.158827648,54.61139306,806.8703623,45.7640836,100.5827642,0
3.926723381,0.026247235,2.71794062,0.136731627,73.33995907,806.7485077,52.96563442,100.5555643,0
4.699311632,0.030921109,2.757700735,0.149890433,,778.8873307,42.13087908,102.5518617,0
4.551283909,0.028890855,2.743311634,0.160707548,75.78126979,783.0051397,56.61270288,101.0171942,0
4.405496025,0.014282256,2.061345099,0.152244546,72.55697456,769.831687,54.27792007,100.0666653,0
3.239168004,0.023495853,2.414392895,0.143026638,58.63598659,828.0773487,32.25776327,98.89940665,0
4.050637806,0.019210939,2.630880694,0.164741048,75.36203313,768.2451762,42.94157188,99.66922341,0
5.126724659,0.014095438,2.179137541,0.157869681,75.54087942,782.5805878,52.16957853,101.0545446,0
5.552696156,0.033045714,,0.130159393,,785.3198695,47.40000602,101.643187,0
4.777470689,0.024930374,2.329922209,0.161156026,82.24082718,784.1933083,51.07088396,103.9067838,0
4.59907901,0.0270463,2.572481006,0.151512801,64.11318839,779.1591112,57.21817681,101.7775187,1
4.41510605,0.028424952,2.093465145,0.132247369,67.0039987,795.8167474,44.42872089,104.7172245,0
5.216713522,0.025237873,2.090970102,0.130279453,83.97823632,785.4648251,37.60609009,102.5479183,0
5.101480534,0.014662307,3.070691586,0.140294815,64.80701452,810.3946863,37.08520858,99.6772134,0
4.741862426,0.015603574,,0.160715768,68.83557166,796.1018196,44.58723193,101.8632551,0
4.059956868,0.034783666,2.906093201,0.14229366,69.46315216,837.1011513,49.75100289,100.2113497,0
3.422197299,0.022841996,2.476490634,0.161584127,70.59613087,772.6937354,57.16867258,100.9291008,0
4.458145845,0.036823357,2.704427162,0.135063728,69.52934771,839.2592249,56.05722791,96.48999157,1
4.689644431,0.026754466,3.126630603,0.150333223,60.28638034,823.670572,,96.20804639,1
4.983520871,0.024133801,1.846464089,0.154623957,68.90508846,804.4711374,58.48725407,100.5879457,0
3.969255957,0.025603863,2.286768164,0.141968698,69.87850093,813.0685871,35.07455757,103.0407663,0
4.696781281,0.020138534,,0.145045981,90.20541426,796.5531067,38.25029032,100.3841855,0
4.04041603,0.032282653,2.892591058,0.149298931,82.30876042,784.4147738,54.84011151,96.36522625,0
4.511343089,0.031959191,2.727420924,0.163901587,70.74552238,784.0467296,61.20345293,105.0739213,1
3.887686385,0.026373134,2.751244922,0.134446095,69.35355725,792.64088,44.10840853,101.091585,0
6.083898516,0.021138273,2.739310283,0.148387694,74.02104731,768.9681608,38.14089163,95.45082808,0
4.447697922,0.024487153,,0.151729834,88.27213808,781.0217784,48.62208324,,0
4.227122093,0.02564736,2.634911518,0.147676017,68.38383123,808.9422362,43.41648234,102.5898821,0
2.861011245,0.007525562,3.312408109,0.142825153,64.23994901,773.9322857,58.25537184,97.59271768,0
3.783255054,0.012071911,1.555369343,0.135034074,80.02776311,776.1985545,47.4853532,97.21476877,0
3.286732535,,3.555152564,0.166184534,71.89822661,778.6452877,45.59751425,101.9454944,1
4.227078971,0.023739029,1.38175961,0.134198658,78.28955701,806.164492,61.31696128,99.3682315,0
4.67043668,0.026385893,,0.137397989,85.51265344,795.9550382,49.84922164,101.9070013,0
3.922272634,0.019839733,2.35005787,0.168530586,76.37622618,771.0028486,43.66751127,100.4852506,0
5.211210984,0.02982707,2.43189965,,75.77118241,762.9518772,43.56660952,98.85486271,0
5.430991021,0.016082289,2.865575377,0.144667002,61.18631924,812.1688827,58.14724065,102.0709826,0
4.197188827,0.01720563,2.874576011,0.151130518,72.29946012,806.7697437,50.84968772,103.045964,0
5.41274582,0.035284795,2.926204376,0.169080155,46.76683767,860,45.44346174,98.38201195,1
5.115378107,0.033486249,2.379319703,0.167067549,66.99858476,809.5369168,55.01354018,100.6227697,0
4.737303087,0.026006977,2.490907357,0.146816228,49.31841715,842.5198855,48.4125531,92.43823121,0
3.468195258,0.030572191,2.179466447,0.154024084,73.49844063,817.2375737,43.05073852,106.3828779,0
3.956301393,0.019504474,2.748723279,0.15280452,65.11796513,860,50.28617185,93.42225561,0
4.691312869,0.034168147,2.640098319,0.134513522,79.76109467,794.4693937,53.81224412,98.38015076,0
4.412638954,0.025520363,2.168475036,0.157559569,76.74554762,779.730872,34.78418886,97.68436902,0
4.368963724,0.014219764,2.778684497,0.152170323,71.10921167,811.2118976,49.60217321,98.35137089,0
4.514993542,0.036142401,3.180898283,0.148177989,77.75658603,809.2125419,49.46808306,94.46452957,0
5.496631398,0.038681113,1.923679553,0.126582737,78.7372827,,43.61887902,99.82554027,0
5.424613136,0.025862508,1.170071656,0.150769159,71.93851435,825.5012901,52.14752105,99.71662438,0
3.63829514,0.033019553,2.735006773,0.156746637,76.62920184,794.8818259,53.99128314,104.0756726,0
4.701495735,0.009662874,1.70877135,0.147984446,72.14057953,786.0995541,,101.6458891,0
4.127327386,0.018714176,2.431822043,0.157561501,79.26995857,780.7013115,45.72878952,96.86236862,0
,0.031098531,3.167790699,0.154042329,71.65217829,766.5179351,62.24080035,101.707519,0
4.421694166,0.017738154,2.146426158,0.135110231,61.64603684,802.4651951,41.08222519,104.7580209,0
3.815768655,0.018689415,2.887900056,0.159828176,84.82290053,794.1676923,50.5043125,95.10572281,0
4.083731823,0.031074711,2.334669808,0.134722821,68.08302388,806.7869008,,101.1451046,0
5.164064806,0.009379599,2.775922941,0.14980281,72.3426316,783.6743774,52.56864139,102.9194529,0
4.627610932,0.012056268,2.435318822,0.14553871,76.4029097,,55.55857576,99.0843837,0
3.88619166,0.028558132,2.574775536,0.155154963,80.30166079,749.3379101,63.098621,103.0624859,1
4.623668993,0.025173133,2.589836041,0.158268793,70.2225732,779.306321,64.45156062,102.6452714,0
3.670465303,0.02184517,2.493008636,0.159545766,64.04889044,819.1381277,52.76137835,98.53295924,0
3.153908201,0.024651903,3.215140874,0.15823296,72.35747496,764.3942449,48.38457885,100.4922923,0
4.974865632,0.024964888,2.099288949,0.136737387,,797.5857323,51.73119546,98.88552341,0
4.665866092,0.019442232,2.499287688,0.144736793,79.24598849,779.6907245,41.7561325,103.1713459,0
4.437696172,0.032530309,2.022697124,0.145914956,75.97229921,791.5634737,62.52805355,99.61649636,0
4.499238565,0.028628519,2.405739459,0.132843903,74.90741031,790.0798809,47.52499775,101.7524347,0
5.029768424,0.029009249,2.107397221,0.152672118,75.76264015,798.2835496,,97.66773012,0
5.188559963,0.011429146,2.340269621,0.147735494,86.89536268,814.1488842,46.28841583,,0
4.1089567,0.022551892,2.681648378,0.147521162,68.28785844,785.8044158,37.31628514,100.8198086,0
5.499401518,0.014993543,2.103670991,0.133748623,76.06960206,815.1480875,42.17458557,99.34422971,0
,0.031303553,1.882244944,0.164164159,77.72070832,740,44.94586472,97.93219979,1
4.633552295,0.022302235,2.410074183,0.142083016,76.6933744,791.7252389,42.2109015,100.7677271,0
4.88744665,0.021580337,1.936696866,0.145644567,64.62125595,793.7599895,49.17737237,100.1405778,0
4.340204122,0.021280741,2.752637737,0.155227781,83.29519252,794.8497777,64.22244649,99.42569016,0
3.783696783,0.025340941,2.438816089,0.130340611,67.86616335,795.0557786,46.78708953,96.3558117,0
5.370193979,0.016256386,2.594141469,0.149562057,68.13808188,818.1759124,63.29174269,105.0693372,0
4.523021126,0.005,1.066920789,0.152837916,66.81240469,811.8363522,51.97125852,103.5006215,0
4.669442328,0.017134305,2.617313203,0.15109858,79.21354832,778.4855513,48.83355796,101.8460114,0
4.887937355,0.017493715,1.775812493,,69.36503999,782.2553648,52.87560072,99.40492237,0
4.745955601,0.017982357,3.013102504,0.151710641,57.2473279,811.3414668,48.55854749,99.86640788,0
5.475050996,0.031955981,2.015478702,0.156138901,64.38312749,829.0904269,39.79381489,95.515262,0
4.501448599,0.027301644,3.002242675,0.145074164,75.73970738,782.7070263,54.57576135,98.5376901,0
4.185198105,0.029033355,2.879190191,0.15300785,73.62235088,782.2941547,,102.8669579,0
3.547365658,0.025355178,2.303054233,0.136877942,74.65705511,833.076232,36.6058619,104.8644419,0
5.499511527,0.029991496,3.09746768,0.157756538,73.04597882,784.9795596,57.21465897,99.87864796,1
4.049572795,0.029606054,3.017541685,0.156202533,,860,51.95244914,104.766548,1
4.960513554,0.017456339,2.094608134,0.146850662,68.44122524,808.6048387,33.407354,100.0006424,0
3.725756329,,2.604522978,0.147855645,,753.041903,66.75882599,100.3239452,0
3.403630454,0.027930075,2.736094993,0.145167713,84.90900402,790.1925156,52.05472293,102.2625145,0
4.653320076,0.021293325,2.73191082,0.135916921,73.05667064,812.7028564,47.43137674,101.4112651,0
5.402115187,0.024051622,2.674779957,0.137337154,69.95631479,791.4318526,37.67184083,98.81135352,0
3.930365747,0.030283423,2.09489457,0.127146295,56.57044755,854.6506764,53.1712353,95.49346601,1
4.81908569,0.027306855,2.220217639,0.147805836,79.14383146,758.897757,45.0972105,103.3697215,0
3.883605319,0.026120933,2.605557813,0.152406074,79.53294376,762.859326,57.27838706,101.2294506,0
4.951157583,0.017086452,1.946183567,0.153985492,70.92490851,762.0058075,53.1648517,101.0807852,0
4.437958572,0.031073986,2.838291283,,77.74086916,780.6568513,39.13760247,99.86038847,0
4.067404142,0.026417499,1.653583896,0.142145791,81.53823177,797.2673667,64.02641108,99.34188785,0
3.662351491,,,0.142745426,73.18920523,816.0232652,58.37041493,99.43333597,0
4.147013175,0.020044918,2.835703006,0.145165902,,740,46.97691813,98.27467708,1
5.62945157,0.028730357,2.663527756,0.141798924,61.85544447,834.7974488,67.11095108,99.60788066,1
5.420663146,0.035971923,1.991109789,0.152339804,75.20052023,789.1060529,42.17604534,100.4026786,0
4.624471027,0.023250192,3.06505381,0.142005326,79.03857369,812.8648669,59.87167391,99.42438879,1
4.809232328,0.036948908,2.738393484,0.150634594,80.30951897,782.9171574,53.78658335,102.3760925,0
4.40109764,0.018638006,2.069060524,0.15033368,77.43211206,787.9132263,51.84993728,98.91056503,0
5.22684696,0.020926415,2.050395465,0.149744017,68.41133441,806.5839069,47.16661271,101.1920441,0
3.711958988,0.037372626,2.090074866,0.138423729,65.47089049,860,61.6629455,102.3585128,1
4.600059709,0.020280196,3.051587778,0.151273254,78.25547823,819.3209929,45.75433974,108.8783732,0
4.550925148,0.02784137,3.909949494,0.155417232,76.77423607,807.0136775,50.26245369,99.77651369,0
4.44193251,0.030760737,2.008467172,0.151927257,68.11331014,841.9615452,56.43599688,103.4218186,1
4.052640009,0.024807052,2.065953484,0.152676386,72.64041997,814.6589686,46.20861168,103.901962,0
4.915743443,0.035585962,2.112951619,0.150683989,,807.2040971,52.83845545,98.86599721,0
4.690576358,0.028513591,2.212760572,0.130505688,75.0413839,762.1456759,60.18818235,98.43094718,0
3.723297174,,2.781788414,0.153077313,61.03102035,790.1984485,43.52658623,98.71230689,0
3.678635029,0.02354516,2.439226859,0.129509163,71.74116402,791.9412914,33.5260988,95.48109637,0
4.882487575,0.012923736,2.615506938,0.128838386,59.86033512,806.8551666,41.97248901,99.03262023,0
4.580175558,0.018416728,2.798997352,0.156366963,84.05754474,772.386184,57.38943154,98.99106747,0
4.962047247,0.012059469,1.808136413,0.163185957,,778.4297836,51.28812397,99.25243581,0
4.851533346,0.023996783,2.103514825,0.164000462,76.61883278,824.707123,51.49097253,98.5170844,0
3.468336795,0.030925107,2.310428807,0.156184267,78.7485053,783.6031767,62.41786201,104.5247673,0
5.175356753,0.030471373,2.639382958,0.165122953,64.33586043,807.336231,37.03305961,96.12823184,0
3.837431578,0.033520014,2.752717047,0.154586353,90.12957311,793.6603612,49.82746548,99.0345157,0
5.288677934,0.028784234,,0.137991583,74.87919436,762.6555664,56.00723815,96.49437265,0
3.671856205,0.01824523,1.928090877,0.167783791,53.09488437,813.3265154,39.33930178,95.58599247,0
4.481695708,0.030666657,3.757272608,0.141596379,61.03300081,792.9305921,57.59042731,99.02117539,0
3.576985177,0.02640763,2.117741141,0.14549952,81.5181819,779.1630361,50.73123077,101.7552993,0
5.241447952,0.030077737,2.770798149,,57.49269286,804.8827691,45.23454515,95.76905324,0
3.68875965,0.037288931,2.669529461,0.128330463,62.7642126,778.6938805,51.77024076,97.26034097,1
3.197195541,0.010011678,2.866839618,0.163641288,,779.9697633,39.43861731,98.3083709,0
4.280027422,0.021592069,2.40857124,0.142772667,72.64234245,795.6944411,63.30672507,102.0283553,0
3.590899063,0.027133299,1.657875851,0.172144473,67.24910039,830.2880287,60.13938156,102.7236232,1
4.116901891,0.027244383,2.691828723,0.150228423,64.73706904,802.4613856,49.88484183,91.98990803,0
4.36257505,0.017778127,2.317538179,0.149766995,86.23083448,806.5896545,36.20267256,99.76389179,0
5.038968511,0.02315279,3.634130902,,67.9974156,,56.03254479,100.0845008,0
4.236897314,0.018729472,3.425992161,0.154461616,64.7866274,789.1811892,64.38256373,99.6531243,0
4.209013274,0.021297596,2.783489428,0.134120771,72.01751055,830.5441013,56.34366452,102.4015026,0
5.518407184,0.021030013,2.372914898,0.155295902,74.13647966,794.5624546,57.34646281,97.40288611,0
4.566435419,0.019813886,3.132167514,0.154920439,74.2966929,753.5729157,61.34882264,100.2174267,0
3.660127251,0.02566864,2.971772701,0.141284758,79.50514012,790.3270783,66.14489395,99.184736,0
4.750713411,0.009177015,3.033629767,0.144554093,72.43769995,778.5021131,47.2436133,105.2172107,0
3.811068751,0.027936987,1.999328319,0.146045375,74.09415301,803.7371068,38.77616754,106.6945183,0
4.930226454,0.031340825,1.967654474,0.150078082,67.75252799,818.2828327,40.47709602,96.24510457,0
4.474144329,0.027113883,2.065076695,0.144731505,79.80918348,796.0864851,51.09027083,,0
4.931787483,0.026479652,2.713904223,0.149053121,79.81885592,777.9458315,56.03407896,103.8980124,0
5.358253813,0.019744412,3.197616064,0.155332449,59.26040936,796.3072289,54.0622077,101.508971,0
4.645643878,0.013176492,1.697762349,0.157573123,73.18664526,784.3646465,46.66236351,102.1057337,0
4.149945973,0.023098771,2.443978826,0.167765011,83.46075858,806.6180755,50.88408894,102.6610476,0
3.824899015,0.035309645,3.05649399,0.149114331,54.6293992,832.7607728,49.10505072,100.7954929,1
4.217939059,0.027722357,2.616532198,0.138056494,66.85462366,824.0758872,44.41541818,99.01447746,0
5.099741625,0.014462705,2.268654613,0.143610462,71.10581809,796.2679853,60.1361316,96.46348616,0
3.49641724,0.019518118,2.048248787,0.146544128,65.65407194,777.3848286,43.71184223,100.8239114,0
4.126609898,0.012534087,2.211483338,,,822.2403724,45.17578777,102.8617763,0
4.716857209,0.023201723,2.105577589,0.154933774,78.32822605,795.7769617,31.28024437,94.14745804,0
4.889373341,0.02405234,2.71035815,0.153380326,84.5827054,766.3664209,49.79712794,97.94559968,0
3.929358738,0.025871204,1.874281069,0.1482219,71.20362949,790.3361188,58.5099886,95.36315699,0
5.138681441,0.025474763,1.713962105,0.147360969,66.45674527,801.469103,43.08325489,100.0733142,0
4.400121396,0.026496626,2.257053434,0.135545571,85.76098031,786.0826048,59.56531897,103.3986104,0
4.597848328,0.025276617,2.345091069,0.158830714,68.31536601,769.7811284,54.20264454,94.50012235,0
4.660106835,0.036162765,2.654575972,0.158275649,66.23544635,813.1108392,53.31296966,96.04755561,1
4.748133765,,2.720007786,0.146294509,77.48536941,804.6788019,60.5631882,93.68267303,0
3.560517654,0.018274671,2.80403803,0.155200946,,778.4979142,49.1823258,97.02787547,0
4.455459536,0.0286263,2.617174215,0.156342023,83.47797862,796.8769027,53.88503722,102.0151981,0
4.612279798,0.04261589,2.789150475,0.138924801,77.97309942,771.4540206,51.72369795,95.30821685,0
4.11988738,0.024667938,,0.146231854,77.53843885,814.198589,55.07124617,98.38477142,0
4.355310053,0.022031998,2.899936048,,74.63172023,793.8751149,58.775171,93.93620059,0
4.348080775,0.029282066,2.581331022,0.12882815,59.15280021,801.7826144,51.18020804,96.14377226,0
4.00148115,0.023546312,,0.172266613,65.05247469,802.4719125,45.67448622,100.9600257,0
3.827591457,,2.534229851,0.147457313,75.57883487,778.1369208,44.64035154,96.33863835,0
4.571221829,0.026119292,2.03758774,0.15021962,64.01049098,802.9384408,58.75298703,105.3765199,0
4.41421795,0.023710044,1.829063847,0.15874499,66.89174996,799.4225066,58.43191033,100.8019549,0
5.041381455,0.020124408,2.543474109,0.138573611,,801.1771668,50.00247452,99.63077103,0
5.065942779,0.012438756,1.971672327,0.15846278,61.82216348,822.2656912,47.10652049,100.7041288,0
4.621210016,0.02890131,1.868238515,0.159933309,77.30784174,786.3662917,55.09823218,100.3427242,0
4.801567267,0.040742251,3.039986257,0.153785542,77.24031873,785.195181,54.64486785,100.3052452,0
4.566377298,0.02296086,2.514342152,0.154813065,83.13215306,785.9489633,35.02474004,97.55630576,0
4.288787882,0.01496117,1.786996782,0.134201162,57.14274792,800.7180544,53.07831718,102.4415655,0
3.165737267,0.041882337,3.03725461,0.155680075,77.3792965,772.9171004,44.61546345,102.4394986,0
4.775138183,0.020053974,2.556215575,0.148156477,82.70351158,,51.93576166,97.84229471,0
4.412033495,0.016818524,2.671428334,0.147534095,65.30097373,776.8566893,37.30094047,99.30327327,0
4.91674071,0.012445162,1.484129824,0.148057787,69.00204217,806.9679241,50.72972131,97.57205152,0
3.149614433,0.027279111,2.619105504,0.148579474,65.17384063,811.8344977,52.05353646,103.5507458,0
5.303910959,0.021605213,2.819842501,0.137020565,67.74333616,803.4056254,42.8807823,102.6322952,0
4.131361867,0.027175729,1.687767541,,59.96896386,843.7075782,56.39941083,,1
5.601013576,0.031393638,3.161035724,0.155468537,75.57825774,,50.63567524,99.93008634,0
4.514997203,0.027024221,2.526263175,0.161119639,51.48355221,787.9666424,40.36493324,98.5454273,0
4.545238375,0.022173512,2.81173183,0.164627057,75.44621432,797.3059993,71.82214314,98.99034262,0
4.516052905,0.020714438,2.302286146,0.143798255,60.94198958,802.7984359,57.52249945,100.3850349,0
6.064849278,0.020036717,2.216458756,0.152399089,72.40839798,819.8898718,41.18058749,103.2562588,0
4.43903507,0.030151557,2.615927035,0.131141172,,770.376589,51.39300621,100.0092947,0
5.119548982,0.029146903,2.567350512,0.137556601,73.75346633,825.0021736,42.97943011,98.66267076,0
5.047540261,0.027951342,2.213723042,0.137904223,75.51390002,818.3516335,52.03190138,99.79526746,0
4.453737787,0.017099938,2.337751781,0.158408315,63.89288866,827.7628859,,95.89063645,0
4.876250265,0.034239971,2.87307016,0.128203486,,797.3431805,49.05915425,102.3809071,0
3.366300576,0.027010272,3.342658472,0.149262103,76.59843515,836.5361151,47.86546799,95.5314751,0
4.876454925,0.028311561,1.86234076,0.149441082,60.72103032,807.0601428,34.89684137,96.7276404,0
4.1648982,0.023804456,2.504096423,0.152583735,59.71043307,818.4691982,,98.38335246,0
5.202339991,0.020675741,2.92724476,0.152639138,79.64148635,793.0919826,54.40603536,98.31344972,0
4.45155235,0.023665664,2.671291598,0.149385559,64.57550851,798.0788507,54.07746631,100.1416817,0
4.974714649,0.019751273,3.179811044,0.147979502,67.79095425,806.3500941,57.06992676,103.2470381,0
5.164443657,0.032025501,2.649030575,0.156785588,84.77423396,852.11998,49.58870277,100.0584138,1
,0.012789614,2.883936102,,66.61339932,796.8594295,51.9341639,98.4538221,0
4.875766582,0.03586107,2.738057704,0.140028499,79.47909068,787.9010197,44.61745434,102.0162001,0
4.381508941,0.029115332,1.797489299,0.146602667,88.03895676,813.2765844,50.56144973,98.01295382,1
4.463147443,0.015309253,1.531039508,0.140916915,60.24834783,781.2427631,52.79011211,103.4105993,0
3.746598723,0.030518292,1.557143076,0.15624184,68.87671421,817.3531692,54.40834866,98.45390775,0
4.605085913,0.024285307,3.109103759,0.13575934,94.64137181,759.2983867,44.92512105,94.55638213,0
3.978682074,0.026999255,2.22879547,0.153827961,74.04320656,782.450234,54.68224989,106.5832355,0
3.472300116,0.020188686,2.064147708,0.159424073,76.74461064,,37.17309209,101.7433635,0
5.036320523,0.025303978,2.79861101,0.155968346,74.85274837,799.5057109,40.49277496,97.36263721,0
4.584791357,0.034708334,2.318624176,0.142385476,68.71465379,760.6375456,57.07633901,105.1307176,0
4.556470652,0.024069652,2.380137023,0.163077515,72.6375316,806.6333898,41.69310675,101.0026661,0
4.330654105,0.031672691,2.718286362,0.144668455,51.30292434,827.8284818,43.08371748,96.65321731,1
3.784935787,0.023460201,2.613258432,0.16173228,73.09416888,796.8849224,55.18131819,101.0288285,0
3.80249276,0.028913276,2.827210402,0.15526457,73.20823911,768.6641683,62.33220039,100.5794026,1
4.755390287,0.02391068,2.076349512,0.141429061,68.36157551,777.9718289,43.97596947,98.65584783,0
3.607877096,0.033888339,2.431026549,0.144762064,68.8063116,818.6040964,52.47450218,102.6652071,0
,0.02834323,2.353765266,0.123946721,65.2943079,822.3969347,,102.7655048,0
4.479244069,0.03389771,2.247917005,0.141237557,62.5071849,774.8558598,62.00551617,104.6827795,1
4.494870042,0.02731385,2.052728773,0.144176901,75.89771268,778.7114918,56.35938567,96.30902537,0
4.44423597,0.025786327,,0.142313564,63.27973595,823.6752825,48.50247478,100.4788946,0
3.819547623,0.01872003,2.298450409,0.154047903,75.13735828,800.469436,44.59614028,98.55246127,0
3.954449455,0.043295659,2.807896266,0.13780465,66.52032488,811.2654286,58.11792621,99.22763998,1
4.849207713,0.011077144,1.994997675,0.125181586,58.95142941,816.867158,46.9280455,94.22476738,0
3.69273654,,3.018825997,0.15838219,75.27948576,754.5402288,60.16422021,93.16757319,1
3.153415886,0.042204424,,0.144333255,72.18670273,790.8367616,,103.7250782,0
3.925654722,0.020008382,2.181077608,0.153222211,75.89410674,770.7177713,51.00291568,99.6851837,0
4.412388606,0.017531765,1.662116271,0.150660848,85.14841116,758.4014826,47.30084072,100.3954652,0
4.28846173,0.030294638,1.905170127,0.146711162,75.40222178,806.2277139,43.5663329,104.4494195,0
4.51229534,0.032179478,2.363615485,0.150965168,77.70486494,809.3825784,50.30573273,107.4880838,0
3.983277175,0.027584551,2.32444732,0.144128197,59.46314758,802.2425585,31.37810579,97.9690177,0
3.790018952,0.025552796,2.270022405,0.140003531,90.47144952,776.1412642,52.93435156,97.54826872,0
3.53955503,0.035185582,2.828580735,0.154282704,68.11084718,780.2806412,57.41669855,102.7638811,0
4.737743352,0.011438257,1.145894354,0.14137733,77.9498035,803.875939,56.3415211,106.3868459,0
4.588190359,0.02110691,2.638708224,0.136239935,76.77324885,794.4940174,39.13287812,95.8331017,0
5.539323736,0.023977,2.148642477,0.158127515,80.97985605,762.630493,43.60455107,97.38391051,0
4.642637455,0.036566953,2.539625866,0.169327517,68.63373401,818.7858686,59.29897559,99.43565202,1
4.565886723,0.027640221,1.654540584,0.134789207,88.38076237,813.0667371,,102.1134823,1
4.727103978,0.027768978,3.311235351,0.158737788,75.43274559,817.2682082,49.35790424,101.1275806,0
3.731647982,0.032786006,2.285381643,0.153888301,68.53485413,814.0466053,44.42774857,97.57232668,0
5.049430426,0.01016417,3.506702406,0.127240229,,793.5087066,44.59250868,102.2913246,0
3.614606196,,2.831356042,0.154151868,,784.2420186,60.7923412,104.0673742,0
3.539839623,0.031122077,3.123756693,0.152552172,67.14000112,819.5418149,62.32765385,98.40669179,0
4.651807785,0.012285188,2.554178236,0.15346689,80.49644258,789.3580761,55.6564248,100.7126362,0
4.427501176,0.02725949,2.441941487,0.16251028,80.16519038,783.7608564,55.42138188,101.7697579,0
3.560555907,0.027438598,1.947959896,0.133513303,70.13405657,810.2810277,48.19945,99.89302081,0
4.396472073,0.025178408,2.343837658,0.150439068,,834.505697,48.32019026,98.95506578,0
4.274580813,0.018703797,2.053450837,0.152008891,79.49523179,787.2761787,39.09482296,104.316897,0
5.890903869,,1.898750061,0.147690272,56.55743876,788.3031,42.44302288,103.6744148,0
5.306283897,0.020548265,4,0.155701602,71.08151788,811.1907322,45.84428691,97.0613545,0
5.025784362,0.038757583,2.488497502,0.146749285,71.85646356,826.6337818,52.18727724,103.2901579,0
4.415316609,0.030671647,3.250259978,0.141479807,76.76625717,806.7835869,40.31772819,99.30794333,0
5.223062538,0.027267182,2.781560536,0.131339248,69.29906949,765.9022792,50.58608143,93.58880673,0
4.109262222,0.035739146,3.121482192,0.141807094,73.07061201,803.9832131,52.09558834,98.32360693,0
5.197517418,0.02440791,2.693439663,0.149349727,70.18141372,795.8645316,49.17533774,105.1723552,0
4.417492419,0.01576409,1.475122466,0.155177354,,791.6825308,56.07423439,102.2272462,0
3.873694956,0.025103199,1.852644003,0.143563456,62.78617969,832.8053246,63.41339622,99.49919484,0
5.342366595,0.029846629,2.053177926,0.157773683,88.32462806,775.314638,28,102.3143107,0
5.407116789,0.021991651,1.701722497,0.137774041,65.87442991,808.4009801,69.16275547,99.97257612,0
4.339046443,0.019431024,2.386763672,0.143095563,80.60130893,793.3766315,62.90704884,101.6308271,0
4.615186671,0.030982028,1.936687414,0.140177249,89.58451451,764.0682644,49.53747229,101.7864956,0
3.562374167,0.018038456,3.290124045,0.160390366,85.39253053,777.6614147,58.20255239,96.03607936,0
4.277238103,0.023627616,2.488584341,0.150186794,68.7785896,814.5943597,67.11994441,101.8564838,0
4.323030214,0.016519272,,0.1477646,74.62030014,799.7612047,67.32747951,103.1321799,0
3.988204613,0.017773993,2.587851352,0.160485668,80.9587186,758.1322874,60.90356851,105.9873079,0
5.305779683,0.017568079,2.22618307,0.156047853,83.33620924,784.7226678,53.47541338,104.4050898,0
4.527827666,0.027520218,2.279663746,0.137243901,67.71545058,770.6176408,44.27519336,100.6772941,0
5.058679268,0.026061333,1.943174251,0.14398747,90.09761817,791.3190931,35.09460154,97.2985102,0
5.344953197,0.018956459,2.794431006,0.138244791,65.6937409,805.844219,62.59695414,99.28417263,0
4.666901735,0.032994914,2.195260891,0.149148939,80.45909081,795.3140809,52.7731935,94.2977062,0
4.88336217,0.016749341,2.155458419,0.156145621,85.13212489,804.2404044,48.91261015,101.2097544,0
4.33789612,0.029905157,3.974283208,0.152999475,62.3111507,818.1940077,45.95915366,103.4027442,0
4.729731514,0.011925413,1.659036524,0.144667925,87.58342492,783.6283784,63.16472374,99.87245023,0
4.662972884,0.018248103,3.075865145,0.162011155,61.8316344,809.0052474,58.9218247,98.55077778,0
4.856617805,0.026574019,3.243177082,0.138617775,70.87878706,826.4017646,44.28529518,96.57899109,0
4.332671395,0.020387445,3.11236156,0.137074897,85.06127033,740,45.90544036,103.7318605,0
2.880616557,0.013615007,2.278358773,0.140032725,72.81771184,797.7782915,36.29646863,94.99319866,0
5.557249769,0.030678802,2.521482319,0.149919392,72.90821829,797.2913965,41.941107,97.23251273,0
4.196252357,0.02495925,2.610699997,0.1335119,63.5237084,786.343055,57.47334625,100.4845509,0
4.714976261,0.016286685,2.393773148,0.144036222,74.7836572,806.7090319,58.69367257,102.4555295,0
4.376121085,0.012197137,2.262587401,0.143945572,79.85251918,816.382449,47.31307639,102.4306491,0
4.112025722,0.017425726,3.104979423,0.143710017,60.11701479,820.523296,53.8938265,100.2504119,0
3.360238622,0.024470984,2.299077559,0.1359412,85.89356979,762.1130087,50.00135453,98.01830188,0
3.948286594,0.028357575,2.286242631,0.148322756,81.24574681,740,49.48577346,99.47592418,0
5.111010383,0.030172288,2.785075519,0.14814958,66.93539322,802.4759358,49.56435403,102.0781659,0
4.023077982,0.027776587,,0.161435304,76.58166858,749.6960639,56.55818648,103.1699816,1
4.500519802,0.027331479,2.459310374,0.148277215,61.23666304,801.350647,53.17548008,99.00495542,0
3.580348327,0.027628462,2.552684227,0.151651775,73.57788066,760.9340801,40.89870307,102.0009184,0
4.779742338,0.03080773,2.882189307,0.13297821,74.93625701,829.6943929,65.57909101,104.6570193,0
4.506856318,0.034984048,2.326041579,0.144394647,87.78077956,774.8082606,45.28430505,100.9151312,0
3.851743614,0.021683613,2.045234276,0.142242428,75.04876817,780.4243761,42.11937373,102.1066132,0
,0.020010668,2.873391095,0.141786941,80.50752064,795.3388006,54.57437678,103.0190605,0
4.445780547,0.024977058,1.827050181,,68.73198439,832.0220797,41.95525897,95.49230425,0
4.123252396,0.026582107,2.178843036,0.152838365,75.11181169,,50.7912834,103.1038391,0
4.885845704,0.025286007,2.645426569,0.164457756,94.50227004,756.2671721,58.46808481,100.9425881,1
4.230512444,0.019377223,2.530862065,0.124087725,75.02122204,800.716246,65.84068403,97.81023152,1
4.956382755,,2.120506283,0.156052698,86.10987082,770.2572197,51.7618333,104.023003,0
4.341048938,0.032799746,3.137580926,0.167028107,57.92768535,809.6185784,54.367329,98.16099094,0
4.714122025,0.020539502,3.006222726,0.170576436,76.15632219,838.8539183,45.50306291,100.4268277,0
5.164831888,0.014025414,1.263219561,0.137751559,73.7567815,792.8456218,58.4143046,99.03438066,0
3.810584864,0.014193729,2.684000477,0.153103904,94.10458684,777.0583571,44.54750772,96.55379544,0
4.219094893,0.034739884,2.953276599,0.150606136,56.11452507,811.1749844,44.11214665,105.4820655,0
4.251727572,0.02359964,2.646851407,0.160529026,64.37883182,774.5006275,67.54242472,104.5778412,0
,0.027155493,3.158407667,0.138173777,62.13151301,804.2732695,62.49268954,102.5501919,0
5.240665829,0.028745959,2.426657555,0.160161776,76.43966565,797.9254263,57.12286665,101.2368248,0
4.410318106,0.023581027,3.244520584,0.149543692,69.48964421,794.7825492,48.75396307,101.6773173,0
3.653017398,0.021982968,2.789802614,0.132133175,65.62234252,839.03944,44.32054674,97.08201346,0
5.48584797,0.015063543,2.069174247,0.181080593,63.62540568,761.7316535,56.26438557,101.828992,0
4.018394059,0.018759449,3.007546138,0.151738144,80.74970317,825.0745179,43.72451702,99.53670488,0
5.024807397,0.019261999,3.081528098,0.145743725,72.65394036,800.9877155,,101.7759194,0
4.127077028,0.020755568,2.203504398,0.151244624,65.45630569,809.6005649,39.71507181,104.656412,0
3.829694245,0.017694372,,0.139093142,76.68387457,788.7017666,54.72209151,95.70505705,0
5.994181395,0.02734898,1.656787185,0.144271099,58.15451508,786.6589951,48.08289158,99.51680976,0
3.941519455,0.020958744,2.423463944,0.140148452,66.06780398,808.0389519,55.72888186,102.3481587,0
3.699620131,0.043143369,2.950085483,0.159614716,45.01765761,789.7348666,47.5405063,99.23477723,0
4.050343275,0.022425683,2.708812356,0.149010516,77.86650636,743.0103882,41.37564896,104.5905442,0
5.524755684,0.017963459,3.543882351,0.161886288,74.28225381,799.5807627,55.0786017,,0
4.736927611,0.023633436,2.179044033,0.138669735,81.35278148,786.34402,54.14441795,98.51537723,0
5.866249644,0.024798972,3.063981836,0.125170696,74.10975376,805.2363184,57.7688891,103.5442885,0
,0.024635446,1.567404956,0.169207479,,762.2240764,37.8556216,98.06143491,0
4.873241108,0.02125167,2.651450924,0.13127,68.03264468,817.6849427,52.97533742,103.0129086,0
3.532960189,0.01749468,2.235207283,0.154333851,64.64373909,804.5563908,46.6395719,102.9297189,0
4.573693997,0.017052799,2.983646914,,69.04664378,815.906816,50.21886392,99.45306596,0
5.819614808,0.034576144,2.191367045,0.148797357,76.63330626,804.7691264,57.54089039,98.15811716,0
4.062858312,0.023166257,2.492235049,0.15009524,85.10601487,816.8898899,48.81498534,99.92528014,0
4.282983628,0.025669756,2.085691688,0.133156515,68.88764193,762.208009,59.20102184,96.92922682,0
4.906534377,0.029153143,2.887607744,0.150117978,67.63201901,816.0440589,54.63869297,101.5944265,0
5.108430255,0.028655821,2.453028182,0.143428425,66.3146387,806.5491766,62.40790768,101.3601759,0
4.264449615,0.008250183,2.014951336,0.147631396,71.15668775,796.4913548,56.24659512,101.2625485,0
4.043324402,0.025040432,2.235702214,0.146507513,77.87086695,813.9545966,51.11186795,102.9456482,0
4.562327383,0.023567982,2.311813965,0.161763846,71.78083158,811.1771338,,103.0410987,0
3.268794467,0.019969437,2.989446307,0.151144881,75.3484851,794.897474,47.86581254,100.344223,0
4.604420789,0.017037099,2.922578439,0.138409221,74.9813657,787.5335543,59.38609364,100.0227977,0
5.299228027,0.038351232,2.218893826,0.144743789,78.93060627,842.3355951,52.20559526,101.1201709,1
4.219645531,0.023948735,1.691881879,0.153951567,75.27592618,779.1199521,43.98420181,98.86154099,0
3.590586268,0.031740942,2.420786993,0.161576241,76.87205776,773.998405,34.0206152,101.056413,0
4.769175876,0.018870467,1.53295888,0.141632252,85.38249455,797.589029,41.02393901,92.27460253,0
3.436520495,0.030332264,3.101877058,0.140980299,71.74479992,787.8656031,48.27895529,93.69728856,0
4.429672053,0.020023553,2.030152382,0.159486607,75.33072872,791.838208,56.19705336,100.6845085,0
6.022259892,0.028485487,2.353789601,0.158954474,,,43.59112119,101.1221572,0
3.624942829,0.013735289,1.849082378,0.158269238,95.90202543,780.7207073,45.4810773,104.4201116,0
3.152215097,0.02088968,2.573950246,0.170496528,88.60238379,781.9460084,45.85029041,94.82768952,0
4.265694849,0.026780523,,0.147179614,72.68528596,780.4459415,28.15684757,98.352527,0
3.764804127,0.024542829,3.389045914,0.153890072,72.1425814,836.7430257,56.02367549,97.61567278,0
4.861024424,0.024605895,3.16936213,0.1534202,53.37361232,813.1061677,53.63757519,107.1821585,0
4.488742529,0.01394553,1.605037079,0.145344107,68.60301833,804.7658203,62.32154388,97.15240031,0
3.955135663,0.029071877,3.230258523,0.13397672,80.97730734,808.7130222,53.65311197,99.19657175,0
4.352786391,0.018347504,2.402105426,0.147273171,94.51410321,788.4055856,44.42772662,102.901514,0
3.768012639,0.022798314,2.431358789,0.150304064,61.9295259,785.0197116,43.3486217,103.9914084,0
4.027683197,0.028372393,2.390149507,0.148528951,69.09646066,793.3263515,55.6589726,100.0006657,0
4.850011654,0.027662602,2.852653298,0.167398514,73.90170474,818.9751827,72,97.13698573,1
4.556924485,0.024243909,2.685654307,0.163619189,81.03178277,836.7036633,60.15546422,103.7670112,0
3.463456963,0.032630884,2.888501233,0.153191225,71.08947401,778.4387834,55.28301698,106.0834241,1
4.245684553,0.037646205,3.028437882,0.160384095,73.90508626,799.1217844,46.64230824,105.0812776,0
4.01776025,0.024003594,2.105245902,0.136862817,72.03562554,789.0913527,48.81656366,102.02784,0
3.401750599,0.032581914,2.519126422,0.154722857,62.96951278,812.1939583,49.3693626,105.5095669,0
4.885900032,0.008769904,3.223098127,0.157073844,73.94639518,807.6730452,35.77974782,96.9311896,0
4.95500044,0.023416214,2.833540764,,64.01345645,838.1882066,54.85838129,103.491152,0
4.179196668,0.020713364,2.919749163,0.144740602,81.66527293,797.0224839,51.38325083,104.4042652,0
3.610355276,0.024101991,1.94127837,0.129690008,74.78179344,813.368925,53.71440718,100.0321145,0
4.084232119,0.018603031,2.780609469,0.148480798,76.33542912,783.5830016,59.99858718,97.31972714,0
5.358559718,0.016430872,2.622688454,0.15142544,75.00792468,809.3608815,52.87608036,99.19494737,0
4.110333352,0.021946737,3.229475874,0.152138139,83.80913333,777.2208747,54.38881507,95.84422281,0
4.543697001,0.026799084,2.616276116,0.145207016,81.08758084,,52.62816511,92.9586917,0
4.202441125,0.015373538,2.724471861,0.160263439,79.85077033,762.8151035,36.55197937,97.56633392,0
4.944593831,0.022907357,3.069021977,0.144452902,79.80044305,788.3910695,66.59115029,101.3501829,0
4.495925577,0.01670698,1.886503759,0.160142592,78.85270372,812.8712682,53.01439754,104.5154602,0
3.927943489,0.016159759,2.505056793,0.155522553,63.94392101,826.8928108,46.63564862,97.7752364,0
4.617439329,0.02480275,2.65405706,0.153077885,,776.7992357,46.1961039,105.8801004,0
4.649493886,0.014698208,1.746587498,0.160230637,89.77908758,769.1712313,46.45446743,98.91515587,0
4.491627208,0.031136264,2.657824529,0.160655048,64.3993355,818.671343,30.66790769,101.5832053,0
5.29080165,0.018703275,2.474505767,0.153410637,77.83545983,773.0094864,42.9178122,101.7050065,0
4.027722755,0.027729426,2.279209076,,67.77147773,803.2513737,53.73575519,98.22251781,0
4.318193962,0.029407386,2.483692016,0.151077272,90.89143356,800.4368,53.04314575,97.72923763,0
4.60960707,0.025380731,3.094458665,0.139150363,78.03068701,766.5892126,48.47545556,96.26192854,0
4.198758475,0.01737512,2.278586864,0.156459993,72.68242105,828.4125425,43.20802091,105.9799703,0
,0.032721779,2.654949868,0.14846356,76.46648425,759.3488878,49.40200231,98.29236928,0
5.412698491,0.02072016,2.779515706,0.165933982,77.91354257,804.590157,51.33497375,101.3231093,0
4.165556235,0.020374934,2.681766752,0.134681349,78.12271684,807.9397383,49.43956344,105.7646712,0
5.306510094,,2.446331134,0.127753615,59.7118082,818.7188847,59.50447308,99.06922462,0
4.197162457,0.019875589,1.912927966,0.135367084,77.15861233,778.8101619,54.06321367,92.62290366,0
3.120480077,0.020535481,2.401759868,0.14165001,89.41104534,775.261418,45.41656251,106.6073684,0
4.919213166,0.019414391,1.808073655,0.133466045,85.59189413,804.7876916,34.67051955,97.67628772,0
3.768037351,0.015116614,,0.141664637,59.41676806,818.7296422,40.5275255,92.35271726,0
4.344923257,0.015589317,3.119834792,0.138823761,76.57243466,754.7990324,71.50199824,97.60432797,0
4.245694356,0.026549896,2.255586394,0.146270976,70.10136585,800.5495905,53.33894361,102.5843696,0
4.312688488,0.026342107,3.424362866,0.125495821,68.56885695,793.5992619,56.65419011,96.91726385,0
3.761205439,0.020147479,2.948470029,0.157727402,68.84103257,777.7757657,60.18587407,104.7797825,0
,0.028665179,2.039826053,0.142999649,88.93739055,801.3177376,48.67000292,98.75847225,0
5.444418493,0.01998791,1.608114398,0.143052925,66.84611262,793.1588642,45.85022059,102.8761824,0
5.181952398,0.014008051,2.947266014,0.164219332,74.93438216,789.9127175,51.73882715,98.75800905,0
4.550944119,0.031326642,2.841757637,0.135255801,73.88689711,785.1999134,58.67505826,100.2598371,0
4.289955477,0.007282746,2.224693459,0.150473655,60.52438996,790.1925088,42.59638026,97.38851258,0
4.597209971,0.017051098,2.509756157,0.141417219,72.79713609,837.3077345,53.90018115,100.1455504,0
5.06944239,0.02406927,1.883348032,0.157521048,75.25128089,803.0686059,40.4028521,99.87440211,0
4.626329122,0.036488613,3.131640145,0.148847519,64.90857515,777.496051,41.18911715,100.9984435,0
5.157589157,0.018870953,2.218940597,0.142559341,62.91299126,,45.90498927,106.5835043,0
4.546923411,0.033537067,3.454838319,0.146461689,72.5281321,830.370707,38.77765621,98.28339755,0
,0.026347892,2.998807414,0.160370121,79.79684092,,39.12788452,100.6214259,0
4.970693205,0.033746872,2.746477238,0.155322608,80.93240491,787.8688958,48.15679918,95.77956908,0
4.244076963,0.021343023,2.472129038,0.153587432,70.27372825,762.8969369,60.89855551,100.3603939,0
4.921661309,0.021775156,2.646905983,0.160614439,71.77975006,765.6126707,52.23952905,100.7224632,0
3.834183826,0.031912509,2.054257061,0.149785834,,800.0874557,58.63117248,99.56659744,0
5.613026125,0.011237658,2.727536413,0.135532595,83.59113086,825.3286564,41.34751506,94.70617866,0
3.9868653,0.024583482,,0.129839862,66.39942058,797.0977903,68.45971213,95.11967052,0
3.672398573,0.030239538,2.666348366,0.155108773,77.98155667,776.406571,51.55840977,95.34954581,0
4.205690924,0.040778295,3.038230678,0.135480147,60.91353647,824.5693536,52.0109795,101.6415761,1
4.887054211,0.028700985,1.71996929,0.158243353,76.57929517,793.7583948,,97.87958204,0
4.072277744,0.02968444,2.918807831,0.136829704,71.9148634,779.1682609,43.14803657,104.5585443,0
4.610983935,0.022983999,2.224952169,0.14149163,65.98628216,831.7881272,58.91213391,98.83536844,0
4.898810013,0.027277897,2.280305725,0.143790262,81.98431153,764.6221743,50.23716606,97.81864533,0
3.860737252,0.010127593,1.868553007,0.146337049,74.01919901,822.9931456,44.61655193,100.4243079,0
5.298913972,0.022225087,2.662426962,0.160107552,56.31163086,809.0302484,48.36977646,97.21914726,0
5.528403589,0.016417712,2.98159975,0.162020359,85.3643313,807.0721462,46.57338977,96.62145653,0
3.781470431,0.026288738,2.27612365,0.12931322,69.44374615,796.6661468,55.62767306,103.0867095,0
3.841765192,0.01910908,2.85753273,0.148991534,52.30178695,804.3928069,49.90974012,100.8957784,0
4.575325133,0.019515221,3.210236567,0.146314428,70.75882326,767.2434452,39.37999364,105.4971115,0
4.74330677,0.021656273,2.72961873,0.146993972,73.68796455,821.6405416,53.57922003,97.31390938,0
4.095351116,0.021311115,2.052857655,0.148062541,71.25087171,787.4591268,64.83265808,101.4816174,0
3.995359347,0.034611291,1.122893707,0.162882716,,776.2120472,35.89419775,99.329508,0
5.500199134,0.029183718,2.648549905,,67.86266517,806.6337508,60.74408492,99.2544438,0
4.190847214,0.027384133,2.636525111,0.164078935,71.67483525,762.792505,46.38631889,96.42978555,0
4.755645269,0.021163395,2.890375916,0.136348378,57.56896843,782.9760724,42.71483199,104.335811,0
3.842485619,0.024461407,2.41697005,0.137340589,84.60422617,744.867712,35.24124541,95.51215433,0
4.239692779,0.033694879,,0.140970835,70.1731626,774.8395302,66.47119147,100.6723273,0
4.099044828,0.027064284,2.745140187,0.15819879,81.90648882,809.1855708,47.68550683,97.16844063,0
5.871785915,0.022151392,2.465828029,0.134374569,45,825.1265823,43.6998775,102.3355784,0
3.97056484,0.023277838,2.354136784,0.12895574,78.5622944,836.6514099,53.00273512,105.2312181,0
3.800509304,0.033203759,2.158992689,,65.04859789,822.7410216,52.7191499,96.75851102,0
4.623980496,0.023747548,2.082526328,0.142595083,75.94844144,742.9928063,59.26429018,,0
4.301466618,0.016429015,2.533267906,0.154968312,57.21363973,797.5307158,54.76680928,101.2038092,0
5.663581076,0.013617248,1.979063973,0.153054135,70.74025775,,45.14357972,102.6890241,0
3.726554413,0.02545903,2.679861922,0.148793016,81.04928744,776.7419115,47.01267019,102.8774253,0
4.542294612,0.027361435,2.953539492,0.158437788,73.1362898,806.2250839,57.98503149,95.3498734,1
5.887791929,0.036761229,3.058166344,0.141838614,68.67817619,780.55679,60.43391342,100.5531991,0
4.615170953,0.019594379,2.10781005,0.146893958,76.90074656,771.7481253,59.51887081,108.1071094,0
3.821190865,0.031277896,2.886063966,,68.1640644,830.4939353,58.88900329,101.0989462,1
4.172429139,0.019256347,2.537833733,0.132433855,70.67530434,806.7638016,41.05827188,99.16684813,0
5.444756647,0.021339849,2.629096499,0.140600395,67.4093106,791.4622326,56.81403945,103.837022,0
3.422543168,0.017245321,2.177312397,0.142534071,75.67609697,794.8095692,43.54121254,98.01597084,0
4.646073824,0.030446402,2.69266029,0.139780294,83.95817823,834.8778732,39.48799487,104.4078937,0
4.728799909,0.020446925,2.354230917,0.148580715,57.95276605,,55.56651256,100.8212334,0
4.848795251,0.022421595,3.003390614,0.155776499,71.09612249,746.6649948,43.59011682,98.60783692,0
4.830671674,0.007789713,2.336170203,0.146537904,71.67743196,792.0323854,62.49929711,97.55926405,0
4.248129023,0.021650999,2.545154472,0.139202767,59.22187382,817.5898201,55.09358153,100.6277575,0
4.150387953,0.0346371,3.319863032,0.133628419,59.08778907,792.5893913,48.57967413,102.1201958,0
3.589937152,0.021392428,2.709478867,0.15716504,95.63535719,792.0986365,34.08343225,99.5053278,0
5.461093891,0.010503149,2.468853495,0.124450908,72.30349141,821.9715364,56.81931203,98.60539043,0
4.083252575,0.027031246,2.756826861,0.160566128,86.49656495,758.6642838,48.91179123,102.0366042,0
5.078757756,0.027097545,,0.141331982,66.73882755,784.3518208,59.2817436,,0
3.672647808,0.031582937,2.143176727,0.153144044,85.83530817,,48.86490371,104.6739583,0
5.002850172,0.01463578,1.859823173,0.143669305,80.31387631,781.233419,42.02724419,98.24146878,0
4.665707302,0.028130821,2.416209938,0.161523938,59.88931831,792.9431529,46.09247882,106.2165385,0
4.27039607,0.032833812,2.76059074,0.14797458,56.844554,805.6338752,53.08902569,97.3675166,0
4.060328394,0.02967009,2.074456237,0.150398282,66.8126285,805.7913053,52.51643697,96.83288547,0
4.573673015,0.026879022,2.790371483,0.173983834,80.35017114,742.6577559,54.47435085,97.87937019,1
4.484106788,0.010697695,2.488021151,0.147992074,64.62258045,810.5874954,54.29783363,104.1730535,0
4.625692304,0.018447682,1.911495256,0.158017541,92.83133468,770.3130789,31.03992344,102.0265576,0
5.450214083,0.022241548,3.321541957,0.151915456,69.78162907,794.9204397,56.93623201,96.33134493,0
4.20068849,0.031891781,2.176577239,0.14311269,82.97144914,796.2292663,48.99243493,101.5752863,0
4.293295943,0.020485266,1.905745092,0.136917315,70.15688504,814.8444186,47.21824985,99.29329496,0
4.450376725,0.02050716,3.094348488,0.1337734,61.58582364,831.3469029,46.69279078,96.05689147,0
5.150530322,0.019605847,2.030642263,0.15843261,87.24407104,793.7843921,38.04725758,105.5115886,0
4.215421312,0.013509711,2.738778193,0.146940134,74.11835927,789.1281504,50.1780481,100.1834256,0
4.210787052,0.030442472,2.825845737,0.136105435,77.19938459,850.9542948,52.69495549,102.1215192,1
4.702148061,0.027206682,2.689907812,0.152023861,78.68259878,837.077581,46.40872696,100.4213595,0
4.704762695,0.02509402,3.499385143,0.159924476,61.69028504,813.6503121,42.09215411,105.0751676,0
4.542594949,0.034038079,2.556086888,0.136486876,68.06213578,814.5941116,47.49260185,99.6723215,0
4.829978518,0.035001749,2.215288271,0.15897535,73.07010775,806.22772,49.17614493,103.921273,0
4.618170689,0.023424924,2.660275268,0.155004898,74.64634842,785.2153033,40.31573384,102.2273955,0
4.442979749,0.030479519,1.767615705,0.136554218,53.77306052,817.5043641,46.51761469,97.17192354,0
3.8162635,0.031006206,2.894417854,0.122183906,68.75833006,831.9009277,42.49052901,97.60704993,0
5.39488239,0.026143179,2.601639428,0.154349093,79.46415566,786.0157587,48.5374563,102.31066,0
4.806101253,,2.57503038,0.152811544,77.12106044,762.6375218,28,99.12644461,0
4.80769763,0.014719032,1.650164055,0.14175409,88.48915934,758.8048671,51.61132653,99.38884111,0
3.725650373,,2.492951381,0.158300896,63.75317726,811.5225505,43.91025025,99.57465303,0
5.211013249,0.025708843,2.570755605,0.148388943,65.87761268,784.167092,57.93763621,103.5568736,0
4.309288885,0.014987335,2.232213258,0.172687057,66.09496834,808.4615878,43.37667439,98.30317725,0
4.572757363,0.026005863,2.79687566,0.140481191,66.31678083,797.5839566,47.80743895,99.94908849,0
4.49076364,0.019822052,2.317517967,0.148177218,87.17439804,771.490808,68.02841605,101.9127925,0
3.930539589,0.030825004,2.038042298,0.135108319,68.13813985,802.3680566,49.40320554,102.5279855,0
3.157526676,0.02657336,2.280091942,0.150803431,67.69790838,783.119194,54.95044754,98.78700145,0
4.988077714,0.024249167,2.372612612,0.159593948,68.76232913,781.510564,61.63599107,98.49641943,0
4.589020018,0.0273178,2.571323239,0.144491353,72.94632432,,50.27911609,96.85181152,0
4.763351144,0.025043063,2.146528512,0.139100209,68.32943825,773.4880126,41.29646741,97.84660245,0
4.355761667,0.028091881,1.775727093,0.14991944,62.13329058,824.9373548,36.26851124,98.5507093,0
5.736585708,0.028752407,3.133283909,0.143295493,57.25079095,819.8491193,48.96823503,98.93262687,0
4.24898651,0.02452909,2.279526561,0.150905626,84.10091142,777.0167165,40.67487387,96.83808295,0
5.049013441,0.023869569,2.288543733,0.155691427,77.37663376,,48.91300821,98.24008669,1
4.265118179,0.030975726,2.144781285,0.154875466,76.98376164,804.4782405,51.00177358,98.19803982,0
4.353819752,0.011681649,2.968857592,0.148236102,74.53724816,801.7098838,49.53444646,103.897843,0
4.027602034,0.033062316,2.360375591,0.14739899,68.57399905,806.9947791,51.90878287,96.68814342,0
4.527525676,0.023070681,3.931136797,0.161261791,68.389909,810.166076,46.10443734,96.66361411,0
5.719934084,0.01483022,2.806691542,0.16779888,66.82244167,822.7724765,40.03029411,100.8494075,0
,0.033937323,2.802784106,0.139935174,68.22791959,823.2511807,39.84406783,93.17887224,0
4.520087721,0.028482328,3.164474689,0.148045654,,799.034866,45.66315969,100.1233101,0
3.407804131,0.015466502,2.575448592,0.139982932,67.07656154,803.0132235,55.75797263,103.1592553,0
4.253092314,0.024305857,2.173684804,0.156349339,57.70501761,807.2902696,66.73325406,95.84151848,0
5.01626611,0.022581203,1.773234637,0.143297826,67.25716356,819.7182563,44.08810562,98.05069703,0
,0.012504911,2.670448026,0.133133407,75.48601941,775.451107,56.71513863,97.03697185,0
4.034221587,0.012327192,2.686880653,0.141297777,75.38436581,757.2495724,47.55141104,98.34775621,0
4.693966904,0.006817469,1.929210218,0.144147977,62.65629841,818.8656353,51.12047046,98.10896422,0
4.68821975,0.034619337,3.439023249,0.147532652,55.70904602,846.9182731,49.9156692,101.1305968,1
4.101082164,0.038783593,3.586237962,0.130489206,66.10340273,855.46729,70.47838415,105.5412388,1
3.537636691,0.041813428,2.802207248,0.162663435,63.01076955,790.3090458,55.08380562,103.9138884,0
3.651528943,0.024945232,2.994643866,0.142472207,57.76518577,826.6616293,72,98.7806839,0
5.17378134,0.017641389,3.241393785,0.153258514,75.16541427,,47.56706649,98.36434812,0
4.74941506,0.041397901,,0.149784934,75.29478054,774.1795436,50.64405071,103.1927981,0
4.680449386,0.02169504,2.561154459,0.146067836,68.03493906,794.5039009,43.17623456,97.99916217,0
5.418629732,0.02775818,2.582179313,0.160361342,70.51231682,768.8198032,46.43591158,96.70545599,0
3.527586624,0.027947371,1.997591087,0.147243298,73.36837531,850.6033834,54.22076578,103.4881097,1
4.838024514,0.023589228,2.487031327,0.142231364,74.50945612,808.5094059,53.67670048,101.724121,0
3.713113439,0.018141707,1.680275444,0.139096303,76.79234848,812.4801461,55.23703123,95.82359326,0
2.977618374,0.029083893,2.67581031,0.156320512,70.25614166,816.4361159,48.10240014,101.559402,0
4.497470915,0.037486686,2.933458713,0.134513491,61.1168517,812.565263,44.39060673,100.2925316,0
4.896058964,0.027743611,2.549462097,0.128535434,68.23211537,811.8106228,47.02935981,104.7538699,0
3.785406467,0.033120703,2.741163176,0.156839212,65.7788822,778.6491279,56.0938,97.11961148,0
4.085596828,0.021168298,3.138461,0.157668118,76.03306056,834.4237532,50.16114228,99.63370343,0
3.202075295,0.031513126,2.419858898,0.171644648,,833.4608509,38.98863642,104.6005258,0
3.917735777,0.028810823,2.890644007,0.146212084,79.62419478,740,55.08496689,101.0704407,1
4.836419414,0.017532077,1.87479997,0.150779917,70.92578132,829.4176302,51.02412277,96.53487002,0
4.646087166,0.015456272,1.30890849,0.165966406,75.23162448,793.7406725,55.95956734,98.01160098,0
5.433722267,0.032391077,2.342438867,0.148061274,79.60870811,788.8874179,47.60285465,98.46721505,0
,0.020635015,2.047953471,0.151985247,67.43895769,776.642689,47.25309045,97.95699948,0
4.86085693,0.02341228,1.72228426,,77.88342391,794.9826404,51.40888909,101.6113759,0
4.32310241,0.032895252,2.257039688,0.14891689,70.10213817,775.2673113,39.98582325,,0
3.764025244,0.025862036,3.230309896,0.129006214,63.92454165,791.6090308,49.93347809,94.38694627,0
4.863835338,0.02348043,3.107685913,0.156602925,72.30852466,819.874773,51.47178841,99.49547842,0
4.998018571,0.024557971,2.724200388,0.154202625,71.10397853,824.1630631,50.92459353,102.9586826,0
5.712054611,0.019458877,1.782537813,0.131706894,65.10781232,821.4810325,56.48880653,99.65230622,0
5.480311112,0.028247127,2.665792705,0.135164209,70.76175315,803.0489555,46.74958075,98.95997272,0
4.802953812,0.015429794,2.4771733,0.136061431,69.99053532,786.0390964,34.58937684,99.71661379,0
3.412616045,0.034301981,3.428229842,0.151693003,72.01443192,825.9945719,51.19717376,104.3347236,0
5.266209938,0.034485351,2.821397443,0.147482595,71.34796346,811.4789699,47.10287237,105.4497644,0
4.685697591,0.018396334,2.847801376,0.171143883,72.3870078,819.6865177,43.9876997,99.71239314,0
4.214083731,0.037435464,3.587633533,0.159602011,66.48904351,770.3415031,67.32020395,96.34303984,1
4.475022894,0.032944052,2.722426813,0.167278126,61.71032271,800.0891101,57.08090299,98.5301525,0
5.539161614,0.022065288,2.432200921,0.144302441,78.35915794,768.8611644,43.20970892,106.2570563,0
4.436740476,0.026779096,2.017320418,0.142954613,79.15839515,827.5385128,62.10540194,99.57488841,0
4.755547889,0.01848796,2.982448957,0.157579904,70.41719176,792.5015197,40.51964029,95.34636455,0
5.527480114,0.017401305,2.197012297,0.149368176,62.59611941,812.5159553,30.60870566,91.56762358,0
4.496975385,0.037149976,2.25855746,0.140422891,70.90391993,798.0409789,44.60506489,99.9632453,0
4.780157848,0.016927908,2.032473569,0.170570852,68.6765612,776.2474239,63.87666177,103.0749472,0
3.806215923,0.030402612,2.855116132,0.146533457,63.30728128,835.0119187,43.65710581,100.7658347,0
4.251838358,0.037900489,1.967892945,0.149396488,74.09470673,788.161421,43.02648375,99.42747284,0
5.122769188,0.024561772,1.592390617,0.153234853,73.30613338,787.9300313,45.73489292,103.5761481,0
3.267438694,0.020881601,2.560906669,0.144597118,62.55144764,822.7534077,60.86812566,97.26543478,0
4.768935062,0.024757993,2.512786443,0.127954272,60.63772581,806.0771022,62.96009774,101.7073137,0
4.341526097,0.030450813,2.443607178,0.151332177,79.24302188,800.7926868,39.81436379,100.611421,0
5.034195942,0.027744166,2.463511832,0.143203157,82.09645693,797.1896023,56.76774006,104.1290202,0
4.50232491,0.015192941,3.262065247,0.15774148,79.57821251,796.1663199,44.64598834,102.4273238,0
3.876083323,0.012822994,2.120139453,0.140828793,72.19723659,754.9974067,67.3447523,97.74079984,0
4.88932402,0.012417958,2.393497532,0.139483913,87.87952102,784.8934041,44.11941942,96.31733687,0
4.908488781,0.028712478,2.779186875,0.141376891,57.71754836,815.7670302,44.41018044,97.73593629,0
6.122266643,0.027674472,3.081600005,0.157431722,69.46366974,802.3266877,44.83791294,97.99178232,0
4.214302266,0.026111766,2.370844128,0.153592161,54.32367627,824.6243369,44.37683136,95.20504377,0
4.416434986,0.01967925,2.835470015,0.137571388,76.50330028,749.5007517,46.40382656,100.2653982,0
3.95835767,0.005,3.063775122,0.143387662,73.42632887,810.5126088,43.67269099,96.59381236,0
4.320822347,0.013800013,2.415679485,0.152282175,65.48762311,785.1479359,52.21579853,94.38908786,0
4.915680101,0.02054066,2.331458935,0.150863714,67.07253961,807.7691107,65.31421094,97.15058867,0
4.347908151,0.032477217,2.83476705,0.153533505,64.54733142,856.9317206,44.07953279,95.36330865,1
3.649556491,0.016400053,,0.152895617,80.79397607,790.3007042,45.48171286,104.1074596,0
3.944238918,0.020485209,2.237458422,0.13698496,,826.4766439,49.67264077,96.19219461,0
5.791926239,0.019159297,2.395655551,0.135927903,81.95651493,784.6552931,56.27075008,98.38265881,0
4.886979417,0.019639421,1.644494358,0.1299365,62.23930921,804.920244,50.41362266,,0
4.041413283,0.037159659,1.355514338,0.158566589,73.14145848,840.3467025,41.37200913,102.0208827,0
,0.038931966,2.830662781,0.150440856,57.54413328,851.4089307,51.08084905,102.3382817,1
4.719475394,0.027724285,3.252189956,0.157808068,77.43548195,812.2766903,57.68654141,98.81380354,0
4.962927054,0.026012211,1.514454657,0.133593509,64.09783915,791.9978605,38.91744447,95.86131273,0
3.888190727,0.034827708,2.90116767,0.140178681,80.70980454,806.2228129,48.48829006,100.4985652,0
5.392660207,0.023846843,2.986519291,0.146996274,59.96859684,785.756665,48.76557436,104.6566273,0
4.393683556,0.028618812,2.671076338,0.152128995,65.75338957,824.8286921,47.12828628,100.5304664,0
4.680575853,0.016931591,1.233795885,0.14133737,73.75236683,821.4123064,30.52657848,101.1695636,0
3.827485705,0.027114004,1.80720467,0.161665899,65.85079736,808.0411404,54.03915696,96.33007832,0
4.265643521,0.019868083,2.230837488,0.155642895,59.55700156,824.4499529,56.54081237,101.2182757,0
4.731752519,0.030953488,2.899324261,0.138644518,70.07133011,791.6734367,59.86018309,102.195027,0
3.802426841,0.036494355,4,0.148489535,73.6748407,784.9715617,50.36075928,103.4584033,0
4.448104639,0.01531075,2.439815605,0.146553742,63.40024952,796.2030785,53.22713952,104.8994611,0
4.481345053,0.036647494,2.346436592,0.147057177,71.46074623,789.1076615,47.75506788,101.8808199,0
4.207358063,0.033918271,3.843360274,0.137571551,65.31322546,770.4309302,38.36413253,98.75496378,0
4.720364735,0.024216479,3.243118168,0.130748502,71.08976727,768.7146938,53.45443978,100.9585699,0
4.688857223,0.029541798,3.094712857,0.136506814,77.67984078,796.9194325,48.39220254,98.41377814,0
4.073968497,0.022637443,3.967598962,0.165868163,59.77364737,814.3643069,47.62407543,94.12460336,0
3.995234309,0.016657283,3.157659618,0.161045734,63.99597554,769.6674682,71.72414397,101.9046974,0
4.970970339,0.018424081,1.84689929,0.143161818,63.51528628,845.2984992,44.05685348,101.8114445,0
3.790645701,0.024414309,3.125217733,0.147049764,62.60826878,840.0830371,53.70428945,101.4255895,0
4.410985669,,3.225787408,0.152738826,74.8411867,793.5464657,39.62460389,99.74403438,0
3.951109212,0.006114884,2.222842276,0.140314471,,782.0844019,50.08245922,92.73271211,0
4.589125296,0.027836319,3.550745876,0.143801914,83.03045295,799.3853898,43.32215752,103.3199362,0
4.495593969,0.034316468,3.355301919,0.151572098,81.36162485,753.866642,56.99233319,102.2910942,0
5.547029622,0.020733949,2.608810573,0.142807507,69.22823872,773.0553243,,99.99876284,0
4.351439546,0.023381116,2.540498005,0.131326998,71.33733162,784.4991881,35.91343425,100.6465425,0
4.402636315,0.042046777,3.080232521,0.159971695,78.91450066,778.586276,59.67874784,104.9710864,1
4.86050142,0.029465647,2.944655368,0.165227003,61.5005655,756.5388954,47.93005702,101.5098584,0
3.299424443,0.016813784,2.827391662,0.128930896,81.12151314,810.5885871,61.33055625,100.0291875,0
3.994662113,0.031002522,3.305209523,0.150673594,71.63958117,,51.97263646,101.740859,0
4.545748868,0.020130314,2.987193494,0.14714881,59.15476714,786.571841,50.83194274,103.1506675,0
4.651297575,0.020856051,2.479948448,0.147759688,68.31992805,805.1362585,44.28798289,99.96460671,0
4.107856378,0.03537797,3.504507357,0.145206399,70.70701604,797.1902041,55.04077204,99.34507438,0
3.270934552,0.038376875,2.476632911,0.159678533,65.10612954,,53.54046346,95.02592866,1
4.62768306,0.03595345,2.284140514,0.135208125,52.18801936,848.7269043,44.37638303,98.05929232,1
4.921492191,0.023403881,1.422454876,0.152298754,76.9046845,794.0614255,47.93059009,102.9152307,0
5.156289133,,2.427268422,0.157508175,62.72429294,775.5819553,63.43818494,96.05908203,0
3.518588519,0.01879398,2.280854982,0.145436672,73.74519185,797.7138902,47.54102862,97.15381311,0
5.027335335,0.026856201,3.654870282,0.151974996,70.15833701,791.534397,48.7668945,97.53077219,0
5.575808233,0.035366713,2.392477271,0.153176835,73.63893991,818.3064849,53.80705241,99.07529544,0
3.598663918,0.009529508,2.289503002,0.132225998,68.60001675,850.5982019,53.21828146,95.72674148,0
,0.030578206,2.457895524,0.128016573,79.62700098,843.5433396,49.26233159,100.0413097,0
4.617843704,0.022745156,2.907622235,0.125170503,80.33940751,822.8088372,46.74392291,100.1083216,0
4.596485297,0.027877981,2.820527615,0.154322698,65.43282712,843.3747613,,101.1631513,1
4.929206992,0.014383577,2.72684391,0.164451959,88.81359047,775.3727379,47.61992267,102.2315722,0
5.699918598,0.042591812,2.594321136,0.159723073,71.9729419,792.7624876,,92.92872364,0
4.806006177,0.014651889,2.136705393,0.134255523,80.82210907,767.8776612,34.40641662,95.94733069,0
4.325760225,0.037550717,,0.146768182,79.25753632,833.8239142,59.44986391,101.5527024,1
4.75032732,0.020161695,2.736642917,0.163689461,69.16928862,805.733302,50.71379337,99.18314708,0
4.993817817,0.031833633,3.174636878,0.134214519,,808.1052587,49.74572253,107.2095692,0
,0.038892572,3.080433033,0.142976816,73.93855265,795.5832583,43.38154507,98.20040173,0
4.447914569,0.029936931,2.462092411,0.159516517,66.44025853,837.9289061,52.91291672,100.9741446,0
4.778686664,0.021328346,2.339805761,0.141549365,69.84830189,779.289754,42.41876915,96.73897708,0
4.868371388,0.024600681,2.408339883,0.135816105,67.24374306,813.8144102,50.96917072,105.2564035,0
3.525188485,0.024107147,2.991704783,0.157663468,74.96196585,795.4956889,42.75034109,100.5446234,0
4.545997512,0.031212605,2.237028603,0.137421474,77.70468948,754.1158528,33.70771336,98.49545487,0
4.391464388,0.026688526,1.913237003,0.163156718,64.51719318,818.8547162,50.21542659,103.249032,0
3.653289687,0.015966088,2.154640798,0.130160502,66.69926696,802.5205103,45.18049374,95.78959854,0
4.681720549,0.033372436,3.116663685,0.125837149,82.53105868,741.7466469,53.72577593,100.2472418,1
4.937519506,0.03198498,2.476931852,0.144493031,69.50727026,798.1498138,50.92506315,94.04156896,0
4.733440101,0.023170124,2.431151374,0.163847382,70.64359491,786.0490918,56.55755269,99.8541786,0
4.366263431,0.008376761,1.7975437,0.131349987,89.44172071,811.3754814,48.29576587,108.3375199,0
3.193990707,0.02989527,3.205328564,0.147335606,91.33850667,777.762534,58.13366913,100.9268909,0
4.811678252,0.015462528,2.293722967,0.141388163,72.76903022,766.6661529,54.70986486,101.3626411,0
4.096064845,0.023268558,1.947132807,0.148206509,64.34048639,783.5988016,55.41540907,,0
4.688038911,0.030471409,2.923642751,0.156185002,,803.4161827,58.08867605,103.2659624,1
4.64310163,0.027643438,2.032900627,0.164185311,75.36400498,807.1128813,64.95750667,,0
4.437164202,0.018097845,3.147892093,0.164684772,94.17854706,771.4083797,59.25393376,98.53672319,0
4.096737227,0.040500399,2.235670769,0.155365026,71.48772686,814.3283124,55.52046078,103.437778,0
4.734789406,0.032488608,2.948990009,0.145652464,83.54719666,811.5054932,51.23466154,95.69755336,0
4.68806715,0.034790277,1.971011558,0.155057845,58.42995537,831.8980673,48.59925712,100.1988631,0
5.113746158,0.017528825,2.35310058,0.143666403,71.90187681,813.8419069,64.23422823,101.3558126,0
3.65706633,0.031613277,2.886519619,0.144772491,73.64132963,816.3997791,46.00500765,102.2517869,0
4.563798123,0.035573995,3.258997894,0.151111936,68.94032573,782.593277,42.42587681,97.87052042,0
4.149253384,0.019432699,1.968044258,0.151525975,82.55244782,740,48.09664228,103.0326722,1
3.906933526,0.02226756,2.844152862,0.145545129,61.82892689,810.3862275,39.03817106,103.3779303,0
,0.025442966,2.954692455,0.149752864,74.05966079,814.3321927,65.46036759,101.213129,0
4.626021614,0.038877566,3.083264645,0.154796331,83.68308735,825.75616,42.54541091,102.3669172,1
3.39265337,0.021901292,2.691325294,0.148499572,75.34881937,802.2074807,42.65945948,104.6997718,0
4.354827595,0.018022934,2.789994953,0.154502051,64.15022416,812.9662398,53.1351577,102.8991356,0
4.322315721,0.025218853,2.667934325,0.145142219,87.56058366,785.6858297,53.00267708,,0
4.119010027,0.021438264,2.820196712,0.146042911,62.98284685,819.549973,40.56542028,95.3105231,0
3.595625891,0.013509473,1.603413309,0.147664758,78.52698447,781.6409018,64.79067488,95.09576734,0
3.841219454,0.030458142,2.475972846,0.14099755,76.21534513,783.2823393,44.15469235,95.86224659,0
3.526498062,0.023069115,2.276766147,0.15709883,67.62586079,781.5726866,66.19949977,102.5853738,0
3.689748406,0.020404467,2.706307606,,70.71613022,802.2641369,35.04171242,100.6404538,0
3.714945493,0.026168533,2.00289625,0.146128133,76.41342654,791.559771,33.7717386,100.1282691,0
4.643401011,0.02513883,2.237425513,0.150328051,76.46894774,775.441048,32.62165436,107.3311163,0
4.477759429,0.02799726,2.401771325,0.159292785,67.80547819,813.0701679,60.23735464,93.51437394,0
4.193026064,0.020018801,2.494302296,0.144567143,50.94956476,797.2861983,61.27014633,102.3086007,0
4.207994224,0.036343228,1.918330286,0.149918694,69.5630364,820.0415199,47.1554581,98.18076119,0
4.361079821,0.027922993,3.291120796,0.141573752,67.36150218,782.0325787,62.18788575,96.70541433,0
5.00388346,0.02767065,2.501175899,0.150376302,67.30584735,775.1505007,65.41989079,104.3317651,0
3.623878371,,2.247294276,0.135494055,79.44357481,760.3478785,29.18749509,100.465922,0
3.796641709,0.024516748,2.820689545,0.152178099,62.94266394,747.5824168,43.55570592,99.64125678,0
4.274899876,0.027881197,1.309061346,0.147297609,69.00066323,802.2985144,39.95607061,94.64111473,0
4.405753463,0.032127964,,0.150287234,78.92283488,822.47511,46.11615863,98.71638874,0
4.553645684,0.030580947,2.923537616,0.132293374,72.46972854,,58.65170533,103.8779945,0
5.68127377,0.035070792,2.726445871,0.146776062,83.87983988,798.7533713,39.49556607,96.86943071,0
4.098979517,0.029624936,2.584838795,0.14152304,82.47457506,759.7433743,53.62382815,100.4086483,0
3.289428452,0.018779405,2.842012366,0.145867918,68.66205675,803.5957042,40.11723231,96.22297459,0
5.158369973,0.025899334,2.025916214,0.149546319,86.03490357,767.4393266,53.56824779,99.23694956,0
4.21789089,0.01295006,2.095938389,0.143868373,58.11010472,758.8356563,39.38489602,97.39932959,0
4.689869474,0.022760556,2.873463702,0.128613957,77.57299822,768.5718074,40.19915593,97.77678087,0
4.178730724,0.036285006,2.830419043,0.153030941,64.03038544,780.1570444,61.87068645,102.0183907,0
4.230829085,0.02052926,3.336105799,0.14365988,60.69401397,827.1839383,58.17155349,98.05326555,0
4.234526613,0.022631118,2.734933269,0.155981397,57.70320018,789.3333644,53.35135849,99.66501281,0
4.798282049,0.02637596,1.975908479,0.167728806,82.35618699,806.342883,48.14359124,105.0937568,0
4.17520281,0.033324761,2.327001854,0.141578934,69.90666255,851.0043663,48.33348312,103.8327076,0
4.761608111,0.033016365,1.757910317,0.141745834,69.30020603,814.9059303,57.71806529,98.94126194,1
4.745477424,0.030168678,3.267284788,0.157643959,76.11274185,774.7643759,42.99814238,98.91183488,0
4.514765499,0.020339888,2.803892022,0.145015178,78.39360745,806.691266,55.15214792,105.3139291,0
4.620705149,0.02706699,3.113734284,0.143632808,,815.9409284,45.12105902,100.5414769,0
4.717721379,0.024154514,1.607499642,0.150645704,74.14219498,805.1797486,51.54988837,101.1631078,0
4.244308358,0.011028689,2.968604215,0.145093191,65.7736119,,40.83711171,99.54078237,0
5.143375459,0.019546735,2.185779905,0.150445716,58.74640526,819.7454318,57.33945791,100.55773,0
4.874026197,0.029057574,3.604360122,0.143677841,71.23545556,798.3012135,65.57497345,103.088993,0
,0.027999224,2.773062601,0.137267736,,791.8699885,45.84576032,101.8185469,0
4.19271133,0.013275017,2.136038012,0.147808729,82.97699701,775.4575853,44.95956358,102.4379326,0
4.409086246,0.036405151,2.647723499,0.14368044,62.96351962,823.7409782,63.47577637,96.45760078,1
5.046756287,0.039686334,2.816028722,0.140156577,68.32630657,788.0820691,57.97759575,98.59348145,0
4.231638,0.018979416,2.414814966,0.140236346,77.34466822,830.4472498,45.04110838,100.0852963,0
5.3607431,0.016754262,2.373453936,0.142920319,78.9228027,772.5711238,54.44317469,99.87357097,0
3.766693843,0.028320262,2.431766407,0.152307231,71.46691616,797.0311069,38.44666856,100.8438723,0
4.046004262,0.027931196,2.297499337,0.149671272,66.4985642,777.4726199,43.42486504,92.31829152,0
3.861862496,0.011272864,2.731301106,0.140723127,71.60298744,769.2627667,42.18545547,102.1744172,0
3.240878496,0.018733404,1.828163195,0.158859204,76.71809038,789.7371157,51.10614013,96.93395029,0
4.809958201,0.019944106,1.985888842,0.167117207,53.01169912,839.2866925,48.12141739,98.92815321,0
5.513993441,0.020496968,2.685027122,0.148691004,69.09511732,788.7130593,37.47520759,97.8888587,0
3.899637926,0.023021356,2.850154493,0.16589215,60.96378102,791.0389023,51.93391761,102.7625637,0
5.023820111,0.026100397,2.585053414,,70.78572121,809.3434796,54.71311934,96.61813896,0
5.174461598,0.029683148,1.661381614,0.144306177,83.8007205,812.9946836,47.362462,100.7680791,0
4.380528425,0.03125599,2.187511661,0.154528154,73.40311272,805.4466196,44.6961356,99.97542202,0
4.62149177,0.020270632,2.89446727,0.157329795,76.54123591,796.1866951,49.71363616,101.5064601,0
3.387883219,0.010312248,2.644124878,,80.72126346,766.1673191,53.4693669,104.6345386,0
4.059514634,0.00818399,1.529612369,0.133897985,70.53154193,770.2828392,50.37230462,102.366506,0
5.863607682,,2.643931597,0.148168229,68.84747442,848.0852797,49.86887728,94.9248371,0
3.925031689,0.015842456,2.751929725,0.140417912,74.22654134,795.9673915,,96.07453609,0
4.355287684,0.036998559,2.780183122,0.127503671,64.65721532,853.8047804,42.31930329,99.65860947,1
4.843972754,0.025364955,,0.153427021,71.65292054,830.8106929,52.5827528,101.8399995,0
4.915526961,0.024208327,2.60445705,0.162185918,58.90976689,808.6988897,68.30752667,98.70743936,1
3.952295617,0.021138378,2.397838948,0.143131493,72.61116376,853.698534,51.28255335,94.86789943,0
,0.025392926,2.079454616,0.146066315,76.51689076,810.6842056,54.43948665,97.83094531,0
4.646015431,0.016070558,2.117829493,0.147490676,75.4717263,834.8383902,44.6233048,101.415109,0
4.111930372,0.032029021,2.756080904,0.154994307,74.45198081,809.4984292,47.58987249,,0
4.898562678,0.015961628,2.480152728,0.157489149,64.86840318,838.0299178,43.3555913,99.08053383,0
5.369576524,0.017714641,1.858632017,0.164357921,71.45561721,797.8783771,50.37962742,97.27288338,0
4.156331873,0.038564601,2.66386205,0.132198949,80.34573902,792.7594428,51.66756958,97.13932417,0
5.374702261,0.014039628,1.865073965,0.156161823,65.27251497,768.1151407,49.1405319,103.8451952,0
4.927648006,0.019472635,2.61302846,0.15240696,78.87670003,754.3712775,53.40263236,98.3501814,0
4.962848515,0.024158628,1.541605553,0.153667683,57.71662326,789.545223,48.58337966,102.1694607,0
3.731240211,,2.688043582,,81.66072696,776.2484349,45.08358525,101.3165907,0
5.127937457,0.030001586,2.379537624,0.147727198,72.29235633,799.5325108,45.66876742,98.96685427,0
5.128946799,0.023399599,1.808981818,0.154816681,84.83256383,755.5994629,43.56116711,102.2389294,0
4.480203753,0.02879899,2.468505374,0.14861708,68.45666308,816.7019473,55.94581773,98.98108162,0
3.951894392,0.034142215,2.762813612,0.125999941,79.54200828,766.5353556,47.69984441,102.9972526,0
3.993967675,0.016737394,2.294097331,0.144805263,79.07348862,781.4791163,39.70767411,100.8553974,0
4.687276197,0.030371444,2.353544167,0.174979509,74.42028946,829.5124505,39.44438432,107.638497,0
5.183289936,0.028602817,2.55527992,0.144506901,69.31629978,817.1710807,51.18293834,100.8245487,0
5.191697437,0.017649846,2.621755914,0.126634892,68.47160201,829.428543,41.9737614,96.07999841,0
4.087228258,0.032771831,3.065807199,0.157485439,55.27610622,835.1075247,,98.15469771,0
4.713787641,0.022105809,2.422469262,0.146434799,78.05668184,,46.24811596,98.16976653,0
5.336455238,0.013231898,3.223358391,0.167891671,71.16422966,855.5159177,42.77167438,99.00501725,0
4.028537598,0.0189465,3.047449138,0.167187678,60.26699486,828.6588841,51.81775385,101.6239077,0
4.459980992,0.031937276,2.154072474,,71.8156351,777.0677639,43.71959911,100.4422338,0
4.123074112,0.017406689,2.637998306,,62.38431234,810.8374545,,95.41217752,0
3.763137225,0.030113884,2.936938708,0.142998737,72.683476,771.708091,49.59940287,100.682006,0
4.82815354,0.016301016,2.310136811,0.158001535,87.50167526,759.4288828,42.48915016,95.88128747,0
4.952792119,0.02714403,2.386594661,0.154148535,79.82921778,812.8682785,65.9543469,103.4242562,0
6.024567391,0.04064231,3.14854671,0.132073288,73.92103122,754.0063789,48.57373002,98.84851125,0
4.554931594,0.023068784,2.435078328,0.169443663,61.82080787,813.2119663,46.36187985,104.8143619,0
5.386025262,0.038912155,2.724587421,0.154167571,74.77944631,785.0170932,33.46291256,,0
4.506863645,0.0186236,1.943806571,0.152832027,68.18681125,806.4113045,39.98611829,104.8282898,0
4.685531795,0.021808849,,0.147938996,74.40974734,789.3277151,30.91636045,96.53408957,0
4.834887021,0.029295751,2.243003652,0.155284819,78.27783207,799.7232273,40.7626649,102.5421977,0
4.06046477,0.022133696,2.558516786,0.147749488,71.21909948,793.6460351,43.43124576,102.8768304,0
4.709641711,0.018135913,1.942304674,0.139474045,78.58405625,794.4660465,43.25946107,101.6856884,0
4.996615356,0.033611807,,0.143110878,69.1965087,768.4901955,51.09841001,96.9346983,0
4.975477463,,2.012133939,0.156546024,70.83048603,856.6871097,41.02047903,98.58050291,0
5.831589248,0.020777652,2.902521618,0.155359147,60.55795179,815.813327,56.22278671,101.6472651,0
3.656488015,0.020729732,1.291757301,0.146095897,70.55372346,760.1726841,46.95331309,97.7068741,0
5.712404321,0.025987136,2.430971409,0.123380924,52.31540844,848.8262917,53.36174593,96.91196724,1
5.059034834,0.024073604,2.352797573,0.134766006,48.10665386,796.3173902,43.70539122,101.198402,0
5.01576668,0.027759328,1.728594923,0.154710163,80.18153593,740,45.0426387,99.6084814,0
3.021773409,0.015364975,2.75150956,0.150272693,69.12915736,820.132911,45.52908689,98.25442436,0
5.048674735,0.032142942,2.438382247,0.142687669,69.29870038,817.8391824,54.92656696,100.4204553,1
4.487468773,0.018447191,1.884009769,0.142996229,69.4728719,819.9751361,54.25552357,101.9897959,0
4.368773515,0.005069422,2.357716388,,71.60051287,765.3854169,51.02404156,100.5810344,0
3.827234906,0.020249119,3.214682502,0.149021397,73.33287722,813.5473299,47.67287288,98.35573718,0
4.895647967,0.025534618,3.594718848,0.166214168,66.86056336,806.9095423,50.9436831,100.5464116,0
4.858348923,0.021343052,1.681457774,0.156112068,70.54064772,783.8424613,54.14406791,101.2447224,0
4.994353104,0.034441141,2.592768862,0.150258507,85.23328793,774.0555263,47.00735221,103.1630835,0
4.33369516,0.021149524,2.312988705,0.1452832,76.96539769,794.1617921,49.35741773,98.41896213,0
4.806328856,0.018279491,2.51535494,0.148864542,63.78105299,784.8303086,42.90357765,99.771744,0
5.198082397,0.040840266,2.998846553,0.124489001,71.87990422,791.7656335,48.53974437,101.7222704,0
3.957155149,0.021174832,2.176474374,0.141393567,72.42880525,808.866078,53.29098226,96.91293801,0
4.060318392,0.020595954,3.10188235,0.148875964,69.76362268,799.501041,58.42922371,102.528642,0
4.427638445,0.020378544,2.999221711,0.149107611,77.13724687,808.9381847,42.04702644,97.85542466,0
4.096803534,,3.075885818,0.142875774,76.65773622,813.7288228,,98.95166139,0
4.766407516,0.020368836,2.830301392,0.162762569,88.54220856,740,64.20967861,99.69174479,1
5.527761842,0.027464023,2.957795196,0.135418275,61.49857468,833.5415819,42.80185461,98.84328969,0
5.362052984,0.027025697,2.339815397,0.13356967,72.77101339,812.6246269,54.84542454,98.79720485,0
4.112258374,0.026474716,2.961385615,,79.88650602,774.8207728,,94.65340656,0
4.620337671,0.023351412,2.279715971,0.12514518,91.28221238,766.4680993,51.00704519,96.76441563,0
4.527109939,0.029581909,2.486411103,0.140501119,64.2752256,776.4336306,55.01419101,99.10510317,0
4.520356306,0.021293997,2.056296943,0.156381128,73.00676878,750.9159426,43.6256171,99.69686811,0
5.266699364,0.025820008,2.757431666,0.14689232,51.75053463,860,63.59929842,93.79010858,1
5.905724773,0.035084747,2.961322661,,69.5234727,860,53.77696589,104.7509765,1
5.243423155,0.0198559,3.359160812,0.154344855,77.84188049,841.6490686,49.10938466,96.80345667,0
3.781060777,0.039877378,2.130307621,0.13677886,86.82207532,798.5853972,44.75435539,98.22392589,0
4.500979587,0.015423432,2.195514324,0.131047314,77.55608094,773.5809571,44.9898564,99.65602678,0
4.241513483,0.016473524,2.908536512,0.15700413,61.66846871,795.3229829,54.03295633,98.93337563,0
5.522332415,0.027683366,2.733154704,0.149793112,64.36472957,818.4042842,61.54108928,102.3745303,0
3.997791696,0.039284184,3.093213057,0.148431193,66.84413852,781.250683,56.65312699,102.6524945,0
4.534026634,0.024899857,2.106973702,0.155012468,76.95599603,740,60.29818347,100.2176865,1
4.06482564,,2.564388936,0.132798366,63.89515438,789.5787307,53.87810602,98.11244663,0
2.994432317,0.024301015,2.395455871,0.156860197,75.56854473,815.4536521,54.98048248,94.39013246,0
3.984418596,0.033926131,2.683023824,0.148868805,84.74685349,746.4212601,50.65907543,105.0606875,0
3.64825566,0.027294992,1.837397766,0.135963399,72.85102489,835.1126591,49.43701245,101.8798653,0
4.183839518,0.017347408,,0.140324455,66.6564552,793.8145506,55.57921673,101.0348403,0
5.218222668,0.018896628,3.3756294,0.148760529,77.31580617,807.921067,55.88320836,100.0726441,0
4.495331991,0.017791016,2.397932153,0.135919085,74.85109385,823.4378858,55.09323232,96.29784381,0
5.752240745,0.015923201,,0.157848262,83.94022407,759.9496078,54.87901543,92.63871572,0
4.170515185,0.01668448,2.445448112,0.142971992,89.54836907,788.2427176,55.51520492,104.1714303,0
3.81175325,0.014970028,2.836542241,0.153156239,74.39233045,741.253048,58.309277,101.9369367,0
4.19050299,0.016466947,1.843551156,0.15614896,60.66224774,805.5891314,62.06832193,97.33515639,0
4.325708697,,3.283631339,0.160165755,65.30790039,795.4265367,46.75568193,101.8280163,0
4.019356523,0.035734446,2.709486261,0.150004691,74.03698352,816.9911968,45.15382138,102.5943943,0
4.056509544,0.025787561,2.745078641,0.165982332,70.68352528,787.515969,41.405009,101.2367072,0
4.48435552,0.024426833,3.162402181,0.163424718,72.79543125,843.1173262,49.60391607,98.89364874,0
3.558137772,0.021307347,2.152622971,0.16628304,65.5011409,834.0063186,45.24341364,102.3309965,0
5.390474772,0.026559165,2.159668926,0.162926847,65.86810457,,49.68612353,99.65984628,0
4.114911047,0.024898506,1.966409473,0.142819861,59.3007623,799.2997556,52.04831426,102.7354345,0
4.041161186,0.023341603,2.529253682,0.139745411,75.39449357,819.161246,70.63414609,96.83387366,1
4.971239281,0.037533898,2.570908186,,60.11000051,800.1913409,52.25787518,105.2261443,0
3.543310747,0.015187561,2.860628733,0.143586096,68.23229312,799.1046005,68.91233676,101.1583204,0
4.611231027,0.024157739,2.053399161,0.142012528,65.9767752,779.79584,51.18287977,,0
4.788282337,0.035311634,2.961285723,0.131649646,,780.2049022,43.66696993,100.2944493,0
4.587908381,0.022535008,3.292758096,0.160978615,79.69188778,761.8204012,59.09702386,94.82004522,0
4.023672932,0.027415849,2.742859389,0.151629046,76.291041,778.1460745,50.81961336,99.48405785,0
4.516205188,0.014349236,3.357637625,0.137969025,64.7966725,772.9650626,39.10061341,99.66039878,0
4.299480692,0.017407096,2.68681461,0.161478547,72.42328835,842.7776836,51.9171668,105.6725999,0
4.449801578,0.019194153,2.719530164,0.146568566,67.80224858,773.1741056,33.38073516,100.6449622,0
3.597211542,0.029727143,2.571763708,0.15976976,60.12581505,822.190769,49.37558048,100.5219542,0
5.036189803,0.020656067,2.635909708,0.140894128,79.51447705,800.4178026,40.45230134,104.5713094,0
4.6269137,0.035643816,2.835823787,0.134798517,69.00501483,797.0066127,61.85698323,100.3042661,0
3.728287744,,2.875993553,0.155876746,81.24589566,787.4010359,44.82514751,102.3132151,0
4.096298908,0.027736237,2.430942977,0.15524046,67.76520875,797.1835934,51.73468179,96.30178478,0
3.513997543,0.023439303,2.362308164,0.134745086,70.79810883,835.2602074,49.77999235,99.27032257,0
4.805572465,0.028759254,2.184659259,0.163328175,73.19653078,773.8288991,42.73156247,96.29608947,0
5.005322005,0.02058785,2.07534435,0.142176103,81.20646681,829.2145295,56.03397109,95.35875936,0
4.227285385,0.027411945,2.785750276,0.141105441,68.23883725,835.8908621,47.05065682,97.99681356,0
3.924889384,0.019069695,2.5182675,0.12177033,65.72712239,840.1277226,45.24836343,101.5764507,0
3.849828742,0.015215547,2.725820544,0.161427558,69.78733101,,55.32534328,104.4164316,0
4.998296281,0.031944421,2.153808246,0.130417836,82.64347792,784.0706935,45.6495991,105.2624771,0
5.691264616,,2.724678991,0.154489788,78.3687068,759.9699624,46.43427516,102.3384569,0
4.678270068,0.025059238,2.898574456,0.15910345,73.18124385,825.4179876,50.42069289,96.36046837,0
4.458907641,0.036263168,2.297749077,0.144693949,82.7510423,805.3196756,59.51639643,95.24017615,0
3.844426635,0.022486034,3.222607643,0.145200992,78.78490913,808.1030489,54.22908013,101.3372465,0
5.059654092,0.019666768,1.880761578,0.149466443,81.06794415,773.8044559,49.27216495,,0
4.560563198,0.011497379,2.941860727,0.147093391,61.59642057,807.3087915,43.38854949,99.46012418,0
5.563764535,0.028414904,2.60496887,0.161100715,78.08852927,781.5521788,50.44285724,102.8472662,0
3.265933415,0.018688547,3.273037135,0.136589902,80.69730177,778.140559,54.58649977,97.0661131,0
4.235282226,0.027732431,2.139156985,0.139776309,76.36053753,811.2885865,54.15394508,100.2541938,0
5.571163275,0.018218104,1.727879566,0.133052062,,773.6537496,45.75206944,99.51886867,0
4.385018299,0.029208545,2.71837245,0.140984013,74.15845597,791.0649479,,104.5793215,0
4.332788349,0.005,2.194447838,0.142794932,66.57465852,820.0758622,51.84681063,94.92137804,0
4.223970629,0.022863614,1.994223038,,71.78541695,810.3651969,52.62261814,97.82940749,0
3.874449586,0.01672809,2.551641232,0.140227993,73.15044372,804.3043614,61.15613734,96.37769937,0
4.075632997,0.037901595,1.951278979,0.147756418,86.19598557,751.5245748,65.37674498,,1
3.918663382,0.027735617,3.222117218,0.141009063,68.83797626,793.2024934,54.54653457,102.8904896,0
4.966789953,0.020810367,2.025457442,0.149763249,74.39831474,793.9298536,,94.64264381,0
5.232926403,0.039963123,2.828016631,0.160238188,,781.3213198,37.01798746,95.94207352,0
3.963431413,0.02261722,2.823849405,0.152130472,85.81071585,826.2391488,66.8978259,100.5404523,1
3.60303388,0.017584184,2.599512244,0.142876835,72.74904796,821.7052563,40.9667833,97.10998325,0
4.302165623,0.021736503,2.241850345,0.133150017,67.49019465,809.5627662,47.42772261,99.67751736,0
3.528951266,0.017859635,1.340307794,0.146999259,68.74084787,796.9325855,58.26336255,100.569961,0
4.476282093,0.023995771,2.503451482,0.166854547,78.22237042,798.1209949,,98.83150874,0
4.279058473,0.028153074,2.520504752,0.130078115,74.71007732,771.4640735,53.15049741,101.2360689,0
5.225503194,0.021791612,3.042012782,0.152935736,81.74849063,808.1356097,57.75075465,,0
3.807398323,0.036769323,2.561378643,0.162552473,77.90734679,801.2182657,55.84688573,99.04079656,0
3.555455426,0.006617368,2.053863302,0.14034339,99.38316599,740,31.54093818,102.8831233,0
4.621963375,0.033148541,2.295232558,0.140991809,64.69342174,,57.17533685,99.61864778,0
4.66912303,0.023552017,2.349487568,0.141480308,80.09755337,751.5305985,43.50617927,102.6028039,0
5.06700626,0.026572391,2.907482614,0.167931093,81.83230146,805.7084235,48.15136872,103.0224314,0
5.031073726,0.030782265,2.541537368,0.14832743,74.1757704,,58.1081585,94.00441217,0
3.848476482,0.019422372,2.94852256,,62.80394544,792.2351667,49.71228673,102.0802843,0
4.697059871,0.010200684,2.589814091,0.142492219,78.55368022,806.9888628,49.76400093,95.75590185,0
3.766085018,0.011836297,1.798337736,0.153516511,87.99133617,790.2188526,60.05559951,97.47443845,0
4.556252408,0.021258474,2.600525456,0.158205896,76.06593517,793.9753331,52.83192978,99.69158007,0
,0.027434403,2.872432094,0.147793366,86.43989262,770.4432539,57.08149716,101.818727,0
4.788209826,0.023610658,2.227906165,0.146730867,91.64987263,814.2037577,42.62037725,105.8749157,0
4.996986658,0.033278302,2.808876899,0.155086529,81.92584643,812.5907812,54.54706722,96.07402297,0
5.210196006,0.017597825,2.964233409,0.152850558,82.21529706,794.4969688,48.39162314,98.64727868,0
4.390034293,0.011214194,1.953749825,0.150592281,61.00754637,814.7105033,46.0791634,101.9148788,0
4.11783225,0.037269003,2.308795016,0.148237369,60.26635017,815.2497415,46.85796912,94.77556715,0
3.926247887,0.027921005,3.037735346,0.148949943,71.85656366,805.2798457,46.661234,103.7508459,0
4.33571648,0.02598147,,0.14989379,66.93572325,799.8313937,48.32002996,101.2957182,0
4.51183925,0.011357834,1.985983198,0.143766885,84.4557721,820.7641134,48.9277936,102.9763164,0
5.638319487,0.016365904,2.239464336,0.149385688,61.69773303,806.8406931,48.01322878,106.5977169,0
4.039389772,0.029090313,3.156568173,0.160497415,,768.4553528,53.9827135,102.4470316,0
4.721367966,0.025530082,2.440683995,0.133149523,74.3028746,792.7036116,49.46702125,101.3513963,0
4.798651074,0.032477503,3.141971951,0.14193192,66.99391201,806.864497,,101.2472787,0
5.181151138,0.031504902,1.665107581,0.148615012,62.67571714,855.9108305,43.72282805,97.98761025,1
4.213951481,0.020228041,2.021708118,0.158190655,79.81739445,839.608988,55.94540074,101.4778766,0
4.718614793,0.026849194,2.456865574,0.166274478,,792.4057065,50.76221604,101.2055682,0
3.134908549,0.012388396,1.722666495,0.161520378,78.49954914,769.0206473,32.123585,99.59248194,0
4.322134354,0.014456324,2.302494028,0.142782356,66.27978442,801.141263,55.19779421,100.7576482,0
4.673413326,0.029882129,1.361215504,0.141770253,67.84433108,777.1276333,58.74906626,,0
4.564376991,0.030959407,2.939804119,0.150587563,76.13478499,806.0096784,40.45711957,97.66439606,0
4.995364822,0.013738774,2.736401627,0.159077476,51.10497847,825.2996584,42.1011672,99.11167815,0
4.457031201,0.018189428,2.541082255,0.148398583,72.89225377,817.7715884,42.22809695,105.5301095,0
5.190098231,0.019583932,1.495941128,0.15575452,76.71944204,794.2450877,47.40552273,97.06458655,0
4.650578862,0.017361428,2.847452225,0.147609516,74.88535658,810.1663913,51.82179465,97.39320261,0
5.003066337,0.025292606,2.267944764,,83.69374206,807.1631632,48.61395733,99.49264824,0
5.825064412,0.020121279,1.910099019,0.148237259,75.18368682,816.7030685,52.0492031,101.9003413,0
4.445673574,0.03069498,2.254223786,0.140220302,66.02070321,800.2592739,53.73824228,103.8425938,0
4.473673008,0.036793772,2.597508708,0.165010981,63.1620617,806.5996329,48.49254664,96.75075612,0
3.807995249,0.024201844,1.96205711,0.136541763,69.92324676,812.1994151,39.41663595,97.30923348,0
4.140276929,0.023371773,2.980597934,0.162357044,69.2505667,779.4150743,42.32775598,102.6551131,0
5.169526277,0.018352879,2.645476363,0.143950254,61.56286562,824.1266324,39.63697337,95.26263118,0
4.680973868,0.02344915,1.900904241,0.143765137,81.2009681,743.6018054,56.31489,104.0189746,1
3.095431925,,2.313641959,0.138683449,67.0286357,782.9526714,51.14088361,102.5489139,0
5.019074838,0.029941908,2.414722805,0.171307859,74.5921351,789.2832717,30.52723586,104.196855,0
4.079700967,0.023138745,2.088725453,0.146826383,,809.0778849,55.85276544,106.1109852,0
3.279046205,0.041069911,3.731870654,0.146333077,70.99784856,838.4639048,49.93950344,93.2585496,1
4.879254822,0.027740708,,0.135826913,74.27688715,743.7249009,53.33458033,100.2022868,1
4.866851971,0.017696918,1.771063106,0.155609351,68.85779819,847.6759973,37.85210064,95.21518188,0
4.173300035,0.023522472,2.190334288,0.147549981,69.85799492,760.2878097,51.13798687,106.049151,0
4.87242671,0.033770322,2.99769603,0.154752479,82.55764266,761.7802481,43.73991322,92.65544613,0
3.548862458,0.023908433,2.39460293,0.153912014,54.40679576,844.5165574,46.69536792,99.15459633,0
4.746817229,0.029814548,2.603063515,0.157397826,85.18889491,740.8310763,61.28380884,,1
4.847295715,0.014520456,1.868434159,0.159598388,72.71519394,803.6050847,47.65217569,100.3718392,0
5.920000342,0.027143412,2.869059576,0.141245294,71.32387065,812.8627212,50.90365124,99.37833005,0
4.364978557,0.024934384,2.509116756,0.160701167,70.79993118,791.8355343,42.46067399,100.238178,0
4.907724513,0.024258341,1.788528443,0.150352684,67.37744397,838.2055636,57.51132042,100.2788203,0
6.641402685,0.023269512,2.208595802,0.147752839,70.92623092,825.6904209,61.11645401,101.1302575,0
4.684088844,0.025681873,2.122280634,0.136800811,79.46577116,831.1137464,46.07616556,99.00092553,0
4.663775191,0.014052991,1.225045965,0.147388174,84.89953131,774.5715363,40.59940549,97.41560503,0
3.660320718,0.030002669,2.163167613,0.148625256,59.67428194,804.3705514,43.50197389,95.03344082,0
4.14846128,0.017558501,,0.152559856,73.6437229,809.6322239,49.52395356,99.50853144,0
4.365189026,0.016457728,2.195762929,0.155123494,75.40034395,754.1046796,43.85047979,99.26474143,0
3.245724581,0.031622504,2.153974478,0.142830398,70.17580826,808.2267655,66.40974627,94.99223345,0
4.037779673,0.023336118,2.623737877,0.153928341,81.6643448,,57.81246381,100.0012384,0
4.062382958,0.01219691,3.381812884,0.142298119,77.3340709,823.9198619,51.07319691,99.25097678,0
4.965234241,0.020358362,,0.152799768,67.60693718,748.4763417,38.41287973,100.3424789,0
3.613958322,0.033739381,2.475380768,0.145638784,69.3215912,807.9221684,45.24628244,102.2060856,0
4.722814897,0.021253098,2.734867328,0.163550198,68.47930434,816.7351508,46.29570029,103.2370213,0
4.537933283,0.020046786,2.57927904,0.138627448,78.92597705,797.4940278,45.18646481,96.40379968,0
,0.031848883,3.077477591,0.147253876,77.94095949,783.320205,61.17435394,100.8128506,0
3.906370725,,,0.146921878,55.9304075,834.200962,48.08588101,101.6928127,0
4.059230555,0.027350163,2.477992628,0.156033403,65.60414466,784.84459,42.32114863,100.3779962,0
4.118441575,0.020859634,2.241297397,0.145649749,75.24520924,773.6891576,65.7990457,101.901699,0
4.531342545,0.023572501,2.866672164,0.129575199,55.72612588,795.3781197,48.09724206,101.4155675,0
4.80241412,,3.308832772,0.146912691,70.30514058,794.9482484,52.90458135,100.1124028,0
5.231072569,0.026738835,3.537244292,0.152571421,62.28949074,800.0670224,39.16992758,96.37075737,0
,0.023987153,2.034242611,0.125668097,79.82978172,791.1558671,57.95223087,99.06308604,0
4.394793649,0.036470645,2.495474657,0.135406227,73.95398569,813.9521479,68.53107864,97.6626555,1
3.452855703,0.035217285,1.885396396,0.158316052,45,837.0730942,35.40274146,100.9283564,1
4.135858524,0.029756065,2.50909723,0.139992457,86.31357277,778.8025957,47.46378345,95.0152819,0
3.986508498,0.021987233,2.088435559,0.153705702,71.26480348,792.6503278,46.06891549,99.89471138,0
3.842445842,0.019274964,2.161390345,0.140481991,77.96612034,804.3663658,47.66929052,96.16548352,0
4.322069835,0.023043303,2.691782086,0.1413323,78.82258994,824.5996849,37.62777903,103.603562,0
4.939988852,0.030473419,2.457071365,0.145067144,,774.4997009,62.6343492,102.124692,0
3.642553839,0.022286553,2.37932664,,83.29940211,780.8297128,55.02192354,100.8969824,0
3.317851794,0.039844812,2.792748474,0.136003178,78.01602094,771.4205478,35.4938012,95.35932084,0
3.780857785,,2.74595951,0.149727072,75.11687179,783.0972134,54.75827984,106.032329,0
4.717805264,0.036372219,2.893438302,0.152862936,71.14394831,803.7550272,45.59425796,98.09090253,0
5.317503067,0.025550063,2.523594076,0.13967137,78.78324361,771.9589586,48.45019959,100.3091892,0
4.593485412,0.018468997,3.010938203,0.160571215,58.39737354,836.5816937,61.74835805,95.61675823,0
5.054014832,,1.592094087,0.14782214,59.93266349,813.3601904,29.839147,97.23888071,0
4.396082962,0.025258853,2.304677508,0.153449751,71.29003116,765.9465091,31.55721412,99.62153747,0
4.420269811,0.019970502,2.28864597,0.118456907,74.89541836,809.9420478,40.62717248,101.3097508,0
3.978221562,0.016756835,3.285394129,0.138895992,76.83077583,772.2721443,55.57838336,97.23827014,0
4.767357254,0.015606506,2.092939836,0.160739576,57.38523663,814.3518454,52.19759525,99.02870209,0
5.200430011,0.031781567,2.554147507,0.136780194,70.06148133,800.8179699,35.68966556,101.1184169,0
4.904111773,0.017426347,2.274605582,0.160748362,68.3363961,821.7879054,45.30603492,92.39912573,0
5.307217023,0.026489811,1.956752894,0.147519138,73.56851234,813.1491797,46.85093649,100.3212402,0
5.060189364,0.025216088,,0.147538673,69.42362789,820.8505887,36.30030119,98.54754923,0
5.452173193,0.02280681,2.915976393,0.140415148,87.92501707,,40.68890374,100.3263006,0
4.738814027,0.019260741,2.420837119,0.157726842,74.04170886,780.1442118,57.36101992,99.05089398,0
5.530084191,0.028174604,2.266641484,0.153562468,82.92897507,828.1952158,68.91323255,95.86742212,1
3.969947204,0.027045646,2.640130495,0.156762301,60.8322415,772.5783246,61.49321364,98.98917533,1
5.151822648,0.035691327,2.218009035,0.158205149,71.80280745,821.5772067,44.89532337,98.17171582,0
4.45144709,0.013748526,2.855420788,0.148637536,67.55075935,769.2355309,46.40743191,98.67993465,0
4.482696447,0.027779843,3.412798093,0.135306578,68.41898398,780.9908359,52.71945559,94.73264834,0
5.069872608,0.026337702,3.040890255,0.144844677,76.6787105,787.3629737,55.72457506,101.3104496,0
4.43365107,,3.433787106,0.135684602,73.83631649,792.7550539,36.45199761,98.82768346,0
4.33839824,0.020545651,3.075151928,0.126496828,69.68293995,788.8592626,59.64047114,100.1302138,0
4.997416199,0.026656684,3.116107847,0.128823086,81.267841,789.3189267,51.27748338,102.5404769,0
4.440662795,0.036832213,2.8260958,0.153421914,72.75969856,827.5982307,44.599225,100.8558568,0
4.843507991,0.025395276,1.72332535,0.150134195,77.47579301,785.5299842,58.48356699,97.83050957,0
5.420822707,0.021057617,2.290199442,0.17189033,74.78019849,808.0630011,58.67468439,103.3844583,0
3.445981344,0.012005304,1.932097714,0.158363271,76.47399544,775.8288627,43.7208598,105.1328123,0
4.400307295,0.023635437,1.368644131,0.155436195,67.34984937,801.8976927,43.84104842,101.7136768,0
3.951972707,0.023682202,2.354074873,0.156350413,56.32439668,829.199855,44.41375726,98.91590148,0
3.713679994,0.036721925,2.750539968,,84.46326256,795.2105067,40.87809778,99.7066513,0
2.915822542,0.019273661,1.807509361,0.146533248,78.07428663,790.5017371,45.54890052,101.4806691,0
4.946680525,0.013966371,2.231996931,0.147508487,60.15102237,801.9371157,40.6164422,104.4817508,0
4.819103312,0.02234179,2.751940957,0.143383521,77.71437176,798.9090159,67.27912825,98.58595719,0
3.627792709,0.031455376,1.845898955,0.156819313,71.56724315,824.5051915,49.61774378,103.1722998,0
4.297703258,0.018221772,3.082234584,0.151583012,70.93574404,762.4433118,40.88701033,99.25563803,0
4.633754831,0.018769319,2.815708329,0.136691343,76.37896569,790.1489932,51.47742919,100.2697605,0
3.732409735,0.016440584,2.551606666,0.139986664,80.79224309,745.5048137,58.15100392,99.50745245,1
4.29204446,0.020944714,3.517684614,0.162877737,75.85210932,804.3156728,57.38293091,98.89390563,0
4.355811348,0.019466433,2.42055406,0.146402091,53.88456884,828.9013537,47.79756649,100.2616107,0
4.69418477,0.020245132,2.306167698,0.152898937,55.88429947,740,52.10011296,102.0217736,0
3.982281114,0.019319322,2.171731773,0.142094561,77.97661231,782.1437802,47.87605476,102.7348861,0
5.758357955,0.031204862,2.76956597,0.133004023,74.92427649,777.9680124,46.04149266,92.44509231,0
4.744037045,0.022986323,2.303977935,0.154792359,81.98837083,758.2615248,58.60063754,107.2596686,0
5.001716376,0.017265944,2.810322708,0.141222573,,778.6405609,36.28423432,98.00909784,0
4.782693474,0.025461537,2.626718366,0.149839406,62.00715135,809.3472892,46.83765014,101.5713805,0
3.445651432,0.020954039,2.637040979,0.142889468,,818.7563029,57.50569558,97.47047382,0
4.126904966,0.024058628,3.468878564,0.133601797,59.76928366,,39.02020297,97.42276704,0
4.661213153,0.0190937,1.098386747,0.140195287,73.77706123,774.2921955,53.56138801,99.17972479,0
5.350606138,0.019887639,2.688338219,0.149062728,89.97653615,784.2057484,37.66466888,98.9896119,0
5.332298401,0.031207428,2.490464739,0.143249592,90.47819114,795.0178995,44.18225041,104.1656579,0
5.130611426,0.033681056,3.141709644,0.143405533,74.54768929,771.518533,35.57516915,103.3066546,0
4.288194624,0.017006639,2.373149326,0.149099762,75.79155854,779.2366749,,101.548334,0
4.508555227,,2.522187785,0.153398585,75.82172979,806.4030752,46.00306326,98.06512337,0
4.3671591,0.033396504,2.676210894,0.155402353,61.01921276,,28,100.0041784,0
3.986291397,0.028719975,3.365834748,0.140732748,53.45324089,846.7358643,51.82948386,97.45146683,1
4.545096986,0.035478032,2.421529706,0.140922359,72.07715114,822.597707,36.40272412,105.8122646,0
5.136273901,0.023759527,3.058265104,0.145551293,63.88769637,818.4264535,54.97702769,101.1619561,0
4.583782737,0.019246437,2.935229711,0.13435824,84.89687246,759.0795756,61.13815254,97.37900172,0
5.396711479,0.022435541,3.126559261,0.159533766,80.12864468,809.8947154,44.48523802,106.3097274,0
3.709559495,0.021722096,2.378340406,0.152717591,,843.933484,43.11482686,98.60380341,0
4.367127121,0.022525122,1.973909136,0.133316651,61.79747809,818.6480387,49.12766646,98.7576342,0
4.967518345,0.017860612,2.351632023,0.156124119,78.59584517,775.7643688,43.28844198,98.73218571,0
4.476820647,0.023627944,2.364753143,0.142532982,63.08502442,797.3682301,45.14700067,100.3619187,0
4.196305628,0.0272712,3.87201269,0.158723056,63.36087907,816.6480778,52.18014783,98.82568448,0
4.277938822,0.041312186,2.088652637,0.141106459,66.74391025,818.8476018,57.20450069,101.3602009,1
3.7403732,0.034847088,2.271306296,0.174669544,69.1293164,769.9124721,44.95932807,96.48573699,0
3.408348208,0.016135085,1.859351019,0.143507844,66.57304342,815.3872103,38.87916167,98.84484339,0
4.379212581,0.024195283,3.204225119,0.149057509,85.20137505,807.42552,51.64021083,96.38614314,0
4.322432653,0.035869678,2.842511173,0.141672974,73.2513894,795.0401877,62.53293953,98.41549566,1
4.50083312,0.044655828,2.794226648,0.156846804,69.50387498,798.311578,51.76905274,101.7169783,0
4.649912199,0.026443641,2.642748543,0.133766076,72.91423652,804.63677,59.33706987,98.8446302,0
4.530738499,0.021897869,2.692469019,0.154552777,59.12497816,804.0368812,50.65070919,100.3586282,0
4.133138414,0.034221692,2.551181239,0.149918574,61.12292639,829.8326316,47.21692534,101.6153402,0
5.074232181,0.030249603,3.249749187,0.145450166,64.9438399,839.9134827,30.57248591,101.6126699,0
4.765038478,0.02855652,1.43815426,0.145993542,60.78782178,792.1651675,39.67349262,104.1388405,0
3.920575394,0.028869175,2.376032924,,74.93644005,788.4020789,44.63551011,100.900092,0
4.811609076,,1.748154533,0.1366284,62.7490345,792.8638312,51.37847516,103.3616873,0
4.432484263,0.018237727,2.747449827,0.139714363,63.00993477,852.5622133,57.69512503,99.74801561,0
3.340130793,0.024204569,2.45022914,0.146692602,62.1144595,818.3529609,46.54471069,99.56904116,0
5.310488702,0.028737098,3.398867425,0.146774136,71.77029818,776.0232809,50.64047014,101.2432975,0
5.545429677,0.023865083,2.04059339,0.14375636,55.22337828,795.4230714,62.6605637,103.9887596,0
5.011052191,0.029274892,2.95771948,0.140829205,96.80171978,784.2316152,57.14749924,99.75149569,0
3.873221452,0.023598745,1.547610166,0.148018016,66.50139354,800.367927,44.69438107,102.9006772,0
4.305379478,0.021205273,1.473493427,,65.39102106,,59.15814675,98.69336378,0
4.883798436,0.04067581,2.140910025,0.160304078,80.26511826,780.2130612,43.08296027,98.36935289,0
5.02137356,0.028511154,2.44276602,0.153733812,65.99580239,773.7948439,55.30347459,99.76786602,0
4.783895245,0.019752072,2.630342563,0.173128565,82.80274556,808.3278619,52.45372781,98.6947849,0
4.658575736,0.02791169,1.850872277,0.134916842,70.47663829,817.3787477,50.47493128,102.5884164,0
4.279668611,0.024873953,2.608497176,0.1482592,57.83873246,815.6539746,52.07150444,103.6340387,0
,0.015758538,1.431508519,0.139944101,78.80254619,788.7809504,40.58770077,95.51990322,0
5.063076713,0.026701528,2.675139463,0.167807641,77.20528529,779.5623142,48.92355909,99.82097631,0
4.529994078,0.020889167,2.294861153,0.14165571,90.07149752,769.0636898,56.38317737,100.4272521,0
4.007255987,0.020354165,,0.13125847,64.45112828,802.2100988,54.12442452,104.7356015,0
4.130460427,0.0172278,2.515202224,0.14377802,86.80686568,740,46.32442427,99.33503122,0
5.493212813,0.022246578,2.026914564,0.145932043,63.54158001,788.6512675,51.47262155,102.243695,0
5.250143765,0.018745109,1.478201192,0.13563498,74.99267512,762.0859035,59.00407758,94.84171824,0
4.067751847,0.028296642,2.373267541,0.148598762,63.52054695,800.6155994,49.86618595,108.1220714,0
4.199473194,0.015079834,2.1374588,0.151055082,63.3451253,799.4199248,54.71607258,97.848769,0
4.313191001,0.03372246,2.284476407,0.144382022,58.80520842,799.203405,,101.8271056,0
4.599256771,0.018486817,2.906051538,0.140392264,77.09049961,812.6557233,,99.18291713,0
4.360813051,0.023137847,2.001670211,0.140607374,66.90434164,781.0628189,44.40680059,99.40025747,0
,0.01619783,2.59562016,0.151951891,77.84935821,775.958134,47.18630248,97.95579764,0
5.600859311,0.019805553,2.416318274,0.136585578,76.75360623,788.3114271,,105.9195719,0
5.269048021,0.018510783,2.48833821,0.146639778,77.2286439,793.4137149,59.36929868,99.00039707,0
4.009010429,0.030610511,2.456614484,0.154308277,76.09539071,761.3709928,53.0523095,98.75832579,0
5.400591141,,2.677154228,0.151131345,60.60513017,809.7486636,40.48539365,96.4913789,0
5.353290319,0.014262406,2.052592354,0.152318423,65.08051611,770.1637359,48.30591917,106.3916823,0
5.786570199,0.015011788,1.635127168,0.147035167,74.11636899,824.3263811,50.35599529,103.1975097,0
4.543561063,0.027978776,1.750209828,0.157990766,78.64121053,773.1260341,53.17575005,99.55004709,0
4.451846338,0.026580827,2.87919075,0.151774155,70.37165408,749.5958909,56.5993037,96.70464838,0
4.548075007,0.020948994,2.13765379,0.153673803,57.09309806,830.2599747,66.3456355,99.30500868,0
4.90562834,0.022776034,3.049821044,0.165724567,76.00662862,795.5783695,44.44426785,97.73306894,0
5.009235544,0.018220852,1.527078401,0.14999835,75.23712859,793.9314551,55.98031061,100.8727465,0
3.708861293,0.038778451,1.887381291,0.145809448,75.88031889,780.0258567,44.41346355,102.4395348,0
4.934409048,0.030594052,2.041512111,0.145584501,67.39212462,810.175101,44.12015567,103.2635039,1
3.739073673,0.041782582,1.55803452,0.167885148,76.37408492,786.4866173,50.21731634,97.97445948,1
4.684484323,0.01542296,2.200654546,0.157354131,67.78324803,809.9353992,44.77943754,99.17147654,0
3.812190272,0.026907773,2.055695379,0.159879721,71.71862646,797.0403892,46.30505799,101.5674032,0
4.740471365,0.021942834,2.499539361,0.146372245,66.92977447,821.7095345,54.90227968,103.9755361,0
4.306788168,0.029540781,2.255639607,0.144172358,68.49775416,784.6028576,40.92550039,100.5665679,0
4.646890287,0.02964607,2.213116548,0.132928957,70.08964564,764.2185901,50.42153799,99.26184187,0
,0.018924662,2.270409957,0.142346009,79.30894733,777.8043075,56.60465302,105.5198464,0
3.691155427,0.030719183,3.158722658,0.145376819,65.09886078,860,45.27215047,104.3208018,0
4.450707751,0.026196289,1.559895727,0.142021093,75.05366905,843.5380364,58.13873437,101.5334035,0
4.880556463,0.023987596,2.891196579,0.152742286,77.31027251,801.1318828,,97.82155832,0
4.537131877,0.029063067,2.542215547,0.147814162,61.18149554,815.9241551,57.43598074,98.37624637,0
3.940945307,0.03298747,2.761480386,0.138875544,73.82282948,814.7801102,48.29764115,100.7223642,0
5.006342712,0.017681814,2.413624361,0.14377357,71.83771132,761.293435,54.42201617,98.77242115,0
5.565387705,0.018133255,2.945404407,0.130941531,66.87408505,823.7729704,51.89696603,101.3236973,0
5.00236811,0.028423345,3.198689391,0.19,77.04800725,823.9131038,42.48347879,100.4476801,0
4.491669831,0.033126721,2.679045612,0.145819481,62.06827343,809.6026293,57.78002821,97.98225846,0
5.494930002,0.029418813,2.077540152,0.147586149,84.39558764,764.7565079,70.1514788,102.014849,1
3.918825903,0.02978486,1.643126213,0.136151791,75.84031975,848.9993258,55.89449205,100.2858816,1
4.10643987,0.014444643,1.985851797,0.144826932,86.2326117,740,37.47515721,103.4675964,0
4.226244228,0.033507316,3.03409866,0.145504289,68.24488589,802.8871311,49.00962189,96.88982479,0
4.042564182,0.025672763,1.97588797,0.14192929,75.27834093,834.8736507,47.72711761,101.2891462,0
5.465398124,0.03946052,3.010137424,0.142580797,75.10170494,807.4157636,51.14383471,100.7440282,0
5.775106241,0.030957595,2.731017973,0.158595827,56.67189453,806.8767302,60.86939481,96.04546149,0
4.692283188,0.020842474,1.72244013,0.145906351,55.30785457,803.5934324,55.20094761,100.4979374,0
3.995165271,0.012086989,2.431078444,0.145789292,78.30366671,796.5330719,50.66998347,98.84519164,0
4.986716615,0.036832244,3.313428434,0.153312676,78.38357473,768.893258,48.44790525,98.40553959,0
4.079477761,0.019766771,2.171975298,0.142494671,71.67365427,807.7620452,59.17490025,100.0817871,0
4.382726647,0.025327889,2.196936488,0.131256887,76.63599248,832.4967169,57.21010475,99.42188923,0
4.567653063,0.025662331,2.47893691,0.145106594,51.5774021,800.2803699,59.5868843,97.49835301,0
4.05466923,0.033239225,2.832584974,0.145463645,83.72644903,814.8744063,45.07834135,98.55861673,0
5.352451779,0.015968794,3.104605558,0.146152599,65.9874782,786.2354656,48.75190036,103.5834246,0
4.654409474,0.023574998,3.032384714,0.15401115,77.45770595,794.5854707,53.72244958,104.075056,0
5.495154281,0.034044057,1.621439834,0.137356412,51.32077172,805.8049978,64.43663189,100.2377905,1
4.431971696,0.013992209,2.561689251,0.143894655,64.51130609,836.3656548,72,,0
4.714090069,0.030553815,3.029446117,0.164479136,90.96240596,806.9782127,38.89445169,99.50128767,0
4.9368208,0.019365326,,0.158991504,71.82582553,823.7886117,61.50573843,102.9192524,0
3.876223384,0.026831762,2.776221247,0.159114796,66.81277972,814.2479224,49.26551397,98.52726184,0
4.883366954,0.016295426,2.434348206,0.143911475,78.85156117,771.2192423,50.54100248,96.94776811,0
3.946079529,0.025070216,2.303741168,0.146964852,78.78202751,784.9079236,44.15890738,103.8214019,0
3.654170908,0.017273141,1.993510488,0.140098552,75.94902906,785.4708748,52.0523577,,0
4.386297989,0.019456752,2.738187592,0.145389077,58.02667675,817.989414,47.16482077,100.1374945,0
3.298974672,0.017978803,1.994394495,,75.7564574,786.1229299,56.95368816,103.1447136,0
4.840737339,0.036528889,,0.151613376,69.93880456,786.7450821,44.52681436,97.08443365,0
3.598197005,0.022020614,2.400940846,0.163030612,68.75492686,795.3570613,59.29034536,96.73004009,0
4.162766005,0.022409331,2.099371647,0.157119074,52.68660354,782.1043257,44.45891137,102.8919773,0
4.915107439,0.028256243,1.546877582,0.142749665,71.6440398,808.9128281,66.06910289,100.5784365,0
5.174592225,0.029422603,2.719499566,0.149243245,82.39705995,816.6582954,62.1800305,97.94563441,0
5.085344231,0.019422448,2.888932704,0.144187436,88.43617979,791.1662756,40.62034481,95.07324585,0
4.403441663,0.022592265,2.299731266,0.143379997,74.84938063,784.4831525,51.13133587,105.3458975,0
5.05708881,0.023251555,2.113364311,0.146505269,68.61765645,807.2902503,41.31005479,101.0321401,0
3.815629473,0.034499596,3.003433002,0.146199275,76.40840918,819.9227813,59.63805746,96.01084933,1
5.547642161,0.021601241,2.185270863,0.14418111,80.58678129,777.5296084,56.71652548,106.0883843,0
4.424493108,0.008212245,2.254384774,0.164805818,67.81551735,812.3704182,65.43939212,103.2722043,0
5.322353871,0.01913243,2.409137592,0.163828024,79.86425657,827.1997807,37.66691224,99.14991609,0
3.634041546,0.019869429,3.321318848,0.138336418,63.61670357,824.4918065,46.57297573,98.47308807,0
5.006621469,0.022054763,2.956106623,0.161318879,63.55782422,810.1762856,44.51671155,103.7829142,0
3.998280271,0.029060711,2.908173348,0.148493485,68.22499209,809.6275514,50.5280804,102.400337,0
5.414150061,0.023717139,2.288334664,0.15306166,89.99762653,779.2671206,55.80978267,92.72856209,0
4.118904567,0.036940326,3.312198945,0.15750261,87.74430742,763.2940659,53.3828476,99.29401708,1
4.757980547,0.033268539,2.712334168,0.155747505,70.99681984,821.3374802,45.72908681,95.0307065,0
4.503540914,0.028143931,2.720986445,0.156392462,65.36001676,791.4984196,29.13269383,98.50612914,0
4.650634138,0.023351776,3.291297542,0.161338933,72.74735197,,61.47032653,103.3113123,0
4.49403329,0.023936885,2.834860995,0.149468974,85.51342219,774.1669977,44.84139805,100.9778584,0
4.511256802,0.04113842,2.414617399,0.14681582,69.58694468,763.4208635,45.70215732,99.73598713,0
5.595292157,0.026086242,2.994514379,0.148285603,67.75101058,780.3907661,50.68245887,97.31701619,0
4.081909502,0.016918609,2.722396966,0.123112498,71.32500251,788.8972975,53.64195763,98.50863886,0
5.148862526,0.026919645,2.376965837,0.156711712,71.00235349,786.400777,40.45878039,,0
3.704170216,0.025321044,2.825737322,0.158553715,73.01315292,801.4217006,59.75324799,99.0287691,0
4.486734034,0.030726094,2.176097884,0.158277156,66.98020878,793.4754696,28,101.0704216,0
5.075242672,0.020147616,2.086281792,0.149022377,78.5162513,804.1204051,65.52883751,103.8671941,0
5.172529658,0.020649723,2.765518965,0.150400744,,770.0747218,58.53559577,93.79943395,0
5.072912326,0.014496561,3.204814566,0.14058631,,792.0507973,50.79007471,,0
5.626701097,0.028105577,1.671678413,0.148836411,74.54174977,810.7743762,54.99992324,96.58008901,0
5.171260055,0.019215424,2.115288162,,62.27870509,812.3051343,52.34763196,96.55662712,0
3.974635753,0.037796526,3.007853878,,66.65191254,801.9517912,35.14309695,93.56962042,0
4.452304954,0.023389177,1.657778057,0.151290994,75.09814177,806.6092513,52.67165167,94.96991034,0
4.291940245,0.021127316,1.958647414,0.11409277,82.52108814,740,53.22862628,100.6800607,1
5.301640049,0.022221456,1.888964845,0.138555827,65.79437309,843.5292125,59.08311542,100.6640492,0
5.045091051,0.033216361,2.524991521,0.142240151,76.11336178,798.2274183,56.20287045,105.5961565,0
4.290771077,0.027328722,3.375099437,0.143295153,81.73696092,787.9796236,52.52684515,98.86573009,0
4.101556549,0.02633874,2.718874544,0.137749894,81.42764298,769.1228036,53.07509792,96.87925851,0
5.355079925,0.033524822,2.6480688,0.159943299,59.53801101,783.9413494,48.85923082,97.10704021,0
4.793431443,0.022958591,2.273586533,0.163709685,57.00805371,835.1345982,48.86983662,97.74024647,0
4.221940314,0.025461593,1.719930215,0.145757931,74.73576526,786.0164082,54.90791895,103.1883122,0
5.118274426,0.013918021,2.848927128,0.138412535,76.58541887,802.9042292,39.00150145,98.13156936,0
3.510301487,0.005069438,2.087631743,0.156372884,71.52187335,788.8145327,54.52415161,100.7861566,0
5.0309256,0.018079183,2.916005412,0.164507214,74.87578531,793.1403882,47.35830255,102.7612914,0
3.818706054,0.022912232,2.003493711,0.134141862,89.7436419,763.201135,60.05011002,97.52854086,0
4.712083027,0.024895546,1.698123577,0.141928681,75.7571725,796.7931657,,103.0203869,0
4.440804179,0.012238244,,0.150167119,74.80260097,769.7869041,57.02581156,93.6897887,0
4.46578803,0.033287406,3.226056532,0.148345929,81.27347765,822.2342579,55.20158032,105.1375035,0
4.992856283,0.025466641,2.036841615,0.150949579,68.23006266,824.448429,58.70946197,,0
4.43700576,0.019546316,2.333075132,0.145293847,75.26845912,824.8662305,50.85836295,102.7425753,0
4.349395033,0.017372862,1.683152537,0.159403784,73.27603585,805.8307133,51.21449517,102.2478767,0
,0.023656423,2.589421079,0.129716832,65.30422935,847.98386,59.28174173,98.57139037,0
5.726544353,0.021387305,2.775223234,0.147938361,84.19424684,778.5805186,54.1130407,101.4245971,0
3.914611541,0.021870215,2.158848089,0.152628554,80.04533353,795.7507167,53.89957129,97.45929198,0
4.823739035,0.012547393,2.476449158,0.145454274,50.89143622,780.5627777,56.40721295,99.3782209,0
5.1966817,0.02345414,3.169473197,0.142578956,75.09118087,812.2825063,48.16753159,104.4895306,0
5.120954914,0.02571341,1.389949199,0.152922299,78.662665,772.242185,51.38728577,101.2567891,0
4.327905982,0.016076249,2.249829147,0.148166533,87.34230989,782.2684693,,105.3832685,0
4.207285587,0.026068704,2.571660205,0.152498557,74.85512525,798.9451388,,106.2071615,0
3.518524548,0.019228146,2.72262282,0.138463374,75.37659581,777.4620852,36.8156746,100.5638871,0
4.055490491,0.012864786,2.125423948,0.133858344,75.82516369,829.1870104,51.47384104,102.3181698,0
5.612041446,0.016660411,1.66171513,0.148190447,90.85873732,808.4599247,61.67814434,100.240598,0
4.792351902,0.028302971,2.417355374,0.152855266,60.06474453,785.767808,53.56748089,102.3345134,0
4.997853145,0.025376194,3.033061056,0.151876163,67.23674684,798.7898148,40.82724227,95.60410232,0
,0.018947068,1.942196219,0.158864111,66.72942431,792.1576124,43.348495,99.52702026,0
3.870027384,0.031233867,2.761210466,0.150197371,76.44193535,819.866306,53.01376382,104.6043472,0
4.938450176,0.032576645,,0.150101637,61.22278861,847.8881281,61.02749043,102.8790484,1
4.259022118,0.02206807,2.400915947,0.145413583,71.35209863,767.5365604,42.21068036,95.84612234,0
4.097540584,0.035632971,3.340807799,0.152577232,71.67676566,790.2814203,64.5188809,100.3133655,1
4.283054131,0.038557944,2.309364384,0.151715947,64.75493495,808.9306235,46.31043453,100.3640074,1
3.947228998,0.037599535,3.202049342,0.139612163,76.36363642,810.86873,62.67312735,101.9240212,0
3.95054953,0.03068805,3.209128073,0.147138329,63.82836604,818.9813548,55.01150526,98.56185313,0
4.417052728,0.029185235,2.690017355,0.153675609,88.89309663,800.8415586,49.61000168,99.79919075,0
4.730757021,0.014362891,2.248901619,0.160993508,76.04679682,819.367043,44.01808838,98.07788606,0
4.925199522,0.01977277,,0.158707563,93.26678598,803.950762,59.95042754,103.6962798,0
4.370297723,0.013721802,2.031642048,0.143506615,78.3699118,779.2125922,58.06801783,98.3421137,0
4.386696706,0.016246625,3.138487831,0.143828926,69.02429105,829.5067759,58.3026704,102.6740858,0
4.05605999,0.017798383,2.486209122,0.13832645,59.2563524,807.2586644,28,100.6056183,0
4.257760082,0.042784121,2.525181854,0.160569616,,798.8386882,55.47820871,97.78974406,0
4.448143857,0.012064358,1.52419521,0.158089568,73.77085947,798.4686798,58.39035583,98.38361771,0
,0.025505782,2.709899333,0.146045335,80.41570386,789.2699812,45.99687619,96.5847791,0
4.815315474,0.020515073,2.136243061,0.143537351,74.7284146,825.060504,42.13903669,98.54242069,0
4.500949714,0.022766754,2.61503142,0.159506419,58.54486121,840.7034611,59.77010321,104.2413317,0
3.953311318,0.030832066,2.215679487,0.157541114,,777.6301338,54.98710361,105.000895,0
4.567045246,0.010897295,2.847403338,0.155957316,88.88669172,796.5710204,47.71719685,103.2322854,0
4.940522599,0.006100202,1.960600124,0.163622462,60.55255248,777.656243,49.95121263,104.0141584,0
4.486275517,0.024969699,,0.146801027,82.4880215,793.5348912,43.64706333,101.2428083,0
5.491452098,0.03341207,2.560745415,0.156035644,68.79600551,772.717089,59.44292669,96.11793503,1
5.634985925,0.023305274,2.495002805,0.140192633,80.36036853,813.2780359,52.72108531,100.913459,0
4.740398615,0.015219828,2.039703766,0.139466177,82.63775294,781.1449414,56.28117773,102.4510273,0
4.354714742,0.033496123,2.917027051,0.161812683,,815.1281666,50.79720735,101.8059508,0
6.18089001,,2.491947298,0.148858695,78.32210209,802.9956799,55.39372265,92.93049361,1
,0.019712187,2.763301496,0.148639355,63.84226473,812.87669,50.41248461,94.46864997,0
4.947286021,0.02606174,2.128676675,0.140564563,60.67780171,827.8108866,62.29001153,104.1746056,0
5.242850604,0.012630475,2.998979935,0.152444978,67.12348966,805.1410156,41.27729338,96.62377594,0
4.643003838,0.034315821,2.24757452,0.149070721,73.54964577,814.0193161,69.59288835,99.2231904,1
3.947557626,0.031445428,2.678767148,0.144331815,79.54264167,813.6900874,48.48209841,97.32167074,0
3.814129021,0.027457177,2.966305749,0.148715172,85.96199095,806.3976909,53.31983309,100.2321462,0
3.945946304,0.021566753,2.599967699,0.138309263,59.76566164,787.2933214,43.85636315,102.2831095,0
5.157727892,0.022315043,2.927300134,0.145464602,62.27919767,835.3530837,,104.3596934,0
5.046730272,0.006338852,1.935370068,0.15976885,70.18420132,778.7485779,40.37975649,94.97411539,0
3.914672276,0.026570209,2.696824714,0.157244335,75.214744,765.9282981,41.41914084,100.2883616,0
4.099760764,0.015914097,2.601596971,0.15546844,83.51430388,,35.9636226,99.97004845,0
6.205813021,0.032899571,2.328550045,0.143506986,66.84965711,811.9465204,,95.70997699,0
,0.02326888,2.20874681,0.150399589,66.39485077,791.9274237,49.58962403,94.9258505,0
4.841951192,0.01280842,2.116417558,0.138606848,71.91255929,837.3192244,37.51407495,103.9703524,0
4.382620224,0.029734309,1.876239148,0.135881968,96.26588821,820.9093703,51.4633776,98.06965214,0
3.432031502,0.041213347,2.537410486,0.145038016,,808.559093,39.64418408,101.0853536,0
5.070662145,,2.880024809,0.1507389,73.46572699,805.6664496,59.08612009,100.4479251,0
4.124625751,0.0155939,1.898367821,0.15400098,76.82081729,764.1934102,54.45249634,102.3122596,0
3.32727865,0.034021058,2.647830376,0.144706606,75.01014419,812.6051548,52.74306727,101.550134,0
4.656920402,0.023259029,3.15896343,0.135275268,66.18678808,786.7911393,44.92245964,101.4395195,0
3.608479525,0.026562881,,0.170240706,86.74542653,769.2993544,44.20959965,96.71315629,0
4.967478697,0.022000788,2.351545336,0.152439903,69.84666444,838.1844032,44.20188033,102.2614103,0
2.986983988,0.021727278,2.759330618,0.141713396,69.43426131,806.7874198,49.94523934,99.27342338,0
4.272244169,0.024969274,2.767181833,0.148936408,67.10444194,781.4451767,38.43415927,105.6071272,0
5.108504769,0.015104786,1.830929834,0.144552261,77.30085037,816.1017009,51.14902518,98.87480293,0
6.02688218,0.024744149,2.398110743,0.139374621,81.30049352,824.4810086,48.53356147,100.5863129,0
4.076630123,0.023931444,2.730630644,0.132442206,81.39195552,783.6239847,60.34938256,96.99816219,0
5.842134984,0.028026989,2.121686619,0.1437546,80.67131157,740.9863264,44.85715514,97.23064528,1
5.490190687,0.025819765,2.88699384,0.138180517,76.87287185,792.7578369,69.09743372,99.92894033,0
4.734843926,0.022541421,2.073354907,,56.92063607,817.326719,38.68600863,102.1036169,0
4.672458788,0.020114138,2.017214767,0.148556235,67.35221362,805.852997,52.34155668,102.8040844,0
5.003145331,0.024513004,1.270204418,0.157692541,74.7358959,822.134624,43.53854282,99.55081964,0
4.091616099,0.021913714,2.40044505,0.137994491,83.34646134,811.9605881,43.29778703,106.2494486,0
4.525427583,0.025914666,3.141453681,0.161224617,63.95797385,784.6067058,46.85735467,100.5376828,0
4.319616992,0.02882457,2.991388881,0.158371524,91.89139489,814.9335092,52.75552845,98.61405911,0
3.99459779,0.012156045,2.098139541,0.130636665,75.99814973,765.5451532,55.69206207,104.0782338,1
4.98987442,0.026824432,2.572116531,0.147487004,73.78606253,816.0519385,54.74081518,97.66529712,0
4.16903724,0.030184471,3.265290429,0.149347081,85.05203688,762.0677262,58.21176369,100.2067441,0
4.096382639,0.020860517,2.377383027,0.145174985,81.20146646,783.6762373,53.58419164,95.3721002,0
3.607559273,0.025242756,2.264896989,0.147822907,69.37494334,794.108144,65.17440658,103.9894501,0
4.435213161,,2.125322093,0.161441255,86.27124676,767.7845492,59.17314508,102.4461664,0
5.207737506,0.026229639,2.386692174,0.140878508,77.01585997,799.4535778,45.69113874,102.7658118,0
5.270063766,0.019772246,2.696169575,0.14329288,83.16242818,779.51082,50.22067987,100.5097077,0
4.307043742,0.031208463,2.778507703,0.160576658,56.1223672,821.5159683,47.30925816,98.7367887,0
4.332455453,0.014708944,3.457750714,0.144557147,65.11574498,830.0234927,42.72122956,97.93764701,0
4.485125986,0.021295122,2.083976396,0.148161199,73.16135712,808.8695855,52.79324674,101.6880362,0
3.338148017,0.029685102,2.616217125,0.137167683,59.25697093,807.7602928,46.81428986,96.49134657,0
4.944464822,0.02753217,2.407948725,0.152029883,66.36524089,790.3936124,59.71920547,97.29311286,0
5.270386405,0.017996375,2.19971843,0.15416764,68.67725562,833.7989058,60.92944179,98.247222,0
4.24932721,0.028244554,2.279850708,0.166001612,64.27960921,768.6936957,43.59416323,95.17607567,0
4.461699821,0.022052234,2.761143366,0.142785515,75.48446389,822.2029844,62.23739875,102.7322842,1
,0.027707697,3.197222594,0.141125555,69.09768018,,,104.7849337,0
4.881820211,0.032592256,2.179440053,0.141481533,70.87447353,786.1883024,46.75298221,102.523665,0
5.056063352,0.014928813,2.388869271,0.163695248,90.16248677,778.7794869,39.52534697,96.99874726,0
3.776830419,0.030737495,2.28555261,0.146603023,61.37515098,806.7760212,39.73483382,96.80485514,0
3.674520329,0.027594561,2.220220401,0.157298515,81.81829605,765.2197399,45.54925454,96.24570068,0
4.148639327,0.0138837,2.24599688,0.146100854,86.45397066,817.6429395,53.87482504,98.66460506,0
4.259875488,0.030482602,2.49082996,0.140230217,58.95300179,746.010997,49.85082534,97.90210958,0
3.404738551,,3.238575268,0.154391597,68.0550776,815.6923293,37.48398314,96.20953746,0
4.175076419,0.01917997,2.062357811,0.156071056,76.36152666,780.4481657,42.076129,102.8367133,0
,0.029101266,2.793491844,0.146212462,70.4059359,832.0785283,40.72022784,101.6967972,0
,0.030486252,,0.14583134,60.16987599,825.7145699,34.98803655,98.58654304,0
5.35413465,0.026013887,3.595086535,0.169441917,84.97002958,802.2205021,42.44412735,98.47056152,0
4.633118734,0.020571476,1.317450653,0.151694737,80.19642702,773.3417732,41.5793137,102.4932492,0
3.670016111,0.026801079,2.284180029,0.163621239,65.21975499,821.745643,28,99.3279981,0
5.108921428,0.023146066,2.17613038,0.159755823,74.63138775,808.1832223,50.00976019,103.2773848,0
4.496719857,0.023703101,3.198642502,0.143584401,71.76501445,812.6363857,39.70495663,99.10405088,0
5.523756178,0.025737626,2.424509489,0.143910799,74.34419562,819.6591151,61.06573265,101.6122473,0
4.512470145,0.021436545,2.921722732,0.156994174,93.6860449,778.2207721,52.68349232,103.9150633,0
4.020033803,0.031499369,1.984712383,0.152683368,51.47043879,835.3038044,45.24036389,96.04101055,1
4.622964319,0.027710098,1.702214701,,53.38843294,822.1003821,72,96.65841142,0
5.423153431,0.034406469,,0.143435208,62.60039098,794.9620677,56.51526587,102.9467528,0
4.091603568,0.025502897,2.87685579,0.160799953,71.72575815,790.6304322,60.55011541,,0
4.813755953,0.016405812,2.306246039,0.138737024,61.95188205,820.1080125,43.58258529,105.7947697,0
3.417485839,0.02391993,2.460484174,0.15017215,58.86119645,833.4531646,45.86432399,102.6411539,0
5.058911541,0.026346019,2.290776786,0.145010149,60.48272514,767.8030682,41.22262149,101.9299024,0
5.23422382,0.014105352,2.472731086,0.145187801,81.02333016,759.2058732,47.59772751,98.99543473,0
5.188989719,0.01202919,2.655835931,0.145033031,74.28947767,819.9176467,37.6069645,104.2152892,0
4.543813897,0.028190686,2.489575676,0.136852192,,799.6289093,53.92407065,101.6414509,0
4.433793569,0.021526665,3.234187239,0.162636191,65.23098023,788.6108972,50.04044934,104.0208242,0
4.74551673,0.022002279,2.08002035,0.164516037,73.48946812,817.0079552,45.59276105,100.440779,0
4.352317713,0.013447224,2.058564999,0.162800725,67.89219905,816.2666432,46.08933045,100.9149745,0
4.226180036,0.025592913,2.384781947,0.152386847,52.00038922,845.3751495,53.53590548,103.4489594,0
4.797680224,0.02860374,2.15931143,0.148646913,84.95596894,812.3457233,50.64425697,103.7211183,0
3.989057444,0.019796858,2.527912694,0.151216922,79.06451448,759.9498018,56.17303536,97.18523606,0
,0.019137026,3.034985337,0.14793464,71.42919102,811.0586121,41.80822964,100.7594801,0
4.259243554,0.010987788,2.165503322,0.154869734,69.39440615,771.7325812,51.41760741,101.0710721,0
3.327197553,,2.396277359,,57.32161979,827.2256598,47.38713188,102.1839978,0
3.561604018,0.023558853,1.64709863,0.151894054,78.96282379,799.6047321,45.6308819,98.70501174,0
4.821668143,0.017037192,1.470353037,0.156729515,83.48002704,800.4434919,,,0
5.074371128,0.028644507,3.016554901,0.138962989,76.14801997,789.7300367,43.65127126,100.2434609,0
3.88683469,0.017066929,2.608193535,0.152107015,69.97504996,,55.56832756,95.77741684,0
4.443431693,0.017664298,2.733398995,0.143367018,64.15653709,837.1441629,55.15505058,95.51211849,0
4.305606261,0.021524368,1.798070756,0.136564151,68.81791147,829.6671424,44.44926123,102.4451776,0
4.59687472,0.017770993,,0.161160151,72.66555267,790.9272821,47.05186059,99.64836305,0
4.437264456,0.030183284,2.312303532,0.14351783,75.46959499,796.0207333,50.39113875,104.350698,0
4.692099066,0.019759685,2.650362124,0.142535276,80.78620663,789.4259958,53.29173085,96.09002326,0
4.116765774,0.014294751,2.210660365,0.143170569,57.80806905,824.5362112,45.15707323,96.06740629,0
4.863438773,0.03114712,1.49787317,0.129049708,72.27665658,813.046611,45.88607484,96.36517886,0
4.347940444,0.035801578,2.955049505,0.1268036,63.25601007,840.9029109,41.01325448,93.7596865,0
3.86971468,0.040259002,1.651610993,0.132698377,71.26060477,813.1769499,53.49964168,98.42211527,1
3.43362905,0.018095022,2.682295594,0.145197468,69.22933952,820.9127271,43.51097102,99.0636088,0
4.485737014,0.015489326,2.20892438,0.153559666,76.24819657,774.8480719,51.48418856,103.210257,0
5.048901498,0.02002791,1.985234304,0.157591781,67.93063176,777.8590832,54.46770045,102.5231647,0
4.167476217,0.021631311,2.273027071,0.140019681,69.462889,820.7112156,33.88073848,103.0317414,0
5.21412414,0.021940572,2.97500956,0.148459174,77.86105701,787.1213065,42.89410836,97.76329205,0
4.627709001,,1.873184751,0.150290264,80.00221293,779.5639013,37.23889945,104.4134587,0
5.691855073,0.025635679,,0.139294026,53.63480143,798.6427713,50.93046818,98.58996773,0
4.978151503,0.030807811,3.374696951,0.147384367,84.72098222,813.4661185,45.73024409,98.50756266,1
4.796294009,0.01890481,1.779038655,0.133789399,68.98668474,819.0086021,41.48301253,96.63918585,0
4.063168155,0.023844338,2.475674928,0.161031962,70.4922897,811.6490362,53.60355643,101.1745517,0
4.460892254,0.028980005,3.065723649,0.147625727,78.31609643,807.0159385,61.90603367,102.6198303,0
4.192103778,0.026994544,2.711747183,0.157225427,67.44839123,778.4430886,54.10017643,101.5647559,0
4.690705926,0.028804133,2.568899271,0.154193404,84.42501814,803.6305366,48.25901906,94.76922237,0
4.15882683,0.016845118,1.9005144,0.141959316,86.76741804,761.5342045,63.42729023,99.28846917,0
5.944881322,0.014292892,1,0.153719942,81.47016898,740,36.76133305,94.99416524,0
4.476472737,0.021732409,2.163603957,0.143465732,75.32120778,765.2684381,50.68415613,99.77258427,0
4.858503405,0.026344786,2.639352668,0.139962594,59.42224288,827.2549116,52.07008406,93.20554574,0
4.571737392,0.0254985,1.842613287,0.140416733,59.78457902,799.5919159,51.50196843,95.90033016,0
2.67503675,0.013103921,3.111178877,0.162076033,74.88795907,774.9407183,45.76009334,100.9312776,0
4.717400888,0.023752398,2.625613174,0.155377937,86.11546235,799.3523766,,102.607051,0
3.60369426,0.023411504,2.699631806,0.137928981,81.75450759,791.8666541,43.16895668,99.9953962,0
3.826818574,0.020179816,,0.152878675,74.11794648,760.5598281,51.11508772,96.46043232,0
3.353858957,0.028586717,3.129970195,0.140745225,78.2977011,776.3450339,54.99581918,95.57659917,0
4.084357927,0.026745763,2.537872893,0.159821661,82.09391719,795.0188205,41.45089093,102.3636051,0
4.577927717,0.018373356,1.560010301,0.149518341,68.9497663,763.2857986,72,99.11464599,0
4.371007131,0.007848238,1.854870013,0.160263057,59.43799924,798.9007411,52.69839166,102.0065078,0
4.626551897,0.018755042,2.481883524,0.132826935,65.61484101,845.5811163,48.20309343,103.5746517,0
4.572990877,0.024774754,2.564953127,0.151349227,95.15971476,773.3687665,54.13778732,96.24864333,0
4.630903416,0.021764766,3.111102737,0.15222754,64.35522374,791.9764785,42.66909382,102.974151,0
5.269587047,0.031529923,2.434115583,0.120761892,65.81954761,857.4752607,52.93084364,96.39862538,1
4.668194183,0.027102339,2.050151828,0.162462242,67.33966874,799.1367838,54.37106851,98.40243766,0
4.110564585,0.026964378,2.386760713,0.149926771,69.99992077,795.8045485,40.93554344,95.3518915,0
2.797111421,0.015872377,2.006216227,0.139525573,73.6749769,784.2165962,56.43008201,103.9415003,0
4.114203164,0.012783934,1.918554323,0.155024127,73.03036894,794.1048155,54.41287015,98.94248884,0
,0.025925211,2.580467426,0.153493171,69.42263744,838.5903801,58.37028105,104.0133855,0
6.305449114,0.020487837,2.620163945,0.163488466,67.3520418,753.4980403,55.65726029,,0
3.79435872,0.020272178,2.608682378,,,808.3996669,57.59378083,98.51725033,0
4.088020146,0.020733795,1.743899819,0.140360849,70.83054787,805.0360649,58.31778005,102.0301584,0
4.171833297,0.020764308,2.126500005,0.150865535,74.80507519,776.9304108,55.39080634,98.1164795,0
4.476129785,0.022727405,2.12453555,0.151150351,80.40013721,780.3417031,56.88461599,103.4700522,0
4.578671658,0.023922004,2.589242871,0.151972067,59.0502244,802.4967315,56.39637726,94.48800876,0
4.580685999,0.025430431,2.777467807,0.163020926,76.14335499,787.5312974,67.21322175,96.45484746,0
3.531663998,0.023036322,2.376984807,0.146345288,78.55238163,787.8058511,47.84518129,99.45278639,0
3.625574659,0.01623799,2.305456607,0.158433498,76.34310918,778.9178175,51.89476087,96.77496546,0
3.356982264,0.011749486,2.93618652,0.165353709,81.98842046,803.4390486,46.89580315,102.8952613,0
5.586969693,0.02171564,2.728578879,0.119526773,80.86555678,770.3640642,55.00702316,98.02674012,0
3.226072208,0.022356761,3.869713559,0.146260625,75.35589745,796.6668073,53.05737853,,0
4.228653684,0.022273474,2.879619505,0.150992708,59.44089307,817.3074372,56.12591271,96.80974524,0
5.388909774,0.03033649,2.593218493,0.134271728,78.61837703,798.6751695,46.12626387,101.4878808,0
5.158733068,0.016140014,1.848868535,0.15037155,55.34967305,788.2233185,31.5400424,102.7264839,0
4.317276355,0.027493803,2.187982719,0.135701976,68.99676315,799.2848611,58.65827865,98.0497213,0
5.384576242,0.034859763,2.378284616,0.146315641,64.47584062,822.7080258,,102.3426286,1
4.739707787,0.021358444,2.015138287,0.1411198,73.40359665,813.8916508,45.13625721,99.54475292,0
4.53314994,0.030079991,2.065301322,0.154016784,65.38665159,807.5109529,41.11740631,95.99547197,0
,0.033732823,2.714770986,0.151974735,77.31609983,,54.8930513,94.5708113,1
3.873015902,0.024275888,1.560752901,0.137580263,68.53641734,764.8672127,52.54411543,,1
5.052969337,0.019383085,2.473764964,0.146234511,66.18308031,786.5191635,48.76599586,99.93753058,0
5.988510764,0.029334291,3.124443762,0.154974074,87.1103399,765.4407111,47.81838044,102.5612404,0
4.116623371,0.015176527,1.425609425,0.146761206,74.57970958,817.6196972,55.85775572,98.9619638,0
4.210473077,0.025598341,2.023715668,0.155421695,83.59070949,804.1379355,67.73203367,100.8382756,0
3.950313686,0.019046156,,0.149342187,70.46193574,814.0034051,47.96498057,101.3218701,0
4.771514867,0.026726692,2.308024207,0.151479291,76.37614649,804.6956745,58.19544987,94.65676181,0
4.618136051,0.012484014,2.214414237,0.144481868,71.30411613,813.4567589,43.79298991,100.839625,0
4.205958254,0.005,2.550459114,0.15736491,61.255414,801.8190805,,95.9430398,0
4.501984638,0.023736582,2.15494518,0.146931904,67.79240686,824.607356,56.23137603,101.0732062,0
4.679101086,0.023782346,2.472226711,0.137139724,87.2721318,783.2229782,49.73618196,97.21406705,0
5.344758118,0.020515601,2.041464376,0.141703142,65.91678994,815.2113719,46.27637825,101.2717632,0
4.926162142,0.024191716,2.325632984,0.144875462,67.70997571,839.4680168,58.12541057,103.6809417,0
4.017412766,0.023557997,2.42112977,0.141143566,71.27905703,797.4416567,49.57225217,99.23331794,0
4.016809726,0.020085864,2.51820343,0.140378589,70.84420432,740,43.21718789,97.23492882,0
4.429619958,0.013934798,3.077802937,0.13549011,83.59332017,792.3501767,49.64988009,96.36024491,0
4.985066461,0.023754371,2.698948991,0.150248758,73.16586835,791.919997,53.18840073,100.7257018,0
4.658857417,0.005,2.546654457,0.145252588,80.27221517,779.2907007,,101.2480193,0
4.226615037,0.020948135,2.807223894,0.147911389,75.4176981,816.2684911,57.84193819,98.52159209,0
3.821519801,0.02070592,2.983321716,0.161183954,82.4289807,766.8999157,50.09932028,99.92439617,0
4.681682134,0.026640407,3.157567551,0.158135451,69.44606448,781.9092024,40.55940601,95.32250278,0
3.811899961,0.023429032,1.16803443,0.160020812,85.91382046,755.1202381,56.48411766,103.1576111,0
4.369088939,0.023545574,1.410707628,0.153757064,69.02434921,822.2428582,47.93832568,,0
4.261448629,0.01632599,2.832319213,0.138421618,70.14789776,842.5699748,64.65863451,100.4408606,0
4.614001935,0.029394019,2.737715335,0.139163804,63.81188138,791.3328836,51.05153997,98.31365935,0
3.447964726,0.030011214,2.871188303,0.15622339,61.28408805,860,49.60021757,97.42653422,1
5.048974331,0.029729099,2.962256544,0.156547443,68.93665599,798.450889,47.6137054,98.64590968,0
4.936356727,0.016532907,2.429517273,0.139622989,74.97271311,824.7049702,43.70672652,100.8397661,0
5.083466375,0.009876638,2.249515753,0.149687955,68.95515517,796.5197655,48.34570811,97.31432763,0
3.558285442,0.025283038,3.338167292,0.152434695,73.97173106,749.1564354,58.72808838,100.0508243,0
5.713418384,0.011522124,2.384721992,0.147016468,64.06085878,836.9994306,32.40741547,99.3463057,0
4.463265829,0.03924703,2.892120549,0.156457737,61.89948512,859.8726197,40.51446408,98.05191958,1
4.078226639,0.022037641,3.37189797,0.156704891,70.97084917,796.960807,,102.1269374,0
4.328305161,0.031719326,2.893789677,0.162477667,,824.7561245,45.23392887,98.24533367,0
4.359040209,0.032707937,3.278054297,0.140228858,92.72971061,801.2879625,48.56912784,99.28872919,0
4.377744973,0.019512707,2.276905706,0.151357483,68.07815758,794.0171717,55.6283476,100.9220718,0
5.686236973,0.034348868,3.325498889,0.161250183,69.94471344,807.1018161,42.54710271,100.9379947,0
5.049764808,0.020459714,2.179028537,0.144264509,57.78938997,808.5544403,41.91065546,98.48974766,0
4.715513404,0.023951604,2.653928935,0.152020666,72.49539066,793.0680832,50.24994877,101.4642961,0
6.030339826,0.023883022,2.950385562,0.153489,67.5519341,772.9056142,44.92531785,100.3581178,0
5.199665474,0.031656351,2.31449827,0.147078168,60.84147504,788.7082465,,97.58735335,0
4.014485221,0.030317867,3.157160606,0.146636093,66.83968091,801.8703844,55.44451093,,0
5.081272996,0.021097173,2.184427413,0.133730255,60.52920632,793.2777216,56.03891076,98.33448218,0
5.686229994,0.029743198,1.609714397,0.146264946,79.78249236,794.6812063,45.32874267,99.76491513,0
4.922813216,0.012664048,,0.162574893,72.61943418,798.4804439,49.60403814,100.7169579,0
4.51693953,0.015371745,2.825165838,0.146303387,78.5341863,793.0564465,30.07856741,103.8146275,0
5.271918759,0.023123108,1.780968256,0.152428195,60.80427366,797.7435717,44.75559767,100.5998103,0
3.806863781,0.02463485,3.35731441,0.136357986,75.10582704,778.1210072,51.58119836,97.36646362,1
5.03287515,0.02271449,2.076029195,0.146433785,72.15347794,824.4175384,44.5626936,94.96657188,0
4.175338431,0.028012974,2.296972112,0.147383078,67.8677095,808.4310004,37.69657675,102.2690491,0
4.968652559,0.020992593,2.607336131,0.135412691,,778.6364908,54.58688499,100.5351518,0
3.450891294,0.02535452,2.750297918,0.150067955,72.75028602,763.5173625,46.36436058,,1
4.157516222,0.024602397,2.357626003,0.161922488,73.79953776,814.7981053,49.12807907,102.2812797,0
5.477354975,0.034399046,2.253060844,0.149616883,68.8777751,809.4391486,46.60458427,96.97344974,0
,0.009037156,2.64714203,0.160736615,75.60428485,783.9865353,49.73206871,101.1603966,0
4.142914758,0.017174964,3.995275436,0.139418314,75.43082713,751.0730373,54.57488047,103.9206183,0
4.955036355,0.029614569,2.510214618,0.168826458,61.29405755,843.4262038,35.52994248,99.14616114,1
4.870564422,,2.792227967,0.169454682,92.88390256,766.4989823,52.55014296,99.18494757,0
5.311076655,0.022373363,3.185119398,0.131223055,73.3426064,792.2574866,46.04666065,99.84978739,0
5.1116736,0.025366802,3.071086386,0.143311782,73.66631716,785.0995725,51.30177433,96.41802817,0
4.290261546,0.033895354,2.444749104,0.148424361,68.53517374,806.1832358,40.55995772,102.6973505,0
4.280585573,0.025068454,2.658558981,0.143415548,68.53393594,833.8566897,44.46219183,102.7267751,0
4.334684417,0.020679211,2.476253146,0.147063669,66.14788279,793.2411119,46.92233947,97.4361157,0
5.622527146,0.013492956,2.519214591,0.144228661,65.40646175,812.3219328,50.60536645,93.97094714,0
4.741442949,0.024155507,1.894593806,,65.11523612,752.6503721,39.84867755,103.2350836,0
4.171969836,0.03469737,3.271745686,0.161696163,86.97649354,779.3363679,44.97149928,98.51562435,0
3.870235637,0.020612966,2.810059467,0.159140234,77.95373216,779.9078982,56.49116024,95.29278824,0
4.641631406,0.015458472,2.395425189,0.169739833,82.53160007,801.4144251,46.41553073,98.7198609,0
5.196101179,0.013778231,2.074348513,0.138857422,69.68564298,837.3943793,45.86007529,96.14052147,0
4.709113113,0.030790708,2.754101975,0.157262894,85.06763196,,53.94129341,104.5219432,0
4.176634607,0.023574153,3.051529614,0.128318351,70.79099951,853.1683871,43.6539834,99.58573695,0
4.564621689,0.022100488,2.280234346,0.150936989,62.56699659,849.9349776,51.12777787,102.4082445,0
4.283735766,0.017240013,2.587920286,0.159739234,66.37463797,749.3315817,55.5988133,107.18238,0
4.194789182,0.019618455,3.032849693,0.138303107,69.07328287,740,40.14727781,99.76226853,0
,0.018051391,1.833783704,0.147905648,69.26673338,791.2929343,42.75946408,98.71786765,0
4.832819159,0.034837134,2.595006338,0.135579509,79.25061944,785.7208956,42.00815937,101.2495986,0
,0.024326466,2.061854645,0.152402171,64.89647506,789.0713323,53.64476421,99.83563315,0
4.076207244,0.032684785,2.73170602,0.154463279,61.37891412,813.7036495,38.98697907,98.78333588,0
4.285170707,0.032738633,2.80696282,0.125596194,,801.8670205,57.76508453,94.42735959,0
4.67200919,0.02972767,,0.13063737,82.58415495,786.0322483,58.53055021,100.7652492,0
4.670440444,0.019641157,2.22374787,0.145789374,70.8032227,772.1484431,34.84559762,101.0058898,0
4.047116955,0.017539185,2.781014922,0.154155901,72.04406988,766.1362037,40.10655217,97.03140399,0
,0.032140717,3.030025092,0.141814419,90.66549948,760.9219134,37.00840659,101.8247949,1
3.768867963,0.025387058,2.324546526,0.158512702,81.37487918,792.5287777,55.69946598,101.3578623,0
4.390644628,0.016281649,2.295776326,0.14720516,79.52604953,841.496541,50.72438815,101.7106725,0
4.217727125,0.025734656,3.030226046,0.138632376,82.73666359,773.5878778,57.28016881,99.02777086,0
4.659869587,0.028291408,2.947743792,0.137227591,93.97584904,836.5349985,49.38622157,101.8347827,0
3.167431349,0.025583534,2.596395778,0.141573679,96.17062547,760.9393131,50.12444287,102.8643631,0
3.739279853,0.026474869,2.503606748,0.146449354,69.57226993,772.52259,43.06201674,99.32369063,0
4.203014382,0.021113196,2.591715258,0.154876762,74.10625713,779.5211705,45.58199384,97.10634386,0
4.884260557,0.024171456,2.617296284,0.131073815,79.50446718,779.8790039,52.44928324,101.2960983,1
5.091142764,0.01030428,2.405602188,0.12919627,67.14020791,806.696382,57.83442629,95.0784499,0
4.23740662,0.020356563,2.360614668,0.139892867,84.58877989,795.4302408,28,99.6280933,0
3.952491518,0.018605238,2.321708422,0.158995155,77.16600111,777.626714,36.95220266,102.2332417,0
4.984977079,0.02367225,2.289445359,0.150057866,72.8604427,828.3032424,50.63190528,101.7487768,0
4.576089899,0.036706708,2.96182753,0.160686911,69.58030336,787.7506094,47.05358935,94.04609438,0
5.574991767,0.021439989,2.467031446,0.141737305,80.76082668,786.7895592,45.70229442,98.52447793,0
4.926552476,0.01978206,2.46130314,0.133881503,83.18573291,827.3994399,56.58284383,100.3830817,0
4.738050433,0.025203892,2.836423827,0.131459924,71.0569205,818.711132,50.46417184,97.15944358,0
4.452143717,0.017603597,1.812126442,0.160106814,74.93439084,799.2584859,56.73295154,103.9295228,0
5.301070883,0.020520541,2.813013769,0.148607997,68.38992757,793.3678593,49.52607838,99.39303572,0
4.138320417,0.026788871,2.023525598,0.150850456,61.74397925,806.69866,48.94808579,96.58362514,0
3.586235868,0.023906741,2.950141937,0.143879918,,777.2605725,44.66979779,99.39500283,0
3.212327191,0.03280899,2.514535135,0.14274037,68.71569987,797.5549101,52.22356373,103.4897003,0
3.91634586,0.01340056,2.905345435,0.145932788,66.54933339,796.5337743,56.83942863,98.99877457,0
3.131561957,,2.033643203,0.14626134,56.41602567,799.5138462,50.42267559,100.8904947,0
5.353388274,0.028625914,2.409120859,0.133509044,64.2453292,805.2176491,61.24548204,97.13358044,0
4.809882208,0.026596303,3.376750413,0.177558697,60.62583016,828.4511613,41.52981858,110,0
4.845873555,0.026105148,2.920519153,0.138104884,71.30867121,812.336468,51.45597961,102.1269732,0
4.90711811,0.012316024,2.489687551,0.159670613,70.35000641,816.4691885,57.44524186,99.57324069,0
4.175786918,0.027119551,1.88483774,0.14098607,70.40478049,787.7062833,45.19863529,98.11298674,0
4.330805002,0.033749131,2.322172556,0.141078952,73.14310783,759.4309512,64.49940483,100.0095432,1
4.691113898,0.020578837,1.995531615,0.141874192,52.54134508,840.6194928,64.82282611,99.05494647,1
4.817042783,0.029023492,1.805001613,,58.65790745,824.8583621,35.47096904,102.7269268,0
3.684786069,0.020879957,2.246218683,0.128349119,76.04194911,803.0450776,56.59841249,98.52318564,0
4.78601536,0.018088912,2.138875147,0.170192091,,757.4611519,47.55692392,98.82317983,0
4.430351555,0.021530224,2.280047265,0.157878274,74.54256533,773.3418404,49.29363515,103.3040284,0
4.175125212,0.017103453,2.232485498,0.142189689,66.28268775,796.2814928,66.53892364,102.6548715,0
5.007405552,0.033957918,2.35923987,0.132459021,66.44907622,,59.65172322,102.2995365,1
4.448384092,0.031179924,2.649582035,0.151660997,73.35288072,784.1935902,42.28461726,100.9932042,1
3.951799322,0.02813478,2.880819674,0.162539975,76.40462629,771.2832522,38.52914924,102.3334983,0
3.852316535,0.017831113,2.145662434,0.147284171,91.5216746,766.6819927,47.43278509,103.5836418,0
4.701978589,0.023687407,1.996496651,0.14878836,70.23045898,790.9814662,44.12900281,108.0262635,0
5.315919773,0.027188697,1.996419526,0.147250351,63.11382643,823.9068473,43.00836623,100.2786296,0
4.77682997,0.023466451,2.919446525,0.131930847,80.38336291,792.1980447,51.6129958,102.4444563,1
3.392268488,0.024519269,2.129257452,0.145771349,76.81639679,814.3579165,57.01932302,101.4082473,0
4.143470469,0.028253967,3.473266137,0.1602945,72.07137274,817.2694868,50.26952728,100.4922448,0
5.13751414,0.029919545,,0.155792572,70.44187476,780.7074157,61.84163972,100.500624,0
4.471484526,0.025346659,1.657084838,0.164741808,69.31681339,825.6380285,49.75887268,98.8713532,0
4.633545579,0.013477326,2.926118644,0.140870839,69.87735248,793.3459406,44.89915521,99.11633813,0
4.154078712,0.027040464,2.255101325,0.13263547,82.43226096,820.2904069,43.21654428,101.5082352,0
4.453444155,0.005596966,2.774882024,0.146665676,84.06877142,779.0611151,46.36044835,99.09674399,0
6.186763589,0.027954482,2.755796626,0.162650237,54.18623066,806.0972566,43.89401867,97.44204632,0
4.925070469,0.031644675,2.253269898,0.147432045,59.28474543,779.4495067,49.34008945,95.29211253,0
4.77957916,,2.153382178,0.15462578,66.32513063,775.3970192,50.48242154,94.18395479,0
4.806808968,0.024297265,2.191101504,0.157855239,91.26844896,788.6603051,44.85655615,100.0096097,0
4.865501648,0.025380841,2.33081757,0.143994805,78.62130736,780.4208291,51.15520778,96.78854407,0
4.997785612,0.017313632,2.633445057,0.156153799,64.9497395,787.9798184,54.18209707,96.37046936,0
4.6306566,0.020981829,2.700623186,0.122459254,80.374514,818.6926633,51.48664213,,0
4.223332767,0.028514762,2.151596042,0.168364282,57.46141958,828.6555835,64.73361222,100.9162779,0
4.290167367,0.036648946,3.627158906,0.155738737,60.40541955,796.7964597,64.27372092,94.13836494,1
4.496647501,0.023475327,3.083764085,0.142769515,87.09996792,785.1284671,54.71794044,101.1262021,0
3.941334336,0.024082163,2.334123783,0.153337188,71.61666317,846.8505923,56.31474562,99.58810096,0
4.923844555,0.019189619,2.883958227,0.145455577,61.02511787,787.9085945,38.8428801,102.0987713,0
4.54156707,0.022597512,2.295688179,0.148632677,69.14663859,807.000671,47.68116709,100.2912966,0
5.302110272,0.030135026,2.791541248,0.135321268,61.98830604,786.2247093,50.71262675,105.8649757,0
3.875875462,,2.792878214,0.156085064,58.83579312,819.351297,54.56044475,99.68537066,0
5.505124267,0.025479075,2.875109071,0.140240063,69.56837196,841.7163383,47.72280339,97.94880624,0
4.362528589,0.026243296,1.638690729,0.140966959,90.03314403,805.4569963,48.60286142,104.2612082,0
5.799112332,0.030232011,2.916312499,0.12799204,76.87821954,,40.01219385,98.4744201,0
3.717880316,0.025164824,1.857733194,0.166046549,68.0729265,832.1545087,57.64165684,105.9893721,0
4.965003639,0.030857906,2.991823866,0.142335652,94.67686146,740,54.48945424,97.82569242,1
4.351327017,0.025875812,1.729872687,0.15017316,67.68309597,762.0310524,40.8090332,104.1409454,0
3.413724181,,1.501357312,0.164677355,,806.3202023,48.12412779,98.05539918,0
4.75348434,0.038824693,3.120650874,0.146520006,77.36188715,793.9928539,51.81040158,103.783269,0
4.650789313,0.028049131,1.997685156,0.142920848,64.60258179,819.0351053,57.29890191,99.7198598,1
4.65505239,0.018957307,2.472512582,0.148806295,63.47115774,825.1886884,49.9559248,99.65480885,0
5.218445683,0.026614241,2.098704006,0.142380828,84.25005959,804.8701041,38.11734969,100.5640129,0
4.200486359,0.025168798,2.901665137,0.145399027,73.22691422,800.6672676,53.94178867,98.66368029,0
4.280994283,0.038032986,1.738481732,0.157179922,72.00139922,778.3898507,64.61088558,102.7265403,1
5.037302057,0.028236582,2.521723674,0.144326533,76.13831365,764.4560534,54.94029265,101.0359681,0
4.19689605,0.030979755,1.900940172,0.156569196,,817.4213596,47.20888862,96.06638561,0
3.271871332,0.022921371,2.671295476,0.158747057,75.31082668,784.5034418,45.29341846,105.0628053,0
4.495863195,0.030416569,3.641646907,0.146660073,53.01149567,840.003335,47.97475008,99.15260031,1
4.4536448,0.017664592,3.058790312,0.138139464,,806.3591752,49.01248216,100.9666221,0
4.896808312,0.030620309,2.397502445,0.145231542,68.45933808,806.6795441,54.27160507,104.5457264,0
4.176203081,0.034292602,2.5552666,0.134254826,71.27229954,792.2129542,48.39111014,106.7294415,0
4.883899212,0.024309034,1.823630285,0.149998759,70.91807067,781.5980878,55.27270149,102.7530544,0
4.562553441,0.029018417,2.550874824,0.144595349,74.97662938,790.8237257,44.74247915,100.837789,0
5.063539673,0.024407408,2.26621028,0.15161564,70.92363791,815.6278306,51.06585066,101.2558788,0
4.867455988,0.022487051,2.11968064,0.152221719,81.66318665,807.9829468,44.24609473,98.33797647,0
5.10938602,0.016611976,2.69043311,0.142468439,63.54214415,776.3093613,54.3113019,100.9609513,0
4.561005088,0.028050229,2.450590428,0.152630773,72.64487241,773.1542612,48.3347458,97.0550206,0
3.580208546,0.025744297,2.745749769,0.160840486,62.86491898,819.6300469,49.8533238,101.5248609,0
5.23267088,0.022828556,1.52551938,0.139833305,77.24828116,827.6912099,43.89727011,101.9984807,0
4.142404766,0.013247638,1.287311763,0.1601206,85.44057969,778.7350081,50.34017371,95.94130862,0
4.319621143,0.030005882,2.402822498,0.167484659,60.71415175,813.0475769,52.8194318,104.4907311,0
5.217940073,0.020322002,2.821459424,0.139300354,67.49945604,825.5330393,43.41766114,96.56162737,0
4.563818039,0.006893751,2.342230146,0.144706897,,777.7204157,56.8603832,99.29829588,0
4.90646391,,2.437930888,0.154851523,58.62619882,853.7710679,42.54827304,94.88862164,0
4.583591085,0.030717689,2.689537923,0.141000806,60.19183448,811.8422394,45.03886486,100.1603002,0
5.218236493,0.022068378,3.12927367,0.143007785,66.91002847,803.5670379,48.66524409,100.0911654,0
3.778238027,0.030205761,,0.152925507,71.10625832,786.3198475,60.23038596,97.35356387,0
,0.017463275,2.578210953,0.143424546,68.72049474,796.6294002,43.93216059,96.08288126,0
5.250990375,0.033244491,2.993912291,0.14807055,81.47636369,794.815521,56.46272278,102.3059305,0
5.187492075,0.023496734,1.988660797,0.139060762,80.65423942,789.1833125,54.86588178,100.8116658,0
5.251070047,0.01606787,3.225480286,0.147383139,71.32053046,770.7205081,43.29242921,105.104047,0
5.168036756,0.012117779,1.540324048,0.138488767,66.12904759,800.1930288,51.21487076,102.37465,0
6.159035313,0.031702554,1.974253607,0.149916147,74.03398352,771.5350738,44.09448647,103.3579551,0
3.442828267,0.027439761,2.125401034,0.143647259,80.79850531,832.5736516,70.25885787,101.6056591,0
3.873092917,0.024755337,2.110378034,0.144177694,75.3594161,806.299263,70.74861373,95.68986087,0
4.29015407,0.019288599,2.723740884,0.138586749,79.52620299,769.106013,43.73346771,98.19050347,0
4.421681278,0.024290704,3.194384668,0.145914858,51.53228075,789.9819661,42.72276985,100.6619277,0
4.735440941,0.018451593,1.951498649,0.153207911,61.64826255,786.8808763,61.32383773,94.90815747,0
4.029361809,0.026027938,2.49519971,0.146502903,71.31598506,799.1854384,55.87709793,97.08555779,0
5.11104173,0.029095672,2.615863386,0.141323663,83.04523086,768.2603027,53.88560966,94.59951848,0
4.915412925,0.014605097,1.70784364,0.135015632,69.34384331,801.7342335,60.23896107,102.7304105,0
3.77151654,0.036895828,3.351427454,0.144792608,76.36208669,805.3742956,55.06358269,96.52357807,1
4.990626137,0.011938712,2.113296365,0.150948762,67.72854539,812.4395265,45.75345839,104.2839208,0
5.511758778,0.029626179,2.636728614,0.15666558,67.08985799,750.8240708,50.87598793,96.21587071,0
4.303110863,0.030926117,2.563873297,0.151517285,62.77180827,782.8435339,57.09119767,96.38501728,0
5.203709013,0.022781539,2.464773317,0.168007589,65.74841601,798.3551746,49.37678184,106.230725,0
4.69902287,0.031484612,1.865338188,0.162769065,74.01975909,823.236698,58.16131046,94.48408096,1
5.539096759,0.026741364,2.962243797,0.143454376,83.45712764,812.6306342,46.68249241,102.9216899,0
4.862129247,0.025757322,1.864680505,0.13862264,64.12484088,766.4435708,49.8684938,96.00585156,1
3.831509485,0.015255157,2.704243689,0.151438757,94.35151238,780.6118416,41.49284059,98.05349425,0
4.539749981,0.014246824,1.278008686,0.142076273,78.18061049,833.2530554,59.07949812,99.12196013,0
4.006468407,0.027216937,2.961661656,0.151321779,64.87462803,802.6754798,44.86362513,98.68518055,0
4.146512685,0.023248345,1.51302475,0.150855045,70.02168527,798.7268713,45.83302555,97.37521594,0
3.54480905,0.021787532,1.741877313,0.164435768,70.33472772,832.2311639,46.54787879,101.4801429,0
5.073876788,0.009511681,1.959368999,0.148628726,75.02137127,830.5204526,52.71008669,104.2859838,0
4.719197824,0.027636206,2.409659795,0.134807488,82.79140331,786.7429876,35.55145347,96.22628616,0
5.155076917,0.025413707,2.176875202,0.137741004,72.90400422,818.7668398,57.47749001,105.1065578,0
4.80386737,0.033247428,2.851575445,0.141709907,93.44835242,789.3148135,51.33754285,103.7781424,0
4.091219776,0.012928703,2.171537428,0.136963261,75.77625016,846.2884538,38.80445777,97.44681096,0
4.97031112,0.029650953,2.459721014,0.142188767,69.4854957,841.8101829,47.34855127,97.50488101,0
5.460048657,0.031181028,2.726524766,0.140745723,67.88432144,812.6346412,55.60992117,97.23281268,0
4.897239403,0.022855717,2.715633438,0.144244987,92.54316243,760.8182013,55.03715239,104.8403639,1
3.484016862,0.022853012,2.823857292,0.136241907,74.25276841,812.9566588,33.45335412,104.7713111,0
5.940296734,0.031794548,2.907889731,0.156499,70.83786959,832.0465278,49.47986451,101.2566994,0
4.731159475,0.010100016,2.194088753,0.154398062,72.49616689,809.2976958,51.63488033,102.4988462,0
3.799848738,0.030144441,2.334535616,0.153120008,66.53413373,783.6539066,54.63465793,97.64428612,0
4.191054529,0.016443681,2.570141572,0.148214681,64.10726379,781.6382687,48.62082146,98.59680043,0
5.22787915,0.030898127,2.085444034,0.141681946,72.15842661,835.4854557,48.22783299,97.25086754,1
3.798294249,0.013314457,,0.13070542,82.61092359,769.960133,69.56305408,95.67248597,0
4.303479792,0.011200102,2.806136329,0.150500522,82.27703892,790.0140916,50.09529558,102.5750168,0
3.955522134,0.024983771,2.996387745,0.148463943,85.77594278,816.1686153,41.9251189,101.5379433,0
5.224836189,0.011123688,2.082515601,0.137952307,82.29343823,774.6235438,37.86827674,98.09723778,0
4.816245907,0.029339291,3.503019773,0.136164484,75.023639,763.0946673,50.97414159,97.4962382,0
4.255651953,0.018656376,1.725554967,0.149853333,69.8681317,825.3280048,61.38951899,95.16460827,0
5.50324349,0.028246898,2.618553597,0.148734,77.47147275,797.4962013,61.68023542,101.8779643,0
5.655563603,0.011869641,2.602953028,0.154071581,81.16103048,846.6863787,40.75204456,103.2210896,0
3.809781398,0.023757739,3.387485873,0.149553486,82.99584966,789.7678075,33.71292138,102.961995,0
4.583554313,0.014902434,1.480744344,,80.57018872,806.9682606,56.77005549,103.7009325,0
4.490419523,0.013398621,3.094989239,0.148673366,72.05000489,825.4310537,39.44035335,104.6499837,0
3.985409224,0.01419574,,0.150383617,,805.6910533,43.06786667,102.4637592,0
4.349583787,0.029021192,2.699973101,0.148955306,74.56026632,824.3250747,47.96667011,98.63057536,0
5.42868986,0.029021333,2.774568534,0.140177376,56.0100066,836.3797213,54.86871745,103.3011323,0
5.258133488,0.026613539,2.342173849,0.138243471,75.18835658,801.6053988,46.71109465,103.3054624,0
3.752014939,0.024752178,2.110705284,0.137178011,64.12757159,778.9394109,44.66110553,100.6575531,0
4.900011351,0.017773928,3.42226286,0.135161163,78.42262156,754.8118969,60.34418257,101.9564069,0
3.612984131,0.010082046,2.313783711,0.134948868,85.54568016,794.8701851,,98.00531178,0
4.436923412,0.0335636,2.182041478,0.142805199,60.46654975,795.1608751,49.15318821,104.0926633,0
4.799680706,0.031323322,2.412885945,0.168379243,65.78152894,816.2351749,46.02950102,95.07608802,0
4.950712365,0.023103695,2.306974648,0.141360923,69.94961732,777.3003647,37.85133358,99.0461585,0
4.063674175,0.020326237,2.42162391,0.144670348,85.53156642,811.9182038,40.16028323,99.4691193,0
4.337936259,0.014900927,2.17353627,0.15912696,,833.4010376,48.75365814,98.05325961,0
4.361995978,0.026857445,2.81563168,0.159989957,71.89193277,805.5965961,48.57711237,99.26735948,0
3.914352266,0.030319981,2.269118782,0.139502224,76.62856151,781.3356786,57.09286702,103.9282217,0
5.155679031,0.03733654,3.676018235,0.162096915,75.26991295,778.1383753,56.72829694,102.7119247,0
4.927668589,0.026643737,2.425203289,0.137524928,83.92208179,778.6243064,43.50431678,101.233145,0
3.057972801,0.019970688,2.206360636,0.143376501,81.660772,821.2458347,54.69514277,95.65374646,0
5.225202306,0.014091508,3.073826988,0.135144743,88.03303585,797.208763,50.61678143,100.3559891,0
5.65013184,0.022087195,1.756049521,0.143056777,61.09155963,834.7869222,59.59014941,100.3084439,0
4.956797244,0.024861756,2.252555997,0.13461931,64.91086563,802.6498856,46.72802966,95.85501437,0
4.456312299,0.025102535,2.725225907,0.152828291,77.35234629,804.8748763,49.21086736,94.838131,0
3.431449215,0.02051914,2.566818042,0.141675043,82.41282198,782.556929,47.44162125,101.0403555,0
5.667386526,0.035208288,2.221047106,0.146223843,67.67465856,767.7906064,42.60815528,101.8081868,0
5.033819713,,1.986869391,0.145965394,79.23374241,786.4163291,48.27975702,94.89620768,0
4.601707939,0.029837552,3.806554579,0.142095528,62.9604471,807.239535,40.67245007,102.0130383,0
4.438354178,0.026299096,1.683367247,0.143366759,64.91827005,776.8526458,51.232745,101.6322022,0
3.48277269,0.037533997,2.907181297,0.14244221,73.71293098,810.0810963,43.42484979,97.68317237,0
3.541126379,0.021122256,2.550492624,0.135650949,75.6299724,794.0971491,58.1733727,102.2233847,0
4.284730028,0.027531714,2.937775274,0.145098014,56.99422039,828.680666,43.43221672,,0
4.603276472,0.033967689,2.818423239,0.164371049,76.97438221,809.8586765,49.62038744,105.46327,0
3.292020596,0.021074405,2.050921753,0.168379765,64.54218753,825.324247,65.25328099,97.82585323,0
5.562075812,0.023468395,1.745037313,0.151331824,55.37840298,800.9003176,32.46148352,98.31056791,0
3.598210646,0.012795841,2.382292089,0.142458775,70.7339849,787.4897519,39.01448035,101.992404,0
4.523668056,0.026479789,1.990489343,0.126401264,64.28807631,808.2065731,55.54444006,99.25512355,0
5.451631952,0.023370882,2.299054826,0.141794161,77.25781482,813.180045,49.21130121,100.7426272,0
5.870484572,0.021008734,1.554988492,0.153206673,64.94230116,799.5453283,60.88600648,96.84634899,0
4.43473077,0.015285892,2.266066883,0.133810396,70.69586811,788.930484,37.63768175,102.5481159,0
4.362743836,0.030394326,2.998637998,0.139451582,65.19758775,816.3697811,49.09482742,93.33517192,0
3.56710619,0.01683879,3.455943828,0.141674611,64.0622329,778.6490473,54.23902813,100.3043013,0
5.450760833,0.023032723,2.202741934,0.152565571,74.16413706,806.171339,53.75980202,99.00862632,0
4.656405765,0.022016233,2.461181751,0.143197008,84.70017986,814.7999305,40.35974816,103.6533734,0
5.20642161,0.017294249,2.215930837,0.158138028,72.70461555,764.0042971,40.15272073,99.05910488,0
5.83285635,0.023604536,2.2923212,0.134951724,83.93583729,807.58836,53.39954466,102.8816609,0
4.00380159,0.013171484,2.68491375,0.133184476,57.95896254,787.5074701,56.05387228,101.2935846,0
4.603640324,0.030568052,2.786209296,0.146969255,83.2008223,805.4129171,,101.649249,0
4.547715939,0.014843842,1.240142929,0.131006496,71.91902554,791.4110709,56.65143792,97.48006834,0
4.723128322,0.024736072,2.981141895,0.155444554,67.87189392,784.449414,41.99662274,103.8627148,0
4.290484653,0.022087151,2.922593332,0.151434994,50.79386981,809.9188324,56.14301133,110,0
5.476849123,0.033991074,2.245323043,,70.57093955,831.7552895,64.18007715,97.60219744,1
3.677862402,0.031187673,2.97329753,0.126766383,73.6532099,803.9264442,54.16952764,102.4640012,0
,0.023587788,2.088743761,0.149481173,61.24517888,800.7287327,48.10912082,100.0934348,0
4.258841027,0.025873582,2.489178834,0.149381683,85.04571077,801.0030874,48.34348427,103.9902859,0
5.076004473,0.012530276,1.699470117,0.130592792,65.89974182,812.9522268,57.84259576,96.51809444,0
4.014856565,0.04296589,1.863539426,0.130312209,70.69290814,802.4339345,57.23067712,100.9857433,1
3.93146277,0.028193481,1.960776295,0.148305176,67.68349186,772.7931839,37.63236762,99.43906367,0
5.133552491,0.028256406,2.499606924,0.145483068,74.58955418,798.5476446,37.40651736,100.852424,0
4.51682302,0.023514696,2.515539352,0.149103178,72.75031177,761.4046595,,98.46039212,0
4.539810575,0.019165325,2.914676679,0.145250786,62.87943323,771.4309344,43.48740505,94.73889151,0
5.575713041,0.015932905,2.157427655,0.137679646,65.63048059,795.6744042,54.61775121,101.0815597,0
4.298917339,0.017350448,2.339671225,0.16690972,70.31364808,783.3235319,52.18901028,99.50922386,0
4.366064224,0.02162823,2.697651304,0.149807451,69.44523274,835.7369563,42.39797193,95.41875698,0
4.095293252,0.039189278,3.269093888,0.13388576,64.32265199,837.2943464,56.06221224,99.98406943,1
4.632586793,0.028578533,3.079084577,0.157489411,77.35150768,823.9358769,53.74718068,96.79931742,0
3.070090543,0.02661469,2.117500171,0.140239318,68.66219712,793.4309074,44.97572875,101.2096083,0
3.418795027,0.028226766,2.523831113,0.139906631,71.50186464,785.1452733,42.04591503,93.55943893,0
3.792282216,0.01378945,2.116286787,0.143604531,79.70837869,791.5148733,57.10624105,101.0370007,0
4.292594638,,2.793840352,0.142269601,59.77316864,801.1062357,39.79076672,103.5877693,0
5.189334966,0.027126285,2.399818982,0.150704373,71.08989912,813.0271664,65.04472263,102.8911963,0
4.566352785,0.02297218,2.730733421,0.143904177,47.27271628,832.4604138,48.70779202,100.9079524,0
5.024641286,0.018840731,2.103831735,0.152903688,72.09207831,860,,97.69548514,0
4.130369337,0.031457365,2.169961279,0.14092333,85.79925664,816.6316574,52.84026346,100.9063266,0
4.156786408,0.01533056,2.060993811,0.150101128,78.84385527,783.787967,50.48380806,103.120239,0
4.158163506,0.024525934,3.367610338,0.154721582,80.57732877,816.5999737,56.00207599,99.9239831,0
4.456789769,0.024651238,2.898390231,0.158416277,68.22530263,803.6255778,60.58939665,102.3978308,0
4.584025333,0.01143536,3.184712441,0.148681453,77.42175298,785.0657461,45.68968901,91.61046567,0
4.795355941,0.028661355,2.797095237,0.157416308,56.39987209,827.3034645,44.08046161,106.0983956,0
3.779406252,0.036055258,1.657644016,0.137053377,63.77610469,769.5344488,51.7924466,98.76217576,1
5.093774684,0.025737131,2.772884805,0.157672035,80.89891384,819.8887204,44.80924495,97.88089284,0
5.602008371,0.026067376,2.263153116,0.140042607,78.97694904,776.50189,45.31208197,100.7259347,0
5.241513484,,2.826765314,0.154715725,67.87931931,798.6695715,44.47206663,,0
4.122302918,0.031004778,2.98848097,0.139195578,70.3461264,747.3192409,52.47586992,98.0534734,0
,0.022935666,2.232023133,0.145541074,74.45317111,769.4376376,50.84934554,99.37583024,0
3.513292327,,2.389998833,0.154648668,87.76579876,,49.62459613,99.80764174,0
4.442627956,0.023336301,2.657823042,0.128059309,84.86272283,752.2577429,53.21613485,99.27774131,0
4.863811982,0.020149098,3.945269419,0.143118874,60.70985546,804.2946156,42.22535453,100.0533493,0
5.241051953,0.029004814,2.258672483,0.159551691,78.46035839,805.3343158,62.61092549,97.79628297,0
5.293990431,0.030186398,3.030981149,0.16088133,75.2373386,779.5037251,42.98885089,102.8235641,0
3.502872642,0.026711379,2.696987989,0.138119074,62.64377152,774.4338629,54.68438428,102.5603254,0
4.145520565,0.029011719,2.916206661,0.160504827,65.82484135,801.2447148,51.97915497,97.78434872,0
4.64548587,0.014751012,2.542735362,0.146454149,80.38930134,830.6458808,42.53259454,99.7110911,0
3.506780684,0.02673482,,0.145256031,74.90730058,793.0037084,46.72236969,105.0996083,0
4.457462342,0.031611297,2.535213393,0.160437224,64.21321085,837.9496678,,,1
5.102461431,0.005376948,2.215979705,,70.38012844,758.505006,50.9087447,99.59750316,0
5.51358309,0.03400036,2.627654014,0.140263772,78.91590678,754.8418583,44.28545063,99.61648889,0
4.612631713,0.044032934,3.133530263,0.145211851,80.52465256,797.5571171,55.99534079,99.88812111,1
5.235536118,0.023275313,1.715851443,0.157305956,80.2681341,822.0690681,51.90747867,101.7332048,0
3.922187297,0.018103205,2.626714086,0.151724186,70.62720633,761.6285457,54.48755658,104.3453903,0
4.630592387,0.023737433,2.761056275,0.138792649,65.43495993,773.6462091,59.21184808,103.7146002,0
4.848920841,0.025125351,2.9254743,0.15914089,67.06320275,784.1106598,49.87733869,101.3536444,0
5.220322274,0.028378232,2.568594182,0.141073795,85.7316461,855.0463063,55.84948176,103.9722413,1
5.056769181,0.037337091,2.445055964,0.15276533,74.38888135,779.0709826,49.13067767,96.83843918,0
5.219922368,0.027095896,2.87144227,0.160512406,59.80959672,807.0439005,57.0411942,95.89032138,0
5.205792926,0.017174726,2.432978022,0.142869156,74.25481004,804.234407,49.97177997,99.92431685,0
5.581041202,0.012251445,2.587302855,0.146493324,70.74529722,782.890998,56.10359023,103.4999436,0
5.769887826,0.026605148,,0.148632797,71.45345935,784.2956819,60.72800466,104.6136125,0
5.046534774,,,0.143291729,70.26406356,825.9036594,55.91602018,98.82378685,0
4.180431292,0.025816138,2.811442337,0.14578858,87.49037691,760.966324,53.9509198,101.7915294,0
4.530421421,0.017922493,2.541992683,0.134655029,73.61692965,813.8325085,45.58431408,99.80463431,0
5.182394776,0.03109894,2.52915999,0.157036461,69.80162775,798.9055703,72,100.1393467,1
4.574908864,0.023841987,2.260548086,0.168016746,90.58621977,789.0258707,36.61836001,93.64716196,0
5.865044149,0.008894658,1.496837389,0.151452139,75.92810371,767.750301,64.21189124,95.76795467,0
4.350869332,,2.499424636,0.169730847,72.6768644,856.0749588,46.5952816,102.2187059,0
4.559674504,0.027105192,2.168196823,0.143945065,63.63826825,820.7891326,42.17776949,101.5532106,0
4.722697348,0.02751814,3.073783598,0.169524032,62.98238361,800.9273439,45.42742262,93.55242417,0
4.569182742,,2.329551235,0.162865017,70.13346679,810.7385641,50.96438373,100.5805403,0
5.054626806,0.024292317,1.959831193,0.153659339,78.15086425,765.9201046,53.422672,103.8297626,0
4.775705741,0.035073297,2.249274381,0.160081238,62.28415661,813.4007888,55.6196253,99.77601262,0
4.980224171,0.036692219,3.10192667,0.13756866,74.93205145,792.4128835,50.28008636,98.89719906,0
5.621421858,0.018694625,2.317911018,0.152558298,70.32679055,824.1181398,63.42358536,97.77268715,0
4.733773786,0.028233067,2.815599499,0.151098504,67.75435463,813.5770663,54.8081783,98.94267691,0
4.064738767,0.025902549,2.137401042,0.141184316,51.83370921,829.8406444,46.50634487,103.8460723,0
4.028899824,0.024165955,2.882921211,0.150340946,62.53610805,814.9111783,49.98364376,99.02822889,0
,0.029079908,2.582242776,0.132591211,76.21468808,800.263365,50.62519109,99.74339775,0
4.545781368,0.016821073,2.873967971,0.159031872,73.75627923,836.2991752,45.049197,103.4800369,0
4.581944338,0.022011362,2.967049322,0.146390046,72.09738301,824.2996087,52.04699681,93.33120823,0
3.277066469,0.033295521,2.830746366,0.155636458,64.81818829,795.9947753,32.57794548,96.56762356,0
4.388592511,0.030338686,3.321032245,0.14205923,65.19106706,804.7338088,53.72027116,96.79059947,0
4.760363383,0.020237388,2.367700929,0.159673816,58.03893832,811.5933062,43.98063785,101.7348413,0
4.600940544,,2.270493238,0.15901237,57.51447053,821.7046208,47.46992195,97.17757898,1
3.929170848,0.021342989,2.958246146,0.159216023,76.00756285,805.2694866,,99.45975862,0
4.936470682,0.009987324,1.681696658,0.137641572,76.51060601,828.4550519,45.72613952,94.48978433,0
4.258012314,0.023581178,2.754331114,0.165528224,69.08206262,814.3106644,54.94889521,,0
5.781099841,0.030323273,2.62253174,0.157806629,76.11356168,807.6466302,54.83179793,99.28477296,0
5.383329956,0.033204935,2.01178457,0.1419145,64.46138356,781.9701519,67.02760588,104.4716011,1
4.408170961,0.038797641,2.417863625,0.165590194,80.46116114,812.7736735,55.30287076,105.3584141,0
4.744112496,0.021163906,3.244405675,0.128369891,73.83337514,806.0921512,57.57138047,99.57101584,0
3.876687185,0.027473902,2.623601204,0.133209759,62.07330772,787.3710569,61.99639986,97.68143013,0
,0.031834914,2.613486552,0.128628297,82.06252179,776.6221631,52.28060784,100.133224,0
4.018157391,0.016556611,2.257775851,,76.32895306,793.3354946,28,99.05479926,0
4.15033678,0.030625561,2.250691761,0.139187259,73.33027896,803.9952705,50.61561598,98.04069074,0
5.003449864,0.040882467,2.607713481,0.157742669,78.95698875,793.763612,39.77305729,96.05147467,0
4.176019018,0.027138238,2.2990314,0.161463458,53.27215132,795.8841243,62.39883717,103.4011984,0
4.352863,0.027290082,2.217678501,0.152774203,87.09402082,761.6836506,62.36642687,92.28178389,0
4.402741689,0.020433352,2.02277862,0.16586659,72.72537386,804.8656564,48.96665093,96.19644173,0
3.225198771,0.026265074,3.313204255,0.154837984,80.28900668,834.7442056,,103.2711012,0
4.386446843,0.022995457,2.92548848,0.142799133,84.11646298,750.3931827,48.55396444,97.85721431,0
4.569691609,0.027658754,2.791405731,0.140691617,79.08717648,794.1049177,60.96584833,100.6989635,0
5.439077976,0.036434086,2.778707866,0.146382042,61.09299966,789.3808283,39.56239942,,0
4.51190723,0.030884507,2.573324776,0.134866393,71.491486,829.7114248,56.40261356,99.80927916,0
4.733983282,0.024522578,1.515323094,0.147832557,74.86414568,806.3707518,50.36450773,99.92778804,0
5.176812363,0.027645093,3.431561325,0.143653534,85.22527681,764.9939186,41.79943643,93.19199031,0
3.999547079,,2.166789352,0.130037062,88.30600001,740,56.58918768,100.9447023,1
,0.018705551,2.159944291,0.142748649,78.21460028,794.0097547,38.47838815,102.1170899,0
3.743820163,0.027430874,1.746078979,0.141769808,62.15570534,810.0533929,60.82227966,102.9048717,0
5.40641526,0.032601104,2.314334457,0.151647459,66.7592347,789.5424538,52.42884928,101.9442193,1
4.059801114,0.01738735,2.833831296,0.145834351,58.25273659,840.7736466,45.74725163,100.8030847,0
3.568569149,0.025654548,2.356773495,0.152989272,65.65934867,827.5926093,46.90943045,100.317481,0
5.621434816,0.02025897,2.801809546,0.135890882,95.52569946,789.0454769,52.29505812,102.0065352,0
4.66846518,0.027292557,2.362227888,0.145084007,63.97286921,778.7549784,52.26872225,103.6092343,0
4.14294151,0.024314648,2.393297755,0.133787747,71.53418256,794.9890243,35.87564905,99.67701365,0
3.560832751,0.031344738,2.566204736,0.149555662,75.27196745,797.3262147,38.82517718,100.1590268,0
4.31792738,0.022818767,2.015519441,0.145550268,69.14709392,817.8117319,55.55446478,,0
3.867321315,0.020377118,2.408203743,0.151014086,71.20611316,768.5342215,58.39288598,100.6660418,0
5.365823741,0.037582503,,,70.32238476,799.0205514,54.66075176,98.17070405,0
3.922106121,0.016431822,1.555738452,0.143811313,82.82521687,779.0332563,47.77576629,102.5701597,0
4.793071275,0.023202772,2.004837303,0.145582492,81.64203854,782.1468079,46.25620165,100.5084219,0
3.787637337,0.020644662,3.087187581,0.137543711,57.90932039,767.9780787,53.10893192,101.76308,0
4.668363699,0.021208636,1.583638898,0.151146302,62.97385931,815.6183198,46.95628434,98.71761224,0
5.361916796,0.021263586,2.112151164,0.148623746,66.43178508,765.2606054,48.58234429,102.0426209,0
,0.029179983,2.794858974,0.142828594,61.74575817,820.6973235,40.39444608,103.357264,0
4.067395322,0.03430364,2.890099026,,61.89330863,803.821978,57.71932508,100.3786574,0
,0.025760123,1.460035021,0.137400476,71.20366609,785.6744271,48.75512746,98.42170013,0
3.935987438,0.021879942,2.746474229,0.163911018,74.45751881,833.7308142,44.73645474,97.02658777,0
4.937583171,0.027108685,2.976784899,0.126859269,61.5405229,804.6380647,56.62264145,,0
4.785136652,0.025889885,2.8944486,0.145854796,71.42217132,835.6925531,43.53948633,96.16290573,0
4.110068432,0.018299773,2.274044769,0.156008665,64.15250648,808.5379758,70.04067468,103.1001686,0
4.046952036,0.019507559,1.845993526,0.15321787,83.36226933,781.516321,48.14458273,98.71977452,0
4.316865697,0.024937534,2.435879158,0.152415567,69.05859372,799.8798904,49.8388156,100.8240903,0
3.933836113,0.010980741,2.178620122,0.158422266,80.83792806,776.7738446,59.74018179,99.27299919,0
4.744928411,0.025883483,2.444604729,0.118773421,74.97078493,795.3335985,47.70971294,96.31691036,0
4.564355435,0.016935946,2.220056912,0.147706117,80.03306123,828.9924747,52.44307852,103.1638943,0
4.677085618,0.024707272,2.412265862,0.149703413,66.85658449,829.7861048,53.67328776,97.43989367,0
5.122731127,0.026201774,2.942928668,0.164769654,74.42149657,770.6305643,42.71986511,99.53805845,0
5.183031567,0.028018047,2.704826846,0.148510341,73.15971544,789.6772275,36.76641272,107.6274585,0
4.333665459,0.021192184,2.150832089,0.127537863,83.51613666,839.4001392,59.74600433,101.4496283,0
5.331745786,0.03640833,2.42501052,0.157584943,67.42210448,790.9042142,65.99728064,98.70538725,1
4.777527887,0.025082421,3.022503075,0.144323769,71.20643265,810.662824,43.71198456,98.90133211,0
3.54163058,0.030713072,2.021359198,0.164069191,70.26213522,838.8700072,64.10031377,99.22580117,1
4.140497964,0.015546705,3.371573713,0.153472529,70.28219631,776.0475886,56.68340986,105.1318504,0
4.413123126,0.035568361,3.099228681,0.140308677,72.38326864,792.3728216,43.99030509,103.0116123,0
3.56550703,0.025531759,2.591473603,0.139063376,58.50287986,810.5232547,48.97271566,98.20557195,0
4.918110931,0.019573347,2.269431446,0.152237913,81.35780653,803.9003336,44.30751562,96.30382826,0
4.052223198,0.026054897,3.25969728,0.163899786,84.40336924,812.132839,45.55461626,94.83056437,0
4.4371085,0.032372562,3.125405973,0.139427896,90.205706,785.6958837,38.99053658,99.56034868,0
5.088942896,0.023661701,2.431283269,0.145958272,91.63591454,779.7060418,50.92924775,98.11275097,0
4.168504161,,3.196543712,0.135262783,74.61856073,770.5000537,60.41119748,102.2897456,0
2.834315521,0.03223775,1.520259894,0.141810268,79.88703234,756.6045688,53.5779412,99.05814947,0
3.980764248,0.017674672,1.811016278,0.151430774,74.76067534,824.3277673,45.40172607,98.5196891,0
3.952130666,0.020461173,2.46997737,0.139685847,59.36195504,814.5191124,44.8064671,102.7381735,0
4.246182451,0.018827254,2.650814264,0.143231327,73.90054174,802.5102496,49.19978962,101.9040836,0
4.103158598,0.023526925,2.800405392,0.15281752,71.63992169,805.1020805,49.29240449,98.14948303,0
5.091360951,0.020866348,2.204151753,0.148515659,78.91673846,800.1354189,51.13022093,97.49965202,0
5.198581365,0.028319872,2.584242889,0.136141595,69.68929884,814.7847007,55.93804294,95.90835836,1
4.973097014,0.034225319,2.358377075,0.142546327,77.86391619,775.4673587,48.9880952,96.7676805,0
4.635979783,0.023447393,1.499989105,0.126269329,66.74405174,800.275478,41.29400171,101.9433439,0
,0.019491976,3.258237192,0.140380431,71.59198532,800.1917723,45.13197376,100.8362418,0
3.976718234,0.031447239,2.251614164,0.15816245,63.94104756,813.6425494,46.40903141,103.1378805,0
4.386542445,0.025615517,3.661730013,0.144092501,,778.4966318,48.34640896,101.3809234,0
5.444511963,0.023099253,1.885932639,,75.41592862,765.0080994,55.02807399,97.82372522,0
4.639475913,0.023906612,,0.150952434,86.66982415,795.1255299,52.72345145,101.4828956,0
4.132011021,0.030949711,2.735508621,0.148333965,75.06886886,824.2546269,49.78347359,105.6891741,0
4.275911127,0.031772653,2.072202833,0.138166695,90.38681583,790.8595315,46.38683766,99.80502892,0
4.640146096,0.019778995,2.522560201,0.151896877,80.33126703,796.4502589,46.79079452,100.6123916,0
4.152618752,0.026151255,2.116772824,,59.8586986,814.6477753,48.55684858,106.6246295,0
4.388376071,0.024416452,2.24361007,0.147271263,64.97073285,786.0653054,43.3512926,105.7452262,0
3.987584423,0.025453949,2.590100491,0.139655857,75.4019565,778.0571854,40.48005213,101.2917742,0
4.237659141,0.027077398,2.174259524,0.151530687,81.39570816,807.0287797,57.75690591,100.1707982,0
5.106797496,0.029142598,3.947942699,0.134381323,67.61701559,748.3058776,53.17326644,98.17456923,1
5.452581617,0.01935531,2.326342503,0.136015367,61.74240472,809.2203829,38.62579365,99.20188308,0
4.328627602,0.033088089,3.206129883,0.140724596,75.30162761,792.2228845,39.54658954,96.00731709,0
5.373720621,0.027050737,2.89139325,0.142383988,70.74537826,809.1022446,49.15276757,105.9265578,0
4.199069406,0.023881328,1.797263872,0.152821071,61.11359515,831.8052155,64.21330798,,0
4.546120454,0.031531644,3.417501054,0.129586064,71.94977348,812.7745867,54.89550081,104.8093643,0
3.591318574,0.03507536,1.924077599,0.157784291,51.46230275,820.6946,46.15694854,101.622447,1
4.259963102,0.019773362,1.814792658,0.144124545,73.62963019,811.2421663,39.66279581,98.04977553,0
3.924251878,0.030087489,2.506352854,0.140293755,65.86572367,827.7137682,53.39688813,99.51477462,0
3.824012062,0.015488811,2.689231017,0.126718182,81.32143983,809.3986289,60.03351803,100.6204437,0
4.088699152,0.026800535,2.997944241,,68.03694978,813.4902036,57.12013327,100.1624215,0
5.289826353,0.034502549,2.831261307,0.142111179,83.09451433,800.2693131,56.64724382,95.77934701,0
4.298672789,0.022640686,2.865308744,0.145930818,80.54366108,780.6246945,54.3831368,97.28297824,0
4.577859798,0.029346826,1.84968313,0.146771418,84.42866355,771.449943,55.27126508,101.6655459,0
4.563240538,0.031897915,,0.13587271,68.83191119,794.711478,49.13290837,100.1986965,0
4.398513005,0.027575389,3.283181737,0.161955348,70.97626624,810.6631715,67.03568818,98.84768722,1
4.174055784,0.020664637,2.803843366,0.121135217,79.6193691,803.8114473,57.63598611,95.66055622,0
4.824443707,0.020874734,2.630013478,0.1361695,75.84154995,789.3102942,49.27815594,101.6794557,0
5.386259666,0.024147176,1.84498928,0.154899875,54.76727107,853.5524047,49.08018942,101.6781504,1
5.254863532,0.021532834,2.99595144,0.130931464,80.78824099,820.1212571,45.68919215,97.70814491,0
3.95614126,0.028373319,2.195520738,0.153328106,68.43124896,788.7717797,45.53812165,96.11411761,0
6.49060864,0.012527779,2.826051183,0.143559703,65.23821304,794.7025528,57.54267587,101.0937696,0
4.868958747,0.035190563,1.886246039,0.143615075,74.73961401,815.2628478,44.57221974,99.69119671,0
4.631041063,,2.043064969,0.150807528,,777.899943,30.45418051,98.36988993,0
4.907363583,0.033677819,2.406453726,0.14776911,76.22531047,809.6468947,50.63165675,102.9600197,0
4.80039948,0.021500874,2.223046256,0.147995902,70.36860171,801.7897296,53.12903315,106.6539179,0
5.07688092,0.031159867,3.182426855,0.156061755,67.1296013,824.7850364,57.55844571,101.9990107,1
4.973135091,0.022353491,2.564174289,0.149589501,73.09035928,813.2869379,48.86976526,102.7710554,0
5.199865755,0.019602473,2.953977258,0.126916218,66.20402927,812.7255072,61.82777974,101.9278434,0
4.988478977,0.020242602,2.37528012,0.154919165,69.17957117,749.7954076,,96.89557002,0
4.836078338,0.020397138,2.029374728,0.156370838,69.79214254,792.8123246,43.92663333,91.2623665,0
3.539837989,0.020213327,,0.147675827,,782.1675575,60.53705392,104.397268,0
4.766520534,,2.323053501,0.159833986,61.88422559,815.1636643,47.97565472,98.76540999,0
4.090790716,0.023944524,2.043938876,0.16604104,79.32819693,799.1402824,54.14475081,107.6324497,0
3.52240032,0.028125446,2.192480487,0.164071234,68.97544215,844.1499859,41.85936282,102.6697515,0
3.791534688,0.018697136,2.063588676,0.129106441,54.55926368,836.405946,54.71883993,96.02023977,0
4.909635211,0.022802152,2.197336864,0.171230495,81.35115276,793.4000335,50.02098851,103.5242954,0
4.601913169,0.024122108,3.180919675,0.145431287,55.89100169,809.1237819,48.99098958,93.77248722,0
4.343423964,0.018790224,2.063387393,0.152502796,62.6697768,787.3430445,50.41746559,99.92964516,0
4.906185524,0.021866324,2.89756214,0.156539752,63.95353887,754.5455931,47.80849474,100.5388115,0
5.965291851,0.028490968,2.439483823,0.147572572,74.00251021,794.3144665,56.74015769,100.452928,0
5.190967277,0.025841589,2.03958928,0.13185233,66.96419579,825.3575654,40.10372895,104.3467768,0
4.586314714,0.024071553,1.832968396,0.167850164,69.63452816,799.3289774,58.45157462,98.62171044,0
5.040244623,0.029739638,3.395699686,0.150234482,62.46050019,789.626742,58.42903297,97.66124186,0
3.363511233,0.034600231,2.12085812,0.155172563,64.44876572,751.8341063,42.80134719,101.7450986,0
5.06444513,0.020575864,2.065547507,0.153197273,78.32329617,794.3242229,40.18151246,101.8726668,0
5.134375744,0.037591139,3.397614617,0.140955753,72.27533154,771.4700497,53.17518469,100.5555214,1
5.212819977,0.028144003,3.209637764,0.127240162,,816.8646647,58.30560472,100.7044714,0
4.90805462,0.017417665,3.392800638,0.15700461,79.18011389,818.380633,56.67997951,105.8928977,0
4.598003896,,2.50812165,0.129817474,50.1380117,836.2102107,41.89673274,99.48512516,1
3.984557821,0.00989858,2.724123878,0.145086479,69.9156466,793.7215417,51.43245993,100.4528971,0
5.226194559,,2.229111115,0.137681413,74.25349931,796.2586311,,102.0551208,0
4.944755751,0.020936595,1.623621628,0.153995339,69.54982571,780.155269,45.18397058,97.89993187,0
4.107703772,0.023955952,2.136623823,0.155804992,82.11935793,794.8668826,34.21189556,100.6564391,0
4.47305409,0.019299466,1.767744934,0.143364421,88.90714336,820.473946,65.1395307,97.48264106,1
3.564753827,0.025022918,2.502355511,0.151852571,75.23088248,807.8972497,58.09365433,91.22440429,0
5.134024236,0.027443253,2.401765524,0.143313379,64.78300476,794.8496925,47.75777583,102.223167,0
4.566576315,0.031348616,2.885579725,0.15568011,74.60980542,776.452983,48.89470327,102.3681865,0
4.973087758,0.020428612,2.537480249,0.120192538,82.95417774,794.5810611,41.79596497,99.67303377,0
5.060906765,0.0128225,2.859960526,0.146672609,,844.9963966,45.12490942,101.6836553,0
4.325129361,0.017177883,2.054711383,0.141976094,95.75080287,775.805952,52.76057036,102.2368899,0
3.0535561,0.023874766,3.220624536,0.156577046,74.80564511,841.1282603,44.32153072,98.76759498,0
4.343898759,0.018260664,1.709456644,0.136069643,55.82739521,807.6746442,54.96095306,96.30842016,0
5.569024044,0.01676809,3.717244262,0.131559871,78.23312421,768.7606664,50.2711422,100.9092926,0
4.056025744,0.021917685,,0.145043082,72.66771553,801.6668114,44.62068765,101.1718449,0
5.211460782,0.023583898,3.126791462,0.141054921,73.83861925,811.400673,46.70100039,97.55475187,0
3.773353064,0.010235443,2.596575856,0.134759503,58.91007154,789.9762978,38.04759808,99.48716416,0
5.005854471,0.019830822,2.384829884,0.141858453,91.39050686,796.9771114,53.30950617,101.8323896,0
4.084933546,0.031797203,2.024594026,0.138234724,70.67670536,,52.853773,100.499111,1
5.054646074,0.023932613,2.284445981,0.157527613,71.71532183,778.0299306,44.20817401,98.50193178,0
4.761063485,0.016100221,2.720787091,0.133715983,67.10223365,787.5748639,56.75770609,99.58765773,0
4.58303299,0.037980883,2.07068259,0.139293666,72.78643485,787.8263345,,97.10451166,0
5.021419339,0.024581409,2.7711579,0.137766688,80.13324023,785.6354452,47.12380214,104.6326473,0
5.20226846,0.013219648,2.398086301,0.147458927,77.67803918,792.5837558,56.46937009,101.2270421,0
3.835902874,0.015044602,1.94404219,0.146150288,77.58349671,779.5629557,47.65834742,103.0243788,0
4.926297715,0.028208597,2.399736282,0.14913812,82.88395781,768.5101438,58.11737005,102.2576251,1
5.759885163,0.02550027,1.997489067,0.159068333,73.85591352,,47.53160332,99.18801467,0
4.586310335,0.015816276,1.884518784,0.152388917,70.25346265,765.7017142,44.14000721,96.78387352,0
4.930137382,0.019427964,2.488212313,0.138805887,84.52931308,824.7175142,46.72207447,106.4870904,0
4.631127839,0.037524117,3.141567869,0.14439993,55.57402057,770.4465175,35.39751821,98.15494055,0
4.06821765,0.033855141,,0.1520019,71.68004116,791.1661514,65.17725551,103.7956943,0
4.489646165,0.019490498,2.473581627,0.145196126,,786.7206258,43.41708407,97.78545186,0
4.606447097,0.012505591,2.234487776,0.165704024,76.28739528,791.9133628,53.32447646,103.6960957,0
4.622896367,0.03741182,1.830002109,0.158276036,76.38514876,827.8121568,46.9545059,95.44915772,0
4.651768412,0.01801325,2.183156215,0.156508237,64.17417839,790.0782212,57.58918166,100.1001967,0
5.700854773,,2.698002195,0.135295797,66.96088466,804.3116331,55.24405715,98.15416214,0
4.533599448,0.030002624,1.762570716,0.155696801,57.28741267,834.0370033,61.16380768,104.0748142,0
2.650083873,0.027304868,3.423698207,0.149228473,73.93137159,764.1304703,41.70988529,91.68888574,0
4.570704105,0.021185084,2.567185242,0.136917384,77.68336802,795.8466929,50.40886567,104.252716,0
3.670546689,0.017644984,2.677342115,0.133167394,94.95239745,769.7204337,38.40946727,102.3530464,0
,0.018893326,2.606613397,0.14938709,67.58067127,795.9837502,51.25808353,94.878377,0
4.505332358,0.012864416,2.717078072,0.134799984,63.86135009,847.6265028,40.54483056,100.8330924,0
4.550467191,0.032923457,2.90458885,0.155463064,78.56986897,827.3644581,54.90030458,98.59696401,0
4.930079661,0.017591308,2.497213253,0.150228907,85.49689158,785.0819765,44.87968221,98.64978766,0
6.054984997,0.019260001,3.462956161,0.170440559,62.58531333,813.0549148,49.02272903,100.9251357,0
5.289092603,0.027273103,2.68429455,0.152511907,67.5169384,798.7027598,45.81061771,96.66662591,0
4.384578422,0.026963092,2.070469112,0.144379456,68.44152719,799.2607287,51.33358342,95.05481203,0
3.879169358,0.028716872,,0.148122096,67.93923059,792.7132741,42.46547457,95.9211143,0
4.287914995,0.024574503,2.374399908,,91.26941873,744.6137891,51.61947647,102.2664253,0
4.288828278,0.024032042,1.651476373,0.136312961,78.35986022,793.8770438,45.75183656,104.2683434,0
4.102951798,0.025909513,2.803866538,0.164538648,70.51689935,816.2209266,46.02170273,94.02954919,0
4.94976732,0.022996723,2.174910968,0.160953654,61.51046226,780.0426928,52.91087757,97.20244411,0
4.872200521,0.035867386,2.304655684,0.147721997,72.58878533,809.0743568,59.81780408,100.1829157,1
4.243481711,0.026107064,2.756211831,0.149933591,63.47133342,816.2873848,41.76460092,99.13587529,0
5.203115187,0.020053062,2.31630548,0.131046407,79.75298568,826.7511145,39.01173401,98.37383128,0
4.350636397,0.029328648,1.830245367,0.148788675,100,795.0169323,46.85342043,96.73478644,0
4.406587459,0.023875604,2.281778974,0.129623588,69.56662384,854.5581887,50.82163125,96.31683901,0
4.601467051,0.036968858,1.708616094,0.143312013,51.31374533,818.6828169,53.11365035,97.31889678,1
4.094473231,0.028649741,2.965088069,0.142527076,55.4574929,814.1756812,48.64882951,99.83489488,0
4.115994516,0.024074562,2.39143773,0.138093234,71.47719036,791.3957187,36.21172726,99.0929376,0
4.108716396,0.034244661,2.509516376,0.141784083,72.67206441,778.8688969,51.51433566,102.2644768,0
3.305834552,0.030319874,2.693815534,0.140058907,71.22156235,789.1325783,47.02486879,106.4716192,0
5.469775078,0.023669471,2.53209698,0.145493196,65.28836354,805.7786528,47.31265442,98.32991725,0
5.040867385,0.017202567,2.20375467,0.156214642,56.47713065,846.5125758,46.44946065,101.4656848,0
4.200052962,0.025984825,2.295737693,0.148437881,55.74833277,824.0157921,50.79387593,99.20895326,0
3.625745576,0.018670412,2.525716945,0.138919889,,860,57.21427364,100.350127,0
3.518821141,0.023680553,2.904184914,0.153384022,79.3060193,795.7122907,41.07554004,99.35453319,0
4.020938194,0.027057291,2.748327682,0.148390522,66.82746788,809.2596897,47.35332009,91.15016642,0
4.855797397,0.018149753,2.580958368,0.147387095,78.66887595,776.0912682,39.9901302,103.2648615,0
3.923079505,0.024408143,2.854796863,0.145325679,67.53688899,803.8041207,47.86031302,103.9451778,0
4.772858001,0.024732103,2.295138205,0.130350404,75.07064087,801.1080992,49.2166313,94.08191473,0
4.058452684,0.037770504,3.186480288,0.14230774,58.73365721,777.4291026,51.99752106,103.5938344,0
3.960892541,0.025237033,3.112617618,0.158908184,87.3930404,814.8241903,59.55731813,,0
3.789744461,0.028571179,2.442028633,0.152237877,73.09672465,806.623725,42.15166527,103.4040288,0
4.481619352,0.022963444,2.16154102,0.147546332,73.12704601,802.4028457,38.80879219,102.0784053,0
,0.016907868,2.242404912,0.141852976,66.42488398,781.7093292,47.75413552,97.14349365,0
4.865241142,0.024618854,3.083022551,0.130471632,71.18280554,820.7797284,44.82144914,100.7967314,0
,0.031807188,2.742173592,0.151616414,75.80681906,802.0493574,49.19511633,103.9180181,0
4.24897481,0.017821173,,0.151208687,70.56204362,810.8173803,58.35314578,102.1220389,0
4.923139262,0.008794531,1.806517949,0.145098442,64.63630081,801.3398769,40.42274622,101.0768613,0
5.565507754,0.016975555,1.753321295,0.145209519,76.19249557,803.0895943,57.00665658,98.4064269,0
3.71427719,0.018700627,2.064103847,0.157328053,63.54671663,798.5912157,53.97109811,99.22636586,0
4.642904337,0.027528576,2.374084335,0.143389361,75.14138493,818.0503643,55.4241958,98.53175772,0
5.164868443,0.026683767,3.166349923,0.162473786,91.65518107,799.9278499,59.4275651,99.90812339,0
3.691596309,0.03243939,3.102539608,0.173848673,71.00147287,773.761659,48.99886036,99.07404462,0
5.003564451,0.017679164,2.271945531,0.159268027,79.92613597,827.9135587,62.13967927,97.20508534,0
3.918017569,0.023520491,3.028323194,0.158593144,66.73022424,796.8153712,66.24856757,98.17665617,0
4.626650207,0.015266585,2.184302495,0.147122138,67.35253214,856.8444389,56.54216468,102.7579798,0
4.923601981,0.026908006,2.818567899,0.121910165,73.86865029,856.7428977,46.21061126,99.9113168,1
2.802345292,0.016112888,2.891832094,0.151699996,68.82897339,784.8975291,50.48266207,99.6873087,0
3.791555058,0.037827825,3.183708414,0.159192962,65.96705543,835.8265544,50.32492923,95.80488394,1
4.383685193,0.022579899,2.235936846,0.146191377,68.53354914,780.9983753,52.04199414,100.540079,0
5.37759419,0.031674054,2.879709778,0.137002969,78.87190885,785.5213659,50.20743465,,1
5.014057693,0.031372126,,0.150001079,48.89846223,809.9626083,45.93997944,102.1252802,0
4.323259622,0.026149588,2.235666902,0.140780295,61.95528759,799.9610663,57.36200447,97.66781835,0
4.580576388,0.02999627,3.119646898,0.15227568,64.54898663,791.3519808,43.59531314,98.61891487,0
4.212661711,0.018215916,3.413642208,0.148689218,68.65670948,823.2961726,56.91988,101.7713339,0
2.656391701,0.021701511,1.772110723,,78.96636004,750.6299635,51.94723501,101.5490205,0
4.050435425,0.027453233,3.06869242,0.148452863,82.06258453,772.1177003,59.52848367,93.9246453,0
4.706308748,0.021092928,2.495369888,0.144970981,76.93912118,825.8563736,44.21570084,96.51910782,0
4.323253265,0.023691974,2.643664391,0.145769353,66.39882855,797.174728,62.12726887,99.93189001,0
4.587914819,0.023506915,1.774180243,0.127509185,72.0482821,797.1811193,56.94305899,97.40204472,0
4.406414498,0.015099898,2.246697884,0.165338517,68.48225792,797.079233,28,96.74094364,0
3.845036663,0.028624502,2.05745008,0.153172118,80.97636315,819.6242116,40.05157951,106.1060094,0
5.032648301,0.029549567,2.374861542,0.137063886,80.54541749,762.094955,,100.5568831,1
4.756809856,0.027845083,1.902236154,0.151043042,82.0346138,789.0470269,50.08645748,98.55118391,0
4.367518259,0.01848755,3.102560466,,69.41589414,787.3458663,50.76562882,100.1614245,0
3.688871735,0.021876273,,0.147744159,80.20249338,808.7447449,34.14556387,93.42629442,0
5.382735676,0.033069041,2.774419186,0.175157979,62.24228258,824.9945773,46.38630152,,0
4.46717866,0.011193419,1.707465536,0.146906008,75.85943569,769.7577929,44.82805068,98.16800677,0
4.469662608,0.016856957,2.577916449,0.147779517,70.60010716,796.9369334,45.31972178,97.4542026,0
5.843666882,0.032089641,3.200675482,0.181188555,78.83533422,790.4979366,52.92616638,95.79559832,0
5.033646582,0.025728902,3.000344122,0.143702353,64.83950028,860,51.96446463,94.000359,1
4.382060868,0.005,2.01728302,0.157498019,70.68047851,823.4311758,47.47230782,106.8355129,0
4.700891956,0.032174931,2.798978843,0.14403054,65.85197042,786.9735063,61.12738985,102.6860025,1
4.646394388,0.005285714,1.578851515,0.157395213,79.00786214,760.172942,38.48167547,94.66510201,0
4.279011851,0.028037265,2.756865014,0.161364816,73.36098186,819.3135019,54.57487553,102.9815926,0
4.041830129,0.019033247,2.197835076,0.141734689,71.74703409,813.996325,34.88922776,101.5584912,0
4.311239917,0.019066529,2.141220433,0.161299708,73.8857706,776.2900885,60.10604504,97.57286733,0
5.287248064,0.02456722,2.599264545,0.143164294,77.0821908,776.2166189,37.12074472,98.32173102,0
5.73123643,0.023149685,2.591422123,0.152973685,64.03628128,824.9322462,51.44656457,100.962101,0
3.961499222,0.029382853,2.759908434,0.143185914,65.57300249,838.9719157,37.15697003,100.7482932,0
4.28217807,0.037874948,1.956419821,0.144216066,77.81360175,801.9725435,55.52579479,97.59355455,1
4.41078605,0.029532625,2.093401358,0.139248312,84.26979143,787.6997628,49.73051191,91.38876724,0
4.748847764,0.012839417,2.604254539,0.16029568,82.32237662,,61.90191915,98.69579231,0
4.542330114,0.020904869,2.071839031,0.164580288,70.29766515,786.9294817,48.05405461,99.96821198,0
4.064040002,0.022748339,2.234287234,0.137311895,72.22637662,808.3428552,32.45681283,100.7079886,0
5.351166557,0.023583965,1.502383943,0.165353456,72.22959081,787.8087803,28.78759068,93.54140028,0
4.803336922,0.013054506,2.034203948,0.128920286,70.34052859,789.7984141,39.73500844,102.1620246,0
3.946668887,0.030465013,2.321958246,0.160981052,84.62628437,762.9197972,40.55756363,101.8923315,0
6.064169228,0.017330901,2.362672643,0.142835425,73.26414039,786.2341116,44.97433712,96.89638767,0
4.383794702,0.015450852,1.801877171,0.160758035,,790.1161214,55.62374171,96.92411319,0
4.707188262,0.022004101,2.835727858,0.148771388,85.27934417,758.9970221,54.55077327,104.9374058,0
4.760623387,0.024404529,2.886393648,0.146056919,71.79365075,819.0423537,57.03177392,99.05415625,1
4.5316573,0.028189843,3.049985466,0.138101442,82.86863182,775.976121,54.72493365,101.8273139,1
3.260215564,0.033175071,2.379725151,0.170213921,69.99953066,818.0565347,41.66448785,102.2301685,0
4.978047838,0.017141523,1.935048348,0.165321997,79.29462533,800.6843525,48.7811739,101.6993526,0
5.098234477,0.02341757,2.302979793,0.154757176,71.1039933,826.6671392,44.35743594,106.4402007,0
4.357321596,0.028412005,2.447610886,0.119911129,82.11448716,797.6751247,52.91830156,96.66165175,0
5.339416736,0.023870384,3.393213123,0.138248597,69.00804661,815.6340431,56.12768171,98.86505875,0
3.778521796,0.017544457,2.33893168,0.145177205,58.81950387,799.967516,41.11257981,98.0267974,0
4.401606944,0.010954029,3.384199486,0.155464181,74.21184345,798.6754933,53.53290509,100.1953316,0
5.433995815,0.031347516,2.561833264,,84.7476116,777.5720448,46.84100824,102.0683218,0
4.774994553,0.0237606,2.858235946,0.152127481,73.68627872,822.5527609,54.42956555,,0
4.525262251,0.026677144,2.041316328,0.140793562,69.44400694,781.1972847,51.00731058,99.58375759,0
4.557540342,0.01621902,2.541965107,0.137160062,75.72850698,790.0828314,46.04182488,104.3734846,0
3.836467746,0.017699599,2.64246619,0.146657074,72.65526129,791.034991,72,100.4807955,0
4.728990526,0.032851071,1.941893129,0.140033619,67.99544378,821.5507306,43.95203537,101.5105001,0
2.831990372,0.017838093,1.974677584,0.140632651,81.3153839,806.4734976,48.03190761,103.4330944,0
5.138449302,0.034394089,2.225825863,0.140304283,72.93097121,803.1725465,63.65490875,98.91484099,1
4.768632809,0.016990076,2.876510656,0.144522862,78.67185515,790.5432646,53.37413653,95.95028926,0
4.783373883,0.018349562,2.999739112,0.146097022,84.91855841,756.4494704,50.41133836,99.39026039,0
5.446217066,0.025537691,3.201195986,0.159382863,68.719609,772.5697357,47.50597394,96.10623293,0
4.298970492,0.013682726,1.99475618,0.141373931,53.71142735,773.2170458,42.91340281,96.49096812,0
5.916503017,0.016714902,1.416887832,0.143813654,78.65938192,818.4026906,40.1901535,102.7030107,0
4.782991681,0.023297605,3.458932593,0.136057197,76.63953343,784.2736635,37.47058865,104.9756081,0
4.739185028,0.028970233,2.477410151,0.148402504,69.60914989,793.2690896,,97.79615283,0
4.89567249,0.015512083,,0.137028459,76.85422786,808.9693334,45.68193669,101.1509129,0
4.664834767,0.019950603,3.105073222,0.148836876,76.77414826,787.9738482,51.6831316,96.16787704,0
3.654832027,0.024007628,2.403788358,0.138681794,68.29969203,801.9969249,50.68021997,99.7596966,0
3.941031961,0.017138436,2.649273336,0.129067755,64.40044391,815.6481116,45.95167921,94.61586321,0
4.720547077,0.024744813,2.423103386,0.14931006,69.29312537,841.485241,50.43401156,99.44380684,0
4.583385531,0.019734714,2.606332005,0.163000225,71.95919661,765.0246764,60.84950491,98.00171639,0
4.899158633,0.026424196,2.615641551,0.16018348,76.83921747,776.032366,53.6606256,100.4887289,0
4.554071532,0.02605415,2.567879436,0.154498504,83.5233812,810.5857238,45.15409876,98.09787069,0
3.508706024,0.020330375,2.857166607,0.15798579,74.73356825,784.5644867,57.6733638,101.2810514,0
3.922971095,0.02285978,2.587274843,0.15396285,90.57772237,740,47.17097224,98.73521047,0
5.457969053,0.032917827,2.735261903,0.139476606,82.0713282,770.767281,52.61913928,101.2128701,0
4.067116456,0.016762989,3.18541735,0.161276221,58.6752514,825.6850436,50.54886516,100.9202482,0
4.143122535,0.0310789,2.731350428,0.150882418,64.1280963,790.6724162,44.90460368,94.45377271,0
3.451452582,0.029572737,2.376409922,0.13287987,80.76696726,776.3676002,65.33319946,98.33293794,1
3.599802526,0.023694512,3.096736323,0.143041215,65.86342798,823.2114787,48.30981305,100.8258379,0
4.473692612,0.032235077,4,0.152882893,68.42154769,826.5860548,53.16762771,100.1574389,1
4.608726276,0.02277354,3.085409415,0.147723912,66.85659581,,56.04266215,98.66822978,0
4.311341507,0.018546531,2.433178347,0.149724975,77.28947991,797.2331408,42.25163615,101.190915,0
4.912467019,0.036785617,3.332268207,0.14688217,75.80701483,803.1140486,50.77272002,103.4635936,0
4.88710304,0.016380234,2.736086949,0.152354964,75.94514089,827.7808141,44.33593391,93.40459241,0
3.975002829,0.022806586,2.265543023,0.149083131,53.23396543,790.3133337,45.70296353,93.94047907,0
5.128678491,0.021769222,2.287589398,0.148202828,72.31890018,825.1566619,47.04500303,101.5692413,0
4.783792584,0.014100808,2.571246961,0.168884087,61.05572951,809.0982127,62.63478308,101.3978011,0
4.473962457,0.025034084,3.000210342,,79.10252679,796.6303149,56.53474242,100.8078195,0
4.070603186,0.015661124,2.657792649,0.147603009,80.61968984,762.5346089,65.31376016,101.2951499,0
3.601486516,0.021603091,2.624555532,0.138272722,62.35581209,819.7098153,47.03217401,99.33329313,0
4.359068911,0.021627546,1.847397142,0.136346176,77.92645958,772.3535518,56.89761559,100.2882762,0
4.446829375,0.012673625,2.507614529,0.147151783,60.45161266,823.9675332,72,97.80722723,0
4.171234122,0.017039117,1.644048267,0.141948289,80.4544483,761.6898849,47.20719363,97.65608613,0
4.307463762,0.017562057,3.066974659,0.132399525,71.02894059,802.03694,64.13140911,103.0482651,0
4.358274244,0.023887055,1.841495414,0.143647846,76.67033645,808.1702906,52.85441777,100.4361725,0
4.299249943,0.031783241,2.067829239,0.144353485,60.81107882,829.9573054,49.75524786,102.1002424,1
4.917621449,0.035721601,2.956443932,0.133637866,87.0999662,758.3446181,50.30248114,105.3557389,0
4.602579125,0.0186683,1.27869153,0.151825914,62.18274005,855.759647,47.07005953,101.1489475,0
5.12268251,,2.586291801,0.143341336,85.1162305,812.4329194,42.85189611,95.00441857,0
6.515109435,0.010960746,1,0.171727715,83.20007434,785.2353517,29.14879167,100.4722355,0
3.439550073,0.023495987,2.989377849,0.152863495,83.38564503,773.4219488,45.57499787,103.1469843,0
4.962136056,0.027861717,1.769196178,0.15502164,76.36261118,796.3674962,51.64090502,102.4350892,0
4.118841842,0.030143069,2.875386349,0.151039563,60.18890618,798.094129,60.67581638,99.67000385,1
5.257082721,0.030695378,2.402258264,0.144715434,,792.7949826,45.21046967,101.1802979,0
4.571806597,0.019710502,2.678947845,0.135062187,81.3364035,813.0553386,55.95688611,103.0032942,0
5.850429351,0.015851486,2.010395302,0.126197361,73.75388383,815.7478205,72,98.6541478,0
4.259507699,0.027624383,2.686755243,0.157053165,82.52460995,786.5072218,33.09009873,101.7209926,0
2.5,0.029747478,3.020330445,0.143562601,59.99517421,824.1112701,28.29334899,106.4851446,0
4.259509265,0.02736693,2.633051071,0.157681261,64.92357751,833.1198166,64.17200409,99.65308084,0
5.462085228,0.031284436,2.424770645,0.140351309,73.31130158,758.9698037,57.74707446,100.6515755,1
4.575143049,0.034098107,2.213506722,0.164980635,93.19943284,770.0143285,48.68883791,96.85145955,0
3.478010489,0.021569582,1.65579652,0.149186744,75.43915701,823.6188356,58.88555664,101.8986963,0
,0.023808364,2.42693376,0.151045219,71.91880287,800.702051,43.21383547,95.59292021,0
4.574286577,0.02440184,2.134405578,0.15214736,81.01279995,793.5803455,42.95795377,100.9855516,0
4.601737969,0.023843793,2.554784721,0.149204985,68.88280333,,56.73693853,100.9811972,0
4.4607118,0.024919124,2.872729796,0.141448175,83.07080822,778.7324959,44.25943052,97.40194839,0
4.188277884,0.028439817,1.789803157,0.154479377,45,824.2735989,52.24268776,102.7241874,0
4.707672463,0.028614921,1.97256262,0.151531181,64.29882306,834.7576356,54.55552904,98.82802126,1
3.029410717,0.011970919,2.04723217,0.142050089,74.058806,802.4514432,68.61170208,98.78562514,0
3.852118905,0.03056179,2.291751465,0.156139328,78.4464858,775.0839445,50.79272557,106.3789909,0
3.737433907,0.028188482,1.253021241,0.148201839,68.9225294,821.7516343,54.38935177,96.74416363,0
3.585084959,0.019713962,2.163576371,0.139033363,71.05174181,795.9138667,43.91891971,101.6361214,0
4.891008842,0.030683505,2.848631103,0.147189631,69.73398689,802.4334006,35.44072253,104.570591,0
5.330895747,0.025464459,2.554101412,0.165165764,54.61664819,761.5863137,36.80020274,101.1534707,0
4.735606659,0.015084667,2.182487234,0.14877014,72.2833156,754.2353781,52.73414946,102.7891438,0
3.727186985,0.033026584,2.669027804,0.14957052,59.84567684,808.962965,41.01765368,100.5566808,0
4.990338585,0.0280923,1.93531606,0.132629613,83.88274182,800.362631,47.42390877,95.55550752,0
4.852229726,0.014997043,1.891325398,0.142483765,65.74549909,817.582468,58.1657631,100.7548926,0
4.020362874,0.027864133,2.913476807,,83.16675982,770.6518032,42.23873186,98.54416787,0
3.645433213,0.028640432,2.284894173,0.15013936,79.44303128,829.5736106,55.95465392,100.1996301,0
5.4620367,0.017441176,2.434935841,0.154126834,85.45145809,762.7704215,53.61596929,103.8777076,0
4.876211046,0.022341431,2.164516303,0.149738612,65.71672301,815.186696,45.61481489,99.41310415,0
4.878014208,0.022489461,2.735470253,0.163422668,68.17547832,822.2419198,50.50782077,101.4627427,0
,0.018612025,2.757892765,0.148930135,74.96756195,806.4303051,34.2720853,100.3144035,0
4.086063063,0.029730695,1.402169935,0.146714732,76.47174491,833.0448461,47.75497474,101.0942773,1
5.40320625,0.0107738,2.083645091,0.168861931,73.23006867,788.3687214,52.05569477,100.2155358,0
4.137524672,0.028077568,1.697576386,0.156958511,77.67543343,787.904102,53.27014319,99.85536317,0
4.396764722,0.022646007,2.478974551,0.132122944,70.97285693,817.8668273,40.96477188,98.05644302,0
3.868429893,0.018277089,2.975108429,0.157206783,71.87004907,794.9364485,46.45306772,95.6853163,0
3.613934288,0.020881024,2.476887518,0.139648815,77.60588083,777.0651028,58.60016178,100.5709963,0
3.965883498,0.014652072,2.214816826,0.158063568,59.7285624,826.5988103,46.21649647,97.02922116,0
7.087314196,0.015655175,3.332674369,0.154016352,79.8378768,756.2849132,53.28861788,99.12915556,0
5.029712134,0.031519177,1.952933558,0.14298582,57.90479673,829.7255763,45.49714507,103.0371255,0
4.05308229,0.016302953,1.510592123,0.147843998,69.95331533,817.3624381,51.94010595,99.53852341,0
3.725103175,0.025878451,2.629046235,0.134724802,71.83968892,767.1251325,52.70700805,96.26874823,0
4.989283699,0.033215452,1.915000758,0.141399217,60.96755066,799.3215924,54.49946866,99.63172939,0
4.503207538,0.036064846,1.750726986,0.133918809,62.69965387,797.1186373,52.89221799,103.0507677,0
3.97988341,0.016280053,2.95829282,0.151498688,,772.0187092,50.11214186,103.961664,0
5.933513954,0.023755474,2.95057423,0.147488228,81.73955859,793.1217776,48.68110972,95.1001547,0
3.893599801,0.023867375,2.761163425,0.135745147,59.5408156,791.8839952,44.91432271,100.3572275,0
,0.027710752,2.798060572,0.14672415,68.33791421,792.7433009,48.22022816,101.7045968,0
5.006671464,0.018658791,3.312928727,0.133008539,70.69803449,791.241587,,101.3513793,0
4.679654937,0.019145734,2.350200985,0.144662651,66.56122276,816.4040546,45.89862772,97.75540356,0
4.603133409,0.023415698,1.393749103,0.145307831,75.76372777,799.5564362,72,99.4679183,0
4.323944,0.027737328,2.527154124,0.156590524,76.42750392,820.3781936,31.38044099,99.14486236,0
,0.013652481,2.204323203,0.135229624,59.17969905,815.7037924,35.0308769,,0
4.120545374,0.030641605,2.843370314,0.153898623,79.96128667,832.6380969,45.80438869,103.0685704,0
3.429182205,0.024620392,2.559711408,0.150662274,59.55811762,833.3346626,40.91659587,98.39816462,0
,0.030103718,2.437786924,0.1337382,77.55639054,799.7472893,49.37703848,100.4916638,0
5.434229428,0.034046076,1.820718871,0.149652248,68.99049441,820.3464503,44.64862764,96.81479614,0
3.712978483,,2.949682776,0.139646981,65.70435831,829.9276096,52.17849625,103.1019165,0
3.514831932,0.014384505,2.922937695,0.14495157,73.90922663,776.9350997,52.01043949,100.9898777,0
5.049365924,0.027506235,1.65732008,0.153349603,80.488726,807.9113934,44.12000185,96.84150513,0
3.673474207,0.028002888,2.545447886,0.149295848,77.71988159,829.2610864,52.29884171,98.91270548,0
3.37976928,0.021294545,2.663891051,0.146554415,74.78883488,811.8515762,54.04048756,101.5541333,0
4.311784129,0.027559279,2.770656497,0.136100722,74.61756615,775.1949362,34.96181783,107.1037651,0
3.799082355,0.021625786,1.50479285,0.163724514,77.73307916,793.962191,44.10199188,96.6900125,0
5.849790644,0.017477554,2.231902804,0.149880297,70.36218876,781.5786331,50.47445389,99.18985285,0
4.330019723,0.025585622,2.747435199,0.152906516,83.29548231,,51.71074214,95.76053939,0
3.948933409,0.01716445,2.444638597,0.148866148,71.52572043,793.4283438,38.82197523,96.14237929,0
4.407166606,0.011314829,1.606405127,0.15949568,83.21020625,746.9746606,42.4421447,96.22397048,0
5.059373764,0.020408013,2.145180856,0.140399899,74.07420015,772.8860946,41.45248955,98.5056316,0
4.469931208,0.028457414,2.847551202,0.169749433,79.27458616,800.4555451,61.1370887,97.90957309,0
4.894129443,0.035097537,3.538183281,0.137221234,76.0737966,829.7996825,45.48338995,102.3178689,1
4.603448581,0.034783543,1.543840962,0.149841644,73.0453873,821.5407352,51.78816502,97.00991539,0
4.213716615,0.030230041,2.243859193,0.162018966,48.67061134,797.5444571,54.47319319,96.86166169,0
4.398576694,0.035004977,3.108065356,0.169563965,69.97010026,810.1722373,58.2684399,101.7930283,0
3.743852071,0.022603096,2.286960338,0.145818611,70.65812521,835.0597323,43.74578927,103.5628793,0
4.147728103,0.019111085,2.422462954,0.143480659,66.97891389,796.9509681,60.8935606,98.99050073,0
4.691376929,0.02487182,2.535679219,0.144927611,58.52215038,847.4543287,44.95604434,102.812102,0
4.653688714,0.019622866,2.503822681,0.134726251,75.66438882,813.8464393,48.56463313,99.89109469,0
4.463910365,0.033192851,2.092622968,0.139548221,73.61049602,779.6891236,,100.4628742,0
3.997614258,0.032219956,2.107671381,0.146336315,71.51717662,781.8293564,62.53331382,100.3348482,1
3.786911513,0.01618424,2.51487038,0.156672969,69.38512021,831.3345464,48.08825153,102.1388849,0
4.783210383,0.024845728,1.667365653,0.153755622,81.2699913,799.3868868,53.13712174,100.9093949,0
4.628398502,0.024462732,2.404975109,0.130108918,82.35579013,794.4353746,38.87152604,99.79952793,0
3.921712064,0.027955863,2.491403941,0.164125983,72.09852941,792.1496398,56.43585115,,0
4.671251441,0.025938435,2.458873384,0.162738503,84.8266359,811.7752243,55.80456124,97.6279977,0
4.713493702,0.031266396,2.696856107,0.143963265,62.44700279,801.6581956,52.03137437,101.8718376,0
4.823079445,0.02344645,2.548063042,0.153119994,68.72959013,,52.61111285,99.36367586,0
4.969027254,0.026489358,2.309756287,0.151210878,69.56203351,780.6541238,54.95571909,94.78271742,0
4.944302686,,2.60500382,0.160471214,69.83434599,780.0449789,53.79436682,102.7553942,0
4.740785173,0.020487098,2.580289245,0.143247023,88.32104007,781.8437441,49.32293953,95.23044072,0
4.487206554,0.029488562,2.701896403,0.140094025,66.911784,817.0101547,54.33193797,100.1934059,0
4.944193448,0.014625776,2.12098055,0.147286835,75.56660487,803.7785155,47.79544327,102.9140458,0
4.009205363,0.039271241,2.644717708,0.161124376,80.68601452,767.3444425,35.17993337,98.36898131,1
4.996929737,0.036403082,2.06080267,,61.52370456,819.403612,61.2432367,105.7211432,1
4.176213454,0.022285664,3.096083754,0.150838926,78.79061196,811.9900989,52.95763999,102.6615792,0
5.680283616,0.025609205,2.862661253,0.168526054,,787.6655072,61.99207462,99.88819105,0
,0.023721694,3.0130259,0.129048609,82.26488846,805.7912658,46.3922943,101.7391494,0
4.107660471,0.024335857,3.124579618,0.168126538,80.39298844,786.3677135,44.01299433,103.2128872,0
3.609940925,0.034528562,2.540874181,0.140416632,76.39062493,794.5146404,49.1784469,98.7280212,0
3.48025569,0.019383711,2.363039781,0.137911606,71.21162767,800.9606395,56.86898278,94.44645705,0
5.290444167,0.032154707,2.6568963,0.144472945,80.93021937,793.7090292,59.45948058,98.21773186,1
3.400623409,0.035662809,3.207524604,0.164594922,70.14877258,836.393898,55.489217,102.4155279,1
4.479546435,0.027846496,3.289893135,0.135192334,65.76457519,740,50.02854568,102.6088414,1
5.498331986,0.023272493,2.887796757,0.156085867,67.24399402,836.0500726,52.43367257,100.2367149,0
3.975840102,0.019933723,3.101833144,0.13806354,79.60302958,794.1959283,63.4110991,95.38966835,0
4.398569585,0.021631448,1.425521838,0.14256737,90.05324607,806.3881897,58.1032249,98.9149192,0
4.468519596,0.025318877,2.46073378,0.147019878,,750.2183511,51.14014902,101.812177,1
4.631127913,0.031893222,3.084694666,0.151009914,56.54812106,816.014033,41.17364179,99.68053009,0
4.244920026,0.020968949,3.039177062,0.157269161,67.52508839,762.5414893,31.75614308,98.05590519,0
4.490696036,0.015735864,3.252358227,0.13882415,86.09391915,793.8739527,57.38658382,97.88325289,0
3.415656504,0.021120169,,0.140416778,64.38316486,808.8233663,57.39723201,102.0272162,0
4.730739518,0.014078125,2.720540237,0.152088605,77.21259644,773.0987791,51.23634027,98.86388158,0
3.816854689,0.015561741,3.525001029,0.145322409,66.90718466,785.9840466,47.25101749,101.0869192,0
3.941875965,0.024755056,2.198895021,0.159405935,84.54660624,819.2743637,36.0014385,101.9147042,0
3.62967173,0.025859796,2.746319743,0.163196449,61.81767409,843.4696177,47.48761548,99.42908412,0
4.038105665,0.032821977,2.332131014,0.158299955,71.53754378,820.7817956,48.37037134,105.3174194,0
4.099546249,0.031345318,2.523191282,,,821.1185341,37.83414931,101.4175783,0
3.597052623,0.019085086,1.886479982,0.161579503,78.84559643,766.3356827,52.59722776,104.1973676,0
3.916070794,0.024922295,2.98859202,0.139508012,78.85087394,815.0350016,50.00971023,97.99630337,0
3.028644395,0.01407161,1.89605473,0.149191255,68.32798568,806.6764846,47.77262651,100.5514158,0
5.221176276,0.024564867,,0.143139606,69.03882112,838.3246339,46.85790368,105.3362326,0
4.26562132,0.032861702,3.078081687,0.150767848,69.51835131,805.9734953,58.08050542,102.3308147,0
4.390380682,0.031598527,2.489114908,0.14797109,82.97673625,829.6619614,58.7704385,91.60265452,1
4.958994983,0.017842137,2.654838787,0.15496332,61.37601605,812.3154191,45.13060207,101.0455561,0
3.747875916,0.02026012,2.114848714,0.14147131,61.98144166,797.9872201,57.70166732,100.1385468,0
4.506995472,0.017313283,2.641991199,0.164580121,61.44397774,780.2015438,56.57934374,99.28431154,0
4.665155129,0.029738767,,0.14780772,61.47987294,821.8082472,56.68483745,96.87872366,0
4.216830827,0.022237331,2.213058342,0.143446943,,777.6587362,50.28398848,99.38516174,0
4.248352362,0.032608082,3.113158585,0.147800824,89.20877266,766.0901271,49.65413132,103.1126403,0
4.454009462,0.02222918,3.068998356,,78.51188656,830.7149492,53.79578483,95.37210317,0
5.284667907,0.023745707,,0.16801007,75.40991391,836.9237222,48.45135281,104.3301697,0
4.157494576,0.034000946,3.407368846,0.14280346,71.19710074,798.7271704,40.09793723,99.95405393,0
,0.029606854,1.898697174,0.147737571,58.14080919,858.2182014,53.36731853,100.3375196,1
3.793100418,0.030741714,2.226712451,0.145760396,78.23830279,845.6474755,64.2909185,100.7888087,1
5.37502833,0.022435551,2.295112682,,66.69922519,798.3854178,57.02600931,101.3741736,0
3.936489668,0.03322953,2.536182125,0.142709865,55.80242661,792.2563477,57.07990118,96.26129624,1
3.938006806,0.025953196,,0.147297128,58.9086918,786.0435488,49.81425903,100.6376089,0
4.54785634,0.029686945,2.714211259,0.139365946,76.83258889,795.4497178,51.15780328,103.1487476,0
4.273626441,0.034966902,2.043499806,0.146465044,61.93440367,859.2959848,43.36056985,99.14515526,1
5.247789941,0.019504509,1.754150857,0.150935232,70.76206563,800.0043182,48.50662638,97.43722739,0
4.875837413,0.026057224,1.72124456,0.145876378,61.89211893,822.4686664,41.89540183,98.66870629,0
4.490473699,0.01135085,2.987724516,0.159252481,74.5641458,801.3240663,57.66120037,96.88406552,0
4.045213713,0.027322166,3.205446154,,76.00903939,818.9592871,51.91786889,102.6857538,0
4.374016748,0.029023165,1.711685598,0.144450725,83.46526781,752.8279463,,103.6533068,1
4.634453301,0.020083505,2.860734678,0.12465075,86.18768168,756.0425333,61.57210465,96.88751579,0
3.694308651,0.014804846,2.188554588,0.148651061,59.23304601,820.0021357,44.62754281,100.2793563,0
4.072086287,0.019036882,2.137272759,0.136477033,72.5405173,809.5291589,56.85072686,104.5691114,0
3.964028162,0.02977883,2.467109774,0.150814902,83.20288775,828.7348518,53.02100742,103.0260621,0
4.937467705,0.024257323,2.58358385,0.133483994,61.98370087,782.4099883,52.38941789,96.13371581,0
3.979071602,0.022225653,2.290400923,0.141729368,76.79323716,767.9777328,51.17497325,100.5079724,0
4.723872689,0.015287937,2.545436804,0.137390478,74.26049723,796.0753459,35.67013784,98.13542565,0
4.369649083,0.031712341,3.556533505,0.147797232,63.00944486,848.4863217,50.24050229,99.6165833,1
5.13777445,0.018315152,2.910891061,0.144067187,51.87898444,847.1534481,60.09831316,100.2624375,0
4.169720606,0.009089325,1.876138836,,,805.8524871,45.12902261,101.80719,0
4.244731126,0.018532704,2.427052779,,66.05726435,847.5190472,45.08048159,98.02631074,0
3.87430605,0.017337672,2.228977737,,70.00096856,808.7473742,47.93323248,102.2375404,0
4.350125149,0.027525337,3.163745563,0.140747465,78.58952228,759.8317273,55.77431686,99.2826353,0
4.258408985,0.020733032,2.42689724,0.148764432,80.918746,777.8091033,48.41960931,104.846656,0
4.473690494,0.019742678,2.453250559,0.155011776,79.05609909,755.2113119,53.01189884,96.77507648,0
4.721509268,0.011116179,1.821823828,0.163257678,73.20552082,779.1174338,53.95785303,97.30543163,0
5.506292791,0.030156028,1.959392584,0.147626678,79.0895674,823.5329802,61.39048566,99.2479231,1
3.683233104,0.033249507,1.868986811,0.144827117,58.31429286,789.8642795,50.95185373,102.9253731,1
,0.011190542,1.432522845,0.131983823,61.01912531,822.8806841,49.25809741,99.0564822,0
3.891046193,0.010258772,2.73071174,0.151922903,67.1968008,818.0563487,50.62041592,96.4874253,0
4.119918124,0.021327327,2.289130718,0.141572451,71.3293404,789.5257592,46.22822445,101.46715,0
,0.023508325,3.110475772,0.165520895,73.94290882,828.826449,53.90891758,97.48061928,0
4.267512798,0.029907424,2.640455724,0.140548617,71.24231984,792.4564452,43.05797098,100.5869862,0
5.78164314,0.0159618,,0.152161551,74.36388056,768.2661554,54.49111651,99.97345035,0
3.381637005,0.015444399,1.777513511,0.148764316,71.12764584,775.6704449,47.44653164,,0
,0.020874497,,0.155382958,69.95970827,809.3023406,46.02522507,102.1852615,0
4.570432583,0.017000839,1.809942169,0.129450313,73.90043036,786.2235283,64.23065429,101.5306403,0
4.250096405,0.037989396,3.049108608,0.157087305,70.94736419,781.8057428,61.09108659,97.70123931,0
5.982665072,0.035616597,3.089114372,0.129559487,,816.7141185,55.2669723,104.9259897,0
4.732768497,0.036253997,3.226983197,0.157168109,63.01524816,794.8261922,49.00214377,102.2383596,1
4.57425374,0.024978381,1.605899358,0.143421736,75.19107998,801.1106964,37.5174259,99.16209824,0
4.088976764,0.02066853,3.280045292,0.142908266,72.35870676,788.5694401,49.26935635,98.46780707,0
4.707715135,0.032402944,2.885882359,,74.02034099,775.6730432,64.97732193,96.91445597,1
5.155511493,0.019586061,2.44719512,0.137075853,84.05914058,763.5310901,39.73216575,,0
4.344654795,0.032402733,,0.140164303,83.82643185,798.8569013,50.17599928,96.07644846,0
2.89607328,0.021592378,2.808528307,0.145514619,66.90077428,797.1824753,47.21181185,95.99589355,0
4.402290179,0.015908223,2.261854041,,66.2175764,823.9804054,,101.0007734,0
3.616848801,0.021576429,2.108471293,0.152495247,70.80762883,801.3143615,62.0072496,97.97112205,0
4.33370528,0.023866144,,0.150662959,70.20254002,803.624,64.19530625,95.23589537,0
4.277890402,0.027267135,2.457963046,0.14764874,72.65460109,789.0452847,51.61910628,103.753932,0
4.994444341,0.017228316,2.436347825,0.133179729,58.86418152,791.0222406,48.48087253,100.6468881,0
4.144790289,0.037786853,2.209042213,0.146291939,66.28916887,815.6865632,54.27669664,97.16453272,0
4.236380162,0.015700004,2.729044718,0.145125523,72.94617854,753.9250598,36.19979096,102.9483882,0
4.626180994,0.010904264,2.369680454,0.13782883,79.04852742,802.5093225,47.58030313,103.666853,0
4.094304003,0.030259038,2.730348111,0.128666501,63.14665591,802.0072993,50.04509478,98.21804241,0
5.266729926,0.023846668,,0.153923493,69.0065659,,53.75355273,99.69447877,0
4.726458845,0.027504992,2.406321104,0.15171519,58.01557703,826.0817755,49.38233442,99.96482149,0
5.253710619,0.034354156,2.3963031,0.136455527,83.93637288,840.8348101,49.35050545,93.9729243,0
4.325590131,0.022544466,3.528947423,0.128757263,71.9349784,797.6317976,47.15827271,99.5035071,0
4.526471029,0.028627019,,,81.30071083,769.2024878,45.84218494,104.6093969,0
3.148056699,0.029737092,2.782616511,0.158212272,78.14130449,786.6186868,39.72078516,101.4719119,0
4.948869013,0.020969662,2.213158136,0.144513479,74.14482666,843.5737623,37.88555006,101.5493318,0
4.844198344,0.025291842,3.134896487,0.151657765,67.70968082,832.5130634,63.39180012,98.02696135,0
4.360609719,0.026352746,2.988015073,0.158230907,62.63546348,810.4104879,45.72748352,105.2020551,0
4.660297662,0.020585771,2.811062733,0.146584726,,753.8052547,54.05990549,96.25383434,0
4.736563042,0.012291657,1,0.134230624,61.03479301,852.5254926,37.67900272,106.0039831,0
3.932612525,0.031222086,2.700228488,0.156826699,72.65378971,809.6195465,50.70909401,99.14303071,0
4.450849073,0.01637275,2.951107661,0.156845184,75.79690087,794.3019544,43.74525733,99.7123154,0
3.87105692,0.012204526,2.459225185,0.165334787,69.8252531,801.5705621,54.68931438,100.3190344,0
5.330088015,0.019466766,2.178121243,0.147726836,73.01285955,794.5585998,43.9885501,104.5893559,0
4.251142177,0.017973269,2.049155178,0.135309083,78.76454366,766.3894647,44.89198774,104.049395,0
4.423178734,0.014732662,1.876856542,0.139101411,81.18898531,787.3108398,57.48338313,98.07647495,0
4.450536771,0.024615036,2.771168901,0.166312561,78.70221593,798.3652864,52.66423811,97.97451124,0
4.828141383,0.019115112,2.846646459,0.138197847,86.68097485,,66.08240887,102.5648889,1
5.023713745,0.023430764,2.096599752,0.153124726,73.85373257,781.1631773,28.20607813,103.6682985,0
3.451417244,0.017540989,3.035425272,0.141099972,79.1566937,790.3909895,53.50799177,95.27356882,0
4.914728931,0.019315505,2.299285469,0.147973432,76.00310616,826.1023821,48.81117633,96.49349113,0
4.05081507,0.041901309,1.60693032,0.129876438,63.06441868,790.1480009,,102.4188657,0
4.699889603,0.01770672,3.149406288,0.145817374,70.44043685,820.2045771,46.95590547,95.76969684,0
4.497917196,0.024581208,2.442219545,0.151634584,62.71269495,802.8131713,56.54719455,95.12864705,0
5.588090439,0.029495645,2.676649363,0.142552725,85.25349508,772.9667946,39.08729057,100.9067125,0
4.762043096,0.020364464,1.916123904,0.140219777,79.66330451,792.2928302,54.99035496,101.9792478,0
5.138482386,0.035727334,2.675413895,0.149452785,72.29024067,812.6660288,57.13817474,99.37174255,1
3.817539338,0.0360266,1.909848518,0.173896669,59.20365149,785.369827,43.20571575,97.75032583,0
4.109653107,0.032999245,3.400133272,0.147011762,71.93473244,814.6212534,42.16271591,101.6164653,0
4.121704725,0.026420632,3.070828096,0.147373698,56.49365176,790.320096,43.93068963,98.56069299,0
5.087873697,0.030133808,1.877858597,0.139579623,57.74355937,815.9664004,,104.7315203,0
5.721428889,0.035792095,2.316008206,0.151200233,,766.5480677,,100.0652442,0
4.662312297,0.027719112,2.34372833,0.142435184,62.24872483,,54.22951839,100.5615158,0
4.195458383,0.017816189,2.046980876,0.159884378,76.96024307,797.0746561,42.97209183,105.2488798,0
3.917433905,0.020482699,3.020564304,0.142283907,74.98804995,822.5700681,40.3897896,98.74780561,0
5.315795586,0.014139574,2.871911009,0.148116534,65.85611074,822.03176,72,94.07184454,0
4.505002329,0.023374484,2.642221551,0.150480056,75.36150626,749.0512722,48.36466483,96.7359115,0
5.745324108,0.02336621,2.388174362,0.152665649,64.98076543,806.0063713,61.24718736,96.47539307,0
5.148824989,0.026580422,2.10308255,0.147096064,73.45517196,852.2674172,60.3749294,96.85309049,0
5.11817807,0.026883562,2.044435399,0.148324805,,794.8868623,32.31328543,97.74140356,0
5.424534207,0.028545254,2.664967334,0.138050737,73.7779502,793.992698,57.72491652,97.47982975,0
4.922098054,0.021819509,2.71539386,0.150676928,75.71183004,808.685833,49.79172686,97.63550629,0
4.241470597,0.025630661,2.612602376,0.161731174,88.23391869,788.0372091,56.76033971,96.19282429,0
4.129535231,0.025206682,1.678934858,0.153540873,77.91688579,838.0708977,51.98255727,95.81197303,0
3.925919606,0.02674166,3.038934107,0.154968232,77.75134437,832.7730114,49.20623973,96.1945727,0
4.656136282,0.026663986,3.205302173,0.150532384,68.08095019,789.4328795,47.99962102,104.5056515,0
4.891459438,,3.10617369,0.133002528,72.04564676,840.1948837,,91.42932949,0
4.627841876,0.020921323,2.552250928,0.134228065,73.62457097,747.6207367,47.87612925,97.13230778,1
3.431569464,0.022360112,2.14742754,0.137955207,55.82555746,857.016232,57.14228724,104.6709747,1
4.610499744,0.027982637,2.473200152,0.152426983,61.30667283,793.0787768,38.22768454,98.76279921,0
4.570775097,0.020689245,2.879362539,0.145132501,63.63565686,804.2106672,61.92200855,103.2045509,0
5.014490201,0.025693467,2.718113574,0.144235557,,763.4194635,45.8111421,105.946739,0
4.140456733,0.015071914,2.120015959,0.146344623,60.79809296,829.7874098,48.21308519,,0
5.155969754,0.028690248,1.934344254,0.150085355,,827.2420945,61.91213988,97.73113149,1
4.865082116,0.024204159,1.816773526,0.132264105,73.54618902,796.6163135,54.9468175,99.8267968,0
4.60021312,0.023894166,3.129687722,0.126736791,67.15242114,817.1749849,50.87777827,97.79397153,0
4.556027947,0.024687609,2.575919767,0.148632641,68.50195957,818.5894222,36.31270497,103.6784042,0
5.051805219,0.023624415,2.80031219,0.157334184,86.32864134,782.5140862,68.45239595,94.32245917,1
5.08054883,0.02045422,2.488146094,0.14270481,79.34593241,805.5751473,42.5796456,98.48729915,0
4.432590904,0.033675887,2.886079147,0.138614542,75.14577456,806.5189691,49.14336846,101.346518,0
4.745561191,,1.82495537,0.159311586,61.73747102,849.7941103,44.37801943,101.654034,0
4.743121497,0.028430218,2.405282499,0.152670756,80.69306293,766.7301302,50.22847856,95.38250399,0
4.61558812,0.027329928,2.793046909,0.132112546,61.58741079,826.4477047,52.08182139,101.611698,0
3.389418867,0.032996637,2.448112264,0.149458786,57.61200011,812.8203433,55.95101749,101.9059419,0
4.267932316,0.016935726,1.985394951,0.16285873,67.26126476,775.1140814,61.85293495,104.480261,0
4.596611362,0.015519337,3.40074471,0.164283007,77.93007052,,,96.53361125,0
4.214596562,0.019967316,1.746764302,0.149616154,61.14167001,825.7545431,59.6275754,99.27822753,0
4.204696355,0.023837466,1.785557465,0.140533866,67.31069641,766.1567458,47.52033813,102.1417648,0
4.439438278,0.02681535,1.660425398,0.150952694,67.16226386,838.32812,35.00953829,100.5895239,0
4.652064599,0.020072735,1.994917773,0.134712571,60.84671129,802.5741538,48.84089302,100.3287098,0
4.892352065,0.016481273,2.278450548,0.156019555,90.5791084,771.0302543,,,0
3.734978376,0.018408074,2.915021055,0.141681579,68.77420453,770.0991022,66.13642049,99.16243144,0
,0.023628179,,0.138348208,79.43990658,778.7296679,47.30828597,101.5092018,0
3.987183155,0.035728085,3.433063643,0.175260578,65.5629472,845.620061,36.58464273,99.67770375,1
4.627964348,0.018935249,2.462769034,0.145819497,67.28646773,832.0681139,43.32490396,105.0331851,0
5.273435005,0.025583618,2.12227144,0.148373217,80.14650962,783.9063559,42.91174028,95.37001348,0
5.383250063,0.021088396,1.718122172,0.148548612,74.7572205,776.2540351,51.97860336,101.1523733,0
4.738351639,0.020367795,2.334499376,0.145402688,76.42196637,786.8278641,56.28717439,98.19060033,0
3.680452721,0.007784942,2.295369218,0.142710602,73.85509833,764.6075141,48.52589782,97.42969203,0
5.905264458,0.026608695,2.461838101,0.147334026,58.3327617,795.4674011,44.46634672,98.87653405,0
4.034166722,0.026790771,2.913043343,0.154501413,81.18032478,808.9597058,53.90880153,100.1395058,0
4.497713175,0.018609301,3.433870645,0.166138847,64.64349267,815.4458441,37.25531599,98.7874745,0
4.4304083,0.021885482,1.7095293,0.127131389,62.2584936,780.7206504,48.52124269,96.20552172,0
,0.030283429,2.566483419,0.149403968,64.13751957,793.1489433,44.12221009,98.3647093,0
4.996958982,0.019633134,2.238783903,0.137739969,76.30122517,759.7021251,59.83480499,94.94862101,0
4.82958116,0.035876488,2.893839122,0.154743667,75.59020164,769.6116258,53.80039914,98.37770354,1
4.248427053,0.028148254,2.539782111,0.123848259,76.03707489,811.0800701,47.70195454,98.90338933,0
4.077712202,0.034617069,2.662539752,0.13390957,67.59420681,791.4621062,43.90536996,98.35693719,0
4.266351592,0.016302586,3.087920525,0.140665111,63.55261935,801.5554815,52.44722851,101.1450805,0
4.393183552,0.028265557,2.429159298,0.139793698,68.59032053,813.7079692,51.44502405,103.734064,0
3.931085783,0.03680995,,0.162585938,66.86420667,820.0265117,40.05686027,99.49382535,0
5.54016851,0.023965281,2.695668816,,86.15532774,787.7528084,54.24792101,101.7057088,0
4.693960198,0.022936973,2.457855327,0.154448897,71.48506433,800.544758,63.61066374,104.1911002,0
4.341277086,0.014547506,1.650669285,0.126021127,74.0787785,784.5674222,60.36441487,97.62417895,0
4.924940242,0.022107081,2.822901833,0.14327055,66.39756226,841.373306,42.2722641,96.91212068,0
5.188526737,0.02224115,2.846739524,0.153501387,76.86832871,769.7513736,51.37139369,102.8859709,0
4.607353074,0.022200273,2.161570175,0.149456418,57.87743653,794.5115835,57.59104951,100.2373167,0
4.492448652,0.022476999,2.688312725,0.144399951,81.63371212,808.2170852,57.94118699,104.4962396,0
4.221987024,0.021030995,1.747110618,0.129957008,89.94958986,763.992195,35.03428196,96.91504619,0
4.191025886,0.035226355,2.010391071,0.142241951,52.28307634,816.5242339,35.06592129,99.3037848,0
5.244239367,0.029356808,3.47896184,0.147252661,77.77092412,750.7886683,63.11122279,102.3291051,0
5.164559791,0.032336351,1.925632976,0.149710957,68.58531443,817.9383605,42.91872567,94.24609169,0
4.286728563,0.015020208,2.798126132,0.147198704,78.04211067,760.8913704,48.65547561,102.4498233,0
4.332256399,0.015230615,3.31447952,0.135617982,62.74324334,791.6352205,57.78901899,96.35492151,0
,0.027572081,2.999278706,0.145520937,74.15139037,828.5335072,52.63784056,105.0772852,0
4.76281344,0.029876648,3.055066796,0.148377867,87.20158688,789.8883871,44.85999222,95.75523374,0
4.464255987,0.037862389,3.684894282,0.155733617,67.18886236,805.5654614,71.84066083,101.3606467,1
3.676590962,0.016689089,2.097665981,0.158890492,75.20559767,794.6604763,63.01271947,101.392372,0
3.820761133,0.030136222,1.973591,0.150204083,74.06452071,781.489465,39.27020071,99.41974699,0
4.476490829,0.022938355,3.245638494,0.155063546,63.01610904,781.3279004,42.91077184,103.1466023,0
5.076405753,0.029761658,2.819233829,0.142388761,74.56241855,818.3279787,49.57126095,96.50375114,0
4.695823601,0.011602034,3.367240823,0.151930573,75.85371791,786.4281173,40.55853852,98.23897578,0
4.792748129,0.02581824,3.049415714,0.149923271,69.00046619,830.0651903,36.90558653,103.8988885,0
,0.027309259,,0.162835162,66.9689317,833.4132094,46.77565761,98.06759469,0
,0.023796135,2.83130083,0.14478732,84.69894906,771.519446,46.20542715,99.34784681,0
5.589506567,0.032290145,2.411117416,0.151695229,54.75578386,813.2354503,46.6596689,103.9479323,0
5.795534889,0.011544669,2.795794806,0.163227977,80.98745131,775.0467616,42.94240242,98.75687766,0
3.624142079,0.028235831,2.594199505,0.15367946,72.41044084,800.4699001,38.36399225,100.2661561,0
4.897693747,0.041365634,2.312579618,,70.06244419,793.1464596,41.09343797,98.55291433,0
4.443994307,0.028346692,2.927482251,0.147134085,74.83276345,852.3946221,57.33712814,98.56391362,0
4.663869287,0.023970645,2.726120132,0.162325738,67.84506008,747.6679205,54.58862476,103.0653063,0
4.496790482,0.024116193,1.548063478,0.137232571,68.91501383,791.5008651,54.63735864,99.17691124,0
3.779151678,0.014504148,2.010988373,0.148116302,82.4277323,783.8834847,49.29495393,97.10320701,0
5.020710338,0.031066431,2.059972325,0.150197626,67.36264285,799.9654678,53.59098812,102.9487485,0
4.918288861,0.030918328,2.407216394,0.145057538,,783.5642735,46.85166005,98.76702151,0
5.060541207,0.040308089,3.334822918,0.151198331,72.85325419,800.3084539,54.1981032,107.4746679,1
4.214945995,0.029402866,3.09695797,0.136981308,73.86657257,740,62.0792326,97.87020771,1
,0.035684127,3.271226591,0.160263765,60.91201888,789.7500356,46.2878708,100.1305276,0
5.04907568,0.026187715,2.478704907,0.158175077,80.27046284,740,53.05062964,100.0133724,0
4.558100449,0.015520662,3.102605122,0.147918114,62.58143485,,48.10875606,99.6034037,0
4.50656762,,3.47375234,0.159812291,71.27517816,770.2029458,44.18574356,94.77999131,0
4.320224708,0.023823871,1.498876932,0.148685136,84.32263235,804.4500159,52.88686881,102.2860872,0
4.642734399,0.030786598,2.519670974,0.165248418,76.64143943,782.5784479,58.81791513,101.4836621,0
5.686102168,0.026927122,2.951885642,0.151428253,59.722131,787.4362507,40.69630113,94.0803168,0
,0.022603428,2.570609098,0.147756826,68.94459811,802.8058454,,99.96532603,0
3.489238764,0.014685191,2.659254596,0.133940219,72.75682499,782.7434849,61.39634088,99.36876606,0
4.366807892,0.02148884,2.804014883,0.146575852,48.4690983,769.5639029,55.44248656,102.0421541,0
4.515297372,0.013631451,2.487691736,0.15671523,72.08495408,820.8533416,46.8764195,99.2419107,0
2.948153497,0.02681834,2.131042413,0.155075122,71.99127982,803.2355552,62.22443288,104.8988202,0
3.339899567,0.031088551,2.457669969,0.146751325,58.75325787,860,43.48009325,102.5579862,1
4.296960326,0.027836378,1.934493342,0.131121862,63.37158991,778.055704,44.51842262,101.2314055,0
5.137488037,0.027760691,2.044962698,0.126771526,,813.1434615,46.716141,94.49373729,0
3.297836256,0.021997114,2.896993582,0.144678188,60.73917523,799.4798486,42.20426225,104.2806512,0
,0.013323185,1.870366374,0.133026449,65.18911522,805.2385847,51.00832244,101.3666065,0
4.910834875,0.030884228,2.775598784,0.130012635,,816.7069605,41.6674109,100.6361524,0
4.309525735,0.036078761,2.439265591,0.151746223,75.38591326,794.4943805,44.78939449,,0
3.965547563,0.01819222,2.414843949,0.144262423,65.51207522,818.6428482,56.76808954,100.8976494,0
4.319563612,0.025324479,2.2093956,0.155464959,76.18011745,758.8057726,55.82791449,97.14634686,0
4.799631537,0.016124299,3.454544636,,88.22428419,810.6245261,38.12850517,101.8729329,0
4.177769064,0.02596102,2.657926,0.1432602,68.91759506,822.3290831,45.43829819,91.8857354,0
4.639953301,0.022739969,2.74176712,0.139964806,73.55683559,763.1007048,49.10226408,101.9323173,0
3.964727535,0.024455571,2.740543435,0.138323209,73.09827338,770.7948928,49.66464604,100.047718,0
4.620487575,0.026322866,1.766189433,0.155296605,60.99006802,794.3886602,42.26333976,98.93538004,0
4.507493433,0.030353276,2.432463145,0.158183911,75.62280172,781.0247998,67.44915471,97.61351503,0
4.773009215,0.026131932,2.57864038,0.140856403,76.73000734,790.1869685,58.77123823,97.35585238,0
4.396858702,0.027137587,2.55682779,0.167200771,62.54127813,860,57.49573854,99.33763971,0
5.055549359,0.022561561,2.634255411,0.148800121,,800.6236248,51.31344572,96.90543998,0
3.202859905,,1.968434083,0.140239744,68.0968072,798.0702606,62.05587085,101.3142075,0
4.481955201,0.038144099,2.59517696,0.156807373,71.18901026,787.6329164,46.91200718,99.09182239,0
3.997815279,0.023650164,1.714712977,0.159057023,74.76501861,785.2737585,53.9181915,99.85875542,0
4.28089521,0.034309765,1.224070131,0.145786461,84.38894826,781.1341943,51.02582155,100.1431694,1
4.978247016,0.028379869,2.60188225,0.148225201,84.59508939,,46.73722644,102.9849836,0
4.548617565,0.026969714,2.998237569,0.155467015,65.88895881,828.0591033,58.42342418,99.17557843,0
4.843520495,0.029326809,2.482433972,0.141833642,60.20062992,812.498327,38.92870657,97.01713351,0
4.496800919,0.021733098,2.237090057,0.143453993,75.16926658,769.9227811,70.58401,102.1630146,0
4.488802378,0.026631103,3.229211326,0.153658837,73.30126436,771.7369964,41.42382885,100.7100117,0
4.022926385,0.026562238,3.694709586,0.161196389,82.06825332,824.9733651,62.58131773,94.86043126,0
4.635943993,0.028265938,2.725367866,0.155648284,57.4470966,782.5717076,55.96486382,100.7157958,0
4.118951654,0.013856234,2.709278474,,67.77633872,767.5077491,60.89268856,96.34830978,0
5.183234669,0.025126853,1.585780712,0.141874325,62.87126293,774.2781757,43.41520044,102.7053075,0
4.842145879,0.027676809,2.396394465,0.140010231,81.51244026,764.5460362,49.89373437,99.9027745,0
4.811799216,0.029659072,2.344553606,0.144007129,84.01306782,764.4098875,,98.69141264,0
4.605881078,,2.183264664,0.146060707,58.83658713,784.4289555,47.5268621,99.20643465,0
4.65369837,0.015281273,2.299169333,,67.64827117,765.6211732,37.99954416,108.5932085,0
4.015651818,0.032272351,2.446443608,0.133984926,67.49720614,785.2651586,52.61032874,95.077919,0
5.053403835,0.023564554,1.799121598,0.152361982,80.88864169,785.6698335,50.12302379,100.5036538,0
5.083523706,0.026810185,2.116710327,0.149223589,68.25643818,814.1130138,63.32989501,100.7869733,0
5.17009587,0.017402367,3.021724283,0.150825163,87.86112031,760.9154742,57.62025976,102.8293431,1
4.238242226,0.037277825,2.533214503,0.156661694,72.42244478,771.061181,46.1650684,97.0638425,0
4.371562774,0.025157988,2.707592053,0.150519545,75.5748414,801.741763,54.4823668,105.7978233,0
4.96471512,0.021836,2.6320067,0.142117457,71.65662117,805.9767554,63.63899142,102.7102485,0
3.907037089,0.024334253,1.8411827,0.154410958,55.41261627,818.1474153,39.14606662,98.10371044,0
3.576947643,0.032281412,2.068545591,0.144198811,78.25898117,803.5774441,42.67152158,99.66428557,0
4.25191947,0.021225799,2.900825745,0.13954345,64.30155423,827.5431837,68.00952631,95.96066058,0
4.769498526,0.029231392,2.641202782,0.169774123,84.26822112,786.2686395,52.55742906,107.0566923,0
4.470575962,0.019855468,3.403178766,0.149146127,54.32563475,842.2276655,56.62074646,97.92887034,0
4.135031214,0.036799777,2.591633339,0.147149687,77.18892542,,28,,0
5.116787407,0.026866739,3.51925026,0.143721747,78.98446079,847.7382193,63.92851164,97.94498927,1
4.931759575,0.026959707,2.06256257,0.161913503,97.57372209,782.2965673,56.16586679,101.1377851,0
4.357055216,0.029158244,2.72904365,0.138358308,70.3837409,792.7415493,51.68243508,96.40351178,0
5.368249406,0.018488786,2.243735801,0.152181871,88.62492134,740,29.50649257,103.3764841,0
3.893737702,0.012832778,1.946113846,0.14817372,71.96019967,843.4075915,43.34831829,103.0002796,0
4.622371307,0.02077188,2.054282195,0.155705364,77.43272538,747.1482059,43.06776023,100.6274995,0
5.641033101,0.017147347,3.075316185,0.14106536,76.0881758,817.2631133,52.60332707,95.08373153,0
5.66356896,0.022926836,3.066786239,0.151168972,84.47548636,811.8272624,51.42377726,103.6310895,0
4.117887914,0.017641895,2.617248992,0.142322216,74.24864166,795.0796226,56.2880132,99.90102635,0
5.226567635,0.020065573,2.435152409,0.135659606,81.74134813,815.8193051,31.22563451,99.45311911,0
4.83759457,0.020301957,2.755706161,0.143938042,67.66977077,831.1974448,47.63425532,102.2292609,0
4.861089823,0.039421545,2.589371605,0.131343623,86.27954169,771.0967527,52.53274913,98.10029239,1
3.808937711,0.020399456,2.453746423,0.145631264,88.120351,769.1258668,46.0379264,,0
3.89285587,0.024906429,2.920010711,0.143389405,,793.4158647,43.76662953,98.66121521,0
5.02555946,0.02273438,1.942975692,0.149332573,63.71311533,785.3298384,35.22016802,101.3464006,0
5.298605235,0.012059056,2.225130934,0.14639296,68.62186639,800.672884,48.1375154,100.9067168,0
4.929143204,0.023389156,1.851728479,0.154360022,74.53159474,770.3044913,54.44180651,98.54207871,0
4.393915038,0.020977431,2.358251313,0.142311223,69.19357875,784.8577686,49.68853824,103.0373404,0
4.397392095,0.029778258,2.400798054,0.139248799,76.11577339,777.9179125,55.86547021,99.0273191,0
4.012660206,0.020466757,,0.139983666,63.07703231,785.9716796,51.26006213,103.4867108,0
4.717338294,0.02725177,2.333517788,0.14675186,65.5381247,786.6542161,51.80312738,98.85096961,0
5.213018713,0.019615616,1.816145894,0.159383172,60.5301656,841.8688117,55.02006223,95.23049677,0
4.632465951,0.01451449,2.39212529,0.15448472,63.3133961,757.5341487,47.46336739,99.56979633,0
4.565832515,0.027241839,3.291695992,0.134699255,72.9883752,775.550902,72,98.8781077,1
4.736937063,0.031755876,3.160622666,0.1465396,78.46161535,759.5596387,41.27801806,97.82527365,0
4.586359385,0.036526045,3.285581804,0.155949812,67.19358367,780.3408566,68.0165502,100.2463462,1
4.668630944,0.028414891,2.686888164,0.152505704,76.64502759,785.2381336,49.05465418,106.218966,0
3.524967313,0.033101535,2.940392996,0.15181126,68.89818722,793.193547,49.08194291,,0
,0.021957888,2.582317788,0.126434795,83.26459015,754.9289056,42.70495083,98.37954405,0
3.962921509,,2.880009155,0.162664184,81.85558541,,42.73699989,95.99206102,0
4.185700217,0.031282188,1.53110738,0.147981668,66.39066525,827.4621603,53.21611314,104.7409749,0
3.764259638,0.018574891,2.913517699,0.153129651,84.5534986,802.2306013,37.09442194,95.22998556,0
3.362472841,0.019663652,2.113960899,0.143186373,76.1057622,795.281057,28,96.04641549,0
4.171006245,0.01405337,2.638918066,0.137246921,56.54795732,,29.89943464,97.70310933,0
4.022792658,0.01950796,2.888091244,0.138440282,76.67426954,810.6968788,67.81765951,98.00707132,0
4.380972911,0.028834789,3.043936691,0.156906215,84.27442813,773.3072242,52.95804718,97.67567851,0
5.721711883,0.03642239,2.811534459,0.147901508,89.11479798,756.8824357,33.92522146,102.7766229,0
4.001150647,,1.952478554,0.144375982,75.95515425,794.5891751,60.11783397,104.3904468,0
4.308975691,0.024014585,1.891842815,0.134831865,66.04212383,817.9051602,,102.3161199,0
3.616486916,0.019195376,2.070006538,0.134710008,70.56190068,794.1150835,43.38864954,98.73525893,0
4.414006452,,2.726199622,0.136175934,70.88855395,799.1403937,35.76681074,98.74253525,0
3.590202971,0.016745354,2.085178306,0.147754126,62.66903497,843.840403,52.28961137,101.2719675,0
4.355742227,0.016418854,2.149805247,,88.17136755,740,39.14035426,100.5984829,0
,0.022828265,2.141887468,0.155376186,83.18776118,791.0859095,50.7462338,98.13343737,0
4.029143829,0.019696779,2.145508965,0.136262549,69.57615414,817.9105295,56.7908108,101.1848522,0
3.078452112,0.033827581,3.178760332,0.139271344,73.0398489,795.0248558,56.62647809,100.1653432,0
4.776486762,0.006018698,2.105498918,0.143624907,62.56512268,818.8533977,39.54454643,97.48145959,0
4.86688017,0.025617706,2.613259604,0.139078182,59.3440443,838.1219549,43.63228875,100.7482262,0
5.605436359,0.030576088,2.562611219,0.147045679,78.33609838,778.5356827,40.9636234,100.3603097,0
4.942883579,0.018676064,2.018169393,0.160300323,79.49135627,832.519997,58.90157155,102.4402824,1
4.988969528,0.019682218,2.691531667,0.138289201,71.21381022,770.3478563,48.16917379,102.641604,0
4.320306759,0.022022764,1.264544196,0.148485495,83.77912172,777.5728747,40.51222867,100.0501898,0
2.862400347,0.023886384,3.018517215,0.153009058,75.17609394,812.8424307,61.52279163,100.6201285,0
5.346263585,0.035692688,2.888138125,0.166597243,83.28066481,771.5112739,41.34107819,96.40752657,0
4.501666934,0.032166901,2.88952342,0.140866274,75.63256187,812.9686177,44.5613859,101.7932264,0
4.530744792,0.026657059,2.111270264,0.149268693,,783.1908275,38.77141537,100.6062242,0
4.751082859,0.007322054,2.935120661,0.146147362,46.84875241,851.7377913,46.73816863,102.3529057,0
3.368786022,0.028125543,2.089291373,0.155749525,81.33193776,796.1934322,42.88973778,99.94555863,0
3.961661281,0.019312784,2.533132326,0.135915455,77.65854212,807.7404836,38.72876466,103.0785407,0
4.050899971,0.013468642,2.270717552,0.162248695,72.36785528,786.1428699,43.77013095,,0
3.966609039,0.02627761,2.089032967,0.12778681,80.69983928,,51.71809057,99.49382751,0
4.619548889,0.028657073,3.314969683,0.147376343,65.33928866,811.1800094,52.23884832,98.65421665,0
3.833094332,0.037076783,2.269015402,0.1621854,74.44334684,784.7114337,42.29036039,101.3945589,0
3.278334203,0.021828468,1.799975647,0.152672069,64.66030386,775.863586,46.06768316,102.3253474,0
4.404796046,0.021493994,2.789561447,0.143635291,78.19983525,768.5234582,46.30946233,96.4416639,0
3.597018287,0.017082381,2.300056518,0.152365468,68.99379476,811.9798474,57.52837891,101.824574,0
3.960356133,0.022470879,2.518025697,0.137856552,68.71905509,780.0165725,53.63635945,101.110243,0
4.245603454,0.025805907,,0.153381726,64.86084605,854.105913,41.29796769,102.5918691,0
5.073209119,0.016786127,1.714131697,0.13810651,67.06436607,817.2937129,47.16815725,103.1735521,0
5.169809714,0.015797651,,0.139913712,62.51458404,826.4862364,36.71617088,105.6548516,0
4.915600612,0.012162909,1.77605596,0.136118105,77.97654924,775.6158022,37.53991786,95.71903189,0
4.765739197,0.019755452,2.737525956,,72.18182206,804.1231396,64.23205891,104.7243358,0
4.559476865,0.019970604,2.12702731,0.158428203,63.6025363,806.9049823,,101.2737279,0
4.276036234,0.033102739,3.185138443,0.146563245,71.56351721,827.226765,56.00806251,98.15866815,0
,0.019664073,2.537400765,0.14296567,,778.5464909,39.6259479,95.98347897,0
3.908402288,0.014297565,2.383534674,0.163819203,72.14623594,813.5002316,61.47430189,97.32777959,0
4.168513397,0.02503087,2.890083888,0.16234866,91.29834216,797.1982329,41.75694545,99.68789951,0
5.301285332,0.021691395,3.013975078,0.161516908,64.55949269,833.0214494,62.06469053,104.0935975,0
3.296957352,0.030897426,2.305763329,0.15912011,75.52877818,820.9913457,59.19065683,101.3257427,1
4.427287803,0.017173827,1.879843259,0.134920792,78.38833678,783.878225,62.55817201,104.5865071,0
4.175322886,0.016673346,2.897853761,0.164805184,80.05358525,813.1758331,,102.1413849,0
,0.020614509,2.414044795,0.155400407,83.97973551,792.5779077,54.76546699,98.59129255,0
5.043661738,0.014891866,2.478308511,0.146329598,70.0591124,766.8433363,62.08488314,105.6121424,0
4.298602647,0.034346648,3.210774755,0.151408878,64.79370211,814.0842803,65.10460194,101.5145126,0
4.247940061,0.021352137,2.302071851,0.152335762,82.91599186,782.3598208,46.96104435,103.4787613,0
4.144071899,0.017615969,2.513097128,0.151813123,65.15349057,818.3803653,52.93035992,102.739756,0
4.977727378,0.019638141,,0.14047702,81.62270442,754.3220936,65.8361614,97.75181447,1
5.286845133,0.02907673,1.881897155,0.160914848,86.22375352,791.637543,56.29015165,98.94048213,0
5.042884756,0.033083794,2.913899587,0.148612294,73.17840446,745.6855679,46.76412925,94.16441851,1
4.523773409,0.022749473,2.397387597,0.151154319,62.15587012,805.0678288,49.69505599,105.6037189,0
3.763023899,0.015410697,2.836553419,0.151267543,61.84236464,807.8341557,53.65989512,104.7468057,0
,0.035209441,3.121806313,0.138621919,,791.3770124,60.60486107,100.7537254,0
5.16830547,0.017238747,1.766823218,0.150222084,73.15039682,804.7362047,51.8417473,98.49732688,0
4.305406572,0.027944697,3.307134076,0.143898466,68.77553444,788.1468516,32.89638506,94.60283778,0
4.822763214,0.011726137,1.670576451,0.139050522,75.23166051,774.6767948,39.18215886,97.60579914,0
5.105167814,0.021603991,3.219057674,0.156191872,69.61334822,769.2169517,55.70838598,99.72579817,0
5.145060401,0.026772291,3.136325637,0.158700795,73.6692356,804.4994697,55.47565624,97.932811,0
4.380697847,0.01760724,2.444186836,0.144720312,61.6168638,818.0170697,57.60522235,102.6539422,0
,0.014374428,2.726885887,0.139354315,61.18124431,833.7778623,61.10196054,,0
4.790139454,0.017511326,1.823596612,0.151500045,71.92805634,,47.04659744,,0
5.19381624,0.01549139,1.8793256,0.141600906,65.73672343,792.372282,56.32740282,98.07597295,0
3.895177745,0.023388079,2.12888217,0.161073841,62.50941963,781.5427897,48.01132943,101.6010145,0
3.979808091,0.016742945,2.946472332,0.158933524,69.88767275,778.237316,51.44712086,99.28436144,0
4.358572266,0.028429798,1.800747032,0.145712871,80.44551866,773.2118207,44.09541048,105.5454325,0
3.282259563,0.01900116,2.11040954,0.149752217,83.25225478,792.8758759,67.87264778,100.9020158,0
3.918495949,0.030718228,3.163018992,0.140603261,58.4304841,785.362728,53.99091549,101.5663873,0
3.805439499,0.018407759,2.356645192,0.157411957,67.43556259,826.736615,38.27695595,97.34129251,0
5.335854495,0.033728437,2.240565075,0.144543338,55.21761402,827.4508792,49.89471258,102.4747934,0
4.251394675,0.025478172,2.930142875,0.154328054,62.54133752,812.834261,50.52925218,102.2403614,0
4.399846785,0.021533741,1.510278414,0.160866564,71.48764608,830.8848959,40.66891842,98.09683715,0
4.871380453,0.031920947,3.058449658,0.154692194,72.65869781,798.5814358,36.61432284,97.08993484,0
4.452623844,0.017632041,2.214060189,0.161582268,65.17609455,761.2434127,38.45892746,94.71051962,0
5.340393658,0.021404383,1.972719694,0.135830132,59.72843923,,47.60817708,106.2917602,0
5.595917499,0.026269676,3.123663723,0.158026924,75.3050279,808.9609542,61.06389923,98.46109077,0
4.636991454,0.030910254,,0.15489754,82.10130929,763.4590734,41.04153739,100.380153,0
4.114520684,0.027408036,2.93840573,0.151209797,66.46354757,812.4652662,48.4942352,98.42685814,0
4.438813236,0.010991588,2.393381778,0.149785142,80.76633147,766.9770926,38.9833342,102.9398743,0
4.064787784,0.012589194,,0.146329481,67.12080721,797.4638288,50.81650018,101.9495744,0
4.887848431,0.012193996,2.721046297,0.169203567,68.37163569,784.0675657,51.35228849,100.9795802,0
5.349430061,0.036221545,2.690620764,0.143455419,66.49240438,795.7010263,54.99111113,98.17909219,0
4.071350551,0.017170471,3.140426629,0.146988516,62.19412871,822.1690998,45.4138965,,0
4.698173057,0.031217319,2.649228671,0.155566492,71.29089515,797.202814,51.91569905,100.1994136,0
5.47376884,0.027227026,2.775664294,0.138438071,88.4207932,743.934842,50.66311665,101.8304241,0
4.618889794,0.023856054,2.72553678,0.138067812,70.77842377,827.1979756,63.80656192,95.46104292,0
4.703772779,0.023050175,1.659728037,0.159108904,79.08674839,745.0707558,57.7769176,96.5002582,0
4.165034849,0.026681999,2.235709872,0.141650914,71.12207248,773.0091724,56.2854565,98.49377028,0
3.869068196,0.033630557,2.548736012,0.139791581,70.67388646,781.6177588,47.83624986,94.98685891,0
5.070688686,0.019588214,2.129147286,0.158552586,73.36792348,791.2222734,41.48723419,98.33975539,0
4.425846266,0.032214159,3.130152475,0.137597334,80.42074679,826.2619885,,97.48156016,1
4.351172975,0.026859255,2.778581419,0.160725675,74.99844154,775.3989604,52.69700231,99.07249181,0
4.328400022,0.024262458,2.673929104,0.145381615,66.03741653,797.2747949,58.61622198,96.63916761,0
4.228584081,0.035056885,2.611466771,0.152167819,82.49625101,777.1327648,56.60937527,104.5261302,1
,0.030643515,3.133837421,0.149615911,76.61138719,809.1273947,52.375642,93.79192886,0
3.948524902,0.019609974,2.768286545,0.132661866,66.28219994,832.5676043,51.79655963,100.4746514,0
3.609585827,0.0258297,2.465536987,0.17194685,73.5010566,786.5823678,48.6250162,99.56983185,0
5.307175154,0.032901516,2.500248567,0.142128128,67.11216109,798.4114037,41.65635657,101.5023732,0
5.975275191,0.030959973,3.192635622,0.155085849,68.92909781,778.2392539,47.12803113,105.2014996,0
4.323393847,0.014826996,2.484123968,0.141951201,72.03325764,827.8419272,54.67305138,98.03063966,0
4.289273136,0.019213396,2.200639472,0.15538731,84.5204079,789.7813734,52.58062301,96.61526202,0
3.688476332,0.032221741,2.210143119,0.136130006,72.16525502,755.2041674,47.62724232,94.24105449,0
4.106271972,0.017713716,2.172923663,0.140574054,69.53516684,812.7905549,40.97066605,102.8326287,0
4.549030456,0.029095622,2.246692016,0.147776875,67.74353639,819.7099141,53.1066985,101.073229,0
4.401645972,0.027670189,2.374638296,0.158660263,90.78863718,740,42.16158806,102.0355905,1
4.817249833,0.012277391,2.357998806,0.166933046,56.97885308,795.7334346,48.51587808,96.69969925,0
,0.026052722,3.017040462,0.149338539,64.91049957,805.5555967,,101.3798249,0
3.693649565,0.025126584,2.860722109,0.144541457,67.49267329,787.7141389,47.88196822,99.46576858,0
4.332035057,0.019507913,2.60780321,,88.99604089,771.7836629,49.7798524,97.20901271,0
3.49811887,0.012386114,2.271724723,0.152587698,75.73911628,780.6122401,52.69870586,104.1802016,0
4.740568245,0.029375579,2.479385569,0.138161715,66.6724783,797.2139431,41.71342703,97.83338239,0
4.898750375,0.018955824,1.336061918,0.14500848,69.36525379,812.8791197,41.51177534,103.7486143,0
4.422490529,0.033206028,2.345538124,0.139319169,79.38612792,777.4092593,53.17494291,102.8673668,0
5.20058891,0.026231094,2.716005169,0.150743141,80.7196838,811.5579252,46.57621612,98.23797667,0
4.167389493,0.016203583,2.939293361,0.150541053,77.00539991,759.5342802,55.79113588,98.88275798,0
4.276451075,0.036641845,2.327883571,0.152505397,71.45418836,793.1530753,46.03784718,101.1197948,0
4.177433396,0.032133428,2.108406112,0.155332931,53.46901695,777.2406198,49.44431915,101.3429256,0
5.0433788,0.026719826,2.430256546,0.152922455,89.3615276,778.2532654,52.95258761,98.44424082,0
5.799122402,0.025896591,2.564340321,0.131016419,74.84351996,,54.87458971,94.31640659,0
4.116212984,0.019596432,2.684023786,0.136691532,85.00709908,816.6509014,,101.5256332,0
6.066626448,0.027660961,2.729837298,0.136717247,60.685877,819.9779778,41.69165396,105.4019828,0
4.078462651,0.017901829,3.666703277,0.141955908,64.75311164,830.6680168,40.15498169,104.9209572,0
4.341298501,0.026111839,2.08783994,0.141461789,62.52087082,802.6533262,43.078278,103.8412958,0
4.945884685,0.021540025,2.185586634,0.142895424,69.00620934,803.6234746,44.95972536,96.3321557,0
4.013603984,0.020490144,2.214926939,0.150048706,70.77602291,763.3906626,59.67629906,104.1247876,0
5.187046736,0.022275573,2.827472919,0.13389708,66.14541806,830.5724121,45.06038046,99.74072094,0
5.52059964,0.025006572,2.525405248,0.152102087,61.11643687,823.9421517,28.91543154,102.3320499,0
4.469837531,0.029835807,3.062515851,0.159068577,79.93527761,764.0270367,60.49126306,100.0804582,0
4.227148106,0.034948079,2.750118143,0.168816485,64.48979213,803.565756,40.09728695,100.7666026,0
4.838369605,0.020671395,2.735410214,0.132826318,67.73371644,815.6889768,55.75287452,100.1269963,0
4.304975961,0.041573272,3.27721872,0.134939243,78.10728843,821.6192546,59.66994188,104.1244139,0
,0.019066845,2.562684289,0.157973863,70.23418535,813.0002979,45.48289048,96.8055309,0
4.17190743,0.015029303,1.993708152,0.148301864,79.64542126,781.5291645,43.02764793,97.82392065,0
3.966377932,0.032991637,1.920547709,0.136671302,61.94566588,812.302262,48.30953955,95.3615341,0
4.654349545,0.019274578,2.287554726,0.16669074,78.67096992,807.3138167,38.27346187,101.8333153,0
5.70925547,0.027323256,3.116466001,0.148265623,75.04563532,803.6587749,38.66402047,103.5134103,0
5.805405091,0.033829312,2.38445981,0.140374762,75.84372563,748.7705394,49.3963477,,1
4.461634267,0.030383098,2.024128044,0.154472912,80.7753786,794.2284215,48.37351197,99.76786827,0
4.378617531,,3.034555752,0.154098359,77.64099889,782.4783742,38.79932915,101.3458127,0
4.149251744,0.03109565,2.535941876,0.157432465,79.09225709,830.5246467,42.15344482,98.97687627,0
4.304516723,0.025886672,1.849754904,0.141440806,81.83729824,772.9561483,45.48729105,99.33902223,0
5.181207606,0.015900571,1.429814821,0.164583162,70.44961566,816.8393383,49.09409682,95.72794491,0
4.318951433,0.033505487,3.207447537,0.147602273,56.93984027,833.4495224,45.99210898,100.5726361,0
5.342199432,0.02277763,3.657473533,0.148953836,60.36081367,854.9873443,41.719714,103.6799296,0
4.805602374,0.011415623,2.600607988,0.165199699,75.77597434,809.4261717,48.72904915,100.1417798,0
5.971773243,0.026732277,3.500664175,0.167758201,77.81638082,763.6136798,57.50333839,99.81644225,0
4.188942975,0.034556946,2.422645644,0.151864543,81.35137242,761.9142436,67.03954663,98.70777451,1
4.45365893,0.020761763,2.164302268,0.144997576,73.0474545,788.2788903,59.72926921,104.204432,0
4.963621871,0.023784438,2.141658278,0.166531697,93.49629325,780.6985161,46.75745755,101.5879304,0
4.305406015,0.025381643,2.457913695,0.141020975,97.26921369,836.9732502,45.44223518,102.2846229,0
4.619113697,0.022660027,3.924971303,0.130161272,68.80006028,808.9753147,55.69079919,102.7626199,0
4.384819077,0.036186256,2.876949005,0.132254409,73.41984852,766.6092412,48.17961982,99.18234957,0
4.368861972,0.031782513,1.969420729,0.137120926,75.45751451,815.4111842,49.77532376,94.52461567,0
4.474847888,0.03242424,2.636871101,0.142674689,76.50482317,792.5002366,45.19634099,103.6596178,0
4.95372255,0.02274467,2.621686949,0.142746173,78.35540358,779.7532279,63.79609592,98.04878735,0
3.362405928,0.022053695,2.204502141,0.1524068,65.07833887,804.606884,37.08499983,101.6496995,0
5.315265129,0.029903746,2.210974584,0.150250209,74.12435403,802.1808205,41.88795619,99.75437309,0
4.748814568,0.015232503,1.899185467,0.15224552,75.37031075,806.3770595,51.38401353,101.7344236,0
3.211057441,0.007056671,1.520971434,0.150395206,75.40167114,817.1670666,45.96959405,106.6503341,0
3.930590794,0.023394396,3.015745919,0.130680445,79.32776975,748.0914213,44.6668709,99.42731252,0
4.023485169,0.021880822,3.089426729,0.15914689,64.67317718,829.9441533,43.49379552,,0
5.257764256,0.014566743,2.565187988,0.137682583,61.58722612,790.1809361,51.61500165,100.4963394,0
4.290033837,0.013470913,2.435918662,0.171239269,61.75283922,818.4070922,47.58300401,103.417587,0
3.857768632,0.028102105,3.19649119,0.15158344,74.09138347,786.6079698,31.82112442,100.2476871,0
3.971970557,0.020991277,2.680639032,0.159463009,75.85261568,768.8450115,47.41523894,98.44186856,0
4.914262505,0.014839866,,0.150773908,80.81464213,804.5720365,64.23214984,107.6407043,0
5.120748678,0.026621667,3.232769124,0.16659806,55.53413947,828.982357,56.07843111,103.623504,0
4.768683559,0.040885462,2.712570967,0.162365636,77.27767733,774.5062196,36.49099696,99.62902406,0
3.916624528,0.015413634,2.234326648,0.141497196,85.58224754,802.1003965,49.85855261,100.489277,0
5.20644764,0.028873456,3.629111116,0.150754456,70.89556993,791.3250937,39.07796105,102.0395051,0
3.913241873,0.029581574,2.97644552,0.158605669,74.58322624,836.370277,43.1703241,100.4191905,0
4.460345569,0.022381605,2.418312142,0.15479073,67.82543571,787.9008049,31.99200526,98.30102052,0
5.168577501,0.023356492,1.741375459,0.173247279,89.40735685,772.0149027,39.18950443,101.714741,0
5.159483776,0.021816035,2.798866224,0.154238909,68.30988481,804.1141704,60.5532082,98.08909026,0
4.555660584,0.026736659,3.057069384,0.147852497,64.79694529,800.4986298,60.84906796,92.87748186,0
3.513654351,0.005,2.178112206,0.152416311,70.43966329,810.6129835,44.65479728,102.6747634,0
3.549066806,0.020220457,2.226747081,0.158452914,80.66098703,740,43.85964493,104.0404389,0
4.228664859,0.01379884,2.728178109,0.138877416,78.39401589,814.7066273,56.17445003,97.15243407,0
4.346276325,0.026470462,2.881920609,0.141136833,71.00079381,779.8186825,48.61925284,97.65826326,0
4.477415639,0.026644498,2.576173053,0.135962399,71.89420277,767.8219043,42.92877999,101.7515001,0
4.565820322,0.018074177,2.571614958,0.141699879,81.04164883,827.0913483,43.24227397,96.21367923,0
3.462300711,0.025184783,3.09425907,0.155957152,78.96746456,768.4157725,62.20442814,104.1623891,0
4.998813724,0.027749378,1.611506224,0.15678004,86.23975775,773.3954294,39.61147282,98.2516592,0
3.376300629,0.015469247,2.27754843,0.144377108,68.9843867,810.4085473,36.44747745,96.74686763,0
3.932764788,0.024416931,2.110307586,0.138739696,81.7961773,784.1019637,60.16659277,100.5158227,0
4.669370885,0.025768312,2.346408847,0.149098615,65.01504863,805.1023828,59.21509212,99.87267371,0
5.000393573,0.025326314,2.359682473,0.143794345,69.84268907,784.2339365,42.11830731,100.8602357,0
4.082019045,0.022633306,2.840085027,0.148842946,59.88060889,822.3664846,49.34986784,97.86698346,0
2.888081829,0.026537562,1.620738909,0.152399242,81.69268302,773.7849339,47.96944307,104.4691423,0
4.430038134,0.025420533,1.055191525,0.139894289,73.6314406,806.1018982,55.66599577,102.4572542,0
4.071796933,0.027680197,2.202751868,0.129549679,65.42073228,786.8458889,41.12237974,100.0920025,0
5.464409418,0.01259983,1.819747207,0.148155017,72.81781906,782.7223203,50.38459704,99.77627897,0
5.076545524,0.023654479,1.616088654,0.140352296,92.97178533,796.9265885,62.80479528,97.35350776,0
6.024040889,0.019933138,2.897285928,0.127665649,84.84920016,776.2759643,45.4991393,95.98668744,0
5.666646776,0.023036083,2.065225162,0.142985518,80.24426042,785.7746055,48.11518653,103.2301562,0
4.748708051,0.023093462,1.959991638,0.14884922,75.17652828,793.4653227,47.70705427,104.4831099,0
,0.015173869,1.784943971,0.15044562,71.90271713,836.1314883,66.56292131,98.31998115,0
4.248984846,0.023021935,2.246420967,0.144192783,73.55993187,797.9088937,45.68472165,98.66895583,0
5.629335294,0.028293112,2.559122462,0.148461549,65.17884901,,41.30625787,99.46330117,0
4.109173385,0.019749706,3.262371717,0.148877681,58.22547255,820.0688671,55.06801535,102.0470571,0
4.313506274,0.016189352,2.078082205,0.163797343,81.06443534,775.9713858,53.49814493,99.68020004,0
4.823044878,0.027422659,2.372825887,0.157291339,74.69362471,791.848575,61.02912585,100.2945909,0
5.128298814,0.031240603,2.994556987,0.14303751,69.46579185,783.615594,56.17835358,107.3303479,0
5.647849025,0.017436027,3.023987325,0.131792742,69.71020927,807.0908111,47.98969919,96.91371965,0
4.980974779,0.019385684,2.802661345,0.147663695,83.53214765,860,54.5394431,103.2187765,1
4.54186602,0.017537315,2.640384617,0.145433782,70.89539311,743.7886581,65.54120538,100.6773279,1
5.17856422,0.017547876,2.069055081,0.144430846,69.73104137,818.0274632,,98.20016878,0
5.045308643,0.027636309,2.764949565,0.157353455,65.10715078,816.4796401,35.7993537,103.8390658,0
,0.03015661,2.393544549,0.144511214,67.87399682,834.6327277,67.31637887,97.49721614,1
3.899434208,0.025916188,1.623285354,0.143411223,73.33283651,807.1289435,43.93714114,106.1573745,0
3.818260948,0.023454065,2.604225525,,74.97678055,807.0934952,48.12667349,100.5872011,0
4.03284513,0.027920264,2.472771051,0.135729845,71.33956225,823.5159023,48.59269092,99.75498677,0
4.395298655,0.022517834,1.847734539,0.147972252,79.42051766,778.9897682,54.74705934,105.5560124,0
4.464904749,0.021129894,2.020936421,0.147951501,55.57418063,807.3319453,50.70278352,98.97118929,0
3.917731564,0.029507089,2.612538804,0.134133252,83.44877863,806.849765,44.67250132,102.723343,0
4.803245751,0.032003868,2.819718231,0.133972354,76.83438246,794.0814785,47.90128851,96.04733891,0
4.644179365,0.0293466,2.436716762,0.145270191,81.28702517,776.5711539,54.96543141,101.0357346,0
4.969191355,0.03064715,2.010918777,0.146103071,66.00050602,795.9448211,44.95007724,96.67732313,0
4.739567486,0.019388461,1.990729041,0.140147151,77.84860801,783.4461479,55.56300411,101.0485585,0
3.198721649,0.013042655,2.443146227,0.14957407,72.03236006,803.5458265,63.72890564,106.864911,0
3.86913793,0.020531715,2.354917449,0.135932075,66.67998215,821.519976,46.13657085,99.49740429,0
5.369275324,0.020601495,2.899604927,0.160816298,71.7110824,803.4750097,59.96194253,99.82748809,0
3.845491199,0.011987706,2.119587708,0.154916878,57.30117869,829.4253359,50.31966002,101.4675347,0
2.666084635,0.023451332,1.879292182,,78.12868322,800.5752335,49.00518291,98.45681765,0
3.247307662,0.023905768,,0.15389326,64.44186,780.074248,42.21830567,99.87136163,0
4.676079447,0.02524082,2.127778491,,56.95334093,771.7842365,41.96532317,100.6305825,0
4.057760427,0.020369647,2.763663343,0.154124828,84.51299301,785.6754795,61.29548206,103.2400998,0
5.008563511,0.01022429,2.613141958,,74.56765932,796.4024497,51.62744982,103.3444145,0
4.885809858,0.011786172,2.531044574,0.152089291,77.42208982,812.7592042,49.69050936,95.8916604,0
,0.031578831,2.698651708,0.14346523,53.58219058,785.3843968,63.44489498,97.04761571,0
5.379874818,0.018716821,2.029717832,0.139707575,74.08473964,772.0940235,60.86986425,93.37367692,0
5.246485216,0.039814231,2.323920774,0.129129511,80.35241311,789.2167867,42.24373753,104.6274727,0
4.303698536,0.023968983,2.361305651,0.147866139,59.02051418,844.8540419,45.76273908,100.9722628,0
,0.022145676,2.690958558,0.150665437,88.87054069,814.4961308,47.29269011,102.8804343,0
5.02033909,0.025421514,2.281980103,0.13804007,85.5075627,747.507777,46.11370822,97.88455816,0
4.519246975,0.025088682,2.011686968,0.147506118,84.67452109,805.7482972,50.0357743,99.99234633,0
3.939003479,0.033658602,2.322595657,0.140989406,83.18613335,758.5999022,43.99912192,102.1239895,1
6.008074982,0.016608393,2.705202436,0.14926891,67.25328116,834.1151319,56.94341754,95.99312611,0
,0.021749894,1.843103696,0.157525999,67.65073739,817.1351117,66.62636913,102.9923064,0
3.766088214,0.015076222,1.409171735,0.143353132,75.61046488,774.8537444,49.6485497,99.12273443,0
4.697768908,0.024875284,2.200073359,0.165658123,73.60063265,786.9060787,49.96010985,98.37149165,0
4.446957776,0.024147972,2.898885349,0.15267281,62.87265518,790.0337175,52.89193382,96.59742024,0
4.319958476,0.016486591,2.243066544,0.139672799,72.61462054,760.3117904,47.47733505,104.0058217,0
5.191537812,0.023245632,2.678391297,0.159277299,65.79485662,797.3942736,42.51363227,97.24074591,0
4.773382905,0.026299306,1.621339647,0.154266391,66.89709148,822.0176636,52.03001485,101.5820226,0
4.224193592,0.029596048,2.592922139,0.15023015,62.25288204,775.1004236,45.8136658,98.29177985,0
4.35358301,0.032169663,2.642131153,0.148264335,76.04126115,825.8197208,54.15191468,98.52319114,0
6.21238891,0.018752852,2.774173909,0.142430195,64.3447909,782.322359,53.21445175,100.1739253,0
4.853037658,0.031539313,2.576898376,0.149958192,66.43207235,825.8900263,50.68108956,100.212825,0
4.17030501,0.02047532,2.661881248,0.15779102,59.42126924,829.7346836,65.6882135,97.01476533,0
5.610067918,0.023608633,1.83366201,0.154188346,61.48467579,834.3092992,56.96749842,,0
4.454661963,0.017300516,2.280428408,0.141467986,68.89841188,782.378325,65.0226044,100.5279866,0
5.312016335,0.016003764,2.156650446,0.157450799,69.43168389,804.7050104,42.07468396,100.1559287,0
5.612131455,0.024902529,2.879522274,0.137819021,62.28312119,860,52.51729485,97.02117088,1
4.224668964,0.034380389,2.702101347,0.167607476,67.36324722,804.8188684,49.065956,97.26735869,0
4.278711188,0.022786725,2.767559472,0.161928654,88.20616356,775.4183115,61.57342942,101.7548957,1
,0.016029852,,0.163435379,87.43187645,789.5748756,,101.1298653,0
4.146206028,0.013024851,2.529299875,,79.20589889,777.1850965,46.72880713,101.4194271,0
4.904161928,0.023323799,2.678904957,0.139942198,82.4329664,771.6651334,63.86971666,101.7706433,0
5.448881347,0.010869347,2.032288971,0.152618588,77.17465876,772.8492933,52.26288142,103.0278005,0
4.75430306,0.037988922,2.392044667,0.144470663,68.80549009,798.0642493,54.04845793,98.00797649,0
4.117607659,0.018950734,2.061046846,0.158447192,74.69955687,740,52.71242138,99.26055736,0
5.878045942,,,0.145832768,70.04512569,780.9087096,44.89494686,97.90816978,0
3.610925454,0.021672203,,0.157376358,79.21837985,798.2299271,61.07556512,97.26150937,0
5.146016577,0.02131521,2.402117351,0.131967794,69.36399566,749.3021284,,96.12162422,0
6.304333302,0.024766064,2.054200144,0.155954974,64.26034877,796.4881438,59.45313711,99.36268519,0
4.119052004,0.04611001,2.283642186,0.14742053,76.72318705,802.0674626,50.53402529,102.7878012,1
4.685638552,0.028500401,2.092680341,0.153593105,74.83847838,773.5208129,46.94292785,101.4038976,0
4.828749118,0.025186347,2.200742712,0.155843988,64.00922871,848.3283512,37.44783867,96.49594909,0
4.357357673,0.030134867,1.863903315,0.154610029,76.61269803,799.0339851,50.15305765,102.1880532,0
,0.033079597,3.143969204,0.152093521,83.53079787,740,52.82807782,100.6820582,1
5.661445391,0.014267728,1.719029383,0.148256172,62.1699599,777.8135205,43.91814596,,0
4.350971851,0.019904638,,0.139728681,69.10616411,784.9544813,64.58072954,99.69617941,0
5.084057271,0.026242655,2.076234017,0.141283922,91.05878013,794.3586724,54.59567385,98.84954405,0
4.966612521,0.043718611,3.250028541,0.156652488,64.87520259,799.1741335,64.30776416,102.1983696,1
4.278706894,0.012639931,2.096168051,0.140183801,65.60666384,848.541254,45.749629,99.35427434,0
4.560057229,0.021505818,2.151436033,0.15001469,62.84925643,860,49.7258064,93.84129744,1
5.36870685,0.026365279,1.808586782,0.156471949,71.92921277,770.62987,46.05629857,95.93531958,0
5.133723661,0.023808129,2.697486931,0.157796743,86.81437776,819.6890709,46.9423599,97.24981472,0
4.496320148,0.022903706,2.976815229,0.144293044,,830.298167,34.65854473,99.92023393,0
4.856453603,,2.337174742,0.150482803,72.74819085,821.845107,42.32675294,98.33710833,0
4.57854123,0.017398532,2.525060586,0.147538568,65.70768319,832.1952372,39.52770874,97.05095408,0
4.482870377,0.017523225,2.498373749,0.139141858,67.4756879,798.0087226,46.44102757,,0
3.583834169,0.022848758,2.420012646,0.135167807,,809.2411053,56.6976371,99.44530351,0
5.667215723,0.026837431,2.621624872,0.17032582,68.86937669,815.6986817,37.50770807,98.04535388,0
5.689107718,0.033361696,,,52.92801263,780.4865291,64.40424694,103.9107507,1
4.46145364,0.022356778,3.222934148,0.136698095,64.31452256,830.1859298,37.35052901,98.10853852,0
4.251454095,0.022499076,2.912415222,0.15806428,52.83988268,844.1837915,54.6528752,98.00098129,0
5.352614938,0.021770687,2.379832027,,81.19272017,775.0173716,51.97135903,98.3963198,0
3.982519245,0.027595989,2.401371771,0.158862614,71.30674359,797.369084,43.727834,99.89235421,0
3.999478582,0.0167829,3.121366326,0.145487224,66.02125135,794.4390114,50.60222534,104.9344618,0
5.437908137,0.035746664,2.954311431,0.150855222,83.35258336,815.0327279,53.62282175,95.91362769,0
4.597836159,0.020577289,2.001748903,0.155977043,91.93427886,781.0777826,52.33774259,98.55194237,0
3.948502449,,2.045029087,0.136671667,82.03233941,858.8892092,43.42254682,105.2326336,0
4.838898455,0.018783998,2.88428172,0.1548289,84.84729686,821.4034837,55.12937722,100.818985,0
,0.028639868,2.383017721,0.165261814,76.53348462,797.6292157,55.08471787,,0
4.296007738,0.026258597,2.444634373,0.143397134,53.13531934,857.3860879,43.30438423,107.3574409,1
4.215709039,0.026601284,3.073184385,0.144433739,92.08383877,742.915134,38.73910714,105.683413,0
4.236718038,0.025598496,2.848229638,0.158804628,74.59051326,841.5315063,56.88628185,101.2221964,0
5.014683067,0.01939315,,0.152597407,85.15012672,827.5530383,32.06466599,97.31969012,0
3.920444876,0.023097965,2.10438816,0.149913501,80.95590366,804.7277958,61.03556088,101.1145619,0
4.836083062,0.020874025,2.975901379,0.15919983,76.5875912,810.9336289,44.6564802,100.0501626,0
,0.017988081,2.26496857,0.161035102,57.88730613,765.5755827,48.36887716,104.0220765,0
4.855483609,0.016356357,2.231071595,0.141233757,75.58031413,784.7996358,45.85271788,100.8923993,0
5.005944205,0.032166449,2.783890965,0.140635465,70.58590047,780.4383573,67.42221502,98.33948328,0
4.403261525,0.021392981,3.000458501,0.139352318,58.6004966,812.8264827,35.00729583,100.3426095,0
5.110122525,0.019299679,1.507387475,0.180213633,82.85421113,823.0466067,34.38269621,102.235181,0
5.189376688,0.021253971,3.202202679,0.15278042,76.43579609,793.7898896,50.47795413,98.35550545,0
5.378271823,0.025604385,2.775891248,0.150423979,80.32006207,811.597963,70.4071979,95.88038363,0
,0.021531068,3.360587785,0.169443579,75.87825317,775.4900841,57.87453128,98.37138546,0
4.748751314,0.029679279,,0.153005579,80.24204767,796.6230287,50.03536985,101.7485592,0
3.326494382,0.028968702,2.639690602,0.154822745,73.98409148,785.3825164,54.30393223,99.30470008,0
5.416514523,0.028529633,2.409343411,0.153319941,53.4236181,860,52.95824026,99.38669061,1
5.07350977,0.023364132,2.436398291,0.141190173,88.27520529,779.2857252,33.89013031,99.47108192,0
4.885466818,0.027611466,1.680327051,0.144416482,79.77600826,776.4058132,54.15042509,97.99514395,0
3.785825833,0.01574044,2.596005764,0.150901139,57.58933136,834.6609831,50.17826432,98.0781589,0
5.616977013,0.02584039,3.034975131,0.152114625,69.01684008,801.6450729,41.69481342,100.128468,0
3.957023625,0.007763783,2.171240153,0.134847803,48.56723088,798.8801565,52.22574763,101.1876602,0
4.750376328,0.02225883,2.363626848,0.145301336,89.86989196,749.7361218,46.4101629,99.53062641,0
4.729928346,0.012137285,2.118153174,0.16661608,74.05656998,790.1176926,57.78064274,102.5801883,0
4.103031613,0.017795579,2.250190397,0.142441629,56.5835553,828.2747975,50.47891891,98.47740126,0
4.709943065,0.030763323,2.658462802,0.162171402,70.91463827,807.5672088,40.75553611,98.7468347,0
5.316364979,0.021356293,2.929993514,0.127827281,76.40728478,801.9583826,66.0889064,100.7342123,0
4.88935552,0.029722597,2.139491973,0.139639219,68.25609774,835.6118921,41.61078579,99.03413167,0
5.055555278,0.027505707,2.881839618,,73.63764218,811.7247801,50.32880357,104.6402082,0
4.570790616,0.030201974,2.176021177,0.126952445,69.50216307,,36.94282107,100.177994,0
5.256365983,0.021598201,2.122188497,0.157459451,57.96945156,764.6682247,53.47557966,100.8680487,0
4.078857379,0.018698539,2.340223109,0.14704495,64.44268151,787.0663339,51.75518418,108.5274716,0
4.358574638,0.029921714,3.31678403,0.137335318,57.92799338,830.0375865,44.9793668,100.0136236,0
4.730092941,0.015054597,1.578422093,0.117101638,78.44712488,801.7813463,43.73093929,95.94735755,0
4.435058673,0.026585376,2.462809751,0.149742032,78.6016842,782.3410235,49.95619788,98.80732564,0
4.700418231,0.028864165,3.141799725,0.147744758,66.661442,788.4370673,41.11387016,100.5441111,0
3.520589553,0.026122085,2.460542079,0.148333879,81.42668675,799.4819199,35.61512264,103.6357804,0
4.132057543,0.02926384,1.386911619,0.14876194,78.41012652,783.9909866,56.96653729,96.63520182,0
5.264811177,0.029360915,2.048271794,0.145907505,90.20935121,815.7874695,52.63665144,98.46534643,0
4.459248692,0.016880026,2.340174472,0.153514494,61.8042392,844.48741,58.46238621,101.6425251,0
3.950409182,0.043872477,2.861829113,0.150429196,64.02024425,805.5394331,43.65247972,102.5524722,0
4.142966006,0.035088208,3.385662004,0.154330716,72.41204752,777.0022932,46.95549765,98.52904666,0
3.344544044,0.041082323,2.758915431,0.163853917,61.22066584,818.1342684,59.47044082,107.4253429,1
4.942461529,0.023372892,1.279675282,0.15502495,63.63887853,798.4577478,63.62692606,99.00043084,0
4.980978004,0.013235289,2.795177275,0.151011385,62.01874718,816.60769,45.38179292,100.9374233,0
3.428357157,0.025162726,2.796992092,,75.03643904,819.2098923,33.33025055,98.49544011,0
3.963013093,0.028162767,2.799708576,0.155439456,69.94340797,831.0157203,39.2308988,98.21266201,0
5.142535082,0.026997594,3.820760478,0.163255435,68.40543489,822.0465843,43.8052559,98.98863595,0
3.746415036,0.025223042,3.484733723,0.130850149,,777.3829695,50.81876462,94.03864274,0
3.851480953,0.027404379,1,0.163607038,59.28715519,800.6667017,34.71901807,94.9014473,0
5.28517156,0.031799868,2.832618533,,65.1350755,789.6105303,55.74246408,103.870241,0
5.126502648,0.016076263,2.818674496,0.147538367,64.84690348,858.8775233,62.5268806,97.38968056,1
5.46756162,0.008699105,1,0.143281146,79.90418941,798.1095886,47.94117837,98.34646711,0
5.147528249,0.018874839,3.060199564,0.136277846,75.58211411,822.6305942,49.75186199,100.4892669,0
3.745584144,0.024123751,1.651991857,0.138527193,66.09204481,763.4358449,60.0485013,102.576827,0
4.078936784,0.031683447,3.061764093,0.152551228,61.26401989,821.3197351,36.22684054,101.9064711,0
3.439554832,0.014626781,2.121204232,0.153502772,77.03890524,792.51511,52.98930954,99.85792671,0
4.042327507,0.02477776,2.605731561,0.148046461,99.07334915,770.1774212,43.49511381,104.458186,0
5.061836137,0.019650399,2.543680444,0.146814992,69.31570241,813.3099272,52.57809563,101.5661926,0
4.568196324,0.029006528,2.690750462,0.154888844,75.46086345,787.4457896,39.54525715,101.6727325,0
4.1418254,0.0231724,1.162091165,0.15599397,64.17421533,839.0657853,50.62823315,103.1428552,0
5.236187205,0.023155269,2.345306168,0.164697026,70.45812511,771.8457674,57.65755991,101.1450374,1
3.974712832,0.026584082,1.950778237,0.163993336,51.00048089,793.7371788,47.80869706,105.9995237,0
4.972925949,0.029666861,2.817647114,0.15152671,78.16526173,817.1543227,55.17451189,100.3833154,0
4.678594125,0.022704543,2.086894169,0.156163324,67.86594586,765.9238168,53.20130066,98.7235491,0
4.867849466,0.032281558,3.822617285,0.138625787,73.07830893,776.6063242,56.39982983,95.13876963,0
4.664534888,0.028421163,,0.152710588,57.58557305,786.6464606,59.84665675,100.639777,0
3.992125473,0.029760179,2.768529117,0.161935438,83.46755166,838.1796022,55.27867248,100.454998,1
4.467575675,0.017598575,1.881387344,0.135120448,65.65290292,793.1165606,43.58139435,97.11025149,0
4.764026562,0.01487223,2.093706679,0.16281855,87.83211323,787.352355,46.32059609,103.5756693,0
4.870612427,0.024395369,2.598737027,0.151734589,75.34900292,835.1094784,49.11463112,99.47238111,0
4.297677266,0.030139579,3.024802196,0.163028915,70.68414585,825.2612612,51.39088231,98.96890562,0
5.926918463,0.024061935,2.833066356,0.156747413,71.94325608,803.1443967,55.58929318,104.5094809,0
4.539409925,0.036754771,2.417003048,0.154794561,63.88749194,830.222279,47.09796578,103.113588,1
4.535062122,0.023123575,2.537130028,0.136493035,87.1573747,769.4947681,35.74714071,100.3890633,0
,0.02714208,2.697604455,0.142153409,78.1424329,818.1673329,38.78737217,99.46528973,0
3.397057528,0.021680196,2.611709589,0.15546,54.02753718,829.3577733,68.12821685,98.7587103,0
5.482234651,0.021589728,2.283669306,0.138087172,61.87324145,,46.22177316,99.06911401,0
5.238791717,0.010479867,2.624911819,0.136990504,75.09002664,780.7907999,35.6450819,98.33867208,0
5.536658408,0.024931151,2.332993701,0.135637464,73.3199475,804.669158,,101.3233201,1
5.994021207,0.021672254,3.155311096,0.163511652,62.62065426,794.9510469,42.85235951,96.8080987,0
4.127248775,0.019895308,1,,52.37067508,830.0235482,60.86280821,95.75213767,0
4.106045498,0.017125952,2.25977334,,76.79241427,757.16066,58.16062568,101.426397,0
4.782219023,0.018891975,2.890206559,0.148828649,78.77634808,813.1057809,59.51867246,94.77586546,0
4.293470965,0.021645933,1.718522224,0.145239342,90.04838366,786.4283871,51.6093018,100.9738494,0
3.708631755,0.016357648,2.743661603,0.167446045,87.52939575,836.261383,50.7527501,103.2097906,0
5.494413454,0.029740104,,0.142581561,68.14992431,792.2569374,64.26438329,100.5182274,0
4.849455305,0.016878264,1.578428114,0.143168216,61.13992677,780.4910604,31.96393376,101.9908287,0
6.080711077,0.026475854,2.31738806,0.161944939,75.22805515,822.3190007,35.52446928,97.87556209,0
3.67304461,0.027003211,2.199119811,0.145945708,66.87159751,809.7628932,60.39233626,97.48091026,0
3.882614401,0.017858463,1.092733456,0.152439987,86.55310806,763.1101596,49.87284065,101.3900511,0
,0.011259144,2.795730405,0.14739745,74.84684971,829.4164299,59.99019348,97.81463933,0
4.677089707,0.019033215,2.07410228,0.153464607,68.60882598,785.9985169,53.46771952,98.32113411,0
4.31445257,0.032367042,2.514423722,0.157774563,75.78453987,798.1130557,49.44475887,102.6955588,0
3.305093278,0.032984422,2.629588507,0.144629624,57.97458474,776.1669256,59.87768888,102.8048908,0
5.651808689,0.028715965,3.499478718,0.151001367,71.67918942,797.122762,60.67643676,105.403016,0
5.540477168,0.023823969,3.294440797,0.158120718,59.2696096,797.1724833,41.10110653,107.5796323,0
4.538355293,0.025602822,2.575563407,0.137524839,45,860,53.93395752,96.58544609,1
4.77110293,0.015396272,2.278729474,0.128750436,74.73247128,778.9937721,50.22591986,,0
5.367118148,0.026257985,2.189132119,0.159660442,74.62021678,818.6662764,42.91177208,99.31138031,0
4.907715598,,2.69079249,0.146849029,66.31786855,814.9457726,42.5128333,101.9155765,0
4.831646685,0.022166116,2.078052569,0.139581785,70.81467355,774.0169709,46.02181707,98.76296686,0
4.359876617,0.029918982,2.234589157,0.161544909,79.27702923,775.6976398,43.1538165,95.8105483,0
4.096988447,0.037771377,3.055971085,0.15357801,77.19899108,793.4587295,43.85838069,100.5007626,0
4.177680951,0.022893727,2.510106305,0.164872258,84.70574107,781.1376531,37.84305608,102.8904405,0
4.600488022,0.014152537,2.005030588,0.130342645,80.83088367,787.7870176,67.17332181,105.3791605,0
,0.01867486,1.740475881,0.15589191,89.66518478,790.0552855,52.00345079,95.40048255,0
4.595126009,0.033383308,2.428749201,0.160708954,76.49675589,743.205356,,98.51853825,0
4.825800434,0.018976628,1.965066902,0.139815703,68.39812328,810.6656441,63.50911017,93.54995282,0
4.891589148,0.021721976,2.173616183,0.152615328,67.19140264,827.3953182,51.70430386,98.49864424,0
4.849596322,0.033564212,3.686940793,0.145778228,76.18220473,799.4170985,50.66516491,102.0798246,0
3.460722303,0.029198235,2.686207382,0.140377445,75.49786745,823.2954435,44.26852161,102.1746713,0
4.05723319,0.020930005,2.278225892,0.153882842,69.01348398,796.75239,44.49359717,101.8026458,0
4.380780196,0.023525297,2.540190017,0.153684967,63.81500283,765.7236587,62.07431739,101.9950389,1
5.12006339,,1.9304791,0.143371001,77.25076551,786.8313859,52.97427656,96.69636765,0
4.37670813,0.026713553,2.363971282,0.136034138,54.48829575,793.5017229,50.73289196,110,0
3.244660944,0.032365612,2.55321841,0.142790564,60.77752485,803.454073,55.89309081,97.3826584,0
4.699902198,0.014609784,2.745031105,0.13798853,61.1771998,804.1016802,,97.45401174,0
4.628758808,0.021290828,1.859029192,0.152243108,79.64754092,783.2490731,35.36310114,98.43647584,0
4.437395255,,2.226567196,0.133733539,63.84568394,813.8604797,47.62041447,103.5953803,0
4.645511877,0.019041825,1.521639814,0.142322216,64.31509798,792.3883615,50.73625507,97.29503742,0
4.471378197,0.02660096,2.845043265,0.167300377,74.12109572,,44.89580836,100.2017122,0
3.572765348,0.025631591,2.752526829,0.159829621,73.34008694,802.815802,56.33072675,100.4831801,0
6.22503255,0.03329836,2.288527979,0.160450034,,791.5606559,52.8456169,100.1741301,0
4.985533807,0.014335132,1.534693679,0.148154985,82.9327416,,43.79689971,102.612208,0
5.334177623,0.018279499,1.838640968,0.153599487,80.0797171,798.9363247,58.77700112,95.54505377,0
5.937395837,0.031175618,2.278116007,0.145891373,74.6665252,790.788827,46.79340025,104.3349952,0
,0.037043856,2.49106245,0.150553493,76.61297009,795.5385034,39.55170903,103.6765284,0
4.673567255,0.02504638,3.315017072,0.158679594,75.23418544,760.5188938,65.42399458,99.83390298,0
4.007984163,0.029109852,2.624209872,0.154572188,64.68825016,792.2188442,44.57711612,102.9165721,0
3.587782167,0.024150446,1.721225675,0.142478986,87.23251581,794.4186484,,102.5207925,0
5.854974055,0.031016777,3.045095618,0.142186811,71.11618937,810.1951172,39.24958258,99.67081054,0
4.247961163,0.025305993,2.592475461,0.143624334,66.55817639,789.2864426,40.95176792,102.7718507,0
4.101986814,0.020648567,2.423089471,0.161616246,82.09765688,777.6998103,44.24258269,,0
4.271428745,0.025182044,2.344077685,0.1505216,56.03293657,,,94.7386227,0
5.009285171,0.033192505,2.789848705,0.171560214,84.54394282,788.5580616,53.69368113,94.12292432,1
4.324622848,0.016653979,2.41873914,0.159348162,74.16695752,803.2829259,50.79646661,96.37552042,0
5.087873654,0.032348714,3.106849867,0.1509404,77.68195393,801.2931317,60.91862312,101.5095407,0
4.653233628,0.032254497,3.232450052,0.154911227,71.56682171,795.7630062,35.19398088,100.4814722,0
4.280785607,0.020564577,2.525751871,,69.25635197,811.9073606,62.54610154,97.41998352,0
3.6035891,0.023225879,2.974744744,0.131908389,65.44955311,860,49.30238359,103.1374529,1
4.687641087,0.022773276,2.046293258,0.157429837,69.27037166,808.3370546,59.84063037,101.7188771,0
4.377370192,0.019643982,1.317525887,0.148827483,84.09800955,756.8345166,45.89475185,97.66095081,0
3.461918019,0.025834579,2.683168333,0.148766926,63.91260693,783.3718852,67.10645701,96.62309671,0
5.191197771,0.02242861,2.252528874,0.147018089,61.74898747,831.9801307,39.41757439,100.3750185,0
4.977700544,0.025690209,1.991813134,0.160419672,88.33473015,,61.05375371,94.20879368,1
4.303239731,0.020151196,2.451059161,0.143628218,71.8868248,824.0903787,41.32380564,100.3516172,0
4.664300261,,2.775330572,0.142120766,62.83012057,777.7831657,47.50929717,103.2815323,0
4.883777758,0.022765794,3.067012609,0.155820012,50.100612,852.8578742,58.13791062,99.19799425,1
3.220898273,0.027393751,2.082759976,0.143435635,69.03854209,812.9839979,39.57430002,102.4174753,0
4.450895126,0.015796392,2.197713121,0.143820142,62.68520975,822.7443136,51.5378071,101.3212513,0
4.682510498,0.026873869,3.166713758,0.126310932,69.43126561,825.4118668,48.40243767,96.56383548,0
4.348783289,0.03620657,2.580901494,0.136832336,78.20878427,782.2108533,55.72350005,101.6528679,0
3.787843332,0.020678533,2.799240825,0.144914464,72.01522069,827.2524257,47.20367021,103.1065258,0
5.089991019,0.030650185,,,67.07960788,789.2741484,45.26954413,102.6998413,0
4.763967136,0.026827781,1.977574298,0.142211477,68.7487148,823.111351,61.40546559,101.2354381,1
,0.027359794,1.842895918,0.141278203,68.61615917,783.3660116,55.85501581,100.8243917,0
3.678892931,0.01613355,1.890232119,0.133890765,78.67998955,811.673426,45.90037659,99.51369208,0
3.826544071,0.014410003,1.948175958,0.150812402,61.00522712,789.9778294,59.48013144,97.09393113,0
3.754886494,0.012679439,2.692381804,0.147056978,87.08307399,754.4514187,38.66090956,93.14477069,0
5.000394996,0.019530255,2.861776826,0.141408237,72.17011406,792.4920458,44.02166397,104.8876485,0
4.036245828,0.031683321,3.540920451,0.135230231,87.01545702,815.5624035,50.92915068,103.2254711,0
3.599965702,0.03574936,1.467466975,0.144722551,89.76231444,798.9037136,49.06590057,101.0645217,0
4.199739383,0.019951975,2.812761282,0.154407786,71.27293865,798.4308889,51.59214571,99.38355786,0
4.984070798,0.03115284,2.199242441,0.147061,64.1581028,820.8954238,44.06598993,96.92565339,0
4.029770644,0.008972852,2.901188528,0.14858992,88.84600431,774.1839805,59.30334585,103.3305709,0
3.762046012,0.029756115,2.571154784,0.146074724,62.47013318,822.7620652,50.92408497,97.15599307,0
4.853704502,0.027184453,2.85478652,0.149000857,62.20818341,799.7974056,40.2847939,99.87056231,0
4.666582026,0.031035303,2.347066984,0.157576425,74.44464929,787.8629719,50.22669177,101.343384,0
4.52374224,0.034250511,2.683325987,0.149706202,68.51150508,801.3672555,67.30232964,101.7790484,0
4.619571093,0.029349764,3.530080745,0.160260013,63.26913036,805.4364671,60.32383234,100.8174209,0
4.543130427,0.026015424,1.518266973,0.171641074,60.58602319,826.7610473,48.04221776,100.9431847,0
4.527316436,0.029550608,2.60153861,0.152519123,71.52967782,813.3470738,39.4351188,98.29684603,0
4.296143909,0.024073768,2.124085487,0.152771839,65.52793676,812.4032347,49.17273771,100.6319472,0
3.945989281,0.028703008,2.849750523,0.156117688,82.81361038,804.8980562,59.65700421,100.8556303,0
3.859082603,0.022317312,2.132205252,0.148701409,83.00190848,817.6543103,51.54971209,103.0239425,0
4.658655877,0.026527525,2.708702836,0.165743551,,836.5130178,57.49944228,99.25067559,0
3.496777278,0.032395621,2.318156657,0.12860479,80.5142617,779.1553798,44.80772565,100.5652106,0
3.507918023,0.022479881,2.487184808,0.149170606,70.21960806,810.7475687,60.60530959,102.3929467,0
5.351681403,0.030443664,1.729434598,0.158761827,69.75797114,794.4453283,,94.32019516,0
4.900026797,0.030878435,2.413341538,0.15351821,81.61134746,795.8496859,59.97946087,101.8298303,0
6.417091646,0.021784183,2.554841644,0.164139175,66.80875844,836.5142054,36.05671557,100.5119741,0
4.191462901,0.027934628,2.339452638,0.138449398,74.0203089,827.4540878,49.50840642,96.12047653,0
4.47503947,0.019656775,2.845707306,0.15885004,76.7178118,764.8184872,42.14690681,99.54945106,0
5.502484053,0.006972702,3.111008589,0.14927607,82.88845665,843.3187324,50.12015166,,0
4.80026073,0.014518139,2.304873879,0.136540354,74.40293387,816.7169587,33.26849044,94.9781097,0
3.608127319,0.025893037,2.574661315,0.152111453,75.40954327,,63.69029079,101.1552948,0
4.716433766,0.033083163,2.218390153,0.154406634,73.979631,787.0985032,43.76598017,102.4458141,0
3.166931013,0.01877687,3.148795985,0.136777738,60.9461784,809.154022,44.60634632,98.44423169,0
4.479976129,0.023642609,2.449932364,0.153081925,74.67916653,804.0535603,43.16477415,103.6299555,0
4.692419974,,3.151255027,0.142505187,64.55284125,800.8901013,50.86362526,104.1817943,0
4.08956793,0.029625815,1.882165237,0.155210136,56.60055412,808.9076717,54.64959017,96.64120931,0
4.828344094,0.02701829,2.31148164,0.136777553,71.69831712,786.5010707,35.81973447,98.07752352,0
5.193357341,0.020996088,1.850688651,0.162438483,91.77838644,832.2010742,48.54154698,97.98422231,0
,0.018385419,1.861463982,0.164072753,71.43972971,788.2536505,46.53846015,97.92042333,0
5.75077631,0.027170196,2.306856083,0.143779166,68.00539771,830.5923594,48.64886356,103.2089691,0
4.31522169,0.021262554,3.50314226,0.144895087,72.92392055,804.132419,50.08051739,98.65520081,0
4.827400997,0.029291017,2.592875867,0.163399962,75.89817654,801.4110228,54.78891183,97.5307061,0
4.472024815,0.038546973,2.122045298,0.136301409,74.64579767,753.5976249,48.83819313,97.33246599,1
,0.024252726,2.277084371,0.169366645,75.22764334,785.1761249,49.35934676,97.5367991,0
4.897556949,0.017669995,3.026045924,0.15358146,66.56012507,760.5809962,42.55631169,100.5822656,0
4.650181714,0.02240349,2.361306348,0.157591788,76.06980412,799.1013364,52.05691244,104.1378122,0
4.58037216,0.017248989,2.89947496,0.159881178,,769.7369661,41.07911199,95.03431407,0
4.848530482,0.025932255,2.426867305,0.1514995,66.34404399,794.6962372,39.18994332,102.0407215,0
4.808514277,0.016796458,1.979411027,0.1247024,67.04132455,782.0885527,65.55979326,100.2126963,0
4.926946554,0.018802688,3.186239105,0.136176191,58.5541648,800.5493027,55.27779144,96.57528779,0
3.748115631,0.019696604,2.479238665,0.139815113,,812.2499849,49.98942187,99.67141702,0
4.971999899,0.022209728,3.315179855,0.148809585,66.87737164,763.0691453,45.15211633,101.9280284,0
4.821679267,,3.070976519,0.146159156,67.27267085,781.9481076,,98.85822133,0
5.585417019,0.014243183,2.610971006,0.166885575,77.79816968,821.9118319,39.89958668,96.47994507,0
4.112405781,0.032461204,2.998447483,0.15725007,77.24718454,802.7839202,50.02548083,95.88045786,0
4.655293159,0.010923605,2.40315465,0.145669033,69.28887349,824.1348568,65.5150223,100.8560364,0
3.733338897,0.022439724,2.804208073,0.147289254,74.57068359,769.4225247,44.04372972,102.6194412,0
4.633924033,0.015358948,1.90240374,0.142758745,73.93692234,844.9790522,50.62176579,96.6998568,0
4.992533277,0.016019394,2.296149223,0.15103994,80.22638282,766.644398,43.79207432,98.62244384,0
3.838250507,0.025392405,1.635819584,0.142672487,65.22938082,809.2719197,43.36269547,98.9291094,0
4.7950457,0.022643249,2.526649644,0.133578073,72.33194051,802.9361847,40.49402972,98.24392791,0
3.41729101,0.028777229,2.9500093,0.150635851,69.27383131,826.7182293,48.90511245,100.796448,0
4.057861961,0.021471444,1.545961663,0.154719517,63.91551253,799.4363569,42.53545297,98.38644803,0
5.596218231,0.041131701,2.393435285,0.137872684,71.59028714,811.302835,64.65926241,101.2315707,1
4.608295107,0.021779873,2.222530621,0.15235727,67.61532364,802.8024388,49.78032036,101.7183018,0
4.339765063,0.021192167,,0.158514145,78.73576386,792.1311333,44.11236039,98.62294541,0
4.757491574,0.023908336,2.218234719,0.141350273,63.16333527,800.1318821,51.75916611,,0
4.155667606,0.012709884,,0.145481151,80.67864214,805.0562638,56.91254164,102.6430259,0
4.812334477,0.027377857,2.840317635,0.160758074,76.42630092,,48.38506451,,0
3.903352141,0.014713317,1.842518077,0.15318105,64.89485,,44.22027678,100.918584,0
4.867736515,0.024628476,2.423283101,0.157238118,63.98573235,768.0529259,46.54932735,93.91799128,0
3.998004654,0.023021048,2.775564018,0.1397793,72.82755877,790.0642787,54.96492025,98.66108936,0
4.540231908,0.025079859,1.943518626,0.156464816,76.16814567,765.949415,53.29505783,101.47828,0
4.345737572,0.03221012,3.279649397,0.142387764,68.36147707,771.1750239,42.34042866,96.26726705,0
5.502787846,0.015837728,1.23587227,0.142777497,74.67096494,790.1099356,54.58837975,103.567774,0
4.200768497,0.028384596,2.20814393,0.145609508,74.61732409,799.127675,50.39849575,,0
4.40796093,0.026158908,,0.160436693,65.64081515,807.7354449,50.70520829,100.3210378,0
4.530293815,0.030750131,2.772014907,0.138103388,94.44884096,816.1999531,30.94683146,98.59632731,0
4.188892531,0.027502939,1.908997859,0.161773506,81.07682981,,37.63497637,96.75246734,0
4.763625878,0.013215343,2.029293319,0.15775245,86.47751306,819.0019278,46.9432377,97.90448927,0
4.732395336,0.025729631,3.865388582,0.153956166,53.7979999,802.9473282,44.76263991,102.3106979,0
3.905721877,0.035089192,2.467164768,0.152299992,64.87438659,807.329111,42.29556865,99.73149021,0
5.109877712,0.031707472,2.65165152,0.140673592,75.74125201,794.1139809,48.898795,100.7700976,0
,0.020287634,2.644234292,0.157616064,72.83116233,803.6721061,54.8406831,98.40915286,0
3.26597743,0.018844166,2.626731417,0.159793841,69.96951646,796.7673801,48.28170691,97.8849406,0
5.291169529,0.029615249,3.593231493,0.146596315,86.11531592,770.1613724,44.43148533,102.3848434,0
3.284999258,0.030722596,2.068570683,0.150303599,73.72541922,792.8389915,41.07484328,97.86152528,0
4.109193346,0.032053423,2.775498707,0.162422206,66.4664362,792.9673065,43.63151917,99.81788557,0
4.623268534,0.019751218,,0.146419772,85.00079445,845.7937766,42.61777354,100.0215058,0
,0.025747983,2.503329799,0.17176859,63.54963704,807.3942532,48.23692776,99.5697558,0
,0.025423163,2.093678688,0.130758659,87.91355597,740,61.77660373,92.37246714,1
4.573601934,0.007172741,2.16212044,0.149654792,57.5310778,851.2747883,38.78629389,103.7478317,0
4.333347421,0.030932294,3.149094149,0.156743894,66.59683728,803.3823863,55.22511765,98.29942993,0
4.949332062,0.017695997,2.291821371,0.160667617,64.55385915,,40.3660391,107.2845674,0
4.794732242,0.016884753,2.196624984,0.150128084,82.67864525,829.5964337,60.36059969,105.9246263,0
3.465657807,0.026187264,3.525394177,0.144071824,75.7943001,763.4104888,36.73894361,101.8935078,0
5.537443545,0.032643901,2.954716207,0.145176994,56.83466078,800.7717389,51.7259551,99.41703212,0
,0.024532435,2.537286757,0.142664315,81.68758626,776.3535927,56.70865946,97.9095142,0
4.660246453,0.028119354,2.832895552,0.144295884,82.99872665,761.8763195,52.78448694,103.4119197,0
4.006360095,0.008394628,2.903853095,0.138989424,77.27442823,803.1948484,42.64524521,103.5304153,0
3.964825823,0.036241882,3.280652519,0.138950692,73.273666,822.4108799,55.20258294,96.33651012,0
4.290726381,0.014933306,1.995813038,0.138391671,64.64122482,836.5750055,60.19161697,99.83105506,0
4.565915578,0.020893585,2.74943831,0.148603068,74.24190476,760.2428858,48.93455557,95.17457442,0
4.282213277,0.012087607,3.004312073,0.138778734,75.52905512,808.896783,29.19451649,100.8096392,0
4.256425607,0.018173416,1.722435983,0.143022488,63.63866954,805.9805277,45.23183463,98.83203891,0
4.89717417,0.00974368,2.06798561,0.136643957,,814.6728226,52.69465789,97.1263211,0
5.012930091,0.015582368,3.313876063,0.158770489,69.08184802,819.2821319,40.38535016,104.2514681,0
4.968473661,0.013453707,2.729631074,0.149316148,82.75003697,823.2054719,47.52174339,95.5192489,0
5.200381771,,2.42816869,0.138109956,69.21871027,798.0311978,,103.5583781,0
4.958217971,0.02884807,1.680926846,0.156199361,79.18985803,768.3985382,43.57169479,100.7920305,0
3.768596694,0.022332203,1.748453073,0.16482163,76.88452114,790.7483919,56.57168637,98.04481534,0
4.796235889,0.023526409,2.972571922,0.143039114,68.79740273,808.8702023,46.61347886,97.47125176,0
4.620823475,0.028274393,2.311391423,0.149195682,70.54754976,815.4321584,62.72351674,96.1714639,0
5.086771287,0.025322553,1.599689627,0.145359425,70.33583263,797.4456302,54.43337841,100.4952297,0
4.692580456,0.027169315,2.141713844,0.154156675,82.51160233,806.6186209,56.47080651,98.95985444,0
5.236004204,0.027722348,2.69291574,0.144339689,62.18236523,816.0819521,,100.2934777,0
,0.031642992,2.68344877,0.141416839,61.88126038,812.5621302,59.91616085,92.41758589,0
4.627782814,0.016701539,2.684176914,0.134626436,69.75832952,782.2788053,30.46899044,98.35696819,0
4.974819477,0.019423083,2.750172466,0.133102215,59.53123376,798.7549964,40.63245946,95.64600087,0
4.454961299,0.038224008,1.84111425,0.137480343,72.57284935,810.7108436,40.34560909,95.27343002,0
5.018706343,0.033561078,1.899482724,0.146658394,63.37519568,829.6313323,56.20719223,102.542469,0
5.00160215,0.022494967,2.629713011,0.142907911,67.78365654,794.894301,49.20094314,97.14014884,0
5.239909752,0.024026934,2.848635288,0.149869273,59.04098566,854.6418131,54.8281027,96.60845792,0
5.435288072,0.022685361,3.817023648,0.139047892,71.00868523,803.2675725,55.36522653,99.07983868,0
4.153664373,0.041922248,2.952165754,0.147459667,59.96245619,857.7661118,42.08526271,102.1433199,1
3.94219921,0.015472111,3.26915488,0.167196571,87.4792686,800.7022283,70.78167036,93.05872141,0
4.606747688,0.023857968,2.220093894,0.134629208,68.20341902,801.4261159,40.83352795,96.71347833,0
4.348920706,0.027135313,2.937845823,0.149974896,77.43351713,758.285405,56.55161418,97.71904685,0
5.044316749,0.027194621,1.985540131,0.145301089,74.51005926,776.5662435,49.15589425,98.05931759,0
4.544278141,0.033177249,2.409383511,0.14400544,85.8463237,764.399828,53.49910589,102.7355628,1
3.510272961,0.032560138,,,69.15915169,770.5835973,52.87286571,101.4452814,1
3.920479394,0.022253446,1.29977448,0.136171318,72.03499622,785.3096745,48.60035276,100.7086665,0
3.188471867,0.024974465,1.971634511,0.148779791,78.36636207,820.4597434,51.66922337,97.51824752,0
3.923344362,0.029775493,2.344165147,0.16264698,75.34742292,809.6947109,47.19711397,97.65616532,0
4.020714129,0.027125055,3.309544232,0.151074783,71.99534648,808.4852246,67.32588319,100.4970688,0
4.436083823,0.018967712,2.177745364,0.137964582,71.56968476,793.8163808,58.57730518,98.94950573,0
4.756403229,0.035880822,3.193901008,0.145361086,67.22539167,803.9995227,52.44606769,96.49652174,0
5.316533024,0.02844151,2.35262313,0.119712669,81.88780973,823.9016425,,103.1994364,0
4.148207858,0.017297042,2.405504456,0.151448381,76.82759442,792.7582316,45.47253855,95.45408866,0
4.803823938,0.017770558,1.906461063,0.136247378,74.77665911,794.762535,49.59366874,105.5540513,0
3.591609445,0.02498699,3.069921588,0.148566802,83.2642393,805.0691748,46.21801093,98.98133083,0
5.063513705,0.02381509,2.432130087,0.148777949,77.47904785,810.7403786,53.91420534,100.9216206,0
4.13420295,0.014592873,2.046650786,0.144965038,69.91027901,827.6109949,61.54952409,100.6532523,0
4.847637745,0.025549403,2.433941227,0.147220612,77.71213761,788.4314796,50.85236125,98.40188517,0
4.645686518,0.033640725,3.19632971,0.14602292,78.74676334,769.7233649,54.31054723,97.96089513,1
4.341337125,0.033246332,2.658176192,0.140052463,76.02695331,787.8248514,38.78477886,105.1395829,0
4.249713005,0.034568599,2.827351014,0.153676119,73.17191252,788.2758962,52.11929655,105.569866,0
5.759852193,0.037301708,1.74121954,0.143221905,60.75492496,800.1276143,63.31921899,101.2479534,0
,0.011427562,2.198923162,0.158378947,64.84352469,764.1751894,,93.02617758,0
4.739591544,0.01538576,2.209575821,0.152606899,71.01400654,769.980307,38.44509868,100.0386274,0
4.975459866,0.026285899,2.405102708,0.155158692,55.59761152,810.5760486,40.37268988,93.37195699,0
4.020844908,0.028409466,2.22993771,0.150189466,63.32330148,860,49.19846017,101.4687756,1
5.241147684,0.016580324,2.514893141,0.154395566,75.53886414,778.2346748,62.13346663,97.9033183,0
4.1853047,0.020311113,2.397563843,0.154897648,86.50534774,791.5253227,44.46381162,102.7517815,0
4.238223986,0.017029311,2.063922279,0.141902286,77.5733946,813.1696377,47.87560124,100.1419288,0
5.342199943,0.023872335,1.717573072,0.142810041,89.01171699,,61.79579237,101.1947028,0
4.230944519,0.026952632,2.149068456,0.166919418,77.06724604,759.2670424,38.60839971,99.5105946,0
5.911381374,0.03043914,,0.135321964,85.47962579,824.0041272,52.52749259,102.9769395,0
4.127993888,0.026531893,3.096105433,0.133326477,83.28553601,803.4106178,61.76317282,98.37439236,0
4.068621648,0.030010314,2.695461925,0.149081708,68.67766136,825.3350395,48.76831556,97.15058203,0
5.136178747,0.024288565,2.302404265,0.155094164,70.23533627,795.2603651,53.63462108,103.9357791,0
4.31097272,0.022260412,2.549244438,0.164568574,73.91686895,811.3052165,49.65889718,99.39218592,0
4.478233097,0.018721404,2.860922507,0.167934956,66.4967866,806.7677389,45.354888,96.24912895,0
4.194194663,0.0368383,1.683357461,0.146656026,60.44598078,839.4973052,43.62346413,100.6734226,0
3.638928247,0.027096129,2.561879919,0.132015123,62.15505225,792.4108766,46.19752839,97.53567203,0
4.490905157,0.033281805,3.11597271,0.161997486,80.83789852,,55.48817655,98.9706655,1
4.102845685,0.022126518,3.026612221,0.153306692,68.04505926,840.0929352,57.43097821,96.85639504,0
5.208219935,0.024307421,2.701031273,0.159705904,74.52643029,792.4554556,52.98196612,103.5001282,0
4.173496752,0.019714448,2.301157838,0.148518041,63.98258262,793.7403189,57.86194735,101.3012401,0
3.585253532,0.020656117,,0.1542766,87.33932897,768.5798308,48.52518702,99.56208515,0
3.882500721,0.020835547,3.315678035,0.150348275,73.49285682,794.5756951,43.32049368,101.0409055,0
4.807304516,0.020615168,2.6589789,0.143880397,74.25770213,839.646251,44.93860421,102.1038609,1
4.637799083,0.026040402,2.252746461,0.148035521,55.21871717,798.5685421,44.07881656,101.913321,0
4.395046506,0.024897746,1.840526233,0.129668974,73.58788974,827.0792896,48.22398593,101.5268957,0
4.591939086,0.032702997,2.951329114,0.147812466,65.59254785,784.7792551,62.22224766,100.9966303,0
4.218017079,0.025759029,2.714953462,0.143721568,78.75302124,818.4966637,47.90740541,103.017696,0
5.225181131,0.026899525,2.549868625,0.148368204,63.04064116,797.5346116,33.61033241,101.6645171,0
4.83185966,0.045344401,3.272726014,0.148292607,79.9042253,778.0248296,40.25122629,96.47412853,0
4.145428823,0.025002281,2.660878635,0.148611468,58.41751115,777.6611872,54.59802341,100.431794,0
5.07527774,0.026498437,2.623954861,0.13281009,54.08943922,793.4159507,54.64729009,97.97579368,0
4.696687539,0.033903304,1.907966619,0.162406332,65.19001576,840.9385111,48.93215542,97.32853285,0
4.519549311,0.010694874,2.337185416,0.148223406,77.05639449,801.2865261,41.69888804,102.155188,0
4.976281038,0.022941025,2.016819953,0.147817645,59.89813996,860,52.41025216,105.3503924,1
3.86549332,0.024452706,2.366147568,0.156040788,55.09818074,845.7115219,52.05831091,98.13734966,0
4.134508546,0.030985991,1.837624675,0.143049958,65.67634596,787.9716937,56.14920114,101.9077223,0
4.862319255,0.02438409,2.51690671,0.159899948,64.68958917,790.6019053,53.93083272,100.2008376,0
4.082681498,0.030679506,2.582405308,0.149344599,93.47208488,767.0661357,46.15759991,100.0877143,0
5.633472473,0.024214562,1.868945458,0.157019573,64.73818718,809.8731136,35.28501772,99.88799411,0
5.492319498,0.016396692,2.886046105,0.140550249,72.90559667,802.767433,,100.3401878,0
4.193756129,0.023011265,2.093986875,0.134305622,60.80704661,783.8787847,45.01898146,99.90334742,0
5.317905228,0.017774926,2.37999535,0.152434771,79.95361042,807.4915384,49.52724648,99.27375147,0
4.193575276,0.025674839,2.193179807,,86.15015553,758.7311944,55.17924695,104.9757092,0
4.36894646,0.030979659,2.880095786,0.150586516,65.15944951,813.4553229,39.64964399,97.62069825,0
4.753330296,0.023233162,1.697017156,0.143315759,76.52041294,812.6326509,62.5673612,,0
4.277880353,0.032297484,2.392894749,0.150829853,67.07193562,785.3677019,54.60570216,101.8166511,0
3.958961371,0.025615334,2.693757736,0.16040906,63.06744568,812.5561856,60.68203311,94.51937008,0
3.763225783,0.028885122,2.482597069,0.141984141,68.57423611,812.5391828,37.76012531,106.604849,0
4.174552387,0.031530327,2.990100559,0.14398181,66.92021428,791.0940492,40.91814582,102.8654681,0
4.331118349,0.022804743,2.642677682,0.141038654,62.76332385,834.080145,52.24429804,94.66292736,0
4.645308808,0.023469152,2.610099829,0.131345295,64.67673567,,55.25038689,96.71089723,0
,0.024220207,1.429953349,0.153829177,68.81825768,811.1335265,55.40868552,102.0826479,0
4.384431404,0.024194569,1.931829677,0.153582353,79.57961822,817.5823221,65.9424401,97.12363066,1
4.144684927,0.025012361,2.745203929,0.137266851,71.16248301,802.4117965,50.50602522,99.6337318,0
3.541694506,0.025218903,2.52217452,0.156594916,74.86105707,777.8291342,47.95987856,97.91907099,0
5.606219231,0.022055924,1.577677185,0.135687327,72.32380712,785.0274448,60.44273243,104.2527581,0
4.803747124,0.014792184,2.439002764,0.155119788,72.21613666,740,45.27411359,102.2835152,0
4.882987249,0.017677934,2.162901391,0.151974996,93.35828216,756.0877958,37.23051626,100.2383005,0
4.40725614,0.019741349,2.930419147,0.163395035,84.23720369,793.7032651,41.06283573,94.90536391,0
5.417864149,0.019942094,2.600898582,0.156836334,69.23419763,789.9911382,35.11326845,98.83776315,0
4.385667091,,2.008579944,0.145684821,68.19465436,815.4663763,51.99392256,100.7159891,0
5.23814158,0.030140289,1.871892385,0.130912491,71.2959303,821.5523997,46.98031563,101.2285153,0
4.925076044,0.044409656,2.697034735,0.14884292,63.53610911,810.980307,56.31299857,95.18039434,1
5.403588478,0.027700331,3.543686942,0.15554696,89.26149623,788.5490588,58.34637244,102.5390865,0
3.885141154,0.015399031,1.642968104,0.144950144,71.5393107,803.329702,48.43499809,110,0
2.830153207,0.026984737,2.619594745,0.131219,82.91363119,836.1968706,43.400353,100.0392844,0
4.513060846,0.007525947,1.729251198,0.148685114,71.54299545,,42.87885267,100.5967436,0
4.619496908,0.012617209,2.9476201,0.139514395,83.74522492,740,52.70968198,101.2114243,0
4.471565785,0.024098385,1.431981551,0.134974994,60.28375205,821.9417786,57.14682083,101.9205954,0
4.191736609,,,0.127283062,80.91551972,789.0632578,51.52172799,103.5059059,0
5.175835919,0.020189764,2.094445747,0.143710446,80.72606929,785.2977316,63.41089891,99.97141758,0
5.526987735,0.02961738,2.678659021,0.152507146,66.31570264,769.7274663,45.21464838,99.61967368,0
4.987810921,0.029332674,2.083422627,0.166338801,53.72948291,828.1875758,49.23301567,102.0015026,0
4.725644632,0.026173458,2.779650784,0.152097285,81.55236626,795.7973592,66.35647541,105.7954729,0
4.662422491,,2.656543639,0.162685017,70.58499523,777.5589368,51.11299455,101.4884448,0
5.143794765,0.009148691,2.671889378,0.152797651,80.44328069,764.3806622,43.85744638,98.72462777,0
4.861468117,0.010582747,3.059710064,0.136795737,79.43642126,744.3004621,46.48466569,101.7307754,0
4.499845541,0.027381155,2.375204827,0.180056948,63.01868187,810.4133167,54.89592458,100.1061046,0
4.204481609,0.024662715,2.53841733,0.148646163,58.55700277,860,32.72710052,101.6640297,0
5.489628827,0.033585622,3.02296662,0.124032765,78.41079698,827.2431153,50.43999494,97.58885972,1
4.869531051,0.018636767,2.251458837,0.164534504,62.22202092,797.0124224,48.50965014,100.1738361,0
4.67800381,0.03306654,3.154645561,0.155504701,75.42589701,791.4970503,54.66011458,99.97873938,0
,0.032083355,2.326205346,,82.2252617,779.5565639,49.10634562,97.58240203,0
5.119047014,0.032250521,2.605301174,0.163048119,72.54171439,793.5934571,49.05406925,100.3021064,0
3.957214474,0.032620713,2.574530875,0.142187655,75.7198682,790.1082542,43.6600735,97.67212668,0
4.326435716,0.013283129,2.009272226,0.168095585,70.59356462,797.7850088,52.92715131,101.4006162,0
3.864624072,0.031339159,2.858462916,0.148434275,82.15174873,786.7762041,43.9803426,96.59478215,0
4.779924512,0.029532647,2.851659387,0.147514778,70.26971135,801.5010247,37.76122983,95.91350228,0
4.151216747,0.008841625,2.538572402,0.156345486,81.11311095,825.3282724,44.16064374,102.9250351,0
4.584943815,0.020183774,1.643848132,0.149304112,63.78936835,789.1151799,60.14098224,95.98695621,0
4.05944098,0.021153371,3.089998852,0.149135001,,825.5785254,59.66773174,97.43807249,0
3.450891435,0.028757533,2.408636892,0.160606486,92.58038381,814.0377491,55.99623637,98.91522834,0
4.97099473,0.027640672,2.13145753,0.169022074,67.21983485,845.3692953,45.66115576,98.87133611,0
5.067983547,0.016940479,2.643734991,0.1582909,71.11628592,794.1791169,45.64452869,95.06579983,0
4.503258076,0.025648845,2.241594608,0.134820277,65.84451695,817.1423154,47.84191408,104.2161453,0
5.00090722,0.032996449,2.486630736,0.15445392,68.51852581,829.8357126,56.47972722,96.00066439,0
4.742140844,0.025646794,2.737447235,0.139862741,82.12679872,782.7614613,52.15888415,101.6921749,0
4.181157971,0.018035704,2.8758238,0.160156088,53.30034877,778.3605827,51.29453724,97.55540582,0
4.396609467,0.028716299,3.221146165,0.143673581,71.32120352,814.5713147,37.16679618,98.70954235,0
5.040534376,0.026712983,1.232685108,0.153028738,72.90037039,766.420841,51.54555341,94.85104461,0
3.758487497,0.026377514,2.53185816,0.140098904,75.18099065,782.4438836,43.52097413,95.15934117,0
4.323662013,0.013158806,2.486193209,0.157857399,82.64270694,756.5895002,50.54503572,102.640222,0
4.431631817,,2.330923102,0.140405719,76.61811231,779.3279448,57.79228238,96.88595652,0
4.045419336,0.024878413,2.548365011,0.142939803,60.8982027,821.9531409,48.12797603,97.72135632,0
3.812107053,0.015152153,1.635739291,0.145178669,,794.0898622,46.76157621,100.3127461,0
5.439905341,0.016049213,2.463593,0.153225788,80.84736157,782.6195568,37.39948446,101.5380051,0
5.483582836,0.0062676,2.308537532,0.141560231,72.56038814,799.6257164,54.84379343,98.38484607,0
5.015924012,0.025965227,2.269510325,0.167463003,79.53271418,784.1055235,46.0384268,97.91103898,0
4.474956882,0.036819502,3.287045287,0.149755239,66.07173992,810.9261423,46.99068485,100.4509335,0
4.995229591,0.027840747,2.970884042,0.145364196,52.66886495,827.1089432,40.07001134,104.3174418,0
4.708525823,,1.616308646,0.143426833,57.41934214,796.2959382,54.51738171,105.6842392,0
5.574681992,0.022498047,2.434301825,0.167576363,72.71742473,794.08036,47.82955503,99.12208738,0
4.456930382,0.008715093,2.196175293,0.150084737,70.40387263,775.9091481,61.36316333,101.7080998,0
5.144332336,0.03121462,1.952423433,0.157836828,83.9221864,815.0576348,38.30279876,97.12846508,0
4.332057695,0.02463991,3.310710974,0.154312655,71.55289763,824.4355383,51.37317935,101.3803283,0
4.659704154,0.02584808,2.814028689,0.153820342,80.35384103,789.3547677,54.84070313,101.4638634,0
3.326574787,0.020152147,2.791132774,0.149195736,60.8106132,796.3610833,45.87860214,103.3787877,0
5.11391572,0.02417367,2.472019085,0.162991536,77.03956618,795.4096312,56.68483215,102.2200954,0
5.160244157,0.023095401,2.287415459,0.147432317,84.99038335,832.3331223,54.19402626,99.8615253,0
4.079570987,0.023468392,2.442484659,0.142424021,77.42967793,761.4445049,65.84009563,97.97641626,0
4.459776575,0.011208898,2.594420285,0.16085116,68.88736929,806.2474432,45.23366958,98.26280488,0
,0.020194773,2.447354305,0.133198607,59.44916117,860,51.06305517,102.2599494,1
5.191230364,0.028841712,,0.127971098,68.34077059,814.1067497,36.9235298,95.28374274,0
4.121764882,0.021140624,3.203070806,0.145226787,56.54926724,841.763493,39.80680318,101.0872598,0
4.593094824,0.022781137,2.474878773,0.145932876,66.30289029,790.0718855,44.23165363,103.9991853,0
4.044149535,0.005548817,1.669388981,0.153756252,80.96699925,791.0549128,51.41533621,104.909842,0
2.85552898,0.026105676,2.649362902,0.168117901,,793.490894,55.16022929,100.217975,0
4.346133463,0.023196359,2.225552413,0.142593185,64.35208904,829.7658499,47.65511921,102.9659212,0
3.386255746,0.01049123,2.021616888,0.149189027,75.04994598,815.6604232,44.65277911,101.8786393,0
4.556777026,0.032330261,,0.143788407,65.73576593,768.8309279,65.1045647,100.9161194,1
4.69685188,0.022362895,3.165009011,0.141131799,76.72712943,824.2065909,47.39959431,99.5553091,0
3.195555069,0.022189038,2.792766945,0.135393922,74.32416216,752.4134805,55.67508371,98.95251685,0
3.840642734,0.024323478,2.761296493,0.133723387,83.72333582,786.0663372,61.13504078,103.570701,0
3.707883079,0.022387826,2.93653152,,74.26111442,783.8131835,51.96445599,98.02249118,0
4.212317757,0.011120942,2.591493244,0.13832923,68.52371398,758.4059037,55.65090061,102.2168983,0
3.983874408,0.023669373,2.647889403,0.148545378,68.2196092,,56.04079406,100.4190052,0
5.470056437,0.026010002,1.962230792,0.160088545,69.843002,849.5689198,40.27463142,101.1542861,1
3.584056854,0.021056285,3.390190282,0.146174074,74.26627537,779.4514985,44.49347641,99.87262941,0
3.60849583,0.014796798,2.244078751,0.147858509,79.39178172,832.513861,58.41736335,101.8288026,0
4.359805634,0.018539033,2.046265389,0.158583271,67.70547592,762.3551127,48.04703606,95.14598851,0
4.944834621,0.01232996,2.681948882,0.148537579,,846.843939,40.55067949,102.8300118,0
4.164359301,0.03243176,2.523707054,0.154824291,80.91255583,774.0191762,49.49404734,94.49765089,0
4.300186254,0.015394127,2.11547057,0.14323479,,815.7016194,48.39545703,98.0728106,0
4.39013164,0.01646132,2.254767648,0.159570567,65.58105001,,55.49270552,103.9180761,0
4.414529523,,3.589109485,0.153799551,73.41020767,819.7916167,47.34436149,97.84952247,0
5.010926764,0.031273073,1.692995314,0.152258832,65.8467589,836.3069192,58.75625345,90.55553223,0
5.257687739,0.021822294,2.27586465,0.146589404,59.7561704,,44.13991277,98.7002249,0
4.509298087,0.026658305,2.609984899,0.143652994,66.5453667,,61.44664403,99.80010585,0
5.699537383,0.023105347,2.011003498,0.146068582,77.51350422,781.1980795,57.06244406,99.54883331,0
5.046504725,0.032303898,,0.132315708,67.21022172,824.1819223,50.99691901,99.9093046,0
4.321167161,0.030659201,2.74831719,0.15136589,64.20341806,803.6183668,47.17908652,98.29972173,0
4.3017705,0.035520792,3.078582444,,62.28215203,799.9024903,54.68561854,,0
4.11510985,0.019282866,2.646521436,0.142812067,70.45752831,793.0367826,44.52911327,99.08511425,0
4.752575782,0.018655778,3.38533697,0.142277116,59.5796052,804.1000593,45.4124385,104.5812697,0
4.002822295,0.033008943,1.656507099,0.16835914,83.02518811,767.2214131,50.29306169,95.38293299,1
5.060757646,0.020470717,1.90080662,0.138584988,75.25108776,746.1804498,35.12905278,100.5932505,0
4.557530573,0.009259592,1.987626889,0.142729359,74.04230471,815.567371,46.21614546,97.17758297,0
3.578098649,0.020746623,2.070959769,0.144706172,81.18328615,788.2090217,53.18392796,102.380723,0
3.95630289,0.024614683,2.190846882,0.148424617,79.28821492,849.4085762,45.19828836,104.2400462,1
4.017335156,0.025510385,2.435841708,0.144792533,69.83851236,812.331865,59.72399892,108.0122549,0
4.559305495,0.036682641,3.449565555,0.144959994,86.8082037,778.7049743,45.94960947,105.9307676,0
4.071447975,0.032270118,2.116848893,0.158316328,74.4262904,830.3554267,48.57149718,103.7938224,0
5.356873839,0.019498126,2.664429014,0.14687689,78.65135866,765.1111914,48.43140494,106.8577976,0
4.514074973,0.020650774,2.680651551,0.136610414,58.75073516,844.0103902,44.30233027,102.245937,0
5.164286566,0.025195369,3.412535666,0.145156359,68.28046157,785.8707793,38.4370814,98.51670228,0
4.524290411,0.012339629,2.736388787,0.148635153,72.36652904,793.455465,29.96959447,96.10295778,0
4.652816631,0.028658695,2.395263067,0.159440708,63.07206049,805.8261638,63.1052799,99.77894475,0
4.801085328,0.029882462,2.173933787,0.131264344,79.46582741,798.0494811,54.09157039,97.67973601,0
4.097016292,0.035512076,2.539922122,0.15314226,80.02751644,788.0297935,60.13259737,98.87425402,0
3.714990369,0.021166472,2.082507319,0.165395494,52.43086496,800.2992941,43.54100745,96.15334893,0
4.488772826,0.025771889,1.947592833,0.129911093,79.96595324,818.8248503,46.28554643,97.51544081,0
5.019790346,0.018982506,2.397909462,0.14211564,75.89718792,788.899279,43.89238172,93.59995974,0
4.728641246,0.024000869,2.140908888,0.14136066,75.01856595,776.4486403,63.988612,99.26155415,0
4.349238149,0.027817448,2.533648052,0.154307122,70.63766236,778.0503345,42.42918666,101.0710971,0
4.935467835,0.031376517,2.044666647,0.145881835,67.01219587,777.6572203,38.16111451,99.14743224,0
4.718458687,0.019735192,1.720006667,0.151551381,67.9721885,806.1462982,57.42919872,99.73175817,0
3.943289393,0.032776762,2.957624381,0.139515308,66.56103501,824.5049842,46.87356379,97.26320519,0
4.615241369,0.023869024,2.247109658,0.139032427,80.13478977,798.5416682,37.25734051,99.74400011,0
4.934762686,0.019561768,2.17810459,0.145699889,75.64272554,776.9358767,52.54823011,98.49909083,0
5.204627904,0.016831742,2.250235541,0.157116036,79.31437777,802.367877,,99.2382516,0
5.521532667,0.036012658,2.320714412,0.12243117,64.83004196,759.1727489,57.8741624,100.8094686,0
4.641750772,0.028768792,3.236395075,0.15273873,52.9012984,810.1869939,53.49878999,106.9263353,0
5.06948446,0.032573093,2.66387994,0.161289286,61.76118105,794.2020927,43.87738932,99.06309145,0
4.67065494,0.019817604,2.638900776,0.151598216,65.48714563,,56.22427868,100.5188882,0
5.177556248,0.036531612,3.236410011,0.159983014,82.53689579,817.8951504,46.0430896,97.48953586,0
5.335968722,0.028799356,1.425591153,0.161464123,58.21969987,804.7883525,55.02196517,94.67286049,0
4.734428053,0.021092141,2.043726775,0.138977065,71.29988402,855.0492831,58.67279174,102.2356536,0
4.142690097,0.026803346,2.957480057,0.160214335,74.95858798,796.6829396,53.76208584,96.79020108,0
,0.026151096,3.091388769,0.14325867,79.0597095,823.653883,43.83428677,101.0568477,0
4.577122692,0.024043524,2.066626004,0.160185449,62.28423968,792.2751839,50.39368933,101.6487671,0
4.30282581,0.024638904,2.873544529,0.133255536,54.65894955,827.4581227,53.18435986,102.8749524,0
5.183400404,0.034284579,3.513360558,0.136943592,,782.1425761,55.21718107,97.47969974,0
4.598381334,0.019555409,2.209449186,0.140041006,81.51971817,784.7259703,55.30518919,94.31228722,0
3.389683337,0.022217004,3.744779511,0.14880227,68.56331519,770.2529434,52.37935986,106.2965164,0
5.212588059,0.042440758,2.342815814,0.147024876,76.92683975,806.4494063,49.62607976,100.0759038,1
2.887862687,0.032140698,2.455960366,0.159697374,71.39208228,776.5763569,39.67713727,100.3127792,0
,0.029736172,3.143531379,0.130749548,69.47241055,800.8960573,41.74981426,102.9139418,0
3.8182691,0.034277349,3.12083161,0.149782447,86.73455135,827.7960635,52.30290739,98.98088166,1
5.161387207,0.017519985,1.935721899,0.143558371,73.00173166,746.5286681,61.83624926,,0
5.043243209,0.016564464,2.315581411,0.146920863,71.03803129,765.2596461,56.59845083,99.53223575,0
4.173416482,0.024998021,2.067497773,0.145819177,,834.8609414,62.0184272,100.0462768,1
5.067443587,0.042017861,2.548635007,0.147677627,71.56114506,804.0838627,48.74703037,99.09848062,1
3.578285277,0.023782296,2.495888984,0.140716278,65.50070499,841.6320005,43.91935104,107.4356419,0
,0.017698951,2.355813824,0.151591032,83.54605567,792.4607967,48.97011851,97.33408711,0
4.29040322,0.019768543,2.347993852,0.16089728,80.42457163,772.9785554,53.62793909,103.2452505,0
3.44854494,0.021816985,2.659636254,0.156881709,80.98107553,782.0070088,39.32639869,98.93112757,0
4.038403035,0.010883986,3.064255141,0.158021277,82.76002554,819.1626411,30.45132233,104.3084142,0
3.720826874,0.023571226,2.344466754,0.157882987,68.76808919,756.1214281,46.26273559,99.55005656,0
4.384971918,0.030771094,2.333714182,0.13884674,,806.217451,42.20508848,94.83155501,0
5.318811213,0.028131574,3.188419801,0.14500317,64.91441495,816.5921578,49.71491939,98.85663301,0
5.926142856,0.009451036,2.084010159,0.139761836,71.69935099,815.6274931,55.28389721,98.52420866,0
4.641668046,0.02715647,2.242842543,0.153882445,67.40915113,813.7579044,37.77555825,96.30588366,0
5.165381883,0.014142841,1.947195199,0.173072685,75.07645089,766.8825995,58.15200776,,0
4.475905648,0.01890036,,,68.56076437,793.2044943,33.96189517,102.494832,0
5.028188218,0.016968231,2.1819892,0.141138589,81.41057221,784.9023734,62.54151521,100.2010745,0
3.982128911,0.029357863,2.102440303,0.124261919,64.98590093,799.3969254,56.91337429,94.17517681,0
4.438951318,0.03432022,2.837049099,0.136532256,65.65240644,859.3893186,31.99644731,96.70104697,1
4.145551508,,2.06738265,0.142527736,65.40207675,768.8868122,44.82605072,103.8182732,0
5.118215087,0.013619788,2.113644864,0.130518197,71.85389767,787.708071,60.1285669,98.38119983,0
5.474465638,0.024911553,3.178471553,0.131805634,72.47232263,807.0795666,44.03732305,101.1490165,0
4.083949309,0.020190044,3.106442231,0.151191153,73.53758818,809.2907068,60.72337151,98.82420993,0
4.812245457,,1.725650578,0.15819506,68.34530448,796.330053,65.49111921,100.2436559,0
5.642806267,0.031311269,2.700193139,0.158534168,76.2712398,807.0806618,42.60290399,100.122108,0
4.640981129,0.020833996,1.801757027,,75.30277668,756.61133,49.30192086,97.67682418,0
5.628166754,0.028358398,2.294558176,0.15377797,52.11445872,799.8821255,47.88286522,95.57752964,0
4.014458663,0.027680922,1.925084553,0.121065804,71.13818099,807.1793394,62.66356582,102.8701673,0
5.283715648,0.014245706,1.862828983,0.165908312,81.82351977,795.1561373,51.6826004,98.93780076,0
4.725858551,0.030231953,1.139590588,0.158823173,83.00445322,814.4203346,41.92922863,99.97582988,0
4.455349565,0.019944146,1.758956433,0.138476692,74.68040677,810.856204,49.81850907,100.5225158,0
3.771999261,0.032554315,2.782766637,0.136014785,81.64111578,793.3080955,49.31666695,100.8993472,0
5.158319615,0.032454986,2.444261511,0.164313983,79.25686015,790.2417655,45.55830913,102.3791389,0
4.412263307,0.035416688,2.5345839,0.11876878,91.93417395,754.2423938,34.24350661,99.49773403,0
5.187500935,0.024090139,2.165368136,0.157112853,73.23601125,795.1619059,60.28938753,103.9752411,0
4.488827226,0.018105023,1.80480429,0.154604926,74.48721845,750.3613106,56.96012117,101.2983671,0
3.921262935,0.01453041,1.509128472,0.150066733,68.65358039,802.6038793,47.48272398,98.30121078,0
4.899372,0.018093991,2.474474007,0.146656482,80.40541104,799.5490771,49.34464079,96.04070505,0
4.527662352,0.029551476,2.342008587,0.160662231,78.67983098,817.109704,54.01413106,103.8759473,0
4.074755729,0.024245271,1.2227063,0.159118206,93.92265658,782.4755649,64.9100144,101.3214509,0
,0.024410177,2.547166779,0.139677919,75.18551669,831.1101773,55.64511139,98.78661717,0
4.665684203,0.020979663,3.349437306,0.143298262,59.44927072,813.1216056,34.14513562,94.27565848,0
4.685737912,0.02663791,1.647735211,,61.88783127,817.3489124,54.79572131,99.53977443,0
5.181297825,0.031090309,2.923281334,0.142153898,60.58340905,794.9923288,55.27220184,106.9282948,0
4.523022628,0.031304939,3.067974123,0.150386554,66.297962,837.9144039,48.5144671,103.6990727,0
4.567639448,0.021314554,1.684255005,0.146049152,77.55654405,836.378854,46.69466238,102.4422502,0
,0.027996399,2.33349684,0.154039526,81.51585121,791.933964,48.47199997,104.026209,0
4.034895224,0.017249401,3.100367636,0.148702459,88.46208537,744.7982983,55.36999367,96.82685969,0
4.464029869,0.024667834,3.20489392,0.153847634,66.20834391,813.4362892,45.49363902,96.99966022,0
4.334915981,0.019115454,2.911864055,0.157880181,82.88755168,827.880275,65.32494142,102.2875932,0
4.095007133,0.017067158,2.267703394,0.1643305,62.79975535,834.2664028,43.62554121,98.2027996,0
3.946321281,0.019004576,3.00092338,0.156718416,71.14066587,837.6290352,51.42557235,102.7342627,0
4.026823985,0.023658192,3.081208611,0.157584764,54.17248908,811.198111,54.96556208,105.9677464,0
4.345904771,0.010729895,2.190300343,0.162534229,72.55393716,783.1365371,45.09971842,94.31554629,0
4.574508083,0.027313481,2.529419696,0.145777773,63.71882315,793.0883417,51.54148614,100.0418213,0
4.270258228,0.016848356,2.693787389,0.153563583,78.45878626,784.6797025,51.52388235,103.9134966,0
5.66455285,0.03305617,2.608949929,0.1371665,69.90928535,770.2911858,56.06090664,104.6083782,0
4.120734658,0.022461065,3.192240688,0.145409598,73.30277579,791.3928689,71.61322926,100.2808955,1
4.312452432,0.016381901,2.453971847,0.147413897,80.32824434,826.8396388,51.52089611,103.9635197,0
5.337537349,0.021127802,3.029849972,,65.0276267,843.7671086,45.58789985,104.1004235,0
3.941374781,0.027828272,1.794361268,0.143055889,73.43035634,781.5444994,49.61040444,100.5499453,0
3.866464816,0.00873949,2.637245163,0.138956598,80.42118851,794.2429356,55.98810557,101.4762566,0
4.710495818,0.03089785,,0.164380921,87.2070302,772.9976534,42.12612476,103.5594828,0
4.569388301,0.033910935,2.441810455,0.133211909,76.63280083,806.4053219,55.30865598,106.3168394,0
5.405111025,0.033925491,3.839275752,0.142614098,55.52420081,860,51.29869532,99.04341894,1
4.439631876,0.023350117,2.597722215,0.166934719,68.24339783,817.5205727,58.8869671,95.89608042,0
5.180837122,0.020053963,2.053298281,0.156930314,79.16844222,803.5026961,64.894775,101.1969944,0
4.910056801,0.023041872,2.058974723,0.156850573,59.48823553,814.3529759,46.91530259,109.2753759,0
5.7104575,0.018453046,1.433704617,0.158514051,73.59654257,809.0257214,47.08074401,95.80394402,0
3.579053992,0.022876453,2.841470337,0.159653316,64.08140355,837.3810568,55.26626014,91.81232712,0
4.731197738,0.024422836,2.333729361,0.140704448,77.63109202,790.0032838,56.51166384,99.68715278,0
5.343695063,0.019851555,3.726935759,0.163240986,73.7395752,835.6365294,55.08890762,100.8721594,0
4.508467318,0.019307532,2.805243539,0.150282018,63.71845814,793.5412048,60.76886655,100.7616123,0
5.458496428,0.029590094,2.172664801,0.15365599,58.98330448,813.6655954,48.4996837,96.13478025,0
4.173445695,0.014611786,2.745860988,0.152910641,88.78603667,767.6401295,,99.50636421,0
4.371686456,0.027593747,2.715235721,0.156139648,65.14061417,804.839786,31.39934348,98.62292932,0
4.623599906,0.026095992,2.159312371,0.145191944,67.42819863,808.0495185,40.71103774,99.19297493,0
5.046600584,0.011528705,3.7954179,0.142403054,57.1120079,,48.58074709,94.99566805,0
4.588637199,0.031501572,2.867087362,0.148811027,71.31728347,791.3984066,54.52922099,101.0787386,0
5.107690141,0.006839849,1.837577231,0.137183517,55.81135678,816.0333559,45.17904079,96.91915984,0
4.366373042,0.027434781,1.201299772,0.135832498,78.57194949,811.9612545,50.01838795,98.95057798,0
3.844121259,0.028447796,2.266615606,0.131847037,69.73066088,779.2236752,45.68473121,100.6181401,0
3.869712386,,2.886571066,0.15185344,79.38466099,790.7048513,43.64661801,100.7164084,0
4.911375845,0.023508367,3.11827373,0.145918413,69.86087565,789.1831769,49.02317742,98.24003142,0
4.558146233,0.015749574,2.619418154,0.11674836,82.72365177,792.3654132,45.19900624,101.2566908,0
3.99414742,0.029723657,2.413720313,0.143506558,64.91954931,780.9371111,51.08465265,94.62533095,1
5.156561027,0.011450558,2.53221543,0.149027275,67.71845187,828.8957823,59.79705127,97.77317602,0
4.374954637,0.027848822,3.247793905,0.173994589,73.00365743,773.1400435,49.23721907,100.6145903,0
4.604041269,0.033783314,2.817048067,0.154543168,70.25121934,793.5268997,46.83832575,102.7225288,0
5.669471956,0.018005895,1.78961924,0.15101735,57.07451024,799.0971317,44.39245339,104.3510965,0
5.070404877,0.020396858,2.123141963,0.143863402,68.19754106,814.0628544,54.09945285,103.8737072,0
3.912351388,0.017590673,2.196469237,0.14450554,68.40497627,786.5587136,53.49009827,98.45191391,0
5.357957478,0.034377738,2.621834835,0.159203501,55.37292763,777.7660349,57.12318796,98.9764678,1
4.268467846,0.021154581,3.61708193,0.142808249,67.60076868,815.350784,42.73767152,94.69995156,0
3.921337789,0.018833438,2.791224245,0.14671417,80.98584104,806.4938121,54.85046463,100.7589909,0
4.373020317,0.014147075,1.141960019,0.142307134,71.8298296,815.5158107,53.08996865,102.688581,0
3.447363786,0.032623946,2.681193212,0.149830298,86.5728728,755.8826558,49.71670062,103.0000519,1
4.763625081,0.024434478,2.464864937,0.152594391,65.18459186,770.3031261,56.00678131,99.18761669,0
4.688665132,0.027199802,2.925853046,0.14603389,,832.4527837,55.08741304,100.7624234,0
4.321215787,0.029027233,1.951737831,0.149834147,78.78854702,,53.12338497,103.3966825,0
5.068696626,0.02500011,1.351185341,0.156743535,76.05378994,,65.74841485,102.1451706,0
3.768172672,0.020100874,1.477215276,0.160386528,65.66211296,818.7542824,52.28971386,101.3286612,0
4.482207373,0.024770117,2.322564515,0.145152049,61.74598682,748.0728252,61.89843968,102.1549109,1
5.434994962,0.015204,2.901661045,0.153741432,69.64058591,813.1815474,42.96335221,102.971063,0
5.620556897,0.021309313,3.032385278,0.157229372,69.41311248,853.9786904,70.22804644,99.27842679,1
3.155011147,0.022370354,2.961990307,0.14092169,56.38576202,825.2659175,57.7402793,102.2560127,0
4.615228423,0.035137098,2.965209431,0.139054048,64.15948049,801.5162529,59.75990465,101.1880011,0
5.347296145,,3.173715822,0.148501768,59.83643705,808.4931374,45.74281245,94.64905391,0
4.206180517,0.011706043,2.4149354,0.139248183,74.39735791,843.8158646,36.73809945,101.4385986,0
4.649232968,0.020105801,1.677982219,0.147183455,70.25258386,754.0274996,65.69376993,,1
4.443854407,0.0189182,2.859079,0.149947918,69.65596698,780.3931967,54.95062533,104.15683,0
4.48181486,0.030440119,3.101671119,0.152781887,63.82389659,838.8949672,43.51875108,97.40146885,0
3.568594744,0.020666433,2.310097773,0.15318023,70.58525191,805.724114,44.97743572,101.1109597,0
4.604712688,0.021290308,2.834140052,0.148940842,92.9350301,802.2569141,45.57262457,104.8750654,0
5.005726906,0.029608748,2.728555739,0.143206304,71.23047053,825.4889242,,100.8859513,0
4.263130295,0.023815473,3.383777283,0.14878654,64.97520807,787.4128071,46.86680785,100.3542304,0
4.329670617,0.0373679,2.218068285,0.122524312,71.29216994,796.9270366,67.37176227,100.8385845,1
4.043435934,0.03604525,2.906851625,0.156853119,60.79746492,787.4541432,48.61961707,101.8483339,0
4.034418605,0.012609573,3.300515977,0.162817568,71.35190163,813.9311716,48.94429648,98.16531196,0
5.149179919,,3.075995893,0.148896429,66.233461,839.5732319,59.21825383,96.19966326,0
4.441463575,0.011984544,2.37932004,0.127698144,76.87309106,776.6965964,44.7338995,100.2586113,0
4.518533081,0.036062919,2.814321096,0.147231836,71.56583832,762.4618391,42.55167205,100.5790445,0
4.57285245,0.01507218,2.380168619,0.14264352,61.36728605,815.5081712,61.3980723,100.0745656,0
3.839287752,0.02236979,2.128789118,0.154771624,71.79209851,817.1946778,58.23201638,95.53446601,0
4.736991238,0.023040519,2.792006812,0.15710832,79.85212762,791.8492543,52.64081484,93.33574969,0
4.596212705,0.019826597,2.697842242,0.144280796,85.60234278,773.2219068,52.88986943,103.9041902,0
4.419242884,0.019612935,2.337112646,0.15669266,75.62572832,797.0337799,52.63961701,97.30030984,0
4.20607466,0.024581465,2.559578943,0.127954493,77.81716973,801.4001151,47.84071332,97.29700307,0
3.904706014,0.022099575,2.648195248,0.15689218,59.43500577,819.9533266,58.73172158,97.01051666,0
4.871425675,0.022546123,2.32564602,0.15081562,77.21173083,784.3374365,56.04699646,97.0804946,0
5.118975761,0.022265472,2.740785765,0.137756645,66.75069047,856.6021586,57.34817845,95.72807538,0
3.658666571,0.018975968,1.640199069,0.127170166,63.99699886,807.9148928,45.77075506,101.7455355,0
3.568713277,0.015873785,2.133173849,0.134164037,77.0992728,769.1407159,43.33310235,97.67979712,0
4.930357705,0.032160248,2.856191766,0.150929641,64.45627896,809.1236602,50.93696122,103.0956394,0
3.209979779,0.029089984,2.400285205,0.132756553,77.73002261,772.7974745,37.90594962,98.16219964,0
4.199794994,0.010468144,2.867922225,,79.44556166,786.9801392,49.29741904,97.60196221,0
3.765040492,0.011347928,2.71542086,0.147820792,66.75569171,832.1473652,50.99463058,97.01732306,0
5.154865105,0.026495206,2.738168087,0.15190801,75.74624398,801.5033906,59.11668705,102.9361137,0
4.555465305,0.022160819,2.641901479,0.132020057,67.40832723,773.6545559,43.20552916,98.04397783,0
4.133272467,0.027093556,,0.148300466,65.37984786,818.0245674,67.75761485,,1
3.717835345,0.035993809,2.283607314,0.149493626,87.98324701,771.4670613,56.18975016,101.1782546,1
5.799220245,0.014449523,1.763042773,0.156968769,67.83566774,827.017821,49.35431577,102.8306598,0
4.484631523,0.010948901,3.791108427,0.128442241,75.39360305,778.1295438,45.04148175,104.8741275,0
4.809455497,0.040816618,1.886834782,0.137544538,77.49977715,815.9315752,48.40334278,104.4683232,1
4.20674436,0.028462757,2.108574465,0.149655461,91.19564027,815.1584075,57.36702343,99.9181601,0
4.90645274,0.017816679,2.638734024,0.150453481,,814.2580367,52.90631196,101.4522914,0
5.949474892,0.027243288,2.882740839,0.137841949,80.34572133,751.9388184,43.92044202,99.25468416,0
5.264951346,0.018969521,3.059370588,0.127948052,75.48597473,784.6352371,53.47633704,102.6960746,0
4.510073564,0.019336917,,0.149875295,81.00691202,789.9917328,60.72084359,94.15510328,0
3.77917241,0.028270855,2.969988081,0.14233704,81.13381393,795.5804585,38.9777573,100.4470316,0
4.822941232,0.032500277,2.410315216,0.138226908,65.06125139,766.8736864,45.03795973,99.70704922,0
3.983363326,0.021131314,2.200827229,0.13749499,84.8867944,785.3302846,39.6641976,100.1271415,0
4.901858811,0.022620469,2.724545367,0.149557507,62.97175899,793.7883314,57.68433131,97.79523761,0
4.068270068,0.023589212,2.701993979,0.137208439,68.98135884,780.0842337,,96.8166594,0
3.410866561,0.02749313,2.518853799,0.138137823,74.93240722,823.1715048,44.21200559,102.5704718,0
4.601830779,0.020616515,2.41610186,0.161825327,78.47746526,806.3288623,48.09927654,107.2845194,0
4.501550565,0.019764035,2.963057916,0.161227282,69.81886221,792.7772636,59.50260722,101.0518927,0
4.773383859,0.020363438,2.037126985,0.154466649,69.88439323,800.4506419,48.53611929,98.30491436,0
4.236016289,0.0093444,3.472197075,0.163190811,71.85974563,770.0226659,70.03625807,101.3000167,0
3.569210482,0.032402095,2.203814236,0.136560737,64.09501956,779.2940602,47.3930654,102.2118213,0
4.003518231,0.020423303,2.380844926,0.154799093,,798.9779617,52.77391718,101.4298073,0
5.124044986,0.032851075,,0.15289711,60.12217514,842.5933187,70.41698375,99.95140501,1
4.133162304,0.03633592,2.610214641,0.160949214,76.54629603,791.8108792,43.7653918,96.50604582,0
4.007455353,0.023239471,3.008503935,0.157411716,55.36048426,812.1686107,59.20726437,101.8844299,0
4.13404994,0.023108941,3.032214401,0.143687002,78.45786318,811.7631353,42.10131829,101.3513339,0
4.947955007,0.027502557,2.853567552,0.146980775,83.73126332,786.9261877,51.5563347,103.8568277,0
4.96652531,0.037475801,1.351712651,0.140279296,68.2709413,816.1813794,56.02720677,103.318336,1
4.197672221,0.028131337,3.002467577,0.151457156,49.58584814,803.0744166,56.96191871,101.9393718,1
4.765360942,0.012558342,2.573689931,0.132039912,63.84147793,820.4594428,34.80041147,98.46896855,0
4.940046685,0.023529707,2.439897288,0.151861735,74.49517248,816.4121072,49.35832804,104.9676825,0
4.105257928,0.022135031,2.214189906,0.156208563,57.43520864,840.5104443,43.40780399,95.24187117,0
3.584017928,0.032462175,2.072936974,0.15846088,64.1625819,841.1389918,60.20338913,99.34232673,1
4.603337705,0.031035017,2.660412231,0.128293021,80.55260598,787.7061041,44.74864482,90.70445473,0
3.965541218,0.028936277,1.96389269,0.149834065,48.6917687,815.6032502,37.05227446,101.825649,0
4.912826588,0.023824954,2.568894218,0.14104621,71.09014747,795.8010853,50.84921618,96.50871535,0
5.119231805,0.014266025,2.545652701,0.143527415,70.38271256,817.8653163,43.8868919,96.30447077,0
4.219043292,0.023931995,2.337233917,,67.20094254,,56.78544139,97.67497207,0
4.447557949,0.036786079,1.974759654,0.163568266,69.40235068,828.1205798,52.60200589,96.53099948,1
5.105940737,0.013028525,2.584247406,0.15104621,80.35743519,796.6643586,41.70319199,102.0396514,0
4.109482372,0.02745,2.084644994,0.141302704,82.83963205,778.8661799,53.21996029,97.75697603,0
3.681879662,0.030056635,3.240078634,,74.3215983,784.6660447,61.57519131,102.0281403,0
4.941659275,0.037930684,3.071225853,0.160984713,71.9369039,797.9313377,45.72510854,104.719259,0
5.319434742,0.033413939,1.934847107,0.150836687,72.433509,789.1644872,37.82486019,98.90549441,0
3.913085547,0.021033485,2.253425136,0.145463099,65.36566098,832.1858227,44.06766369,98.5712706,0
5.656165286,0.021111922,2.407599442,0.148616281,61.44970629,797.8940051,42.25995636,97.65452014,0
4.305498591,0.028364893,2.274217976,0.131093289,58.72486275,,52.01630288,93.91597175,0
4.913926024,0.024449719,3.364801191,0.134720941,,810.8407166,47.21665414,93.95936852,0
4.638317113,0.02571834,2.787301838,0.117477942,64.1075455,792.7081976,40.80924683,107.1314461,0
4.303942975,0.028410466,2.500187754,0.146472407,84.26943252,812.334308,47.10985839,101.2277459,0
5.154223801,0.029517486,2.736842566,0.144745479,78.93804578,819.3767784,28,96.26428805,0
4.317756995,0.021539733,2.015998828,0.135304205,,806.1968191,61.07805828,101.4628,0
4.509125904,0.016584728,2.336131424,0.146767971,62.14507581,839.6901216,49.37657379,103.6693722,0
3.360248462,0.023934828,3.114348875,0.15563782,70.34058545,819.4569539,56.73486339,97.88826995,0
,0.031222819,2.282782911,0.144284579,65.01793993,835.7697901,51.48644062,101.099491,0
4.697820466,0.0199084,2.469758607,0.132386356,61.90211555,842.2706813,47.64375142,101.1494711,0
,0.019622393,2.37264609,0.146397434,86.86218613,824.4957053,56.50456124,96.22645238,0
4.427183522,0.037791608,3.047700393,0.155574666,67.99067047,790.0938079,31.29738986,101.8343968,0
5.288315379,0.026744546,3.152824787,0.160235171,70.03831834,789.9490265,48.25249769,,0
4.695768021,0.034196795,2.582813596,0.147393611,84.8928433,786.7554661,44.15760374,100.7940656,0
3.444044403,0.027955845,2.931340151,0.139136739,60.15557219,823.0325082,52.81093737,97.42014462,0
4.070996373,0.034524857,3.165310522,0.147765224,76.23641084,799.1813347,45.11124853,103.0311058,0
5.159588455,0.01724273,2.342461156,0.136134796,73.88790878,811.4697476,48.98994101,99.63038585,0
5.082214379,0.022380374,2.487191929,0.150536623,73.54347929,807.6490812,41.33497846,99.87706529,0
3.578482998,0.018048362,1.844544862,,69.73541614,793.6316077,40.73350118,100.6685946,0
5.441856971,0.035152273,1.873137783,0.149448456,79.97123799,750.1801903,56.94044803,100.9043557,1
5.568133237,0.016437948,2.644398104,0.142419231,72.17877078,793.5066979,53.97130753,,0
4.752072371,0.022764613,2.914490443,0.149676786,70.19997113,784.9338363,55.09626631,95.85547002,0
5.704217107,0.022880617,2.056486291,0.163584845,75.43302898,831.7780185,,96.88451455,0
4.553458944,0.014371477,2.467650185,0.150623311,89.2541475,740.5421115,34.39028386,95.40895357,0
3.749690167,0.035057987,2.470358883,,69.85119792,754.9778522,51.79463822,103.2568671,0
4.357080494,0.026986222,1.457347202,0.141926065,54.82686851,801.6148895,60.022527,101.6662088,0
5.370706396,0.034506112,2.46643489,0.163084781,83.97445035,777.3734276,52.35437308,101.8203347,0
4.964566531,0.009339696,2.476876217,0.133185167,81.74359247,808.776433,61.46583563,98.93233389,0
4.429317931,0.02208597,3.019037978,0.135460994,71.63282037,747.9979725,35.75900617,95.30849133,0
3.98651208,0.008665818,3.328278706,0.161683418,60.90671647,823.3034216,38.52565334,104.9474367,0
4.874707162,0.026891788,2.149256541,0.159095992,69.331556,795.3146601,54.89625192,92.91098275,0
4.738090694,0.021354776,2.467355489,0.142661903,67.09757624,816.9148951,48.9744964,107.0046677,0
3.676273274,0.017565459,3.108502367,0.115392572,73.95528909,775.4612819,43.0260615,97.91615743,0
2.894244518,0.020019672,2.92611818,0.141813268,77.55771389,789.1394195,52.70470582,100.8014493,0
4.727793917,0.014825547,2.400310255,0.140259925,74.51157654,801.6122499,46.56716151,102.934015,0
4.996759132,0.02013461,2.09497487,0.164302286,71.14936783,796.755488,65.09813479,97.86364827,0
4.156587019,0.028934898,2.829796015,0.152949413,,837.7104492,52.16789409,97.38934505,0
4.318281523,0.019601614,2.981912607,0.136104381,78.25250888,832.6176146,39.06990152,100.2250584,0
4.024530646,0.017321132,1.700549992,0.141633752,85.32329065,774.3808492,70.15421216,99.94995955,0
4.388066027,0.028846882,,0.156012144,66.98863037,826.0906089,,102.9565557,1
3.899701246,0.013848379,2.668733636,0.148485189,87.26676308,,58.03839432,99.87900274,0
4.689203423,0.029777656,3.166962777,0.1486552,71.69406312,781.2093223,50.77549292,96.5873018,0
3.827200426,0.026081791,2.320250786,0.149740758,66.17876277,801.650679,59.95189014,100.8582944,0
4.948367515,,2.387316696,0.135296869,71.11955105,829.9942858,42.78265717,98.77423647,0
4.516205381,0.03607215,1.687036641,0.145045548,59.55018134,823.0505296,48.75106329,102.587906,0
4.254438693,0.02810649,2.053484677,0.147504956,63.73182135,787.2920801,31.30053512,102.8575426,0
4.470898648,0.014490859,2.841501383,0.162370666,66.71085355,805.9441417,48.42380188,97.52050993,0
4.566890032,0.01218503,1.549947451,0.155366159,60.83254108,811.1793411,59.40976334,98.39450406,0
4.215373342,0.026805295,2.463502693,0.155608796,59.64494889,805.0593157,40.26567163,100.1830063,0
2.976589865,0.020357342,2.474980247,0.134294793,69.5279421,780.9129821,48.48734649,96.41509486,0
5.572684176,,2.08109143,0.144116673,87.20209301,816.2628526,50.04782658,104.5992444,0
4.695952802,0.023996907,3.025147473,0.151023931,74.65198085,764.1145474,57.14489539,101.3218199,0
3.872547586,0.023342476,3.456746085,0.146101504,85.13931405,816.93785,,100.6085121,0
4.361144828,0.019035932,2.732356399,,54.08949096,806.9417969,45.33107756,99.41872838,0
4.921414956,0.025676487,2.683431102,0.142939756,74.73999409,749.7966336,58.21811985,100.2812426,1
5.717630869,0.016899648,3.261128375,0.156084735,,819.5168256,54.1879807,100.6628762,0
4.305090364,0.020639652,3.157668796,0.127328926,53.63783988,846.0598358,29.56028382,97.61506189,0
4.667382312,0.026461261,2.320949635,0.162602941,48.8165454,842.4607183,42.5045612,105.7440897,0
4.592256147,0.028961614,2.518721744,0.147179361,74.08057112,845.8684963,44.26110326,103.20897,0
4.638886582,0.028764598,2.611174451,0.131854876,78.59022624,806.8504622,60.57590233,96.98022778,0
4.388839425,0.02822877,2.177308344,0.154379837,75.62220462,774.2979467,31.9608954,99.49434365,0
4.119261035,0.022161743,2.018702,0.148109703,70.03923597,812.9315567,53.86217235,92.5971026,0
4.981250853,0.016525228,2.145972692,,62.39434904,830.9101665,40.21518851,101.1104113,0
4.265777605,0.028584597,2.191999566,0.139846886,64.8191951,818.131177,58.27944625,,0
4.333644877,0.024378351,,0.155668202,71.46570028,821.935617,46.11738658,100.3638279,0
4.550117773,0.017718707,2.368600399,,70.54779853,816.9186682,49.01744154,101.9885418,0
3.90598236,0.024936297,2.532963401,0.163585177,69.66296262,799.924884,57.44858292,100.6403965,0
5.205870548,0.025558403,3.43808262,0.127172954,73.62638216,839.9412671,62.42636361,95.87692166,0
4.373221997,0.025214394,,0.152443512,83.74710717,767.9681681,52.6345815,101.0753574,0
4.243501561,0.022134147,2.915843056,0.146757035,83.68333565,785.752641,37.48513821,104.1764465,0
5.096833347,0.03235935,2.850996101,0.140133067,71.59989145,852.7365697,51.2242697,102.0788018,1
5.449608533,0.021337711,2.37028976,0.1317146,81.10884762,799.0957712,50.2023305,104.271456,0
4.405069361,0.030370911,3.084541745,0.140105691,86.69490824,763.9193081,59.06794013,99.59821089,0
4.77741532,0.027584099,2.527198856,0.15687081,72.30911276,799.8234853,46.63372315,102.4617653,0
4.456323262,0.027572078,2.298447718,0.126553718,71.49005433,781.0791667,52.65325642,102.6798002,0
5.704054145,0.0216901,2.172333731,0.131840948,77.49338048,826.750903,49.3225358,101.9084897,0
2.983262032,0.026607639,,0.142228364,76.23617711,845.0886446,52.99505987,100.6772008,1
,0.03504408,2.945196656,0.160464324,74.63313674,775.3201034,58.19434953,106.4697202,0
6.172790739,0.025251739,2.163036814,0.154546534,82.40570543,792.9785094,45.07072506,100.7451869,0
3.99190074,0.035888931,2.282993394,0.155571704,70.76094504,799.5919485,32.65089789,96.42306127,0
5.136333386,0.023500262,2.288612338,0.143553892,68.35105122,784.8018776,53.68314401,99.17995188,0
4.314258818,0.017067989,2.662881934,0.13382518,,789.8679058,58.65601208,92.60358509,0
5.021508859,0.020300536,2.536651682,0.154513473,76.02652458,802.8212256,56.72119509,101.2838665,0
4.217373249,0.025076823,2.482700565,0.152680186,64.11232603,825.1615243,59.96303504,94.92606863,0
4.376743418,0.015624604,2.732889871,0.148913716,57.85087168,823.0984601,39.52206809,98.91149335,0
3.858569622,0.025205781,2.105928448,0.130960555,74.4070531,740,52.84870437,101.6621385,1
3.940823892,0.026580588,1.681087563,0.149692746,75.84951092,797.1375116,41.01097873,102.2936319,0
4.412272783,0.027816866,3.379734866,0.14521161,91.98855132,786.42446,54.97115218,107.6278752,0
4.844556337,0.01617166,2.442679346,0.149120933,79.80252555,807.9583978,59.58924869,99.29372871,0
4.835081069,0.043964768,1.698817866,0.163279026,69.65938862,840.6692489,59.61132528,98.35621896,1
4.586125664,0.032924716,2.286655141,0.16229406,,788.015658,54.24616901,100.3148949,0
4.563409042,0.02135633,2.036279865,0.14052291,58.75223864,,49.37333967,94.95302883,0
5.176581827,0.02499536,2.73464098,0.157377597,76.73498743,804.043337,49.57623489,101.1524716,0
5.228118971,0.026982992,2.804938881,0.147181235,66.66644243,769.7929344,56.81189423,102.2766704,1
5.847899939,0.016946085,1.277322498,0.15217237,65.34249403,814.7456298,51.83067627,98.40039628,0
4.621886108,0.034485274,1.980623452,0.165603696,60.5116004,770.5351551,55.40782817,97.55167564,0
4.395208245,0.027409336,2.157977894,0.160721554,78.59430396,807.543479,48.89075163,100.2174753,0
5.266864071,0.030461381,1.894696062,0.12674199,83.81038498,752.7120044,50.28969711,101.9404821,0
4.815757756,0.016625979,2.883209247,0.148881571,66.36891991,793.1233819,40.71334812,102.7934368,0
4.228449596,0.034282992,2.667368375,0.155514676,79.973739,778.7195042,48.04757844,98.9585741,0
,0.017223266,2.837718372,0.16330343,72.70065137,797.4196645,52.31083169,97.28428516,0
4.890293564,0.02402646,2.780265814,0.14720736,65.7819395,744.534769,55.77540025,100.8122708,1
5.138708365,0.02338768,2.19208077,0.156797936,91.78179905,803.5661549,49.89025844,104.341481,0
4.842662693,0.025271214,2.433109861,0.146888077,65.87768671,813.8620742,33.41539429,104.1292473,0
5.09594619,0.017114224,2.803483407,0.152177694,80.5972141,810.0164351,50.89187558,103.2947851,0
4.061591417,0.021659547,2.870279609,0.12858792,70.07589789,827.153834,40.96701493,98.62444202,0
4.37861567,0.032912065,3.254432536,0.152322518,68.38157016,831.9963998,48.05824715,100.7479452,1
3.96746458,0.025081233,2.526764723,0.147818249,72.09619549,778.7556036,,94.72134787,0
3.912523633,0.017021609,2.375222175,0.137164353,81.95854325,756.3022472,67.73423296,105.0835626,0
4.390977729,0.028815921,2.861191812,0.147756772,71.31583875,786.0936093,44.60533143,98.8913029,0
4.060768058,0.032571279,2.517332996,0.174078894,68.11996866,817.9980287,43.08620495,99.83638753,0
5.026066886,0.024866152,2.654601356,0.139502852,67.76951693,752.9071538,51.50733206,,0
4.637594937,0.031636776,3.385784696,0.130144578,59.82888011,807.2980319,55.27773121,103.0460257,0
4.651484669,0.027825817,2.6693854,0.145087231,69.78011189,826.4158961,62.31967003,102.0463168,0
4.827320394,0.025516631,2.272564908,0.148265961,55.58999918,795.7901344,42.46716908,99.35354653,0
4.893072886,0.0335566,3.198595478,0.157309451,70.80414882,785.5116853,58.04751805,98.39462615,1
3.921082855,0.025857029,2.173238288,0.147805222,84.59374716,773.4882761,49.5177611,102.2994967,0
3.745561353,0.034036307,2.073243957,0.153748595,80.94993332,801.215367,54.75998281,104.0966176,0
4.460454147,0.015796538,1.808189268,0.148286643,72.68541163,772.9249572,65.62015973,97.07517165,0
4.526310895,0.016387736,2.625861475,0.15982768,74.21887496,811.7001169,54.30931998,99.37421453,0
5.228600381,0.024678391,,0.159296974,72.71856728,810.5788209,52.30865344,103.0509612,0
5.556066559,0.023817391,2.643239729,0.153983952,59.47574835,787.5092275,55.58621615,,0
5.294043889,0.022238773,2.881785899,0.142442256,69.95388766,767.7273411,47.44706377,100.0550669,0
5.89785822,0.04663702,2.093847158,0.139911363,71.7942285,757.0788447,51.49434465,102.2020499,1
4.621511742,0.041404167,2.371251903,0.148027864,57.33964202,790.40785,36.59245728,95.94770166,0
3.53069436,0.028077462,2.451987054,0.142817273,79.2284873,822.6961028,45.82724708,106.5340932,0
4.051913888,0.02522501,2.766228366,0.144038692,68.58241919,803.9216264,42.28337008,99.03046396,0
4.315463413,0.03635208,2.289948437,0.15887855,71.57069129,806.6052034,40.98961408,96.32051239,0
4.891048704,0.023528845,2.401016769,0.146659088,64.96990584,778.9970417,43.68450274,96.53456415,0
4.872525301,0.031072676,2.07630703,0.158300527,62.10289781,810.1283232,55.46977375,98.53911343,0
4.946687814,0.032718179,2.777906368,0.141254658,68.34786469,847.2388932,52.55782421,101.1274207,1
3.343003362,0.027098722,1.935612132,0.144832,87.96558763,740,48.93641212,92.57219725,0
4.363716631,0.028222839,2.84541302,0.173316132,83.94009776,782.062276,54.96879554,101.2649887,0
4.026558564,0.026243268,2.468603053,0.156366863,83.69913765,790.1097474,53.11271063,100.4551146,0
,0.0239298,2.757365287,0.142231456,85.93890687,757.0827002,51.33089274,107.2024415,0
5.603247607,0.022742472,2.817960383,0.160921136,70.6987801,791.7680612,55.95118823,98.93860842,0
3.773950837,0.017608111,2.562051242,0.161453169,81.10106814,858.6139717,58.29609715,98.34625641,0
3.842710542,0.030054723,2.167903192,0.140410863,65.79178724,809.0743406,43.84582481,96.47180913,0
3.918607888,0.009902633,2.816080644,0.147038066,76.87759854,764.0397901,53.01217349,100.8044525,0
4.353121374,0.022951406,2.400682354,0.154016164,78.49883479,834.3028605,54.2113648,99.85018408,0
4.364112735,0.031446666,3.539963515,0.13622072,66.75250283,836.5036419,48.36849841,96.62435449,1
5.109882692,0.011240549,2.420108706,0.146999459,63.89912877,800.8099487,57.88707437,100.4876152,0
4.802489651,0.014426959,2.844859267,0.138014681,71.94308593,796.2326063,44.32468576,101.3530659,0
4.07001878,0.029450651,2.664414464,0.134707776,,783.7726954,41.88406793,102.375628,0
4.214085586,0.029042325,2.931989829,0.157154164,67.91793361,809.8625248,41.04583859,100.5604776,0
5.198724339,0.026084755,3.087671143,0.144839958,75.64620892,790.2043027,48.1771511,105.3432696,0
3.209981683,0.028038347,2.861985456,0.143030569,66.00306584,763.6377419,45.87101437,99.51198665,0
4.203935406,0.017694036,2.59754192,0.151517257,86.19133674,770.0163793,46.49735036,97.43201416,0
4.690189022,0.030698686,2.620050231,0.153736315,69.61449332,813.4797524,49.42848251,97.46251854,0
4.557778134,0.021234147,2.457577873,0.153573855,78.40224026,742.9618355,48.66482782,102.6441993,0
4.966501625,0.020696021,3.342154959,0.164735755,68.76330685,784.9058472,28,96.33928742,0
,0.02134753,1.893272975,0.16193027,91.98617678,768.440841,47.20315341,101.9103064,0
5.197496659,0.033679802,2.357368506,0.160403056,64.28700679,860,56.50709087,98.71216266,1
4.58722887,0.02571683,2.390320896,0.150042156,74.29334455,799.4923505,53.25255438,95.32202108,0
4.38475294,0.020569797,2.920012997,0.13724941,67.14846294,803.6793928,56.07077194,97.66805735,0
3.661861572,0.020510382,2.073735326,0.154027118,80.86291665,822.1819418,51.46242059,101.8910063,0
5.092223028,0.024638393,1.766940773,0.161056108,79.17687413,,65.13596114,97.23880507,0
5.070805775,0.02801178,2.788459205,0.152226511,72.75906045,782.8448122,52.02881394,102.1763323,0
3.811841836,0.011199764,2.333221572,0.15109389,79.55292544,,50.36787953,98.09360807,0
4.670222868,0.03116239,2.137464767,0.142374558,74.88514771,770.6851792,42.33208083,106.7881637,0
5.386295988,0.029092844,1.570426963,0.131159465,63.3586076,789.2579388,41.82656363,101.058012,0
4.810647295,0.034571152,2.044510898,0.146935722,67.30622004,797.7351465,68.45384404,104.7533324,1
4.071537042,0.036695255,2.850426796,0.142373848,79.80776645,766.8021537,45.62537704,100.7861227,0
5.86573793,0.020683063,2.20431185,0.143624972,78.41335213,818.4869855,66.85781623,101.3414715,1
3.293741068,0.026963321,2.176910003,0.147652858,69.43561537,826.4322265,48.1222593,99.96557646,0
5.388525741,0.01708504,2.806466862,0.146186363,63.03038459,823.5105289,,103.1332773,0
4.577132627,0.021238461,2.30273422,0.14459038,78.4389816,809.7392116,56.6150718,101.2140032,0
4.849757352,0.028954011,2.741563856,0.143126988,54.13809354,799.1867924,52.25749802,100.6233565,1
4.655219639,0.027601248,2.686114116,0.136508378,66.99892376,784.3883008,51.48234531,102.1841489,0
4.219602466,0.029612991,1.762622655,0.143613626,68.62824259,798.548826,43.45068862,103.1713261,0
4.134316885,0.005717963,2.643290665,0.155403189,70.82345639,815.683623,53.17282562,98.49575204,0
4.353167675,0.021541918,1.611761449,0.174219085,72.94949817,821.7518734,44.31260438,98.72350271,0
4.466483389,0.018213337,1,0.134703187,84.69019065,784.8207249,45.87890595,100.5293934,0
4.680182447,0.024253692,2.065292108,0.155902257,69.5448963,768.4339852,56.01655269,101.1686129,0
3.932611253,0.029865564,3.528986046,0.148221332,58.40673387,766.6884085,41.99539823,100.1724553,0
5.221684752,0.02708065,1.628491049,,70.47350374,836.6708177,53.63563666,99.09646383,1
3.391309721,0.03074428,2.672495239,0.165225361,64.27899335,814.8265592,54.22302187,101.7656654,0
4.53624842,0.018998122,2.07118647,0.135273477,77.61449574,758.4849353,51.22660694,104.7945453,0
4.39638647,0.017645989,1.865424285,0.15481863,66.26167364,811.0101502,41.53612388,101.8813351,0
4.440413446,0.018921228,2.477931119,0.154502003,70.98310334,838.7723094,37.98316258,96.44344185,0
4.39381205,0.026465933,3.527884854,0.151692269,77.92961144,836.0835576,55.88711474,95.16324438,0
4.739016076,0.024107813,2.090996377,0.151086507,81.78837427,771.4629876,42.23740779,93.82524814,0
5.171079352,0.02054196,2.204720171,0.147414842,88.11429892,759.8984034,52.71657886,99.46645816,0
,0.011775633,1.45022901,0.160690416,78.49892096,776.7669518,61.92809904,103.0209032,0
4.693363444,0.030499784,2.665831948,0.144759811,62.33356946,809.2123863,39.62883891,96.79944259,0
5.456133137,0.026138548,3.197005683,0.146619255,66.12844308,814.1822474,44.85050057,96.48194401,0
4.189305832,0.022894537,3.028509015,0.139358078,75.03044472,827.6558887,61.47669577,100.5125429,0
5.261326995,0.022796733,1.876423756,0.159573829,66.73406113,839.0593573,49.58089046,101.6451545,0
5.034745633,0.020875589,2.410291606,0.144329478,82.63744347,788.2801437,53.54606461,100.6665806,0
4.88363424,0.019392413,2.328265356,0.161898735,61.39108465,812.6260883,39.589209,100.3679433,0
4.331124071,0.028490091,2.61979368,0.154004908,77.84421779,777.7065243,50.36935235,98.22586059,0
4.958993647,0.02547519,2.756619913,0.135543059,75.16442549,784.666903,62.87032173,100.8640525,1
4.692519426,0.02936176,3.996073349,0.159648335,65.13461738,827.8109353,58.72008997,96.59305852,1
5.575517973,,2.743949104,0.160321866,73.2625703,803.6277067,49.26235672,98.53624358,0
4.15340447,0.021079945,1.899854237,0.147803141,76.57454333,797.5312464,56.00004405,98.4253085,0
3.627719441,0.022980047,2.398819763,0.155146768,79.27381236,779.3591812,59.60910077,97.80374415,0
,0.015323978,2.395696455,0.127017639,74.15254191,774.9320837,51.22400056,98.31176225,0
5.211155054,0.018199314,2.859755562,0.145348171,67.03112072,793.6075064,50.2609885,96.17685398,0
5.398294014,0.023657506,2.247482003,0.165317694,73.88016005,808.5088518,49.04967694,101.2222497,0
4.950031903,0.030441292,2.748206298,0.154012714,77.55808956,766.6518068,60.61651416,101.812937,0
4.963840669,0.021767425,2.373265429,0.135938204,69.74310909,830.0353524,61.93097911,97.09674649,0
4.87446213,0.026721233,3.045937332,0.128906451,72.52455262,784.5205527,56.56071039,100.6563633,0
5.113340004,,2.545145706,0.138851459,78.96594428,793.930435,49.91290528,98.98505323,0
4.011329454,0.027170341,2.406859729,0.144344446,71.02247526,811.8668476,37.68613338,99.61513691,0
4.401943561,0.03436573,2.411209512,0.153542424,75.21404734,813.0244519,46.90707144,104.4662393,0
3.392672311,0.021881403,2.819819653,0.145977067,69.8772033,822.2310389,39.86089981,101.7141749,0
4.049878793,0.025615833,1.824535494,0.148186626,58.5922166,807.1489352,49.93788388,94.36423069,0
5.255164489,0.030711409,2.640057598,0.167384417,77.81736862,798.7652646,52.23485607,101.2398972,0
5.253396942,0.010691432,2.594620032,0.137243248,,812.5997079,59.01238228,101.3316782,0
2.797982297,0.020724548,1.68945404,0.168900306,78.33408803,781.3612657,45.73095456,102.8991516,0
4.286486367,0.030587424,3.004006022,0.119089428,52.79674576,860,31.90130149,104.853791,0
3.38993285,0.024240881,2.096761312,0.135645703,74.91401694,816.3096709,62.20753971,100.7289141,0
3.594489593,0.028927379,2.533879631,0.16466272,71.10178205,794.6082028,41.22579213,102.1114072,0
4.851872087,0.02615843,1.452897549,0.148215185,75.12764524,761.4754656,52.07864359,96.87078787,0
3.653215923,0.027826404,2.912952728,0.157340217,74.91375109,776.7853334,56.41472942,101.8940871,0
5.055307951,0.020886137,3.124268686,0.127428983,66.77994904,813.0641237,54.28320556,99.37018937,0
4.696379459,0.029410528,2.920910588,0.146420475,76.57418411,794.9069781,56.69600992,105.8733519,0
2.960271119,0.026952023,1,0.136164729,76.31115505,813.8026443,54.69404907,97.45577305,0
4.829117378,0.029361413,2.481535313,0.149318731,90.79080354,740,41.38156127,100.8208364,1
5.948037348,0.035366608,1.61191679,0.14547301,66.97506004,806.6401488,59.02878322,101.8147237,0
3.45207846,0.019264402,2.186557604,0.148755035,86.06179423,823.8278038,44.01823272,104.3830347,0
4.90145712,0.026354527,2.691159601,0.142700213,75.9242847,785.8151382,47.46813075,97.56319103,0
5.291025351,0.020928627,3.101455966,0.156453893,89.28100061,779.4348762,61.78645309,98.16027934,1
4.870988669,0.017520838,1.748922434,0.142312695,78.66803759,756.9604618,53.18638114,102.5200476,0
4.352594959,0.018455315,2.57180661,0.159020978,64.23129435,806.9210219,54.13243709,102.4766297,0
4.183749753,0.023915661,2.519396317,0.157306151,79.30825815,812.4742261,54.32721858,103.0205268,0
,0.023490861,3.194545299,0.164681068,76.95077379,799.0459585,71.43714464,96.76158315,0
5.165326421,0.026832484,2.855622977,0.156562936,64.87682065,771.5958923,51.21647018,102.1415635,0
4.36380758,0.027136036,2.705612594,0.13130019,73.96504391,816.7507056,44.67952653,98.52994863,0
5.493449999,0.015367495,2.061023393,0.146551541,,814.0176594,42.49700824,98.67857427,0
3.621783712,0.01827716,1.709044054,0.14573575,67.64263435,797.8451162,61.77843006,100.1269805,0
4.573852838,0.025157406,2.774725091,0.141585968,61.3366573,835.3500464,55.59154036,95.84617002,0
3.593251249,0.02512896,,0.15246011,74.96866844,818.6099176,54.30325046,98.93568894,0
4.362052149,0.017231085,2.275827602,0.160808602,87.7195968,789.1886172,55.40332819,97.845829,0
4.633695216,0.021977046,3.156353906,0.157407064,71.36882034,771.6364555,50.64420492,95.26579111,0
4.853121438,0.021318166,2.921323039,0.134074327,78.89610593,785.9182367,47.67902806,100.0591091,0
3.88355407,0.027142051,2.156671218,0.154384612,62.90912024,800.0710486,62.12229845,97.50021256,1
4.666048895,0.016651986,3.435686606,0.149333533,68.94854049,763.6910431,46.19542374,101.3530173,0
3.984493579,0.020385731,2.357647716,0.147185963,87.9921033,771.9594546,38.89261201,102.6858566,0
4.938761849,0.024648599,2.552417958,0.152107603,69.43930424,,50.12969652,,0
5.253054601,0.022654075,1.800821285,0.140241184,70.59529103,830.0102607,55.39485429,102.9437852,0
4.819814441,0.017544965,2.567682689,0.141288521,48.52046339,822.9402985,35.18453141,100.4783154,0
5.207413743,0.029703512,3.311384103,0.14716215,77.63854134,790.0342657,36.39487451,100.2853238,0
4.145893161,0.015366096,3.169727265,0.144040301,75.15924306,805.0412563,41.26550925,100.8791108,0
4.183762093,0.029354711,2.353481362,0.156954396,81.33320131,795.8592284,60.99536151,94.7731254,0
4.099134963,0.023420682,2.099830818,0.148857599,73.13979513,822.7260657,51.20917347,101.1536785,0
5.277931101,0.0301619,2.566089076,,69.31901712,793.965262,53.41206258,101.651281,0
5.116475294,0.024127111,1.972980494,0.152900406,59.98880119,817.1278847,47.20946769,103.8708531,0
4.887348314,0.019496019,2.627161328,0.151777944,55.82626846,793.9889206,48.92354821,95.81529738,0
4.298041149,0.022768065,1.643818515,0.160958291,81.32945387,787.2659114,53.89236265,99.81327309,0
4.584175791,0.015280265,2.999470219,0.134638003,68.78318415,781.8736209,59.95334056,91.22270432,0
4.246661239,0.018978044,2.509554181,,66.44435357,795.7173748,48.8756463,101.0855449,0
5.450927961,0.019417786,2.751039346,,74.70085678,817.9370077,63.64951562,99.87712845,0
4.442156722,0.01886651,2.399971622,0.148645899,73.50876389,821.9652897,54.33664526,100.2141907,0
4.484756133,0.035464026,2.469858545,0.162326108,,780.2297114,43.39556079,104.1732931,0
4.470373405,0.021269982,1.693467219,0.131415987,67.74908497,804.3045566,57.40831038,97.69006565,0
4.356495202,0.018956716,2.083261334,0.144478121,83.76268358,805.9314018,44.59866881,102.6057613,0
5.327046241,0.027490475,2.962982994,0.136266486,68.96020343,774.1587689,49.70520169,95.40520946,0
3.897119679,0.033324489,,0.143521608,69.97483077,764.2640136,55.88871574,99.42984287,0
5.059943139,0.033925755,3.438057309,0.130456475,72.46429989,812.9215817,47.43260461,101.417552,0
3.83478958,,3.569299491,0.135540713,83.20228538,775.0046122,42.90477366,99.49039426,0
4.080156461,,3.345387909,0.152927344,61.84984504,794.5120508,65.82334597,93.57944641,0
4.461112572,0.017146722,2.53993187,0.144469115,60.0614954,810.4765077,52.24694055,99.31315677,0
4.623629593,0.0257448,2.334111602,0.153885445,62.10354496,797.7772838,58.45032674,99.01838754,0
4.713656067,0.023211074,1.975728325,0.147942872,72.25409462,,49.5251423,103.3818483,0
5.157070429,0.021514735,3.182147387,0.142303962,84.94449746,810.5113399,48.42072819,101.2721616,0
4.290627551,0.027143749,2.289701657,0.146683468,74.02110386,784.9356939,57.90989925,96.38525107,0
4.714510246,0.038844348,3.058114075,0.143096029,72.04816347,767.7895929,53.00459835,99.76620196,1
4.656024636,0.023745011,2.889278611,0.159776421,70.34473714,749.3627584,68.68103794,105.651165,0
4.120792671,,1.639087208,0.144854954,83.65065516,787.1992235,56.67405648,99.70458291,0
3.680680368,0.024226557,2.321280552,0.13895317,77.32820405,821.1785558,41.64747369,99.85635816,0
4.451193061,0.026882012,3.19808542,0.148082807,72.83906512,791.4986567,,97.30353197,0
5.048692059,0.017163775,2.784126232,0.159756301,87.15792234,803.1022444,55.90154635,100.0490211,0
4.874830066,0.007306187,1.454347155,0.151601863,46.3429332,823.1960498,45.29012179,96.09277883,0
4.590813823,0.01230474,2.854383897,0.171141906,64.75461366,770.9320014,40.04352742,105.8672511,0
4.386839595,0.02143703,2.232263929,0.151740054,81.08493375,786.0701774,51.13220493,101.9049543,0
6.133420121,0.0237654,2.156752474,,83.20132599,831.8504017,52.50283646,99.7037457,0
4.238026208,0.013846902,3.023904287,0.159023287,70.61243344,795.5890044,,102.2842029,0
4.162799169,,3.580880941,0.147452222,56.50537729,797.3157901,56.20322305,101.6578623,0
3.919330551,0.024775054,2.471483834,,71.67652421,765.7052878,56.81846574,96.60101238,0
4.126681108,0.02149153,3.064640534,0.152239429,75.47192162,,55.39029209,100.0311395,0
5.093524321,0.02553938,2.122791769,0.135989725,65.8120274,799.1705682,44.63876886,107.0727248,0
5.489796696,,2.642053946,0.156282498,75.43743369,823.7389765,54.95403149,102.7433579,0
5.230152539,0.02472945,2.382585312,,72.05996436,799.3211091,54.48170969,96.9279102,0
4.890044176,0.012166163,2.043802171,0.15866107,59.16766751,814.28958,64.46265339,104.6139687,0
4.120867665,0.015581868,2.07606239,0.155758803,83.01607133,757.4414506,45.72720542,98.18138187,0
5.145142101,0.0195165,1.686892225,0.155515194,84.0970657,744.7417012,42.88988478,99.35030729,0
4.122032851,0.021628728,,0.15058058,65.50814334,789.4909459,54.64389494,100.7007671,0
3.950231696,0.019757693,2.064958932,0.151828175,,784.0665025,50.47463328,104.0282741,0
5.00100512,0.02956484,2.484295507,0.154964041,65.02337938,814.5825814,58.06392838,97.46341269,0
4.479360488,0.023383042,1.198937471,0.146829283,71.63349434,778.8765521,37.87194335,96.6739777,0
4.877355541,0.032767305,1.690952277,0.153787414,75.61789638,801.9427368,46.9725626,97.6598129,0
4.664757311,0.016213009,2.817856135,0.138576852,72.4207063,822.5265,52.05535975,98.13929627,0
3.607645083,0.028504941,3.053250416,0.145442532,70.49365841,803.8102977,63.14851166,103.5027403,0
3.923049653,0.032482446,3.325471957,0.14101825,60.00694176,807.1924392,57.72266022,98.44534332,0
4.466293878,0.010855143,3.132975927,0.134921441,56.45003122,781.6170768,66.75937973,95.78429208,0
5.363327601,0.024042128,3.282756587,0.162302504,58.91001219,830.0126513,50.27326904,96.71501152,0
4.317782341,0.016827143,2.949883737,0.152508998,69.16332776,789.7261176,54.88366378,99.57484768,0
4.368286031,0.01409149,2.539378414,0.145155389,86.48264843,831.9223705,60.16047726,96.83532295,1
4.064697477,0.024230331,2.711500261,0.141913344,,824.279526,44.62213795,100.788998,0
4.746469179,0.01585045,2.366594268,0.159476493,73.93950457,793.7881383,52.00883764,98.14750526,0
4.621076777,0.028245996,2.38888961,0.152273153,60.18032098,854.4394597,51.35661323,99.98465173,1
5.666903073,0.024829911,2.856609901,0.144256464,93.29162369,754.6301337,52.4745302,96.36746334,0
4.866109718,0.01954095,2.095763184,0.161066049,73.05182047,780.1932827,60.00776071,99.47295033,0
3.787370277,0.026351432,2.896617717,0.138515275,75.76254613,806.329064,57.32319652,102.6912463,0
4.621271792,0.022900738,2.066477073,0.150254557,70.3381129,795.3915932,53.20495206,103.8068109,0
4.036366854,0.024336714,3.009803641,0.14645163,73.26231411,821.9409732,48.64731732,102.5493027,0
3.671679372,0.018983497,2.110331947,0.148245099,81.23153204,748.628964,49.86486848,97.00187153,0
5.395260482,0.018808621,,0.15648934,68.38355448,781.7690091,59.36014072,101.8089337,0
4.37613079,0.017049267,2.160307869,0.163512132,76.23639608,758.7520628,,97.37975589,0
4.003432311,0.030957649,2.106341807,0.133504465,77.9488929,767.5392758,71.84501019,99.59811553,1
4.318118655,0.020525282,2.086156482,0.145703244,81.34081244,806.8983355,42.33918093,100.2872138,0
4.099792495,0.031444985,1.718264808,0.160262291,76.92605098,784.2051844,55.29952855,96.57482169,0
4.061767414,0.023203071,3.01282342,0.150253227,79.88538313,798.3001346,55.01501102,100.5362048,1
4.366979011,0.018483136,3.491324009,0.160023704,64.4278494,802.3887745,38.50192316,98.02551116,0
3.869099917,0.015728599,2.802092101,0.147490878,78.44299129,770.9307036,48.10552244,104.0580955,0
4.611846977,0.016787095,,0.137255375,56.34773087,832.7596031,54.53410221,101.7317589,0
4.701241192,0.009931251,2.040092074,0.147194861,66.67050547,826.3202516,59.08785922,97.44888322,0
4.672402657,0.026713395,1.944504867,0.154567884,79.82983274,817.3549185,72,101.8162624,0
5.072905798,0.018590543,3.012270959,0.162739707,80.99334517,784.2176133,54.92345905,103.862074,0
5.16178083,0.010379267,2.284996799,0.143937209,78.51311091,759.538435,49.19208966,101.8905764,0
5.230416507,0.028460485,2.725567882,0.135029806,65.8179482,791.8920395,50.75799499,103.3278363,0
4.054257553,0.025460439,2.854849824,0.154040052,67.50800346,784.3589906,47.15030464,101.5489182,0
,0.013199059,1.882034934,0.158302065,67.81382982,807.8841454,42.40561151,96.78853985,0
3.926236184,0.025703357,2.886991631,0.145562596,61.21415201,814.5575765,59.41176612,101.453993,0
4.074106624,0.01436791,2.55898921,0.154335395,60.33486397,807.4888621,60.9097456,96.13654786,0
4.355581955,0.0197053,2.417336657,0.171823589,80.65771751,774.5579954,50.63351524,97.09604491,0
4.278587159,0.033923283,,0.161575234,78.16626197,813.5898101,57.65083527,96.92485734,1
4.940449424,0.023958027,3.544609022,0.146591335,55.80441909,848.1912897,45.33351041,101.4720829,0
4.828870827,0.034809877,2.409002797,0.140847274,67.86598566,814.3765532,49.46270688,100.4857894,0
4.3021297,0.024222141,2.787648281,0.167416479,87.14760577,755.7749112,37.34336073,102.7600321,0
4.836537782,0.025397244,2.211173457,0.152526069,61.18279266,830.9463935,58.54434305,100.3944194,0
4.418769784,0.017965555,1.796577066,,73.94549514,752.7305601,47.34997413,100.673942,0
3.704875404,0.021127706,2.837140361,0.150066842,77.62852767,807.0457515,49.65796424,99.62355274,0
3.455639704,0.02845794,2.313200622,0.151721457,77.95162525,783.5788825,36.13005632,102.3398725,0
5.329456643,0.022911068,2.952492779,0.142004258,52.66329653,847.9627708,37.37381713,104.4846205,0
4.099780927,0.014114406,2.22832451,0.149389952,77.51076668,782.8118609,38.71727624,101.8375453,0
4.399483698,0.0161376,3.19107018,0.142694323,,759.2223569,56.31138552,98.97681417,0
3.732380314,0.024173109,2.168360317,0.152830626,76.62509301,838.5503544,47.37193083,99.34810245,0
4.659583901,0.019199934,3.768285816,0.146711592,65.63517743,766.2675192,43.85575926,102.1891344,0
4.990894134,0.023298271,2.660395695,0.16268419,80.28372231,800.9404254,53.27299911,96.08893452,0
4.09841975,0.021820755,2.516945624,0.133010357,84.8135485,740,44.22138728,,0
4.200057943,0.026542361,2.123782847,0.160675996,,772.8329368,38.05957887,92.14307089,0
5.323928829,0.024084593,2.498437635,0.141814279,76.85395908,771.0100753,58.58607238,98.84415037,1
5.541603538,0.024867148,2.124415918,0.151869585,64.81129547,799.6545174,49.20546747,97.53613448,0
3.213730846,0.031778616,2.894048464,0.150669197,77.25155947,795.4066024,43.57778545,94.69568283,0
4.529742088,0.012520139,2.107189607,0.14456915,74.75081274,802.401422,53.07602936,102.2099275,0
4.079078178,0.039181397,2.5924173,0.154332958,69.42953588,806.2546676,41.0795059,100.1640209,0
5.194442069,0.024562794,1.865122491,0.15307635,72.81154093,798.9235419,52.31611254,98.33000387,0
4.549351771,0.027639288,3.330190361,0.150201024,,748.1557737,56.05032601,103.6602086,0
4.551592821,0.028676117,3.044140115,0.152506391,83.05879172,799.0802962,44.96503399,103.9485053,0
5.049775826,0.02198975,1.952383746,0.157780123,78.74294484,766.7618156,69.70525421,103.6657678,0
5.03498132,0.019709888,2.350921664,0.178873696,78.39205395,765.6320345,68.06531236,102.8725782,0
4.753506598,0.05044401,2.75696676,0.14408779,60.08304799,860,42.5333122,104.8607473,1
4.93116505,0.014427072,2.475027469,0.145809239,59.11612899,809.7080609,33.5806334,98.40935727,0
4.878818487,0.027071061,2.851138415,0.164307477,64.67195216,775.9245897,56.56992517,100.4694769,0
4.512093265,0.021634436,,0.153809571,77.34556467,801.731996,46.69144112,101.6775993,0
5.756936093,0.022520436,2.723969548,0.141475467,77.26857578,798.500586,43.0707284,99.25284029,0
4.646446328,0.018756359,2.264627469,0.184270042,61.75812897,806.8599852,43.74707893,103.3372521,0
4.080691092,0.022325516,2.369003997,,75.11621031,816.9856814,52.01777031,,0
5.167934922,0.019574645,2.146649086,0.136225909,68.71391239,789.3783083,41.12658288,103.8279855,0
4.472022598,0.028342617,2.843444577,0.132871282,66.89524159,817.2901057,44.08754853,96.50125977,1
5.119606805,0.022750332,2.329807178,0.150563021,64.51744734,784.260967,51.7529506,95.35604767,0
5.212217941,0.023201753,1.982549102,0.141028579,68.16625649,802.7098918,60.235413,99.34311007,0
4.438146842,0.025510583,2.421919803,0.14984704,60.56920806,856.2941763,65.62327411,97.57843667,1
4.627089446,0.024842989,2.615314005,0.136280369,65.79756332,819.8152765,44.34096748,97.05657254,0
3.730465857,0.024826981,2.590459876,0.145792104,82.48841761,812.5441068,50.87778005,,0
5.050246791,0.015695309,2.587064999,,65.65619697,814.289342,61.29618474,98.35218998,0
4.675702161,0.010470145,1.521526518,0.146140326,66.45109594,860,49.68828419,97.66399946,0
4.960135441,0.020328975,2.907312644,0.154653567,73.84399794,786.8595206,51.00577542,102.3100895,0
4.114902438,0.027792758,2.194740041,0.160753602,78.29164511,792.1615026,50.97731841,103.1756574,0
4.292893676,0.029337038,3.248838499,0.134641282,72.23475501,788.8237153,38.71281853,103.3548928,0
5.225055445,0.025371531,1.754307596,0.157023094,70.58724835,808.051137,52.01745405,95.31637266,0
4.12289421,0.026562496,3.445220446,0.147321613,66.38856292,773.2181564,45.55469503,98.80826633,0
3.743751265,0.01525343,1.737742517,0.129917666,65.18938171,851.2033159,50.57766515,100.5779158,0
4.941858689,0.029386822,3.396519401,0.151432267,69.45173725,797.4224179,54.66970545,105.4702629,0
4.867969523,0.025400379,,0.146112816,81.14869908,740,63.39702689,104.7462984,1
4.494457374,0.032312061,3.434081975,0.132574479,,804.4808032,51.0356341,94.59181674,0
4.376558699,0.014345362,2.460439942,,78.54476668,779.6088981,49.04862387,109.8723171,0
5.257490866,0.030123579,2.294987489,0.137457515,75.37182794,,44.98783018,104.0786206,0
5.346473012,0.039702533,2.548436004,0.137042203,68.67129639,832.4321066,48.31434836,98.35457016,1
4.490076826,0.031281021,3.297596851,0.152423419,74.39986449,821.6738047,53.30887755,101.5658444,0
4.315609016,0.02502933,1.895348893,0.143910228,81.32371893,771.064425,45.22630701,97.99399693,0
5.257845006,0.02452592,1.946237083,0.143380127,72.54099944,800.8215922,64.83454297,92.55955558,0
4.678718933,0.020333965,1.888982196,0.149995684,82.98354908,799.7402784,55.78381011,108.0514809,0
4.4345631,0.034151364,2.748150099,0.162755963,75.17765415,787.462177,42.11757926,99.36088743,0
5.391970215,0.022888234,2.652689258,0.148700483,66.47713352,812.7744852,58.37962996,107.0297103,0
4.958918483,0.01763423,1.918752328,0.155871485,76.6976355,769.6892973,,100.7713131,0
4.031971497,0.043202816,2.487929074,0.146697756,81.93031926,759.2138174,42.93247289,102.2500512,0
4.774995553,0.02358318,2.719013798,0.132216418,77.70848651,767.7861114,47.18113176,100.1043523,0
4.949934589,0.014934337,2.595630151,0.164357382,70.53120882,847.1001946,52.43380326,98.92098638,0
4.672812056,0.011420028,2.082355181,0.148662436,68.53159592,814.536389,43.38342651,101.8169487,0
4.821585594,0.034905047,1.456773405,0.123503179,,794.9182594,44.93690915,101.1657407,0
4.443699551,0.019906692,1.552210089,0.164838904,80.82338315,825.9531765,52.92041917,98.51057055,0
4.709536074,0.023944354,1.426815008,0.166331099,92.24074136,752.0896876,44.44269534,105.3107732,0
5.383140937,0.025757605,,0.141183579,81.27166779,815.4884953,55.40146995,96.43093007,0
5.711061857,0.026063197,2.26822294,0.152002127,,804.7598532,56.88264665,,0
4.140906167,0.019988011,,0.15279188,76.03955246,804.6596031,47.59775724,100.327251,0
5.853475536,0.038895057,2.182847985,0.163819371,,823.181544,39.11613266,103.360322,0
,0.021114244,2.522832113,0.141809658,66.2607273,854.9384016,62.27680361,102.8187362,1
4.599927831,0.02399473,2.411395099,0.15042205,65.65287755,803.5276748,45.77250936,101.527866,0
5.127883059,0.035884723,2.570132174,0.155221349,68.94224025,760.4797297,48.78181323,99.80593437,0
4.076253162,0.011669487,2.642495144,0.125531611,70.28534678,837.7373581,51.04075831,98.49544901,0
5.263062688,0.022442926,2.758511827,0.146130247,70.01051967,779.5390999,57.9999694,105.100883,0
4.580013225,0.03494553,3.028667901,0.137913371,82.35304329,782.0368036,47.88195181,100.0998041,0
4.563398108,0.017100405,1.652740321,0.139806084,66.63078474,778.1044723,,103.9876065,0
3.950073027,0.025454194,2.5316428,0.14868819,75.37333706,,54.42417423,103.5443254,0
4.376535106,0.031590994,2.944468551,0.132177347,75.61554161,799.5048828,52.73998049,101.448111,0
3.744241465,0.027580711,3.221803219,0.147165826,57.38417012,822.130517,57.75066061,99.25532602,0
4.23343775,0.010333025,1.479125315,0.154734874,77.15385729,800.6678061,41.51970334,,0
4.391052194,0.011547793,2.752408775,0.143331861,65.68453424,825.9700436,72,103.2834288,0
4.430961289,0.028294592,2.478492199,0.150274806,58.85455112,800.5724561,56.71793891,94.12021018,1
3.746251033,0.022895253,2.360477542,0.148047596,76.2302004,774.917537,57.59033713,106.6403523,0
4.533943606,0.030548067,2.113791524,0.175331471,81.98893767,817.1734013,48.97754762,95.2194189,0
4.064927045,0.018193939,2.153753089,0.151354921,72.70327697,782.4200722,59.29582433,105.7155912,0
3.940814944,0.022474217,2.591204443,0.150792363,59.18848919,770.1793772,65.49066996,100.1099742,0
4.350528089,0.025890049,1.814261036,,60.89599432,,48.50407979,97.46307012,0
4.502203638,0.024497194,2.169314911,0.140614849,68.19063329,859.16632,34.83384601,103.5705313,0
4.366246205,0.019808591,2.903315948,0.160238786,67.70377845,800.3282895,66.42169727,106.277655,0
5.706371242,0.028498965,3.301362414,0.156712971,80.71535761,810.8185761,50.0207283,101.8133437,0
5.548985581,0.030982172,2.341537881,0.146118237,68.2667809,860,59.41082186,100.1771359,1
3.153184056,0.00871071,2.727560086,0.155124693,75.83773848,830.2143561,47.59543627,103.2904593,0
4.085973438,0.027407081,2.82918534,0.144299581,64.97542646,781.1370724,46.38853394,105.1352128,0
4.783120381,0.034529129,2.628871252,0.148180524,78.920564,765.0881789,59.06762321,100.2498166,1
3.635881996,0.022887892,2.308888256,0.137335458,71.13881132,841.4628425,46.63703311,104.8735016,0
3.682760697,0.02307823,2.367121874,0.149511664,69.96567158,795.2280105,44.02603483,99.70169841,0
4.212740245,0.024744694,3.026023549,0.139270237,65.9137863,843.476627,36.78560398,99.13605531,0
3.646012861,0.024178392,2.344311326,0.132828445,66.33992192,811.5222351,44.922957,102.373106,0
5.020556132,0.0259094,1.65273788,0.143128574,74.09312329,786.391523,50.27327572,96.73498707,0
4.833503656,0.037065748,3.146507345,0.139919676,66.88952426,794.65863,72,103.5024335,0
3.327396156,0.024726855,1.804993158,0.160563834,78.6792265,811.3227247,59.4482985,103.9358354,0
3.302211645,0.031206758,2.80624476,0.130868216,72.28999554,770.0877168,55.78814035,100.244895,0
4.573995502,0.031996226,2.425603241,0.147657549,71.34007732,847.5216318,39.55259858,101.1367329,0
4.6457814,0.025431063,2.727327964,0.15389989,63.9735184,822.8291627,49.96030478,102.0584289,0
4.723693256,0.025968975,2.390470963,0.133538028,59.38742881,842.5897315,51.00096451,98.08612522,0
4.216886557,0.026052752,2.813686811,0.143135248,59.14346617,829.7044012,47.7554994,95.7291618,0
4.374653977,0.022513269,2.557326125,0.132386746,64.67918259,819.1930591,64.86093541,100.8435349,0
4.083333392,0.022873863,2.964269169,0.139151282,81.23988538,794.497471,49.35329821,102.4273251,0
4.190001635,0.019555106,2.83474165,0.146600088,78.92576451,845.3072236,41.00199791,101.1312091,0
4.958099196,,2.997010262,0.139110056,78.0917885,805.0913954,50.90007428,102.2134736,0
,0.020328681,2.444473552,0.12752352,78.62628841,860,50.73788983,97.9051408,0
4.56709318,0.021983958,2.173594024,0.126820142,66.93604325,798.756667,49.56476632,102.0164694,0
4.987508168,0.008246167,2.008472324,0.16373373,71.11311038,824.9119595,49.91937512,103.1044922,0
4.263821408,0.008362967,1.901846782,0.150182689,70.28794566,821.6329922,,104.4852421,0
5.305522857,0.022483468,,0.134017056,71.27216575,801.764006,66.09220385,104.4511862,0
3.808674165,0.021718128,1.706358098,0.134979837,65.61074142,789.8624782,53.7608323,99.65411269,0
3.802802869,0.018201198,2.047389521,0.158147618,72.98413562,804.6677497,59.5030564,99.83644894,0
3.795124805,0.019176978,2.520618645,0.141267693,68.48670699,791.4164102,43.4361669,95.75520479,0
4.779793269,0.011553775,2.670355299,0.152626743,72.10723999,802.8899106,48.47542253,100.6716511,0
5.197056238,0.024056862,3.379302304,0.151806395,73.98274922,793.9904313,47.65889003,92.82336869,0
4.13116309,0.031072088,2.51187856,0.152164091,71.96685808,803.3100548,42.09380264,106.5133056,0
4.805376212,0.025463556,2.664538585,0.164308929,84.64030416,785.2617991,37.98295236,103.3722475,0
,0.019534722,2.590186826,0.168674679,78.87328581,791.7334908,45.03576169,96.72439457,0
3.689341554,0.021243635,1.971501891,0.144909759,76.7292553,807.9385106,49.04074078,92.91979743,0
4.427689611,0.019295727,3.140906535,0.133848749,81.56245956,794.3506032,47.47594508,93.97930287,0
5.143054644,0.03221116,2.430308578,0.134213629,69.18572007,826.6103913,48.50652404,100.8303925,0
5.192649151,0.029280761,2.418413211,0.134445601,61.14118342,816.5308484,45.60665112,96.15374841,0
3.920985124,0.02180079,2.048112691,0.158978823,63.42851652,819.8592559,38.44081893,94.29005604,0
4.017940447,0.024852751,3.105149336,0.160245527,68.76046204,810.3103575,41.43629099,96.33897732,0
3.944131909,0.032744248,2.469236006,0.14354449,71.56924879,806.5797196,54.05593289,99.83735694,0
5.853661293,0.038942337,2.085290785,0.135262442,74.66142152,804.4345737,36.37202924,101.430009,0
5.199224683,0.017715746,3.072310597,0.159302159,78.02372977,812.9878622,55.9011278,101.9107281,0
4.267388621,0.041491546,2.815962761,0.140650891,69.43568217,818.2079417,35.38104285,99.53597845,0
3.6316673,0.024411797,2.980088607,0.140813322,81.81400657,787.5215624,45.90380079,103.2483376,0
4.204009429,0.016607655,1.963528705,0.156862423,70.1564856,778.6878599,49.86284387,102.64974,0
3.370288838,0.024434167,2.146807901,0.145555993,64.39015431,821.6439962,40.53771053,97.31011328,0
5.170847406,0.031344675,2.250020278,0.137666001,73.33958596,769.2981865,53.78922982,,0
4.518246412,0.019179948,2.52122907,0.160128636,79.76950471,825.9529721,,103.6827418,0
4.452365195,0.021484166,2.167732163,0.140561915,66.33925786,753.5352841,51.72990174,96.64170385,0
4.362425908,0.014546999,3.240525764,0.148249044,77.43813254,793.2246633,56.23638103,96.74817123,0
5.009254159,0.027548857,2.578332625,0.142877337,59.46203543,814.1459264,63.59810275,105.1861506,0
4.195094325,0.021277652,2.18223015,0.147521722,72.41443346,801.3373417,56.9780773,99.84955442,0
4.619929472,0.032963439,2.430717203,0.144587244,68.12739684,826.5544908,35.07791601,99.05767831,0
3.909539871,,2.371804357,0.144119544,59.62605383,833.8844195,53.75312291,97.78640648,1
3.628284549,0.032454124,1.919896184,0.145745063,73.55740754,793.4915546,67.51983001,102.4283465,1
4.679347836,0.022988922,3.192993148,0.145819179,59.49432675,826.7786989,56.86533655,96.8619417,0
5.633606656,0.020621727,2.884435436,0.158159107,78.03641235,778.3646885,69.98505822,,0
3.631167697,0.024225511,2.910084971,0.165404566,95.01113292,797.3388036,70.86742851,101.7201997,1
4.188956071,0.036223935,2.713232649,0.152107999,63.44882194,836.1843935,53.53871431,101.1285463,0
4.621591344,0.010481701,2.419403023,0.161808123,65.43704229,813.8156107,53.96143693,97.89045364,0
5.084166841,0.024880578,3.009569131,0.156796767,61.76093418,805.1450395,54.26218977,95.43490587,0
4.091134531,0.028355564,3.656531227,0.150461227,60.01868318,826.6408609,42.50865437,99.08365129,0
4.286562956,0.020704025,2.086490324,0.143602217,86.28239854,752.420002,50.03746226,103.1732399,0
5.687772662,0.020105923,3.062618346,0.151808312,70.01005921,811.4754702,45.37589311,100.0618543,0
4.61458386,0.025606584,2.427608812,0.156415814,77.52866307,823.975383,49.63413399,97.70205943,0
5.062380861,0.042590214,2.746828067,0.154870644,77.64023461,806.1464962,47.34439875,99.97423736,0
3.606208268,0.022721176,2.327047251,0.159108668,66.73519033,778.3944843,33.72976119,101.9034947,0
3.724608971,0.018748976,2.794443539,0.155077976,75.61424017,795.9738219,43.1554739,93.99635921,0
4.691336143,0.019150841,3.667933783,0.13236579,68.23443581,790.3788555,49.77338656,98.52780659,0
5.680183965,0.005557242,2.490902891,0.137738052,96.83072259,744.7732535,32.60775107,,0
4.890811343,0.025168427,2.009700116,0.141661952,77.19308933,806.9110544,36.12467962,99.97276309,0
4.675742403,0.034135012,2.443819152,0.159693052,75.73495581,799.6618135,58.98028606,104.5257647,0
5.209968896,0.030812362,2.78183707,0.157543022,80.3488174,774.989594,58.3795918,95.61462739,1
3.031192196,0.020555185,3.155836012,0.150675673,74.32761188,788.5700679,39.48137718,99.61585012,0
5.651613214,0.022163465,2.556193295,0.144919304,77.85153516,777.1167911,52.62577018,94.45588341,0
5.949805363,0.022774726,2.194405849,0.143630804,83.74793914,787.7792687,42.1491186,95.75167118,0
4.962083697,0.00906892,1.198503278,0.124163039,82.57402012,758.9543485,57.30960455,100.1133873,0
4.07313091,0.021945677,2.979403822,0.135893466,70.99172172,786.3181289,50.20235365,99.95979877,0
3.495937544,0.022482254,2.245813262,0.165155911,54.78559174,860,47.70620464,94.77521089,1
4.493539809,0.025169102,2.084206518,0.136279293,52.75629993,824.296473,48.69077002,99.9203976,0
3.81785571,0.017023086,1.57053965,0.153311172,84.72420185,793.8752776,44.85855702,104.0949486,0
5.098474605,0.020250023,2.818031375,0.154290544,77.29427802,763.8664007,60.402764,101.4745138,0
5.398130979,0.03857449,,0.154275675,87.39285438,830.7792445,,99.63072661,1
4.241954212,0.01880567,3.087781676,0.151067109,74.07170801,799.658052,42.21149618,103.3008165,0
5.412179931,0.014022902,2.926546549,0.136565377,80.72810348,858.1993122,55.77476877,99.69922463,0
3.789439716,0.022214237,3.580703984,0.154118123,75.77140217,,47.72886033,103.8915871,0
5.032119948,0.028171015,2.307614804,0.137110708,78.29578711,778.1896242,55.44122474,98.86295627,0
4.167762072,0.03082155,2.620376763,0.151102651,63.61638594,768.6840126,59.4611001,101.7383529,0
4.45639429,0.016076426,1.794166922,0.156751665,56.33279549,810.7869357,57.63780409,102.4110346,0
5.516737068,0.029334024,2.614425037,0.141583591,84.95166369,819.8426484,51.86241953,101.7191389,0
4.567098645,0.023418477,2.486996366,0.162392836,69.79811723,817.6686174,58.78924406,101.8271514,0
5.015496897,0.029145403,3.408519334,0.138105866,72.94469824,810.6354619,32.94343717,101.1248121,0
4.805422861,0.032549306,2.331800884,0.127152024,74.22619102,770.672202,47.968038,102.0556074,0
4.499021103,0.018275417,2.432601692,0.155846385,78.42223168,774.4643606,44.03086249,94.06046624,0
4.347060554,0.021817721,2.190523303,0.145242674,72.48819689,804.2547671,60.65346974,101.2188498,0
3.292021133,0.026457439,2.884639479,0.144249395,68.02711966,810.5064363,62.56836995,95.52681274,0
4.820352575,,,0.153601589,76.75785742,818.0990418,43.97844669,108.3447193,0
4.208333072,0.016274169,1.750615159,0.139217549,78.34483309,784.237843,49.41201656,99.32259355,0
4.177029384,0.050149041,,,64.24083754,823.425788,39.2686589,104.2020568,1
5.203016722,,2.681551165,0.157989115,77.9688777,818.0544008,37.52308366,102.202924,0
5.048171617,0.024447701,2.014492534,0.147256152,66.27195974,787.2149181,43.66487512,102.6127583,0
4.215774805,0.031999492,2.371442644,0.143445755,70.09217592,813.4095242,40.9797483,102.0090196,0
4.445691608,0.032479698,2.047261456,0.152119284,78.33582189,813.4216996,58.84137902,98.25992907,0
4.898997637,0.03408153,2.243287113,0.154331565,65.86335616,799.4794975,48.0918609,106.7284759,0
3.875513771,0.021769499,1.730248697,0.140546606,68.78614021,746.8626199,52.61957006,100.3819757,0
4.213882552,0.029611125,3.325782508,0.149840313,66.37731883,769.515357,52.9848207,98.33164507,0
4.122965343,0.028569763,2.640962411,0.150169958,65.51486219,807.9949634,42.40494828,101.6047002,0
4.522714518,0.035462467,2.784773398,0.147679648,77.25939634,797.240874,45.6511923,102.9702924,0
3.726788479,0.0248081,2.901958265,0.150536388,68.51726877,785.5356825,50.14121237,98.02430511,0
5.327290524,0.012472755,2.242332859,0.151505086,69.01298844,786.383142,42.92391177,99.31593747,0
4.84780029,0.018919612,1.686939004,0.150719125,70.1643859,776.8389813,36.4465986,95.78788598,0
4.273747245,0.020567535,2.176213359,0.159191136,80.03442302,860,36.5659597,96.37539749,0
3.874179597,0.023376551,2.609437829,0.148560121,75.26805615,770.2863853,49.32659891,102.4260484,0
4.755855844,0.026147709,3.026322526,0.155624072,78.57304408,801.2295835,39.55263512,99.61970415,0
,0.019784696,2.952670232,0.14514158,62.91589857,829.0433802,40.78002045,101.7103554,0
4.439767218,0.017074647,1.380014861,0.146651686,71.82732538,812.5028361,55.1803065,100.1226298,0
3.956386237,0.026545796,3.004021964,0.136803812,78.27934465,763.3540121,54.96720161,97.09327668,0
5.000457488,0.031274118,3.269270249,0.140202761,49.86548219,834.108131,49.92331105,101.4687612,0
5.061974095,0.033532276,2.283536635,0.158782951,73.0886586,806.4085561,52.74398161,97.39947627,0
3.558606311,0.015701432,,0.151002998,79.18921671,808.0798593,34.9674117,101.7512365,0
4.963464405,0.024558018,2.560206128,0.143239732,64.91557487,817.5498231,61.59124495,97.87253041,0
3.746936446,0.014235712,2.496569769,,58.55328534,828.7631088,61.65899171,94.93092997,0
3.870467576,0.027624349,2.091148546,0.146135304,56.44914777,,54.77401594,96.25586146,0
,0.023887058,2.84898675,0.161421869,78.27471344,797.5887056,64.04821681,99.69503445,0
4.301479268,0.013070496,2.909518171,,78.53594047,777.3337611,36.87640751,93.90421046,0
3.232613101,0.02445448,2.06013297,,70.87829669,765.0425975,56.35047207,97.65005138,0
5.255319422,0.018410837,2.330385738,0.127173967,85.82152948,766.0319603,44.55402541,103.3486686,0
4.676753832,0.023552898,2.52553235,0.150538853,100,771.3530741,60.63531275,99.54096227,0
5.627118894,0.0238355,1.702039792,0.140888804,60.69642181,806.1044857,48.13668637,103.2075562,0
,0.028586202,2.59437971,0.144390208,66.32892039,852.4067586,54.37726553,100.3852345,1
3.835801156,0.030627172,2.700453131,0.143044302,61.54191724,860,48.66382001,,1
2.775654655,,2.195875569,0.152472192,72.14709758,783.7171385,49.33630244,105.2768504,0
4.754770227,0.027264404,2.661606857,0.141635922,70.13165798,773.4219178,52.62267244,100.6757619,0
3.91577191,0.029141227,2.281658246,0.137191758,79.48571401,806.5279571,42.56579518,98.01060828,0
,0.028646455,3.11387552,0.142792009,73.75333637,833.57114,50.6725403,102.2935818,0
3.762977892,0.014153993,2.100534772,0.142179459,82.73925462,797.1592557,41.02938731,102.5997022,0
4.066185586,,2.370850783,0.151355129,83.78303984,806.4890068,37.99066047,99.77990089,0
4.435724791,0.022141715,2.156164672,0.146404466,63.26769443,821.1036372,38.67401866,99.93287477,0
4.132485766,,,0.160416829,57.17666705,808.6925615,42.23434628,96.0264387,0
4.90939683,0.023019239,2.245330263,0.129186738,65.08437958,854.5604427,48.99462838,99.29088549,0
4.621343652,0.031769466,2.815742313,0.143007071,67.62931676,,43.37775491,100.9988366,1
4.641486656,0.026382984,2.235369738,0.147913757,75.67798827,802.7423717,32.73813577,97.27678288,0
5.691929658,0.020497265,1.935671068,0.141745901,71.94271937,794.9171863,38.63536751,100.9385238,0
5.462396176,0.007729308,2.552713869,0.162246013,70.92468939,791.3644567,40.05126564,98.03958135,0
4.526647468,0.023358127,3.411076635,0.151453151,67.1382936,823.0060981,41.28010443,99.91039629,0
3.544662921,,1.46199764,0.140402449,70.95757481,772.0024376,39.37177155,97.67068088,0
6.135263782,0.021853409,1.304260046,0.147846769,88.96951451,782.6140897,46.77367546,97.12158676,0
4.692847995,0.022350201,3.64865984,0.135443843,65.66633162,821.1856947,41.88082164,100.1151866,0
4.427017238,0.046622003,3.298298951,0.148944694,82.0095105,785.5323496,36.73338753,99.04901809,1
2.5,0.017498022,2.973218212,0.138813826,67.6185723,800.9981234,43.74765355,97.89696241,0
4.910905572,0.032248774,2.893214466,0.147665397,75.89756358,805.0402527,48.37728788,101.5968336,0
4.170760288,0.020930468,2.470630868,0.150473736,77.53546848,776.7333785,60.62880668,98.50780334,0
4.479807209,0.032225745,2.508466005,0.12769742,74.68404815,857.7733589,54.5549366,103.9593632,1
5.143112403,0.034767506,1.836272472,0.140244775,73.78021172,769.1197156,,102.7543827,0
4.009269757,0.020625363,1.626532646,0.149605422,73.68528355,821.3392892,51.0678924,96.42886842,0
4.630208087,0.01750256,1.806950399,0.146061152,71.19037466,778.1390068,40.27933376,101.3101551,0
4.951634499,0.030920533,2.233687979,0.145011731,70.84985932,830.1083527,57.74058092,100.2580992,0
3.377351999,0.0307441,1.608303251,0.150492791,64.01928138,819.269085,58.98121022,100.6790349,0
5.109505384,0.025266266,2.523001696,0.154041957,54.88821248,858.9559058,59.37802161,101.685138,1
4.721077402,0.023189694,2.759409305,0.143929622,72.80994206,,49.96148309,96.39134565,0
5.266911676,0.029999966,2.261230115,0.148001042,70.62687141,795.5816,50.3345825,103.2896932,0
4.169904634,0.036600192,2.767797586,0.160042584,61.95845786,806.2351553,49.16404593,100.1334035,0
4.742030494,0.027658862,2.590162633,0.147175402,78.62799088,800.5275326,59.08895012,101.5677425,0
4.342475229,0.035428029,2.509972225,0.142636453,61.67719727,817.8951511,42.15303065,99.21019696,0
6.10647775,,2.83282128,0.157555742,80.28086227,809.5927067,36.59468389,99.17319129,0
4.524085048,0.02411977,3.322117784,0.156359544,77.14071616,784.3079785,51.60514289,96.62547336,0
4.364511585,0.014877087,1.894910119,0.161614975,66.26401119,823.9655064,58.63055608,103.5314984,0
4.564086498,0.027691921,2.707076808,0.159122365,62.8516124,810.2062361,46.00805431,104.1957889,0
4.407865617,0.017845116,3.654410056,0.160304496,78.74336043,767.4968391,37.85522193,101.5276565,0
5.324466282,0.022891832,,0.152622169,67.13566853,802.9233015,47.02248135,109.2254002,0
4.621696936,0.023060659,2.359606789,0.167215059,,799.6290443,46.80471148,97.31283269,0
4.313723713,0.034972369,3.719052039,0.144998915,82.61181951,822.2980355,41.98780457,99.90722594,0
4.762552927,0.024613764,2.418289427,0.143622667,73.8969275,805.9682768,54.5064657,100.1664817,0
5.009725358,0.02113837,3.162246713,0.147564069,74.50435822,804.229792,41.24121766,97.06652648,0
3.646108694,0.016716714,,0.144343621,82.79902539,809.4031002,52.12900491,99.77753699,0
4.358018896,0.027985756,2.304975256,0.140121902,74.62144374,809.2231962,,101.8718484,0
4.401166375,0.018074503,2.787754838,0.153240079,79.67656194,762.263384,42.92742583,104.0157675,0
4.326872339,0.016622639,1.259009253,0.143196874,61.55754659,822.3411377,55.18097843,,0
4.492015467,0.024918145,2.254267541,0.148154564,67.88074371,805.7581237,65.02588163,103.6451721,0
,0.032378881,2.945412897,0.151253538,80.49061047,762.0171568,55.99888408,102.0512647,0
4.795601506,0.038217669,2.579984997,0.148404843,80.42740046,793.3390305,44.08898891,100.6530785,0
4.620386865,0.027320303,2.325505976,0.140173099,65.85714375,839.3543196,37.50415328,100.4072315,0
4.653625288,0.017473494,2.302532906,0.155108872,72.2339629,807.6469671,38.30266937,98.98009819,0
3.738503575,0.029727857,2.997891638,0.14865312,76.08272029,836.8574005,52.804127,95.46169666,0
4.838048233,0.024746434,1.947133968,0.120641364,,796.9560287,48.27855276,101.3873137,0
4.383135203,0.034463025,2.520299774,0.146515504,,827.6066499,49.36391986,102.6996888,0
5.324794604,0.022041968,3.399231151,0.155931764,74.62556429,813.1065656,42.09576685,106.2039572,0
4.180382834,0.030232099,3.216073607,0.166900067,62.75948879,830.0060812,53.9287724,103.2927616,0
5.202484617,0.015681718,3.040442817,0.1683791,,747.0252886,45.10778337,98.42893477,1
5.198751137,0.023762755,2.344551701,0.138499279,60.42788555,815.1218478,43.10890848,104.3953737,0
3.562527866,0.020245877,2.997808842,0.128470832,64.63795889,798.7482681,37.33971859,100.1617598,0
4.640650858,0.019577001,2.172565991,0.148710887,72.94826765,808.1509173,45.88581778,102.8427472,0
5.006907023,0.033182661,2.977580042,0.138194704,68.26037081,795.7523418,50.94722976,100.0091786,0
4.137435607,0.021689815,1.92038718,0.13263837,75.46720771,828.6240973,58.77894615,106.2348379,0
4.91441015,0.028022889,2.433153988,,66.15769855,797.4971566,48.70916764,105.1281492,0
4.876987687,0.037806409,2.554831147,0.126300629,66.38390233,814.1187517,54.1570066,96.98695069,1
4.525104496,0.02950068,2.773721256,0.13985735,58.70011803,780.9510507,57.28786209,104.5416826,0
5.098764149,0.027793541,2.455995208,0.151724179,80.45553202,801.3611095,,95.87067361,0
5.069042082,0.033802919,2.15079854,0.149916429,71.99457925,781.3495379,61.79830228,98.78817272,0
4.193216069,0.021044872,2.101236432,0.162210046,51.38602606,816.7705154,43.19400914,99.69376868,0
5.172923174,0.031356219,2.27970892,0.158775304,63.41600308,803.2550858,28.03554203,99.08284089,0
4.571641145,0.03336754,3.167005121,0.143569656,68.28276265,860,56.28944487,98.85076661,1
3.725302997,0.01753623,2.390442141,,69.94454066,820.9781529,36.96831608,99.40475631,0
4.403673159,0.03385597,1.542927323,0.144960288,58.38224734,816.5043305,49.57206874,94.51368353,0
5.897410985,0.029595854,3.984979856,0.136155254,85.18259618,789.2053198,35.29311127,95.25120541,0
3.773666077,0.026259202,3.078653985,0.129138928,77.22181284,794.9486622,37.33166857,98.70093903,0
4.551619499,0.019573787,3.284316025,0.152477756,70.4859987,816.6337993,,97.14128946,0
5.630324125,0.013110742,2.651179348,0.131173188,80.90080835,815.781549,45.06556452,100.9626884,0
,0.021369401,,0.15306357,,800.9751154,61.40195547,104.5538435,0
2.830524674,0.022704093,1.988569589,0.152777605,66.80935357,787.438681,42.08532675,,0
5.062994315,0.015975483,2.631504225,0.138444014,71.49287798,834.6396612,53.83978978,103.7947617,0
4.085997318,,1.672444636,0.139683296,83.83805881,772.172142,45.02699132,96.25254943,0
3.701600215,0.022484829,2.471206772,0.146895407,62.31425511,822.6083498,49.16625004,102.3643436,0
4.04224986,0.021717226,2.979174268,0.14266789,77.22202231,764.4025379,45.56587137,102.3276256,0
4.497352365,0.026720879,2.356852378,0.16455868,62.36370221,809.6938098,44.78243583,97.62850974,0
4.597939113,0.019691331,2.37038984,0.155225438,81.82588343,810.529278,45.2782832,100.3048643,0
4.569982762,0.02043865,2.641947851,0.143592669,75.72679931,801.9920219,49.98358219,101.101011,0
4.109589326,0.027318952,2.253510917,0.154533366,74.49309657,,56.40723334,101.8946059,0
4.627740907,0.028140353,2.36731831,0.146082426,53.01072635,822.1628469,45.49834164,100.0660743,0
4.648338101,0.02103374,2.757433992,0.150267522,81.6760495,801.1430738,58.25997858,98.38222307,0
3.917932692,0.014274191,2.52915388,0.148257909,79.04758007,783.2705173,60.7720457,100.9610603,0
4.445423012,0.018549206,2.46124927,0.135281949,58.31451802,749.0622996,53.8684117,95.4444445,0
4.618891142,0.025175454,2.6117653,0.173309069,76.78710346,816.1898975,57.4601829,102.1672392,0
4.805767312,0.01867904,2.965362725,0.151456505,85.01265741,802.4245482,58.33513156,100.6696812,0
4.381753103,0.024613852,2.876617937,0.143762177,84.7627568,772.8141325,43.87559201,97.57252483,0
4.335416215,0.030059223,1.480830326,0.140342473,79.16698749,795.6130827,57.81726402,95.88753359,0
3.447487539,0.023040373,3.332447369,0.152648682,59.67003161,805.2997374,34.92511701,104.5691363,0
,0.021952442,1.73648796,0.11583476,64.69125933,795.0094217,39.40095809,101.2543567,0
4.81343599,0.027403887,3.179976708,0.140713237,79.7705798,740,58.33705307,101.6389128,1
3.821549924,,2.731913387,0.167409559,75.02064613,829.5736587,65.1235532,92.34881253,0
4.016753507,0.018845589,2.917299972,0.166786983,67.54354851,822.0949322,57.00038408,97.51960112,0
4.273826598,0.023329147,2.630347971,0.158543006,75.46845696,740,40.34136544,99.35222568,0
3.732725976,0.036066823,2.431864961,0.140738919,84.71783534,810.8527847,50.79844699,96.13268543,0
4.49736073,0.023130717,2.34961503,0.142713698,62.62067882,842.7026046,51.74400635,99.59563293,1
4.727189805,0.034553531,2.888631804,0.14823557,64.62970284,805.3211896,64.42958907,101.5176012,0
4.815209073,0.017539816,2.455282429,0.144849913,79.30009891,803.6585043,56.92040537,,0
4.528320603,0.032184378,3.256201117,0.132551546,78.81974525,756.1333913,52.457014,99.29628676,0
3.275002753,0.030020789,2.95173121,0.144544319,73.39823426,790.8474207,48.47899354,99.94626451,0
4.000425968,0.017502293,3.252369172,0.14781658,,838.3807114,33.63553505,,0
4.725403304,0.025303556,2.081741425,0.155511232,71.96770294,787.6292973,45.98691682,103.0853199,0
4.452890739,0.018605033,2.578205289,0.168848879,61.2585538,773.5918118,55.78524683,100.9256765,0
4.370655766,0.014747647,2.517920992,0.160631583,85.12416475,771.3610039,43.06716106,105.3657548,0
4.962136861,0.012945703,2.308930702,0.14006668,63.56350229,823.8423146,52.4437934,101.4312754,0
3.841318898,0.033275562,2.383921341,,64.84585147,768.2677626,37.92551501,103.263271,0
4.11470698,0.032816332,2.765475654,0.155909997,74.49222425,780.9572082,46.25519206,101.0152153,0
5.014328862,0.032928389,2.586362485,0.149522238,78.50996578,758.2881349,65.29046489,100.725599,1
5.560180573,0.017636529,2.802493672,0.151462557,84.94443098,758.6605213,57.279047,102.6541384,0
4.220044133,0.005,1.168387615,0.16537375,61.19813217,782.1273804,51.43325933,99.40943298,0
4.079826271,0.023007519,2.886120451,0.147647895,99.48627988,759.7697734,46.20351212,97.83881862,0
3.898395118,0.028700496,3.782735492,0.147399672,75.85847737,802.498234,56.19270769,92.49135636,0
4.881119787,0.03714008,2.423909281,0.144781394,79.29042331,837.8351177,46.47574378,104.5154373,1
4.235506642,0.021663741,,0.153761496,81.2711799,794.0064156,53.46948282,100.9226481,0
5.112944811,0.027722181,3.184970407,0.152011041,81.2172978,816.3333315,53.41527841,98.50057493,0
5.708826866,0.014846138,2.011576002,0.145148073,79.69282892,810.5660946,51.58867723,104.3258137,0
4.865609438,0.017994176,2.061911663,0.156376815,74.55927644,811.0352112,34.23864803,102.5059465,0
4.027629968,0.028910918,2.57079386,0.135054849,70.00568906,796.3727877,48.4682618,97.72424038,0
3.995351514,0.034062144,3.080828357,0.150744654,52.33245473,828.052921,59.86278611,99.23008849,1
4.155573738,0.017918408,2.153225055,0.153832178,77.83209869,802.3136153,42.89241219,106.7152103,0
3.695302075,0.028507559,3.46272334,0.120473399,72.99159054,782.2793165,49.29942782,99.71914978,0
,0.013974642,2.2275071,0.15429082,72.48663141,792.827263,66.9721249,100.2529687,0
3.728731848,0.022169261,2.424397082,0.150199934,63.42418744,824.9475193,48.87988745,101.6704192,0
4.246210136,0.020478289,2.960221576,0.142418894,75.26965435,783.2405022,53.5277375,99.1411475,0
4.491353965,0.018596657,2.116229009,0.174216655,60.35072722,789.3439376,55.01670764,103.67079,0
4.176306395,0.029934709,2.864790633,0.141359227,71.0308694,815.9940441,43.52257485,98.98600949,0
5.221867,0.036725001,2.254441114,0.142732198,60.38310614,796.9278372,67.58690147,97.29564297,1
3.767669217,0.022414891,3.419579457,0.146289355,70.80949099,793.7233992,63.69822846,101.6833828,0
3.431492896,0.028192668,2.638507088,0.146896616,73.91535282,775.692277,50.28393889,103.1172355,0
4.436954305,0.022572378,,0.145158896,75.55197409,800.6954522,53.09881443,101.2367168,0
3.084813105,0.029919991,2.511596315,0.139553347,,749.0532463,55.83942291,101.5424201,1
5.075720246,0.022996261,1.938766759,0.148932476,59.5741021,801.4951388,,100.0350498,0
4.859511236,0.024744202,2.683496718,0.136609571,64.23199721,811.6542859,42.34768282,103.8977493,0
4.701519299,0.023527572,2.741720431,0.141584318,,759.7660104,61.91967293,93.43114213,0
4.135515804,0.022523909,2.263468342,0.147781623,60.16905251,841.3393367,46.01045325,101.6471521,0
4.863900643,0.024829007,2.754049271,0.152373914,71.18674344,798.37278,58.98636035,99.18935919,0
4.248989282,0.014526073,2.50115186,0.154322648,70.13068262,828.8834449,43.70849814,99.92779353,0
,0.019402858,1.796481055,0.163418808,87.03750745,761.5287745,51.53835145,100.490507,0
5.168720343,0.019406027,2.647645483,0.147578735,71.14450009,809.077841,55.83400841,93.62908913,0
3.963183008,0.023468371,1.823128808,0.139172182,73.9325625,813.5539322,40.54584813,102.6471217,0
6.024037077,0.025285798,2.704500428,,75.21692488,767.4930618,60.34220918,101.3789539,0
4.922852002,0.025221796,2.3352359,0.148934556,66.30402984,772.4116626,55.37065022,,1
5.077761751,0.012193439,1.798118591,0.13449023,50.31229215,846.2594154,,96.22354038,0
3.992263109,0.020609032,2.068368489,0.134888798,67.69989177,803.3545948,44.1410784,101.5077439,0
4.522430783,0.025059016,1.400914236,0.150613614,64.10222996,780.7963954,40.05740714,93.70008377,0
4.113163802,0.0428976,2.473171749,0.156952945,53.75234192,858.968815,39.50806238,106.2546762,1
5.043291701,0.025802771,2.588605491,0.145933005,84.61431435,777.8398114,40.79009455,100.7197777,0
4.877580434,0.022820402,2.89218665,0.157687674,68.81962184,798.3993292,57.48648762,96.7048222,0
,0.010758766,2.466678801,0.154641239,54.37710881,783.9788345,54.87515783,100.2514926,0
4.003097799,0.024879486,2.787840061,0.160544774,,827.8367768,55.8836974,101.1695442,0
3.654308665,0.021619155,1.861712871,0.142125661,68.08812641,840.2209688,51.96056676,102.225641,0
4.470618676,0.020590093,2.57835243,0.143693626,62.06882043,782.4641567,56.05219641,103.5956574,0
5.399323697,0.029571956,2.693704929,,73.91740126,770.1318686,59.37909388,93.75095215,1
3.333878364,,2.744430944,0.154472415,71.24707433,819.3802135,49.18900634,94.0766614,0
4.750476092,0.021432497,2.386452156,0.127646342,82.27278303,798.6147704,61.51081704,103.8331202,0
4.091161034,0.041891668,3.573143839,0.139182323,73.96741594,801.9640845,54.89657519,106.1687742,1
5.001170937,0.021341959,2.302356014,0.140085798,70.91788645,756.2874104,35.77109327,98.26886055,0
3.872073662,0.027020992,2.21384764,0.16123111,65.05617788,818.3590441,43.28614165,96.29280811,0
4.656308091,0.0294753,2.293798959,0.145912984,65.7436005,777.4506401,47.44596812,98.64554216,0
5.089556412,0.039630055,2.210003022,0.141674307,76.30167144,809.2378133,61.63689264,94.32270118,1
4.485280025,0.025774973,1.660452054,0.135124326,68.11314016,794.0170634,38.06457022,100.642605,0
5.026096545,0.023863614,3.137769389,0.14425267,74.54127084,775.4583394,54.72192626,97.97477839,0
4.443046144,0.024179723,2.130557565,0.162597155,77.04249271,822.7095497,70.99691943,99.86503017,1
4.990234102,0.022895149,2.434005379,0.149013533,84.5991018,746.9057474,29.95088535,99.51867152,0
4.59681812,0.022543445,2.623852703,0.119560993,79.67755506,804.0478949,42.46481551,95.83384888,0
4.606306335,0.02228897,1.480861938,0.155544923,76.01247816,806.3429876,56.85234119,99.44499461,0
4.626531963,0.018456721,1.958990012,0.131969762,70.98387643,787.9919578,52.30906427,97.72374859,0
4.977364037,0.028217513,2.565000285,0.160821404,85.55411194,771.7241948,51.63299723,98.03043662,0
4.110376452,0.024771224,2.489596551,0.145919457,71.69559242,757.5670363,43.63166299,102.7304587,0
4.709601327,,2.576048515,0.151792258,69.05875334,788.4654163,40.20889066,102.040251,0
4.315625729,0.020977431,2.072004818,0.159330846,61.0361979,788.4307637,42.20102608,97.25388848,0
,0.032724291,2.186326017,0.128449159,66.4484919,794.0177521,42.72200745,105.1702011,0
4.327253943,0.025164418,2.949040945,0.149410648,64.71702772,793.3677028,37.18889604,101.1836577,0
5.589196959,0.018385296,,0.139191999,65.71371261,810.482014,52.36018985,97.33986631,0
4.67228883,0.02427823,3.097104225,0.170542174,76.31335108,787.2357776,63.16044507,101.8584971,0
4.300235032,0.01093034,1.92117164,0.157463281,69.80584133,778.9535264,43.91482667,102.8768501,0
4.250733898,0.026117213,3.44994216,0.153819191,80.65721493,740,44.17681244,103.2391179,0
4.371935397,0.015488067,1.607609601,0.142657044,66.24351019,799.8590227,48.57222842,102.8899048,0
3.98467242,0.026375065,2.500183527,0.166626106,65.56558441,790.7311521,34.92306845,102.1844496,0
3.901899166,0.01624244,2.025835152,0.131597797,72.59381989,798.6021187,53.03871022,103.0087915,0
4.452525045,0.032034761,2.890399443,0.139578935,67.46395069,818.2739131,49.59698208,103.5820085,0
4.04043731,0.026767447,2.35125929,0.146622475,59.93169405,814.9999998,64.85520281,99.36337482,0
5.321573799,,2.298074014,0.128015413,69.93061637,801.7735751,36.00191639,101.7734768,0
5.38824073,0.018286769,3.149678334,0.146918055,67.27711864,804.6431737,38.99256704,102.4259298,0
,0.026016067,2.848016863,0.151000296,64.2037537,828.402511,56.92268994,98.31470638,0
3.735685648,0.033675729,2.606538952,0.135140527,59.63176832,822.6844272,49.64870637,102.6613672,0
5.311124707,0.022281609,2.827859762,0.150569175,83.29626013,757.4079434,58.56507025,98.56775853,0
3.792356542,0.019922342,2.289784779,0.151020343,78.48178131,793.7752485,55.26076318,98.89589694,0
5.744820123,0.013453871,2.36602891,0.150611148,68.42177062,801.9282425,47.49149675,99.86696958,0
4.378451094,0.024991214,2.294331095,0.145691735,67.83802655,803.4157547,52.67562073,98.51618219,0
3.978524251,0.0171535,2.834854445,0.152818705,79.31897195,799.2288195,54.45930566,101.1455249,0
3.959908975,0.039714956,2.327395393,0.147557884,52.65708407,787.3372002,56.8084893,102.268931,0
5.062170037,0.019666642,2.509653098,0.168633356,80.84276914,763.2974626,36.67365844,96.59954978,0
5.283312415,0.034522903,2.169461994,0.139265178,66.44455922,758.9953748,40.55195611,99.03202863,0
4.740340305,0.018575511,2.527030703,0.144950342,63.28031214,763.1275981,54.99020724,101.2457029,0
4.538295164,0.042263741,3.271346462,0.1591918,67.02050228,825.6737911,36.99002632,102.7362667,0
4.150817794,0.012681516,2.092089887,0.141464359,74.3441294,812.7225328,41.72066538,97.83986148,0
5.375735458,0.024986986,1.464829087,0.15803164,72.63777308,813.6192136,38.58772784,97.89305383,0
,0.029379611,2.721832927,0.146317702,70.67139071,781.7992001,49.33333053,104.3185497,0
4.483936799,,2.759975302,0.139965073,66.8267568,860,46.17443357,100.0546399,1
4.405595177,0.027924124,1.970308981,0.154386687,82.63868345,773.4087392,42.27926881,98.41305665,0
4.133182409,0.018704515,1.583200624,0.134471211,79.50414227,768.1556225,49.78495859,100.7999377,0
4.400216148,0.01887589,1.767575605,0.159067891,67.66448222,772.2187806,51.30706505,98.7735685,0
4.206459002,0.019077193,2.351140667,0.153505694,66.87137706,787.3291422,36.84965333,95.97208132,0
4.730961043,0.036709779,,0.141350395,71.84441498,,38.1697604,99.70624445,0
,0.037111786,2.601084633,0.155286708,72.88911852,813.876676,48.20042436,102.6517515,1
3.825123663,0.020591292,1.873862904,0.170198389,79.078941,794.1846543,53.64916058,97.8670961,0
3.83696522,0.037091529,3.106343863,0.14464773,72.82014365,830.5346759,56.73185416,97.03503002,1
4.961680169,0.035051081,2.475609774,0.135305012,61.15402787,800.1102358,52.30845135,95.1495969,0
4.403970865,0.034921632,2.682846148,0.154758124,75.38932857,795.8233039,,96.50174535,0
3.641737328,0.031347166,3.2253671,0.138686417,78.74306847,816.3831863,51.09439121,98.04912227,0
4.34605221,0.021493212,2.564948267,0.148390423,56.94514692,814.9138563,48.81264903,99.47553828,0
3.849052376,0.028370471,3.555511065,0.154001948,54.06166358,849.6480693,43.19752993,99.95536337,0
5.032867979,0.018271983,2.647584769,0.146045857,69.01054986,782.1466836,61.67491293,100.9937311,0
4.167485114,0.026273579,2.756022695,0.15008058,61.63034099,787.3370387,46.11311839,97.20482696,0
4.4697373,0.030032599,2.683979784,0.125921147,70.76267515,820.3579023,50.23276559,95.72450625,1
5.544691109,0.025188893,2.410687723,0.146184073,67.15962391,848.4199812,57.02438383,100.6247981,0
4.119441474,0.034148935,2.339394876,0.149474145,84.00763907,786.9140519,61.42665967,100.8737832,0
4.307973397,0.039102134,2.584100269,0.161521076,69.05623375,803.6325628,40.12144413,101.0807554,0
3.830014588,0.011515197,1.586563502,0.155726079,79.09002775,756.0748709,45.48559351,98.91619943,0
4.950343069,0.016753636,2.389913648,0.143813188,73.56433468,775.8762217,53.70197354,100.2580325,0
4.656696187,0.031937085,2.379189802,0.14669379,55.40507053,812.4240469,51.74769866,98.40750928,0
,0.023955365,2.864978408,0.156015439,63.06916307,811.5194541,55.17595062,93.03061403,0
4.738999315,0.021824649,2.438016884,0.140880601,83.83527096,803.2586688,46.28432526,99.38421976,0
5.00742401,0.009388659,3.170874659,0.149338029,66.07268912,782.5293139,54.12738159,102.1294065,0
4.331520427,0.035619339,2.792185452,0.146427855,65.93101379,860,63.10445008,104.6104451,1
3.699033927,0.027339389,2.385895634,0.144927122,47.09713076,792.2472856,64.12267347,99.49788553,0
4.460448964,0.026851918,2.410272824,,69.19315336,824.3619281,61.00117269,104.0063716,0
4.599144418,0.017678957,2.681535025,0.146147738,79.62503008,829.9825691,46.37233092,97.37271981,0
,0.025069006,2.812262005,0.142150431,65.24367069,790.201076,51.82906165,97.12075398,0
4.075816813,0.019621865,2.679433357,0.146173233,68.22913731,797.5491291,56.06642256,98.48194241,0
4.979438796,0.024085781,3.259352994,0.146503127,70.33498493,812.7654073,39.1134977,105.4352406,0
,0.023073202,2.789600165,0.153600965,79.5345481,782.7817995,57.0711967,95.14810497,0
4.237716441,0.026164637,2.2445237,0.168880268,68.84418922,803.7595784,31.93433346,97.20537817,0
4.262612576,0.030498604,2.938051898,0.142836737,82.77426068,771.1684392,54.77547097,102.6408508,0
4.281463405,0.016900026,2.464236685,0.15570704,72.54207604,785.5326774,56.97471245,101.7818076,0
4.801495247,0.030742316,2.639190932,0.14799308,73.04788646,811.1712852,59.59586562,101.4097224,0
4.827118495,0.020777252,2.487282209,0.131623995,80.34792354,827.935246,54.10309627,99.16595427,0
4.581496973,0.024756607,2.711702246,0.135658567,76.59294657,762.8002721,50.74663851,100.9267833,0
3.769896726,0.023705319,3.02159193,0.142604745,73.59998848,794.6426225,44.27795922,97.04597879,0
5.013249234,0.026921919,2.40720904,0.170595957,,856.0284382,48.09976734,99.32179617,1
5.047909003,0.01610193,2.915407833,0.142647643,79.90024488,782.4419035,46.81332788,100.3113767,0
4.446671178,0.015205808,1.459283732,0.155783579,78.06108876,818.6169694,71.0423123,101.7193334,0
3.457347956,0.030026718,3.297211255,0.141693877,73.54091159,776.5083892,61.74304554,100.3063811,0
4.375200306,0.027038867,2.540983512,0.135001298,72.31884907,811.9062602,34.61871026,97.74892347,0
4.55300064,0.029658462,3.122162343,0.152474617,74.79484319,781.5975957,54.57176981,102.5666769,0
5.234094217,0.034822674,2.514188039,0.1417062,70.58601869,776.6077529,43.79692103,99.61336307,0
4.331671652,0.01146301,2.147469073,0.153701062,75.836119,775.2359869,50.55738996,102.8409189,0
3.849553252,0.020555901,3.343423477,0.12514492,67.28878247,833.8577509,39.17892746,106.8878695,0
4.121294724,0.036091998,2.982517119,0.138115432,74.00040512,777.6636393,44.42222378,98.65096071,0
4.623390299,0.017077889,2.762420515,0.137962537,63.52194152,799.3654482,41.8614393,92.37724952,0
4.303355786,0.014949244,1.198833823,0.137629008,67.10408448,790.1486248,48.25640589,95.85660358,0
4.226612307,0.023456285,2.563261537,0.156354575,73.12057736,805.7005626,54.4648716,103.8048187,0
,0.017230521,2.926858963,0.155620388,83.83318405,806.0001848,38.63025447,100.1245716,0
4.031699214,0.025916804,,0.143579961,82.66869967,813.0733145,60.72509396,103.3061485,0
6.351187802,0.024961634,3.052040539,0.129510536,60.97309564,787.443012,54.7452982,99.14719547,0
4.586060123,0.027909973,3.171120244,0.146223159,100,832.1402471,54.23460289,101.0049545,1
5.891934292,0.029182053,3.045871382,0.147653313,72.46350006,847.4352001,54.85714079,101.1086386,1
3.896291168,0.021905486,2.377768135,0.157702091,83.39207912,777.8331178,49.38949389,101.4603885,0
4.703362889,0.02736418,2.734546295,0.144919679,73.67715295,762.6256103,64.94165649,96.15640134,0
4.500125622,0.022886878,2.96453064,0.134540476,70.64138194,772.023846,47.56951272,99.36701896,0
5.262443344,0.021485561,3.473071508,0.159809633,72.63328291,808.8755536,53.84836144,97.81662461,0
4.744479224,0.023814701,2.03272705,0.144018124,88.70282904,772.8908675,,99.2398144,0
5.167883686,0.016881768,3.190446419,0.15306069,91.38694348,776.8697521,59.46941966,97.84672233,0
4.145738945,0.030005571,2.776016179,0.141681796,72.47618588,817.396524,60.96483886,101.3056351,0
5.006389791,0.029604349,2.123945127,0.140558118,69.50196062,803.1062776,35.12792467,99.17779884,0
4.854995902,0.01710875,1.547110776,0.145738702,65.87487639,772.0446267,46.89835093,98.01119026,0
5.557037433,0.023488038,1.956483019,0.156611796,84.88851072,765.3827176,56.16810048,93.85217175,1
4.845637189,0.022852913,2.703502472,0.146496605,74.55946861,781.836672,54.60530306,98.59898812,0
3.875071264,0.021407531,2.392268192,0.151129977,85.44072225,756.0054586,46.48968155,97.91613298,0
4.430565515,0.021457852,1.830539931,0.142415941,86.19068443,808.2664119,50.10647349,103.1935131,0
,0.045603074,3.096668161,0.120031423,66.57137165,802.2655592,67.61262878,97.25232421,0
4.73698868,0.020626526,2.874140641,0.139781099,81.27503374,778.3123668,53.20485149,101.0714583,0
4.654524099,0.024359107,2.657830596,0.149251287,76.83363798,802.6817249,60.09941911,101.0568201,0
5.281989992,0.029967215,2.814458817,0.172126899,59.54148247,774.3409386,49.89303432,99.20761886,0
3.75200888,0.024734217,2.087595119,0.139509159,66.99420626,807.9648187,46.63653991,97.7896066,0
2.5,0.020654984,2.320269915,0.163317079,70.37792308,801.5151298,46.4825353,92.76337075,0
3.810129695,0.02672426,2.354711039,0.170323432,57.96268634,792.7049284,67.10331658,100.8159964,0
4.075788841,0.025620626,2.465577619,0.138770416,58.67238646,837.1777396,58.89612647,98.95396406,0
3.713088692,0.035246336,2.115240445,0.133563491,61.6715646,793.3086034,72,99.29414696,1
3.695736749,0.027954558,2.654388381,0.16399383,73.99265369,800.808294,36.13594919,97.79639093,0
3.467678782,0.034534111,2.454113416,0.142422051,75.66643185,800.9060889,48.94650893,99.93518739,0
3.681824793,0.012017989,1.993588699,0.158455568,84.83759385,804.5873228,51.19376247,96.69819792,0
4.806023662,0.016220686,2.173250373,0.14541701,69.64744716,785.1226764,51.86985421,99.30569981,0
4.986472726,0.0154911,3.264868032,0.143861202,69.58067105,755.560487,39.29958181,102.3452295,0
4.370305858,0.0319193,2.035842195,0.139044629,79.33960467,754.5001235,44.99312913,105.019151,0
3.078312867,0.018366344,3.010259583,0.124395526,76.47669896,804.7690017,43.01797267,99.85391493,0
4.324931946,0.030526528,3.229403183,0.161184944,65.57102227,829.7441017,54.12809602,100.1521004,0
5.11527006,0.024575468,2.849787804,0.163061048,75.29515439,784.7689176,54.11032046,102.4994343,0
5.165427555,0.02829212,2.926971333,0.141385337,72.35179123,789.0281029,41.30634901,96.63754948,0
4.248579634,0.022879542,2.460237353,0.150264633,90.03400679,754.1011462,36.85932197,97.74993744,0
5.085066882,0.024362159,2.505830598,0.146405396,74.64266228,766.570751,71.58800466,98.61341943,0
5.327285799,0.024797191,2.654895223,0.14316684,73.88937722,789.2338852,47.40305773,103.0798612,0
3.674932997,0.031544682,2.790396081,0.133495124,64.78390807,774.4329354,50.88634475,99.26324519,0
4.997031333,0.019236115,3.037931403,0.136212266,,808.8832056,49.55231961,95.83532331,0
4.55839521,0.023896122,2.714361176,0.137308987,60.91651591,779.4133912,62.37969461,101.3393767,0
4.692911772,0.013225642,2.814815748,0.155802802,67.93725768,798.0884592,38.07815729,103.6607484,0
4.295232728,0.014945561,3.31562002,0.144745717,71.29248771,791.8296265,69.01499168,104.3047967,0
5.041601922,0.031667779,2.204372066,0.131552675,69.66459321,757.2215291,51.66167415,102.4940828,1
4.476263974,0.020849136,2.634243277,0.1623269,65.0478314,785.9390667,51.34693579,97.72309047,0
4.726183388,0.02882203,2.975106417,0.140212294,64.3452811,814.9274434,47.24668813,100.5423987,0
4.603364926,0.021392029,2.846899452,0.146136933,73.86801604,756.5777926,54.88316824,100.7501658,1
4.162165831,0.021338782,1.878174557,0.140230893,78.09984305,798.7254947,60.21830468,100.9336661,0
4.847896883,0.012788883,1.943829879,0.1413574,65.54245918,858.8844114,44.5047361,100.5743268,0
4.363945847,0.02592789,2.490407448,0.134372615,76.22243824,797.1045894,43.16272192,101.2257551,0
5.164253473,0.023337007,2.626521312,0.151919149,75.28427713,855.5182323,37.58516906,99.2680502,0
3.56841868,0.025874362,2.630823083,0.149377624,72.76481725,789.6034502,59.19822361,94.95870444,0
4.909297404,0.028246893,2.936072253,0.162076138,75.32759795,827.7167723,53.97905235,99.59821763,0
4.669993043,0.023101289,2.653703471,0.153207434,56.60719958,842.7524326,45.03393544,102.8403606,0
4.183995964,0.014461425,1.962081351,0.15680046,71.94007409,784.5914092,38.33544001,94.56609582,0
4.233192158,,1.911574015,0.154442337,82.56447018,785.9375539,52.45006807,100.1154884,0
4.594463986,0.028759838,2.007735759,0.141468266,79.61308534,777.7985667,50.45746842,101.9968525,0
4.429924714,0.013143122,2.189401736,0.143008962,78.38556483,800.0469186,57.35546928,100.1400539,0
5.347676605,0.023487815,2.861869112,0.138532883,62.57616914,825.9217725,47.59741035,98.06169463,0
3.574441551,0.018676884,1.659792469,0.139134214,71.84103917,803.6563066,37.95291046,99.94058687,0
4.454041612,0.02875943,2.394907303,0.15597701,85.23853571,827.3845132,53.32387278,101.6363361,0
4.405414656,0.017251738,2.282920218,0.143739806,64.37050363,827.8819744,55.42273809,98.06843443,0
4.01289086,0.020076111,2.187276796,0.143611037,64.5543063,823.1330115,51.48016812,96.23999519,0
4.423636714,0.020390926,2.040997331,0.1394331,65.27462584,786.5379387,43.67726419,97.64909351,0
3.82631948,0.027831347,2.637965079,0.162695443,51.49188994,854.5654231,40.29196606,,0
3.684618855,0.022192748,2.711206207,0.151059376,86.47511902,799.9525157,47.05665967,104.2747867,0
4.670408337,0.022693887,2.048330794,,80.12335292,741.9097587,64.2069378,100.5170675,1
4.032058309,0.03518908,2.678415651,0.123607402,72.46478926,805.592405,42.34416508,91.63953121,0
5.463714442,0.023679689,2.216667543,0.151772212,85.76211499,796.1108973,51.30101165,98.64834358,0
5.207964924,0.020241426,1.135753977,,62.22171347,810.9154895,44.48756688,104.3414633,0
4.471955363,0.025609803,2.329096482,0.156383466,82.07146815,781.3009577,46.27308807,100.6249589,0
4.530338925,0.035029755,3.006520761,0.127681075,68.66628509,830.1880887,47.38030947,102.2579642,1
3.734098978,0.018661247,2.262333761,0.158059667,80.06529834,784.1798202,45.10855827,98.65659673,0
5.038845225,0.013431893,2.857744709,0.138589135,77.32414463,777.7914281,63.88350306,102.1956495,0
4.519016418,0.024253091,1.941849129,0.148887429,73.60382072,814.8658943,48.04486013,103.1126598,0
4.695559215,0.018991023,2.733232563,0.135064369,85.28582203,785.8271152,62.68928234,103.9195677,0
4.329398472,0.022716738,1.982893494,0.139304848,66.6732214,771.4676453,42.067564,92.26948389,0
4.77390949,0.030668648,1.803813015,0.14708493,73.57051415,793.5375531,46.37777559,96.24628474,0
4.211021608,0.031562404,2.077249455,0.147932364,79.5557422,766.7683588,36.11277108,103.7193175,0
4.105941267,0.035770818,2.648086909,0.157868431,,788.3324993,51.42439059,104.5696687,0
5.161258991,0.025089361,2.472894385,0.143811386,68.34601652,789.6415832,49.4499187,92.91115009,0
5.033147337,0.023103756,2.093889595,0.1500113,80.87923289,803.024801,50.87938286,98.32052627,0
5.220482882,0.022890254,2.473163489,0.163934396,62.93819183,820.2154605,28.72962956,92.82473726,0
4.564525887,0.024060783,2.74011089,0.149935642,79.46339427,777.4063095,47.68346208,97.81484784,0
5.624714209,0.028741139,2.001067906,0.145357472,72.61809904,798.2694731,61.8868955,99.7621144,0
5.473504749,0.005519166,2.676887736,0.15517564,76.58089507,800.2134199,58.66623621,98.89327555,0
4.152396681,0.033674412,2.010292284,,63.2180016,787.0453065,53.68832057,,1
4.78857036,0.021954782,,0.167910392,70.09347122,826.2662484,53.21864461,102.6677616,0
,0.023907485,2.4918621,0.148775144,80.85704103,818.8408767,55.64111387,98.77320457,1
5.222134277,0.01538077,2.953373812,0.160611998,60.97890339,811.4477587,42.35231381,99.18247933,0
3.928983278,,2.058663217,0.170630134,94.51884481,790.929135,49.85389343,94.77637855,0
4.695312487,0.023442187,2.759375156,0.140252557,68.40375056,811.1725999,51.62663331,98.65846325,0
3.971728522,0.017779458,2.074447367,0.16966691,67.16894042,816.8025736,58.23153702,98.56091306,0
5.67959378,0.033064691,2.279117089,0.1506726,,788.3627813,50.89751974,98.97686555,1
4.568129761,0.028382969,2.663567026,0.125959879,77.22138964,834.6550523,41.33850723,99.28443512,0
5.745207621,0.024759289,2.816570603,0.142934652,67.64235726,811.0939529,55.28655035,101.312116,0
4.797519118,,2.497269548,0.148140233,72.43566225,,55.3696522,97.45811401,1
4.449119906,0.020807307,2.144479317,0.14124705,63.67934504,763.7239517,45.42904071,101.1070019,0
5.063100347,0.031531602,3.288118907,0.141543618,67.76330383,837.9178547,34.07018225,101.1088106,0
4.206860815,0.014400884,2.501870445,0.154696126,65.22991932,813.9849128,46.89383374,98.30194011,0
4.591398786,0.013215398,2.926263468,0.147559836,78.2099755,782.2171938,53.67364602,103.3226106,0
5.207001869,0.031418761,2.73640329,0.148610719,59.83108214,774.7714448,43.48795407,97.21827801,0
4.86444869,0.026512848,1.96984122,0.165032143,79.3019111,748.4357109,54.93361756,101.9954858,1
5.182213464,0.021711815,2.015910938,0.140286813,65.31147598,786.9080691,58.26283362,99.23250442,0
5.312052539,0.022588397,1.746798635,0.123715847,62.98353155,811.7176392,57.45159959,96.16267269,0
3.582352489,0.029728589,2.143819768,0.159879431,79.91850923,802.9709849,67.98248297,103.1221338,1
3.587017726,,2.905627146,0.15198419,64.63272476,805.5380406,54.23164539,103.3154658,0
3.109186636,0.023737035,2.661612674,0.149460824,62.49999698,851.9987398,45.61930835,93.68827601,0
3.991226872,0.022103188,3.040626332,0.156651706,63.81435341,751.2413046,52.07957796,96.75562158,0
4.923841867,0.026128749,3.160240398,0.141737918,64.80571458,804.2610254,44.82071255,102.2035418,0
4.157316724,0.034174552,2.124526306,,,793.5943148,56.63986782,103.8286765,0
4.186411362,0.028891723,2.776575394,0.127883954,92.63549032,818.3331353,34.99469593,100.122912,0
4.630153923,0.016876787,2.560792097,0.132316039,,802.1518709,44.59066756,99.61540115,0
3.964612423,0.0344777,2.886701538,0.152951143,71.07303347,784.8180804,48.75595559,99.32053938,0
4.264766243,0.014108313,1.399156956,0.14081181,58.61056006,799.7767204,48.93100281,105.7867006,0
5.149624941,0.025743255,3.181827863,0.134372827,86.29692319,794.2412333,49.33936339,,0
,0.017850523,2.733788271,0.134543267,78.1718136,781.3082037,51.34836727,102.7346927,0
4.343842797,0.026179145,3.226339475,0.147638325,70.78987743,839.5006215,,95.97535698,0
4.301524378,0.018448969,2.465210931,0.139685558,62.66782743,792.9505001,54.1735115,95.13646699,0
4.891924367,0.027811316,2.922467638,0.156474491,53.58606459,836.3347027,61.71187873,97.08404494,0
4.730516585,0.034398535,2.334573884,0.157203379,78.08740309,793.0992308,45.17302765,98.32965326,0
4.257701725,0.012370803,3.029800861,0.123038753,,829.0180705,58.50379607,100.1806281,0
4.907589905,0.02791257,2.003581644,0.150347025,75.38619872,810.9792802,51.2044627,98.79591603,0
5.063118703,0.016804398,2.933167195,0.140066205,78.26420562,763.0039359,52.15085915,97.4671893,0
4.639309931,0.030596913,2.699451456,0.157276801,90.25635774,785.0416584,51.69819351,95.03169543,0
4.42025662,0.018775874,2.318460334,0.147485342,61.88836618,808.6714845,58.87955632,101.3690957,0
4.532199554,0.015040609,2.977604836,0.120908347,81.83451735,818.5693081,55.25501574,102.0014713,0
4.432106943,0.018045495,2.722320705,0.153434177,51.73418061,794.9605354,55.5854692,100.7488024,0
5.412530549,0.025037601,3.132510342,0.161082939,68.97996669,829.8537097,,99.15119027,0
5.131496022,0.03792297,2.323470573,0.158019401,81.72473065,771.9509735,58.0442298,100.4745617,1
5.980933436,0.017819539,2.320243385,0.149454914,62.53531338,807.7998676,47.52378177,98.17692587,0
5.253690791,0.023961639,1.558064791,,71.00095473,858.38874,42.83360812,96.72283592,0
4.176914556,0.021890121,2.820737803,0.146151515,80.43232095,809.5133428,,99.1331468,0
4.765799986,0.024543464,2.865566954,0.146911163,87.80144481,776.7835655,48.40783574,,0
4.566238924,0.020241516,3.141646128,0.147468218,74.69692977,794.5603119,35.94596015,104.1878841,0
4.29531406,0.028900979,1.242157523,0.154372551,58.359238,834.8652699,62.27903454,98.44596364,0
4.696372575,0.031893754,3.047319324,0.156521093,65.21390441,843.6168061,59.06056789,96.07334816,1
5.117127774,0.017213912,3.206962611,0.144648498,63.81645702,793.1529566,51.65143253,101.2500515,0
4.699753906,0.028292914,2.157223078,0.141493357,65.77986151,795.3473153,52.50125827,103.2391721,0
3.829366707,0.017251343,2.675708191,,64.98970267,,47.47286085,95.86718804,0
3.569165037,0.015805851,2.105106588,0.148849101,61.26696976,811.9933954,43.61880985,98.8650398,0
3.675960307,0.020901219,2.68475957,0.147059796,58.0826062,798.1228565,37.71258244,92.67868181,0
,0.020079775,3.261203794,0.141455489,73.3881722,801.191045,56.18038277,95.552275,0
4.186095977,0.023617974,2.163305262,0.138885627,85.2561584,821.8531158,43.59517673,98.06332066,0
4.108392344,0.025364778,3.282470024,0.143537059,72.33351592,791.6021461,45.97251628,102.3743153,0
4.4886052,0.03064477,3.047563913,0.156137851,78.11341495,813.122733,51.77589971,102.5738084,0
3.378483447,0.02557321,3.000020542,0.16665576,77.26900943,777.4375994,56.61642198,105.3612543,0
5.574109935,0.042052861,3.177908334,0.144938028,69.12363641,824.8688362,41.77886261,104.5187333,1
3.946475441,0.025281585,3.323121531,0.158430293,74.04541233,778.6095356,63.1034214,98.58745946,0
3.498281746,0.020200753,2.766653431,0.130907923,89.21759822,791.2387232,50.6031871,98.00457151,0
5.123942976,0.021921276,2.781160056,0.143648357,59.83544511,784.0481398,63.27498375,99.99803228,0
3.770395129,0.023068089,2.090334913,,77.72024479,809.7183029,46.2701321,97.56829769,0
4.021563365,0.021584508,2.918928175,0.145773117,95.78079582,762.0622624,48.69128015,102.5262938,0
5.134659224,0.024984545,2.125042201,0.149361415,77.54675197,,63.118322,93.75937653,0
5.158341012,0.031317524,2.746689986,0.16017257,87.67165164,764.5372539,62.81627371,100.8860479,0
4.441531265,0.020862902,2.967139113,0.15197728,91.09153793,772.1317565,64.92549268,102.3705071,0
5.366753654,0.020064288,1.34621877,0.149504,63.8724089,823.9119855,59.53244085,98.73318236,0
4.138827107,0.032694267,2.378637843,0.163497892,72.76468028,818.5305332,46.33496017,96.07596677,0
4.792659054,0.013580822,2.784159695,,84.59370288,800.3532992,45.97283461,99.91596622,0
6.483549021,0.024676735,3.229141439,0.144841712,72.59735813,791.8495807,47.20610608,99.38947195,0
4.052598429,0.016672894,3.284975335,0.150315362,71.43741785,754.9957634,54.98151382,95.88922989,0
5.480347594,0.045307827,2.640061682,0.144778029,76.63099877,771.9568312,52.18145919,100.2070877,1
5.295168444,0.010102353,2.655569377,0.147191132,74.80022347,806.6186343,41.30316776,98.27837659,0
3.701114224,0.030255015,2.234273816,0.128458485,78.18141671,800.15856,51.18663928,96.13339278,0
5.002837794,,2.006211988,0.136119724,83.36467862,823.5984969,55.29704146,101.1487029,0
4.715053888,0.022889591,2.408480814,0.144783425,62.01490036,777.305492,30.08609092,97.00762416,0
4.280532569,0.026181114,3.194534482,0.162777473,70.2268739,835.0311873,54.41339821,101.1021279,0
4.872913613,0.037918247,2.488970703,0.144637211,62.25016755,825.0777419,56.33383433,104.5766645,0
5.399022124,0.019911193,2.092556807,0.132317478,84.30035527,810.6895465,48.06929966,99.97020378,0
4.801690551,0.012746764,2.323612787,0.131580021,64.45727733,809.764817,52.75507237,104.1413954,0
5.084908845,0.017190262,2.245096654,0.158992734,67.99262226,811.1474206,55.14251498,97.99680413,0
4.670146493,0.021819747,1.773102743,0.152917839,72.82376519,833.555185,46.44167891,100.3947447,0
4.304917665,0.028461753,2.329685125,0.155348412,87.4136071,825.2255475,43.87169936,94.77954745,0
4.73559304,0.024510672,2.167686905,0.139115677,75.68113375,824.0734787,,104.0957172,0
5.114834516,0.019496656,1.750412457,0.136130304,,808.651378,45.291907,102.206072,0
4.706096521,0.023652675,3.112720631,0.153055738,70.59128099,779.9563449,56.7848155,98.45842395,0
4.306614019,0.023778458,2.916688482,0.118216295,75.57449112,808.2661384,56.67428336,93.97862042,0
4.535348727,0.033796966,3.066208262,0.157260948,85.72712326,743.5403212,64.55708394,97.40726281,1
3.968347088,0.030270915,3.152395895,0.142644284,76.07515919,822.4517649,53.61382909,104.2166568,0
4.416669896,0.02329724,3.055766295,0.156424906,61.70683895,833.1954107,46.24388685,97.04388352,0
3.648662083,0.019199852,3.197696671,0.146228839,84.69549931,787.5598798,58.48968075,97.88716726,0
4.830168068,0.016774299,1.94415456,0.153250747,,770.8579684,37.31054581,102.5383656,0
4.738934879,0.023800139,2.342834247,0.14836091,82.59942168,740,47.96649965,100.2548764,1
4.916958277,0.031794865,2.76854834,0.132758791,67.46068416,813.2628446,50.21253456,98.34222312,0
4.450823019,0.034984796,2.571224637,0.144982584,89.02412339,815.5249235,51.4626831,98.56195567,1
5.454299269,0.020657632,2.070016212,0.137883492,82.40902396,799.9614763,64.27366473,101.7084453,0
3.78890362,0.026824498,2.916811072,0.16276331,73.77834713,806.364402,54.17833365,94.85197714,0
3.911997162,0.041395297,3.491798784,0.149887272,65.21521656,831.5376197,45.05306581,99.04023055,1
5.553543678,0.027813299,1.64178594,0.156523676,84.0030587,743.9300613,63.74949823,97.50675157,0
4.730750008,0.030221659,2.913852929,0.155556719,70.05492426,787.4811003,50.15685394,101.03642,0
4.346121656,0.014449786,2.230818233,0.135805894,61.4419289,770.7516032,57.26883347,96.74281584,0
3.976497065,0.028862384,2.23330573,0.150820183,79.79838123,804.634663,31.30132534,100.789782,0
4.242408815,0.017117754,2.400839206,0.142421315,81.4570806,776.0928911,,99.79106053,0
4.986675324,0.014772155,2.109103881,0.162591259,62.95197434,822.4020861,54.27832516,94.5757789,0
4.62781231,0.029179362,1.489830563,0.13796328,,796.040466,48.23720406,102.8261718,0
5.691445877,0.019462392,2.190270256,0.172340388,80.07680176,841.5912513,41.5029262,91.58169419,0
,0.032075024,2.458856011,0.13931216,66.36049212,770.7339531,54.15860317,95.14031405,0
4.005243422,0.03182147,2.201375188,0.166030865,73.20308538,793.1223734,37.02649866,104.563275,0
3.946896014,0.031701885,1.823397828,0.141707397,85.71385248,772.2905149,57.94057708,98.14921629,0
3.367669044,0.032128056,2.600786214,0.155123775,62.94754267,814.3249459,50.76903851,102.915543,0
4.230901499,0.016952368,2.555157286,0.131458066,91.04939402,766.3436862,51.87597573,,0
4.23902186,0.020947453,2.249518504,0.140681763,80.64470092,822.4993981,40.29992856,95.84838953,0
3.854358789,0.028589429,2.615548141,0.154666038,76.92677262,777.6843693,48.41393789,97.97227475,0
4.857044386,0.031585067,2.218086809,0.166977139,79.72646129,789.6565426,57.04469561,105.4749523,1
4.669889135,0.020983973,1.708301701,0.144059142,78.49052618,754.7400054,57.1164847,95.13334707,0
4.575738109,0.028355218,3.727035999,0.15602337,70.61390943,796.3353767,35.43407506,93.80529027,0
4.30748013,0.01365461,2.305381847,0.156566771,67.29159636,834.9371025,51.54093086,96.29141122,0
4.146462897,0.032117701,2.98258354,0.16382676,77.4880233,756.8876562,,104.5257035,1
3.304843189,0.021595448,2.806097524,0.144121668,75.75289286,775.9793889,50.64377164,103.6531526,0
6.171452353,0.024161328,2.669493971,0.147478691,82.83796796,758.1601965,48.68908029,104.0027106,0
4.182581574,0.015808683,2.819603737,0.143704749,59.21034316,775.3927413,62.21211359,96.65673248,0
3.557258129,0.038587437,3.360027008,0.162356084,78.67283193,812.6880424,52.2426134,97.12026382,0
4.641714633,0.016942634,2.260121029,0.131828666,63.22351236,807.9512531,44.24450385,99.13775605,0
4.52095638,0.014596938,3.298872852,0.156379874,66.348601,798.7677861,53.78226757,96.17340944,0
5.546055306,0.024957748,1.809775894,0.151854333,73.600249,802.3904881,62.55102059,102.6725761,0
4.565805216,0.021219831,2.342180431,0.140902888,77.58365253,798.0702316,44.08489235,101.3194923,0
4.67588168,0.023986817,3.30787574,0.141673284,79.63339203,819.1848551,34.5351882,96.9140618,0
3.895674555,0.023999412,2.36568974,0.145927675,73.50542677,837.4562183,68.12494328,,1
2.965481505,0.021168487,1.899466653,0.139192592,84.76536646,801.3214484,50.8031489,99.2640856,0
3.99307589,0.031298004,3.22135797,0.146972466,89.31578815,781.0416234,46.83185839,97.23188499,0
4.645193816,0.021760283,2.094897951,0.160060287,85.72614796,803.3787374,53.73378928,100.5527682,0
3.968872403,0.026543156,2.14436156,0.141587272,78.2844102,790.7228615,47.19394511,100.9864475,0
3.743268195,0.028969264,3.33434497,0.164017241,68.71753167,780.3720504,36.08500219,101.4173677,0
4.891462638,0.024259121,3.077334631,0.142284007,74.27069478,828.1253442,57.50428878,102.2301405,0
4.432923991,0.014654318,1.594573005,0.157385543,74.6180764,784.1733707,46.45874258,97.0545425,0
5.161440832,0.029400785,2.392865038,0.137342628,57.8678586,859.9292665,46.0066311,103.8370335,1
3.321104045,0.033012128,2.145843967,0.159506413,68.1887812,809.0153063,45.82664977,97.6194621,0
5.81545193,0.034020941,2.956546121,0.154492159,68.9529091,765.7260342,51.73225831,96.13353753,0
4.373957219,0.035027799,2.626535988,0.150008777,73.57366369,802.9076711,56.23870077,98.53623423,1
4.666274479,0.037539352,2.383496517,0.172696065,66.51903891,790.1988592,58.37603704,98.67899387,0
5.343059641,0.011217448,2.021006776,0.135123589,63.7666414,771.8790955,47.98936155,97.81623615,0
5.103423511,0.014040553,1.774049518,0.150956236,80.96304852,811.6994627,51.9094632,101.1581473,0
5.05158418,0.023339457,2.364944528,0.148007562,61.23628086,810.1460199,33.92713199,101.3647283,0
5.404580077,0.022661684,3.461367784,0.159682905,47.38482398,855.9715906,51.71480528,101.4104377,0
4.96155982,,2.594395649,0.144216971,83.16057972,791.2832092,50.08914335,99.91855655,0
4.12244306,0.026948129,3.277584477,0.155833409,66.63331377,849.2376768,53.63559854,100.4641906,1
5.076538965,0.01346398,2.134556633,0.15645149,79.41555894,805.8937116,54.15099054,97.3609822,0
4.359911023,0.012700303,,0.142239906,57.90912787,835.4560668,54.39366708,104.339258,0
3.98454823,0.019894504,2.819041396,0.147355617,65.9481728,807.1702679,60.4990659,92.51638285,0
4.966536298,0.022055274,2.626546399,0.156274167,84.41579216,831.5692688,53.28352793,95.47503591,0
5.734411268,0.016915907,2.940851648,0.143067534,80.21461782,773.8836733,51.39623861,103.5966702,0
4.013657639,0.027031376,2.099433992,0.150798945,63.61873101,803.2187976,49.16532878,104.8646713,0
4.110448682,0.025440177,2.47192887,0.140356733,71.08573893,769.6864001,49.57864848,99.33126293,1
4.388705251,0.025009053,1.994589397,0.144290473,73.06247729,805.9327767,36.7299635,105.4275904,0
5.130973004,0.020436756,2.084191352,0.154759755,74.29342469,819.4401035,47.29864983,101.2749919,0
4.637526177,0.024243663,2.469297366,0.14451968,75.17311101,757.1398831,41.30372225,96.78509054,0
4.489959981,0.025744707,2.574206294,0.153814538,,802.1952076,46.89863873,101.9338915,0
4.635370726,0.024080507,2.118553851,0.155355275,66.41246447,756.5126186,37.46194276,98.42623987,0
3.92351603,0.021924523,2.917829724,0.146961426,79.83642348,797.5435688,46.35981893,101.4959627,0
5.28616356,0.029863589,2.387268991,0.157377157,69.89268176,818.1400593,37.86521068,101.4688868,0
4.095143521,0.025215388,2.344830211,0.158954927,51.55654447,759.0758663,,96.34069243,0
5.542932676,0.035504851,2.242598079,0.148055628,68.14352565,811.1472289,41.94145452,101.4407384,0
4.105504227,0.018571335,2.668575183,0.151911137,69.5201144,773.4615533,53.62849256,98.81032413,0
4.233054591,0.005,2.426621009,0.12301195,60.17680268,841.8947279,45.08111953,95.92173394,0
4.677420482,0.017832691,2.065767794,0.145593145,,807.8369026,40.9675373,96.86137928,0
4.773555346,0.02617252,2.20773843,0.145254024,70.20707451,779.3798488,,101.9817922,0
4.603701486,0.025107804,2.291378241,0.153912605,78.21683316,,42.60536175,104.8429721,0
3.775773251,0.023077145,1.984664648,0.160356482,79.89165659,800.1656863,53.22225971,100.7123657,0
4.314746483,0.028144816,2.320988336,0.143996082,65.75192015,799.4897365,45.45737313,102.6136995,0
4.724894909,0.016488364,2.447587057,0.146236915,73.46683322,801.0550292,45.99624263,97.23726919,0
4.037066134,0.025320393,2.872608336,0.156983069,74.66535101,828.0620402,34.78518765,105.1312218,0
4.914130307,0.034460272,2.576606827,0.140885601,85.45323361,792.1010756,43.26321112,99.49897743,0
4.422493186,0.01676421,2.748043529,0.154135429,69.54223932,787.989608,56.19909502,99.21303941,0
4.452376519,0.022321205,2.211737783,0.146173345,71.11621028,802.2057191,51.59928953,98.11978146,0
3.935514105,0.018813575,2.589713507,0.133745277,65.97941357,826.3705699,57.11890275,105.28348,0
5.233635051,0.015892297,3.152749642,0.149478219,84.74462466,775.274393,55.62653596,94.73246858,0
4.15263595,0.018349831,2.812472155,0.159222208,75.85149774,813.9236422,30.90756846,99.83075652,0
4.697289024,0.033069288,2.822070455,0.151734676,73.69971345,758.1193936,51.62599127,98.21802723,1
4.481291231,0.026127206,2.206337062,0.169192829,82.40372804,764.7466775,43.57383929,104.8362949,0
4.430042853,0.020684996,2.542915155,,79.98580316,752.5405106,47.89714761,100.2332446,0
4.910457408,0.016012904,2.264812121,0.152074377,59.71642882,828.9491487,59.83974007,97.01020935,0
4.761438424,0.031568048,3.408689902,0.137101301,80.29978613,783.9023896,44.85852425,98.08639037,0
4.938009492,0.026744805,2.866976151,0.146853997,71.2330553,807.0339914,59.57141786,92.33720858,0
4.797278212,0.026765341,2.45675856,0.1536927,77.24216311,814.0137588,,96.59654751,0
4.296301947,0.026725609,2.436784724,0.134156088,75.5893677,789.4531822,38.40548084,102.4998249,0
4.247570473,0.025197709,2.398280575,0.16000166,72.21123136,810.5105876,56.53385178,99.094673,0
5.129626066,0.021169489,1.791306477,0.1579824,88.89710866,778.4512574,53.21932598,102.3990852,0
4.761198239,0.040593419,2.422351829,0.133819801,95.72399726,771.2407316,63.48280664,105.1590402,1
4.858072657,0.033842527,,0.130076831,89.2435587,797.2123969,51.99445104,103.9136872,0
5.203304513,0.023431616,2.625436023,0.161772711,65.04666826,753.9954613,49.21187962,102.8483896,0
4.583856092,0.024354343,2.169232747,0.14276623,81.41918395,805.3955416,51.60980456,99.2538635,0
4.482050912,0.019727468,1.98091409,0.160666217,77.19883029,790.7081597,47.29739201,100.6176396,0
4.911000237,0.026665773,2.348708823,0.147510848,63.84255521,809.2425781,49.2811437,100.2764992,0
4.54717874,0.024639282,2.122002864,0.139139771,73.3559751,822.7570773,55.54075874,103.9529956,0
3.908037102,0.016734904,3.220188041,0.146022906,70.33611513,795.2134378,39.00668062,,0
4.486055854,0.037843118,2.428824231,0.141501058,69.68444072,855.3018598,46.8024216,102.0238463,1
5.152333249,0.027858923,2.724556238,0.138868339,87.81607394,792.207199,48.97349614,101.497882,0
5.605488886,0.022322459,2.721201732,0.147898838,,747.2201291,,100.4019566,0
4.1087667,0.026652068,3.348250237,0.145961339,62.77233691,851.9456048,35.90700408,99.48509364,1
4.537657251,0.023241804,,0.133312266,56.09213787,860,45.48936154,98.34720817,1
4.263557874,0.020501604,2.878390438,0.142366772,72.32317997,776.3682424,46.22732008,103.4512129,0
5.300839866,0.011051965,2.646217846,0.152976039,53.87786873,860,42.4793108,101.8610245,0
4.317545896,0.026702794,2.200973492,0.143270433,72.8841625,795.8604354,43.90342666,97.1015779,0
3.576000344,0.020374257,2.17170429,0.156393452,70.50184316,816.0343719,33.95806308,99.58286688,0
5.850585251,0.026414545,2.967654862,,72.30723543,783.1728064,53.66582943,100.6228684,0
4.2401961,0.027566312,3.210214435,0.131844878,66.90772897,820.5617418,48.76178495,99.25802147,0
4.397900345,0.018482384,1.396034839,0.176200509,69.16861118,818.9736092,40.83983096,101.9644337,0
4.477883032,0.018841827,2.515950627,0.15199707,81.27092199,841.3292054,44.73406086,104.1411561,0
5.25064584,0.027285867,,0.149325626,70.48718206,852.2579456,60.61216373,97.4168385,1
4.805351987,0.036313637,3.368737268,0.139462086,69.65927561,813.8963666,50.63614526,100.4833619,0
4.342280206,0.020388133,2.889190943,0.178014074,67.28766371,797.9967936,52.147103,102.104217,0
4.935949722,0.022029133,2.125620229,0.153979893,89.12200308,763.6727639,43.85068268,99.12717742,0
4.290609032,0.022069073,1.929225335,0.129902537,54.17056637,803.4797689,52.75404846,104.2987678,0
4.236685399,0.018011822,2.123782452,0.157593028,64.9183964,832.0662133,63.96640987,99.62256716,0
4.025557118,0.032660392,2.792757409,0.150041916,,780.8533646,44.55383658,99.2061102,0
3.635320577,0.028194593,2.478575876,0.15144071,80.3640071,791.2978348,52.51026456,99.31036704,0
4.582699347,0.013477934,2.449509858,0.154629344,82.58059254,792.0451369,52.77394887,102.7267115,0
4.90790632,0.025888888,2.977404827,0.164006911,82.9615368,768.6970085,48.10095151,106.5848261,0
4.88713421,0.020867446,2.828021841,0.141581886,82.71547417,824.3532534,44.57330245,101.6391389,0
4.349550557,0.021616672,2.719978059,0.153550483,71.83360587,793.5100301,47.20194513,99.36468817,0
4.782462827,0.028966328,2.766806003,0.14733116,71.45676076,825.2628061,52.25861513,96.94988053,0
4.689810639,0.02684753,2.801782658,0.137713395,66.65813233,792.1758205,50.17986503,102.6555022,0
4.505710803,0.031299946,2.457418284,0.146426726,71.02828276,823.1637026,53.3167046,99.41967226,0
4.941931751,0.034728359,2.368794327,0.145626061,72.54860325,786.6235128,46.38651932,98.54260498,0
,0.013659008,2.403147021,0.153107819,78.19719171,770.3627657,48.43011244,106.7077202,0
4.649150842,0.017850181,1.764395378,0.153985984,59.06981937,803.4302041,,103.775584,0
3.940931592,0.018938413,1.733861644,0.145259805,80.77140756,813.1904133,41.43828088,100.2329629,0
4.403875047,0.032887495,2.463759835,0.129718996,69.38925515,823.3452707,39.95029624,96.59373233,0
4.925855529,0.030650701,2.338500646,0.150433731,90.58961937,769.1161459,56.668913,,0
4.09532679,0.027950458,1.82014216,0.141843625,74.41908664,770.1255786,39.19301041,102.6052273,0
5.652399062,0.011431237,2.525045394,0.147561241,66.98138083,831.7484397,44.74570368,99.60884165,0
5.48322215,0.024198275,2.51922287,0.131236354,79.81504999,784.4922735,48.35153809,94.89275194,0
4.841539463,0.009238837,2.521363475,0.144957809,70.86980911,782.2701086,50.34116831,101.9595159,0
4.803915786,0.018943275,1.927426324,0.122395947,81.91070242,814.5359203,57.32141246,100.4670228,0
4.806341016,0.023765951,2.907671726,0.14762627,60.19441442,801.674965,45.1669688,102.3473199,0
3.952213482,0.016454611,2.941045058,0.150728192,89.62998206,816.6075486,50.73709641,102.9215528,0
,0.032754639,2.476394072,0.143766618,61.48128002,805.0126917,45.62232293,103.9391441,0
4.427402278,0.016464756,1.450041347,0.136872096,67.58863193,785.5843316,49.8591929,100.3549886,0
4.740599818,0.023335211,2.005668953,0.154302964,76.42840587,800.587436,64.30523909,99.92454311,0
3.661823139,0.016977933,2.949093439,0.15401193,70.3234206,829.079442,54.4584449,105.2457633,0
4.828344567,0.02950503,3.536461825,0.148188226,82.9654678,747.5178357,45.55797705,99.64779783,0
5.466561573,0.027132735,3.159392924,0.154148258,80.40161268,782.9085859,62.31202188,100.1295971,0
,0.020975282,2.11500808,0.146281197,67.16032692,773.4950456,49.28778381,93.28620346,0
4.031559859,0.019149011,1.569312276,0.166260076,,846.7156314,63.67089626,103.7938235,0
4.007582413,0.021049242,2.83051344,0.128911128,70.36244673,785.3423324,30.03496856,99.17916999,0
4.551210272,0.030478058,3.122161896,0.147115609,85.47342142,772.2686272,42.57861552,97.98510331,0
4.233800799,0.031366529,2.693847413,0.148833977,67.83332424,829.6175959,44.57185683,94.40584414,0
3.596352849,0.02785585,2.52297474,0.1594777,63.21635899,807.8221519,48.78447878,97.70921044,0
4.933363302,0.020562124,2.264232443,0.140093477,,820.74354,61.08407924,102.71716,0
4.635271718,0.028177319,2.557968126,0.147064449,86.98635205,,54.26391428,102.6580079,0
4.506887834,0.028307291,2.216343216,0.146683439,86.17268184,825.0348462,58.27137203,98.35942284,0
5.324253538,0.030306281,2.581792803,0.149610615,76.73552232,763.7143062,37.35158122,102.2386821,0
4.56030045,0.034275608,1.983408698,0.15493871,93.98840254,790.6828321,31.92822011,101.0241744,0
5.143429857,0.028550861,2.872943232,0.144526895,69.63691322,801.8523242,59.10717572,92.71237086,0
4.944460444,0.016273874,2.655001705,0.147255996,74.17880914,836.0186444,58.17375105,99.87000743,0
4.138813291,0.021994653,2.29973975,0.164152977,73.7208137,763.3030006,55.76132368,98.57792823,0
4.305503729,0.032479724,1.852383588,0.151080367,56.47561633,819.988839,50.76713755,99.78911651,0
4.583101088,0.031798849,2.120428521,0.137782895,73.27240858,802.3390803,48.71138974,97.93947978,0
4.19624028,0.014793738,2.340901873,0.139407703,67.74270748,819.7242393,50.18910088,100.6166421,0
5.052402296,0.015798933,2.67892876,0.158450247,74.36299015,760.2875109,40.96329986,104.6344183,0
4.621055522,0.0319934,2.099633296,0.172193272,68.83422991,784.069996,47.18414807,103.3799766,0
4.839200414,0.029340248,2.983650593,0.14710218,59.49514719,823.6129569,44.92238317,97.28944694,0
4.507321914,0.015118289,2.42530118,0.152993033,69.27340181,851.3149093,50.57164163,98.62925984,0
5.355267217,0.026111108,1.882230548,0.14203675,85.95042667,775.8789204,56.52594054,95.65760527,0
4.02112873,0.030002806,3.544073542,0.157515724,66.910746,793.3655673,60.34946033,104.248408,0
4.152105695,0.031831907,2.68840509,0.138341861,80.88173208,740,61.82227212,,1
3.869259451,0.021813756,2.290670673,0.149149067,79.54421025,762.4854328,65.06846424,97.36915595,0
5.268455751,0.020716828,3.18903202,0.162039306,75.64254831,814.1180345,66.47784492,,0
3.568491042,0.017125076,2.512141547,0.152434192,70.14338923,,56.52901609,104.1604905,0
,0.026692995,2.878005152,0.147823253,70.95506426,746.3863731,51.05454096,102.1837388,1
4.381845313,,2.388266332,0.138265493,,796.2994971,60.75443048,98.90433756,0
4.669486929,0.024435793,2.388889916,0.151288669,78.04941391,767.258412,51.80345113,101.2017393,0
4.139210276,0.009807732,2.034217316,0.149509803,65.60689395,803.096691,52.22013757,99.87566576,0
4.427448346,0.007281842,1.973188599,0.13627878,57.96484816,791.5583091,38.44219696,100.9929232,0
5.036435288,0.033757049,2.742072368,0.145681998,47.09655868,841.6551564,56.25072925,98.01418005,1
5.166401986,0.010392521,1.980780455,0.146698134,72.74528094,801.5490491,66.36182441,106.1874794,0
5.523144864,0.033484307,1.702406401,0.15169,92.56058673,784.7276373,43.63632579,95.909202,0
4.497113377,0.024643194,2.087745143,0.156675789,75.71392123,,60.56571577,97.10578905,0
4.070208499,0.02942593,2.689057343,0.151090421,68.70888496,781.5657546,46.69170021,99.66293624,0
4.380047249,0.02848472,2.636412529,0.146298249,75.665216,769.2005265,,102.1296017,0
4.439586358,0.022996055,3.033718393,0.152573486,78.33019327,779.3628635,44.26319615,102.5483328,0
4.761370656,0.008281752,3.123067563,0.150644486,71.05392847,827.8192838,59.37546882,104.364999,0
4.742116688,0.018763549,2.818013461,0.147607259,80.71527335,809.0613102,50.30279667,96.99293835,0
4.871423062,0.033603959,2.991690039,0.147306491,49.37518319,810.7057368,53.84554639,95.34467959,0
3.672225947,0.022709678,1.9797578,0.143975519,59.54055772,819.0989997,47.33506192,97.55157176,0
5.50317825,0.029348393,2.222954032,0.155827688,65.74146999,831.1223204,37.38945318,98.49347234,0
4.692190007,0.022636688,2.729274835,0.156834247,89.50187123,795.9365394,51.29291696,99.76695915,0
3.167140095,0.030770211,2.359088935,0.159125944,65.25846309,819.8960433,64.13201661,102.9670873,1
4.561575696,0.021434494,2.288412684,0.148915809,64.13214388,796.2140047,60.06941862,,0
3.906723446,0.018430678,2.349683219,,69.22715844,802.1457226,50.70429168,,0
5.698968411,0.02173449,2.604876432,0.144839876,59.35938976,860,53.09828287,101.3851853,1
4.25213999,0.020358152,2.212956711,0.14723163,68.40996378,821.619114,52.82111955,105.5526544,0
3.743387423,,2.003584771,0.134444698,70.05675645,784.5850833,50.87572887,96.09037201,0
4.934071915,0.014780071,2.208736452,0.147815652,67.9868392,800.5939177,32.26810484,100.6546561,0
4.525234085,0.024574835,1.525920568,0.152520064,86.62730248,795.4550468,47.36918227,99.13141288,0
3.546641205,0.040537206,2.101437649,0.13706591,66.9249512,832.17749,42.35194944,100.9998489,1
4.192182442,0.026283856,3.279860533,0.143204153,68.94491412,,54.15402461,102.5231027,0
4.683644175,0.025502609,3.542159492,0.159322815,79.36139966,805.2613891,63.17477706,92.09045074,0
4.810198498,0.015929844,2.657280877,0.152381339,,787.3060116,47.25714025,101.4188239,0
4.332618781,,2.492947263,0.148953284,95.3332004,814.5730786,54.94935448,100.8285576,0
4.374659001,0.031999932,2.656581149,0.148952512,77.01059707,789.9209392,46.46192376,100.1559781,0
3.854987177,0.018049641,3.022152622,0.149193674,66.86616815,797.9769579,46.98422271,,0
4.726209538,0.022269418,2.148867643,0.171346749,85.75713915,740,53.48491437,103.2351566,1
,0.033934088,2.627583413,0.167730212,57.6895309,805.3597757,36.85899055,97.90349309,0
4.318569258,0.018536671,2.991141061,0.141964612,,813.5941927,46.83409707,,0
,0.01570731,1.819691052,0.126796143,93.42190975,784.4602472,53.1026155,101.7413701,0
4.781752648,0.011772207,2.157112862,0.160731051,67.78461545,838.3810144,60.54416705,99.53641215,0
4.103970086,0.028278781,,0.150344882,64.94208335,775.2368151,49.05726292,104.56193,0
3.738702757,0.026377033,2.603595194,0.131656478,71.99255571,800.5699693,58.59266513,101.0005415,0
3.986434792,0.010690865,2.412833817,0.134567523,84.5400997,778.1228163,37.12439952,99.54772646,0
3.558937618,0.030640151,2.224042163,0.167991199,60.14087463,796.2178166,42.9847366,100.8969964,0
2.975227348,0.022614047,1.967497516,0.159420599,81.07253268,767.4539891,53.19543211,100.2093668,0
,0.023949247,3.374317305,0.132097626,62.25847006,825.203077,58.38977705,101.1428532,0
3.497333375,0.028936581,3.207532741,0.126195733,61.5237916,817.3526819,55.44570454,102.1631188,0
4.922829598,0.021764455,3.074375716,0.158654945,71.46287603,803.5461425,32.49563937,98.09288421,0
4.957496406,0.031260765,1.790422729,0.134988606,66.333662,828.4154327,61.77077669,100.1870902,1
4.985917466,0.020705548,2.453865689,0.143907618,76.41530728,819.3314824,41.17634585,102.637749,0
4.854169538,0.023569318,2.934016754,0.141574593,72.93676473,823.9309087,47.50624188,98.76195468,0
4.614926197,0.02627032,3.063858844,0.140560881,76.84495912,797.6627557,63.98641423,96.7279697,0
4.13361418,0.027943066,2.237017736,0.152728955,77.19069627,826.5459524,49.97841136,,0
5.96706118,0.021830393,1.00539248,0.154396601,75.03704247,799.2281633,44.20111042,101.0725467,0
4.622874463,0.021402863,3.01891042,0.149211518,94.47947354,807.8014736,45.04947462,92.16543813,0
4.177504249,0.026943066,2.521507838,0.16667334,68.61643887,776.8008682,48.73082231,100.2665819,0
4.968682307,0.017098024,2.172087358,0.145905712,71.15451437,782.4989433,54.16332063,99.25544259,0
5.211330943,0.028952812,2.083194303,0.15312513,76.29857343,779.0461274,51.6920296,102.4739491,0
4.651489375,0.033398981,2.481725465,0.169002029,80.25575017,778.5051614,55.97280497,99.60555508,0
4.485356286,0.020879749,2.406601276,0.149085363,76.53164275,796.7667712,47.34126298,94.03600422,0
3.607876107,0.024950432,2.594113045,0.156077106,,811.7994377,51.6054734,,0
4.351244046,0.032249156,2.48993074,0.145763999,60.43805975,840.1332674,53.46199009,100.7131213,1
4.327264604,0.027631833,3.059819728,0.148671181,73.34250019,805.4296408,46.72750241,98.69742929,0
4.003703068,0.027816412,1.925051121,0.179938614,59.68364218,847.8455669,46.89846013,95.99970978,0
5.076913279,0.015698679,1.863979433,0.154286327,59.40578025,830.2579147,35.07010774,99.20670904,0
4.545710481,0.033002892,1.929433934,0.160998568,88.84984515,782.590209,54.12186024,101.1547756,1
4.160122421,0.026457934,2.897258335,0.142276836,59.99893645,803.1840718,54.66802941,98.90862063,0
4.493117649,,2.301326155,0.155031235,69.46769926,762.3089499,42.50341963,101.3177769,0
4.477189987,0.014837435,2.651448749,0.166270039,69.61112639,763.6486985,45.29423842,98.04349018,0
3.524211093,0.028007261,2.501717057,0.147098418,71.24026081,792.93241,39.41380183,94.38853151,0
3.001417099,0.027844105,2.664197893,0.165164632,80.98520658,801.6170674,,99.66501939,0
3.482100161,0.01639739,3.387408934,0.13244845,70.49615567,789.2658057,51.00991775,97.19782815,0
4.447055886,0.018704862,2.084881636,0.15204931,80.75592748,775.9996742,48.00225788,101.4911445,0
4.501801374,0.033636401,2.430651853,0.160679192,59.98404992,784.9673018,34.7881717,100.9395061,0
3.891841122,0.011670032,2.727166207,0.147046329,72.09671821,789.2811387,48.6761484,99.38129444,0
3.460527448,0.01874344,2.111064014,0.13262355,94.99606324,817.5159097,51.67362541,98.3331984,0
4.074385008,0.024862774,2.775115248,0.148613788,77.15226318,823.309698,47.11403986,103.9400154,0
3.223924204,0.03054218,2.420354949,0.15070767,77.73371689,746.380948,46.24243893,104.0087778,0
4.158178751,0.024030824,2.492301076,0.132943629,74.45168249,786.0028507,56.22353195,98.78585031,0
3.620402065,0.019174894,2.488987584,0.168422879,80.92429985,757.4949217,47.62566835,101.6520403,0
4.898321397,0.015355303,2.170282121,0.124125547,82.59814658,816.7420628,59.36289379,101.9151806,0
3.909962296,0.007000665,3.074425607,0.146206797,75.31616299,804.3289014,57.22518749,98.68697873,0
3.93250261,0.021904558,2.529422093,0.158760402,77.3534804,803.9354929,32.54993935,101.5046377,0
5.166893447,0.024571747,2.366176398,0.167843908,73.69923275,812.967136,62.50810057,96.60296181,0
4.753746931,0.031847213,2.836968836,0.15497435,68.95941221,777.485293,45.6961877,101.3948055,0
4.098508963,,3.207658038,0.161758789,78.88614817,808.1503858,39.71751481,105.0485357,0
5.010992043,0.016755514,1.471452055,0.143077407,69.99618049,774.7053344,54.60623778,103.3898142,0
4.392880371,0.019994773,1.788961875,0.13623276,65.69883917,792.7749146,62.7241419,106.6665376,0
3.896944936,0.0225311,2.604613083,0.161645038,74.43061639,790.8890419,55.36461855,101.0127991,0
4.449533617,0.014565308,3.2200684,0.147289048,69.79201758,815.5001059,61.23476616,103.956155,0
3.624635372,0.013741944,2.224334681,0.152396183,58.89366395,851.8072613,47.96189315,101.3592831,0
5.07789907,0.03007429,2.490238557,0.144425839,71.15662762,810.8325049,43.67821464,,0
4.844116566,0.015121544,2.364430841,0.141400869,61.48233111,825.0974406,61.64651682,101.0931386,0
4.355908169,0.01340674,2.169710159,0.163595333,73.95829524,770.9000409,40.87451749,98.92473467,0
4.282241897,0.030757919,2.655748685,0.156672855,82.80132972,794.6733492,58.13032559,99.80218327,1
5.032669872,,2.092877202,0.15644235,66.50086298,816.2296009,50.38707154,99.27922626,0
4.413689728,0.025196172,2.971633005,0.154025794,73.69720248,798.4350207,29.31822552,105.7530845,0
4.221020653,0.030303163,2.307953774,0.153478133,75.52482241,789.4994292,54.08586563,99.15047468,0
,0.031010563,2.833111119,0.157842226,80.14435581,804.8972012,51.01512583,94.7169135,0
4.842545351,0.034810148,2.806351045,0.148334336,77.56557419,783.2729307,54.39834138,100.8321404,1
3.874335801,0.02614377,2.078932182,0.142223984,66.0119179,805.8093602,42.41158486,103.5266884,0
4.931203368,0.026858102,3.597334478,0.162058453,71.64145718,769.5429733,49.86767958,101.9742752,0
3.619199985,0.013885308,2.454723864,0.141806925,75.46496653,779.7883952,49.58642274,92.56324844,0
4.148981617,0.021194355,2.006315488,0.153308219,79.95857193,791.4115548,37.98441028,101.6557917,0
3.751962207,0.029947912,,0.158754309,66.61156261,824.3582167,48.05124423,98.47903112,1
4.781805557,0.036336454,2.034121288,,57.75198868,831.8394518,53.20205997,101.6335052,1
4.77923911,0.009637201,1.740951749,0.150006757,73.05971433,799.9299151,41.76570542,102.2685103,0
4.683847898,0.022108139,2.432681411,0.15606728,68.49981628,805.1050146,56.71466607,102.0385422,0
4.783641114,0.029934977,3.421948468,0.149326285,92.93948073,756.5871576,54.49867363,94.37703482,1
3.948118931,0.011955855,2.611593286,0.148747343,62.01892573,811.1066733,66.6564581,104.9146847,0
3.601258184,0.030659566,,,66.81775769,789.7879214,43.81622232,96.40486431,0
4.745862848,0.033950847,2.809271861,0.116021081,86.67623092,784.6801857,52.6151475,,1
3.389496823,,2.23029154,0.151645,87.5812957,832.6933882,37.62719917,97.35096072,0
4.740502899,0.019623266,2.08405932,0.161071997,57.65711327,763.4875473,36.71343153,102.5678116,0
5.042805043,0.021023934,2.445400853,0.143431518,69.08289232,840.5040594,59.55134868,103.2277136,0
4.813466614,0.026814426,2.27942003,0.128947123,58.3763952,821.4907726,65.32452521,97.6382329,1
4.7132197,0.023332587,,0.15033317,,782.6679071,47.69881666,102.3449152,0
5.142137956,0.014676535,3.474793768,0.142005454,78.72630602,750.7580726,54.64178038,103.1659788,0
5.275459864,0.021346344,2.777645631,0.146347225,62.46265,823.3674614,57.71063252,99.28323586,0
3.3850093,0.031937538,2.172235178,0.138886829,67.13931652,807.7916644,42.2646875,104.0928126,0
4.454269842,0.029924097,2.608210591,0.148446394,86.09728787,778.7980544,60.92471621,101.3657303,1
3.97255099,0.027965464,2.800611107,0.123457869,77.06664952,835.0845319,51.94083876,,1
5.353258638,0.0315795,2.502157837,0.149557386,,769.0736294,71.06952319,103.3054797,0
4.180463544,0.035953302,2.055469596,0.140871014,60.69937298,816.7386251,51.39419296,104.8944337,0
5.157047097,0.030283428,2.587651805,0.133807721,65.89521668,801.4139671,42.6634879,97.1452479,0
4.017728224,0.015167606,2.348294991,0.15882784,58.36271927,825.0098529,,95.30943312,0
5.028699533,0.014693987,2.361804926,0.150020947,64.35937117,822.597945,35.61555646,101.4984076,0
4.58560436,0.036422877,1.686380135,0.151924673,73.20243894,781.6823591,44.37305159,103.5949688,0
3.798038592,0.028460936,1.962066888,0.131231207,72.00861752,754.3186346,43.52160979,102.3364332,0
4.266604621,0.032972021,2.557267035,0.151065084,69.13400942,773.9685182,48.20734666,103.2723777,0
4.430322158,0.023520894,2.292818564,0.136687998,65.48292941,788.3388032,59.21167465,102.9236019,0
4.702614193,0.026012311,2.53988387,0.128542405,66.65978582,771.8256452,70.08678085,99.13216571,0
5.281767437,0.03314396,2.421884472,0.134335581,74.42278849,803.6159227,38.01738027,103.1975532,0
4.600406845,0.036160322,3.39923685,0.14961035,68.58970554,816.1634221,49.71548049,99.21857376,0
3.361568486,0.038721707,2.626721638,0.142142143,65.24315739,809.9730573,48.69107414,102.4725013,0
3.96828643,0.031098909,2.326307603,,78.63234437,772.5876192,45.33228187,98.47163756,0
4.771211233,0.025130223,2.632142276,0.162846989,84.33628103,784.567895,55.84012261,96.23596388,0
4.443826322,0.016243081,2.317881515,0.136467036,69.01801029,788.597273,48.95631936,98.07570181,0
5.224662678,0.020697111,2.229397589,0.140829164,79.43003754,810.3458081,59.71924543,100.8822209,0
3.93003791,0.035371828,2.584490091,0.130593564,60.06853855,827.1834134,47.38144363,107.1498587,1
5.172839454,0.036271796,2.752398851,0.157511487,79.27366315,767.1196784,52.4298008,104.8019094,0
4.883017755,0.029300547,2.493098513,0.155279962,70.77320336,838.3820921,,99.55528764,0
3.075959014,0.021628263,2.70998083,0.151258504,73.98935561,854.7356749,,100.2050821,0
6.01230462,0.011071809,2.515072361,0.147148643,63.44511648,783.3264753,40.73541426,100.9436804,0
,0.041659232,2.824725922,0.148017485,64.19330752,825.4119799,53.97022823,100.3626422,1
4.381335113,0.022850825,2.32506277,0.153524813,80.21811468,786.2366137,39.89134459,99.85087947,0
4.031804721,0.028456889,1.868569973,0.121611661,73.10336791,826.6985721,46.49721146,94.29148786,0
3.903285372,0.028171635,2.405829216,0.156781027,75.58698072,772.5451246,61.37372803,100.0701424,0
3.336274714,0.033487002,2.541345782,0.150169138,76.59526095,811.4443784,47.70926894,97.36205919,0
3.89735323,0.026479392,2.656616886,0.147230282,73.42420439,810.5740465,46.39714122,91.26806003,0
4.253721754,0.020547612,2.026252819,0.155051681,78.08179351,776.4111375,52.1021625,102.8321643,0
3.990528461,0.029411907,2.748587256,0.149247991,63.70654284,782.9297676,45.76591328,99.66067001,0
4.6276239,0.034316961,3.22095052,0.157653773,61.0232214,824.0149403,62.46550511,101.0429572,0
3.098462957,0.020182175,2.628850747,0.148921895,63.41606836,805.6550297,51.42608362,103.6306814,0
4.543088649,0.020887387,2.068404598,0.130909107,74.82707306,800.2615348,44.52218811,,0
4.536010018,0.031151969,3.256252188,0.149968077,69.59607721,788.0564967,57.18609346,101.9835969,1
3.792033779,0.023180395,3.350194151,0.145228381,81.7262182,770.8704097,63.47303397,95.72248725,0
3.716745171,0.015063594,3.050453081,,84.13063599,805.5764505,55.29605835,96.98835496,0
4.217460933,0.009354061,2.13352289,0.13702699,,808.6631315,41.69700585,97.40782466,0
4.173995708,0.02114941,2.49338406,0.135794266,84.67931002,786.6201787,41.34417101,103.6994634,0
3.85755997,0.033592211,3.098404887,0.141783161,59.64550364,772.2734548,,101.5484252,0
3.632922285,0.029036274,2.958312188,0.152760515,71.82647502,781.2609235,54.91993968,105.88027,0
3.839460169,0.014714782,2.105640949,0.13129844,76.74570169,784.9782493,52.83533882,101.0472759,0
4.695799403,0.024313706,2.272383697,0.148949584,73.4155928,786.4480828,41.87901087,,0
4.388364572,0.025806508,2.158315997,0.139480766,71.56446769,825.123395,36.86624792,98.89426656,0
4.237099318,0.017652163,1.943830319,0.163820216,79.38898525,806.2834407,33.39591687,101.8869453,0
5.218627154,0.037410973,3.034201783,0.148684156,74.15786439,786.7948543,51.13493964,97.67796017,0
4.174243074,0.018046429,3.041837923,0.159301059,77.68603996,790.0613946,40.25151024,96.23811198,0
5.175795711,0.034188833,4,0.122561101,50.64123648,790.8139685,50.64664356,106.8216478,0
4.823086557,0.018873887,1.935541661,0.144918637,80.54950766,817.2706657,43.55574868,98.96547319,0
4.915773193,0.031283992,3.419926041,0.151877702,82.53165892,815.1027927,49.58701372,101.8954787,0
,0.01725877,3.115977092,0.14754944,57.55124943,824.2110409,71.11626379,99.72911458,0
5.349649073,0.026672068,1.753628317,0.156750633,67.83683625,813.5624939,53.66871573,100.268194,0
4.401616499,0.014060155,2.372083335,0.143929467,79.3515495,763.9001819,49.78211102,100.4452925,0
4.790367476,0.016234013,2.360535259,0.145316788,64.19798263,819.95026,53.82186134,96.45650569,0
3.858297265,0.025495954,2.28348318,0.15202325,88.1827879,753.2596094,61.20884112,105.6849054,1
4.97919766,0.026184879,3.002997288,0.152142723,79.95816689,839.2782283,46.22491769,99.15534423,0
4.372649118,0.0232464,2.573237425,0.141235651,59.14856928,812.5759403,54.87414324,,0
3.382893036,0.02655412,2.145808922,0.167759781,78.62965527,812.4824928,53.52495446,92.06115093,0
5.330648894,0.02534647,2.933093259,0.138014043,81.25629005,807.7392229,47.57844365,100.3459243,0
4.591254054,0.028549218,1.721521401,0.135186286,75.72109843,807.1542652,56.73125814,98.34868854,0
5.10063239,0.019595311,2.352580593,0.155681072,87.88040067,801.4771416,61.12078047,97.60763872,0
4.577577423,0.028063384,2.618586074,0.160605881,100,785.551534,57.27964928,96.04884298,0
4.656056524,0.01695569,2.707188924,0.144609581,73.33307614,781.4993829,56.34479556,102.8389448,0
4.402526061,0.036608783,1.976680751,0.138676541,92.11957757,773.1149038,66.95468901,97.73206028,1
4.653072175,0.025025778,2.7191201,0.138999296,75.00193581,841.7840919,53.24387669,104.3049051,0
4.111219201,0.025128816,2.967454597,0.162682469,61.63522728,790.9018558,53.20770862,95.05878252,0
4.105948129,0.016038696,2.575175976,,58.81789147,813.0953234,45.05041904,100.8272843,0
4.138697836,0.014521528,2.028380993,0.163668443,72.78590994,818.5120786,45.73069911,102.7858393,0
4.100900237,0.038022377,3.124950658,0.142685444,85.16158268,816.1360116,43.28602451,105.5292747,0
3.995243369,0.024925747,1.821668065,0.163329033,60.24353903,808.4440105,,100.7672357,0
4.341802808,0.012598199,1.446831395,0.151115461,71.03328957,784.4655713,50.63818095,96.53933371,0
3.594872952,0.022495469,2.285493353,0.158993792,78.27189445,802.745604,55.87513014,98.25005184,0
4.389873382,0.029932936,1.830261929,0.13564977,61.45164382,789.3625835,38.22076793,100.7170064,0
4.934530566,0.018425382,1.50190597,0.139319944,76.99175782,787.9118155,37.28042646,,0
4.713271327,0.02377434,2.619663668,0.149294514,61.68992485,788.5157226,50.81270192,96.06972004,0
4.843630239,0.026431409,2.272032802,0.160871304,72.20379977,753.2718371,54.77031886,101.987639,0
6.385385901,0.023834312,2.7712007,0.147787102,79.60622156,786.8831292,54.07662822,98.51983023,0
3.846170549,0.022683824,2.427340592,0.141089702,73.52010417,782.0523125,43.63716505,101.3852384,0
4.782060923,,1.790000428,0.163178651,80.17542996,774.9614839,49.70245111,101.0537009,0
5.776571977,0.01956678,2.584820294,0.151065594,58.98498428,813.9827128,48.87144862,99.39687905,0
4.315434864,0.040327157,3.05762511,0.159852223,70.59181984,775.4953582,39.57253158,97.69024447,0
3.584419344,0.037450216,2.162912716,0.161909422,58.21458572,797.8191477,48.590929,98.64789731,0
3.81209519,0.01086769,1.009131841,0.162775504,80.52894042,,50.9050696,101.9143737,0
4.304533381,0.022933071,2.417322039,0.150689482,68.14444837,803.1556774,52.82261625,,0
5.476398131,0.020244282,2.187355726,0.14300135,63.30510272,834.3381625,40.73063134,103.0205865,0
3.496969862,0.033691348,1.667425408,0.141185401,69.98900453,830.5640657,48.2326135,100.9094528,0
3.857534488,0.028536017,2.197979549,0.136050987,62.77195702,798.2620489,44.11501,100.2708211,0
4.016170654,0.02995496,3.250777129,0.155004675,58.34699673,790.2007602,51.13336035,102.5808976,0
3.510978744,0.032821884,2.585855606,0.133282484,82.04018565,779.1348604,46.39639142,94.03239818,0
5.655672422,0.021341586,2.870324051,0.156019916,76.64624091,794.0149642,56.3953308,99.61031781,0
4.839744633,0.028559716,2.826699966,0.155476292,70.7941655,821.4442093,53.99144794,97.49308559,0
4.98225532,0.027862721,2.831672042,0.146225436,73.55330729,819.3775578,48.06631364,102.1546309,0
4.988373624,0.014475031,2.801879673,0.153970141,62.25693674,815.1072798,50.54439202,98.67823377,0
4.187011268,0.022423488,3.083281048,0.147509613,80.64808854,786.0764343,61.31614866,103.628321,0
4.663554283,0.02651843,2.530069548,0.150492209,88.02231582,787.2263466,58.01618181,98.42290078,0
5.051851372,0.022406791,2.116702985,0.13533086,65.00221111,832.4870043,51.74499313,95.24863679,0
4.513469764,0.0191158,1.955167203,0.149223312,75.27663077,775.2804086,43.55922957,101.4899645,0
,,2.260512735,0.157127599,80.93306294,789.1948585,53.90433685,102.56568,0
5.253687261,0.018825273,2.052565939,0.155653338,83.34325005,788.7476808,47.40280147,98.62258473,0
5.227104781,0.025833132,3.006906796,0.142780625,62.09946092,814.2668053,54.58326147,103.7844984,0
4.384995374,0.0273443,2.046416952,0.146238921,65.74028758,814.5731636,39.21897018,97.79009723,0
,0.016798254,2.253372762,0.152391919,69.16836639,818.6690439,46.78584139,99.9469013,0
3.822114946,0.030510854,2.874663087,0.148151697,,828.0639873,43.80670305,,0
4.395830092,0.01932871,2.774290519,0.147498578,71.55256944,818.6418992,55.09803282,103.2468545,0
,0.022867036,2.756903832,0.15412325,63.56281403,803.8736319,46.33315051,96.94870652,0
5.034835027,0.028938265,2.467626853,0.131332244,74.26578275,813.0655003,39.98892905,100.5851452,0
5.097459065,0.016215795,2.884768219,0.130074102,63.96476434,817.4384129,47.2946753,102.2607996,0
4.674743188,0.027578118,3.504623845,0.156729447,73.80914525,808.8406237,61.85725222,97.51692537,0
4.12481956,0.02369247,2.287955339,0.137638555,58.07939988,798.9117245,57.66373296,100.2874636,0
4.378207964,0.013031625,1.869593967,0.147262974,75.52076548,841.5945667,46.77263595,99.66312834,0
5.234225093,0.025774879,2.307629642,0.168709105,61.26759119,786.054656,47.8608378,99.88701886,0
4.84922184,0.021722726,2.80892476,0.134143582,80.32998274,771.1379438,39.83479993,104.839768,0
3.91767042,0.041119039,2.489912034,0.146857837,70.96596207,774.3528354,,102.4019821,0
4.958212877,0.022641304,2.646864131,0.142167359,64.9385139,819.6373735,57.79635272,99.27961646,0
4.400537184,0.025073096,2.817857024,0.154207478,71.36506705,823.9820843,49.28053755,98.32084702,0
5.471068677,0.029981711,2.57579491,0.135239677,70.57721398,776.4229425,48.3328486,97.17554757,0
5.108306756,0.018389371,,0.145950948,,787.0232679,,99.15245396,0
4.56412316,0.031527469,2.876120369,0.14247119,75.32949271,807.7605193,55.88036513,97.89280036,0
4.478872907,0.017272484,2.355932269,0.145146257,77.00714034,803.7267278,52.50794712,98.00045065,0
,0.032082687,2.151459982,0.157435938,72.39747304,829.2884356,52.01187309,100.6277385,1
4.063904511,0.029801283,2.244033959,0.140021635,65.41344175,799.4028463,40.48953031,101.7372775,0
3.973721635,0.018997302,2.717706018,0.141240423,,790.5168261,46.65403462,105.7162161,0
4.226651896,0.022539747,2.987455106,0.14040375,69.41050705,848.4497312,57.08322557,99.89504123,1
5.416418086,0.028611281,2.572517216,0.138366208,85.7760603,771.9822782,58.67584718,96.22381688,0
4.513656366,0.005852036,1.397492798,0.154897404,69.79214396,820.369218,37.34689931,101.1335871,0
3.649399371,0.01740164,2.734775685,0.144724163,80.92493954,814.4545674,50.83906679,100.608818,0
4.322757042,0.019796067,2.575886169,0.145361121,64.41248492,788.3044372,57.09445263,97.63442011,0
3.90230245,0.02563565,2.711356334,0.161653852,71.99792143,773.6077709,46.39515776,98.64554606,0
5.588769224,0.031113553,2.931406702,0.137581496,79.40881136,790.755813,46.9608332,96.49649686,0
4.133470964,0.026303623,2.701722456,0.156087845,86.25080373,740,67.08715346,103.8365718,1
4.499432512,0.015322566,2.229917439,0.133253769,82.1363461,817.9591298,49.43610547,90.75189223,0
3.407937242,0.014476643,2.062140932,0.134758791,68.81544013,799.7303644,51.68202439,95.22941776,0
4.449350927,0.023924763,2.355815782,0.155180987,,805.8035458,50.13279231,100.5639827,0
4.756479586,0.02140546,2.094200045,0.133690724,75.36132045,820.8189754,43.46392918,96.7907908,0
3.771133748,0.027887393,2.663592713,0.155811734,70.28414359,808.6253998,62.65815591,97.95548193,0
5.820218461,0.035158251,2.667100461,0.146138992,71.70725899,,39.91788663,98.91559481,0
4.071278897,0.03600396,2.932218414,0.169887321,77.64055092,755.1542063,58.20475252,96.15308509,1
4.901298381,0.024937778,2.306996223,0.147223507,63.44803807,772.9973761,43.79645894,97.94712548,0
4.627047536,0.020976136,2.331198378,,73.46003107,781.2843539,64.50006951,97.66362639,0
5.723584571,,1.878708541,0.150901606,79.78823788,821.6498687,36.94806096,102.6895695,0
3.097227917,0.033551259,2.459799317,0.150065563,74.3694759,811.2064203,49.04882563,95.10618334,0
4.828733819,0.025541744,2.374932034,0.130424964,74.19313045,770.8162354,42.60032866,105.5256481,0
4.519163272,0.038610124,2.558584541,0.173870756,83.77115301,,61.20871956,102.4603533,1
4.411553292,0.041193692,2.931057177,0.154046133,84.00738046,826.9230868,49.98817912,101.5841964,1
3.918163808,0.019798146,2.810817879,0.146490753,61.19113124,826.6942063,58.7194162,97.31577418,0
4.246427987,0.027954021,1.966079122,0.161313709,81.93191086,801.3381338,42.93259295,98.5407997,0
4.834329852,0.02867593,2.825331131,0.157773449,65.66976772,792.8001936,39.5291722,103.3790107,0
4.307068937,0.024801536,2.03584299,0.152634598,79.42897145,770.7389773,46.64251046,100.4402835,0
5.418945511,0.036842062,2.817093147,0.137513569,76.66461927,798.1439339,35.95626553,98.24755806,0
5.227111684,0.005,2.428146171,0.151283301,76.41902306,795.4474933,55.38647173,94.93949073,0
4.496837859,0.021237746,2.169461955,0.156392897,71.04263842,794.9904758,72,98.33277708,0
4.631202268,,,0.147518401,64.88960422,805.8998888,42.20039213,104.3415324,0
4.118232239,0.01010961,2.414240413,0.136549505,74.56244965,780.5417685,55.68879783,104.3435149,0
4.541548897,0.017839686,1.975508505,0.150988635,88.6511331,810.8906251,72,102.3870502,0
4.325600534,0.011161453,2.463567168,0.159563573,79.75272628,815.9373541,44.60062447,109.3213692,0
4.147246458,0.016899532,1.63226957,0.145170496,81.26730823,786.6466999,42.23563012,96.76277904,0
5.220731675,0.018975033,1.938636707,0.154383635,72.19061798,754.4941305,39.5909051,101.5836893,0
,0.031254556,1.436761713,0.15291963,65.00254162,836.0514565,54.11685257,97.80178723,1
3.239647836,0.030460552,2.099301487,0.143328243,53.86288888,831.3233226,50.99271714,101.3358684,1
3.498782074,0.031726556,2.385790639,0.144865853,65.6545697,791.1256318,53.52491093,97.7908849,0
4.719866303,0.040647132,2.678240457,0.156911593,64.02158374,823.0747034,56.22711392,103.5480709,1
5.157308876,0.030526303,2.867957149,0.141931018,92.06726778,778.496658,56.28549332,96.55005649,1
4.986012853,0.029107987,2.742165325,0.154477439,69.82069236,802.3308835,52.99002529,94.73248169,0
3.605590595,0.020411052,2.85518565,0.152438277,72.63635256,814.0869502,58.46902122,102.9059644,0
4.109382747,0.028066885,2.949023558,0.15621686,89.53163243,,44.57186759,101.4881153,0
3.812236474,0.020546213,2.519753123,0.153069841,74.4351591,786.4203046,,102.1849737,0
4.323502718,0.027216502,2.875669932,0.131980759,70.34527697,781.7629068,51.69615629,100.8282994,0
4.092121022,0.012733562,2.305473576,0.1619194,76.35054291,762.4640432,51.97655352,102.3566319,0
5.202502779,0.021492513,3.004149222,0.143183476,71.90384788,837.5086953,53.41334412,96.21735074,0
4.61729818,0.01624752,2.956760533,,70.58298738,822.7811643,52.16038109,100.4378691,0
4.828093737,0.030900924,1.803873035,0.150276884,63.49165069,811.9612467,54.43407186,101.0919601,0
4.00400414,0.020258701,2.794851712,0.151308759,77.32878343,795.3311185,,103.4899635,0
4.488246044,0.013208851,1.837720671,,76.7258142,788.3933014,50.22296177,105.3989955,0
3.857891456,0.026817503,2.771295038,0.160961103,81.92809692,783.7059754,51.49529677,102.8028372,0
3.712701957,0.026624391,3.154698002,0.148075496,72.1563724,837.8754036,58.61824812,101.9906188,1
4.271964365,0.024533131,,0.163858415,82.3345859,810.8811606,55.7151022,97.31087153,0
4.843335131,0.021671609,2.583612023,0.146033361,84.28106176,828.5070005,59.73300175,99.04564191,0
4.984668215,0.018543399,1.966306429,0.141711183,79.52898417,808.4980863,52.68380699,99.94197828,0
5.32201945,0.027420018,2.518600537,0.148685826,,811.1757328,48.53374463,99.36946609,0
4.466972223,0.035147561,3.666374849,0.142889855,61.89373493,811.564365,57.29941437,,0
5.305626308,0.022342176,2.574661319,0.159377927,70.04165141,833.8329761,49.85109641,100.8562997,0
4.028085506,0.016438347,1.7470701,0.13375462,57.42698507,826.3252217,51.71978217,92.47950993,0
4.507493694,0.02152407,2.227056623,0.144671708,78.25869598,789.0495025,44.21402001,97.03644481,0
4.7974097,0.020585206,2.646069854,0.152893941,73.88116321,816.9500472,38.04317514,100.1515822,0
3.751611591,0.02299956,2.879279254,0.138251527,67.0476024,806.8269433,45.53879665,99.85960579,0
3.651718282,0.023244847,3.291234096,0.152291912,62.37128849,816.6284593,54.65737267,98.33952882,0
4.935043376,0.020110963,2.645402998,0.140801914,56.3757793,805.8760329,47.3907593,102.5337899,0
3.601060557,0.019194502,3.561727541,0.146839709,85.32489325,744.6542256,46.35055301,99.96539905,0
5.193398872,0.018983342,2.51333673,0.148456225,77.88331204,758.9411887,39.6175993,95.15315728,0
5.553243906,0.026023766,2.328077508,0.156117174,72.79546973,823.1446862,39.50795566,100.0303864,0
4.518671965,0.02067758,1.992273205,0.135792343,80.86092047,793.6084348,52.41026679,96.37139537,0
4.40472014,0.038657133,3.003363044,,58.07146072,792.3433252,59.00561116,101.4269609,1
3.954225862,0.015327318,2.732261516,0.160459232,75.87152849,793.6040743,49.10332401,98.12647107,0
5.185106456,0.025300711,2.499824759,0.143681386,68.69551372,823.770227,36.53984836,103.8857917,0
4.501713585,0.02682975,2.054065109,0.14582635,69.99388274,834.4430402,43.49543661,101.0036161,0
4.287063309,0.015657823,2.155391892,0.148827565,78.13979954,824.3617393,50.65643974,106.0533755,0
4.318628518,0.022115204,2.311285034,0.14004427,62.31444097,804.847138,58.56355478,95.81332247,0
4.530302633,0.030034756,2.395248981,0.135690745,65.87800454,838.812323,37.18921201,104.3900232,0
5.421572485,0.019147851,2.949320234,0.156064204,57.33464766,833.0630126,58.25395693,104.4630695,0
4.344970005,0.021133493,2.238972074,0.142086582,81.11915461,810.8672609,43.55498341,102.7069588,0
3.47666377,0.02547327,1.140782548,0.153756182,82.70814446,762.1822695,54.27542656,100.719551,0
3.860778936,0.020792269,1.62501281,0.149939785,75.9247183,807.5189057,54.69843042,105.4645356,0
3.379685336,0.021770673,3.165283142,0.155473612,83.7700539,773.3320659,63.94893892,102.8528895,1
4.48412517,0.020339465,2.562088018,0.151086705,56.66581014,780.334236,53.85846201,99.36752156,0
4.747800038,0.024498707,3.144367822,,87.95958122,785.362198,52.96407776,102.2866398,0
3.963866259,0.01948016,1.777893486,0.148298638,76.06936296,790.0249602,55.61293835,102.8088807,0
,0.028702366,2.453536298,0.174614187,80.64570834,806.1391195,41.92508034,94.64941695,0
5.068305893,0.018191695,2.85792933,0.140330657,82.43167117,828.581438,50.02606292,98.22008121,0
5.438287621,0.026580992,2.760455646,0.149139902,68.91156771,810.0642306,55.72995278,98.27557265,0
5.124624138,0.024254446,2.63025751,0.146244874,78.78377549,807.3796203,57.1092134,101.2485505,0
4.374402067,0.032883856,2.112679413,0.158398908,79.50459072,829.7730861,42.4342518,96.18998765,0
5.499325979,0.042927305,2.893825145,0.13234377,76.28080834,789.6506359,50.7950665,94.88082867,0
4.294472143,0.022070961,2.682366495,0.148623763,56.87344737,767.439387,,101.7089239,0
3.768637009,0.023315342,2.160715571,0.152500985,73.63515699,781.3937014,44.94685653,100.693451,0
5.296134837,0.015307977,3.501054621,0.143526782,83.13753341,789.6372287,46.94554575,100.1914924,0
4.19792146,0.008416386,1,0.143974508,63.92361962,789.4663805,66.85039961,101.0141379,0
4.815697016,0.031764899,1.547094016,0.135429437,83.3833117,805.0069874,51.2125032,99.02044059,0
4.547118009,0.027850027,2.953025695,0.165925223,61.46191007,775.0450847,69.38487433,99.21599411,1
4.530533771,0.022134603,2.637683697,0.157979852,77.09155629,797.1724981,51.18707787,105.7859584,0
4.628011339,0.013778924,1.990981071,0.166186904,85.11298634,780.8445214,52.34395632,95.44048593,0
3.930359843,0.036498688,2.713753222,0.140450012,63.25342151,831.6786808,49.52394522,103.9523351,0
4.587301762,0.015685279,2.866722671,0.159574237,70.67514422,796.2590052,59.42975303,102.3943318,0
4.547169599,,2.978541486,0.160105314,81.16578739,805.357598,55.49984395,,1
6.17125074,0.022721123,2.275713012,0.132753189,83.27128705,775.4426266,39.31932186,94.56761325,0
4.11356681,0.036790683,2.611183597,0.140280406,71.83479406,799.9056455,43.93822383,100.1130526,0
4.573645243,0.027026298,2.102750964,,78.70312831,813.339118,34.0890651,99.39426315,0
3.872810862,0.016547319,2.34333792,0.138875776,84.88166423,813.234224,49.8214364,96.63417771,0
5.344003842,0.006875199,1.354529227,0.15719047,90.48201952,823.496897,43.80767829,102.4562362,0
4.750201241,0.022703579,2.893713251,0.143203069,71.21794112,794.8535334,41.00078546,,0
5.231325108,0.011650239,2.13556878,0.138786878,72.13647682,829.3169392,44.90085943,97.45704397,0
4.967073481,0.02991691,1.895886378,0.136879543,75.02893438,824.4396912,41.64382556,101.0009287,0
5.558921558,0.029588639,2.714946695,0.163423043,71.02554867,764.5164683,50.69274238,102.7275764,0
5.322217557,0.020799444,1.239328251,0.150565946,63.19467298,818.7427987,44.42362057,101.4709994,0
4.465977842,0.024796191,1.80814956,0.158148034,86.75234192,834.1396387,45.55876802,102.2256439,0
3.98631195,0.023045661,2.428658394,0.137777956,66.86853094,836.8303532,43.80644628,96.9007176,0
4.50582153,0.022117667,1.316765009,0.150306704,,770.4866726,46.95887927,99.47478526,0
4.647439517,0.027096363,3.247236826,,,823.2329897,45.07028491,99.88387717,0
5.752241405,0.032185854,,0.125187294,64.03460469,810.1022008,43.14862944,98.58774554,0
4.141957791,0.020301038,2.371461526,0.151587761,66.59342062,810.2512482,57.63812244,101.4790206,0
4.362050009,0.025012217,2.566906017,0.139799642,76.63628548,833.0367418,62.25051271,106.3658393,0
5.461708921,0.023057267,2.944221521,0.143710529,52.38258214,855.4270462,43.41484926,93.93958834,0
,0.026088206,2.304998624,0.145259178,65.22301745,801.2122512,,103.6139464,0
4.960199483,0.017865193,1.926096443,0.161046843,83.42166807,762.3040992,55.21889867,100.6427132,0
4.018569334,0.031738976,1.796161053,0.160282519,76.70823795,749.045502,39.4111637,101.5490556,0
4.184870366,0.014907417,2.589043249,0.149306883,89.94549835,793.653763,46.83780006,102.4529198,0
4.801431738,0.024912414,3.272339667,0.147958861,77.1481936,807.7417915,53.91016019,103.7534374,0
4.18197947,0.033962783,2.849956544,0.144826646,59.64086737,823.8108131,62.57017416,101.5670217,1
4.319025088,0.018935678,1.984534114,0.148487071,,781.1805627,57.49559686,101.449316,0
,0.026389304,2.402213049,0.119735987,93.35685192,755.5377311,50.18903347,101.9835497,0
,0.023748861,2.17129707,0.132907434,68.24888623,788.5102299,50.03969866,105.4661834,0
4.892733541,0.028286372,3.003435697,0.153425033,54.34714754,860,72,98.41421294,1
4.872293079,0.025389355,2.00476582,0.130622905,72.36724162,812.7077259,,,0
4.431618118,0.031354511,3.052586022,0.149496353,96.5412553,754.6575906,35.94171904,96.38961791,0
4.038012301,0.025248429,2.263529187,0.150710154,63.07622836,789.7396383,41.88817356,100.8446075,0
5.754619562,0.032560403,2.416795021,0.142365385,74.36916767,796.0381734,40.74323704,97.74440278,0
4.556800991,0.030694706,2.623700568,0.127548529,67.97199716,833.5156458,60.89552693,94.20802096,1
4.616808821,0.00994093,1.877731911,0.152742951,77.56052398,791.8864498,58.60702017,102.7574067,0
5.904293709,0.019443511,2.301298942,0.136972473,83.84499632,777.8470828,51.43525394,103.6030838,0
3.662731479,0.03228444,,0.160876819,,800.5974535,47.32954254,99.74381306,1
5.311649825,0.025963723,2.434800984,0.143268654,56.39013738,796.1770225,44.09063007,96.42262253,0
4.320070818,0.03561896,2.08495191,0.150215312,65.4492007,833.6540137,68.51512301,100.2213792,1
4.988432554,0.022878732,1.960161682,0.144226573,79.87656797,,46.4182593,91.79008399,0
4.156536971,0.031098594,2.706800703,0.149952301,50.55470939,859.6487784,51.15444632,101.1934316,1
3.847337823,0.013284483,2.273967536,0.146419523,58.58522329,792.5919523,51.44322779,97.78254925,0
4.414683516,0.032736469,1.840133282,0.143923596,62.28773979,822.2945319,44.70739616,99.4542354,0
4.610060875,0.018494346,2.624298046,0.148435483,81.79196902,798.2206602,35.34702026,99.58752704,0
,0.017995072,2.611819326,0.148256742,62.22380231,817.4749632,43.28771312,97.07967007,0
5.739021838,0.031854371,2.589314964,0.132282882,89.0660362,813.6315797,61.26674045,96.6312972,0
4.4433012,0.031793777,2.037022349,0.139281463,60.45644824,825.8798773,44.62309123,101.1513279,1
3.437455821,0.017345843,2.050513009,0.148289033,68.89547323,769.100622,44.07681226,102.8009744,0
4.978874573,0.032727511,2.003372877,0.137383437,78.47748834,808.4852535,45.16152774,99.84272766,0
3.667220143,0.025489332,2.411359657,0.150322755,78.0906326,810.3681296,47.02106192,99.16704202,0
4.154139748,0.033413791,2.717059496,0.149004227,58.67272435,826.2613165,,103.599045,1
4.205314409,0.026891091,2.69523274,0.138757777,82.29955167,,50.0777244,104.0053257,0
4.32844426,0.022571217,2.219040978,0.143114938,67.6571086,758.3020298,50.01176671,100.6178577,0
5.657835931,0.026757033,2.523533053,0.159987204,87.8280891,781.2977768,41.54777444,98.48492872,0
4.432565716,0.021638158,2.363926763,0.151337985,70.33077462,835.616783,47.67892928,98.64821778,0
4.077298034,0.028063471,2.059763066,0.13908698,69.96061632,806.2443249,58.45389264,99.44132256,0
4.346384779,0.018941481,,0.151785674,56.58338372,834.9351499,62.6097469,100.5815016,0
,0.019022798,2.488256347,0.146531276,76.21749792,830.1312868,53.37904679,102.1194246,0
5.531773695,0.020961773,2.532814998,0.142686914,87.45852669,802.2499624,45.97128229,97.40573171,0
3.831833336,0.023270464,2.345810236,0.148567044,55.47267358,794.3248546,56.09004924,99.37564715,0
3.662123525,0.02319545,3.24341068,,92.55287969,799.7293168,47.75736755,98.58793213,0
4.858185965,0.027642441,3.110564623,0.154508953,68.40236724,796.5079995,,99.35608648,0
5.12331286,0.027131136,1.956359169,0.139417982,66.33636345,820.191247,52.59791996,104.9633511,0
4.674851593,0.026224405,2.965386708,0.132151815,74.43235342,782.6294924,41.67830514,100.4078797,0
4.745462139,0.020427574,2.594878266,0.151259025,68.66930589,812.2617594,63.50448151,101.7275252,0
4.550000439,0.018344023,2.531034405,0.136851377,59.59094714,820.5468073,52.94523489,98.53913186,0
5.037593497,0.052277927,2.342257544,0.140685567,66.86387693,794.5246139,43.86312317,98.69805856,0
5.169849754,0.016768267,2.324205187,0.150606461,65.12192209,799.7070256,53.02821,100.8651836,0
5.30521965,0.02592795,3.024429783,0.149640809,70.23275172,822.3390246,46.4824094,99.08217858,0
4.317692625,0.024092493,2.369226554,0.157536345,78.63062801,815.9759879,43.49162221,98.94899468,0
4.680589307,0.016993184,3.022817999,0.149981673,71.03346938,768.2925415,48.88240253,102.7351213,0
4.710523499,0.026804969,1.904689316,0.156455935,74.44930465,740,46.37224653,97.59331127,1
4.22452057,0.025776457,3.20650235,0.148326537,56.60735292,791.6931793,49.43643533,103.1812544,0
5.483255227,0.032460114,3.045195843,0.156324987,81.91644168,760.0925845,54.9537405,101.6835036,1
4.621648287,0.022946894,2.684419,0.156355247,68.63762641,796.4716056,65.71618529,99.62717494,0
3.945007321,0.032419701,2.261833555,0.154169576,78.3226555,822.270776,46.51400483,94.79766467,0
4.010282574,0.034531715,3.505536001,0.138658055,68.01661681,782.884638,44.09054602,98.59857457,0
4.844136323,0.02421996,2.759615912,0.157938644,68.7138799,821.4567826,45.98361514,97.00580481,0
5.757352192,0.022901055,,0.136139305,73.31098839,794.3556309,,93.11932534,0
4.345587022,0.027510601,2.777051871,0.152327146,59.53418994,852.5111814,45.68344193,95.43938844,0
4.477627734,0.023449161,,0.171894462,53.81847578,850.4078492,52.7345091,99.6411216,1
3.58514104,0.014527283,2.079408065,0.132350104,63.58468317,768.6372148,44.36037146,98.88770123,0
5.120778755,0.023904853,2.62659626,0.154553578,89.22720149,768.5388356,48.18263338,102.5390368,0
4.849051162,,3.161466929,0.147481674,67.62036852,789.7533153,46.41687221,103.7812732,1
,0.018433221,1.637644967,0.128266374,81.32732161,798.7779949,62.03638762,102.2438324,0
4.777892992,0.019935268,2.560135107,0.164358671,83.11097801,784.3517658,41.11388289,98.67403511,0
4.262167804,0.0419356,2.698717297,0.142942611,62.76502814,793.3295101,63.60453645,105.5960073,1
3.954803178,0.027892379,2.725298665,0.157236844,83.8801866,814.4867244,48.82351522,,0
4.331283279,0.022105449,2.702789,0.128730238,72.40798134,787.1835666,56.80785956,103.1141473,0
4.665125342,0.033539627,3.126818572,0.146418676,76.34976568,794.7971912,47.59089081,95.17257392,0
5.429614175,0.020163145,2.356670131,0.137750555,65.97770598,822.9718802,56.80903651,97.8327558,0
4.213775537,0.019313337,2.868060664,0.154208863,81.34233712,771.9397935,41.03883136,99.88126918,0
4.983659663,0.027940705,2.625531783,0.164173695,67.76974906,783.8873849,47.80468102,99.97945898,0
3.709246119,0.035608211,2.602143182,0.147821492,63.98531862,835.7543228,53.97501328,101.740709,1
3.812798937,0.021001943,2.063198787,0.153919867,68.72354402,810.948845,54.62005083,94.46542896,0
5.43004461,0.012936205,1.842825944,0.134539212,64.26029715,802.8480245,50.45186752,97.32203662,0
4.127651589,0.018869939,2.968325084,0.136765485,70.46922045,807.2348522,55.46919858,97.17196378,0
5.498487518,0.037173184,1.838567965,0.155861778,74.87480948,794.3455545,,101.3636816,0
4.313058736,0.012298736,2.635461852,0.161692911,59.97340521,816.0700857,60.62783343,101.0010562,0
3.487123996,0.021108228,1.906375173,0.160695059,62.9333713,775.1552201,38.08330839,100.1078583,0
,0.025904047,3.18448659,0.138038623,78.92919956,845.4938108,44.40548529,98.72940417,0
5.54716749,0.02896032,2.792877535,0.169156091,83.86897581,790.0315616,46.66973811,100.3031394,0
4.419134369,0.01398672,3.219426859,,76.67270525,798.2237366,50.29684987,98.51092087,0
4.119847135,0.03049581,3.081320222,0.151906878,80.49532013,762.9907211,48.34200857,99.47737076,0
4.559836044,0.026419976,2.618313304,0.15752999,73.28696792,785.4357498,48.20409054,102.1638123,0
3.505969026,0.023266286,1.971197784,0.160831987,75.72105269,765.7066228,56.88317077,98.20768543,0
4.544867461,0.035782144,2.706165764,0.144203968,68.08934912,818.8181826,51.69376636,96.94583155,0
4.110032867,0.023113614,2.014428127,0.161398545,73.63667663,767.5529577,54.22358903,100.3034795,0
3.601843764,0.037757681,3.322810829,0.156958587,60.80043447,821.5295104,42.52712586,101.806037,1
5.380851112,0.027356747,2.556561173,0.153121911,79.59254834,768.5451994,61.96237063,100.3938119,0
5.271581958,0.032187314,2.389014928,0.134095118,67.29642045,792.453247,30.14402462,98.41978095,0
4.548356971,0.028003812,1.89570686,0.165844235,66.26354244,780.3651465,56.59784572,98.71027155,0
4.031179111,0.008500323,2.300498247,0.154674773,75.90403633,760.7764568,48.03804636,97.17232226,0
4.503254443,0.02539262,2.875064881,0.133759315,82.76937195,769.6223313,55.45751259,96.38627483,0
4.397624295,0.027221024,1.978499686,0.17356005,81.09446725,788.9969689,45.82732478,100.3695138,0
4.51105367,0.024307263,2.136033634,0.147156654,77.21742027,824.4848249,45.49689735,,0
4.586091071,0.028230118,2.446624557,0.131897901,71.87645507,768.9282175,49.17987517,98.21778745,0
3.590248369,0.025429344,2.251777457,0.144056624,70.89017866,783.4334633,54.99087677,99.31203485,0
3.779273459,0.028650291,2.6462961,0.140857295,69.22791892,807.9283257,59.18465381,102.5150312,0
4.838717646,0.020466753,2.866507026,0.133285406,76.59485817,792.4610082,42.77658165,109.1791614,0
4.15619811,0.01173979,3.13193471,0.14850085,78.46552634,767.6891438,50.27600811,99.43551696,0
,0.032310733,2.953256712,0.134455276,61.04120517,811.5295718,40.66351402,101.1708055,0
5.0732564,0.021606959,2.190215684,0.129561502,79.60897956,799.7873328,50.57825457,97.05491445,0
4.36661884,0.026930829,3.15523831,0.166685098,92.12551706,777.1289141,55.05175573,101.6856936,0
3.880713873,0.029261928,1.283003039,0.125021023,91.24542086,796.7761605,53.88024398,99.12929834,0
4.360067802,0.028930594,2.717829678,0.146656478,69.08866537,855.5251219,63.20971938,95.27453245,1
4.89151408,0.027464766,2.255457824,0.146868628,79.60182224,764.1420919,47.69670864,102.6167281,0
4.543287396,0.022311037,1.347848453,0.145402194,75.54033373,777.9897251,48.57917448,99.15345383,0
4.739028222,0.022775953,3.371512884,0.15722486,71.00379671,837.1884634,45.75013169,100.8144651,0
4.444669196,0.02283539,3.42808149,0.143871591,64.40267671,774.0996095,32.87987789,102.6553526,0
4.234892452,0.036258949,2.448434274,0.139939392,81.33218397,801.7507475,46.07920806,94.89692921,0
4.373276933,0.02470613,2.052855042,0.131805402,83.19372344,794.5568407,58.11317645,100.5547225,0
4.642875655,0.031931486,2.181732951,0.144404549,65.61528425,803.800574,48.85757288,100.2647962,0
4.823771683,0.022148269,2.902555275,0.136120766,62.76763014,793.6923673,44.89243552,101.3883086,0
4.248234915,0.029426704,2.573617447,0.145383972,84.48342167,759.7188968,47.65089058,97.9587031,0
3.109928575,0.020979163,2.985232489,0.14539444,63.05092695,794.8627539,43.90876396,97.22169106,0
4.756628236,0.026525629,2.63156875,0.165081074,70.52905656,834.3238144,44.24049345,97.64144089,0
4.038604657,0.026447821,2.437792933,0.145288839,,789.064595,41.68003122,96.72314124,0
3.305995965,0.022641317,2.33245886,0.171216029,77.44746158,772.9184059,36.43530679,98.11767904,0
2.912914455,0.014125665,1.269146641,0.139567802,71.45091765,809.4301314,57.86421015,99.83994565,0
4.671592894,0.017567313,2.683687942,0.139940381,64.06279101,815.2400642,55.66199746,99.11581201,0
4.279829607,0.043391344,3.738750588,0.153513021,62.7648772,777.9865855,42.03421563,98.2955552,0
4.633816427,0.021193921,2.343974576,0.15710749,74.13155205,803.485886,66.10619336,100.7584399,0
4.741281622,0.012373746,2.079166444,,60.72339474,804.9404623,,99.50404836,0
3.90459467,0.03650439,3.199709847,0.153317187,67.72223339,842.3820881,59.72770405,104.8182185,1
,,1.744071977,0.148253363,58.76851658,823.1886539,56.30713288,103.7621654,0
4.676295133,0.02616283,2.798278067,0.156706035,78.46853457,740,52.11470076,96.69163089,1
5.14326137,0.023684775,1.922421208,0.163942345,78.78421227,813.5492544,50.38152521,100.3347051,0
2.880181874,0.036767059,2.969865222,0.169484678,76.28337802,824.1195831,39.95349268,98.91703683,0
4.95352519,0.031502675,1.191423189,0.149699159,82.81751008,767.9726313,50.15503223,99.00127083,0
5.274255389,0.019142014,3.015023798,0.147827794,63.08989848,808.8359301,52.77158081,96.58863372,0
4.251473536,0.027366009,2.532125189,0.147538915,73.90666635,823.068807,57.5548451,97.11695974,0
4.756259505,0.032564429,2.493802402,0.113586465,57.65096023,827.6153325,56.89318435,100.636832,1
4.496347226,0.025235148,2.717598332,0.144473196,87.91721479,742.6997465,45.01034074,95.28913268,0
4.842575596,0.03028135,3.071304396,0.1438511,64.94560319,793.5848792,40.75349967,99.75809611,0
4.67720376,0.024972931,2.171368149,0.122721883,,818.3935211,42.84483591,101.4436266,0
4.29692049,0.015862002,3.159663846,0.15185289,71.77555005,806.7686719,43.92576314,97.25199327,0
3.706579342,0.02836901,2.935303374,0.15675483,62.4242074,771.6083973,63.05138916,101.0544718,0
4.100699457,0.019208002,2.916927273,0.141747626,68.18010731,774.8853065,39.93547169,102.9212287,0
4.090805917,0.01759738,2.843697028,0.127631037,74.1892678,800.9024358,55.25541328,101.1060028,0
4.594653282,,3.11196039,0.153450826,55.95092318,845.1079265,43.10442934,104.8507768,0
4.320419487,0.020488814,2.05159207,0.141267908,75.92041017,791.5398347,45.6368619,97.33291351,0
4.162022479,0.032015191,2.598239608,0.139337921,88.1093029,792.2253154,47.20090077,98.24028814,0
5.049266881,0.0275452,2.565893014,0.143055515,63.37495309,792.4655283,44.95547279,105.5415993,0
4.263440722,0.031795142,1.921237568,0.153497216,71.08968508,811.4283293,62.97786485,100.5520273,1
5.99562683,0.014675046,2.700582303,0.152370631,77.96352823,768.7851107,51.38270585,102.9127284,0
4.619393587,0.027836718,1.982132778,0.149847365,66.74626202,792.5992411,63.32438856,102.3167249,0
3.803215091,0.030030601,2.758547484,0.148741473,,800.9745809,47.65816992,98.04729596,0
4.40965579,0.028063388,2.962920986,0.150067248,63.41382807,784.7574283,64.52212331,100.9641036,0
4.883624919,0.019855542,1.400545057,0.153330586,,823.4041677,44.82868918,97.96881676,0
4.540473836,0.017712029,2.556636642,0.133606142,82.48200554,746.1267718,46.68523697,107.3730394,0
4.91311795,0.009599301,3.287960566,0.150923006,87.78595547,785.1453259,37.20910945,97.93084929,0
2.690114084,0.023671279,2.077867027,0.151015557,83.25657128,759.0558212,41.85346025,105.4971474,0
5.492185455,0.030275389,2.02221138,0.132784713,84.16887027,792.4635047,47.05425972,94.73567769,0
4.724679889,0.025022338,2.183455774,0.158462483,82.13834515,810.0629385,43.97086474,98.5658155,0
4.124088772,0.024852268,2.00394178,0.162547558,77.74186265,826.4880521,55.70890726,100.8695205,0
5.586400129,0.021845879,2.01136849,0.138612252,67.7954453,816.4141836,47.2865938,101.5074508,0
5.049103212,0.027053193,2.926077972,0.136114474,71.14326709,786.9591142,55.82368369,97.98460122,0
5.091891067,0.03453642,2.414252668,0.147015829,70.24517374,786.033179,35.36720614,100.8700238,0
,0.036132558,3.092287693,0.130441651,82.04482963,758.1025528,47.1392597,103.3283416,0
4.727028298,0.019512554,2.801613908,0.156683631,92.66690079,787.0643135,49.32064609,98.53646457,0
4.234882934,0.021750984,3.138504464,0.145601351,66.05264586,814.0339702,60.38343574,99.82280259,0
4.003062771,0.023423458,2.236399474,0.144616115,75.90008001,764.5522443,59.45317446,98.45218183,0
3.960442784,0.010544775,1.754469947,0.146671927,65.02481373,782.9989272,42.99473708,98.63739327,0
4.848276489,0.019560616,1.783879614,0.137883273,53.93826641,819.4989399,49.8259668,101.9830561,0
4.231113068,0.041719837,2.439792202,0.162570959,79.43229651,834.0348312,43.51992027,98.53556096,1
5.800863846,0.023451664,2.19337984,0.170755885,71.19046777,771.4113282,47.81489524,97.95736477,0
5.291458864,0.020961846,2.264519512,0.145659799,77.77548779,844.9039851,53.31713385,105.4781295,0
4.732818341,0.025338597,2.035893826,0.141286396,71.69482467,796.4728186,41.73231267,98.87034508,0
4.807083342,,2.568618247,0.160453904,76.89736536,807.3801349,63.62302706,97.11067504,0
5.004002969,0.024926415,3.534525927,0.149067247,83.00796286,811.145057,68.17627248,98.86589925,1
4.743049079,0.015288629,2.400433814,0.150062691,71.63263664,782.6778504,,101.4108648,0
4.223859299,0.016474809,2.608661568,0.156295334,70.14630808,800.9458831,52.69228433,104.2464034,0
3.413607751,0.026588415,2.092687378,0.151223424,72.93616013,818.4570853,51.97746883,97.05039682,0
5.982800562,0.008848064,2.832135339,0.152777492,70.21773779,773.5323875,69.34708934,97.30638046,0
4.973659934,0.025139195,2.77206002,0.132084401,88.1646906,792.8010641,47.53678514,104.7638349,0
5.41583131,0.028465601,3.10848082,0.144224692,74.30278015,808.6917002,61.52477066,99.49761972,0
5.033777998,0.022875978,2.542287624,0.146719571,58.91090374,804.5102755,49.71575438,100.6268669,0
5.193664374,0.022777955,2.112866501,0.159041287,57.90497933,856.3955669,41.47643378,100.8466591,0
5.65500124,0.015505502,2.658137878,0.147814389,52.22169305,808.3788181,65.72994932,98.82461383,0
4.891148658,0.031057776,2.68112892,0.146038526,84.53305254,794.2725255,48.6047913,100.4455889,0
4.438143798,0.025651387,2.79302514,0.141860879,91.10167803,834.5376261,49.67683807,93.46429515,0
4.403459298,0.020957159,2.582608053,0.138894924,74.34003222,774.3158183,43.3889065,99.66237621,0
3.745708714,0.034419142,2.475640609,0.138479339,58.11794268,824.2598794,36.88377353,103.1717618,0
5.015361475,0.036891735,2.313539093,0.161872179,81.03280896,807.1250664,50.92989715,100.6960635,0
4.805922272,0.020321849,2.510639775,0.143347329,75.08843105,793.2952568,33.55037865,103.0111598,0
5.353816628,0.029930268,2.38095859,0.144243856,85.75523884,817.6187556,58.86279566,,0
4.529891267,,2.28196421,0.144646303,77.59529074,810.1108565,40.61122684,97.48219996,0
3.748871112,0.020802486,2.429305084,0.1427814,71.7269916,764.9052255,44.88384221,,0
4.571957879,0.034572168,2.87219898,0.138661308,71.13429984,794.8792109,58.75625381,100.9122931,1
4.95720326,0.006933892,2.811870392,0.136803672,66.80755313,801.8312003,42.75878758,99.77919115,0
5.573130326,0.021092028,1.874124365,,80.38224181,792.1670429,43.37764092,97.35178619,0
4.558719063,0.028699614,2.521691839,0.138041708,67.23699051,813.3795528,46.49226288,96.22677993,0
4.016223304,0.024368619,2.4901958,0.157435825,81.92191946,795.3354239,52.59071143,,0
5.051267963,0.01848907,2.608589258,0.163550117,63.97255227,804.2075011,42.41728096,100.1158727,0
3.790428417,0.033212921,2.505354799,0.17492057,81.52723949,818.1362041,48.43564709,101.4132534,0
4.399418483,0.032200794,1.822370363,0.135373037,77.05299686,779.4565369,48.14325148,97.38004763,0
4.482720052,0.009699323,1.501403274,0.139136242,69.23351418,785.0952875,52.20315132,93.01692408,0
4.301044008,0.03350461,2.393410372,0.145527845,64.6688262,771.6418361,56.032382,95.94198553,0
4.245944826,0.005,2.033447356,0.131087734,71.1722104,804.1779849,49.6300124,102.390103,0
5.470302043,0.021744738,1.554290589,0.13572036,76.30906689,758.6727328,59.92025215,100.7275084,0
4.466858473,0.022888928,2.52111056,0.153101287,92.67029322,780.464814,42.83210701,99.71043259,0
4.493707318,,1.837636466,0.142309202,65.57426271,799.9092585,38.72672803,105.7804497,0
5.144834058,0.019683101,2.419069854,,62.075099,789.5728942,52.58237131,99.97679509,0
4.840333344,0.02945909,2.500755375,0.142249472,57.61352881,818.1812664,40.85395689,96.90999333,0
4.503667898,0.020051949,2.203046444,0.160054152,69.56945553,789.9214792,45.10585253,102.4678985,0
3.998663385,0.027826976,2.507285049,0.145878594,71.07911057,809.5083099,44.15413328,,0
4.423502794,0.030837565,1.908411934,0.14287937,59.80025302,798.3646522,63.62459305,103.4423512,1
4.087141339,0.009708863,2.279525297,0.145072567,75.30057212,769.0141954,47.12884329,99.04539282,0
4.190645214,0.022970013,1.980486107,0.148936498,65.29709717,837.4785179,55.57056333,101.0556352,0
3.696931261,0.023636799,,0.153022235,64.22405203,828.8297524,53.94517063,102.9750795,0
4.441143117,0.022714692,2.428327534,,71.73458131,810.4739165,51.08638382,,0
4.451215531,,3.722269121,0.137442472,81.53211496,807.0790909,43.01203199,100.4248259,0
4.403415063,0.018707435,2.535863566,0.140977824,66.1203596,772.9114099,47.7052371,101.2953052,0
4.894519403,0.024590725,,0.133561882,63.50224443,810.8512363,41.13931819,101.9012774,0
4.529684461,0.028807746,2.581079433,0.140155681,80.29108542,787.3637836,53.26921659,100.0336482,0
4.670572299,0.030780068,2.704657035,0.150874032,59.49021374,793.6372389,68.32550155,102.5087984,1
4.262141276,0.027856204,2.264643546,0.147437389,73.35014932,799.0715871,46.04129809,99.67653849,0
3.846166027,0.014104463,2.638411395,0.141330408,71.00707528,765.683099,47.99815334,102.5412927,0
5.202308758,0.021291603,,0.169034033,74.40985489,778.9416254,46.63071874,104.4500316,0
4.508280057,0.029694618,2.995152112,0.165585526,69.8366212,797.1257267,37.6237436,97.80878439,0
4.847251898,0.019802662,2.673510673,0.155929313,88.82449658,786.5046358,62.53913915,102.3286732,0
,0.024109731,3.045453299,0.159535507,59.05250288,795.9927835,41.90853041,99.73005152,0
4.027283799,0.020602315,2.754240419,0.147142488,67.77041742,783.0459954,47.88228649,102.9001595,0
5.515435027,0.024665522,,0.160392006,64.21770687,860,40.45688546,103.1506507,0
5.078353528,0.023799424,2.468170333,,65.021453,825.2550493,36.84021548,96.48232102,0
4.658958547,0.015354995,2.559058301,0.153725299,57.73651801,775.9855193,54.15388678,99.55415529,0
4.361034179,0.00842551,2.697488165,0.14714814,60.0092245,852.7804994,71.25882623,103.6074937,0
5.339506562,0.020211779,2.258320539,0.167170135,83.75446055,823.3431473,50.94165943,99.20417024,0
4.015852624,0.018684173,2.936666775,0.154507814,86.29977558,830.4741662,49.29857593,100.0513217,0
4.373793857,0.022798003,2.538224783,0.139968561,73.47258428,844.9550925,56.35882265,96.11284715,0
4.133212567,0.030568628,2.127051156,0.155857679,56.4074703,818.0154788,48.57530444,101.0268745,0
4.054975537,0.032160503,2.609259682,0.136501147,48.71098566,813.5138683,52.04283371,99.80702698,0
4.752806743,0.022856571,2.257349227,0.151840226,65.69168516,832.8970116,43.99755783,99.42284639,0
5.184974736,0.020824777,1.735824831,0.139609585,76.42477542,794.4877608,42.2789309,104.1717518,0
4.473218741,0.019887999,3.269516236,0.144428693,70.2053422,793.3679356,50.70664845,100.2698951,0
4.747954294,0.033112086,2.727564466,0.130851082,61.56894923,810.8738631,42.74391457,100.4456796,0
5.31676982,0.036662864,3.135523041,0.149755762,88.96528889,761.8933468,53.74285645,100.4880487,1
5.619825918,0.022182161,2.769481815,0.13906098,80.63505828,764.1034584,41.94536969,,0
4.381874801,0.013066068,1.891460169,0.153463923,73.56869948,753.1645833,65.18543581,97.34876595,0
4.485038554,0.033717683,2.814672583,0.13088599,72.20867424,,57.36895431,102.6275004,0
4.299532922,0.013603754,2.86626767,0.158323191,80.36719404,820.3019176,47.63833976,105.6007005,0
4.234081522,0.005,2.616415138,0.141409851,76.69220748,830.7041748,47.00448137,98.83905104,0
5.315238217,0.018235461,2.856887065,0.140606143,76.60823104,804.6486756,37.68997164,100.7646515,0
3.945576013,0.007842153,1.931638229,0.146511242,58.33899087,802.2084916,44.60915024,99.35187295,0
4.377429488,0.030440363,2.456214473,0.14184965,71.78320154,853.9783313,54.18148824,99.5594082,1
3.663774555,0.027867014,2.314579152,0.140653572,62.62701634,803.8001216,45.48324261,98.18342153,0
5.129843824,0.021784424,2.074261409,0.152166195,57.37344013,816.5925556,51.90477574,102.0185266,0
5.38140969,0.031657175,2.726608288,0.150597735,64.27168359,797.3579981,55.44025024,101.9554849,0
4.995775084,0.025477843,2.479512172,0.163270179,64.82712661,779.5976442,64.86350263,105.71913,0
4.481470847,0.017418627,2.635577665,0.160954876,68.77343345,792.6126348,35.77533598,102.1106702,0
4.317813965,0.022015698,2.755747328,0.175335463,72.45255008,,39.95848014,97.8283011,0
5.628105072,0.035223801,2.175781634,0.143620656,68.60522422,780.4973169,50.24671065,98.52048254,0
5.070735621,0.024005967,2.637300887,0.137270347,78.48145891,778.8310255,32.76361156,99.55924098,0
4.090716121,0.01122757,1.607722477,0.146724766,74.05469574,830.6444358,43.17592335,105.2902416,0
3.753162493,0.023486482,3.155124079,0.157676787,56.65772182,769.0371468,58.14033394,96.46284077,0
3.80370474,0.013922696,2.779468836,0.14072972,87.17274377,783.3813086,42.46985004,98.33917017,0
3.073236056,0.028005496,2.709511739,0.145926486,82.8993795,756.6776194,48.56175434,104.7997559,0
4.859918835,0.030531371,3.129131558,0.141176484,56.45172194,860,56.60286569,105.0758448,1
,0.040277144,2.412745999,0.134307145,67.57876892,803.5891773,58.55937904,103.1444629,0
4.55992392,0.0221677,2.750849616,0.137725418,71.55230728,816.0597568,43.33221917,100.3113543,0
5.286960921,0.00905278,2.242605937,0.137103491,63.49069446,840.1313153,55.06386769,103.4179063,0
4.222446643,0.01676957,2.37432865,0.139651301,78.65558773,797.5168773,54.15880037,103.4331997,0
4.75903558,0.005632923,2.528956502,0.162824308,65.98853597,860,33.82724322,98.35760769,0
4.269872753,0.020618324,1.904131484,0.1471464,82.60805326,791.480369,44.91804454,98.25320164,0
3.1672157,0.02709821,2.549677388,0.145917829,65.38861658,804.2502202,47.51587184,97.07005939,0
3.869537902,0.019956286,3.456655709,0.14254279,67.70774317,846.1235656,35.60631731,99.85169509,0
5.102272266,0.022773879,2.987233385,0.148086909,73.42512866,775.3294593,60.40961668,103.0647509,0
3.957168406,0.037166982,2.448989633,0.133954506,68.57818406,856.4703205,69.39651291,104.3899704,1
4.568649765,0.024218304,3.11446563,0.157521081,64.04215594,829.5441035,39.7149532,101.0334904,0
4.395178621,0.02268139,2.581471765,0.16724731,84.61617897,831.7146691,36.43746701,102.8866725,0
4.165085848,0.025325443,3.303572421,0.149649126,67.55984295,817.0900576,49.11037538,97.06469088,0
5.645597713,0.018951584,,0.13572789,62.29677428,850.963261,60.30882446,102.3150334,0
4.407606408,0.023824002,3.018370299,0.154722143,66.6379768,788.6104878,50.19278015,98.15141523,0
4.717872207,0.022903619,1.84470282,0.163396851,83.23498949,746.3172998,50.78354829,99.47660512,0
4.155713381,0.036757255,3.167796599,0.144057267,64.50679019,827.1042303,51.85815361,97.10512311,0
4.500845904,0.020604561,2.317373364,0.13325386,75.68616201,822.8619834,53.13412847,94.3575769,0
3.755143027,0.035066053,1.443487134,0.153793309,85.48136797,769.2528335,28.96088782,101.0779155,0
,0.010265785,1.678823309,0.169026026,76.53387813,822.0235643,41.12675776,98.54034161,0
6.279630601,0.023682127,2.634898295,0.129574247,76.96037292,779.5334961,46.05455953,98.52603144,0
4.453084305,0.021666902,1.826981582,0.15683527,76.37348554,807.6935923,57.96580948,98.45943441,0
4.040694018,0.025172429,2.48640648,0.133495877,74.88704194,823.2266297,59.60483176,95.94492923,0
4.449207707,0.022985497,2.848749872,0.153767532,80.69809347,759.6340319,43.74750917,97.02082877,0
4.554204628,0.024873583,3.327356337,0.169137036,87.17785955,827.8811936,34.29094886,98.45731591,0
4.217154025,0.017575543,2.14629728,0.153722655,87.81351335,754.4673806,40.99629336,104.0809769,0
4.563086138,0.021936951,1.885429017,0.15108187,85.72270029,797.8228173,54.00609571,95.66453152,0
4.538381196,0.008164697,2.396801506,0.143447351,69.67745248,802.0709109,32.29390247,102.0083262,0
4.465491893,0.025334032,3.061564368,0.141507804,57.78485903,829.4456853,48.17870294,96.85642971,0
3.718682729,0.023822937,1.709447895,0.161767684,,759.7744743,40.06981127,,0
,0.027006197,3.143775836,0.149839873,82.37757882,814.6053174,48.96060568,101.7063958,0
4.866290719,0.019926022,1.819041833,0.145902643,64.06149854,810.8156133,50.56348873,100.2389965,0
,0.028392105,2.895849201,0.145431308,70.72663535,830.8859909,44.26032471,100.1904889,0
4.239906978,0.029475845,2.988044786,0.140135659,81.99513684,783.8686934,72,99.2230092,0
5.043485262,0.036856418,2.28726336,0.1579612,67.32609015,809.8483074,45.33804352,101.1403241,0
3.998025161,0.035539862,3.710221674,0.146661849,65.69905849,817.0058598,57.45297607,96.2716204,1
3.84200452,0.02231138,2.963240619,0.134927722,78.06774009,767.9001714,52.17391955,96.89275618,0
4.873849334,0.014501182,2.258711317,0.162596818,62.7671194,807.536169,42.94040463,102.2847879,0
3.751059641,0.025777569,3.088875964,0.149087882,79.49930907,784.0346746,38.79366575,99.61334345,0
3.957406497,0.021198905,3.312045005,0.142205148,73.66142574,797.6000898,59.63673647,100.7756708,0
4.322906123,0.023214366,3.537620502,0.160428454,72.43181062,778.4586116,40.56064897,105.867809,0
4.128061851,0.036281207,2.111530165,0.131604597,67.41276654,815.7101351,56.43414097,98.83766076,0
4.63705562,,2.525324368,0.13477588,68.32685515,760.1271298,51.30990461,102.5456435,0
4.22136147,0.022143683,3.203077729,0.153807964,78.01645537,770.4605187,57.36916479,100.4001574,0
5.470103891,0.017421704,2.75742236,0.130864588,66.83807986,,54.90430196,107.3450808,0
3.80371979,0.022297587,1.777421036,0.157161553,77.16242898,848.8856264,67.78690075,98.12735397,1
4.416526647,0.041864402,3.713953519,0.145645497,71.70384979,776.2247939,45.03849329,102.2943826,0
4.7311172,0.022906169,2.527666484,0.135713864,84.56694817,769.0767186,34.32972898,98.25815259,0
3.79028796,,2.945298574,0.157933686,66.3446449,802.3403205,53.50309591,98.36206334,0
,0.029528894,2.269789552,0.136962339,93.05114892,771.6582189,56.3628077,98.76779251,1
4.816388104,0.020854856,2.172114217,0.145023456,65.23330705,801.6108706,47.16561568,104.1894772,0
4.752188179,0.039362359,2.771253485,0.141137063,88.90829206,796.7711495,54.96451241,99.62201171,0
3.971757226,0.016984761,1.8311949,0.128879568,72.92177722,845.8011263,38.56352086,99.82899248,0
3.875191306,0.01864167,1.757501963,0.157388691,81.55817972,786.6421868,,102.02404,0
4.95347021,0.024270668,3.172915519,0.13597829,70.12345433,757.0943769,68.20072938,94.7890992,1
4.96956091,0.017555649,2.703932853,0.159863973,58.05533213,819.6812544,48.04400601,96.78316387,0
4.742456191,0.031253432,3.341465348,0.143138739,66.64738704,813.0242811,40.24672818,99.4800376,0
3.899862869,0.012153904,2.643157367,0.156943664,45,860,44.757461,,0
5.14981325,0.022834576,2.595562776,0.151198506,79.23865275,765.7611357,49.20517028,95.95605309,0
3.566368539,0.021105803,2.615712694,0.160786275,77.92174102,743.8331318,50.73416338,104.4570173,0
4.87420021,0.012967329,2.758340609,0.152216127,81.05625858,807.5477129,57.51931187,97.15642441,0
4.979580149,0.029669318,2.288788118,0.135347314,84.42769604,804.4609445,,97.29439468,0
5.247941491,0.014270199,2.137324042,0.150806704,76.79989389,783.5218493,47.53366996,97.17677197,0
3.804598167,0.023399082,3.072015143,0.160398919,81.09333409,772.280576,47.03245504,97.47498109,0
3.13653811,0.032307262,2.421720052,,82.13736929,776.9388623,53.00870383,99.18594292,0
4.816899944,0.031305384,2.453702011,0.152658181,75.59179737,,57.85152432,95.66959499,1
4.278237939,0.022171612,2.863881874,0.144157988,79.15396917,763.0861471,,94.17976919,0
4.817774361,0.034521051,2.837839681,0.158703294,75.54421712,804.9531207,56.26933418,,0
5.171080736,0.023193568,2.548143426,0.126691974,67.81119547,806.9060991,49.03002038,101.0521716,0
5.44220213,0.019699469,2.775643704,0.152264185,63.07537836,816.3331006,60.88502252,93.93193051,0
3.685132651,0.020568992,2.852112211,0.15714022,72.61227652,819.577336,29.50974566,98.0860311,0
5.143455429,0.021939377,3.015548598,0.149702035,77.21965914,800.3010692,45.22210887,94.12889798,0
3.573585175,0.037909798,,0.153644009,65.05919547,793.3315486,56.52427421,100.6295356,1
5.178836157,0.041981409,3.14209045,0.165652772,77.76445825,819.8282687,56.62376135,104.0449944,1
3.253068908,0.015943875,2.238106754,0.154018337,100,786.4765377,55.7572389,100.2260418,0
4.093107617,0.019675442,1.620919875,0.149181276,72.01157684,810.5689745,51.33604108,104.8184133,0
3.766605471,0.01340664,2.254017605,0.144529121,61.46099703,847.5394601,48.66020382,103.3419966,0
5.06184113,0.030801319,2.371114051,0.163801743,73.95821838,767.2371984,50.39031983,102.3009092,0
4.943030936,0.020217733,2.691746662,0.142203996,76.48895654,780.1244129,40.03900429,100.4069132,0
4.618674645,0.015852552,1.697886959,0.149017702,76.58811612,762.7356529,69.67689839,102.6722287,0
,0.014992543,2.117741831,0.150202489,70.12668646,755.3672724,52.09572764,100.1170545,0
,0.027811372,1.908134486,0.137306171,67.17282071,784.6718378,47.00017142,102.3912772,1
5.175444767,,2.162229379,0.130882474,89.29534175,795.1201542,42.52237165,104.4208484,0
5.530828613,0.015981663,2.872669043,,95.13411925,766.9939665,57.04110154,96.9995862,0
4.828234563,0.030110323,3.123475638,0.147501215,60.08885017,813.7151683,50.55625178,98.86585298,0
4.147467112,0.010917457,1.797076771,0.134751597,72.25672027,793.3684784,49.5343191,96.66890933,0
5.071949379,0.016638233,2.037069594,0.156890231,,770.9379594,57.54448191,102.6986366,1
4.919355181,0.006713124,2.162533151,0.151552979,62.04634872,818.9877091,28,100.9847983,0
3.591043455,0.031434845,2.249093567,0.156359806,83.69657371,817.926852,36.80096245,94.99061956,0
5.194183414,0.021888282,2.104729848,0.141488055,77.68079537,787.4161552,51.35123831,104.5811626,0
3.662452825,0.021617527,2.314530165,0.145737873,72.65995776,773.3323436,50.07901244,102.285661,0
4.738387152,0.027437059,3.103001727,,,786.1468461,56.85770623,105.8439362,0
4.99538604,0.014546223,3.286829937,0.157389294,66.81237352,806.9019576,52.26841318,99.84817609,0
4.691574542,0.014105227,,0.136217117,70.64220893,825.1891606,69.39978529,97.01386878,0
4.179151818,0.031562365,2.602241992,0.160450494,86.77861424,769.3187994,51.1326127,99.79904543,0
4.466441735,0.025720569,3.505722686,0.161919678,78.44502319,817.6805117,43.27023273,95.14655133,0
3.980033142,0.028749558,2.449292204,0.152711736,79.72021865,804.5667626,51.67590717,93.90505277,0
5.340777199,0.018117035,2.498427065,0.162508828,53.41427794,843.2665703,44.4950917,104.6537061,0
4.323019723,0.022797546,2.526323843,0.134769398,61.46809961,802.7498774,46.09997031,100.2657313,0
4.087546502,0.026071426,2.644331429,0.142450475,60.05652747,835.4038498,38.22531283,99.87235829,0
4.928896409,0.020823228,2.958340589,0.142662911,65.03636614,790.6619677,52.01951656,103.9319451,0
5.131359433,0.015373516,2.052527873,0.144166261,75.37005797,798.9222099,36.17583463,100.562415,0
3.974718491,0.023978339,2.61907074,0.148561638,72.88187302,826.5129795,48.8752951,100.7120313,0
4.75774291,0.020113827,2.263924907,0.144954721,71.56776711,782.1786137,49.23180596,100.9523501,0
3.77281658,,2.481087603,0.15323344,61.23852109,835.9121265,48.29039959,101.6187337,0
3.342966516,0.018470325,2.226885416,0.157686623,73.19126618,758.6198845,34.43311183,97.66771822,0
4.484352176,0.034921937,2.785145869,0.144072649,59.63796135,841.794078,56.83883157,,1
4.607114762,0.024648224,3.01504757,0.160556775,66.88722242,778.4151285,41.34641343,98.74734008,0
3.996572353,0.019475772,2.875760806,0.143827673,70.69052466,824.4557498,50.20556573,99.33987187,0
4.980600978,0.026343479,2.795564796,0.164056474,69.39284065,768.7434452,51.647829,98.99101425,0
5.160448866,0.03074115,2.337004836,0.149950206,65.37504597,801.328394,54.41390124,101.7961719,0
4.638669625,0.017972048,2.806053299,0.139637822,54.76725055,827.8544678,46.95976263,102.3961518,0
5.248411234,0.029434384,2.62875844,0.126163179,77.58836407,830.7149957,65.39289901,95.46964122,0
2.960129336,0.034838904,2.638942141,0.145460893,62.85743221,806.7663384,45.47033405,102.2502276,0
4.926193545,0.01725168,2.664359295,0.140330411,89.97505939,,57.35734151,99.2649786,0
5.532706314,0.023302797,1.850499877,0.141229689,69.32622913,790.1239569,33.21573114,98.33954694,0
4.038823493,0.033360758,2.53481434,0.152862958,63.11115271,800.2946899,43.01475338,98.70062219,0
4.82223759,0.029067491,2.695668719,0.133963707,55.13444217,822.0262725,57.06002893,102.1977075,0
4.408806838,0.020380751,1.494537452,0.136205713,71.23933905,834.462709,41.41593699,105.1786262,0
4.327152811,0.029086231,2.453933113,0.149127806,76.20046083,834.2159452,52.68673009,100.2687352,0
4.745532665,0.018432436,2.177732548,0.137699686,61.50553068,830.8900371,32.46677064,96.19129354,0
4.214004013,0.019778865,2.062777282,0.148881812,73.20707933,804.4594389,32.7343973,102.2726354,0
5.386028119,0.02421074,1.946614618,0.157394622,62.97556743,793.7499955,63.82131047,94.46340813,0
4.30957416,0.019814648,2.418201879,0.146598125,66.20192143,809.3560873,41.11310386,101.7594775,0
3.808295936,0.0223616,2.644276169,0.131569981,92.83519253,823.8255341,46.60429881,98.41356042,0
2.888844102,0.031272072,2.563368355,0.15533118,63.53412429,829.5233581,56.28306566,101.2727684,0
5.488849978,0.013716908,2.31951108,0.145234266,64.39175844,821.3446186,44.97542502,94.85892864,0
4.545877632,0.029555934,2.227975163,0.155409395,70.65525548,814.0875111,50.27150649,104.8768359,0
4.722987595,0.035083466,2.218371483,0.139149723,66.64853287,848.4569229,36.16801975,98.45977829,1
4.16557518,0.041293176,2.007861541,,62.43786431,792.5327787,48.45794402,102.4507705,0
4.242298813,0.00925854,1.791665479,0.16237268,77.85743233,751.5698858,60.41273438,103.7881584,0
4.796927179,0.02298706,1.909758845,0.157610048,72.12743328,790.8277895,45.07481718,98.31029622,0
4.120459164,0.025803894,2.885807442,0.125495047,66.34980766,814.3497289,60.23630011,,0
4.45334742,0.024758209,2.510553003,0.120198633,77.86228918,806.5160333,52.13530035,101.0000808,0
4.30469468,0.021290051,2.621212061,,62.20873125,814.7428186,39.1467319,100.3718473,0
4.100858714,0.022663399,2.234403392,0.13198172,79.31817253,834.9433718,53.38247042,95.29081988,0
4.118148424,0.014424926,1.989172786,0.141202897,77.03051474,779.5989428,,100.9319957,0
4.7755056,0.020721594,3.220658798,0.148592554,62.60734674,,,100.4727804,0
2.585716685,0.020603541,1.659403198,0.140385915,73.26391231,782.8692163,56.15593112,102.6903845,0
5.543571101,0.024896607,1.656201634,0.172407702,71.74249799,766.9329535,42.73828588,104.6337238,0
5.601520581,0.034509392,2.121972313,0.134562221,51.83876248,790.8755375,47.08633757,99.85861174,1
4.696952194,0.043038045,3.000521082,0.132385454,83.08430049,786.8398395,57.34750056,102.3525146,1
5.504665471,0.028814996,2.690491803,0.157895353,66.77486722,838.8956046,39.27405736,99.64461211,0
5.464271627,0.026858289,3.084427863,0.133543255,75.67077441,798.3257997,41.79829206,97.92143366,0
3.558783037,0.025020774,1.911758849,0.127642471,79.98854896,784.4825575,,91.60275797,0
5.143316221,0.026480847,2.223497908,0.147621604,81.45612323,820.833865,54.00246385,97.55588535,0
5.317679642,0.025461803,2.047040952,0.151014031,66.65885088,818.4852029,32.77106647,93.38136359,0
4.115166353,,3.460281361,0.150652371,78.72882699,842.5365841,61.36449506,96.45276358,1
4.315678513,0.016247063,2.125184711,0.166563623,81.93918019,774.2620391,51.06049347,103.6774182,0
4.087911676,0.036712884,3.25771276,0.142342474,62.7837541,805.7386598,45.99837439,101.0773896,0
5.024563733,0.026138826,2.466033738,0.145280813,98.30322909,798.5312607,45.7441105,103.9874105,0
4.849059058,0.024373134,3.085902996,0.138177265,82.2750174,819.8776241,37.66781321,105.5778233,0
4.829998942,0.021842176,2.597223832,0.144293366,76.54890902,814.0455671,53.48898885,106.2959647,0
4.291610951,0.021956683,3.537475615,0.143020741,71.92668377,800.7547121,46.13723212,98.72670662,0
4.27067548,0.02690212,2.637140669,0.157069115,74.28751031,803.6461388,61.98209834,104.4706432,0
4.39727594,0.01690422,2.389343742,0.16554439,76.71236145,764.7368293,40.97482029,104.9370687,0
3.729280856,0.016915715,2.07012443,0.147980044,61.73555854,822.3860235,42.49748639,98.88333663,0
5.127524427,0.033050736,2.401031119,0.147035528,68.7938856,820.3341884,47.60411297,102.4158741,0
5.285494131,0.026667973,2.977668635,0.136518583,85.42170855,827.8726144,56.03480306,95.27221596,1
4.320183066,0.011976311,3.165851916,0.149046474,64.51992282,762.5310302,53.27067512,94.68553328,0
3.965538829,0.032339098,2.000198675,0.149357606,68.49031902,826.4191363,50.51476371,103.7932174,0
5.078109586,0.032023013,3.024282175,0.156109655,74.76846894,789.5517078,48.69831599,,0
4.203460279,,1.965625358,0.165559575,67.95131695,789.6878655,57.7992022,104.2834455,0
4.726580859,0.019426073,3.221873181,0.148122188,66.78542147,852.0593252,47.02516086,99.56615306,0
3.26758118,0.025970556,3.142938992,0.133270929,70.04852872,775.7530749,52.60690846,100.4918654,0
4.049534946,0.022140588,2.57470008,0.14197349,68.4683784,809.6899718,55.25138579,100.7273498,0
3.751939549,0.020539367,1.644098506,0.132785133,67.95595165,800.5745156,49.25949909,98.51547133,0
4.768693883,0.020382266,2.491526783,0.139806308,75.58747912,765.196841,36.96438193,95.00173379,0
4.04160998,0.01636377,1.706536524,0.154244586,63.58754899,,61.39678114,100.4911911,0
4.9706312,0.029094156,,0.152419333,78.04890189,807.9124209,44.32082371,103.5403461,0
4.818193789,,1.159828403,0.15026216,72.85060029,808.2754485,38.36826362,97.78380618,0
5.060703789,0.010621485,2.661359905,0.161841485,86.53672704,779.9434153,47.56255539,105.2015109,0
4.10536386,0.034750692,3.470954553,0.138966921,65.07401097,816.5019471,39.52906069,99.64794719,0
4.622712088,0.026024455,2.365212538,0.138637307,76.8979868,805.9408562,55.18214997,104.6886953,0
4.134524232,0.025784123,2.209273593,0.167355405,67.46537995,786.4936989,53.21487139,103.8258026,0
4.654379126,,1.907440036,0.155209853,68.39837036,795.4723509,32.57044469,96.12749242,0
4.520052355,0.023710422,2.004878665,0.137717138,84.67184652,860,54.55136735,100.7153778,0
3.951866892,0.013193312,2.702926787,0.16558717,80.34864193,776.0100149,45.74265066,99.23867315,0
4.772305025,0.027840908,2.152095815,0.153984729,69.97117974,747.5179228,58.42317424,100.7459983,1
5.161157277,0.015257402,2.770371807,0.152233441,74.86056482,804.0244644,46.51136055,101.0146397,0
4.75178922,0.016167355,1.859255012,0.160464961,73.8720388,812.849818,47.64293844,99.89513415,0
3.651775947,0.021952968,1.62272225,0.145980466,64.92732622,816.565427,62.0421522,103.3215964,0
4.390603988,0.00835465,1.514146408,0.136924556,89.61230888,774.4533949,43.78903311,100.7654174,0
4.431702884,0.03984251,2.226322933,0.144357557,87.23272358,783.8333941,,100.173868,0
4.652084374,0.016351649,2.411809404,0.162387201,64.80949384,814.9790304,57.7397427,95.22139899,0
4.844113317,0.016111511,1.833981806,0.158858238,,791.8066496,56.78827656,98.92559887,0
6.18404703,0.015043579,2.621497734,0.136826763,61.02841715,838.5867162,58.11784491,99.42521529,0
4.690941549,0.01836491,2.439485274,0.158942957,69.0133594,781.1701969,40.18644853,97.35866528,0
4.392113516,,2.244662368,0.152205348,74.40369115,777.2729158,57.23824916,99.91911996,1
5.585981882,0.026972259,2.430111855,0.133857262,80.28859422,776.7672349,57.92273424,99.6050127,0
4.643385615,0.012504747,3.125354112,0.136218231,77.45051822,789.0237426,46.98011622,99.18319084,0
4.474515674,,2.23479016,0.150369657,70.58620719,801.0785528,50.96879456,99.63641849,0
5.346410219,0.019347544,2.379351315,0.15645669,58.60000784,834.4484499,57.2891615,99.14110282,0
4.858299724,0.018357643,2.514377693,0.145725384,82.59242494,832.8838002,53.46027287,,0
4.536230376,0.011460452,2.749335926,0.157413678,74.38469192,807.2050954,56.54862941,99.95044729,0
4.100753819,0.022108379,2.469214393,0.135215386,72.94055309,803.6971619,46.48482226,104.2163893,0
4.531653995,0.036765242,2.041278551,0.136241738,79.44360306,803.3222907,43.50163693,98.20037964,0
3.238064493,0.015644979,1.570572052,0.127997878,87.45738988,783.0655267,37.37807895,99.57593623,0
4.646295236,0.028023582,2.11582517,0.137624573,62.46882695,820.3276922,60.3486004,95.27438551,0
4.996457347,0.024978642,2.898589398,0.159183827,82.18909713,,49.98170409,102.9766589,0
4.256068717,0.026982096,2.197146324,0.146816377,65.11360885,788.9608146,48.89840059,100.6165945,0
4.859015112,0.020997651,,0.136046298,87.06325819,764.7692037,48.65050556,100.82608,0
4.469726158,0.026323911,3.215179937,0.134625452,73.1219508,823.2811151,50.2804155,90.7892721,0
4.877756941,0.019328702,2.404844312,0.129122604,71.97431362,799.5130766,42.66504088,101.2172691,0
4.430314854,0.026410022,2.466318106,0.145658635,76.89860539,,69.20064425,99.05010353,0
4.242904314,0.027577372,3.260192261,0.142990249,83.08789167,795.5495149,48.45025344,99.83543736,0
4.789678424,0.04019841,2.81051366,0.137708318,64.04670048,820.5673969,56.90292353,99.83382055,1
3.657136639,0.03625898,2.397129702,0.157031555,67.44926696,835.6001328,67.90383256,100.0123567,1
4.625291479,0.02447461,2.74606058,0.15555302,77.2945267,845.4121914,58.64364732,98.4467173,0
4.449417786,0.017765234,3.69197792,0.143575699,69.77498456,781.0549031,56.92193669,95.75501605,0
4.220383331,0.031083783,3.148236178,0.150038278,84.35981132,792.3179005,32.52081656,102.0460844,0
3.042703247,0.038176652,2.513380875,0.139279865,73.14965452,787.8887794,50.83433911,108.2728381,1
4.639208567,0.028145532,2.489604156,0.143655705,87.79867168,758.7094079,41.97080946,101.2896849,0
4.447009522,0.028805201,2.252746487,0.138842121,79.59090943,773.5687444,40.21079464,101.0728637,0
5.940761959,0.02922735,2.15416535,0.138805652,67.88451891,764.6844519,39.39696869,103.2182225,0
4.270213572,0.017102012,2.674903447,0.141520951,74.41192586,811.4854509,46.43578035,100.7847734,0
4.921247581,0.021053021,2.563275695,0.15375231,76.23243319,815.4244871,51.89293237,98.1094161,0
3.824964041,0.017624559,2.351214581,0.149192665,70.74491191,774.4025166,56.48864957,101.4412355,0
3.767193599,0.024393657,2.568005476,0.154950303,66.31361613,851.9891412,48.68734318,105.3589944,0
5.089390079,0.034994093,2.098606706,0.156273705,61.74920494,814.2235229,36.46021029,100.940227,0
5.108185899,0.031257311,2.501774351,0.149679195,76.10033344,809.9332207,48.02966486,102.2130677,0
4.033785232,0.018590667,2.216732943,0.159044207,64.25829224,809.7198236,51.39208779,101.2462194,0
3.893794722,0.02551483,1.91147036,0.13330602,70.48273769,793.6773674,50.71844243,101.3666396,0
4.745306693,0.030568793,2.110185223,0.167329057,89.2315425,761.8729066,56.92023625,100.0258588,0
5.155947497,0.015455011,2.35758761,0.154202197,81.39462903,785.9762812,52.2043436,100.5666518,0
4.881025545,0.01469333,,0.166871108,,834.3242194,53.99363088,103.3278704,0
4.76330564,0.033308302,2.711746149,0.126506825,62.72867517,828.0890663,42.13323458,97.40751617,0
5.040813237,0.020305606,3.34518227,0.147808427,86.55334173,740,65.15739251,97.45333097,1
4.560684939,0.013885436,3.023441416,0.131392515,80.77856402,791.0930282,47.56010847,99.38164351,0
4.051698355,0.014271054,2.109583103,0.141746202,74.48700599,792.623477,49.6329917,99.12578158,0
4.369680267,0.028359487,2.297033653,0.140796988,61.72703452,860,44.20007115,97.62199983,1
4.180251958,0.016853395,3.006610785,0.14275004,85.69470136,785.7318698,52.88136723,92.98998065,0
4.897726165,,1.819965158,0.148614654,72.77539284,817.3503503,43.34629286,97.74337332,0
4.19369353,0.013210381,1.721430355,0.16075087,71.09623219,768.8474171,53.91907326,104.5861802,0
4.913785954,0.036066192,2.477814723,0.134994033,59.2947892,851.4118789,65.39469272,104.3748962,1
4.2078009,0.012125263,2.096898116,0.152560376,76.59216547,781.4162427,42.974252,106.9354078,0
5.066504115,,2.132891805,0.154183108,92.40381132,786.779328,63.88615569,98.68495288,1
4.742092944,0.024757413,2.824487435,0.149083974,68.26611013,822.5969517,53.30075521,100.6813718,0
4.901288475,0.027721613,2.780784707,0.165556672,85.85140814,797.436301,55.51924847,98.07186775,0
4.861255708,0.019795271,2.320004019,0.151766566,,789.3157132,56.15169956,98.23165171,0
4.814284022,0.019181218,4,0.139722547,67.58276898,819.4552841,47.8304028,95.33305023,0
,0.022038298,2.700260541,0.138421287,67.55147788,785.3242201,33.40084743,105.4986539,0
4.147948125,0.018231467,2.621309981,0.147086966,81.864604,799.8940353,52.85275942,,0
5.429818658,0.026952814,,0.143934221,69.95492291,788.8420127,36.14865372,97.86656186,0
3.871876767,0.012060269,2.163227794,,62.45472941,831.752165,44.0058845,98.0528829,0
,0.028135843,2.242270915,0.148853591,83.2508288,808.366421,44.24574627,99.34926389,0
3.707527058,0.037944317,3.754012227,0.143780515,73.53469322,,49.47315135,94.60230258,0
4.57057387,0.019599239,2.143010229,0.162221776,63.4560251,803.0132508,47.61827664,101.5215581,0
4.623011692,0.020357115,2.244011462,0.158863676,61.83609211,812.7256205,47.0457165,102.0082405,0
4.146419752,0.027623199,3.08313492,0.149708654,75.21300855,784.8623584,,96.16004346,0
4.38763187,0.014997269,2.511700957,0.151693619,77.41667807,767.2981177,45.6653123,97.42405922,0
,0.023167539,2.625147195,0.159515126,,,51.82687464,99.71354354,0
4.342404564,0.027666565,3.615447059,0.146203183,72.87891804,782.9393874,48.98271011,103.4382389,0
4.436304812,0.023876222,2.97141999,,70.07059633,808.7965545,64.20811257,102.711162,0
4.222255352,0.026216431,2.954406581,0.144962779,81.55244678,775.0601507,59.78578155,99.26907968,0
4.7143821,0.01679449,3.134029594,0.141214797,69.26602373,758.9488127,49.54299303,98.77209485,0
4.220800005,0.009086459,2.32073514,0.153012159,59.18441798,798.2453263,50.0334179,99.21508938,0
4.185431244,0.022800825,2.249847787,0.13036391,77.38618708,801.2464251,59.76816305,98.16296311,0
3.880745992,0.014608452,2.937485671,0.131447334,78.49794279,820.9228902,49.58059741,101.6949604,0
4.645452237,0.034704636,3.072747273,0.135603119,69.43480255,811.239144,69.27964428,95.31151658,1
4.477582339,0.033134042,1.926281539,0.154820277,77.43086536,,55.10736481,103.4098468,0
5.170108112,,2.448369499,0.149559059,65.77686495,858.359662,59.45628044,99.89731897,1
5.141275487,0.023926308,3.251740335,0.14871917,56.75317211,797.3608537,42.20331096,99.23204693,0
5.220089377,0.03094265,2.718044903,0.149352268,49.44787999,823.615298,52.34297558,101.6866182,1
4.80037594,0.025262544,2.678261255,0.141184063,,812.8971625,68.19464427,102.9491081,0
4.69807424,0.016381731,2.050047736,0.14000819,73.18727009,798.4823846,57.29269114,94.46265817,0
,0.018835514,2.085137284,0.149108893,82.39961476,814.1817204,41.62987508,97.70041393,0
4.293728534,0.02068195,2.587940458,0.13882999,80.38139324,773.6146409,48.49783047,96.57366193,0
4.754596161,0.02800055,2.118420415,0.147193666,73.71810311,806.3234368,58.61181481,99.53957247,0
4.813128027,,2.289904102,0.149111945,70.14501827,791.4326882,55.89834421,102.7808809,0
5.128206978,0.024887639,2.619059269,0.153277821,81.05583674,768.0511582,46.89132778,98.42441732,0
5.043673557,0.029353649,,0.148540732,,750.3805649,50.05918819,97.57317856,0
3.972885881,,2.385728968,0.150911615,80.91429558,789.9270088,,98.54929778,0
4.825831664,0.025621638,2.141452098,0.160080898,90.5821148,740,48.18687411,98.72579577,0
4.376172933,0.018451217,2.332375311,0.153209748,71.83355333,796.7185224,52.67461898,99.8923272,0
4.090837347,0.010750082,1.680513153,0.147841059,68.47019597,831.3837644,54.14100795,,0
4.760870471,0.027292636,1.821017522,0.14496261,71.94513859,778.4262406,41.18274003,97.67333302,0
4.840329092,0.029903154,2.71747339,0.155901867,66.76840938,801.1917686,47.89999912,101.8875448,0
4.541159687,0.035258012,2.23399129,0.142125634,63.74346147,786.4523927,38.69143196,97.30454373,0
4.336260061,0.010624983,1.912449143,0.136681542,77.45938255,801.2649095,51.62793307,100.9105158,0
4.433995107,0.020453364,2.551015557,0.130448454,59.87793477,829.1757088,47.29440611,102.5499262,0
4.632717413,0.027396804,2.208093798,0.155825871,77.04924903,781.7536451,41.76335907,98.09546117,0
3.406085741,0.032131534,2.689526982,0.149071375,64.92426845,800.4596568,50.19424513,100.0175374,0
4.621881168,0.039928074,2.77659851,0.169978725,75.76826305,767.6132314,39.68250389,99.23904294,0
3.711921316,0.030252866,2.045090253,0.154131374,76.72956247,740,42.1034409,100.7100776,0
4.50031453,,3.1315214,0.159392117,53.69252872,824.4983105,45.44404186,,0
4.240966146,0.028373153,2.31760198,0.146689383,78.93247861,826.9449917,40.93549116,102.8744115,0
4.687111301,0.011347327,3.544284436,0.143631695,71.87965729,801.1674561,62.64609571,96.01961828,0
4.604573075,0.01980328,3.125076165,0.141859114,80.47686775,836.0220458,63.33465137,94.59943983,0
5.024482207,0.032291334,3.388319781,0.138518708,75.15092985,784.7537984,60.34752868,,1
4.574791103,0.031540614,2.456631815,0.149266351,74.21379413,819.7287723,45.17738524,100.0309473,0
5.033704121,0.023693646,2.580144243,0.146690073,75.75969281,801.5721233,37.09650075,98.52792029,0
4.134470987,0.021764598,2.219589849,0.147224959,63.16896052,788.9718687,57.46553262,98.2976176,0
4.248109516,0.033558238,2.890206033,0.13903463,62.31277406,803.6300015,48.57369793,102.1555958,0
4.218124377,0.014759093,3.52199489,0.127905131,72.80031812,798.8255229,40.90643329,99.62112386,0
4.525317807,0.030300419,2.278362622,0.134505033,65.96500389,781.9539078,50.76329799,101.6766568,0
4.787828368,0.025451281,2.960252614,0.149894741,76.09513048,815.4479262,59.00535611,96.32686743,0
4.70341509,0.028331941,3.160588495,0.132509041,64.71274754,824.9790737,40.63732039,96.55348202,0
5.555084257,0.024044706,1.688139812,0.145949974,86.78679368,804.6835512,35.66879223,96.36644729,0
4.929355866,0.029228086,2.66737489,0.156542088,75.98810608,791.9897597,68.48000827,98.20168685,1
4.029276791,0.036487897,2.166489827,0.146151005,96.18922167,740,,96.32503895,1
3.906593141,0.035220299,1.906142448,0.137471132,80.71530362,826.657139,29.83971124,99.48274425,0
3.906775991,0.031402107,2.459226707,0.144045719,69.47020564,741.3043861,52.26788912,98.27917523,1
4.99171639,0.028735148,2.808310006,0.140585942,81.70960199,800.4892946,42.65022954,103.4439465,0
4.67209674,0.031521733,2.522446261,0.149479436,76.50743579,797.3533631,41.49129766,104.7917111,0
4.543731373,0.034701429,2.784268095,,70.74856003,789.8694377,33.44105942,99.05936819,0
4.505457749,0.019708607,3.294053722,0.171373846,85.91908355,740,60.58648087,100.0280965,1
3.595799733,0.025022278,2.629072476,0.140024239,61.54189085,788.9117822,51.58395363,100.2335411,0
4.723204649,0.023382862,2.456484501,0.158188167,72.54330915,818.9332652,,100.0432425,0
5.402771767,0.024242752,2.716099038,0.148470636,72.85355809,800.0876611,54.96418835,101.6012045,0
3.690193175,0.005,2.499136675,0.126449589,70.61526674,817.9418677,45.00509131,99.30061425,0
3.669783152,0.021286331,3.2560582,0.129656299,65.36936855,786.7241058,48.04340537,102.6672319,0
3.801877241,0.020443819,2.694450085,0.15387045,91.50797934,770.9144112,58.41226555,100.7039982,0
4.49439748,0.024540927,3.205264717,0.141779963,82.3276525,787.0806271,47.54261134,101.8170891,0
4.187920862,0.032303016,2.231820447,0.140541145,68.89656314,813.3121966,45.61127387,93.60434324,0
4.874589496,0.024576948,2.908058223,0.150967983,,832.3210035,45.14553483,99.52232218,0
4.761338313,0.023210366,2.820771717,0.151937262,70.37048809,841.6787703,45.95855163,101.5058493,0
4.217975682,0.036772403,2.858541079,0.152280695,73.51947181,798.3746206,44.01252944,98.12506311,0
4.019389863,0.032111661,3.067163041,0.15899059,75.88642081,791.1816867,45.50886032,102.7789237,0
4.20309721,0.030161413,2.396497772,0.157814964,69.92668415,,35.55806541,99.86564874,0
4.189253938,0.021587887,2.156317565,0.139896618,76.6361259,807.5174548,43.47599316,101.5470644,0
4.448111299,0.014961988,2.368357214,0.145366235,81.62398367,816.1275428,45.27080296,,0
4.333490272,0.0300041,2.651214264,0.139870989,88.63656718,780.2945923,50.92609524,101.4043531,0
4.603251424,0.019366538,,0.145458132,55.64990994,796.4596249,54.89856134,98.84698295,0
4.31414113,0.030246616,2.308981836,0.16193659,72.17723626,754.4186594,55.61889556,95.17347736,1
4.487354819,0.011731148,2.833615304,0.162790644,79.26745534,838.5785738,60.92886857,100.4156558,0
4.049020576,0.039410224,2.879059198,0.147988805,77.29283116,822.4956103,44.28008585,101.5543442,0
4.593156769,0.027127228,2.063637662,0.158998336,65.35738962,828.3887647,57.10499679,105.3831796,0
5.606230693,0.015563573,3.179714727,0.149355818,59.83993902,766.6451304,56.09362323,100.8232862,0
4.668247635,0.027191017,2.393017174,0.14494184,61.69098362,823.7993773,34.80165813,98.73656682,0
3.987047572,0.026963741,2.948388452,0.135739017,68.73445576,773.0334805,49.84748428,100.0545616,0
4.850838488,0.005,1.841391629,0.147267922,84.192557,787.1381134,58.45705746,100.3173363,0
3.747172257,0.021330444,3.01324055,0.14996684,67.45740014,836.209465,66.71868203,99.95553435,0
4.292054345,0.027343435,2.670578203,0.139204894,85.70893766,740,52.34272919,99.09550858,1
2.852965979,0.021038648,1.723940059,0.163254693,74.78908148,790.1133067,46.67568805,102.6953229,0
4.282784209,0.030455171,3.552145372,0.143199776,74.45164401,800.3332127,57.31958196,102.3088412,1
4.165446846,,1.828671527,0.121793387,62.57485154,761.6224423,28,97.33016761,0
3.8682085,0.026162706,2.532038823,0.150527209,93.72750223,757.1514327,37.6745257,99.7738464,0
4.695603814,0.020023457,1.800413065,0.156215176,67.978551,803.6871306,54.78828267,104.1405771,0
4.580062499,0.015259073,2.007437801,0.139089944,65.57199436,807.2327062,38.15991302,99.65221694,0
4.322833759,0.023576878,2.07654376,0.138726729,69.57042217,762.8759429,59.33842657,104.5599005,0
4.444076448,0.011375088,2.930277744,0.15106365,64.55720674,844.9986306,35.79813763,98.663829,0
3.792410335,0.025407255,1.416410256,0.133127086,70.18945417,825.0338679,53.48007051,97.43793339,0
,0.019058094,2.582010046,0.151285579,76.86862011,809.8871321,57.17074916,103.465917,0
4.146249648,0.013067803,2.446692085,0.146150816,82.92666576,777.4602065,50.48984874,102.5426431,0
4.282702796,0.015883802,2.173751836,,65.68750932,799.2640771,49.08224038,95.17328072,0
5.03009392,0.025744823,2.712034793,0.140629591,80.13055428,788.9643968,55.49159286,100.2456901,0
,,2.871907723,0.144603081,82.83946007,776.8478978,32.1266864,103.1785947,0
4.635907945,0.02891068,2.806249375,0.150927979,71.74323068,783.6790449,56.15245685,,0
5.293629548,0.032609079,2.567045134,0.146572845,65.79788002,839.0640274,72,96.24773906,1
5.023201681,0.013637171,1.579569251,0.161948949,58.55534662,795.6019496,55.81389095,103.0729536,0
3.574691093,0.021863667,2.761232088,0.154068088,95.97874602,817.8561757,53.39820203,100.138758,0
,0.008736464,2.038784748,0.147013975,74.3941552,809.2242946,58.19822245,97.6789436,0
4.118620379,0.010409589,2.68443606,0.126129261,73.67164936,802.9587095,35.8971536,97.55574387,0
4.448871621,0.033533343,2.359137571,0.129269849,65.24944309,794.7358544,35.66481455,99.96429972,0
3.217485237,0.032755281,4,0.132416496,61.42821101,818.0056277,46.98098722,105.3286137,0
4.935939633,0.02411793,2.015434247,0.128581431,75.66053867,797.0031249,44.87045603,100.6411022,0
4.567059806,0.010493068,2.575268977,0.145796841,69.62099673,793.7273643,57.02273594,100.8624925,0
3.726666327,0.028050064,3.052752719,0.145346255,80.59489714,798.1424078,46.02269337,96.64818067,0
3.662915977,0.028647022,2.88361951,0.126522409,64.80896198,813.5727425,46.44453025,97.07403521,0
3.917575039,0.021156156,1.944862597,0.128704758,75.05711963,796.2503777,53.77849012,99.51730568,0
3.939740394,0.012747464,2.827550608,0.15723331,58.61573405,777.6446222,50.15878271,100.6518496,0
4.588090913,0.0223746,2.005559753,0.155536021,63.48330868,831.7494614,46.88023893,97.55626386,0
4.60372703,0.039603886,3.470119759,0.127659029,58.92026393,789.8236877,65.26053948,105.3966256,1
3.958738002,0.025849521,2.385734768,0.133503302,54.58301908,826.0593495,44.70449133,104.6866693,0
3.693048882,0.034985877,2.764180403,0.155790077,77.16021177,766.9191303,47.19925854,,0
4.075654268,0.028915312,,0.152051844,65.09437527,838.0118625,53.56263902,103.8838731,0
3.763649549,0.031765814,2.086062833,0.139482536,67.42009424,787.2114782,50.67292527,103.8331225,0
4.581772464,0.025157748,2.857920534,0.153299956,63.47400334,811.6201366,38.66050094,107.596355,0
3.487004598,0.015095502,2.411288482,0.156166696,56.89957521,802.1311346,53.96534023,97.19392961,0
4.257688842,0.020286324,2.969633839,0.151632208,61.84216713,817.7807625,42.41224151,96.53897992,0
5.781663075,0.014978336,2.775630764,0.127095891,84.87910972,748.2516236,55.72010018,,0
4.133322148,0.009391261,2.23220562,0.143830404,59.99769362,770.0301289,62.33670866,102.1588167,0
5.384951601,0.02501901,2.284402939,0.140706374,72.08646201,805.6440138,52.04977563,102.8712813,0
3.778451867,0.01325365,2.470886197,0.145917754,84.56905604,819.6796896,55.01358857,97.97769823,0
3.539653856,0.022216176,2.472084468,0.162643988,70.97170803,790.9098115,41.97851438,99.68282456,0
3.447352787,0.022061831,2.757126096,0.142856042,76.2557519,805.9500036,62.38440485,103.0808615,0
4.875225622,0.013752539,2.426364498,0.140863284,78.12298748,792.0426057,50.63743542,100.7587413,0
4.932418019,0.030275783,3.415334476,0.150483416,55.66303719,785.9015196,56.68893535,99.89546723,0
3.724913253,0.028503949,2.383844853,0.143146038,62.17575969,789.283523,54.83261555,100.8321523,0
4.659387252,,3.880403455,0.165590583,67.17492598,849.1430413,40.48236137,100.3912298,0
5.039784331,0.024252818,2.374067247,0.148174969,68.50461409,786.3081212,53.79701366,101.5593657,0
5.986830772,0.021861954,2.476546765,0.157849272,83.13451302,835.0185528,56.51503057,99.33529106,0
4.910623688,0.020531859,1.873169865,0.144708816,83.75800212,815.5916598,34.6182051,101.0901803,0
4.397711565,0.024057691,2.373874249,0.157318111,83.5408257,767.3840242,43.3364107,105.6462174,0
5.511245597,0.024438621,3.170325397,0.157877874,81.81989664,795.7776036,58.43463902,105.0726571,0
4.764663817,0.026641538,2.208986653,0.137466388,71.71841805,790.2979976,38.916254,96.94866176,0
4.513472415,0.023242313,2.073112763,0.146965911,63.2910495,,53.59368586,99.06651273,0
3.631962574,0.017646911,1.967687653,0.160936777,52.08020527,835.2601226,37.23518998,97.00696402,0
4.559517954,0.034723772,2.228833391,0.141640041,73.22613964,798.864041,42.61908131,93.89789669,0
3.99221363,,3.499556924,0.147736053,74.87356891,776.8985341,39.99191927,99.01723244,0
5.810974454,0.015413596,1.870553178,0.136775136,77.4878007,799.2609074,43.74913122,101.6739457,0
4.314881026,0.017547361,2.331367711,0.151484293,,756.6542916,55.07119757,97.4311224,0
5.091096848,0.022580742,2.404834251,0.149121588,68.66488122,858.9450482,48.15547568,100.3710342,0
4.403740144,0.031354176,2.420341797,0.152826468,77.49217152,776.3786274,62.03782097,100.0523238,0
4.930927075,0.011577964,3.07057761,0.150515182,68.60916007,796.1349894,42.69691238,99.34197014,0
4.284050009,0.032931549,2.520575979,0.156192617,52.85153293,844.7160645,56.37017254,96.45403543,1
4.506086821,0.014593475,2.434847875,0.163024377,67.36192489,775.2652956,49.23266417,103.6727602,0
4.007138652,0.031324983,1.77017317,0.143568709,56.20874167,835.0838429,36.13646743,105.3191638,0
4.575927515,0.008912202,1.658019859,0.155108398,69.50986137,831.3280538,60.1762708,98.92316337,0
3.995995547,0.02095247,2.594684221,0.137237342,89.15573215,788.3992617,69.91148478,99.08321876,0
4.54647985,,,0.150780279,80.64764424,803.209756,34.9167622,105.0686351,0
5.537234859,0.02809956,3.140079283,0.136609004,69.77313278,787.8898276,58.35117555,102.9894364,0
3.23583677,0.01807098,1.784605833,0.150923659,74.88781022,792.7949345,47.53050372,105.320038,0
4.462817011,0.021887127,3.176818626,,68.13690778,806.0252481,,97.35739615,0
4.861798423,0.030849561,2.298460854,0.142744277,67.94003021,824.7666933,,99.38778075,0
5.153256882,0.012960581,3.093562829,0.158871765,76.77925883,824.2346237,47.21616124,98.97018237,0
3.96199495,,3.061006232,0.14069037,67.46944162,807.4691438,39.3545407,101.1333621,0
5.04761334,,2.480988906,0.152173713,74.90353928,758.1825455,48.06875018,98.73446278,0
4.702754929,0.027849401,2.742665845,0.149234156,69.15791179,818.8507762,51.13037669,98.41262404,0
3.652735794,0.010455647,2.165588191,0.147170358,75.41432915,797.170532,36.44777277,93.47071786,0
4.183271763,0.014660976,1.646945616,0.140597813,67.1740783,785.7301389,60.19602525,98.4557449,0
,0.026101885,1.927402129,0.159825975,67.86748102,781.3764816,54.75316339,100.383417,0
4.914947394,0.027332746,2.253051574,0.150219392,59.58660363,774.1452763,49.40798646,99.39933285,0
3.88932546,0.028950173,1.268028976,0.137787441,86.74189174,740,56.81184561,98.29853198,0
4.242314267,0.021558451,2.382212213,0.149168203,85.15486509,778.4731318,45.06258338,100.0823699,0
4.675020116,0.030578491,,0.133336521,59.01424318,845.1798097,,96.0912243,1
3.828606438,0.020754092,2.707639501,0.131015126,55.81548733,803.862444,60.38025721,99.70341514,0
,0.014629863,1.893920122,0.147288007,76.65629178,811.5341163,55.74996565,95.30264173,0
4.216263516,0.020221847,2.291312049,0.154320383,72.47511783,765.5632526,54.02529862,102.2825132,0
4.376346665,0.024901696,2.7437054,0.147422728,73.96607801,806.6592495,53.64377456,105.4188752,0
4.219219941,0.033674123,2.601347175,,80.06520901,805.9214323,66.42201201,100.6897474,1
5.233099854,0.01871096,1.993641908,0.135490223,68.01877777,797.5590663,55.75023736,93.70082606,0
3.82080696,,3.067231864,0.125178322,86.78362234,785.4558039,53.40452548,95.4574601,0
5.596603835,0.029573749,2.843608581,0.143454155,66.75339453,793.5660194,45.42295831,98.0625626,0
3.913153303,0.027433574,3.099532803,0.149143655,76.10705573,811.5904521,38.10717373,100.3040095,0
5.189593528,0.011145886,2.535495182,0.154776278,75.79296483,787.2950132,49.30689887,99.05636026,0
3.531868805,0.023671439,2.494480078,0.152378856,61.24434443,850.9076622,57.25967441,100.0575246,1
,0.029345886,1.766925901,0.130346556,58.51191382,789.7931619,45.03026256,99.67677459,0
4.8799556,0.025948529,2.430918757,0.153554762,79.25857435,770.4779853,46.85815531,97.14854082,0
5.271425857,0.019461081,1.719459552,0.139631254,74.90868687,819.9556531,50.78726772,98.90066317,0
4.174371139,0.026531533,2.440625328,0.139916428,70.25730933,806.1331914,35.71524151,103.6385484,0
4.163727093,0.030133869,2.953446075,0.149936168,63.30601508,,48.25791319,104.5710339,0
5.23813987,0.024013125,2.013291937,0.154459818,81.82695877,797.7809543,35.04861195,97.59523129,0
3.888294066,0.030625749,2.567589891,0.148557744,63.48451553,786.8017066,48.1388417,96.32498764,0
3.692844568,0.028649881,2.669318523,0.138735615,69.4112322,802.9964386,55.03562154,100.4393373,0
5.013951824,0.02895573,3.777270716,0.142408691,65.524664,809.1786088,44.18729783,98.02206683,0
4.427422266,0.027906668,2.450110322,0.143550376,63.32484493,794.2909414,45.07281727,102.1694245,0
4.012541297,0.028310334,2.810860103,0.155312294,80.02162395,808.3856088,46.88119165,105.8497695,0
4.470907632,0.013371894,3.456723556,0.152956496,67.63044587,785.4941545,43.83846059,100.1859919,0
4.393580166,0.021276015,2.089603479,0.16167512,86.3599724,793.3863906,,98.66939037,0
4.646308599,0.007437474,3.074150674,0.156576216,58.97612979,789.9646679,47.05502128,99.47437796,0
5.060087745,0.031478773,2.720861078,0.143725777,79.50198319,807.5093956,38.41705951,101.8362667,0
5.221987885,0.026850861,3.013900327,0.143688691,67.36385165,799.3020367,58.86990159,96.4225046,0
3.497134522,0.024517713,2.742332313,0.152809064,70.19576898,802.7294408,57.11584727,96.04680002,0
4.452943365,0.01666149,1.616533081,0.142448418,68.1140073,811.8383101,47.30308903,100.2414675,0
4.492547482,0.016548965,2.919716078,0.138735864,66.01443306,791.7625747,49.22497277,95.34748367,0
,0.035929735,3.897675767,0.137106535,76.86604759,781.7067756,51.87953227,100.5594779,0
4.178848823,0.03294474,2.649568208,0.163499258,68.60356733,837.0336774,46.96110141,95.6841055,0
4.771051234,0.026487478,2.003243606,,77.42967516,791.4700264,42.84308326,100.4442406,0
4.457085835,,1.970289573,0.137182267,64.59061824,795.7360492,52.68750162,102.0197028,0
3.93700963,0.022921156,2.816390098,0.1632099,73.56306764,775.6934817,39.0370429,103.6013059,0
3.531767692,0.010329762,2.921343272,0.147905005,70.11352973,774.2113193,49.66427667,106.119308,0
4.14788503,0.030686207,2.922476747,,87.41920036,779.4473931,53.2653633,98.28689795,0
5.627968495,0.019589249,2.39020752,0.155695049,70.15949156,802.3720554,54.20377671,99.7551104,0
5.585703422,0.016205423,2.031878192,0.153715512,63.22220998,,51.02535004,103.7563104,0
5.600023594,0.034074541,2.426080675,0.135472396,60.22734494,785.3418891,48.98451437,96.5438537,0
4.05142369,0.012607198,1.781662948,0.149801087,67.81454929,822.2800634,56.38175467,98.78550244,0
4.058627262,0.029102953,1.682679085,0.149162862,74.21697668,789.8965982,54.69783842,98.11263252,0
4.709476504,0.031690912,2.321454576,0.143690788,59.1206729,773.6301913,57.58846767,99.17797728,0
5.032519277,0.037125812,2.393941389,0.161831903,85.9533633,777.7078385,41.53695316,97.02858804,0
4.057883382,0.01790741,1.954946215,0.159661556,64.19081504,776.3466974,48.31190388,100.0018224,0
3.692320101,0.034998646,1.994843647,0.137675568,69.13040905,804.0631443,55.46309975,100.7840402,0
4.999300772,0.025874589,2.209279403,0.159632695,83.30849497,778.814221,44.45914203,99.30317777,0
4.608513058,0.016360511,2.528136351,0.162314222,69.56537181,827.8180874,47.00251434,100.5504217,0
,0.015622859,2.692607665,0.172671719,88.6027087,766.6400571,51.77077125,99.00042444,0
3.739550299,0.029139817,2.432902625,0.140433591,59.52090862,802.526279,51.87725199,99.21504319,0
5.424894166,0.036591986,3.368521762,0.155574621,88.23071178,791.1894475,42.42365474,101.8556114,0
4.534279126,0.014826246,2.214189704,0.147744114,57.06356507,804.1604067,54.4345744,103.2589516,0
3.922708605,0.024054483,3.440957892,0.145153136,55.84165435,793.0175692,42.78553273,101.0560961,0
4.279047972,,2.634912452,0.150714096,67.21800927,806.0097932,48.17008046,103.4757497,0
5.036108542,0.018217328,2.165471018,0.15221492,64.84119224,833.2314658,68.2549078,102.9420679,0
4.612831738,0.021511022,1.624847189,0.145877455,74.81005277,773.6427584,43.45933555,96.98343286,0
4.320929273,0.020349448,3.164582084,0.173941614,91.17759546,793.8226107,54.00469494,100.9002175,0
4.405491101,0.024980377,3.377027231,0.15669176,68.02828825,814.8044212,56.49345562,,0
4.175889703,0.02142592,2.319869611,0.152280176,69.83027719,802.3246009,50.05708034,94.41926679,0
5.020327987,0.027029277,2.510838356,0.140359734,62.2975827,808.5017202,45.11507937,92.46752086,0
4.333652842,0.017858814,2.898346443,,73.01640095,770.3093495,47.14872783,,0
3.630579227,0.029231264,2.766394876,0.135338378,64.34346835,788.6101463,48.65590218,101.4660226,0
4.115062776,0.011449896,2.314444471,0.164654352,87.1071469,745.8323949,61.95721867,101.7058372,0
4.89839474,0.013547721,1.780168566,0.148400233,67.98707256,829.6848185,56.49244406,96.98654835,0
4.19332695,0.022683438,2.024828999,0.162951018,82.56145822,778.5388672,63.55177056,100.9388433,0
4.198633273,0.010877709,2.156337961,0.159050233,75.52570287,839.5598998,51.78278097,104.4868248,0
3.642133933,0.020946562,2.310023932,0.151825717,78.63634523,804.021724,56.06486777,102.8777951,0
4.689486941,0.029995644,3.177223291,0.139815679,66.51949394,815.5059799,36.88824384,101.4799476,0
5.304860036,0.038695297,2.822377486,0.156987221,63.15495382,763.4735266,45.5287194,96.0012102,1
4.140158935,0.024964975,2.456986423,0.148859415,71.5425575,813.7031644,52.57833783,,0
3.697385627,0.022638401,1.610158967,0.134751281,66.31523457,837.763708,53.01532667,99.86240197,0
5.334124691,0.030438285,2.761309909,0.136362989,79.80238093,768.9255146,46.55581611,101.0388378,0
4.914299055,0.036320056,3.203570747,0.146644941,57.79258228,820.572698,66.79675975,101.3715454,1
3.859888532,0.017569128,2.257366265,0.138553532,77.86145455,783.8493394,55.26237594,101.174811,0
5.676036269,0.016482847,1.307274418,0.145644171,64.50855602,800.7782938,57.5707453,96.17200517,0
3.999623124,0.037587152,2.748211711,0.151018592,75.63175567,804.922366,58.6374525,101.6504371,0
4.417405076,0.027227303,2.441539907,0.14439205,64.43759193,821.5431247,51.64276778,99.46307049,0
4.231067051,0.01920254,2.689953717,0.154715901,71.42379414,796.929587,42.12870911,104.7581136,0
4.007235101,0.026899875,3.277620037,0.155239681,64.51750482,813.5914907,44.66182084,98.39422993,0
3.302519201,0.020700119,2.380072497,0.152141471,71.66720095,807.3436035,60.66546776,99.29991188,0
5.331434351,0.023866359,1.304777756,0.144099237,69.25971221,792.7414119,58.45009844,99.13993385,0
4.087649816,0.024064952,2.43065004,0.156683114,85.40265058,761.9479817,45.02608477,97.75088761,0
4.754094058,0.031244768,3.273005242,0.159452368,75.58316979,777.2587213,52.41355045,101.1513044,0
4.173396046,0.02898886,2.453476433,0.141396828,62.39463031,818.5990448,49.41393421,103.3261614,0
3.650503077,0.023905426,2.67080062,0.145009664,48.82508248,813.2483416,45.28228698,95.85917535,0
4.854754165,0.028873339,2.245427546,0.143522844,72.45935227,813.9622582,60.74458309,98.00161539,0
4.612361776,,2.080377008,0.155888498,66.67318005,,48.04538884,99.37535504,0
5.03888275,0.018995816,2.106205026,0.15398219,79.63983012,818.5416299,49.66041312,96.35022805,0
4.037882941,0.019654208,2.408414923,0.146501379,57.79727182,817.5278842,46.57332729,99.95732142,0
3.309309993,0.033393039,3.152410942,0.154709095,76.79796523,813.8512089,50.88163353,102.3389756,1
4.292559885,0.018238749,,0.136709533,70.5751508,809.3423544,57.40609117,102.3665703,0
3.952465577,,,0.146029239,69.93722574,804.2504274,51.13527405,94.72499513,0
4.549194053,0.021718313,2.738218948,0.143507166,83.20625774,768.4953308,51.66652829,98.66682146,0
3.924064054,0.046787843,1.905030544,,75.80400282,813.3444416,38.98054733,98.56075725,1
3.934207997,0.027684983,2.446462333,0.138275267,70.35915654,769.0929608,47.49751283,104.8799945,0
4.644665316,0.020891417,2.127267621,0.150436356,70.83319103,784.4160978,47.78979591,101.7938075,0
4.772016808,,3.125445426,0.152057583,71.46609827,797.8523648,48.09583434,102.4899271,0
4.846670382,0.021432427,1.567194636,0.153403457,87.66286843,772.9318835,42.04563057,100.9081692,0
4.415391195,0.021202164,3.10782363,0.140773003,83.38418984,765.5097763,37.24578715,100.2242236,0
4.393304924,0.030568298,2.74877964,0.142914153,74.45111968,797.7626796,50.99088256,96.48479019,0
4.358045477,0.025763391,2.849138049,0.151696175,59.49360893,775.6777048,31.52537672,100.6313834,0
4.618055556,0.021716307,2.715445715,0.144316635,74.32317034,,62.16943562,100.1312878,0
4.611583527,0.026011616,2.839912524,0.148683274,83.48516278,777.4004964,40.64248387,101.1090832,0
3.369606399,0.020660625,3.041718823,0.159581096,92.93060907,805.3589636,45.87686551,99.79418734,0
5.280476535,0.020077608,3.536514357,0.155629166,73.81167847,795.1980464,55.9642532,102.4633353,0
4.687791675,0.033609891,2.352519071,0.13961162,82.85480641,790.0267692,53.90694127,100.0232893,0
,0.024556246,1.836776579,0.150333819,76.18251357,858.3817296,58.66807406,101.7627237,1
4.294185684,0.033788467,3.12238543,0.128705737,72.10033516,807.3066474,63.08313314,97.37155577,1
3.405618262,0.026774316,2.867573674,0.148977675,80.10818733,759.2148143,53.15150596,100.9574029,0
5.185308332,0.022578627,3.92236618,0.142064882,66.67921267,801.4908682,57.00178074,95.8939451,0
3.392107658,0.026549124,2.47030553,0.150011488,63.82492275,817.4409115,58.03250649,99.72062063,0
4.38255303,0.025841349,2.400356415,0.163967058,76.91304,800.6925958,44.07028929,,0
4.73212301,0.027198936,3.215399262,0.14415522,66.44207616,801.2808233,51.22162946,,0
4.313910001,0.021835985,2.792447382,0.137299768,63.31194265,822.2971496,43.18899893,98.11931443,0
4.586256189,0.027381896,2.412384205,0.147307211,81.74565994,763.9423142,52.91083033,106.8287181,0
4.753022457,0.022210815,2.510763697,0.133526524,70.35037965,796.8450667,47.55500462,100.0420931,0
4.480731579,0.030643272,1.902459294,0.151131128,70.48270377,793.7102355,35.61443636,101.4270005,0
3.156760521,0.035537445,2.319263965,0.170915115,63.38308504,740,44.21207457,94.94823645,0
4.147021465,0.028836331,2.054854667,0.137784185,66.4796786,786.6789166,56.45553962,102.359527,0
3.949043948,0.029754673,2.354324771,0.139650524,64.53466441,822.6076262,49.2574045,100.8473142,0
4.316571043,0.022860947,1.501773485,0.136134732,78.11248135,808.7247886,37.9208096,,0
4.554382236,0.020517681,2.757654577,0.145641508,58.86878452,788.2990478,41.21688953,98.0702696,0
5.586684752,0.041074708,2.570287761,0.141546977,67.89948103,826.464535,56.6718092,95.17846456,1
3.180808526,0.03101399,2.767266929,0.128186282,82.28173122,778.2183814,57.83460317,97.76419906,0
4.938076535,0.025529517,2.904722291,0.144826221,80.02906047,832.8388779,48.81244054,96.19786879,0
4.245800373,0.029428486,2.717371995,0.150793436,66.61515675,805.9813929,44.37468801,102.2408657,0
,0.030899569,2.37884722,0.144154033,76.61541692,830.6340477,39.05022888,102.5486647,0
5.091548436,0.021797153,3.039827239,0.143751707,82.50408343,779.9049951,51.97122639,102.2793372,0
5.744783459,0.020028363,3.020024196,0.131149365,63.1292826,859.1381161,52.30868993,92.81741537,0
5.227829819,0.019012904,1.921756739,0.140477993,67.62806932,807.5699625,46.94640835,99.67974966,0
5.058301632,0.025610139,2.574316563,0.150381997,53.94630816,817.6536282,51.55356267,98.4031492,0
4.307226396,0.020559278,2.541059455,0.173407539,73.51881896,817.4129624,41.41610642,100.5568027,0
4.557035472,0.021595746,2.841914674,0.16886362,79.90618956,780.8629067,37.82185035,97.12481635,0
4.218210895,0.027322729,2.745523305,0.159735087,74.19110017,800.7525696,42.58494249,104.0589139,0
4.958013479,0.02074523,2.512080511,0.155017565,70.79678025,765.7057197,42.9965982,97.33487204,0
3.524322376,,3.212872146,0.159744798,67.70702387,776.6760702,45.33695037,95.73262881,0
4.201087396,0.024471243,2.720788704,0.139511507,68.29873981,822.2989232,35.82635871,94.20256386,0
4.662542009,0.029861347,2.839509562,0.141667546,74.53836039,802.7629962,61.55718901,102.7281904,0
5.617221202,0.016047121,2.62701553,0.16859166,73.55147618,809.9367219,49.83197108,97.18731543,0
3.851502072,0.013474646,3.333116407,0.126163841,81.85638314,759.9066369,55.96732417,98.41564078,0
4.012435857,0.023626977,2.344479611,0.152198702,72.43039517,814.3592196,46.10819028,100.220364,0
4.709066906,0.021433873,2.477042516,0.13791196,77.54741723,794.6652497,46.04142881,101.261026,0
4.390968487,0.03208663,2.675921145,0.146833317,62.97925722,807.5562949,45.41488373,97.48601141,0
4.581305569,0.022475169,2.605265267,0.143961804,69.83986113,826.9480461,58.85779902,97.86316478,1
4.440115606,0.025963434,2.279232558,0.144392095,79.13612043,787.6248201,47.77538838,97.69865486,0
3.846789902,0.018159845,2.888980077,0.1446529,86.24758178,759.5886937,50.70344341,106.6427723,0
4.629058065,0.023340034,3.042204145,0.149270327,71.29888135,814.9923065,49.57745876,102.9823428,0
5.171573991,0.023586511,2.80801788,0.160512328,71.03748654,792.707413,48.30432023,100.0450453,0
3.561891194,0.020010866,2.962831019,0.168838766,75.08291674,782.3640823,52.92407545,97.96424317,0
3.811326342,0.026199031,3.116058239,0.148717249,85.68247534,771.1607246,38.21620112,102.7945323,0
3.78569392,0.006277573,2.057273738,0.14734419,69.63724316,827.7283174,45.78718326,96.64086207,0
5.036377449,0.014408001,1.834580453,0.138057642,75.65622804,765.4289034,51.59376201,99.92869658,0
4.351856807,0.022182893,1.701975521,0.130048599,72.07720597,770.8661854,53.96788081,103.8383302,0
4.095066917,0.027700174,2.815455322,0.125326303,65.05081893,836.5214354,58.13302072,95.39840732,0
3.522955176,0.025821599,2.116953767,0.142378013,76.06087731,799.5799617,51.51818375,101.598709,0
3.760782335,0.020957929,2.655622628,0.139534082,78.29813356,811.4049754,58.18030483,97.35212942,0
4.997674997,0.034585751,2.455737133,0.151700921,78.31075695,754.0979367,66.89443502,96.82553493,1
3.531244081,0.021542114,2.07524183,0.134451105,76.47849461,758.0387039,48.37019099,99.05542902,0
5.146250178,0.024187309,2.78695954,0.135275652,57.1413201,806.3290281,44.71022239,94.23480129,0
4.587173347,0.019467356,1.801190823,0.132210464,79.58022478,768.9496841,50.12565371,100.3972707,0
4.188551283,0.027805284,2.96485033,0.167003367,67.72560138,786.0655508,49.56820435,98.7029952,0
4.709835682,0.020464004,2.524553778,0.131409771,63.95936659,797.2879821,48.39990023,101.1177401,0
5.279940183,0.016406589,2.55041386,0.161552873,70.5548008,791.1249332,44.90769374,105.6517132,0
4.865825491,0.025978673,3.551029904,0.148570681,78.94153072,785.8004493,29.04338197,96.7738914,0
4.924054722,0.023492287,1.772287786,0.162839259,62.17420786,848.4996348,66.32878666,96.03219744,0
5.736394842,0.028241972,1.635613079,0.149459937,73.80106829,765.9488073,71.79454038,101.7960998,1
4.823913241,0.021158974,2.492303883,0.128172581,65.22808194,765.7180101,52.72999673,104.3327937,0
3.710109276,0.013775715,1.768534373,0.133684561,84.56792808,748.4577586,52.02134001,101.3528545,0
4.485088391,0.017479166,2.424947733,0.142819289,,827.7862012,52.27708139,99.07287456,0
5.548755883,0.018755396,2.083035154,0.13528021,78.06656704,801.4867279,31.31355595,105.1893565,0
4.569783454,0.025781036,2.481287312,0.16403614,78.67418259,816.9830596,,99.74061183,0
5.10085617,0.026171481,3.689113274,0.149226722,72.2099254,789.0365101,44.04426102,96.69171882,0
3.849837612,0.013400239,2.358934212,0.151551894,75.27433432,816.6254207,54.50482666,102.9151283,0
4.15912755,0.021317328,3.318808123,0.13873699,72.45573302,798.4102796,46.77122996,100.0826556,0
3.661555016,0.018143147,2.147740147,0.154392034,67.93028461,793.4044801,54.75777389,98.89344693,0
3.985562777,0.01094799,1.556676668,0.156530769,77.64263102,766.3061053,51.17050743,104.8872193,0
5.290111848,0.026415787,2.838043285,0.158427757,69.58498175,808.5301094,51.17274129,97.48560167,0
4.553752285,0.021462477,2.636472831,0.147690148,85.33659876,779.1016256,49.53499014,99.98421769,0
4.081498116,0.027505911,3.026097505,0.139384014,93.62993031,760.8681054,50.04604421,101.3215982,0
4.93817703,0.024766186,2.522301702,0.142784748,,779.496526,41.52263407,99.86318457,0
5.340541909,0.015702528,2.555654343,0.14275039,58.91397257,824.5002454,55.70625279,96.10177107,0
5.023870223,0.028170434,2.717609882,0.127641801,66.11970944,747.5514959,49.04833809,93.11362905,1
4.265612053,0.023099504,3.18037617,0.157757597,65.75011492,811.3315553,35.38650181,101.6367334,0
5.588379894,0.019853148,2.285780269,0.13366765,68.02436213,786.4505453,51.1970949,101.0862892,0
4.137613043,0.027746775,2.201399807,0.167127418,70.11647429,805.6987761,43.46447637,97.15138839,0
4.246510694,0.014732087,1.714513177,0.144950395,73.08132042,810.3174671,53.96807695,100.4282982,0
3.901698509,0.035675027,2.966022821,0.144159088,88.67323168,740,,106.2274858,1
4.938051519,0.028909707,2.907877099,0.149477796,73.02447446,782.238612,49.26240096,102.7504605,0
5.013436889,0.026496077,2.436225745,0.163801905,61.6620399,800.9922619,53.01583395,103.6784325,0
3.966298883,0.022336954,2.263695751,0.135148887,86.75690955,764.5215782,48.21207033,102.119674,0
4.165591123,0.023645891,2.388660087,0.162458653,84.9503208,769.9545986,54.78544095,105.8208203,0
4.568490757,0.024792835,3.169740803,0.135848664,79.0565993,840.4547097,53.9030926,102.4996856,0
5.735383676,0.044617012,2.742776873,0.145235478,45,816.7604645,35.94699425,94.84846461,1
4.649850686,0.022853984,,0.152320009,80.19127222,809.9815168,49.63843964,104.3646807,0
4.895142632,0.028321977,,0.147893419,75.47889837,753.8005569,48.09838105,98.54790699,0
4.272907629,0.029502867,2.566796937,0.14257597,51.25919527,803.8036973,48.79656694,99.8661547,1
4.39812917,0.022726572,2.224992754,0.140021739,79.85989583,803.7401115,61.60175872,94.69994034,0
4.458663304,0.028209822,1.798163389,0.150292123,81.75765833,796.1976307,55.85262372,97.09189783,0
5.174662084,0.035340456,2.712784064,0.140985232,82.38680633,806.7985753,58.55334418,99.75913668,0
4.809693451,0.03090633,3.369498633,0.154978247,77.03145839,803.382245,64.75457808,97.40895393,0
4.56341939,0.023500119,2.261744753,0.131018559,78.29009558,814.04889,60.47784299,98.544521,0
4.812448621,0.024200673,2.251336511,0.150082239,77.5168049,828.1235827,43.602764,106.521882,0
4.815906415,0.031930463,2.551558213,0.130673126,76.35323672,842.4017642,55.36382464,100.5613588,1
5.21141424,0.037457982,2.989644713,0.147120171,80.10871166,828.4193915,53.15225857,100.4969202,1
,0.019311851,1.928179786,0.139645651,74.06302683,798.9929445,28.4335191,104.8557369,0
4.100661874,0.024121677,3.176192715,0.165686359,62.46317052,811.628524,56.51611391,99.85794047,0
4.598969896,0.022566355,2.218382042,0.158021936,77.07080428,783.2990377,49.93940246,101.4564254,0
4.143335017,,1.745052451,0.148230858,86.33306079,801.8574196,50.01367638,102.0170703,0
4.11181698,0.014647682,2.709437431,0.153331529,57.50098451,860,55.92246534,97.30048217,0
3.781985543,0.024336453,2.104889675,0.149238704,82.18026746,759.2553346,39.33205566,101.7127735,0
5.070122673,0.030534326,2.750891289,0.135116534,72.7107617,792.655017,52.67466032,100.6763838,0
3.797609603,0.026717142,,0.138378457,81.20982392,786.2611842,56.25935651,103.9315007,0
4.319927204,0.016174735,2.723422447,0.142969217,73.39570929,820.6903739,37.33626823,100.1338294,0
4.774895674,0.018033137,,0.150953743,78.00587257,786.2119949,47.46847389,102.8429057,0
4.1507873,0.028888183,3.655746545,0.164133219,64.70611611,823.9577225,42.78436669,103.7426364,0
3.653177189,0.026923797,2.890642141,0.150682755,71.35107013,815.4248341,40.96875956,101.5718308,0
4.923302684,0.025019343,2.406144908,0.131930596,77.54659653,789.127244,48.32280698,102.4459281,0
6.121816205,0.029535966,3.117916192,0.139059869,71.22973451,810.6631759,68.43005396,102.9036318,0
6.225323691,0.029603218,2.334879376,0.139157023,78.51121412,762.3949337,54.58254533,107.315909,0
4.857027938,0.023331013,2.723177346,0.136732405,62.73995974,793.2136059,56.67082977,98.77587489,0
4.344599979,0.025864991,2.4711002,0.15811008,73.32419661,810.4037005,43.174287,101.632839,0
4.790480823,0.030935733,2.581129781,0.169639739,70.97034344,817.4423784,51.54583093,95.22939961,0
5.729547684,0.019779805,1.833532299,0.132231115,79.24441275,794.7184453,50.56320449,101.9653377,0
3.956431,0.015814756,1.690081245,0.15578566,60.79666969,815.3740944,53.20888217,103.8214778,0
4.993731969,0.015762679,1.39147221,0.131758615,70.98492054,779.6269483,51.89224674,97.78039455,0
4.969897433,0.023360754,2.941543112,0.132314631,71.12449516,785.7771302,36.63200672,99.3922356,0
4.222644421,0.025235475,3.462775379,0.148213899,81.55868103,829.1433973,46.5573365,93.80830347,0
4.983062417,0.022966453,2.628571166,0.143633535,74.31129543,802.2701422,60.66426629,97.87491062,0
4.961148844,0.017255465,2.035323454,0.136879663,63.55622484,789.9214015,55.31333315,100.5304398,0
4.250387521,0.01990372,2.809471312,0.14340651,55.43349378,825.267616,52.62230225,95.26301072,0
5.715862108,0.03106773,3.058294753,0.169413526,54.35787793,808.9909167,55.43298797,97.63690908,0
3.862017967,0.016526599,2.187272068,0.153122201,69.95989283,860,43.88708217,100.5051076,0
3.929878435,0.027984158,2.980957849,0.147787927,70.00753263,789.5175558,30.63100597,99.87598329,0
3.71599948,0.028064395,2.286379627,0.167736636,67.79862948,793.5268786,47.92553073,98.81336895,0
4.99007272,0.025836465,3.094417054,0.135725388,70.12762155,830.8732578,57.42530086,99.96704731,0
3.654511907,0.033780367,1.881336837,0.11973292,66.67257886,778.0892051,59.871714,,0
4.131180953,0.014861489,1.650276606,0.153029422,91.53175922,776.8726556,47.93045588,101.7074045,0
3.744160635,0.016945502,2.917650402,0.145395563,65.58460682,,63.60245386,103.1044365,0
4.41256135,0.030430969,3.509531796,0.129445056,76.15520278,781.3252358,69.36752619,99.43158089,1
5.096378137,0.028199392,2.415900366,0.150345299,73.27083763,807.6531219,67.70696289,101.8232883,0
4.55102579,0.02275862,,0.133410662,76.81609159,785.4262216,48.62070898,102.6255542,0
6.56343132,0.021309076,2.166987595,0.158626135,74.04045803,815.8018445,55.74850282,102.1069907,0
4.684215595,0.027145482,2.65589327,0.154647508,69.24069912,806.5950619,44.86483312,96.96281513,0
4.35655619,0.010096915,2.578139486,0.161600102,53.30057937,808.4308354,,101.2881774,0
4.37388677,0.025449801,2.768989016,0.134256126,75.10729671,769.7590483,58.67084125,98.91588412,0
4.151215405,0.020768803,2.644301495,0.165359862,75.31832383,848.4987823,,95.18348254,0
4.702813526,0.020236132,1.895825818,0.133530744,82.53227449,775.7320688,50.3565081,103.1642966,0
4.96140405,0.018234631,2.288913932,0.126345421,62.3741767,815.8583971,54.30974294,102.4541652,0
5.403079683,0.021496557,2.217217238,0.137427142,92.68406734,774.6570693,32.97806672,97.3307079,0
5.216105568,0.019688627,2.222218133,0.165460966,77.53859422,804.7675436,55.73201749,101.652857,0
4.380828733,0.02911218,2.623245942,0.14217263,85.31790435,781.5370796,49.96864836,98.62322875,0
4.595423117,0.023227678,2.732773409,0.170603294,75.86643482,810.5487774,,102.9717949,0
,0.029449672,1.947540919,0.167592914,62.02982329,,58.75990978,98.8383247,1
4.824904947,0.030699526,2.798438218,0.150493609,68.91432769,788.9016452,50.21382751,102.7920156,0
3.721627845,0.033903727,2.099208176,0.156835157,75.55908609,769.4948447,53.86519427,94.57033325,0
5.06501136,0.019923429,2.811805892,0.147576004,68.4578128,812.8407524,38.59732592,99.99848585,0
4.176163885,0.023461916,2.098789279,0.154588202,66.07283884,839.0238015,53.83628761,102.7981592,0
5.016224074,0.013227336,2.134798167,0.147457285,,828.9531256,59.60420559,101.2506853,0
4.440024893,0.022498324,2.437090377,0.148260945,73.10632559,807.9379509,45.72704037,102.6872063,0
3.941203542,0.024482134,3.476261074,0.138206108,61.96853722,801.3190375,59.07494119,97.77908888,0
4.814137397,0.026226728,2.164327899,0.147926036,61.33265905,804.4009885,41.73738155,100.7254382,0
3.316030184,0.021696649,2.335661971,0.139154545,77.75365058,784.5075201,44.957403,102.8311657,0
4.352544651,0.024757556,2.06476486,0.152586267,64.42239855,812.0182909,38.36688851,99.21801411,0
3.776145402,,2.202659539,0.139219032,71.8073243,842.1398638,56.13427656,100.09592,1
5.265151497,0.021236086,1.979440138,0.135880845,71.36140265,777.7158589,48.80698931,101.1420416,0
5.042597434,0.023446879,2.215201677,0.135225496,69.38789114,798.0199478,49.67660403,99.67355125,0
3.865168221,0.022467462,1.846478422,0.145880169,58.39679835,841.0542365,44.94919725,104.539809,0
5.391019002,0.01788242,2.582816825,0.15567852,90.61300797,740,58.55408899,103.5393406,0
5.259034754,0.031732681,3.6294856,,64.99966823,768.0172052,53.33220317,101.6891642,1
5.011829169,0.031102783,2.542112301,0.161449858,72.98221261,779.2399276,55.52612167,93.50345843,0
4.592739716,,2.878139524,0.143483758,56.95302365,781.1752729,53.15003832,101.8275811,0
4.685759573,0.027030181,2.945473529,0.148409895,65.78418496,765.5373778,59.93677655,104.1432777,0
5.115817901,0.010385038,2.693924392,0.168016804,83.60148776,788.6856958,40.33554114,98.12837907,0
3.328950615,0.02706883,3.621699779,0.151626195,51.68931037,802.7249819,45.57356537,93.20416767,0
5.479880621,0.021143685,,0.147343887,61.52881288,806.529955,53.00578824,103.7666061,0
5.551963444,0.006973739,2.804390961,0.14500585,66.3996885,814.5086414,51.75323236,101.3581726,0
3.770893264,0.011412429,,0.164973527,68.66433295,792.99855,39.14388368,99.9622219,0
4.503187497,0.027238689,1.529590336,0.161460653,80.4062575,800.4671392,57.34906078,102.883984,0
4.337580316,0.023093623,2.890450515,0.126037376,80.76066756,803.5919753,51.09578682,99.26627026,0
3.962365384,0.026679899,2.125749788,0.157753677,,817.9358234,,106.5556858,0
4.587347076,0.021172621,2.436085392,0.144167734,,753.8980076,42.57828432,100.128167,0
5.402320609,0.033848544,2.780855091,0.137800533,71.99257214,789.2843783,64.37332531,98.91979833,0
5.664138383,0.035084656,2.175507682,0.166468847,67.10559351,808.6050836,42.40416945,105.3591533,0
4.232306007,0.029141781,2.563212287,0.161673666,71.94677437,772.271828,70.34385924,99.64714229,1
5.371935958,0.034769483,2.318875015,0.146286822,68.42514413,831.6952234,59.46899247,103.5754089,1
4.473093831,0.043526428,2.992853441,0.143266213,71.55749859,860,44.73917864,99.13707491,1
5.837024162,0.012864056,2.423706892,0.127098201,67.97247172,803.900298,63.02490387,99.76821757,0
4.126473871,0.023871335,1.336683089,0.131872803,57.44273947,791.1582822,50.56470644,104.396683,0
4.237984333,0.02538361,1.95705046,0.1640686,67.3792125,809.7314094,60.95382507,97.5227859,0
3.539332041,0.029542833,2.569497783,0.145389661,60.97842048,793.9714288,41.3231945,96.912102,0
4.58786796,0.031582901,2.96547767,0.159556944,67.55510279,805.5948192,56.64214987,103.0292606,0
3.451952538,0.03111628,3.203268323,0.155712216,69.9937514,793.4218762,60.81638466,98.63171798,1
5.014228655,0.018740406,2.502541646,0.156300477,72.81586877,803.010126,43.66817284,101.2894114,0
4.980568503,0.013660918,2.187314545,0.159570541,58.96788953,,48.73446002,98.04132015,0
4.935504811,0.024755361,1.127508567,0.155805445,72.99651785,807.0906041,55.29356528,103.595315,0
5.142002389,0.02043503,2.366272135,0.151035744,65.30669506,860,44.25948971,101.8087276,0
3.972652192,,3.00691252,0.153506063,86.40293231,779.344761,47.59879734,92.38903117,0
5.114765834,0.028675583,2.045561442,0.143712453,72.29380573,762.9035995,49.75131487,,0
5.057831026,0.02097319,1.655245703,0.155037101,77.75588744,802.3568637,53.36210795,103.2236886,0
4.268281038,0.017023136,2.204180077,0.148248074,63.87122488,853.6254776,41.69957003,102.7533017,0
4.306691299,0.027575884,2.155201153,0.141966583,61.26502346,839.0884745,41.46007982,93.42636256,0
3.847132211,0.02467027,2.852235053,0.178075521,60.86102765,829.414494,49.85778257,99.55370256,0
3.959133726,0.01938257,2.567432781,0.167915533,86.30177633,791.8553527,47.94924959,100.014631,0
3.768265842,0.022791785,2.324522873,0.148781557,58.36784752,822.3326811,43.97702612,98.84580062,0
4.678807002,0.027196425,2.512050119,0.136040062,76.18403346,798.1809201,49.063794,95.02787775,0
4.485568122,0.034866106,2.889032544,0.156937987,65.77170357,798.4614187,39.51076657,98.24329676,0
4.784466155,0.034775161,1.308994238,0.161079559,62.09211348,847.3574243,53.9898322,101.3979908,1
5.245085449,0.028179085,2.26684566,0.133872821,75.6180108,804.3400576,40.4980278,94.74839195,0
4.112954015,0.02004452,1.725863807,0.148630996,88.97577349,814.6298394,57.16346626,98.63107891,0
4.51790537,0.02269913,2.605022207,0.147888882,66.28835293,821.9754734,44.38594923,99.18277803,0
4.755397011,0.024308564,2.168265588,0.145409774,77.1185352,760.7037758,36.59756424,97.79905988,1
4.636178122,0.03025214,2.813821038,0.151090494,78.72960685,789.8508021,47.96239736,101.0472955,0
3.487711995,0.016925332,2.390361133,0.147977974,74.31413416,740,66.97413624,99.4707288,0
4.167397546,0.033755557,2.355932089,0.14485964,82.98728296,755.3456762,58.40015839,98.94089801,1
4.383406209,0.033750613,3.721531322,0.150844954,73.72143543,830.3087057,49.47835439,105.3683216,0
4.818947483,0.012419174,2.959268841,0.126932697,81.81824415,,53.83772036,103.5110735,0
5.727713969,0.014981769,2.379352764,0.149729917,61.11320603,826.7105334,60.22017664,98.67270421,0
3.597881805,0.022082072,3.715672049,0.1590836,71.72065091,818.4686467,55.56509209,100.4363936,0
4.649922505,0.028799605,2.697590769,0.144847064,63.52404866,830.0281335,46.13850111,100.6164291,0
5.286984861,0.014451973,2.322024121,0.155425345,64.59561325,829.8711397,60.02822148,100.6240432,0
5.335609021,0.034081558,2.907971911,,69.45469927,779.6128657,60.01978157,96.44936556,0
5.154099626,0.03658466,3.80074483,0.152179491,76.42440336,786.7600642,52.50071714,102.7092113,0
4.479846765,0.03545415,2.383731817,0.13632795,51.35143851,802.3166799,41.36053573,102.4883497,0
5.39485397,0.013866173,1.958740968,0.158306087,70.24946585,808.4011813,52.91791206,98.61692474,0
4.408972268,0.010053605,2.093814737,0.141794684,,800.6814712,59.77933901,98.90128235,0
5.03074403,0.022455414,2.606520701,0.147524883,70.26430054,795.5004038,43.64480435,100.2779232,0
4.6885313,0.021581355,2.666538559,0.146506244,67.51382325,828.2355357,48.05941144,,0
5.9470689,0.034506699,2.574601655,0.150126326,58.71697544,782.6374252,41.10581626,99.62663835,0
3.962457874,0.021785793,1.678334619,0.171800945,68.98483529,818.9788616,64.20959106,94.10844118,0
3.8719518,0.025611423,3.146557213,0.18434917,62.40333131,840.8986079,47.90365425,96.04748006,0
3.852604649,0.01948639,2.863353196,0.159442919,66.70244722,799.0399113,51.75264686,98.26510566,0
,0.020823756,2.325218134,0.138303266,71.72700663,843.4011601,46.62974257,99.17729203,0
5.334726322,0.013655367,2.322475268,0.142839193,73.03225225,807.7602166,59.73355818,102.8800105,0
4.324321104,0.026762611,1.859392034,0.143946108,62.38840406,806.9971209,55.37747776,101.6487447,0
5.065225444,0.025711606,2.261560055,0.125475066,74.8024628,808.2101655,39.80708594,,0
4.852762487,0.01399895,3.024187127,0.15336108,82.99087284,796.0623135,53.69915402,106.2569789,0
5.078640542,0.021016138,2.153127933,0.146885192,66.6847164,788.2297314,57.47335703,96.87576315,0
4.35987352,0.022627025,2.198028178,0.15029804,78.56515578,774.2550133,56.73176129,102.6871309,0
4.656473975,0.030973562,2.628060574,0.164703216,83.19612034,819.0864117,61.93320932,100.439004,1
4.718720266,0.031002148,2.017312687,0.155084242,77.56826496,835.9058962,39.76761644,93.81653112,0
4.144939701,0.010606102,2.646667236,0.157402048,79.79152853,757.5984657,57.20066401,102.8814723,0
5.085234905,0.024988771,2.616325106,0.127932498,66.84629243,817.7648865,50.60190375,95.99049369,0
3.905689333,,2.259712101,0.160300853,84.90295207,761.43797,49.64259282,100.587916,0
4.499119494,0.015536688,1.931416497,0.125560078,84.50785696,770.208481,43.87793759,97.64710032,0
5.02665094,0.013242806,2.492935695,0.144493763,76.43209335,822.7306043,52.98853577,104.1458559,0
4.324987711,0.018996241,2.297970416,0.161781086,63.82627554,817.4942568,46.16825578,,0
4.468239162,0.015187383,2.236698522,0.146004718,68.48240763,784.0645038,52.96577812,101.3148363,0
5.149835175,0.029837318,2.485857802,0.153173288,78.29120584,807.2996667,46.68055383,99.91439977,0
5.158864052,0.027113149,2.485761133,0.160064442,66.28522487,809.5679691,41.32144686,102.800105,0
5.552978724,0.022797057,3.048373303,0.145889318,58.47117916,794.7879876,47.93065716,101.4888265,0
4.833749303,0.037137598,1.75275086,0.160546155,69.28249196,788.3629215,63.38683351,97.71999547,0
4.226449494,0.015740701,2.063654528,0.147229864,75.02947266,775.1781403,49.77521298,97.25849194,0
4.8345648,0.022306301,3.066090393,,70.62017469,809.8569255,48.02571103,104.1784238,0
5.561048835,0.021975514,2.799658284,0.153243759,73.18980435,825.9978715,53.86243605,102.5704017,0
4.934520841,0.027161547,3.184108596,0.163818281,75.8387302,809.9336648,51.58774436,99.28401306,0
5.722402739,0.030606838,3.290473422,0.150115508,74.95572315,778.5298345,50.81295001,101.6914304,1
4.999855602,0.038923344,2.758994559,0.153915297,72.64770696,820.5751273,40.38636411,100.600147,1
5.028462487,0.025739306,2.511791134,,77.63342133,843.4711305,55.6560068,94.10008018,1
4.56541073,0.033513312,2.666482484,0.143746651,74.96584879,805.2744819,67.34959918,100.5176837,0
4.2513965,0.021466442,2.251025647,0.124883429,73.19020398,790.607545,46.09208418,95.60089856,0
,0.0239209,2.667990128,0.14847894,61.36799685,813.1266955,56.17392856,101.9184143,0
2.694179343,0.028301416,2.139899601,0.13187966,91.63774457,794.6503672,53.57236927,99.13397541,0
5.504787619,0.02733307,2.837793579,0.150623737,62.39301231,854.2925353,49.13020723,102.5114673,1
3.304569874,0.027097763,2.531932627,0.144306243,67.90988028,835.313217,51.26595717,100.2302722,0
4.879963986,0.028404439,2.938879353,0.14737835,75.49481085,814.0244672,56.34392264,105.2089371,0
4.745126297,0.026411911,3.252619164,0.131567757,60.45321617,797.3143305,70.04123267,101.6798137,0
4.793848612,0.028939673,1.706161308,0.146585951,72.38717755,822.9500684,41.45586393,99.65285086,0
3.922919428,0.022685802,2.177065037,0.152406985,76.95132634,773.8080907,60.79217609,94.6921689,0
4.395820573,0.030355223,2.302232118,0.142791439,83.43339117,766.291222,58.14261144,99.06909038,0
4.434207509,0.023626985,2.490726149,0.140144168,73.23451318,805.8296781,45.52050211,99.52067439,0
5.350594235,0.031948887,2.996501759,0.143711622,70.14428858,833.0149895,41.62565566,96.03817509,0
5.633881914,0.013207068,2.44070086,0.153826754,87.40683892,769.0670695,41.77181997,99.46872566,0
5.57041901,0.027120274,2.374204646,0.150229197,69.00738633,813.0186608,37.46531473,97.48170727,0
4.441493036,0.028598242,2.257778109,0.153835081,59.69756457,852.8591812,45.7710925,102.2604077,1
4.964080317,0.022553508,3.076162365,0.143779935,86.88140178,745.7535124,50.71899223,100.8910084,0
4.817478143,0.022125538,2.542204384,0.152283896,79.22472552,783.2236738,64.91994003,100.5103224,1
4.743149217,0.027120123,2.174324811,0.140453858,77.3667122,793.3638384,36.1432737,95.3916371,0
4.20046668,0.014053291,1.513685056,0.141475264,78.90569879,792.6192476,53.08698254,99.17739436,0
4.046479625,0.015956617,1.480831141,0.143885879,62.38357616,814.9349177,50.28603766,102.1496565,0
3.663049203,0.023085041,2.787166715,0.150147948,74.13297673,820.9893998,43.70640588,96.39895868,0
5.016380883,0.014307295,2.53225837,0.163998579,80.60903771,795.3174793,49.91822276,103.1201854,0
5.947971308,0.020206174,2.843891,0.140964899,74.31961183,768.1057514,60.60483153,104.8464899,0
3.296595425,0.031220781,4,0.151488423,93.45072087,768.0415805,47.45682964,100.7376532,0
5.044173652,0.021732817,2.21361244,0.150232059,81.46434123,805.6997746,56.40182589,98.70117241,0
5.217740443,0.012379542,3.324747635,0.142293449,,807.0079598,49.00369422,99.3256339,0
4.184831236,0.025550547,2.664670033,0.143070436,67.84309839,821.4747084,47.33429272,103.7185769,0
5.507088219,0.016433565,2.275813444,0.143153799,66.39437522,822.2577984,49.49433507,102.2055106,0
3.981761492,0.029082167,2.632649557,0.146423519,75.78513468,782.7922239,51.39148436,103.2231509,0
3.528352357,0.009515535,1.583981123,0.149899677,91.72298736,,47.12536216,107.0364558,0
4.37632387,0.04199298,2.712283068,0.144797695,63.46838956,825.0438636,51.87468408,99.53896468,0
4.643134743,0.030903421,3.313077718,0.135198433,65.47326147,781.64498,44.58956122,99.14251573,0
3.572880285,0.012798971,2.448864033,0.144958377,62.87070933,770.175223,54.60183185,106.9623549,0
4.574372725,,2.907382383,0.146671585,65.34767177,793.256463,50.99228197,102.7484501,0
5.529573814,0.027139966,1.046621961,0.151276356,79.24784857,,43.43907142,101.1866453,0
4.339583028,0.019584675,2.365113982,0.150583966,70.4743876,793.4572622,32.88559398,106.992522,0
4.007699952,0.02148639,2.679913462,0.15410567,68.27309238,788.2051877,48.72847514,99.09628065,0
3.939114383,0.013248818,1.964068475,0.158352212,55.77230047,824.0270537,51.59055785,104.8170242,0
4.558423013,0.021135246,2.088008442,0.141188319,64.61489544,817.5011703,48.18627588,99.69106257,0
4.377624115,0.033122035,2.22520586,0.143026109,72.22913552,767.6177146,54.05414223,99.67287681,1
4.141984747,0.036330922,2.386105021,0.144136835,77.16800112,790.2483882,39.15189912,95.78730986,0
5.250815078,0.025413205,2.471043979,0.157837871,70.91174751,754.4766419,51.52920447,97.56746863,1
4.77024885,0.007566223,1.873020448,0.150869694,78.53490021,839.994069,44.13768343,97.12220515,0
5.018006738,,2.265401377,0.148312852,70.00366338,761.8805432,51.35707201,99.25792942,1
4.656177316,0.014426474,2.501580605,0.158166754,83.4192219,807.2439011,47.07666366,101.9683347,0
4.544141892,0.030099091,2.301065777,0.148188848,,808.3369898,48.10395094,103.6413062,0
4.039202443,0.019138422,1.820353948,0.157498261,72.3669344,758.5206452,53.18133214,103.6405055,0
4.360349218,,2.765134235,0.12861755,65.13046357,832.8122644,42.87185441,96.40580954,1
4.374948146,0.016826533,2.306578495,0.159334647,60.11802569,825.194182,50.86448148,101.1933219,0
5.193127043,0.01623413,2.630269507,0.164823267,73.17694805,835.8578945,50.75114339,100.6011709,0
3.96430063,,2.172980583,0.159801159,67.41471207,805.7374968,47.8835932,,0
3.334804547,0.017598096,2.996455752,0.139946709,71.46454133,771.9025914,63.74880548,93.8270426,0
4.131482513,0.015999895,,0.166107667,95.38897902,801.6652677,67.31000352,97.73085567,0
3.724875933,0.018749618,2.191119654,0.147500413,79.30443497,781.7974409,40.19601326,101.0478271,0
5.322360537,0.040237889,3.636490581,0.156825628,73.18607355,775.684968,56.56453156,102.0290131,1
4.219251327,0.048082861,2.076019109,0.149697484,77.87681782,782.467415,47.07742097,103.1137854,1
3.462895297,0.040646467,3.658215155,0.16115367,71.55289899,788.5947788,50.05817288,99.27938183,0
2.626671064,0.028190736,2.434866855,0.140099033,58.55704628,784.193008,40.44758925,103.1600405,0
5.034409531,0.029555717,2.571895145,0.14419666,64.13163275,783.5239874,66.17061585,101.0336925,0
5.750940078,0.029025829,2.68490385,0.154845488,66.64658208,848.6804271,48.37851155,96.94968536,1
5.224089466,0.032452936,2.03494589,0.14287566,75.74250283,807.4959135,56.94071747,102.9477741,0
4.636576577,0.018745767,1.361256548,0.126653832,67.15698308,808.4021715,53.53441187,107.0431431,0
4.40290193,0.022345847,3.61030417,0.149697967,65.51239488,787.6446702,42.12306753,101.9262664,0
4.619699833,0.015373882,3.016713065,0.154804679,84.19969067,789.6094678,56.71879536,97.53131894,0
5.610570911,0.018563897,2.257141178,0.157763548,68.94922502,830.9380137,65.00978415,97.67907861,0
4.381908032,0.016450625,2.041376288,0.163341076,77.66112985,807.626807,51.69880674,95.5724096,0
5.134768929,0.017463351,1.792907752,0.151000981,71.12730848,836.2715472,54.55963537,98.2890226,0
5.273243147,0.026322044,2.462915507,0.136151345,75.66461647,794.7262599,45.48929152,97.93358064,0
5.15950134,0.025404376,2.524379005,0.134975413,77.5920212,772.6688655,36.52925204,98.38281297,0
3.697502258,0.038837296,2.910253887,0.14090196,74.78658507,817.1652612,52.52655978,97.99398157,0
5.175986984,0.012166156,2.068095602,0.146221085,74.26692978,769.5861676,48.10020419,96.47053503,0
3.983976767,0.028823998,2.620872183,0.144069639,54.83751998,852.8074589,69.61414012,97.99600281,1
4.343866796,0.037399185,2.624425586,0.125025871,68.51664178,829.8387243,58.69622307,99.31541337,1
4.89354378,0.016513234,2.69458587,0.136240966,61.66924722,784.2146035,49.38697619,97.33298517,0
4.062075207,0.028136796,2.353569754,0.153880752,65.61324938,860,40.90872491,108.2512073,1
5.090798984,0.027037635,2.622628131,0.158091014,60.81747702,819.8680782,47.43004852,96.10244869,0
6.024866104,0.02998385,2.116095514,0.137224367,59.01613335,860,61.95686643,102.8905782,1
4.630670131,0.042324228,3.518058817,0.158643919,74.47137088,775.4323813,49.36037889,,0
4.149961687,0.036344735,3.16384181,0.14116266,80.40982703,775.0085789,62.41965221,106.6641384,1
4.775729921,0.027914419,3.338302733,0.12674862,70.90005251,791.1007966,36.3135261,106.9590815,0
4.581969202,0.022651419,2.688416726,0.140231799,72.49001303,784.807068,58.93829486,101.1498358,0
4.954192652,0.035063472,2.676646464,0.125182628,71.62446075,786.1056565,42.54152421,96.52394131,0
5.288395901,0.023895822,2.239012117,0.149791381,68.85872211,788.6044724,51.23916342,99.09799261,0
4.991969872,0.031266671,2.579706066,0.148555181,89.12328555,753.4049197,50.80390034,98.1551633,1
4.595826249,0.029174925,2.484578299,0.154062696,84.5413154,794.5472554,38.04931973,101.9833142,0
4.219580412,0.02469864,1.656627949,0.154800872,59.30680156,799.5753826,41.95796979,102.3346685,0
3.630641926,0.028364147,2.855701632,0.151942133,68.0616062,781.8745901,45.77211046,101.6661913,0
,0.031507729,1.511128246,0.146186908,78.02471767,777.5249377,35.4126732,108.4392384,0
4.431793552,0.024398182,1.843212941,0.148284315,61.44460762,826.5045012,55.24821695,98.78519068,0
2.5,0.017946923,2.40153256,0.162065696,68.34164495,842.466272,51.30493634,94.54527031,0
3.950867122,0.012760597,2.034228783,0.149297849,88.52781665,774.9086008,59.39007331,102.4107126,0
4.72207997,0.01752923,3.063459232,0.162694111,78.42204392,772.0658979,44.19170733,97.39316992,0
4.649194965,0.02053435,2.46202902,0.161411314,76.73796511,797.6597217,47.30398123,97.75975555,0
4.604091137,0.024242403,1.881869697,,68.00743346,793.5913706,54.86112692,101.0270351,0
4.078528315,0.034105543,2.045669109,0.148329919,69.68726824,820.2402513,64.17186018,100.3210658,0
3.943420085,0.027949577,2.419197713,0.15347307,76.29403204,798.4690994,51.13377024,102.2695242,0
4.472417223,0.02653661,2.948446077,0.138595203,81.21594963,781.1403738,37.44042191,95.69642912,0
4.980504869,0.023741332,2.247057054,0.13708754,86.64320284,778.5206242,48.88363995,99.93650835,0
5.559136311,0.027781333,2.858824799,0.137502474,70.74328454,802.3535639,47.28971945,102.2143359,0
5.420810339,0.025052034,2.8896843,0.156619761,61.54860693,820.3944569,36.23840078,104.2967284,0
4.162534055,0.020437016,3.112766072,0.145931307,86.36520844,763.6568599,48.36125906,102.3436677,0
5.007195301,0.023500495,2.658749972,0.150418513,65.12835084,822.4250979,43.3289744,101.0122854,0
3.916282469,0.018264464,2.573806004,0.154729105,68.33015656,802.1569477,49.34658476,104.5157366,0
4.863929533,0.017648945,3.538995504,0.140886829,84.14929068,740,37.95317768,95.84637168,0
5.436109581,0.018185395,2.39598494,0.138608978,71.29581326,809.9815332,44.75414743,96.64044655,0
4.932481124,0.032182919,2.78202827,0.142054507,82.56875087,766.093792,43.04569664,95.89780831,0
3.991819157,0.024206088,2.788400452,0.144201869,69.13123344,803.1179649,45.72725372,98.31311992,0
4.571988275,0.035044916,2.967160188,0.160751923,78.21440573,792.121482,54.85137509,104.0896071,1
,0.015182716,1.956894931,0.153153047,62.62008332,838.2719177,55.87637775,100.1014449,0
5.602499074,0.030249687,2.903391073,0.163035347,64.28367054,796.276813,46.46836566,97.45533845,0
4.626457099,0.024306829,3.383268168,0.137220426,67.59358756,,36.84533834,100.3996821,0
4.192363509,0.017887575,1.758959164,0.138398289,71.04872952,860,41.36461602,101.9442864,0
4.471891793,0.019860002,1.743359479,0.145665643,69.32991564,800.142768,50.55590738,98.16196363,0
4.009997548,0.034255041,2.255171768,0.147186821,64.12515195,835.2450702,40.39903072,100.6881998,0
3.974297561,0.016875663,2.258663592,0.173355502,73.52312662,787.9786753,53.45799772,95.52721126,0
4.412455566,0.021956493,3.024587155,0.15519807,75.88817923,808.5348841,36.56680349,99.50004882,0
4.706486822,0.024334516,2.721263422,0.157860399,61.29368555,786.4069197,56.57603493,103.4028992,0
4.900336645,0.030653762,2.088456717,0.127426427,,775.6590805,40.68223817,96.48405049,0
3.667907195,,3.507303018,0.124145843,76.61671718,798.6887819,53.63928786,99.08403357,0
4.200263367,0.023015114,2.632628651,0.140019195,81.10772072,806.9199024,56.48734994,98.49514154,0
4.605171543,0.0263426,2.874038502,0.140064184,64.32265391,795.3074867,41.9773691,93.44595463,0
3.918287567,0.014842455,,0.169286013,66.1118954,799.4293806,37.71076435,99.66750385,0
4.606830053,0.026270329,2.16033888,0.157679335,63.26412457,825.7130611,52.18021597,98.72974032,1
4.40474796,0.0195655,2.32749635,0.149859341,68.29968443,791.8344155,44.67143057,103.0146805,0
,0.029764955,2.416803586,0.143238588,75.88732493,793.5529012,54.04422277,99.23613815,0
4.455961574,0.032065259,2.769947061,0.153293169,73.80229147,779.4113037,52.63473394,97.09788628,0
4.584289109,,2.712010558,0.14005947,,816.2849103,41.60359857,103.1440953,0
4.188032392,0.025448559,1.478094912,0.152005624,63.29155577,784.9689129,47.336965,100.2118979,0
4.642247917,0.016006287,2.732277708,0.143818595,76.11570292,,57.61747195,99.60708299,0
4.847355848,0.018060468,2.981803501,0.140171126,79.30517185,786.6448326,49.22497485,100.3227021,0
4.537126751,0.034141002,3.32692976,0.149605749,62.10142211,793.3297078,57.39667336,97.86520937,0
5.29523343,0.03288729,3.846985146,0.150831267,86.72873627,763.3520553,44.17012109,106.2498984,1
4.402785682,0.02458958,2.414916656,0.138509444,50.66188287,824.8336018,41.20619219,95.62313339,0
,0.039504192,2.092596789,,55.51051607,794.4710041,51.85948908,101.7502587,0
3.691931931,0.033405169,2.744779626,0.141082913,82.70540118,797.2977123,66.41304003,99.61181096,0
4.373146853,0.016085719,2.848770755,0.135315291,80.85234358,804.8129678,52.07707162,91.87541581,0
3.539339271,0.034729706,1.749157576,0.15402739,50.93632034,850.0756882,55.64042994,100.0743524,1
3.944166907,0.034835297,1.732369047,0.166177139,84.3384429,851.8247437,45.46120815,97.82924532,1
4.596976056,0.021639328,2.769593987,0.141123759,62.82635448,800.2955645,46.22532402,99.4426654,0
5.001624762,0.013325311,2.433187176,0.151791352,62.46334005,,60.3008414,97.73227198,0
,0.005,2.435429905,0.135745243,75.44679949,806.6442177,55.65940678,97.17573283,0
3.464323303,0.027562864,1.933967221,0.137828922,64.75260409,852.2888947,40.62773579,99.38628183,0
5.393047228,0.033924518,2.044545222,0.146990218,61.01112392,819.4704202,53.57597208,98.1744869,0
5.392384199,0.021650116,2.762280781,0.148605032,75.78203919,783.1860188,50.30386867,95.82754632,0
4.243909879,0.01084208,2.092493267,0.138156444,80.02587816,757.5204493,47.50538656,103.6588741,0
4.829066351,0.016786655,1.883265529,0.146334396,59.83925794,815.3410951,47.98759834,105.5812514,0
4.927505463,0.027336457,2.927745755,0.169186133,56.70289704,834.5470369,54.8255812,100.6546974,1
5.34035305,0.024004586,2.737852499,0.141461373,77.41820133,814.5798994,54.64435462,99.82365939,0
4.055531441,0.017799626,2.616401656,0.142762874,63.79882182,836.2151714,54.92357086,98.12266299,0
4.395037127,0.024784755,2.706542897,0.161243484,68.88146931,809.6340182,43.19292196,100.3251278,0
3.786099554,0.031397062,2.625096789,0.147144384,61.2234161,860,,102.0963376,1
,0.011910731,,0.129914534,69.76382375,765.2580586,41.73902102,95.36001037,0
5.243931765,0.013846557,3.020467849,0.166442406,84.06900817,740,43.76301982,107.7406455,0
4.932888484,0.03712025,3.125119429,0.141420937,63.00754304,819.7968436,50.77710775,101.4842064,0
3.608145444,0.028211513,2.27372795,0.164061455,77.48836133,798.1823324,42.07874572,101.8570826,0
4.299128609,0.020602712,2.540063544,0.160634018,,833.8365283,42.56188781,97.89918384,0
4.978088349,0.022317794,2.733494704,0.142832746,76.51301205,776.4655924,35.92025635,99.09324542,0
4.973702203,0.01854459,2.510797064,0.145390451,69.13038543,803.5666237,47.40918001,104.2102498,0
4.26760104,0.035703852,2.529573729,0.166560093,85.8327813,794.4692718,36.21494467,98.25584776,0
3.72318659,0.029406817,3.457385054,0.149020336,64.58565451,828.037472,63.67532827,99.66587805,1
3.4252502,0.023616037,2.523816785,0.155025902,79.8256119,814.1737078,40.09683219,99.06216009,0
4.676165688,0.033929817,2.270068591,0.151437144,82.60226175,812.5265864,39.00952201,104.3511028,0
5.034900037,0.029898679,2.696843896,0.154269967,57.53400355,833.8053802,32.37717288,100.3670538,0
4.927256513,0.008329837,,0.12576028,63.35449011,753.5163693,43.05032426,101.2271691,0
4.339538978,0.022178324,3.074895298,0.159029338,65.71960166,774.3977614,58.75172644,102.2970948,0
4.976534613,0.024017668,2.278182041,0.155830302,82.13378042,830.5431025,49.78592194,103.2147338,0
4.995651286,0.022250093,,0.144410997,67.20627832,797.7186341,47.6692278,97.68684082,0
3.349667609,0.028668176,2.55317963,0.165272799,76.07830356,818.2604305,64.55549391,105.6222782,1
4.509167279,0.028817293,2.490605608,0.148692301,73.07652884,794.2982289,64.62306114,100.6665859,0
6.321766509,0.026516408,2.494262416,0.154176467,71.47131386,814.5044205,35.94782413,98.0540685,0
5.618931681,0.036253998,1.798361122,0.16466874,77.39178361,764.7639304,51.15503678,94.55170065,1
4.335314119,0.019032959,3.185754528,0.152810839,62.32210339,826.948435,47.06268294,99.11971423,0
4.618918937,0.013835136,2.363587211,0.156247331,77.43102264,763.1733067,61.44189592,99.93305539,0
4.747464895,0.029768889,2.925621157,0.146916416,79.33135076,764.6217056,40.18925475,97.74677783,0
5.058605753,0.02189804,2.842499568,0.152159625,63.60095817,786.0140775,42.83406227,100.3012113,0
5.439571326,0.00942542,1.819144903,0.149565141,59.44164583,798.8249513,48.81149445,102.7054944,0
4.512389406,0.025104519,2.75190835,0.14044164,73.43592509,794.690128,41.92605563,100.2588434,0
4.117147646,0.02315868,2.725958454,0.143282044,71.44553755,794.1124117,64.11650496,101.9495456,1
4.64688574,0.025220849,3.060424435,0.143546679,68.88343772,816.28501,46.85565365,103.3466561,0
5.326505679,0.028509726,2.042534089,0.151325345,54.16600368,,46.06947451,105.6165794,0
3.481922113,0.017514353,2.120723651,0.157083258,77.71585546,825.4174886,57.61326359,106.0845602,0
4.028093946,0.01879867,,0.133932381,76.70539901,799.8758471,47.43042956,101.2862128,0
4.495497732,0.019337584,1.971734314,0.146546296,69.09910468,804.219881,55.63294335,100.9348446,0
4.355717183,0.015215902,2.704595857,0.161231627,68.94771992,812.8957566,52.49016316,101.3399034,0
3.761896746,,2.42750778,0.144907259,65.56191133,788.4534287,50.70333216,98.92775516,0
4.608910408,0.020280023,2.113945662,0.126960172,88.3329414,767.5645884,54.76042114,103.1129663,0
3.291936496,0.019235552,2.719404337,0.140336867,75.40053846,809.9434687,45.31239426,101.4643349,0
5.037247705,0.023434665,2.596643544,0.156995138,77.66509893,740,48.03702913,99.88490734,0
6.368588135,0.03080283,2.788335243,0.15461414,79.75904676,799.0142759,39.71587726,101.4587213,0
4.551249705,0.031751301,2.825004149,0.150496996,70.56835503,824.7453307,52.21940698,100.9312791,0
4.482042651,0.020315643,3.525681098,0.16242801,72.65404587,778.0484221,44.35346992,101.435281,0
4.550643883,0.027952905,2.241989566,0.140282567,60.17179658,779.6565932,55.65318892,101.7289181,0
5.090489166,0.009765369,2.896066184,0.146035288,68.38036085,776.1775685,53.75303281,101.8427555,0
4.048626092,0.024883776,2.669606176,0.162762418,,805.2827622,47.29559743,95.67392415,0
5.254192079,0.00939796,2.431605374,0.157551339,,797.6458636,38.20010438,99.71441398,0
4.013009301,0.030741302,2.765234691,0.166530618,66.94495771,807.4099059,48.29095107,103.3453945,0
4.458634388,0.01421183,2.577050733,0.141469444,54.71121489,830.1349081,46.41683567,100.2565632,0
2.935479301,0.028757449,2.448877878,0.136522436,72.03375336,812.2972564,54.43462505,98.00903267,0
5.27370566,0.028577745,2.388818978,0.15083446,77.40956319,793.4959376,47.8601903,99.28090039,0
4.414466849,0.039266304,2.810770237,0.150578181,69.8866855,768.0911644,58.55274025,100.9155004,1
4.122989401,0.011758569,2.712768844,0.161966407,77.41521273,821.5444707,51.02072997,102.0195913,0
4.472150226,0.02025106,2.187204363,0.141990571,67.43014823,789.3018378,49.52427421,98.3188925,0
4.586454734,0.013816844,2.327175924,,62.39918445,817.3673219,38.18728392,101.7247568,0
3.852662636,0.020490297,2.005508172,0.149598418,88.32548882,778.9679713,39.04352966,99.3615609,0
4.264970836,0.023689592,,0.161766642,73.51043055,772.1599318,55.19379712,99.08373348,0
4.068664381,0.021368851,2.770794954,0.142539025,51.12441166,789.7135408,37.54964691,102.0268139,0
4.144185871,0.037213067,3.135074395,0.145518416,69.86645841,797.6227835,65.68776702,102.8390257,1
3.603333185,0.019567014,3.017577213,0.159811262,,806.2196552,40.87427503,103.288633,0
3.872844641,0.028332409,2.454572016,0.162500433,84.62039896,835.1852165,44.89275402,102.3448584,0
5.174146866,0.023739273,2.816549001,0.175388704,65.65274087,836.1366951,65.15052989,94.40422591,0
4.013505492,0.019709836,,0.135990273,74.79804296,795.3523441,50.05876612,99.4333951,0
4.236840723,0.022990915,2.216482209,0.148078819,90.80494699,759.2664791,43.23412945,102.4973353,0
5.301772315,0.028153734,1.718116475,0.148320233,,800.8076566,69.15536175,101.3485911,0
4.811706684,0.028564142,1.924025495,0.142421061,64.94781014,815.3818214,,97.46085902,0
4.347150318,0.021790265,2.217310066,0.150557875,86.13203243,813.9248113,43.03503131,99.43618323,0
3.80188784,0.023157621,1.968468262,0.139678624,90.43084572,779.6767439,37.10403525,102.7622639,0
4.879609031,0.035599562,3.325027703,0.141641515,83.59055584,,44.30510883,95.10186768,0
4.876474696,0.024440942,3.108002759,0.155586498,,786.0666149,47.96803004,98.66803396,0
4.058906235,0.030025505,2.346532531,0.147608762,64.89058816,774.6230296,55.15324011,103.0149308,0
3.998793024,0.019060576,2.086909794,0.152900885,79.0280693,776.2901864,36.06941082,98.98780024,0
3.366722433,0.029675298,2.412041834,0.14853788,65.02004265,804.6071429,54.98575051,94.80916731,0
3.906657345,0.015364009,2.298224056,0.149072796,63.0419893,821.6354875,41.72801232,100.7855899,0
4.513711928,0.017436484,2.236092187,0.163368649,63.33752473,815.7578022,39.44844132,98.90569454,0
4.303436124,0.020513401,2.963000828,0.135344098,63.55601506,796.9179239,61.28041669,101.1562768,0
4.491366311,,2.53059113,0.153186772,59.54597678,821.613958,38.18230197,99.58738553,0
4.760485644,0.02309978,2.321294218,0.149787243,67.46524066,804.8310869,41.81359296,100.7183473,0
5.35191226,0.024865438,2.447854154,0.149954282,80.72681345,797.3415125,35.51481649,104.5677725,0
4.76116893,0.022304946,2.944343789,0.14529577,91.1228807,816.2062913,53.24884399,101.8934398,0
4.17036163,,2.006812096,0.146953664,72.44750363,803.3556967,58.0416204,98.34916452,0
5.013857017,0.016861941,1.972011067,0.158200108,,797.3474954,53.77538216,96.50749845,0
5.067652981,0.012953543,1.967065434,0.138667147,68.10690465,780.7439792,50.11264996,,0
5.805858202,,2.650575909,0.141162099,69.03472846,792.7625187,45.70730716,97.74749964,0
3.779550348,0.014015067,2.01856545,0.139127788,72.75099282,804.3473612,53.19841916,104.3476293,0
3.156934297,0.031184438,2.909679121,0.152440474,60.79414194,795.3220869,50.4515459,101.2288439,0
3.57270475,0.025027066,2.531271057,0.156576936,70.90931917,780.0387059,46.22083168,103.3902882,0
4.51368501,0.026786742,3.188114594,0.154726629,67.82160092,789.822413,32.3503756,100.5890358,0
4.785760894,0.018708407,3.077183968,0.150560033,77.32795819,798.4417844,45.84664621,99.57905469,0
3.825688565,0.014021347,2.529690649,0.154660419,60.00275166,813.8640828,53.4240713,101.2483833,0
4.262446233,0.027521794,2.176242869,0.157488565,69.32552164,797.0669042,42.49875299,102.6257762,0
4.658087302,0.027702913,2.086636587,0.152503444,73.39144641,827.3470862,53.50101555,99.27089343,0
5.529985525,0.027637609,2.455318148,0.132335248,56.18642922,822.6849652,39.78660183,96.819834,0
,0.026966753,2.830030477,0.166035198,,837.819842,54.55109786,99.01550032,0
4.129987213,0.029364662,,0.134981159,87.10567474,773.7345704,45.70200077,102.1151304,0
4.268762673,0.025309856,2.247581724,0.151714646,78.74253464,742.8883237,54.44787318,,0
4.287399911,0.012466967,2.18113283,0.158600229,81.91742444,789.2213495,,100.1313641,0
5.346135725,0.025954954,2.67139965,0.147189947,87.91773094,800.3847066,,94.05343716,0
4.26683053,0.015720627,2.104891912,0.138346979,83.02940865,783.9058314,65.14438531,96.91294602,0
5.127695652,0.03021489,2.416606459,0.158804337,79.48216481,771.9959734,50.04631073,102.0787817,0
4.556767861,0.015802409,2.126169036,0.150986007,73.18484483,827.4635495,46.28689125,98.23994521,0
4.628708335,0.017204287,2.729322134,0.146624238,59.65271667,837.5782336,37.3827499,102.1496414,0
5.488948941,0.018654216,1.911546288,0.1448228,73.28386592,798.225551,53.8357081,100.0380111,0
4.014878984,0.034616723,,,58.97157329,793.2021785,39.89497368,100.6470853,0
4.025459045,0.030863339,1.577482898,0.162578444,90.79801447,802.6260897,59.0875632,99.51256252,0
4.498469464,0.018653643,2.47740128,0.151702892,78.31039787,804.0273905,56.90994585,101.1147303,0
4.93543243,0.025308705,2.690848238,0.149572784,72.53294204,802.2112325,63.06236129,103.4257551,0
4.973851397,0.020668059,2.102811012,0.146413114,89.08521512,812.4144071,49.48827552,98.85466687,0
3.620207919,0.021967786,3.5002752,0.154355867,78.13646391,788.4714066,51.30896191,102.6977415,0
4.403745482,0.015773817,2.87857087,0.132536178,71.42751027,804.1403872,52.36145742,101.4829386,0
5.079464677,0.019012562,3.012935813,0.158912016,73.29013597,783.1088838,52.89227486,,0
4.273190751,0.019189545,2.324041249,0.119864624,85.79442048,,46.47120737,,0
4.192017416,0.024412727,2.879356252,0.149829501,66.9678254,,57.1717182,101.2947822,0
5.520248124,0.015611722,2.14495311,0.164181594,58.49025904,794.1086544,43.79329501,97.7470406,0
5.374759901,0.023650577,,0.163965037,63.87475193,,50.23287717,101.8388198,0
4.6701827,0.011548894,2.571958732,0.150710362,73.66029632,797.5932175,43.0900855,102.4974524,0
4.239441402,0.020246385,2.742502264,0.142201939,81.22823343,812.8663674,52.69009652,97.12460916,0
5.045725735,0.020467427,2.614992873,,83.07274945,,45.78776307,100.9575953,0
4.310190436,0.020676757,2.494525489,0.161667543,74.18182536,805.8966325,53.12872669,98.04610734,0
4.220376706,0.016222853,2.549001562,0.145614878,82.97193154,746.0794995,45.75492288,104.3152694,0
5.058587727,0.017050916,,0.147065424,66.51016517,808.2941234,41.59618175,91.7380473,0
4.223525809,0.015752869,2.101537516,0.155228406,94.11248335,740,45.9587276,101.8493209,0
4.484535205,0.02667808,1.878373768,0.136310427,62.02780201,779.2505801,48.99021671,98.86935095,0
4.711676674,0.020208927,3.06871545,0.157864492,79.90993139,773.6213893,51.46693326,96.81857476,0
5.923534482,0.017095106,1.95875374,0.129152061,,745.2589105,58.98929645,100.5213846,0
5.098081753,0.025353632,3.027638115,0.160306495,65.28495215,856.2264339,47.93703342,103.7538382,0
4.297068356,0.005,2.185571931,0.168332805,67.81516018,793.2975136,48.84886985,102.6960274,0
4.795887891,0.023286888,2.408948417,0.147480788,82.54255221,764.6438077,50.64504606,90.83907204,0
5.87409027,0.029065499,,0.143249595,80.76110198,766.7932076,56.88049378,99.85031283,0
4.610271439,0.017656755,1.930192788,0.141076135,64.1544082,801.7215104,,100.8279881,0
4.858400825,0.020454193,2.465241378,0.161706206,66.90973083,825.5995025,43.6841937,102.5556768,0
6.031164531,0.024010037,2.26419194,0.148168927,56.79981474,814.3461849,66.55657294,96.93808524,0
5.300401164,0.030173147,2.158837023,0.139936259,79.9481096,803.662246,35.4279543,101.6573961,0
5.672394635,0.012893315,2.210192492,,83.09491234,819.418987,47.2146437,102.2079938,0
3.875483721,0.027676355,2.701594957,0.155542103,73.45676866,781.4361326,51.27646048,99.44868561,0
4.390861875,0.019085797,2.622289395,0.159191715,70.93391868,798.6360506,61.15652083,101.1841053,0
4.756820397,0.021685291,3.194755485,0.139016355,74.94216301,804.4170199,50.53670069,101.6945433,0
3.861594642,0.013527358,3.7302881,0.151300691,72.84752682,770.0154772,54.19469309,98.92318924,0
5.215768982,0.01206028,2.680739084,0.144406664,66.3084725,802.3690311,52.94973548,100.699157,0
4.612006924,0.025516298,3.307877726,0.152655519,52.03168434,842.4123441,43.6134839,101.4446516,0
3.805265707,0.021804471,2.71277796,0.136763581,71.40876653,811.4585153,43.48901568,99.33156584,0
3.637547595,0.019871464,1.759475558,0.147687612,71.59606233,797.9201219,64.37411247,95.10993414,0
4.858017059,0.031213667,2.786347255,0.150871218,69.17071454,,60.02171345,101.2053499,0
4.607514966,0.028989221,2.949699291,0.15297969,69.59080477,829.0244158,61.58523814,98.54614184,1
4.012735345,0.025790529,2.313680501,0.138448589,57.93035997,860,47.39146278,,0
4.944731237,0.032076898,2.39756555,,85.00445526,810.1530327,48.41309488,100.4982253,0
5.08908553,0.028023916,2.510509062,0.14166115,69.30521116,759.8303944,62.07121051,103.5130523,1
4.616158913,0.021339996,2.968389162,0.149298279,87.67183943,830.6177489,52.56765679,98.51349852,0
4.948609511,0.020471445,2.796588995,0.137402559,53.63559867,815.3620478,41.0252583,102.4216794,0
3.877170817,0.024106442,1.285527302,0.14895178,70.23075065,766.8949959,48.40054148,101.6332913,0
4.15920065,0.024421301,2.161584608,0.139832681,61.96221922,832.3256397,41.74722935,96.41306435,0
4.249125604,0.022219064,2.313159471,0.154312259,66.73060933,837.2341001,38.91064321,98.74207858,0
3.613875654,0.032596109,2.561512411,0.139797576,56.78914493,825.045001,37.44030781,100.9872421,0
5.004111973,0.034178884,2.958383904,0.146431896,76.14378669,817.8153134,41.49730782,102.9785285,0
3.802907379,0.028325073,2.915540007,0.155344262,68.21472387,804.1929623,49.64686844,99.36062314,0
4.325028012,0.025784995,2.931213624,0.133143708,74.72024819,793.048048,58.20435379,96.91433155,0
4.731359757,0.026881238,2.710520947,0.146458943,67.7494134,788.9430947,57.95155414,98.26924902,0
3.866144519,0.018395792,1.794720886,0.144206456,77.55968217,824.4204605,57.35434887,98.36868367,0
5.187837934,0.037234069,1.548349574,0.165401535,93.80899571,786.0298692,,96.92145708,0
3.661651911,0.013143213,2.236534373,,64.7433022,823.360965,40.7377285,105.3976735,0
4.595530716,0.024102871,3.4962581,0.129957463,56.54348284,793.4244658,69.75173189,105.8815957,1
4.934766054,0.02919212,3.097483892,0.145340457,59.83941633,785.1034814,48.5002181,,0
4.573306444,0.020619761,2.215096841,0.151269883,83.28777421,767.7143496,49.57358678,98.13335705,0
4.819386016,0.010367345,2.585308029,0.154256255,70.06651195,836.6471301,45.51876238,98.24428585,0
4.564889703,0.020213749,1.63244035,0.143625111,,777.5150351,41.98589045,101.2714645,0
4.91720245,0.026264863,2.098187954,0.143208002,73.42460344,807.7796167,36.36924171,94.27001273,0
3.907628748,0.02396989,1.835108544,0.168077916,71.72838876,819.8022328,48.23702584,98.41592485,0
4.11472541,0.024962768,2.431061895,0.133917287,57.58949633,796.7192176,51.77999303,101.448996,0
4.366564175,0.031027506,2.879356115,0.168116982,,811.7241258,51.06193183,100.2963058,0
3.856903348,0.022315669,2.114698896,0.162917947,63.10149626,810.5284171,48.23753232,99.30056913,0
