metal_impurity,humidity,capacity,residual_li,quality_defect
0.019364947,34.39171849,224.746,1899.8,0
0.023586925,59.01792966,195.759,3061.587,0
0.026898645,59.78033071,191.347,3742.394,0
0.025266738,46.74867987,201.304,3025.672,0
0.03141682,55.94603337,189.004,3645.211,0
0.019992793,50.54063256,210.59,3155.901,0
0.032942252,43.07335107,198.615,2810.013,0
0.020545271,46.30118566,220.016,2286.768,0
0.020458136,46.58197883,211.465,3101.219,0
0.026014536,53.89577985,189.023,3186.978,0
0.032151039,,204.816,2377.569,0
0.017864865,55.90012455,211.33,2514.607,0
0.021325147,45.24680035,205.379,3203.383,0
0.019280449,51.43420508,196.429,4225.058,0
0.024656913,46.88152157,204.679,2900.317,0
0.023836402,,189.083,3911.208,0
0.028021203,58.52784185,194.096,3606.611,0
0.019659941,57.86191609,204.027,2567.713,0
0.020147029,57.4525841,204.275,2768.737,0
0.029937138,51.38070334,191.962,3422.75,0
0.025416907,53.43005151,199.668,3088.746,0
0.02893451,61.69155434,178.943,3657.022,0
0.03124611,50.72467926,201.709,2310.213,0
0.027955186,39.38885826,209.997,2425.55,0
0.024056034,48.20912946,209.656,2492.095,0
0.016438588,47.70093311,196.553,3629.127,0
0.039525009,41.50068471,185.568,2857.982,0
0.036167379,64.69530823,155.713,4105.228,1
0.025922399,53.4781286,194.359,3707.529,0
0.02545379,58.10172654,199.156,3791.127,0
0.027905703,62.58683922,188.355,2857.966,0
0.035546983,53.63536271,190.939,3216.822,0
0.026414847,61.77193578,195.305,3760.332,0
0.023675994,37.72910876,202.781,2564.665,0
0.013120013,59.41929511,210.791,3853.029,0
0.028625603,40.57357102,202.243,2800.799,0
0.025833387,40.62394246,207.522,4058.381,0
0.027901302,52.49607577,202.457,3589.82,0
0.022238642,45.2711726,216.353,1676.25,0
0.018390769,51.86302416,207.316,2712.725,0
0.021870782,48.99992776,195.695,2908.558,0
0.006489181,56.73456054,206.321,3799.496,0
0.030504213,37.18192367,197.554,2205.835,0
0.029626479,50.43482868,201.336,3507.877,0
0.017493261,48.56310869,212.511,2347.87,0
0.02983356,39.62822138,215.771,1552.614,0
0.017686208,49.44689652,214.983,2168.567,0
0.024202108,63.76615865,185.654,4197.04,0
0.021863245,45.72879809,194.503,3181.796,0
0.0183067,38.18513747,221.372,2226.629,0
0.008656547,50.55504908,222.478,2531.048,0
0.030549315,33.41613251,217.83,2068.071,0
0.019373476,47.7250893,207.928,2893.872,0
0.007343744,61.46571605,217.633,2674.324,0
,58.68229604,197.542,3281.413,0
,38.03951336,201.912,3590.102,0
0.017786739,45.52342171,217.426,1594.038,0
0.014919661,44.49302174,220.134,2808.293,0
0.015245005,61.64036461,202.726,3282.459,0
,55.09976722,207.199,3582.144,0
0.021756674,47.97297945,208.281,2614.708,0
0.022341893,66.28058642,188.017,3070.594,0
0.020397955,50.40913647,210.879,2754.142,0
0.026963893,49.45615795,199.803,2567.815,0
0.026669808,30.72062427,218.181,1954.954,0
0.027438345,62.88892919,188.399,3991.987,0
0.024540903,51.93327776,207.595,2783.468,0
0.018683909,53.58479491,203.152,2834.891,0
0.031091713,55.71056109,176.634,3928.758,0
0.021327262,45.73238122,209.775,3251.142,0
0.02703827,47.51612819,187.045,4176.252,0
0.020837507,51.37568266,201.45,2919.625,0
0.011380859,63.34310089,212.197,2771.852,0
0.027271264,49.85949739,199.345,2895.613,0
0.029994732,56.27875229,194.468,2895.807,0
0.018954293,48.66457656,193.379,4329.003,0
0.018321654,46.32927605,208.285,2948.346,0
0.029132728,42.29089245,211.698,2954.877,0
0.019291977,42.71540093,218.688,1704.852,0
0.021029585,40.27287261,214.156,2618.882,0
0.035115498,42.61690846,183.571,4384.279,0
0.022984003,48.49863207,210.132,2461.735,0
0.018129914,41.83501584,204.46,3369.029,0
0.019772484,47.60588237,201.65,4254.735,0
0.01725565,59.99732214,202.318,3269.503,0
0.020998245,63.45453295,197.839,4175.181,0
0.030155654,50.48308743,193.359,3242.686,0
0.023319766,48.37668812,211.688,2468.589,0
0.029146271,57.96561109,193.405,3847.59,0
0.027451811,58.7998372,195.947,2767.159,0
0.024408511,44.97547133,207.093,2566.325,0
,33.06676441,220.815,2141.957,0
0.025186371,40.97775388,189.197,3719.135,0
0.026234573,50.28461182,195.719,3285.816,0
0.023812364,47.1053397,214.058,3008.402,0
0.02808109,55.33258135,198.501,2366.854,0
0.030042926,45.32100692,205.465,3166.565,0
0.034743712,48.23226146,188.263,4535.874,0
0.041003692,59.95957903,175.911,3571.921,1
0.027608451,58.39471688,197.667,3044.117,0
0.025797487,45.02234044,197.545,2928.216,0
0.01672271,45.0226584,212.97,2947.157,0
0.026459358,50.95380689,202.942,3105.973,0
0.016296145,53.58659253,210.435,3387.709,0
0.016728868,51.69287786,208.442,2773.29,0
0.037890136,28,198.11,3297.831,0
0.019466289,49.98464117,200.5,4266.909,0
0.031246637,44.06246325,201.992,2916.703,0
0.035693244,58.83743372,177.043,3363.549,0
0.018545961,55.05585187,209.35,3068.068,0
0.010875739,49.12212655,216.79,2876.803,0
0.026448149,,193.424,3420.141,0
0.03532198,45.99404205,204.54,2845.091,0
0.017912122,52.52838297,201.245,3684.555,0
0.026240314,59.50107514,191.984,3268.833,0
0.022712722,55.41921095,202.316,3762.457,0
0.032412788,42.35499866,201.952,2437.368,0
0.014049587,53.28937534,197.798,3359.48,0
0.021096027,41.42429958,202.758,3556.903,0
0.020199505,51.81428837,204.267,3961.531,0
0.027844092,50.8831658,200.275,2795.743,0
0.018524851,51.44291154,205.782,3080.43,0
0.022730523,54.78677638,198.322,2861.273,0
0.020508639,47.82660493,205.072,2755.516,0
0.025410772,53.60253822,195.045,3025.072,0
0.025698467,33.22039234,211.233,2266.476,0
0.016055997,49.28962842,215.82,3200.056,0
0.015697262,46.9260327,210.409,2831.181,0
0.031066787,50.01071877,194.147,2392.182,0
0.024196334,43.11326657,215.474,3084.481,0
0.02800715,49.32119575,190.679,3257.374,0
0.02545927,55.06286332,197.166,2991.633,0
0.007133156,47.94676707,220.832,3227.687,0
0.030191516,46.11044695,192.356,3403.67,0
0.012451849,57.09407244,207.553,3066.828,0
0.030485156,,180.384,4709.981,1
0.022481756,54.47632296,199.4,2618.906,0
0.021426749,,211.898,3955.028,0
0.019094063,46.70280497,206.395,2825.106,0
0.022533277,44.97212216,214.5,2352.175,0
0.023386534,49.6035293,208.012,2201.268,0
0.016037998,52.98441855,207.114,2636.897,0
0.017260284,33.88717924,222.387,1892.914,0
0.028957405,46.48756872,196.889,2743.117,0
0.027556487,50.42785301,201.785,3183.861,0
0.013753003,47.2198127,214.93,3000.309,0
0.028467303,38.11955617,201.095,3126.118,0
,37.28881949,219.058,2400.675,0
0.009765235,53.74842223,214.449,3607.757,0
0.03009791,68.47875538,179.238,3822.912,1
0.032670376,65.30363846,176.823,4179.178,1
0.017362778,56.8960004,204.409,3021.579,0
0.032320837,53.2388407,172.796,4181.371,1
0.01673876,28,227.81,1397.739,0
0.024577981,44.62470381,202.542,2620.395,0
0.026423888,38.72144457,205.109,2687.923,0
0.02446675,49.92964248,198.102,3788.504,0
0.028496496,57.96392226,189.497,3937.241,0
0.020118581,56.5954165,201.231,3668.313,0
0.045952853,49.33240973,163.999,3879.959,1
0.021243876,48.84777872,206.479,4716.498,0
0.02174087,46.83804684,198.831,3269.527,0
0.014402146,43.16992622,221.117,2188.26,0
0.043591642,59.00035137,180.577,3385.984,1
0.025611036,53.59982673,197.197,3182.939,0
0.031545097,51.42992771,193.389,3406.344,0
0.02475683,55.69581618,194.01,3301.319,0
0.020709932,49.65493128,211.436,2492.698,0
0.034517208,44.2809875,184.167,4482.579,0
0.025775794,58.63103231,190.961,3939.184,0
0.015361292,66.07004309,199.629,3329.08,0
0.020493525,49.16033475,203.867,2695.39,0
0.038588296,45.34622921,200.514,2479.806,0
0.029867852,51.1193945,197.628,3105.834,0
0.018531429,50.20102969,215.597,2331.602,0
0.019099243,52.76581264,206.557,2435.392,0
0.042849485,42.12004058,175.648,4101.964,1
,51.90880633,198.505,2695.501,0
0.026657378,54.06463284,201.239,3533.993,0
0.031440879,54.25703499,190.102,2718.859,0
0.030247738,51.53936894,187.587,2468.716,1
0.023703228,49.86369689,187.779,4390.169,0
0.038582481,30.68713719,205.481,1830.068,0
0.029470999,60.18306215,191.634,3551.512,0
0.020378131,69.0956144,186.055,3989.988,0
0.031064039,44.41055651,194.071,2972.632,1
0.025283752,44.19187922,207.368,2835.223,0
0.016663462,51.98358049,206.371,3166.869,0
,46.27385468,188.951,2654.503,0
0.035458356,65.2232597,174.597,4668.422,1
0.023108498,41.89852919,187.822,3669.434,1
0.03114639,65.38356955,181.506,4450.935,1
0.026779409,48.28499912,202.03,2893.38,0
0.029203838,61.81914932,192.31,3186.651,0
0.029572219,43.80391951,213.356,2003.17,0
0.015147041,50.56335302,197.588,3060.623,0
0.032595626,42.6579717,214.765,2223.429,0
,51.68533502,204.399,4165.751,0
0.018935809,58.87335849,204.107,3549.74,0
0.026286343,47.39441512,212.833,2564.111,0
0.023538731,50.73883231,196.098,3713.831,0
0.0367484,49.94306516,179.55,3952.252,1
0.039322607,59.77382933,182.621,3901.359,0
0.023392292,50.45928057,209.73,2767.189,0
0.012093215,45.3014339,210.05,3149.081,0
0.029039723,55.29102552,190.212,3811.423,0
0.022011915,53.14701496,194.931,3299.948,0
0.022104543,55.42819161,195.4,3802.674,0
0.023461559,55.83863031,185.931,4578.01,0
0.022566112,52.13388934,198.211,3506.701,0
0.037031251,47.86869173,194.995,2813.987,0
0.023330774,48.95979151,202.268,2466.745,0
0.02296194,54.41487017,192.126,4459.855,0
0.026951663,58.21524597,202.433,3939.024,0
0.02312466,36.24671093,219.198,1611.841,0
0.029880397,43.58704927,202.902,2902.049,0
0.027828604,43.03027142,195.662,3487.007,0
0.032149738,40.37842731,205.732,2579.055,0
0.0298877,51.907107,199.835,2752.857,0
0.013838898,56.15885514,205.689,2924.77,0
0.022953386,43.71218714,213.281,2464.089,0
0.019307655,57.72136394,204.205,2958.711,0
0.032669835,53.47207859,166.481,3842.399,1
0.020652617,64.21746272,185.473,4327.634,1
0.02026988,,203.055,2908.097,0
0.040292575,46.17533554,183.17,3784.049,0
0.022423359,42.05041698,206.133,3220.777,0
,53.98338347,188.923,3337.379,0
0.02468139,46.05712185,185.774,3699.978,0
0.022084429,48.61703134,205,2854.3,0
0.034876332,50.45197354,189.725,4052.814,0
0.018461051,51.2675844,203.36,3169.72,0
0.022523333,51.0549905,208.639,2497.427,0
0.012213676,36.28411284,213.229,2966.233,0
0.024293506,53.12363946,200.636,3448.831,0
0.023221174,56.18031846,208.799,3366.234,0
0.011601957,53.37831215,210.34,2415.225,0
0.02033169,56.7704325,208.454,3228.368,0
0.029514323,42.45856068,211.787,2827.016,0
0.033415547,54.80767428,196.102,3056.068,0
0.005,54.83994701,205.055,4364.52,1
0.029613969,40.26717028,200.543,2736.634,0
,35.10012198,213.548,1579.563,0
0.020860373,42.5514121,201.986,3232.191,0
0.024764588,45.68371854,200.873,2651.85,0
0.017290144,46.52639653,221.601,2586.854,0
0.023528541,44.80589664,197.596,3112.72,0
0.02150198,54.63425577,197.198,3798.3,1
0.033002837,49.68720863,184.805,2899.662,0
0.022185679,45.03585103,199.887,3084.874,0
0.01886944,58.27028934,210.853,2920.038,0
0.024760537,48.44016091,193.025,3761.569,0
0.021180714,55.05019784,188.078,4337.673,1
0.033532227,50.10684473,199.571,3168.684,0
0.013410449,53.57329212,194.854,3937.173,0
0.032006932,47.55104761,182.461,3437.511,1
0.00984736,60.32823244,216.254,2635.148,0
0.023210776,53.23985855,202.362,2967.286,0
0.036172862,32.24420593,207.798,2851.563,0
0.020487602,50.67729025,204.693,3369.784,0
0.035922084,56.49388568,188.759,3831.584,1
0.030309359,,197.891,2251.613,0
0.005,47.18187972,209.458,4170.144,0
0.01267028,48.09250919,211.489,2958.115,0
0.030555129,47.81036803,199.392,2290.005,0
0.017249514,49.64003834,200.374,3705.742,0
0.028370948,44.846334,201.295,3020.493,0
0.035304727,47.16329962,191.235,3713.183,0
0.015253358,44.04013649,195.487,4122.387,0
0.028916423,59.07031418,188.95,3568.731,0
0.033873865,48.05904762,191.087,3163.234,0
0.009376248,55.91754007,221.111,3056.989,0
0.028718849,54.32904671,187.271,3883.324,0
0.039655527,39.49465825,191.599,3332.96,0
,46.31178976,201.898,3495.927,0
0.026753459,47.75945098,197.204,3103.137,0
0.019809699,61.02188989,200.162,3668.499,0
0.006559771,32.45965207,230,2047.096,0
0.013389525,62.17360362,204.541,3006.738,0
0.013278379,45.30787479,219.784,3059.615,0
0.025469204,65.14439108,188.044,4142.278,1
0.016430875,51.16411844,216.645,2762.462,0
0.021597742,47.43567697,211.583,2661.514,0
0.030520874,49.13413329,187.282,2955.386,0
0.010339143,52.87165153,204.87,3484.675,0
0.018783748,53.75488528,206.827,3028.688,0
0.032811371,60.13043646,170.911,4150.552,1
0.015845075,61.28129596,204.274,3261.784,0
0.041192532,59.9030695,165.912,3281.759,1
0.02375998,42.82005623,198.063,2741.341,0
0.027302957,35.14551678,210.968,2208.817,0
0.028390648,51.69168122,200.507,2833.846,0
0.018463231,49.55451958,207.705,3656.37,0
0.031409092,49.2967481,186.524,2752.208,0
0.016725057,41.54090604,214.543,3077.582,0
0.032253379,53.59852261,189.542,3173.374,0
0.023106961,49.84078663,194.044,3936.839,0
0.020008339,54.06927634,200.92,3400.92,0
0.026357762,35.94818623,206.058,3415.516,0
0.025338248,57.63478663,202.815,3212.161,0
0.017698191,51.68691682,187.505,3685.129,0
0.019869975,40.87834515,225.326,2186.168,0
0.025638902,36.12310802,210.282,2547.069,0
0.03290283,39.58452344,193.324,3001.658,0
0.014352277,43.17649746,214.957,2240.24,0
0.0282904,55.99812443,205.136,2978.853,0
0.023611062,56.00118611,193.609,4176.829,0
0.024354751,64.02118044,197.955,3854.434,0
0.024257487,54.44729625,197.268,3499.414,0
0.018469956,50.75575993,220.587,1895.679,0
0.025780043,58.80296545,191.082,3645.049,0
0.018260304,42.14472123,216.152,2597.591,0
0.027407548,46.63593325,200.023,3331.741,0
0.023993486,52.39134522,201.371,2819.474,0
0.028727857,42.67819423,195.53,4264.365,0
0.017896771,50.60319635,209.375,2623.978,0
0.027765081,56.28959415,192.661,3293.829,0
0.019397299,51.00932157,192.308,2714.999,0
0.029602932,,171.772,5249.506,1
0.036653532,32.05737903,198.633,2796.19,0
0.017655875,49.9846528,203.893,3209.748,0
0.027072583,44.69460999,204.627,2309.599,0
0.028849126,58.16977831,196.701,3531.791,0
0.030945927,65.10339177,188.924,2743.883,0
0.035164921,44.22404368,188.301,2740.152,0
0.018648816,47.50688453,205.929,3158.22,0
0.026308412,46.78996049,185.032,4616.3,0
0.017591704,53.37973939,203.611,3426.799,0
0.034723085,54.24978583,181.974,4203.708,0
0.031009839,37.20040533,199.198,2697.93,0
0.027638759,50.95299143,200.896,2352.814,0
,52.07430113,203.082,2569.133,0
0.022674794,49.52766226,210.433,2443.811,0
0.03266421,,186.664,2788.356,0
0.027330662,68.87817547,184.681,3784.049,0
0.011621478,33.6421739,227.006,2328.834,0
0.02045271,43.27240689,214.4,2236.741,0
0.021679135,49.23293118,203.659,2954.039,0
0.018975258,53.88242626,199.755,3692.166,0
0.026511605,40.89338618,203.208,2578.549,0
0.009461876,47.67947381,223.843,2427.006,0
0.026668421,56.16559026,199.783,2575.221,0
0.028613409,51.83568292,193.872,3396.478,0
0.022215235,44.67950624,210.549,2448.173,0
0.009625385,41.87186776,220.87,1874.718,0
0.017904196,43.4962078,213.135,2988.474,0
0.026138556,43.40695423,206.267,3086.506,0
0.019345168,53.30313116,207.554,3442.636,0
0.024475491,60.1261994,197.937,3833.512,0
0.023120626,52.97860448,202.431,3330.517,0
0.009902423,45.13408217,223.425,2955.573,0
0.019528681,55.41291641,201.153,3679.611,0
0.014790594,57.81332296,200.767,3959.186,0
0.019438451,38.0156818,210.707,2053.374,0
0.025555509,,209.749,2537.2,0
0.01996837,46.65385288,208.518,3068.418,0
0.021216606,58.16706257,193.309,3358.853,0
0.017036175,59.6661026,189.473,4551.914,0
0.019891588,42.68338977,199.934,4036.901,0
0.016002207,54.36635008,193.644,3912.85,0
0.026328425,53.88098047,186.893,3494.405,0
0.022728436,57.72903745,194.967,3750.678,0
0.025588763,52.64415623,202.978,2862.445,0
0.030107943,47.39005055,190.718,3660.231,0
0.030621796,63.94897494,177.325,4005.303,0
0.016952751,41.77196607,217.588,2660.829,0
,46.4689415,199.191,3211.414,0
0.023167618,,176.762,4360.911,0
0.013077553,48.70623198,222.481,2575.605,0
0.019493102,52.27124801,206.367,3164.507,0
0.035316645,50.44964522,191.307,3344.397,0
0.02088557,56.25702591,202.847,2779.747,0
0.025175942,56.60536763,171.35,4787.989,1
0.027211888,31.92628898,211.602,1790.267,0
0.028896406,47.9586866,195.437,2651.38,0
0.024075659,47.77522966,200.395,3309.6,0
0.028880487,37.60594259,209.224,1912.197,0
0.02292931,47.91817096,205.878,2551.009,0
0.030033833,55.67729493,189.411,4143.863,0
0.021760372,50.52426065,207.69,3333.924,0
0.016543108,72,191.459,3903.73,0
0.01406054,50.85724058,188.32,4292.969,0
0.008355336,50.51182169,216.361,2804.477,0
0.021011714,55.63352276,203.128,3149.176,0
0.031056867,50.8145649,187.72,3350.452,0
0.035622698,57.49120334,158.829,5496.508,1
0.037798797,59.10365416,175.829,4282.1,0
0.019186988,52.12422919,205.81,2609.701,0
0.017212318,58.02781033,206.389,2729.048,0
0.028472894,63.18489729,186.188,4484.229,0
0.025415677,52.85405032,196.958,3652.969,0
0.016838543,37.315173,216.395,2724.294,0
0.013448656,60.45599643,197.029,3361.226,0
0.026623576,52.81602363,195.18,3083.425,0
0.023548674,44.05856916,206.758,3525.865,0
0.021276344,43.38925459,217.96,2731.261,0
0.016897564,53.92485522,197.04,4015.886,0
0.0402125,51.48842275,189.951,2857.801,0
0.025864769,41.81081791,216.016,1770.786,0
0.024098621,69.94191093,179.565,4063.069,0
0.038829262,50.56108415,151.667,4143.851,1
0.024335483,46.29244309,206.407,3596.018,0
0.022502808,,210.283,2680.68,0
0.021143064,59.52480543,187.48,3708.672,1
0.02311297,37.55328471,206.474,2853.097,0
0.024994767,50.41321372,194.678,3177.532,0
0.025196655,42.74450412,216.912,2494.034,0
0.031971662,41.19547734,193.819,3194.28,0
0.034420877,41.62232992,182.725,3940.093,0
0.024538167,52.14219358,191.128,4326.401,0
,60.26234285,185.065,3700.069,0
0.029861694,43.75047179,206.365,2748.008,0
0.024910268,48.823412,207.438,2714.676,0
0.01844298,55.57129513,210.131,2867.95,0
0.009873814,44.11398408,219.81,3465.662,0
0.018979812,46.20735621,208.764,2284.104,0
0.034286052,44.18460033,198.677,3314.95,0
0.034603505,39.82515852,202.576,2134.006,0
0.020246269,57.39759357,195.864,3985.741,0
0.019002942,42.5094298,218.134,2252.852,0
0.030583627,64.59903214,184.183,4098.537,0
0.016360616,55.77761367,205.639,2870.169,0
0.021378692,48.23475141,199.062,3726.218,0
0.022899704,47.5610571,206.93,2573.624,0
0.015821754,57.67045325,212.262,2412.138,0
0.013257979,40.99821192,223.262,2965.701,0
0.026986785,47.45061528,206.186,2412.991,0
0.040246279,71.91603306,167.066,4654.486,1
0.025310787,40.80672568,210.552,2226.41,0
0.00772493,41.25956584,220.632,2695.45,0
0.031630138,39.77032026,207.072,2598.917,0
0.016124525,59.88626314,198.926,2994.415,0
0.027812637,31.28201507,203.371,2933.182,0
0.023282177,55.30020904,197.963,3090.467,0
0.031748553,60.82075128,174.239,4700.36,1
0.028930987,53.16138514,193.695,3180.765,0
0.024392357,38.52622234,207.477,2079.95,0
0.01631442,53.75781872,210.403,3536.561,0
0.017537996,60.46332499,194.847,3181.143,0
0.021857799,33.97749009,219.073,2606.217,0
,48.08423148,201.896,2919.092,0
0.021499467,63.60634207,192.578,3995.796,1
0.025792669,47.13975913,209.814,2260.016,0
0.031979894,41.72711088,203.665,2522.14,0
0.026312221,52.02563608,196.467,4255.482,0
0.020317829,59.33030645,197.668,3462.394,0
0.014954467,47.43216128,221.113,2064.269,0
0.028361506,55.07768514,200.013,3786.878,0
0.030997637,67.59078283,187.024,3380.134,0
0.03433325,48.8053181,199.174,2817.248,0
0.018002857,54.57676579,214.925,3144.448,0
0.016394945,44.97273777,217.754,2570.936,0
0.030573246,,176.862,3895.069,0
0.02840596,56.88494018,195.127,3269.426,0
0.029781258,68.21230952,173.863,4710.779,1
0.018809447,48.24270662,215.231,2349.429,0
0.034640369,61.75010996,183.535,4473.917,0
0.030548469,57.79726153,189.794,3137.915,0
0.020897244,58.08050957,200.737,3227.769,0
0.023493912,45.12717485,220.29,2534.159,0
0.022036435,61.36022334,176.749,4953.727,1
,43.28915112,222.335,1866.037,0
0.032219041,54.26601617,194.992,3056.204,0
0.024572664,54.85642748,193.861,2986.629,0
0.041659405,59.63606041,148.083,4738.476,1
0.022354296,66.97339988,191.676,4252.391,0
0.026046004,33.67312919,209.361,2387.238,0
0.02691612,57.10165005,183.339,3550.055,0
0.017040303,59.67616562,201.097,3798.896,0
0.021832214,53.35038263,170.485,7314.83,1
0.028306006,59.83459945,193.654,3744.29,0
0.028720191,43.98370997,204.425,2854.702,0
0.028951421,53.8590899,186.988,3590.532,1
0.022161446,58.95269668,201.163,3368.827,0
0.015974321,39.83000672,225.528,2365.868,0
0.036540157,42.33232715,183.57,2051.644,0
,48.95684609,199.794,3170.972,0
0.022387286,44.72401843,212.018,2701.636,0
0.022455806,52.07689078,188.185,3925.362,0
0.025066324,49.57910326,208,2919.755,0
0.027483036,42.53419559,213.426,2838.193,0
0.03424777,58.17235093,173.221,3965.494,1
0.037534381,49.35114275,194.633,3342.604,1
0.027669093,40.816777,207.669,2097.536,0
0.028065146,52.81969998,196.275,3099.824,0
0.027582986,55.8891541,192.901,3246.53,0
0.023598054,46.2204783,197.694,4280.266,0
0.01899243,,203,3804.509,0
0.034789504,50.52786642,186.327,3677.185,1
0.014527737,60.16034347,200.664,3216.343,0
0.01448079,48.68124495,215.072,2753.309,0
0.016629249,44.43456704,211.931,2755.121,0
,54.23061995,200.806,3545.995,0
0.033735595,32.7340027,203.879,2392.232,0
0.022358157,43.85085756,214.021,1878.341,0
0.02568833,51.69690961,207.965,3053.367,0
0.022746222,69.41334207,201.86,3561.035,0
0.019497091,45.8670019,210.221,2763.305,0
0.021786359,63.55012993,195.752,3621.741,0
0.038787455,39.01559472,196.999,2156.179,0
0.027771999,44.39167341,203.863,3483.064,0
0.020691888,44.01048901,211.332,2653.313,0
0.025126175,48.89694249,179.61,4767.245,1
0.02287417,52.32106662,197.203,2378.764,0
0.038202771,58.46267815,177.321,3617.156,1
0.020260752,43.44740269,193.677,3575.797,0
0.019197814,56.33199146,198.041,3401.216,0
0.021385413,,205.105,2858.488,0
0.020448885,42.81585797,207.758,2692.337,0
0.010368003,53.74091861,220.249,2665.437,0
0.02429058,56.05694695,187.72,3600.47,0
0.022921097,54.45917246,200.332,3094.558,0
0.025909403,46.61853612,200.419,3044.388,0
0.017050177,49.66465614,193.572,4375.493,0
0.031754781,35.92072902,214.785,1795.903,0
0.032376543,45.1564041,168.044,4722.805,1
0.028500776,51.36019451,196.757,2630.215,0
0.028637901,50.56396983,190.291,2916.202,0
0.005,60.43464106,211.189,3127.895,0
0.01964151,60.56728002,197.57,3844.894,0
0.033059996,44.80701503,193.693,2765.435,0
0.020812667,44.05503674,199.675,3182.898,0
0.016489896,35.49929307,222.916,1926.859,0
0.024917044,45.51280727,198.213,2827.325,0
0.022666879,28.03508908,222.875,2027.594,0
0.031026528,47.38701333,196.875,2900.994,0
0.029433816,56.50606143,188.961,3524.758,0
0.030372195,40.15791882,200.59,1984.073,0
0.018691242,51.34564646,204.034,2870.981,0
0.010598297,52.94408029,214.158,2886.809,0
0.029609502,48.10380902,180.361,3824.074,0
0.024237286,52.50532486,196.784,2498.49,0
0.028304097,55.86442874,195.05,3996.295,0
0.021998246,54.34141077,204.554,3584.047,0
0.027159377,50.53744888,199.061,3041.531,0
0.027775092,38.97518927,187.585,3642.121,0
0.032278871,,184.47,3668.177,1
0.026193918,41.85609021,206.439,3436.802,0
0.027499595,57.21893934,190.094,3222.937,0
0.036403868,59.69399126,171.823,4733.53,1
0.024369264,43.03701061,209.641,2393.827,0
0.024989232,40.40791686,204.282,2512.586,0
0.024981124,44.97344012,201.186,3470.839,0
0.021295908,,216.214,1690.883,0
0.022214931,33.34207005,222.014,1960.439,0
0.027000901,49.24124314,198.679,3731.588,0
0.034869401,52.24965165,188.999,3388.17,0
0.013235471,52.58327384,213.242,3380.658,0
0.0229945,52.05427025,206.297,3084.416,0
0.026534754,65.11503637,185.056,4208.656,0
0.024065346,58.98481688,188.725,4204.991,0
0.020045492,46.0951298,203.985,3215.313,0
0.026941851,57.91251697,195.262,3457.839,0
0.019448735,51.5665471,203.442,4028.254,0
0.029178063,37.51706021,214.977,2493.104,0
0.02109289,42.85814233,216.179,2162.891,0
0.029497534,43.47770857,187.671,4374.699,0
0.022362164,45.91647321,211.215,3192.471,0
0.022660191,49.03385139,196.041,3891.854,0
0.027699948,38.23004772,202.727,2375.279,0
0.017959569,32.98321965,215.061,2620.842,0
0.023275327,44.1543002,216.703,2034.172,0
0.030992022,42.18891834,204.918,3064.222,0
0.018612972,49.60925131,204.262,2670.741,0
0.018961362,42.12761182,220.347,1732.491,0
0.025855425,66.24298393,176.327,5078.973,0
0.022053326,42.42349738,208.906,2801.84,0
0.025732217,46.96078541,210.675,2405.729,0
0.018205978,56.42651379,208.023,2988.886,0
0.018370178,61.85388476,203.558,3344.255,0
0.022098667,45.68378024,211.774,2219.105,0
0.039060682,58.63190912,171.108,4516.861,1
0.012248376,50.37301474,206.624,3256.642,0
0.034697395,38.15829871,203.86,2829.049,0
0.020401682,55.81117211,199.942,3078.701,0
0.016797586,,202.163,3060.693,0
0.020185752,50.88144462,203.513,2722.496,0
0.01989195,40.62593318,214.41,2467.208,0
0.034696855,38.24267646,192.26,3338.574,0
0.021072515,44.28803922,212.151,3244.206,0
0.016442665,58.08625107,190.788,4109.035,1
0.033658746,66.35858599,179.751,4108.5,0
0.014726806,,207.864,3088.911,0
0.022204575,61.41061582,193.55,3984.792,0
0.029864416,,197.143,3714.384,0
0.029955757,43.97500485,194.493,4033.153,0
0.030086651,46.47928792,194.689,2987.801,1
0.014103472,43.87529669,215.206,2969.627,0
0.020701713,44.07736507,195.774,4082.492,0
0.018916939,64.43144387,185.14,3776.903,0
0.017972267,49.78856036,213.598,2477.87,0
0.025070602,43.2761187,197.478,5316.796,0
0.017017397,52.42994002,209.618,3027.137,0
0.026800365,51.60374177,205.699,1900.545,0
0.016876823,45.48157319,213.475,2545.566,0
0.023702863,48.92936114,195.884,3291.636,0
0.023661,50.04258405,189.372,4394.299,0
0.014740466,47.46701756,212.457,2858.607,0
0.019837409,39.9851823,216.589,1661.535,0
0.023287586,54.96603857,183.398,4771.899,1
0.038194068,51.89016616,184.744,3122.095,0
0.0242957,57.41781189,199.037,2912.719,0
0.015719305,48.57318852,211.582,3016.168,0
0.007086572,52.52273614,222.599,2142.659,0
0.019025519,49.95385963,210.694,2547.221,0
0.028037686,51.28753709,193.631,2943.215,0
0.031592783,54.99354491,189.318,4081.415,0
0.01727071,61.81446905,209.435,3318.608,0
0.018614883,42.94697854,217.301,2791.698,0
0.019433284,56.3669759,207.1,3001.941,0
0.02778411,56.27007814,183.107,3999.688,0
0.0402517,44.06024352,192.093,2977.3,0
0.023621527,37.67141603,217.306,1935.552,0
0.025596406,55.12241894,197.715,3373.38,0
0.025426872,44.24731617,206.514,2731.736,0
0.034340274,40.30231981,200.408,3112.926,0
0.011523209,52.69994511,205.458,3033.777,0
0.029056938,53.94978172,186.896,3551.349,1
0.028742845,60.72892489,182.015,4021.288,0
0.022732419,49.33926831,192.427,3434.255,1
0.018353587,45.58378985,204.893,2340.027,0
0.021658401,53.14512723,203.211,3162.175,0
0.015226895,55.06271306,211.335,3033.641,0
0.015030875,44.46276743,221.87,2677.723,0
0.020895352,70.27994197,186.753,4581.947,0
0.041071939,65.34531516,168.108,5031.314,1
0.02340353,52.91109603,179.854,4588.924,1
0.034582977,43.23225807,183.685,3958.139,0
0.026939521,34.40159059,216.581,1889.913,0
0.023272415,49.23601541,204.068,2963.145,0
0.031133067,47.37485734,193.522,3017.768,1
0.021399297,42.99912286,210.47,1645.7,0
0.011261865,47.84779335,214.301,2805.665,0
0.033924832,59.15674671,177.097,4028.471,1
0.021401002,56.93745451,193.494,3658.664,0
0.02297853,53.77960811,217.401,3076.47,0
0.042826373,59.17902145,178.695,3139.65,1
0.029054261,55.29020087,201.189,3423.775,0
0.024435005,35.44993785,211.063,2338.202,0
0.018606061,51.90860888,198.784,3002.326,0
0.029386562,47.22055064,186.816,3713.359,1
0.019422035,58.88312778,199.893,3543.542,0
0.025756731,40.5290571,202.773,2888.292,0
0.01156558,50.22519928,214.736,3255.769,0
0.025101873,46.23993025,199.738,3284.843,0
0.022747726,41.91173851,201.823,3184.303,0
0.024216281,53.507709,206.105,2995.557,0
0.023632347,,167.071,5344.988,1
0.025101931,57.41101398,197.748,3239.987,0
0.01499663,55.86168754,207.969,3253.922,0
0.017031832,43.26831878,212.176,2903.806,0
0.024764074,53.861084,196.264,2235.279,0
0.028703128,51.4201698,172.573,4063.086,1
0.017984899,47.10247093,204.075,3100.806,0
0.010288451,56.62969125,189.176,5127.067,0
,53.63625497,210.133,2495.168,0
0.016522769,55.73304853,211.075,3239.39,0
0.023599894,51.10202954,200.985,2632.218,0
0.028211487,49.17369268,199.779,3398.33,0
0.020726105,40.70951836,212.909,2387.402,0
0.016670282,59.79703486,193.668,3918.702,0
0.019654971,53.41415138,182.83,4389.963,0
0.017773563,62.75949459,196.384,5375.865,0
0.01594794,51.41034097,212.943,2673.186,0
0.027917266,43.99699753,213.718,2580.76,0
0.022527487,46.03339797,208.3,2913.271,0
0.02178938,51.62533181,202.93,3094.368,0
0.019224154,38.62617007,195.042,3961.866,0
0.023991797,58.20745705,195.526,3900.421,0
0.023523059,53.98908694,198.212,3289.649,0
0.017533484,47.58655379,204.682,3083.577,0
0.024600049,39.24204203,183.166,4527.424,0
0.028398467,40.42356516,204.892,2711.571,0
0.015819872,43.03574422,216.673,2651.103,0
0.026730202,41.32882968,197.489,3720.818,0
0.038601331,38.40606815,177.954,3166.531,1
0.018816289,64.49627113,186.036,4203.417,0
0.018680701,43.25750182,217.026,2203.578,0
0.016555637,47.90202513,214.55,3292.465,0
0.03279669,61.61670506,189.24,3847.491,0
0.015418806,47.70949275,211.768,3163.059,0
0.023168721,38.23827502,209.033,2429.936,0
,65.69604531,200.749,3949.566,0
0.017925896,43.58848976,212.407,2065.095,0
0.029287176,52.29274838,192.004,3512.868,0
0.046637912,66.66568767,167.446,3754.163,1
0.02800178,29.14107577,209.776,2471.024,0
0.032888893,,197.219,3310.468,0
0.029785579,56.78725159,195.815,3318.421,0
0.028475553,36.95473902,212.801,2229.474,0
0.018648027,56.0892044,201.228,3044.263,0
,56.06982417,187.315,3381.053,0
0.024637249,49.20123701,205.388,2886.05,0
0.021447269,49.73499153,207.277,3339.168,0
0.009706099,47.85898348,217.124,2266.161,0
0.021820763,42.13135602,202.739,3178.827,0
0.020021662,49.36636767,186.488,4085.187,0
0.034189195,63.16266135,172.454,3250.248,0
0.022143179,59.86242951,192.264,3795.606,0
0.02653643,35.02638811,211.232,2387.681,0
0.033090438,57.92609388,187.142,2999.178,0
0.00875091,54.40210457,218.563,3053.049,0
0.030199192,50.82151817,172.772,4799.395,0
0.030597822,51.31750096,195.879,2361.518,0
0.014437181,48.04650465,209.971,3058.574,0
0.028890169,50.07145498,186.896,3528.574,0
0.014861736,59.17481404,202.452,3929.376,0
0.018746676,41.96612379,224.566,2443.523,0
0.026150226,35.80722642,218.743,2285.083,0
0.037013342,66.59561116,176.075,3757.69,1
0.016739777,65.31460327,188.719,4740.399,0
0.025485937,38.94736661,208.085,2925.391,0
0.021539326,41.98153787,209.03,1852.956,0
0.023609688,55.12715327,189.792,4025.368,0
0.018162603,42.76437419,212.243,2413.121,0
0.017332032,61.35570778,198.258,3178.645,0
0.011662038,46.37158738,213.376,2517.391,0
0.023600752,52.12339237,200.502,3511.16,0
0.012095153,55.38183503,200.306,4820.815,0
0.038763801,43.01952713,199.378,2265.892,0
0.026154337,55.29716225,185.099,3531.391,0
0.035009679,49.65487725,188.518,3196.584,0
0.016494321,72,173.531,4910.572,1
0.022451732,44.504572,204.988,2518.977,0
0.017007407,58.52223497,198.434,3456.25,0
0.023314537,31.23369406,216.366,2082.418,0
0.03725119,48.12571438,173.943,3094.047,1
0.028451198,63.50396353,193.324,3087.268,0
0.029572469,55.02519422,200.835,2772.054,0
0.030921313,54.72842781,196.823,2852.84,0
0.013341977,46.33377865,216.975,2477.088,0
0.028041889,53.32532776,195.415,3418.483,0
0.024625664,56.29058935,205.815,2953.116,0
0.016149068,47.55457711,204.856,2957.604,0
0.020888773,30.00055421,218.849,1769.289,0
0.028997982,45.27911638,201.216,2682.965,0
0.019735935,45.72423503,220.428,2200.437,0
0.021876663,51.59016542,203.504,3296.369,0
0.031490458,43.70971103,184.406,3793.691,1
0.030885372,60.99926169,181.338,4016.241,1
0.04052651,44.24842375,151.213,6025.128,1
0.024052893,36.83013049,216.081,2148.058,0
0.022043015,38.92701258,215.42,2241.632,0
0.011367076,53.51178112,207.983,3029.178,0
0.031629361,43.71753926,192.217,2458.359,0
0.027656133,61.99861438,192.135,3630.893,0
0.01966087,34.70547872,214.514,2991.588,0
,48.29130034,173.609,3619.352,1
0.023399036,64.28102242,188.348,3391.092,0
0.013049008,52.63922305,213.351,2714.427,0
0.030338035,49.48811475,193.032,3303.694,0
0.028903223,61.05861957,178.507,3504.544,1
0.026360168,50.23800596,196.507,2536.152,0
0.008758492,49.74732201,216.414,3074.796,0
0.030312583,55.95526987,202.298,3765.629,0
0.017264645,62.16084898,200.98,3922.698,0
0.016531931,56.22347376,206.059,2589.628,0
0.026489135,49.55977627,195.185,3212.968,0
0.024286972,34.16598019,214.8,1941.17,0
0.032472997,50.11511755,178.114,4183.923,1
0.021296756,47.37806067,185.698,4133.314,0
0.013715925,39.65892158,217.918,2053.065,0
0.025339091,62.37147117,194.21,3568.598,0
0.018708603,59.27040689,187.393,4066.97,0
,36.35122448,211.814,2884.33,0
0.031245539,57.95258536,188.281,3679.316,0
0.028222553,41.73203575,209.059,2134.444,0
0.00957604,50.31382342,223.8,2858.046,0
0.034309352,48.10481953,183.724,4203.921,0
0.019347572,42.16484666,220.661,2088.921,0
,61.52861423,191.316,3629.158,0
0.029658872,52.87860533,184.269,4266.66,0
0.015637226,57.60932137,204.533,3009.004,0
0.023019271,63.78471916,192.422,3612.482,0
0.016174768,51.67361994,203.861,2624.916,0
0.023591329,37.33635664,217.531,2162.459,0
0.032367971,44.69627162,197.305,2688.381,0
0.016047265,41.64622388,219.992,2295.563,0
0.029604649,37.15893439,208.526,2321.423,0
0.023971157,,209.473,3055.022,0
0.02154036,50.33483581,197.961,4313.233,0
0.020259415,46.75485894,208.495,2111.995,0
0.025192892,32.78202348,218.138,1856.505,0
0.009894192,64.08704912,204.604,4017.848,0
0.013120607,58.48872206,211.011,3295.818,0
0.031478783,53.28441308,191.205,4280.895,1
0.015370279,,210.397,3342.842,0
0.024660334,44.91812775,209.327,2817.509,0
0.022964274,39.52860419,207.096,2636.824,0
0.016880326,48.90042406,210.398,2531.427,0
0.016812824,38.04675755,222.593,1985.415,0
0.020813897,52.81171889,210.575,3008.715,0
0.025453656,48.47424098,202.495,2840.893,0
0.017692605,56.74149763,174.113,5331.184,1
0.013370855,46.44444381,213.74,3113.24,0
0.021657161,39.99008972,221.448,2406.284,0
0.021032666,39.06229687,213.19,2363.958,0
0.01615791,49.13999876,201.367,3056.148,0
0.02690509,45.04690434,207.752,2547.681,0
0.030087317,60.04326168,191.368,3775.179,0
0.015374763,45.80498666,216.858,3048.051,0
0.036665757,46.67605869,189.315,3182.688,0
0.023956294,54.61508248,201.543,2810.365,0
0.022021795,58.50026813,199.842,3307.719,0
0.012175112,58.79014098,205.86,3349.537,0
0.023784317,45.98943846,197.575,3199.58,0
0.014599128,61.13146543,201.041,3339.232,0
0.019627985,54.9275995,201.534,3293.566,0
0.032789941,67.29553425,177.124,3908.7,0
0.016950894,54.35191691,209.811,3414.799,0
0.0260434,43.14123398,207.401,2800.415,0
0.029189811,49.05129929,194.214,3194.967,0
0.030781361,50.15089477,195.774,3147.798,0
0.021827804,40.97597433,205.167,3284.87,0
0.031240516,50.5165438,181.813,4185.892,1
0.026593384,41.73616619,202.743,3906.491,0
0.010954152,54.25921045,199.804,3826.5,0
0.026635155,47.11185252,206.36,3164.143,0
,46.47491076,209.84,3711.04,0
0.037038946,44.19308766,183.133,3456.291,0
0.020489265,58.7245887,196.369,3309.099,0
0.024521163,53.05570427,199.877,3195.893,0
0.010585638,38.14935951,229.113,2738.398,0
0.018604494,42.70670099,195.812,4380.123,0
0.023162028,51.71450789,207.823,3233.157,0
0.019812068,58.38611501,199.416,4363.265,0
0.02196465,44.03842023,204.243,3313.253,0
0.018060247,59.97941069,199.384,3481.005,0
0.028620226,61.75656557,186.185,3648.2,0
0.024615545,53.56170168,199.439,4067.362,0
0.0319578,59.79517184,187.647,3270.094,0
0.023180967,28,222.325,2185.974,0
0.03602727,39.9073995,194.561,2479.71,0
0.033950474,32.62241488,207.317,2474.782,0
0.026727406,57.76046872,194.66,3246.461,0
0.023262337,37.9764713,216.518,2445.057,0
0.027897089,54.7570898,187.68,3544.058,0
0.022410725,52.60035793,214.598,2772.456,0
0.028200418,52.39078436,206.141,3367.652,0
0.013590581,51.30174988,208.796,3262.087,0
0.031264447,46.06226517,204.455,2378.391,0
0.021375802,53.6246406,176.63,4561.41,0
0.013170488,55.33636438,214.613,2657.591,0
0.015143622,59.16885311,204.682,2611.719,0
0.022374467,52.03352541,206.316,3165.811,0
0.032113899,49.86170046,198.182,2815.509,0
0.013494712,47.95987478,207.342,2901.407,0
0.02531726,36.50427009,211.122,2665.764,0
0.02061046,64.36875717,202.065,2776.429,0
0.022381182,59.80605159,186.257,4502.08,0
0.029012348,55.06560348,196.439,3354.844,0
0.014353676,43.0422611,209.481,3600.596,0
0.022745149,58.2886236,194.011,3847.692,1
0.036319995,54.25786149,191.81,2844.619,1
0.027648089,51.97483143,193.007,2827.917,0
0.0185969,55.22801057,198.817,3581.698,0
0.016973585,45.4913501,219.585,1694.418,0
0.036454951,58.96803526,179.554,3422.124,1
0.022868749,48.25992635,186.197,4374.94,0
,42.18111504,208.844,2132.519,0
0.031314208,30.251759,210.034,2895.021,0
0.024243364,49.89421139,199.548,3419.015,0
0.017001808,45.373259,207.168,3843.957,0
0.019637249,45.67633219,221.43,2204.383,0
0.025168784,52.14094007,197.39,3114.754,0
0.027624794,47.16189062,201.083,2217.008,0
0.024639986,61.54024315,197.306,4000.276,0
0.017668571,,204.902,3499.489,0
0.025344319,55.19004238,192.26,3937.628,0
,49.93428016,208.601,2930.913,0
0.028279027,59.53337148,166.846,4497.442,1
0.032532349,43.97562609,200.548,3675.926,0
0.022307153,66.9456785,193.53,3572.864,0
0.020023386,41.67102826,209.42,2461.84,0
0.0193694,58.50117891,197.982,3285.458,0
0.017418531,56.07240452,213.167,3186.914,0
0.027359739,,195.676,3477.778,0
0.018962006,56.36840494,203.246,4519.223,0
0.033024045,54.59913534,187.318,3962.711,0
0.032649626,46.1763287,208.289,2763.926,0
0.028435298,47.18158683,201.452,3086.49,0
0.036126336,44.1710851,198.099,2782.955,0
0.025118167,55.96502886,196.61,3146.258,0
0.015666012,63.15229052,206.271,3081.024,0
0.011248708,32.45968127,222.011,2665.48,0
0.018569737,62.73772109,202.603,3188.681,0
0.019352006,56.11276831,204.221,2083.766,0
0.024834668,49.45138025,205.888,2752.146,0
0.025284904,66.32394731,183.779,4171.671,0
0.029960309,35.08718374,203.527,2884.851,0
0.020593151,43.20287172,205,2997.202,0
0.029225857,46.05329828,183.738,4747.939,0
0.017412073,54.33084672,204.685,3316.728,0
0.024251364,51.01801624,207.141,1789.141,0
,52.99454582,207.038,2486.388,0
0.021371708,61.03930241,207.61,2369.212,0
0.014471029,55.07249885,212.343,3314.982,0
0.017729645,61.30819481,189.269,5700.863,0
0.023043398,58.28791579,195.066,3667.181,0
0.025826336,44.90014841,203.568,2613.078,0
,,191.443,3872.871,0
0.022090704,43.34286478,210.723,2199.543,0
0.016606633,45.73925599,214.634,3302.584,0
0.031987015,48.31955382,190.663,3106.052,1
0.019424575,54.55309153,207.046,3232.531,0
0.026105019,55.07503724,198.938,3025.296,0
0.027593482,50.28296491,205.977,2775.89,0
0.01998088,40.92745088,204.16,3170.384,0
0.022234545,44.54204963,202.631,2900.535,0
,40.2928266,214.46,2428.513,0
0.020230593,58.8479382,188.093,3822.804,0
0.034788876,43.44456819,198.231,2755.009,0
0.029704452,54.73440815,180.839,3351.658,1
0.013288909,45.04691166,214.319,3305.052,0
0.026549204,53.61784599,195.008,3780.493,0
0.027164836,51.58687334,205.667,2220.645,0
0.0257474,60.47154525,193.532,2803.391,0
0.021942601,44.07386717,206.367,2825.186,0
0.025321582,60.69874581,190.96,3474.879,0
0.022061591,47.54342353,185.971,4229.033,0
0.030481646,55.7958036,183.153,3051.661,0
0.019379199,51.42889473,209.687,2188.698,0
0.024155155,54.53126306,205.496,2246.307,0
0.02752722,50.97905859,192.037,3316.274,0
0.021286111,55.5753493,197.404,2887.308,0
0.012767749,56.91511154,205.933,4025.012,0
0.012677259,37.57185966,225.584,2159.175,0
0.02519189,52.29464696,195.258,2955.346,0
0.018881811,32.52522654,218.247,2942.196,0
0.029118663,49.8979516,195.668,3141.862,0
0.03124306,48.65446364,187.578,2897.728,0
0.023052996,43.71983676,202.613,3366.577,0
0.023811431,48.19421446,201.152,3407.149,0
0.017024618,59.27277155,203.032,3530.87,0
0.021953673,56.31612862,201.342,3192.709,0
0.026622055,53.38643587,202.658,2979.975,0
0.023397092,63.78728606,200.995,2842.855,0
0.019780841,41.12592755,218.886,1874.648,0
0.026034722,61.16617722,187.42,3389.755,0
0.023770558,52.63996283,191.71,3432.045,0
0.034773963,55.71961513,183.107,3621.912,1
0.034007275,62.01884377,175.293,3943.754,1
0.024851879,51.55401723,198.537,3066.975,0
0.030812207,66.43200231,181.217,4151.009,0
0.019268003,,206.557,2331.924,0
0.033606425,47.4525574,203.019,2822.591,0
0.03715349,50.76901752,175.65,4799.349,1
,69.80334512,176.539,5629.389,1
0.018096052,52.60415042,202.776,3558.052,0
0.009203228,43.83307062,224.864,2472.703,0
0.027216791,60.8622204,195.973,3176.809,0
,51.69893222,210.763,2230.95,0
0.038022453,34.25888643,200.767,1804.113,0
0.020208584,52.38727681,188.22,3052.191,0
0.019830441,43.97643361,211.908,2222.142,0
0.01741391,47.72518547,218.412,2752.637,0
0.005,47.23708311,220.7,2969.919,0
0.025702036,28,218.657,1912.513,0
0.030794537,45.42019361,189.851,3752.379,0
0.015389817,51.80262937,223.743,2353.084,0
0.027745902,53.99455655,185.883,3795.862,1
0.015414337,40.11461135,221.147,2075.858,0
0.023318759,51.50497315,198.15,3643.399,0
0.018814322,50.64740187,213.665,3067.968,0
0.025154339,51.22296569,202.669,3568.753,0
0.028366848,54.73701721,192.029,3183.586,0
0.023821306,59.62022054,193.905,2968.471,0
0.028946253,54.58262499,191.224,3568.226,0
0.021797589,45.31829198,210.46,3141.807,0
0.028688511,55.6184223,190.227,3200.341,0
0.018976934,47.99208944,203.931,3074.43,0
0.03342587,39.58722119,198.025,2230.849,0
0.030065153,65.76391972,175.111,5311.409,1
0.030775597,50.36446257,189.766,3347.751,0
0.027639747,46.4592781,192.324,3287.686,0
0.028302757,51.09259614,194.568,3900.809,0
0.022039583,39.09479589,204.503,2181.391,0
,59.26435757,203.66,2446.278,0
0.016301328,44.00483375,219.781,2405.498,0
0.026667439,46.407507,202.375,1961.126,0
0.024598429,56.09173132,199.138,3307.792,0
0.03194332,61.44997263,186.491,3482.787,0
0.029062977,45.39825384,196.108,4412.253,0
0.018351923,53.70359208,200.171,3237.832,0
0.028028127,62.22376943,196.527,3435.295,0
0.012679721,45.89647108,216.543,2682.096,0
0.024793437,46.26835716,203.612,2762.292,0
0.016828742,45.6096803,215.284,2059.786,0
0.021325848,57.12035602,204.101,2879.879,0
0.029771571,51.51640677,192.9,2953.872,0
0.028404298,58.49459482,196.332,3780.53,0
0.017619421,52.49653139,208.114,3271.558,0
0.012036152,42.05211252,221.515,2414.898,0
0.023320864,49.42222702,205.721,3887.135,0
0.03224133,60.38641973,184.405,3158.236,0
0.01676016,39.71854326,203.43,3402.804,0
0.024389926,52.87589916,204.34,3446.164,0
0.017719641,51.65925188,213.187,2567.174,0
0.026425346,44.75815105,201.972,2305.326,0
0.023361395,57.17053453,196.477,2469.848,0
0.021311045,59.49496359,194.249,3903.126,0
0.030464069,55.2426078,181.325,4004.045,1
0.016670375,67.05284245,198.422,4153.413,0
0.015054865,69.25860577,194.533,4318.114,0
0.034481803,54.49113955,186.487,3254.925,0
0.006809754,44.11842849,225.632,1401.288,0
0.009287928,49.04455146,216.664,2871.182,0
0.023038268,62.1030934,195.87,3198.028,0
0.029305902,41.40690122,204.221,2578.873,0
0.016448377,52.75320173,202.013,2575.051,0
0.019334801,45.60738559,215.326,2552.082,0
0.019655627,51.27132229,198.494,3279.346,1
0.016914635,53.81959683,210.054,2662.668,0
0.026372596,34.23018085,217.969,2374.843,0
0.022800773,50.73993929,208.438,2727.311,0
0.020292054,35.18444518,218.452,2364.516,0
0.025835101,,209.221,2416.489,0
0.017237952,63.4339959,208.499,3328.107,0
0.009979012,42.98182047,222.379,2876.945,0
0.021480199,,202.136,3968.987,0
0.015799562,43.8136343,216.884,2696.788,0
0.035972471,50.07964469,190.056,3653.03,0
0.024673927,47.52547518,197.53,3102.974,0
0.021079324,44.71138136,192.326,4316.812,0
0.022264903,46.72506456,204.896,2924.21,0
0.027897201,46.6387607,199.701,3270.648,0
0.022871426,48.680066,207.365,2314.367,0
0.01232565,48.72643012,222.556,3621.341,0
0.036152164,49.49375257,187.101,2952.21,0
0.031913502,37.69606045,203.66,2818.216,0
0.029366243,47.46130308,203.379,2826.016,0
0.030612637,35.77863951,212.067,2534.526,0
0.032679412,36.53771636,205.4,2356.243,0
0.021176296,42.45563844,213.798,3080.417,0
0.030754341,50.59812333,198.991,3038.547,0
0.035394561,30.82611384,208.116,2112.254,0
0.022600806,35.10178426,216.471,2319.312,0
0.03314845,42.96722221,204.492,3066.534,0
0.027783068,43.8573079,199.795,2667.04,0
0.028728911,46.50582715,204.859,2436.814,0
0.005,33.45058437,230,1443.546,0
,51.44696181,208.321,2730.699,0
0.015313446,52.18686195,209.066,2723.116,0
0.020119812,71.4302078,195.61,3534.957,0
0.030291428,43.22226434,205.513,2512.87,0
0.030673553,37.76157208,211.823,2628.076,0
0.028724549,55.68247322,193.941,3189.115,0
0.018804643,49.93000483,200.68,2612.279,0
,42.84947605,218.1,2699.943,0
0.033430344,54.24450499,190.075,3683.052,0
0.014586732,60.47584272,208.385,2708.867,0
0.014438989,63.92213142,204.231,3964.841,0
0.023430903,51.34934133,195.46,3444.492,0
0.01920615,45.10649571,187.327,3760.127,0
0.030085234,55.83213802,184.086,3430.012,1
0.01730607,41.51445995,208.202,2314.099,0
0.024165866,49.73898382,207.843,3288.828,0
0.041125459,50.80810112,193.412,3517.206,1
0.024374271,49.36820655,206.353,2939.832,0
,62.87706962,179.894,4669.611,0
0.019453444,45.535304,202.843,3014.16,0
0.015196332,46.27461363,215.184,2301.351,0
0.028886812,60.1698484,166.932,4701.918,1
0.027446307,34.26486199,209.754,2338.462,0
0.022663282,41.64635079,206.99,3085.664,0
0.027448824,54.07411994,195.733,3360.269,0
,46.22384309,223.063,1693.169,0
0.020786403,57.87442124,213.626,2873.394,0
0.023184199,54.95883184,189.735,3009.823,0
0.02060104,57.48016153,202.678,3308.705,0
0.026547643,54.23532515,190.994,3296.921,0
0.030958534,54.04045077,192.003,3060.145,0
0.005263213,55.90298073,212.222,3572.077,0
0.019590958,51.05395088,206.37,2424.869,0
0.020476625,40.96860515,189.327,4116.805,0
0.020456356,60.95700695,197.705,3125.662,0
0.019685121,47.59117124,205.386,3220.375,0
0.014231609,57.65441016,209.589,3507.227,0
0.024164847,52.84763744,208.236,2409.61,0
0.02558675,56.71517374,185.777,3881.112,0
0.035812027,45.70331104,195.643,3590.645,1
0.030122482,50.33288279,184.452,2872.46,1
0.022491981,40.39055902,209.991,1969.629,0
0.018732778,62.15266941,200.01,3918.432,0
0.013898614,58.25610478,196.979,3786.723,0
0.032516476,34.93337279,203.265,3110.3,0
0.030760443,36.87051816,201.484,2781.367,0
0.020579034,51.57787102,194.465,3983.913,0
0.021836378,54.63847875,177.555,4682.341,0
0.03022238,38.24800495,206.171,3067.275,0
,54.48238675,193.639,3440.33,0
0.017596455,50.71141496,204.303,4441.433,0
0.027787099,46.40266769,202.715,3088.611,0
0.018579782,47.98258989,206.987,2857.536,0
0.032045679,52.78961598,198.876,2806.978,0
0.029888164,51.7147286,190.991,2711.24,0
0.038208228,53.28818134,183.419,3784.258,0
0.027044156,33.48508792,196.699,4815.027,0
0.026063023,45.42000659,197.86,2626.113,0
0.023765517,65.69161459,195.918,3589.654,0
0.018423201,49.22387474,200.984,3455.124,0
0.032107599,53.54644193,180.207,3968.24,0
0.009925984,42.47911279,203.272,3200.494,0
0.021247722,55.15811976,205.871,3304.719,0
0.030941188,54.55164485,189.245,2806.135,0
0.02146273,46.38963463,193.849,3780.057,0
0.020517367,43.74139175,203.968,2938.261,0
0.020713569,,210.28,3227.018,0
0.024895419,48.96219985,187.468,4001.73,0
0.022657355,57.31443301,211.133,2954.607,0
0.027145509,44.98323253,198.463,3349.68,0
0.018834369,47.7176147,216.864,2265.432,0
0.022908566,53.2031552,201.168,2453.695,0
0.027490037,53.34367284,193.68,3630.375,0
0.025430103,,197.263,3547.588,0
,50.74928678,207.474,3150.176,0
0.018742745,43.95997582,207.043,2673.578,0
0.022154795,40.01969232,217.008,2744.889,0
0.028189407,43.95112286,184.447,4388.068,1
0.026732833,29.91256908,218.976,2832.669,0
0.008170461,45.48282827,229.982,1940.812,0
0.024365464,45.97426349,196.048,3577.122,0
0.02759393,48.31247419,192.415,3454.775,0
0.023926291,41.37599583,213.846,2083.419,0
,41.91991471,218.349,1691.848,0
0.020663909,61.04433753,197.815,2962.471,0
0.025301186,50.95701613,197.958,3859.622,0
0.025239439,70.94538739,185.718,3857.579,0
0.023342232,60.17348157,201.321,2945.699,0
0.034386175,42.2966889,198.26,2546.108,0
0.027334621,58.65179139,190.633,3459.68,0
0.026713164,52.65747973,200.048,2634.878,0
0.029484344,46.69814832,198.643,2802.381,0
,58.29436346,167.42,3445.221,1
0.025505174,40.17461564,196.156,3388.472,0
0.033928563,51.29124676,200.851,3315.379,0
0.017730877,36.91405369,227.181,2537.956,0
0.025103693,59.6565831,196.26,3600.08,0
0.023739018,50.24430644,212.629,1837.871,0
0.009672124,53.04621548,203.8,4047.455,0
0.021953579,53.42868933,201.483,3358.784,0
0.020271097,59.04779542,210.502,3673.117,0
0.020111313,45.29025515,214.648,2926.526,0
0.027274466,56.56340503,199.284,3541.989,0
0.034375221,55.29765711,188.374,2784.894,0
0.029225665,53.86725853,185.885,3752.803,0
0.017366499,55.35803277,207.156,2605.101,0
0.031177482,47.13651797,188.199,3178.64,0
0.023606973,44.33571774,216.292,2382.916,0
0.033762374,44.40017852,167.883,4672.558,1
0.043392918,44.93049613,182.6,3287.968,0
0.020897596,51.16577142,193.964,4169.265,0
0.012147329,39.03598348,227.276,2820.01,0
0.022959317,45.52890302,203.806,3920.325,0
0.020659898,57.28566011,205.622,3322.631,0
0.026662284,56.35631775,198.234,2668.054,0
0.019270163,58.23543661,204.576,2946.395,0
0.024985828,47.38869912,215.23,3209.302,0
0.02728995,43.87243248,203.499,3935.55,0
0.030436205,44.63095143,194.747,3213.024,0
0.034262474,43.66842993,198.173,3355.945,0
0.030694177,48.13385433,194.796,3210.689,0
0.009985725,58.32260986,217.416,4024.798,0
0.024035874,54.16940601,208.919,2777.112,0
0.027454303,52.21240686,196.642,3324.995,0
0.017699328,46.71322456,213.44,2759.358,0
0.023540488,66.89223465,192.941,3838.9,0
0.016457255,58.74193053,200.661,3168.39,0
0.037741745,50.55884392,194.249,2992.698,0
0.036166267,55.36088556,190.591,3188.564,0
0.018590453,51.07836483,209.372,2306.164,0
0.035452098,54.1279539,180.302,3601.394,1
0.030605431,52.20458319,180.324,4127.606,1
0.028798004,58.07517057,191.538,3888.931,0
0.031992527,58.45545425,173.777,4235.462,1
0.017746468,50.90457889,208.718,3012.118,0
0.036400125,47.38716963,183.404,2634.671,0
0.025643462,48.77357028,194.333,3289.738,0
0.022650648,,200.05,3337.397,0
0.029833219,,178.732,3931.97,1
0.013832912,38.2713459,216.788,2269.092,0
0.035189284,72,183.095,4319.456,0
0.021383455,43.21343688,201.756,3552.027,0
0.034247152,56.65073096,184.731,3906.134,0
0.017041944,51.92311058,211.971,3350.696,0
0.02852836,58.83219109,192.639,3339.824,0
0.025103419,57.70512779,195.977,3308.487,0
0.022937519,46.30345963,206.211,2175.636,0
0.02082774,54.24868767,181.943,5108.525,0
0.021595311,45.70370453,213.121,2273.877,0
0.016179953,54.69170778,210.541,2758.708,0
0.019663102,42.27799585,212.159,2257.306,0
0.027423874,48.94574542,196.577,3876.505,0
0.027556724,48.54032312,201.915,3714.834,0
0.032407,,184.168,3694.438,0
0.017583905,50.60837694,210.07,3099.45,0
0.019262391,55.35046806,200.098,3285.832,0
0.019858275,39.31786022,213.36,1917.631,0
0.019910326,46.79770696,205.057,2780.476,0
0.027761832,40.11407335,208.885,2169.943,0
0.027953296,46.20957458,202.639,2899.233,0
0.031684896,67.26898982,177.18,3886.262,1
0.020396443,49.91628165,201.739,3703.503,0
0.029074629,41.29209741,196.017,3379.444,1
0.015127914,46.33159392,211.447,3229.08,0
0.011722884,60.26209482,205.911,3911.036,0
0.022448829,40.88700625,216.593,2897.654,0
0.038300009,28,188.019,2279.767,0
0.032159193,45.89304985,199.967,3253.113,0
0.036550256,48.11912681,185.061,3058.174,0
0.025886302,50.07099817,200.626,3149.163,0
0.022834898,50.00071225,202.215,2733.253,0
0.021039821,63.96276015,164.297,5808.735,1
0.023132907,52.19778919,199.688,2929.3,0
0.027258802,53.19900548,190.147,3617.108,0
0.016692671,65.86077628,196.239,4257.843,0
0.020030487,34.50091908,219.115,2639.107,0
0.015044137,50.39796201,193.802,4329.061,0
,48.0922605,197.476,3681.527,0
0.015629658,58.30678403,212.34,2836.646,0
0.01668244,41.98609005,222.873,2661.185,0
0.012123058,53.7110664,207.978,3119.316,0
0.022582886,52.16651326,202.996,3372.053,0
0.02485654,57.83614081,187.974,3235.683,0
0.021718945,58.9056648,199.297,2873.329,0
0.024328612,61.82627672,187.03,4416.954,0
0.028593854,49.04010264,191.424,2896.69,0
0.023601113,51.73857302,199.472,3457.792,0
0.023402023,51.04491518,201.136,2686.332,0
0.026607471,53.26231205,171.341,4275.833,0
,52.4526203,212.453,3097.412,0
0.013612101,40.16163741,229.033,2363.884,0
0.028613889,49.48015215,205.495,2634.217,0
0.015719896,48.81012327,200.04,3331.06,0
0.023425099,57.04128307,202.512,2452.768,0
0.029748869,51.94628372,201.808,3298.469,0
0.035940076,53.74142702,185.645,3052.806,1
0.013165517,47.73916119,209.577,2743.454,0
0.033101625,38.96953014,192.77,2835.774,0
0.0237322,51.05205564,205.818,2818.508,0
0.034929158,37.73860435,161.092,4266.69,1
0.030388282,56.56443952,191.802,3357.897,0
0.026929154,52.63987274,192.784,3195.302,0
0.016332064,45.17057461,213.596,3160.707,0
0.030655388,46.62367652,202.483,2794.025,0
0.017058981,57.79751311,203.292,3622.104,0
0.015914795,42.60320206,221.101,1956.646,0
0.029009932,48.35915196,187.444,3128.816,1
0.034041042,45.59134554,201.806,2347.7,0
0.031058222,32.74484091,205.561,2495.869,0
0.029002911,52.64308396,192.767,2719.739,0
,59.26140128,197.588,3994.304,0
0.02088316,44.58110531,208.071,1949.593,0
0.021092272,46.87246776,204.56,2099.306,0
0.021553796,65.21357558,193.038,3368.288,0
0.022310213,59.06101859,196.082,4076.368,0
0.02398502,41.17418588,212.202,2832.35,0
0.014188854,37.45507089,209.385,3723.146,0
0.022539939,47.29916999,193.58,3251.173,0
0.018480182,36.85612352,221.703,2820.13,0
0.035440391,52.96512718,194.158,3208.325,0
0.010780223,58.64334774,214.864,2973.05,0
0.033871687,41.37897474,195.005,2380.316,0
0.025660855,42.5267451,213.882,3016.687,0
0.023538826,43.14670356,208.939,3646.051,0
0.034499304,46.55772223,190.587,2987.245,0
0.026049615,42.55815943,206.956,2285.463,0
0.02404269,41.5085608,205.972,2704.373,0
0.029675878,34.27601302,217.698,2243.79,0
0.028259342,53.90227717,193.967,3942.232,0
0.023987218,49.64815416,197.74,3721.908,0
0.032522441,61.07284677,179.162,4854.345,0
0.007354555,43.64594124,218.606,2656.413,0
0.035842553,59.26535972,184.077,3193.162,0
0.031143087,46.29854969,183.878,4082.544,0
0.027267444,72,179.703,3875.806,0
0.026225237,57.98135291,186.625,4653.166,1
0.018533335,49.06459167,207.767,2791.009,0
0.024586916,64.73799805,191.338,2772.64,0
0.020427295,50.46783538,216.307,3055.893,0
0.014154095,58.67987628,205.531,3309.237,0
0.01870135,54.64067334,213.91,2910.852,0
0.011639036,60.55446919,201.419,3772.056,0
0.01792143,48.34902057,208.473,3150.854,0
0.024965768,60.21403852,186.175,3856.761,0
0.021416157,56.07036985,207.441,2639.8,0
0.024975143,50.06259835,208.933,2290,0
0.005,43.65977061,220.449,4390.037,0
0.014284282,40.31531868,220.125,2474.865,0
0.032423969,38.75782842,203.905,2435.412,0
0.009097696,53.41310254,209.021,2758.072,0
0.029120009,59.94470886,190.679,3113.289,0
0.022487888,38.47013333,201.303,3533.95,0
0.035933588,65.4888224,176.455,3277.334,1
0.033519423,40.03124264,200.118,2964.078,0
0.026138483,49.42243571,199.443,2481.114,0
0.024505538,58.59175633,194.46,3253.007,0
0.020121997,51.17599527,200.047,3525.956,0
0.025942881,45.49521835,204.871,3805.829,0
0.013946613,43.62316453,215.038,2645.397,0
0.033641663,54.19382629,185.58,3570.756,0
0.034297073,50.56956495,198.153,3628.358,0
0.030412081,44.89524426,197.859,3057.196,0
0.016156169,48.10012606,215.62,2509.509,0
0.014055768,62.56200699,196.012,3694.401,0
0.032199621,41.08737124,194.131,3478.215,0
0.01731325,,206.985,3304.285,0
0.031987123,55.06510719,185.664,4220.524,1
0.028344622,54.23347993,191.854,3586.512,0
0.016301109,52.6214695,209.323,3713.115,0
0.02004971,39.3991169,211.378,3194.329,0
0.029826432,47.62851195,203.974,2889.13,0
0.00929948,52.58766796,222.056,2624.795,0
0.015737797,48.4853099,207.896,3152.883,0
0.019107225,53.79227464,204.249,3421.444,0
0.01820305,47.71328232,206.215,3674.044,0
0.024702055,52.17403081,204.546,3507.075,0
0.023045417,50.93783465,195.048,3576.277,0
0.019620976,58.25914313,208.161,2891.572,0
0.01935421,62.3303732,184.855,3280.016,0
0.016754792,60.24790143,186.328,4074.446,0
0.0276245,59.38948841,194.765,3558.436,0
0.018520722,68.60953709,198.414,3152.517,0
0.026928944,49.41571848,201.693,2628.255,0
0.027066181,50.46469125,200.092,3339.901,0
0.028552202,42.23248622,208.235,2225.171,0
0.023185516,51.57583844,205.692,3322.914,0
0.021460412,50.02012253,209.051,3347.33,0
0.008260289,51.30369697,217.789,3397.516,0
0.02309131,52.69039371,200.346,3547.94,0
0.022335004,50.4513189,193.357,3293.461,0
0.01691237,50.80367417,210.003,2362.263,0
0.026655718,56.3171814,191.692,3372.217,0
0.037720724,50.48188938,184.545,3054.564,0
0.028362052,50.22776633,195.601,3587.081,0
0.03378982,41.0218873,187.111,3786.742,0
0.021909134,40.24944723,206.606,3582.026,0
0.014246664,59.96715346,193.838,4000.951,0
0.025361964,48.55866362,207.906,3329.878,0
0.015882264,50.50674523,197.664,3417.615,0
0.024395306,42.51980581,205.297,2470.436,0
0.025605931,53.64440278,204.244,4219.395,0
0.028057148,46.66340958,203.562,2663.542,0
0.034765454,50.58100683,190.939,3157.901,0
0.02460944,49.87494308,203.752,2693.084,0
0.029157057,66.61999866,178.259,3841.953,1
0.03150683,55.78082157,191.328,4036.902,1
0.023095064,51.13624823,206.56,2933.227,0
0.025727195,50.86409444,187.791,3674.123,0
0.029851886,58.36326092,183.918,3260.076,0
0.025771604,35.14647805,208.296,2461.32,0
0.026019768,45.79664272,200.617,2770.829,0
0.023843075,49.94984821,201.337,2983.544,0
0.020272302,38.20457498,204.256,2662.217,0
0.024987005,60.44195627,191.846,3352.715,1
0.02614853,37.94212352,217.203,2455.012,0
0.033394327,43.3339278,196.289,2355.765,0
0.031301154,49.61467854,204.813,2170.738,0
0.028800327,48.884778,196.8,3096.068,0
0.028388274,46.05928034,200.377,3122.292,0
0.025891644,48.16287805,189.531,3512.414,1
0.029055124,52.81300799,195.496,2866.12,0
0.02490172,50.19246162,208.358,2536.198,0
0.017828134,60.72045292,205.308,3664.318,0
0.016623564,48.23019479,210.187,2827.664,0
0.033273585,64.78439033,180.501,4396.168,1
0.027293653,50.48543278,197.665,3105.418,0
0.014196283,51.47721766,212.237,2721.024,0
0.032705597,49.69078257,198.853,2765.129,0
0.01194701,43.40580208,227.563,2904.133,0
0.021894023,56.10626037,205.911,3084.774,0
0.027541612,38.63684915,210.118,2687.134,0
0.032476936,39.82077714,195.489,2976.981,0
0.023002398,51.88806503,201.849,3495.042,0
0.027552956,38.75906766,217.237,2480.043,0
0.022953981,48.14736577,207.966,2726.18,0
0.02571428,64.35452692,179.17,3722.408,1
0.028477405,46.52557389,191.597,3565.72,0
0.02645716,49.81840376,192.155,3200.505,0
0.017921266,36.21773503,220.061,2341.916,0
0.028184307,51.44040377,201.976,2786.357,0
0.027964568,40.18944929,211.117,2198.89,0
0.037533334,63.85059529,167.548,3513.121,0
0.022108742,43.5081401,211.481,3454.35,0
0.022914195,47.09763533,190.173,4155.866,0
0.025912494,55.43483343,199.077,3587.713,0
0.027230735,56.73640535,198.237,3504.864,0
0.025522322,39.92773967,211.581,2503.338,0
0.034551245,46.4173227,199.003,2525.455,0
0.027363589,,200.142,2551.831,0
0.029666101,48.3475833,194.545,3395.825,0
0.015814633,56.34985864,193.402,3587.926,0
0.011595821,63.70939391,202.137,3881.431,0
0.03720773,56.92290367,162.706,3009.261,1
0.023478998,44.10392429,213.16,2720.677,0
0.019649223,44.72353685,206.106,2963.079,0
0.030745051,52.04322489,192.347,3605.68,0
0.017890015,47.824594,206.364,3342.671,0
0.018112893,45.0777351,191.987,4134.162,0
0.033508473,32.86997849,202.656,2294.454,1
0.019764863,47.29682331,195.181,3946.525,0
0.028180569,49.281766,194.243,3153.26,0
0.013217217,65.41918203,206.905,3747.141,0
0.018579652,64.93979178,196.838,4722.303,0
0.031291013,,204.63,3450.648,0
0.028647605,51.00522779,198.788,2507.69,0
0.01370041,42.40809729,223.618,2583.142,0
0.012985625,41.90617017,219.068,2139.564,0
0.031564068,58.20446685,184.092,3080.713,0
0.024730213,,207.044,2724.802,0
0.032786376,45.35670911,199.581,2944.732,0
0.012984691,51.9492218,198.38,4313.802,0
0.032028317,48.24407788,195.03,3630.817,0
0.023582866,40.97125164,202.823,3184.922,0
0.030693499,47.7231737,191.58,2748.336,0
0.022276707,47.07956526,184.032,5588.742,0
0.027225179,47.18893553,190.174,3300.295,0
0.027099484,40.88178195,210.465,2613.278,0
0.025591549,53.65951213,193.494,3888.422,0
0.016012475,55.77522227,188.689,3794.188,0
0.005,37.14239495,230,1437.341,0
0.026765015,49.22096066,208.368,2699.496,0
0.019594847,44.60314554,203.669,2911.726,0
0.028907428,55.99298538,187.707,3659.131,0
0.023373746,37.50930725,212.998,2460.717,0
0.022552545,54.41552814,188.941,4255.231,1
0.032119277,45.46175861,199.742,2605.272,0
0.01979729,56.11649338,205.986,3694.054,0
0.024650462,55.77129899,205.505,3150.128,0
0.030615535,44.747998,184.152,4202.676,0
0.019328803,40.81065307,199.042,2914.456,0
0.019422399,50.41458662,208.647,2451.903,0
0.02581351,45.2012714,204.638,2675.648,0
0.03284495,46.46841698,194.057,2743.177,0
0.024743711,41.74184572,203.851,3186.08,0
0.031077202,43.36685091,195.985,1915.105,0
0.042387505,59.52039343,181.542,3773.333,0
0.031741158,54.73485856,184.495,3513.129,0
0.034152298,,183.285,3687.474,1
0.02188061,41.22532251,209.488,2567.073,0
0.018555019,51.76879237,208.766,3078.996,0
0.025119271,31.47776258,212.397,2547.669,0
0.022654753,62.37317747,187.521,3875.137,0
0.021567635,62.11858625,200.348,3860.715,0
0.021218129,56.33930258,209.519,3496.156,0
0.021942091,42.84796428,210.584,3033.728,0
0.027415508,50.66043231,208.74,2684.257,0
0.036388604,59.18064372,184.814,3193.139,0
0.023644949,36.20206006,199.749,3338.79,0
0.028752808,43.7325849,214.9,2213.241,0
0.028948739,45.30863445,206.143,2728.73,0
0.021373033,46.1306915,211.765,2410.698,0
0.029174284,45.1547156,190.595,3297.161,0
0.014653674,47.84687641,209.969,3344.395,0
0.028100338,54.21365356,186.194,4827.789,0
0.039659169,49.679409,195.105,2553.385,0
0.026840967,35.45536493,202.678,2351.641,0
0.022658774,33.2289645,210.977,1796.701,0
0.024346487,51.17013536,206.732,2309.123,0
0.021422438,47.00060265,208.48,2973.885,0
0.025025273,42.51637483,188.597,3360.289,0
0.012497772,50.15069103,215.274,2978.347,0
0.0274497,48.24671808,203.737,3649.669,0
0.019120454,52.31984399,211.801,3050.971,0
0.028829111,43.72082689,197.805,2717.027,0
0.015192643,57.21585036,209.379,3056.657,0
0.039892262,54.70138576,176.631,3676.94,1
0.022190186,,198.219,3160.247,0
0.015868753,58.48813301,198.995,3065.038,0
0.021410982,44.95705883,212.764,2987.526,0
0.018097148,,208.645,2980.162,0
0.026085375,50.10742732,213.147,3103.516,0
0.017507521,44.55478629,219.47,2434.559,0
0.020421429,45.76738639,206.031,3030.534,0
0.021633404,52.16585487,192.162,3800.185,0
0.045848248,56.29284283,179.17,3874.077,1
0.032782713,52.95660112,193.869,2966.524,0
0.027326313,34.36025165,183.664,3870.416,0
0.025865524,56.17104421,197.817,4039.831,0
0.024844901,34.99159303,203.827,2656.432,0
0.019829895,49.05747756,208.854,2928.841,0
0.027281886,62.68951606,185.784,3007.431,0
0.032225648,53.0605655,181.549,3578.715,0
0.043242036,44.1125468,189.051,3414.74,0
0.022278158,67.77593831,190.48,3765.158,0
0.016946455,32.57849906,221.476,2897.875,0
0.018816784,44.73039867,192.063,3966.839,0
0.024694309,62.01961535,191.893,3473.012,0
0.032606106,32.13787729,206.485,1767.042,0
0.023538756,,216.462,2013.81,0
0.038712243,49.21848575,194.752,3159.823,0
0.025094018,56.99794435,197.109,3979.246,0
0.034225877,45.34641551,203.85,3256.39,0
,53.31111192,208.636,3676.174,0
0.017498699,67.32136665,198.747,3638.215,1
0.016042045,41.82378509,216.943,2781.338,0
0.026566902,48.59457681,198.872,3105.23,0
0.03123445,43.87933843,187.583,2921.771,0
0.015535416,,217.651,2216.753,0
0.024638585,33.79338593,220.482,1593.13,0
0.026047079,48.89511451,196.459,3224.029,0
0.036479886,50.50177533,187.516,2824.505,0
0.026910213,49.80594864,200.575,3115.33,0
0.015166649,,205.596,4236.302,0
0.033544126,51.1583031,191.485,2634.281,0
0.016565235,48.06491575,210.212,3645.561,0
0.026378545,34.24009165,208.632,2489.927,0
0.010096842,50.33140008,218.461,2632.428,0
0.029049189,45.55502832,197.569,2947.619,0
0.017654067,38.20369495,215.273,3101.625,0
0.030035875,47.87709302,202.384,2724.29,0
0.018859359,57.79629288,198.664,2749.635,0
0.029454306,37.1099157,205.247,1884.673,0
0.013468642,53.61929694,217.39,2885.416,0
0.024047907,44.09955884,210.368,2717.402,0
0.017498737,44.48936246,220.052,1968.459,0
0.01886519,37.89488519,224.084,2398.22,0
0.029716326,35.03919224,211.674,2124.879,0
0.011272843,46.93509109,215.076,2840.117,0
0.025460363,62.28522065,200.064,2990.462,0
0.032073515,48.56727231,183.302,4162.972,0
0.034011501,,199.842,2473.151,0
0.033938858,60.64747007,182.491,4148.913,0
0.009952461,44.29318042,222.474,3095.898,0
0.014723052,45.7436149,212.329,3016.53,0
0.02980571,50.23917766,194.512,2984.857,0
0.033523087,58.49841601,193.654,3217.304,0
0.02038316,53.05138654,185.234,5170.969,1
0.017637089,53.52141301,198.556,3058.833,0
0.010753097,54.34021272,215.653,3145.925,0
0.022912211,44.99512545,210.036,1702.162,0
0.029759084,44.28854833,197.945,3045.071,0
0.030551273,54.25536441,199.603,3512.263,0
0.0338687,49.94086962,167.319,5719.449,1
0.022560891,46.10607443,207.463,2473.119,0
0.013826189,43.08032405,216.21,3596.435,0
0.032237476,42.30979211,199.859,2555.579,0
0.028465404,36.99445915,186.577,3560.366,0
0.03191919,56.44005987,192.505,3108.173,0
0.031395196,50.81675482,186.992,2788.467,0
0.02096475,50.52197702,205.182,3350.309,0
0.025800323,54.09764811,194.856,3109.462,0
0.015492926,47.57873439,204.419,3036.809,0
0.021984115,57.9068934,192.386,3226.471,0
0.025271873,60.4829512,184.697,3985.103,1
0.022327084,50.84688123,209.601,2973.945,0
0.032936711,56.41668699,185.32,3574.394,0
0.0264695,45.00710933,206.182,2426.656,0
0.018270058,57.1384679,199.568,4039.873,0
0.036466632,49.13519929,187.328,3258.262,0
0.022588125,55.17379502,198.773,2966.618,0
0.022584869,55.39470459,205.745,2936.948,0
0.027704834,52.9488017,186.714,4219.612,0
0.039887167,60.23409596,172.092,3666.764,1
0.031327025,55.08920128,189.911,3440.112,0
0.017766719,50.78520684,198.251,4245.587,0
,53.52941127,205.662,3556.052,0
0.018784723,49.12618935,207.618,2619.351,0
0.023586673,69.83522762,196.122,3328.621,0
0.02725732,35.96306822,208.924,3123.463,0
0.022509346,45.71398252,201.602,3567.52,0
0.026372569,50.10209983,201.11,3516.191,0
0.023632948,60.37091038,192.924,3673.669,0
0.034763111,52.46809457,174.646,4584.654,1
0.033045532,58.17030211,192.497,3891.379,1
0.035784366,65.01227099,179.087,3047.038,1
0.038339286,45.52704545,189.336,3528.982,1
0.035765528,,197.589,3052.91,0
0.02630903,45.59944713,209.722,2188.028,0
0.022695196,47.08047629,210.108,2827.327,0
0.031122422,52.53180571,200.105,2963.224,0
0.023403324,48.73783389,203.882,2921.429,0
0.023543749,43.25163146,211.622,2385.067,0
0.022606671,57.41316739,202.593,3100.852,0
0.021611816,61.47027164,196.652,3041.499,0
0.029449338,54.14809322,194.726,3197.733,0
0.021058269,44.22195747,194.456,3669.792,0
0.01737896,53.22094943,211.141,2522.418,0
0.033053995,52.77126501,198.038,3242.001,0
0.021727765,,209.709,2377.266,0
0.03934694,33.65704528,193.571,3161.278,0
0.026160602,46.61225517,205.038,2612.647,0
,48.3661184,205.044,2685.751,0
,61.68650849,177.632,3655.862,1
0.016637318,49.10238332,207.152,2404.619,0
0.033122634,53.1102271,181.85,4103.441,0
0.015540239,38.54928841,215.99,3460.802,0
0.025969764,48.49386099,206.794,2547.22,0
0.023840614,45.7690365,195.118,3126.009,0
0.029776477,42.12780958,198.286,4511.618,0
0.022663308,48.12262248,202.823,2893.529,0
0.016309428,46.02114616,215.726,2978.156,0
,,197.156,2253.629,0
0.014285011,46.09336461,213.696,2865.99,0
0.016417407,45.68960534,221.72,2472.434,0
0.021740856,67.43911447,204.307,2850.592,0
0.03229405,49.47182636,195.591,2889.148,0
0.020316809,28,226.047,1120.758,0
0.04138451,59.17873938,180.475,3513.121,0
0.020580614,41.47482612,194.358,3639.96,0
0.028476098,48.57876216,200.398,3543.751,0
0.012499232,51.04964757,203.072,4110.362,0
0.021280425,51.45305969,203.327,3571.759,0
0.025897072,48.97248625,204.598,2624.194,0
0.032463698,42.80074633,192.556,2272.459,0
0.016580562,49.04447383,210.063,2362.113,0
0.027887063,39.06902362,193.731,2903.514,0
0.015135997,63.7471117,195.978,4323.857,0
0.018095233,54.24794623,207.403,2744.753,0
0.026486499,42.56419982,204.755,3187.933,0
0.024166718,62.73503709,193.783,3511.784,1
0.026446484,36.89685227,200.724,3610.261,0
0.027549686,45.35808544,204.81,2182.581,0
0.02446,41.77835837,196.852,3260.881,0
0.013521111,57.15158657,197.558,3919.055,0
0.023163122,42.26273187,212.635,2327.184,0
0.021392312,51.21754305,198.585,2707.68,0
0.030760453,64.96722236,178.161,3839.53,1
,55.0352129,201.612,2789.143,0
0.033488717,64.24664439,177.86,4190.234,1
0.024701354,52.96722036,197.887,2826.031,0
0.022961312,39.10678224,189.471,3690.551,0
0.020681544,58.17574951,196.919,3389,0
0.031050856,58.1252485,187.809,3520.334,0
0.033878604,45.04383485,181.946,3468.999,1
0.010335707,37.31892074,230,1860.438,0
0.021426677,55.28542569,193.341,4911.724,0
0.02108523,46.5549972,215.137,2463.614,0
0.034489826,64.75443339,183.145,3367.629,1
0.027683431,50.41475911,200.965,3661.977,0
0.027273232,49.42668756,196.214,3195.148,0
0.01665734,53.82914932,205.834,3015.222,0
0.022737327,56.71428287,200.175,4297.91,0
0.019815045,54.39979165,203.716,3201.612,0
0.028988392,51.23602599,199.976,3219.683,0
0.033513443,54.46473242,186.819,4298.603,0
,49.17677463,206.03,2678.428,0
0.037884202,49.34226565,169.389,3137.901,1
0.007394045,68.23897261,193.505,4668.507,0
0.026286855,39.92249355,207.471,2761.222,0
0.022212337,52.74552605,189.895,4185.263,0
0.021965374,41.4416256,211.912,2909.002,0
0.028598775,44.63011351,205.428,3449.144,0
0.015632738,53.78844318,200.604,3378.36,0
0.024280369,53.3775332,206.96,3027.028,0
0.022775626,52.09479964,198.787,3585.433,0
0.028372758,59.10960642,189.978,3178.295,0
0.032900419,45.74615363,201.482,2298.023,0
0.019458224,46.70652793,199.67,2754.522,0
0.012746311,50.52489822,207.183,2957.333,0
0.023836279,49.92151343,206.838,2946.335,0
0.021205956,49.54911119,215.675,2936.935,0
0.032880856,38.34734308,206.19,3077.032,0
0.025304387,46.97074972,201.966,3514.372,0
0.031126762,70.41079163,180.606,3832.672,1
0.034782959,50.12225903,178.042,3858.405,0
0.013560736,44.14485635,218.693,2325.167,0
0.021442168,52.27740852,204.239,4159.681,0
0.011179962,36.11569989,220.363,2359.199,0
0.020655882,48.43897245,203.239,3416.92,0
0.031670115,41.36164876,191.374,3294.729,1
0.030048427,45.63981856,188.973,3789.165,0
0.031212106,63.86342207,183.976,4044.662,0
0.023977763,36.81333887,210.363,2447.644,0
0.021901753,57.10759658,201.847,3595.271,0
0.014365005,49.0900541,208.508,2589.835,0
0.019922845,42.08277883,210.848,2660.314,0
0.025993591,53.80290067,206.919,2292.531,0
0.009138398,58.10175855,198.534,3852.255,0
0.029978811,49.47442089,199.056,3382.664,0
0.031713396,59.57851787,178.376,4949.612,1
0.026581528,50.22958487,209.741,3380.392,0
0.026340987,52.23765927,192.72,3419.647,0
0.01780546,50.77243797,207.089,2812.123,0
0.021847486,48.6790428,210.396,3224.245,0
0.025443136,45.31710156,202.68,1783.753,0
0.016638635,43.88601485,214.176,2885.315,0
0.025703528,48.08976974,199.27,3015.846,0
0.025334421,49.88455795,188.818,4771.391,0
0.027948668,51.35586061,198.465,3779.746,0
0.024387087,40.0683843,205.042,2532.598,0
0.011732744,41.05455124,220.57,2747.23,0
0.032123698,56.78281485,189.877,3383.426,0
0.019352189,52.86644351,195.752,3168.89,0
0.016864009,58.65426934,210.984,3303.725,0
0.037647272,65.8470912,186.614,3739.416,1
0.022950053,30.94328462,219.277,2645.645,0
0.028489052,62.98443391,162.061,5178.811,1
0.019991507,50.58796119,205.649,3112.397,0
0.01511833,45.32367094,205.368,3138.168,0
0.028445618,45.3446271,200.934,2721.989,0
0.020647879,38.61279916,204.868,3298.709,0
0.031208207,47.71675409,194.512,3730.753,0
0.014987729,51.85954475,201.464,3292.082,0
0.015808166,51.80932253,216.766,2580.374,0
0.019887724,48.62158916,211.373,2165.95,0
0.029235519,61.28895756,203.062,2400.505,0
0.018905133,53.28178019,206.284,2726.45,0
0.034404492,59.52633459,189.956,3078.549,0
0.024201506,54.04744902,185.895,3915.954,1
0.025671716,49.93779577,207.611,2624.666,0
0.022266963,47.82767649,201.223,2941.708,0
0.026233351,47.10104772,204.323,3491.95,0
0.030051499,52.1787578,191.215,2736.234,0
0.043591773,70.46809466,166.95,4528.117,1
0.023176216,70.79222516,195.08,3345.516,0
0.010792592,32.96464875,219.255,1974.093,0
0.021640303,54.60701309,212.107,2466.762,0
0.010791725,46.87086553,222.213,2521.121,0
0.018221238,60.07470781,209.458,3535.166,0
0.019720482,65.65702493,198.262,3156.394,0
0.033040469,38.62511058,205.79,2335.066,0
0.02296456,43.4527961,211.003,2713.325,0
0.015937478,42.05527201,219.414,2191.083,0
0.024057248,45.40184625,196.999,4711.6,0
0.025660194,56.88922318,192.82,3244.167,0
0.028905666,42.07455718,207.78,3180.786,0
0.025262533,45.34127417,200.275,2442.717,0
0.039997103,44.56422057,191.642,2859.46,0
0.02918517,40.1744286,206.455,2526.346,0
0.007400301,48.60127597,214.172,3096.319,0
0.023598981,41.10996597,208.216,3142.213,0
,53.42088186,186.658,4208.133,0
0.020137955,54.09138054,203.761,3485.499,0
0.033569308,43.90811337,199.321,3134.133,0
0.021471203,48.53450386,188.372,4144.478,0
0.02749357,39.60506657,210.817,2034.406,0
0.035882884,59.7247008,185.523,3147.775,0
0.018054056,54.48345875,210.649,2750.109,0
0.027474095,50.58076038,200.238,2716.828,0
0.02676536,46.7545115,192.917,3126.549,0
0.01878744,44.35371531,211.506,2202.827,0
0.032312224,40.75259165,201.405,2970.458,0
0.02034813,45.4945827,201.83,3594.527,0
0.028464125,41.63539566,203.143,2889.521,0
0.033553197,53.79629348,191.698,2663.972,0
0.016254056,55.7404673,213.827,3032.895,0
0.03297124,46.30518895,194.977,3511.907,0
0.025571057,55.02567517,197.16,2451.509,0
0.031265131,51.08731522,190.38,2852.808,0
0.018127489,52.18044732,204.468,3211.541,0
0.024896789,60.13539253,195.114,3935.954,0
0.025452114,40.15177331,215.745,2240.595,0
0.008838093,52.11620192,213.51,3989.163,0
,49.98876314,203.758,2833.175,0
0.019724431,36.09494844,222.996,2784.847,0
,52.50473548,204.921,3093.814,0
,46.61098001,209.141,2782.072,0
0.022488374,46.52968164,206.428,2502.087,0
0.019317066,59.69383274,205.988,3598.961,0
0.035870463,,199.989,3019.616,0
0.023652055,55.96932187,199.663,3311.418,0
0.035327984,47.24789087,182.265,3794.054,0
0.016989441,54.13093952,200.254,3772.465,0
0.031238774,38.14696903,206.966,2297.345,0
0.037509435,43.61066477,195.385,2613.895,0
0.025723398,42.84218515,204.412,2450.125,0
0.036888212,50.76358149,199.782,2656.267,0
0.018995531,45.76987394,210.9,2715.178,0
0.021434043,56.73626361,199.975,4001.356,0
0.025509191,67.33477964,181.603,3253.242,0
0.029439746,51.47764396,193.778,3460.284,0
0.029192971,59.80457218,185.564,4760.948,1
0.013538367,40.05659181,224.897,2291.292,0
0.011938986,72,203.447,3730.563,0
0.030008895,37.58122524,210.805,2360.852,0
0.023974923,50.05104526,196.992,3413.787,0
0.021255879,49.02950432,210.354,3524.822,0
,55.75045445,205.36,3250.646,0
0.035944888,43.8197953,186.72,4017.791,1
0.024108174,48.61485625,211.429,3434.812,0
0.018482945,60.49497774,197.073,3871.46,0
0.026541589,46.92795773,214.878,2398.847,0
0.025809204,32.57265021,217.996,2005.876,0
0.028528088,41.27385318,184.861,3580.874,0
0.018201029,49.21955631,206.302,2782.941,0
0.039591431,36.63431882,192.991,2255.901,0
0.033876648,55.70567651,171.542,4003.694,1
0.021162345,53.25832144,203.264,3005.578,0
0.021614191,57.18505482,204.815,3121.112,0
0.02165838,44.04747959,207.859,3399.619,0
0.023770153,66.1667337,185.797,3817.678,1
0.03300615,44.85045355,194.603,3324.841,0
0.029727064,52.76191664,190.259,3704.186,0
0.024885311,37.19333369,209.908,3156.531,0
0.020378258,43.63151615,213.13,3084.508,0
0.026912826,39.24080243,217.427,2374.448,0
0.028767777,56.44814182,182.718,3824.528,0
0.025909304,46.8906729,205.849,2725.972,0
0.029567977,62.80973523,173.278,4950.678,1
0.020752244,32.53747724,225.209,2187.47,0
0.013342875,30.69590298,210.89,2895.038,0
0.028345538,38.88609365,199.287,3021.025,0
0.021885831,54.82400157,195.181,3571.531,0
0.021486239,41.56311239,209.686,2901.518,0
0.030767611,53.33779564,189.822,3481.723,0
0.031061662,46.59369891,203.111,2425.709,0
0.019119738,58.28699404,194.015,3391.346,0
0.028594673,35.90577102,186.289,3239.274,0
0.042802786,53.2381321,187.857,2943.234,0
0.029329725,49.64475161,195.992,3248.244,0
0.03378814,45.83119061,198.836,2925.975,0
0.033335845,53.42956659,192.412,3216.675,0
0.02932827,46.53451717,214.498,2302.256,0
0.013251211,51.66841684,214.563,3021.974,0
0.03308242,57.79227255,188.956,3596.848,0
0.015841958,54.23014109,210.137,3079.612,0
0.027101553,59.57811057,176.29,4255.499,0
0.025731031,51.41028654,198.177,2717.952,0
0.028506026,44.47448048,204.797,2829.846,0
0.023399953,29.10878279,221.837,1381.603,0
0.020522232,47.55948754,206.945,2745.355,0
0.018314073,41.58749604,217.619,3353.311,0
0.011685892,52.07967203,219.148,2203.279,0
0.022293444,63.16926999,179.594,4976.007,0
0.016789007,43.98032317,211.25,2491.94,0
0.036660974,52.07305675,188.505,3293.661,0
0.029491058,52.70463193,193.436,3143.356,0
0.009986581,51.89100256,208.841,2740.172,0
0.017086597,47.19667715,217.493,2292.899,0
0.024875621,55.28388179,207.959,2928.309,0
0.028818183,47.37946726,186.081,3120.653,0
0.016705312,43.04405153,212.738,2515.121,0
0.028787657,56.05498865,196.043,3206.406,0
0.026392283,50.3918289,197.316,2662.896,0
,58.78501974,202.876,4065.91,0
0.022829066,45.39587983,214.07,2855.148,0
0.026505436,55.29807901,202.555,3303.584,0
0.031052185,45.46084659,195.586,2632.231,0
0.027783036,48.41810216,191.47,3759.583,0
0.020585134,,195.741,4177.751,0
0.025382615,50.54107029,205.483,2891.151,0
0.015488491,51.92035973,203.452,2727.431,0
0.03237959,61.26664284,186.568,3888.417,0
0.0196416,49.55745147,198.935,3634.136,0
0.018270759,60.13393993,210.36,3344.84,0
0.022732163,33.71418005,213.809,2812.606,0
0.037507896,42.4317585,188.923,3047.231,0
0.021544909,65.00611222,188.334,4671.591,0
0.010215699,54.32885737,220.375,2838.386,0
0.022331147,48.17528766,192.664,3779.223,1
0.022119263,44.6477112,189.751,4161.342,0
0.0311785,42.44262936,195.973,2895.988,0
,49.77642389,199.12,3285.539,0
0.02578678,54.63356189,189.865,3779.058,0
0.028443405,52.69083271,196.779,2483.756,0
0.023669591,62.28424919,192.045,3290.367,0
0.02844054,49.66066496,202.886,3010.241,0
0.030701579,47.83585655,200.21,2654.129,0
0.016099083,44.93159332,217.127,2593.861,0
0.014783048,58.4773651,202.172,3090.161,0
0.027100584,63.1662405,199.895,3362.097,0
0.031905564,44.85685481,209.705,2392.106,0
0.020336633,53.96491068,196.102,3658.16,0
0.018452126,38.6959484,203.962,2685.441,0
0.01859142,49.67022038,202.385,3326.341,0
0.024238824,52.94699541,195.774,3318.617,0
0.029894871,55.41423822,181.118,4817.239,1
0.030041068,53.60125855,193.267,3870.345,0
0.016925883,54.97862005,185.576,4291.499,0
0.015771205,39.68538855,202.217,3231.735,0
0.031069474,,187.151,3894.891,1
0.026588813,64.63361838,182.59,3629.948,0
0.033630037,37.45250841,207.321,2790.473,0
0.016046498,47.71799654,214.617,3205.821,0
0.021527924,49.11958984,201.985,3303.59,0
0.016532226,42.95330402,215.707,2659.459,0
0.013160828,48.2223558,209.593,3467.65,0
0.02025276,47.84159104,210.114,2475.392,0
0.036803804,54.07788819,187.093,3303.572,0
0.012622481,47.42930116,215.838,2902.918,0
0.011614003,66.34669536,205.331,3778.405,0
0.030173895,55.35691808,182.607,4565.935,0
0.021190791,60.44763236,186.631,4403.586,0
0.035735103,41.31452457,200.724,2317.698,0
0.023139319,54.48120791,204.782,2978.998,0
0.013797648,53.00773286,211.848,2742.25,0
0.015252747,49.25479363,202.686,2883.908,0
0.032585748,36.49779706,211.426,2594.019,0
0.022592727,61.38070768,195.857,3714.162,1
0.024240478,50.01924708,198.365,3144.046,0
0.021430052,52.60198159,209.358,2738.954,0
0.026847695,44.19160633,184.316,4244.934,0
0.033985451,62.33264099,179.647,3411.654,1
0.015081819,43.3708726,215.152,3115.179,0
0.029373309,38.73290607,211.535,3322.677,0
0.013757776,59.48911228,208.274,3553.868,0
0.029262363,64.77255405,193.828,2662.597,0
0.01956703,53.37943023,203.866,2935.061,0
0.017287288,51.02036808,206.233,2950.199,0
0.029564656,55.75046057,183.441,2962.601,0
0.016900241,57.69776458,200.767,2779.22,0
0.021061209,45.4857803,208.976,2459.895,0
0.038628126,49.98093032,191.554,3287.527,0
0.023168063,46.28428179,183.601,3880.705,0
0.031674891,69.04567622,183.528,4804.662,0
0.024931172,45.7580079,201.953,2673.569,0
0.029798882,58.89958291,180.146,4085.629,0
0.029015603,56.93920356,190.341,3024.856,0
0.019605343,50.36086401,192.555,5133.145,0
0.024454337,61.73277211,187.501,3955.919,0
0.021426209,47.44858479,214.313,2019.126,0
,,192.588,3402.245,0
0.02693744,50.16558552,198.402,2808.952,0
0.018148009,,201.872,2691.989,0
0.013917608,67.57354205,200.794,3705.366,0
0.036465022,46.08928712,195.896,3549.926,0
0.027068739,54.72965996,201.161,2938.169,0
0.032079685,50.93183078,193.952,3435.494,0
0.022674919,55.61054063,205.377,3039.556,0
0.019126742,54.07383631,201.688,3887.177,0
0.018702243,42.65329802,224.492,2401.472,0
0.02360236,48.4004789,212.692,2322.939,0
0.034496351,60.00772094,183.283,3096.61,1
0.024010153,51.92824399,194.436,2517.474,0
0.02803621,58.59968947,179.738,3945.885,1
0.026478199,56.75676576,196.382,3246.763,0
0.017116797,48.45697632,207.565,3444.09,0
0.029721037,56.74737231,200.063,3525.834,0
0.028890982,43.77349381,198.717,2956.39,0
0.029951876,60.5700448,194.264,3654.191,0
,64.84330802,163.234,4973.273,1
0.005,48.41709037,210.398,3173.426,0
0.015654577,52.74653499,201.187,3938.536,0
0.028021572,48.80823221,204.93,2471.198,0
0.026014948,46.47088599,205.073,2770.75,0
0.01881312,50.89787745,205.286,2504.432,0
0.02566233,34.35339339,223.209,1547.674,0
0.030544421,48.83943665,202.439,3013.989,0
0.024490692,54.38832889,197.898,2841.265,0
0.020154938,56.19680092,202.98,3369.074,0
0.02536018,48.50329456,200.837,3050.523,0
0.02635193,46.00275042,214.448,2744.888,0
0.030644871,58.90430904,177.977,4520.751,1
0.027904132,48.58159611,191.611,3197.819,0
0.033722039,50.78197146,185.642,3823.263,0
0.01874816,,207.016,2513.076,0
0.024780855,46.39365348,207.478,2290.824,0
0.029962533,54.87749234,198.576,3035.469,0
0.033972318,57.23242294,185.578,3823.669,0
0.020860378,51.95480326,211.189,2823.549,0
0.029900786,50.26036025,177.037,3766.967,1
0.030311576,55.42912758,193.833,3973.865,0
0.017933963,41.69037636,219.812,2029.048,0
0.018216014,45.79837399,217.956,2847.3,0
0.018711146,56.05006359,212.045,3116.918,0
0.020709445,48.12061243,206.668,3975.879,0
0.021057384,42.68776515,214.178,2464.309,0
0.015987023,40.69601141,222.043,2228.522,0
0.033777239,50.16794835,195.269,3195.416,0
0.020095473,57.59499064,204.553,2477.749,0
0.018999738,62.12423687,196.942,3817.526,0
0.015683838,46.72209376,211.663,2535.394,0
0.007225552,60.13765988,213.949,2750.086,0
0.025276243,49.95804062,195.518,3801.437,0
0.01599141,48.46807575,215.201,3125.414,0
0.021881145,55.25891861,201.457,3441.463,0
0.028739862,62.93001389,183.686,4532.483,1
0.018217331,50.83688718,201.754,3162.336,0
0.020441278,,209.894,3284.723,0
0.032801405,49.54987317,200.564,2859.621,0
0.028532885,,205.658,2652.86,0
0.022960819,60.94902121,180.709,3898.938,1
0.023841357,,182.299,4000.696,0
0.021715784,49.06967612,206.753,2582.665,0
0.019592455,52.84628569,206.3,2388.536,0
0.022812263,53.48119352,189.631,3475.116,0
0.025104878,66.00982443,186.014,3860.805,0
0.017422874,51.51629814,212.119,2812.425,0
0.02595819,57.66856823,204.178,2940.777,0
0.026325224,52.72348257,201.866,3993.456,0
,44.35736406,202.872,2584.176,0
0.025313149,40.36237764,210.002,2989.691,0
0.031645842,54.82856259,193.45,3194.326,0
0.024093988,64.15319338,197.087,3331.872,0
0.02466053,49.06632585,203.161,2925.877,0
0.034143003,48.44288966,188.394,4387.87,0
0.025095264,45.87195549,196.576,3358.539,0
0.032350229,45.26957783,187.867,3007.76,0
0.016021604,42.28138302,216.783,2263.388,0
0.02997637,51.64652397,199.795,3199.117,0
0.034714609,41.56724162,197.249,3122.137,0
0.015169221,36.11671873,227.083,2397.318,0
0.024278981,60.0481659,204.187,3108.67,0
0.023711856,35.42961471,204.751,3103.946,0
0.02078329,41.48058655,215.202,2318.149,0
,52.73568922,197.65,4237.036,0
0.021256572,59.71213001,183.441,4417.963,1
0.014024851,51.65357359,210.768,3375.52,0
0.029013185,53.20435053,190.079,2727.491,0
0.024892821,49.64223796,201.857,3615.196,0
0.022963852,48.75986638,206.53,2387.11,0
0.022673195,41.52195157,214.19,2208.361,0
0.010299193,57.88990626,207.81,3041.759,0
0.024415044,64.98038223,195.465,4702.596,0
0.021574297,52.35871489,185.711,4660.675,1
0.022842143,48.85797416,209.946,2908.575,0
0.018755419,52.70461752,206.427,3274.746,0
0.026129091,38.37648426,200.287,2980.66,0
0.019748807,49.32945041,210.023,2783.874,0
0.027196788,48.32906587,193.363,4092.666,0
0.030420279,38.81405753,200.187,2099.237,0
0.029530827,56.55652845,197.268,1939.974,0
0.022657192,38.73849264,203.176,3532.145,0
0.026546183,55.1331063,205.289,2867.288,0
0.034445073,43.35953696,187.519,3775.825,0
0.022970573,36.80875021,210.903,2540.201,0
0.018424506,56.09204266,203.861,3244.713,0
0.011728748,55.69731889,207.477,3839.973,0
0.012481292,36.52710793,227.485,2831.692,0
0.016238238,55.76567784,207.638,3255.71,0
0.026982903,42.6616376,183.691,3770.294,0
0.018780085,51.03801289,202.44,2845.673,0
0.018708961,51.77324074,197.953,3309.833,0
0.012691629,57.1488068,201.48,3293.131,0
0.0241044,40.7207805,206.498,2845.185,0
0.027986373,49.27149101,205.263,2681.68,0
0.023227111,47.26397239,198.332,4101.785,0
0.028415602,40.83795095,208.735,1886.318,0
0.034089394,39.63381697,209.285,2241.881,0
0.031321451,44.41327761,200.346,2839.906,0
,49.13460783,194.838,3679.578,0
0.033876152,60.78462267,183.366,3819.207,0
0.025211727,52.16133644,202.082,3380.921,0
0.027184171,50.9301131,205.727,2562.32,0
0.027407631,52.86690813,186.697,3284.858,0
0.028353967,41.00717119,216.051,2297.287,0
0.022537043,54.95765735,207.869,3250.4,0
0.028376078,54.62184438,191.127,2964.433,0
0.016771403,57.07180461,206.599,2959.731,0
0.029735161,45.4296509,203.264,2955.264,0
0.024104905,50.62043851,196.996,3529.156,0
0.010531311,40.44624951,222.752,2802.798,0
0.020753472,,210.263,2443.73,0
0.017860858,49.12208322,213.026,2931.166,0
0.027996249,48.93775009,200.993,3147.103,0
0.0212198,54.4776156,205.844,2655.905,0
0.021824074,50.92286972,202.34,2963.979,0
0.027212977,54.63163544,191.544,3919.458,0
0.023046695,53.43455786,196.08,4023.381,0
0.025821514,50.67512406,208.626,2845.872,0
0.034258426,49.90504375,201.715,2396.12,0
0.022727549,48.17528077,207.219,3204.912,0
0.021317962,59.61148841,185.592,3746.517,0
0.030827067,40.22969667,195.906,4701.078,0
0.018997953,48.03449658,198.93,3853.785,0
,,189.003,3623.316,0
0.023715531,34.63580782,206.467,2016.696,0
0.036289487,47.68214937,194.588,3632.158,0
0.029619181,48.77344753,196.124,2641.446,0
0.030064642,43.17706683,199.622,2970.439,0
0.01667643,52.42303133,207.88,3375.441,0
0.029390269,59.04303594,181.077,4132.313,1
0.018320793,51.26857928,182.433,4861.332,0
0.019653683,45.15642935,209.152,2954.24,0
0.026463224,42.82585866,198.418,2964.685,0
0.023219814,54.1712698,188.31,4568,0
0.02378472,48.43681277,192.261,3921.378,0
0.020406417,55.62236631,196.32,3225.17,0
0.0265857,49.12235815,192.099,3092.661,0
0.018369745,45.7796732,194.779,3585.267,0
0.027700332,48.30693485,187.245,3294.451,0
0.021384117,43.972201,198.987,2735.302,0
0.013985904,49.39506916,214.402,2809.68,0
0.029036079,40.06508103,202.82,2240.138,0
0.031089923,48.67103539,200.142,3202.403,0
0.01165177,42.10536344,211.972,3287.573,0
0.026229689,50.78556269,196.683,2699.852,0
0.023220236,60.59435492,199.109,3213.532,0
0.015827092,52.92487571,201.419,4142.539,0
0.018595054,61.80109685,196.903,3713.752,0
0.024876999,58.89389327,174.804,4875.8,1
0.027668324,44.2580042,198.012,2593.842,0
0.024530592,47.96340941,207.818,2058.305,0
0.014908055,59.54438011,210.123,4142.099,0
0.030528544,54.26427428,188.622,3347.028,0
0.018956793,59.58055732,196.448,3589.134,0
0.022963905,40.18128722,214.998,2922.527,0
0.020426202,45.39553596,215.077,2780.641,0
0.018391768,,208.949,3516.289,0
0.023722431,48.14631827,207.648,2091.017,0
,61.96062419,199.422,4433.203,0
0.023277412,49.60790387,198.737,3410.18,0
0.037019458,52.17394513,178.702,3459.482,1
0.039402273,57.44622995,179.084,3473.407,0
0.033787502,39.63721863,204.314,2609.165,0
0.039219141,54.12425828,162.105,3746.64,1
0.022883638,58.06482288,201.079,4084.769,0
0.016285154,42.5670779,214.255,2875.899,0
0.017105977,60.03311896,195.289,4142.406,0
0.017396868,47.22140901,209.557,3325.171,0
0.026240706,53.19083481,179.426,5222.355,1
0.025259812,47.8699668,198.922,3138.27,0
0.013738693,56.75161839,204.183,3100.335,0
0.026724528,56.70195923,199.245,2792.321,0
0.026918822,60.24666205,186.938,3868.225,0
0.02164626,48.20052498,209.497,2797.027,0
0.023080875,46.62072491,199.288,3582.468,0
0.016454999,53.11881392,208.691,2892.951,0
0.02112022,57.84822479,189.154,4020.654,0
0.02620225,49.54511882,195.035,3049.718,0
0.027477528,51.94029028,164.243,4962.273,1
0.022646098,54.07437442,204.761,3114.769,0
0.016166726,52.24465823,205.729,3361.609,0
0.018150196,58.88237366,201.085,3123.214,0
0.031843375,41.61950439,197.158,2307.956,0
0.021234984,47.47246665,207.872,2513.317,0
,,188.305,4180.387,0
0.028366707,51.92192114,206.94,2412.328,0
,44.88205645,193.447,3483.072,0
0.015367959,34.71657051,220.793,2338.849,0
0.031860333,,174.416,3903.301,0
0.028464204,60.80634119,181.445,3728.368,1
0.017816943,48.91304791,206.279,3031.792,0
0.015148289,42.057999,225.616,1871.635,0
0.025359221,43.71752244,192.889,4588.419,0
0.029705203,50.07065012,194.759,3565.492,0
0.025765715,59.45598442,190.457,3382.83,0
0.035474306,62.18763086,175.369,3963.265,1
0.023795082,59.45121042,197.012,3658.127,0
0.01302482,46.71541535,204.102,3062.571,0
0.028627949,44.40043732,207.267,2762.862,0
0.00827357,45.94817103,222.942,2390.108,0
0.018532665,40.84914456,222.659,2240.526,0
0.020448728,44.1271928,213.142,3413.572,0
0.018366355,54.19561396,183.751,4216.278,1
0.029348563,47.90191089,199.641,3346.263,0
0.009789987,49.62369073,221.144,2989.023,0
0.03015177,49.0738705,173.787,4792.147,1
0.012974997,51.89611837,195.01,4881.346,0
0.0318306,44.1950521,202.55,3264.126,0
0.01750502,43.02789064,217.727,2285.299,0
0.009783306,44.41419008,222.638,2200.279,0
0.033781888,44.90405682,184.583,3801.162,1
0.023457587,41.15959339,214.827,2307.138,0
0.02626671,45.71165745,206.006,2961.441,0
0.017964849,40.81748026,213.603,2536.441,0
0.021201472,48.86009561,198.952,3590.106,0
0.017776466,59.47987192,210.938,2564.776,0
0.024276808,37.65530904,213.795,2020.648,0
0.024906085,56.47342154,198.84,3363.336,0
0.024313936,58.78065964,195.198,3773.986,0
0.022854081,29.05056469,222.886,2398.115,0
0.011941574,47.47110852,215.82,2876.062,0
0.030479992,49.55209129,183.224,3307.538,0
0.023354428,50.8109338,197.508,4250.54,0
0.029920168,52.96948744,191.946,2872.15,0
0.022234423,33.26379302,218.14,1736.29,0
0.010336532,51.9056002,215.692,2459.384,0
0.027468018,38.64183163,204.298,2465.712,0
0.015261445,51.21581067,208.716,2366.482,0
0.019924762,59.70499942,205.608,2869.297,0
0.022225214,63.7760141,176.468,4563.24,1
0.017430115,50.01281968,220.176,2183.294,0
0.022356335,32.72364722,209.481,2640.755,0
0.029727009,65.99062254,187.506,4050.785,0
0.01779503,57.57948509,207.924,3109.599,0
0.032286178,43.09639186,195.067,2278.575,0
0.017108314,40.51028049,215.56,2185.56,0
0.016464613,43.0453643,203.692,3367.902,0
0.015385163,37.68631506,225.652,2495.426,0
0.020104979,54.85235069,208.76,2712.415,0
,42.05869874,208.745,3206.75,0
0.019687811,42.90531625,210.782,2764.81,0
0.034764348,43.12065547,196.274,3308.02,0
0.016945572,52.51303298,201.476,3415.376,0
0.02734942,44.77833068,191.256,3223.098,0
0.020260977,48.42128373,214.897,2669.653,0
0.026843674,44.24383856,206.393,2047.3,0
0.013760814,46.84249293,213.967,2765.321,0
0.018990001,60.48142078,200.276,3072.933,0
0.013039938,49.39427947,220.512,2335.365,0
0.026433742,47.08054708,200.626,3490.856,0
0.026418828,48.1457001,194.181,3789.049,0
0.020655976,52.45443948,205.374,3653.792,0
0.014868093,47.72056446,207.539,3023.506,0
0.024346171,55.21817694,199.679,3434.114,0
0.032053899,47.83630608,190.457,4124.489,0
0.023663338,56.02177763,191.68,3931.971,1
0.025821913,56.34164105,187.286,3917.118,1
0.016588111,55.59755063,208.592,2857.397,0
0.032451449,51.83980892,185.021,4042.601,0
0.010859819,58.56203179,196.657,4270.124,0
0.023966638,60.79018275,192.302,2928.2,0
0.017879699,49.20606071,217.336,2157.307,0
0.015550344,34.19282492,224.064,3361.159,0
0.02212945,64.30866415,201.069,4324.343,0
0.026007403,53.81211731,200.644,2807.901,0
0.016638625,44.88944623,214.888,3244.293,0
0.036712844,46.71674445,191.752,2646.456,0
0.038432928,58.83420382,172.92,4186.55,1
0.022469395,56.93157609,200.208,4379.865,0
0.031924341,55.70147398,192.392,3412.493,0
0.026050057,49.3186465,209.799,2442.257,0
0.014051794,57.85324508,190.715,4593.746,0
0.010938912,46.83666807,215.902,2984.04,0
0.026248133,60.94719474,198.341,3366.163,0
0.014699513,42.02327014,216.453,2702.594,0
0.032443409,59.44349902,191.171,2986.305,0
0.033370732,44.04704133,201.721,3071.362,0
0.01424443,55.41860011,203.382,3445.098,0
0.022222436,61.59615179,196.618,3221.495,0
0.030814029,58.98973489,184.023,3327.799,1
0.030967608,48.03136211,198.249,3158.489,0
0.017061719,47.6538581,211.24,2997.62,0
0.021307148,61.13347019,194.639,3700.408,0
0.027626864,65.51649086,181.374,4337.851,1
0.01439193,35.97416155,226.582,1575.407,0
0.030694019,60.68290063,181.373,3971.566,0
0.023222625,54.28133164,204.462,2494.653,0
,58.42141729,204.971,2986.807,0
0.021480637,49.49970046,206.252,2310.592,0
0.022011785,64.71630124,190.722,3632.897,0
0.009160934,47.26025513,211.49,3276.367,0
0.021209488,45.5622182,211.671,2804.304,0
0.025617831,68.46923613,190.508,3866.948,0
0.032588513,49.66165702,188.723,3387.73,0
0.0120041,54.93414821,198.692,4324.187,0
0.02479718,52.7059582,190.041,3599.892,0
0.019718728,65.9020739,197.596,4184.569,0
0.022860761,57.14845617,204.989,3469.394,0
0.016453592,44.10760572,209.18,3660.526,0
0.034101473,49.53574395,183.403,4423.922,0
0.017924225,39.77806059,211.342,3554.809,0
0.005,59.38897185,203.091,4368.285,0
0.015084975,48.26172085,213.836,2920.937,0
0.023453591,40.14270635,209.044,2278.149,0
0.009378194,55.4237441,214.436,3088.928,0
0.033455687,60.55227573,170.063,3852.385,1
0.017559118,66.26771343,201.534,4022.622,0
0.02862111,40.11923004,192.407,3580.063,0
0.016962342,54.74042749,204.356,3955.238,0
0.020573486,59.10285292,191.221,4094.437,0
0.0112199,72,206.388,3077.886,0
0.017251089,49.9302346,213.427,3412.019,0
0.01879823,31.06853313,226.292,1485.306,0
0.029117356,58.17649994,191.951,3055.551,0
0.034642938,57.91414907,173.097,4395.097,1
0.033867181,46.07250602,194.58,2711.178,0
0.012789545,46.44900366,196.928,4417.257,0
0.007446821,57.92181594,207.085,3106.589,0
0.025912401,70.73557638,177.36,3604.464,0
0.023422399,47.19407168,204.559,2977.247,0
0.033923641,58.1871995,195.904,2744.978,0
0.01965465,60.06777251,197.281,3259.798,0
0.024142709,53.52085194,203.178,3146.558,0
0.023392852,52.91476066,203.591,3466.606,0
0.024448034,43.1761657,213.698,2564.429,0
0.035182407,51.83587932,183.178,3535.456,1
0.023968858,60.64257375,189.521,3716.319,1
0.024196519,54.78174394,186.783,3658.764,0
0.027422733,53.65702872,198.258,2992.6,0
0.022570234,65.37132262,192.106,3532.221,0
0.018438252,47.83925722,215.321,2740.795,0
0.038254388,51.44305296,182.216,3160.653,0
0.026207978,63.79718168,191.519,3652.467,0
0.027974348,63.43379674,173.236,5063.017,1
0.03051768,47.16223799,202.576,2894.856,0
0.021349266,58.99174843,177.693,4405.802,0
0.010872595,60.81920041,207.051,3359.592,0
0.023741426,34.09951494,215.804,2155.917,0
0.026738831,47.2156157,206.78,2387.846,0
0.015067979,58.84457075,203.98,3964.735,0
,39.23352242,202.979,2224.086,0
0.021673973,57.57120254,207.891,2902.931,0
,58.56298307,189.892,3495.384,0
0.031121069,52.40030895,179.172,4388.387,1
0.028929689,36.38947941,209.992,2336.804,0
0.029330669,48.09139869,199.178,3338.324,0
0.030986337,42.88268952,192,2674.074,0
0.011040464,47.39790137,214.3,3782.99,0
,49.86940483,185.665,3785.286,1
0.024828975,41.76288445,210.496,2822.829,0
0.014691609,55.01510177,206.691,3762.481,0
0.025797281,47.12482922,191.748,3642.492,0
0.026031082,55.17306765,181.161,3663.755,0
0.017191088,59.47005537,202.068,3145.543,0
0.028934851,52.75739536,185.697,2899.657,0
0.019051448,56.15495778,194.522,3540.728,0
0.019368161,38.9747805,222.861,2418.578,0
0.02646192,52.42764067,190.975,3335.872,0
0.022634004,49.92931691,204.06,2229.574,0
0.023043932,40.61832196,213.245,2410.591,0
0.02993265,36.57070758,211.895,2606.464,0
0.016677136,37.69172615,220.104,1835.133,0
0.030429837,44.39657295,201.049,3228.16,0
0.02325359,44.66006397,206.905,2418.853,0
0.018102827,50.76907979,209.253,3075.192,0
,44.41932109,215.094,2582.393,0
0.021550386,42.69442851,217.082,2677.89,0
0.027322776,47.70297896,200.286,2699.826,0
0.036156498,56.12275338,190.6,3068.467,0
0.040817333,58.43742208,163.985,4654.749,1
0.009788497,51.25482423,208.749,3155.715,0
0.027893541,35.67935842,211.018,1818.893,0
0.021265789,54.33335321,201.202,3013.996,0
0.027432792,48.39608666,201.238,3180.64,0
0.034167176,37.42653593,203.94,2146.24,0
0.021303337,35.3660267,213.267,2893.535,0
0.023316855,53.26041488,202.475,3631.395,0
0.027204884,49.52591942,203.176,3271.494,0
0.021824686,48.07749505,207.138,3121.928,0
0.02683341,49.77481895,202.647,2526.543,0
0.043150052,54.83368278,172.808,3838.129,1
0.016400986,48.36782357,207.117,2953.212,0
0.019600125,31.24673933,209.229,2290.152,0
0.023195612,56.7616377,188.42,4507.782,1
0.025490404,58.42198598,200.521,3410.554,0
0.015790154,50.23734247,209.343,2776.539,0
0.026081632,51.10443504,196.35,3253.102,0
0.026182264,41.9508645,184.183,3981.292,1
0.010712539,44.98236469,223.911,2931.704,0
0.03135875,58.47845503,193.505,3476.544,1
0.020506388,52.15277246,204.254,3391.911,0
0.028527243,44.29704891,208.832,2650.111,0
0.011751073,37.5893864,229.484,2564.264,0
0.026356414,42.21426244,206.543,2889.804,0
0.027334285,41.78789968,202.11,3087.783,0
,57.25662898,209.289,3426.288,0
0.023481709,57.15245221,203.37,2662.553,0
,56.66637084,195.847,3123.928,0
0.024367234,48.23843412,201.853,3268.221,0
0.017638569,50.29662996,213.092,2946.799,0
0.012894922,61.76813513,195.316,4026.171,1
0.025942124,35.76126128,213.152,1643.082,0
0.02548694,44.29039061,206.259,2612.862,0
0.02846383,51.55434483,192.161,4235.78,0
0.018359907,55.04720558,205.077,4392.782,0
0.027741392,29.88392621,201.126,4189.548,0
0.017666936,37.8250786,209.64,3092.967,0
0.026694581,58.27714939,192.203,3202.959,0
0.015160629,35.50662482,229.481,2034.18,0
0.024684248,36.06781634,205.258,2277.005,0
0.022671633,43.98237818,214.964,2814.582,0
0.018748132,35.01094601,219.81,2299.98,0
0.012310125,,215.464,2574.995,0
0.034384192,51.90012842,185.65,2868.199,0
0.024110199,33.68432096,216.42,2558.07,0
0.016464503,52.54961688,205.166,3548.525,0
0.025109839,61.67531322,190.768,4068.742,0
0.01135527,50.26245766,216.13,3082.582,0
0.023274906,41.68703335,214.728,1879.554,0
0.018777011,48.00803246,200.107,2986.055,0
0.017573875,43.12759209,193.273,3628.59,0
0.02500071,47.29974482,208.841,3066.427,0
0.026603871,54.99842668,194.431,3341.811,0
0.025434761,36.96945683,209.662,2329.945,0
0.019003691,39.24066556,219.268,2969.369,0
0.025846165,69.32513541,185.585,4278.225,0
0.036707252,45.06801771,185.381,3803.807,0
0.028176712,,196.582,3406.804,0
0.044096039,52.64323963,180.659,3681.503,1
0.025807674,58.62733036,200.55,2639.608,0
0.035226637,44.92712026,182.146,5014.345,1
0.014293944,28,230,1659.587,0
0.017353232,52.53172726,206.122,3260.845,0
0.016692495,48.53174783,205.843,3349.103,0
0.023692445,64.18362443,182.39,4405.543,0
0.02980199,53.70469453,189.908,3184.254,0
0.029691464,49.5131053,197.061,3481.164,0
0.023659613,44.29303106,206.745,2616.069,0
,39.66637044,216.334,2392.729,0
0.01584742,44.06226618,210.341,2805.81,0
0.028083421,46.23902274,176.906,4429.484,1
0.025868725,43.80614344,212.36,1540.145,0
0.03739149,66.02029583,174.736,4537.669,1
0.024672464,58.22811043,195.579,3123.458,0
0.019968319,48.1805708,204.769,2730.476,0
0.022051938,51.62276559,204.156,3341.399,0
,48.332577,199.348,3451.826,0
0.015551442,51.32552996,204.587,3615.595,0
0.018628317,61.40004448,195.033,3574.324,0
0.036940233,53.00233096,186.828,2828.715,0
0.032065162,57.94147869,170.809,3788.908,1
0.023273811,47.4663409,202.452,2909.762,0
0.025597765,46.77427875,193.666,3131.655,0
0.021597402,46.88883663,209.011,2620.71,0
0.021803849,43.77835099,196.643,3551.418,0
0.030002592,53.24065337,191.299,3324.674,0
0.024133759,,195.461,3842.496,0
0.027821599,52.77344068,203.656,3363.457,0
0.026262142,57.87751354,182.496,4142.048,1
0.00914791,45.61187112,212.916,3518.771,0
0.028384172,46.58519995,207.055,3023.877,0
0.023296624,48.15743231,211.586,2982.978,0
0.026882533,49.41781333,196.899,2678.751,0
0.019276525,62.45403349,203.231,3147.718,0
0.030037596,58.61161737,171.492,4543.005,1
0.017734316,55.48350385,211.757,2978.62,0
,57.22278749,192.824,3457.125,0
0.023774671,57.09581079,194.867,3477.369,0
0.027652868,41.37593829,207.239,2284.472,0
0.032196927,38.8529103,197.824,3645.345,0
0.02603079,53.02709915,198.672,3937.51,0
0.023054207,46.56578212,200.309,3035.553,0
0.032523153,60.58495042,173.436,4077.959,1
0.033422559,35.810667,211.808,2100.849,0
0.023773207,46.85372343,204.006,3528.939,0
0.011687062,57.64731706,207.535,3342.406,0
0.021491068,45.32421013,206.972,3255.781,0
0.027575658,39.43223475,198.17,2624.504,0
0.020226686,47.99858207,207.025,3878.308,0
0.022272595,61.6868067,199.754,3652.265,0
0.026021793,60.50793483,190.464,3716.899,0
0.037452626,53.9152364,186.03,3283.495,0
0.026630747,63.31329266,186.671,3709.556,0
0.019102791,51.30136122,199.337,4205.096,0
0.030665067,52.25491071,199.891,2967.187,0
0.030157632,52.96020788,195.439,3580.12,0
0.02376453,43.58985652,212.419,2753.347,0
0.029923682,49.13842259,197.87,3264.363,0
0.018093004,45.60192507,210.016,2915.621,0
0.023149295,,200.334,2864.881,0
0.024014866,,204.931,2780.296,0
0.026299133,58.16152112,201.801,3700.293,0
0.032663216,54.3120924,179.38,4507.951,1
0.015850682,51.04577146,208.895,3143.004,0
0.017626367,46.77487758,221.639,1874.193,0
0.015185166,58.73910854,195.712,3851.069,0
0.013055993,46.83604831,190.905,3976.201,0
0.024090299,52.16849844,211.737,2715.135,0
0.020696409,46.31702877,204.871,2446.068,0
0.028627384,44.20493935,186.418,3422.614,0
0.023359028,38.3675552,220.703,1455.053,0
0.018310095,57.00227572,201.294,3160.946,0
0.024477214,62.06034123,196.513,3696.18,0
0.023117333,57.55958217,200.92,3442.5,0
0.023713931,49.21174706,201.425,2743.124,0
0.021244693,37.75367102,222.097,2207.292,0
0.025610615,54.01204443,201.797,2899.633,0
0.025610538,50.82891178,202.429,3024.134,0
0.03723644,30.43810989,197.486,2230.709,0
0.021543712,46.80246443,198.809,3017.988,0
0.02854041,59.6279298,190.342,4074.093,0
0.027844821,45.46758661,199.181,3431.376,0
0.025496734,42.08380499,209.587,1782.991,0
0.021874934,48.95483791,203.65,3071.653,0
,54.32401049,208.405,2599.196,0
0.021312134,62.41653857,196.021,4167.969,0
0.032342395,67.54170531,185.105,4471.088,1
0.028347726,52.93882519,195.373,3718.982,0
0.017022242,49.21272045,198.607,3377.459,0
0.012682864,56.20545313,215.074,2908.56,0
0.021651065,47.50364148,210.892,2577.877,0
0.017657086,49.73687558,215.955,2234.005,0
0.0339497,50.7811927,198.433,2550.534,0
0.012725879,44.97545033,213.135,2976.874,0
,47.15813973,203.1,3313.5,0
0.031529205,59.18394429,177.535,3617.595,0
0.022704721,52.03492215,200.372,3085.319,0
0.015790233,47.53774545,216.767,2644.782,0
0.028902611,,197.825,2818.384,0
0.019773884,49.71020476,209.278,3007.647,0
0.024534335,69.37748758,181.441,4552.6,0
0.019177839,52.106317,199.2,3582.176,0
0.015978612,60.15730519,202.176,3312.465,0
0.026172759,39.30398679,206.738,2732.911,0
0.029398907,45.81512078,203.663,2460.326,0
0.023323652,48.35351554,205.832,2041.622,0
0.039350437,53.43465542,182.832,3399.428,0
0.016667999,58.58049394,196.11,4011.356,0
0.017443139,49.82350924,189.559,5293.045,1
0.02419823,28.58339055,220.176,2292.184,0
0.026213532,45.43413196,187.062,4155.454,0
0.014174702,56.69324476,207.477,2648.681,0
0.015859331,40.1283996,218.156,2526.466,0
0.02805831,56.15959319,196.818,4105.705,0
0.024956376,51.39716659,196.119,3238.733,0
0.03557197,45.10320288,187.092,2579.573,0
0.025288091,45.933105,204.175,3494.156,0
0.020831029,50.29384787,204.608,2669.754,0
,,203.471,2992.582,0
0.027233226,52.09830289,201.711,3852.401,0
0.026231483,47.74064877,193.48,4468.25,0
0.029897408,47.03388891,191.215,3756.743,0
,40.35503667,214.442,3300.786,0
0.023308026,,210.279,2250.403,0
0.027026517,55.35830949,203.073,3339.245,0
0.019867687,55.4432108,202.11,3313.564,0
0.022457279,41.40069948,215.96,2247.872,0
0.023330849,52.01813316,189.891,3527.878,0
0.025973056,45.75320024,203.492,1848.928,0
0.036142128,58.35566299,178.472,3841.475,1
0.027000477,63.26596232,189.706,3725.357,0
0.023737332,36.27760332,222.013,3638.291,0
0.017957727,,205.045,3136.702,0
0.017748337,45.14990361,209.749,2812.201,0
0.025393802,44.12959343,210.98,2584.597,0
0.024483936,60.06479199,192.07,3920.745,0
0.021587552,56.06786494,196.238,3118.853,0
0.039853501,50.81403101,193.447,3094.319,0
0.020580125,54.07476773,201.158,3439.789,0
0.028206942,46.64799592,201.799,3201.661,0
0.027999046,47.7162785,197.112,3395.088,0
0.018801564,37.79615883,213.093,2110.142,0
0.014736849,66.27041967,197.388,3950.125,0
0.016518451,43.15410058,215.403,2486.835,0
0.014484759,40.84250812,228.616,2028.811,0
0.033751882,45.61582139,199.87,3478.095,0
0.022688552,43.86424225,214.899,2323.165,0
0.007014518,58.45269376,207.269,2862.578,0
0.026769847,52.42086885,186.423,3741.458,0
0.017069648,48.16972181,213.941,2209.014,0
0.027717569,54.1590678,201.311,2892.47,0
0.018114968,55.69889372,206.806,2946.972,0
0.025899381,41.36371584,211.982,2832.447,0
0.02831977,49.06103375,204.965,2999.551,0
0.022188971,46.61131009,210.424,3423.672,0
0.046840224,60.611706,153.916,4260.418,1
0.021718717,45.44475006,209.604,2531.811,0
0.017708714,47.52023783,213.643,3015.89,0
0.026791716,42.98458441,207.844,2073.958,0
0.023568814,51.15896137,206.655,3118.366,0
0.017197177,48.52317449,214.975,3508.366,0
0.027091998,47.16840205,201.788,2958.54,0
0.027639587,53.61202816,193.429,3758.169,0
0.01459232,41.67617893,208.608,2812.842,0
0.029664959,42.92976569,212.345,2265.349,0
0.023335349,55.92717196,194.851,3949.899,0
0.025456332,47.80640038,177.805,3683.439,0
0.017313475,44.99582694,212.661,2506.428,0
0.017766034,51.92619915,206.407,2921.428,0
0.035019767,54.13835389,165.432,5424.615,1
0.014115811,67.07777656,197.882,3158.44,0
0.025116131,59.92709183,191.463,3740.876,0
0.021709409,60.10818594,193.905,4031.526,0
0.030916837,54.19062409,194.248,3250.228,0
0.027781584,49.04628416,191.251,3321.368,0
0.02651437,47.42021718,187.982,3816.035,0
0.027836451,56.02510588,201.855,2384.132,0
0.024152323,54.97518839,196.282,3043.895,0
0.0257033,45.54921215,203.211,2683.879,0
0.020422069,59.4843467,207.054,3188.35,0
0.028523122,62.69029812,191.167,3348.487,0
0.021815316,51.01272286,199.375,3452.938,0
0.017582038,54.44245977,189.116,3956.414,0
0.024174755,35.81656676,218.553,1851.729,0
0.02984705,52.39013828,188.954,3068.115,0
0.026463561,52.58268348,201.944,2867.447,0
0.029672812,53.72741191,162.668,4663.843,1
,60.69015486,179.785,4386.621,0
0.014686464,51.35573328,204.282,2896.558,0
0.036127459,43.02003696,198.198,2273.28,0
0.031826283,55.71054128,192.627,2899.267,0
0.022482291,59.20515361,204.857,2385.427,0
0.036000337,45.48027562,201.568,2643.812,0
0.03626191,62.91286699,175.424,3887.813,1
0.022227745,51.36462617,205.235,2851.591,0
0.027982152,35.0697388,215.865,1582.355,0
0.028217234,54.08676011,178.818,4734.276,1
0.022881901,51.93704023,201.056,3715.418,0
0.020978116,42.91357942,206.018,2836.027,0
0.023157623,47.86416255,206.427,2622.858,0
0.021837151,49.28252587,201.955,3121.807,0
0.017524647,51.67125409,205.906,2377.978,0
0.012332114,49.35149846,200.631,3674.267,0
0.029827865,51.68927358,199.395,3144.243,0
0.00940889,57.41411928,205.36,2808.543,0
0.019147245,57.22188786,191.174,4038.61,0
0.02666827,42.20340023,207.806,2871.003,0
0.026535774,47.89707828,206.033,2226.061,0
0.030745612,57.99234758,191.917,3111.935,0
0.028055663,36.64563535,209.114,2794.807,0
0.026235373,54.9391022,199.991,3716.746,0
0.029627394,53.96560854,185.86,3593.218,0
0.030065878,58.46178624,190.719,3023.055,0
0.020580647,46.89750762,209.303,3037.863,0
0.014611521,55.44291937,213.193,2506.991,0
0.018834932,40.26786679,209.157,2724.143,0
0.015387971,,208.888,3307.058,0
0.036801261,64.05186831,177.101,4257.023,0
0.019871579,45.00233681,213.784,3424.205,0
0.024356028,43.61460699,194.693,3524.836,0
0.02462184,47.72851,207.46,2915.011,0
0.024309974,,210.645,2407.916,0
0.024862218,46.05300011,205.36,2491.589,0
0.017904699,51.67047032,211.146,3032.727,0
0.02371618,58.43679685,186.394,4017.794,0
0.014390319,48.62779519,208.724,3378.319,0
0.024556129,32.66107004,222.467,2731.917,0
0.018266343,52.45250533,203.951,3855.708,0
0.019125002,43.12032528,204.981,3276.75,0
0.019173434,53.52705711,200.862,3441.239,0
0.019365469,57.09268449,202.809,3311.945,0
0.023599271,47.816268,197.751,3152.257,0
0.018921352,50.75259774,213.45,3269.944,0
0.021627772,37.2513884,206.715,2653.951,0
0.021313833,55.619511,201.535,3252.547,0
0.015312905,49.3100974,219.301,3151.167,0
0.028131628,49.86717598,203.731,2604.725,0
0.028661161,67.96942264,183.23,3852.436,1
0.016152302,50.7759655,197.3,4288.283,0
0.02378743,61.13741633,194.852,4210.506,0
0.035000807,55.69543414,185.597,2972.648,0
0.015256857,41.47007315,218.871,2594.952,0
0.017314765,52.27036169,205.019,3553.769,0
0.031475331,51.3414004,192.814,3802.89,1
0.02543055,42.75903046,196.41,2919.147,0
0.012486729,56.81267083,212.155,2878.057,0
0.020288056,47.10392913,196.938,4231.22,0
0.028379069,60.47898098,185.755,4335.217,0
0.033467923,38.78451162,183.281,3177.066,0
0.032890761,40.45541603,201.235,2364.649,0
0.014496074,43.42776162,206.546,2110.816,0
0.02716297,51.63122108,190.663,3983.98,0
0.032936212,61.53231206,188.068,2929.946,0
0.005520613,49.07576362,221.462,2592.545,0
0.019428093,54.91570066,203.437,3391.468,0
0.023319943,54.0147614,195.694,4056.39,0
0.012354412,66.11393434,207.564,2955.012,0
0.033939729,59.27762415,180.616,3571.228,0
0.019711606,39.96984093,202.725,3471.227,0
0.02122246,49.1072081,203.072,3182.706,0
0.04126704,55.55517579,178.862,3702.151,1
0.023681984,49.90782708,199.193,2951.989,0
0.025992649,45.99812928,207.103,2284.932,0
0.010649628,52.35202287,210.762,2418.183,0
0.018319084,49.61651971,207.615,2378.313,0
0.021518607,51.76031238,200.63,4394.447,0
0.031803818,45.73185189,205.619,2959.981,0
0.015055288,56.26976515,200.761,2778.584,0
0.043963437,43.13067343,191.389,2729.272,0
0.021582326,59.49498337,203.412,2747.558,0
0.023812381,53.27944132,199.447,3145.681,0
0.015393902,45.79015365,204.973,3836.326,0
0.033190016,47.64339182,198.532,2869.892,0
0.033873625,48.79396502,199.636,3775.996,0
0.022555083,44.9744294,207.209,2795.966,0
0.021148867,50.33860416,203.141,3072.844,0
0.018450223,,213.2,2094.187,0
0.027169901,37.63171361,219.936,2450.752,0
0.013578151,47.21063818,218.337,2667.753,0
0.02738286,55.25684872,183.015,3809.973,0
0.021053705,47.21240358,196.703,5007.929,0
0.019854178,48.62771337,211.554,2838.733,0
0.013745239,52.05275693,204.784,3395.529,0
0.012788601,43.12448721,213.906,3475.573,0
0.022770581,43.03798762,209.542,2887.499,0
0.03273109,48.19441768,185.111,3435.631,0
0.021622205,41.24305626,205.528,3020.308,0
0.018701414,67.80982386,193.475,4398.207,0
0.029346344,55.75598095,191.462,2955.23,0
0.031081549,49.22925911,182.207,3205.825,1
,52.18346262,180.155,3360.425,0
0.026672763,39.99064386,208.449,2541.773,0
0.026668403,60.76652776,196.927,2938.922,0
0.014139505,40.88525709,224.04,2846.402,0
0.015425825,47.58853212,218.52,3314.811,0
0.025497237,48.71212822,208.941,2274.698,0
0.032221429,48.98993223,189.873,3696.738,0
0.024609077,44.91868438,213.574,2867.568,0
0.013016517,45.47613184,217.603,2518.709,0
0.025878631,42.56078109,199.321,2786.697,0
0.027858129,41.67068326,211.475,2359.652,0
0.019379304,45.42037379,212.082,2525.853,0
0.033272046,37.50455146,210.042,1945.934,0
0.020366822,52.06572136,205.191,2782.822,0
0.029742695,48.1710886,189.513,3180.399,0
0.018467584,41.34842113,190.758,4356.003,1
0.030071192,57.08722002,178.578,3883.081,0
0.029987607,42.17886298,204.017,2436.217,0
0.022987696,48.70482265,210.264,2251.988,0
0.011805189,51.63262,214.316,2475.26,0
0.034045417,49.98940215,195.071,2797.213,0
0.031285436,53.39518783,185.17,4497.669,0
0.02662297,28.98939923,215.635,2417.972,0
0.031230891,34.25474023,206.45,2766.001,0
0.020367192,46.43434595,208.579,3098.158,0
0.033556487,49.58031229,200.299,2601.033,0
0.024795361,58.56996608,190.772,3409.363,0
0.034229536,35.74859109,182.061,2433.108,1
0.019664038,48.37163528,215.2,2902.729,0
0.022720449,60.24104385,173.035,4834.698,1
0.03584484,41.57552837,205.277,2387.466,0
0.023781637,56.58279279,191.143,3320.162,0
0.020353501,44.99067392,206.685,2509.526,0
0.024597467,51.07502819,199.123,3405.715,0
0.021410572,36.979473,217.694,2120.192,0
0.030302548,44.88515204,194.19,3435.249,0
0.011755144,59.27157804,206.154,2826.065,0
0.031628855,62.07190579,189.702,4121.914,0
0.029517907,51.03984037,198.311,2780.201,0
0.011130355,43.72702361,214.472,2735.942,0
0.014899173,47.74814612,204.799,3328.11,0
0.015937471,,202.994,2950.384,0
0.021211319,38.82121193,210.079,2447.056,0
0.032887268,45.65452106,206.773,2296.586,0
0.028530748,34.70118981,212.487,3071.549,0
0.024729924,59.18186234,202.597,3152.288,0
0.023608387,46.23920958,201.441,3203.916,0
0.032954501,61.66751374,189.143,2339.463,1
0.027009781,56.15670604,191.659,3484.048,0
0.021183074,47.87575431,188.431,5506.115,0
0.045922599,40.76996597,187.102,2655.032,0
0.006073326,44.52538006,227.473,2363.658,0
0.031058266,53.49900915,203.228,2722.789,0
0.015377101,51.14273554,199.919,3599.744,0
0.018980992,63.62957039,193.943,3375.368,0
0.017000877,47.50145215,189.78,5194.324,0
0.026402674,59.47373403,189.595,3536.469,0
0.019098098,43.19215678,213.936,1352.316,0
0.021141988,42.58325736,222.416,1769.862,0
0.018034923,60.74932456,204.192,2849.213,0
0.036658873,37.55297533,202.699,1551.03,0
,48.41107034,212.529,3482.24,0
0.0240791,58.37440362,190.609,3920.12,0
0.010827786,51.19873363,210.593,2952.258,0
,55.40825686,203.681,2934.042,0
0.027456281,41.15167452,204.777,2496.536,0
,50.65457213,194.647,2878.847,0
0.023841578,55.78463202,192.853,3934.871,1
0.022298098,43.66343475,206.145,2831.76,0
0.023919712,41.97298592,212.203,2811.309,0
0.025206921,54.31471255,212.347,2346.483,0
0.027386729,45.8496334,204.901,2343.913,0
0.026391757,48.94595615,203.245,3472.946,0
0.030226964,40.92713671,195.521,2629.88,0
0.026850497,54.44340907,199.357,3682.759,0
0.015746601,66.86443283,200.388,3830.626,0
0.031916987,59.41962913,201.733,3754.632,0
0.022082414,50.64359172,199.188,3344.473,0
0.027300993,51.94618965,170.642,5482.179,1
0.019419732,51.86477391,199.144,4233.541,0
0.025085623,49.12593334,193.806,3571.796,0
0.03456943,,180.94,3984.868,1
0.015194316,54.42143072,202.088,4139.431,0
0.021204669,54.2034949,201.886,3434.149,0
0.025108225,34.34923135,213.179,1982.473,0
0.014150495,39.30271786,228.792,2116.662,0
,,191.558,3079.339,0
0.024237455,51.50057262,201.415,3169.856,0
0.027347123,35.03940591,203.505,2315.133,0
0.022429832,55.60551439,197.142,4008.98,0
0.019086287,56.73705234,200.13,3000.017,0
0.037887932,54.13790192,175.649,3487.97,1
0.02133043,52.34145706,207.428,2647.921,0
0.016241402,35.34656848,214.02,2842.621,0
0.027717928,43.09104247,196.995,2928.793,0
0.031578701,54.19100593,185.378,3775.769,0
0.006277814,47.58457712,210.43,3187.002,0
0.030056139,45.02128965,204.539,3027.446,0
0.016337123,47.45279782,206.455,3379.893,0
0.025487171,51.55958001,192.751,3495.49,0
0.012362786,48.34244111,218.238,2946.08,0
,51.58533872,200.894,2431.415,0
0.015389154,56.23186896,205.989,3593.42,0
0.009739688,53.86512804,208.261,2762.376,0
0.015407185,42.44491086,206.147,2707.082,0
0.026466367,41.38314313,200.611,3773.271,0
0.020355508,40.95352549,214.044,2754.936,0
0.024545649,49.08988145,197.527,3146.799,0
0.016489983,54.85913141,199.884,4802.207,0
0.033635385,46.31313867,190.695,2748.294,0
0.023639937,65.39812225,192.14,3166.67,0
0.022747331,56.13133516,198.84,3066.308,0
0.021303842,65.17478776,201.812,3835.579,0
0.020918504,45.70339256,213.862,2283.386,0
0.005150514,43.73956093,223.865,2797.715,0
0.019011021,50.67405567,199.272,3945.451,0
0.024262948,40.23442943,210.78,3025.748,0
0.021361528,54.51502937,196.537,3815.595,0
,63.62611431,197.488,3829.465,0
0.010631391,69.57110634,190.521,4316.871,0
0.040368924,49.60173869,188.558,3932.9,0
0.015137183,50.13217283,213.435,2496.204,0
0.01736507,51.93626406,215.335,2607.111,0
0.016055606,51.44038333,217.773,2577.286,0
0.027465066,51.20670003,177.014,4499.095,1
0.018648398,32.54413051,230,2650.186,0
0.022530567,55.22176638,211.568,3182.186,0
0.012038113,47.20077683,213.197,3247.512,0
0.017246756,58.16022103,190.922,4147.856,0
0.019306577,47.20156029,209.851,2680.701,0
0.024609329,48.70701369,201.227,3434.407,0
0.024165815,37.64785897,214.954,2430.158,0
0.013026079,41.05682597,216.585,2357.131,0
0.023382012,54.06383171,186.632,4052.894,0
0.013078397,50.17144086,218.913,2578.25,0
,38.93800889,224.681,2431.848,0
0.019886775,47.24719194,215.386,2710.727,0
0.025387927,43.71845267,203.02,2962.312,0
0.027420943,59.38967625,194.499,3794.179,0
0.020352012,65.08697334,204.509,2188.242,0
0.027625158,51.82095651,201.842,3535.522,0
0.020512574,49.79050343,198.221,3551.07,0
0.026642119,34.68499206,208.372,1986.804,0
0.019756792,49.63276112,209.145,2657.634,0
0.020160638,44.23051249,211.236,2824.136,0
0.019388821,61.37236846,190.349,3923.973,0
0.023835601,54.50451478,194.816,3486.517,0
0.012958629,39.73262019,221.344,2698.78,0
0.030615022,70.16335264,177.879,4291.776,1
0.033768304,55.32126944,197.186,2685.968,0
0.029246886,48.67524692,190.895,3493.436,0
0.01002856,,230,2418.258,0
0.0133038,,210.082,2821.248,0
0.025373232,53.93758752,190.898,3385.933,0
0.017480409,41.29434467,217.093,2480.117,0
0.020933305,53.40685892,193.753,3820.838,0
0.0156345,43.44644755,226.659,1636.634,0
0.023128567,,195.949,3475.69,0
0.02330828,43.39331584,205.878,3004.955,0
0.025222828,54.34351636,203.97,2906.58,0
0.029411693,52.87610649,199.963,2950.61,0
0.021799707,41.44128692,205.621,3439.236,0
0.031338609,60.82479096,191.795,3535.391,0
0.025251901,50.51670582,204.524,3208.491,0
0.022804974,53.98705202,192.863,3412.469,0
0.024564027,46.07427391,207.018,2877.267,0
0.018829747,48.83120662,196.612,4488.062,1
0.030529348,43.54428251,205.415,1727.683,0
0.008522554,31.06165751,230,1412.424,0
0.024472996,33.81637165,203.66,3319.338,0
0.030953262,42.92469363,205.108,3261.447,0
0.021453546,51.84030172,206.514,3001.585,0
0.019598195,69.23586735,195.421,3566.433,0
0.025072716,49.57419666,201.418,2832.791,0
0.014153635,50.23380258,214.673,2923.347,0
0.02648803,60.64573157,189.481,3777.322,1
,44.67877709,212.401,2772.966,0
0.023096896,60.86525092,196.388,4395.705,0
0.033713593,40.61654973,199.355,2674.424,0
0.022162995,54.1325364,197.069,2962.517,0
0.022780566,51.80634361,195.572,2872.312,0
0.031054259,49.71163129,203.568,3529.626,0
0.016765215,34.53983355,223.033,2401.867,0
0.024674771,47.63694068,207.048,3107.587,0
0.034417682,60.10833591,183.119,4370.833,0
0.018117145,,201.651,3159.562,0
0.031540899,33.10972558,206.465,2197.336,0
0.034707956,54.70243514,181.715,3102.301,0
0.005,54.96216074,214.233,4127.077,0
0.019274678,43.5991593,212.951,2958.408,0
0.016935412,61.02750992,207.008,3118.741,0
0.024738013,55.05064485,181.447,5818.951,0
0.024910707,65.54344337,188.322,3381.005,0
0.03131519,55.18556866,167.581,4115.136,1
0.010377913,40.8689954,225.039,2077.93,0
0.020728074,57.69084759,197.133,3639.867,0
0.018433587,46.39636658,219.225,2234.537,0
0.017824257,42.93775647,211.537,1875.539,0
0.023073082,46.7852731,221.046,2248.463,0
0.017049618,48.0406522,195.538,4442.977,0
0.010304843,39.02526408,222.094,3198.308,0
0.011240953,,212.763,2840.048,0
0.023527718,51.63029649,197.613,2602.485,0
0.038407302,61.22023082,187.053,2961.033,0
0.032588059,46.4682392,197.865,2953.642,0
0.031170408,44.54008613,198.516,2602.779,0
0.02271009,54.88102701,187.194,3933.738,0
0.029447764,40.98276718,202.291,2700.711,1
0.020754018,60.25932781,203.949,3596.127,0
0.028353201,48.20266856,195.438,3204.91,0
0.016355061,65.23125224,206.184,3082.61,0
0.025218584,45.93374188,210.663,2813.596,0
0.024118698,45.50836715,206.525,3682.129,0
0.017937348,50.53254489,204.386,3227.507,0
0.035024225,50.46190196,195.764,2895.033,0
0.026005523,58.55925664,185.244,4174.391,0
0.014612705,60.58814347,188.279,4738.613,1
0.005416663,41.33479819,230,2479.136,0
0.01867961,53.40666087,202.962,3382.145,0
0.024578115,55.13773832,198.732,2859.232,0
0.026872817,50.93444934,192.316,3907.567,0
0.028230147,41.75087296,210.89,1609.848,0
0.021588117,50.48534785,215.69,3602.944,0
0.009710046,50.47883122,211.303,2967.602,0
0.018529994,51.08005441,212.633,2183.557,0
,48.8044529,207.855,3313.454,0
0.014691885,54.55422508,205.729,3416.932,0
0.033393143,72,173.799,4328.22,0
0.021649513,43.85957556,217.272,1729.117,0
0.018581132,,200.568,3296.952,0
0.019784818,39.82925029,214.675,2298.317,0
0.020785071,55.47293012,203.351,2681.037,0
0.00833924,50.28574474,221.194,2252.227,0
0.022816741,52.39388019,195.756,3907.052,0
0.040919618,69.29192888,170.298,4509.72,1
0.025179626,46.48541455,188.001,3586.893,0
0.022258458,47.92947853,205.985,2753.946,0
0.03753766,47.32574261,185.163,4128.281,0
0.033248396,53.37136098,193.482,2968.689,0
0.022275166,45.25110705,200.999,2876.159,0
0.030870128,46.37054164,201.693,2834.959,0
0.017853788,56.8439792,199.926,3294.831,0
0.025656622,60.87626847,195.733,3816.823,0
0.020771872,63.69672742,200.612,3687.426,0
0.02200507,54.16619818,204.557,2263.198,0
0.0266745,57.54404372,182.897,4259.084,1
0.022363239,40.91665872,207.483,2980.338,0
0.027014911,48.04231517,198.294,2557.533,0
0.022177675,45.30462225,207.753,2927.546,0
0.043802582,54.78118336,183.585,3036.284,1
0.0145327,51.06068296,215.575,2796.705,0
0.009750575,46.48284267,214.435,3290.348,0
0.020981514,44.16160996,204.591,3475.751,0
0.016589362,57.41239552,205.378,2701.258,0
0.036009885,60.76028237,185.418,3632.397,0
0.034626208,54.55223737,179.827,4070.498,0
0.01315684,52.51730743,211.911,2687.281,0
0.026639815,45.66042986,199.285,2331.124,0
0.021436059,55.70505845,204.773,3045.092,0
0.013018546,57.71203049,211.617,3109.204,0
0.035150748,52.64897878,193.341,2877.725,0
0.014428423,50.63724654,214.42,3209.526,0
0.019209949,44.53266854,202.881,3830.388,0
0.016626744,43.92532722,216.706,2888.816,0
0.018636272,36.47576126,219.371,1962.62,0
0.020136776,47.97761935,214.416,2708.308,0
0.011056304,56.64411935,204.056,3104.29,0
0.013511895,44.71119408,214.568,1407.358,0
0.021325275,37.02437879,213.637,2317.123,0
0.021278663,55.48356929,203.8,3255.104,0
0.0195068,,209.637,2901.755,0
0.026466663,40.44125935,173.168,6089.543,0
0.018801858,46.1630883,198.11,3645.079,0
0.018445901,52.0613208,188.533,3939.889,0
0.019920023,58.70383337,203.641,2680.977,0
0.016375206,43.89999134,212.814,2489.855,0
0.00866243,44.65021273,218.337,2593.424,0
0.028797941,,205.348,2624.298,0
0.029184706,63.78739371,191.496,3320.842,0
0.02183241,49.17563686,196.829,3170.698,0
0.005,43.07900296,218.103,3473.905,0
0.014898752,46.41001133,214.985,2758.337,0
0.019031292,56.80922122,202.037,3035.155,0
0.019529073,57.69636309,199.307,3442.515,0
0.021944984,52.9324262,205.656,3459.992,0
0.027673724,48.87411278,200.936,3309.996,0
0.015998713,54.63069722,192.801,3714.431,0
0.030534659,40.36621867,205.749,1897.071,0
0.024073151,60.77909402,177.759,4142.47,1
0.020530477,58.76628652,203.819,2941.92,0
0.024088713,32.28878799,214.518,2193.131,0
0.025043756,48.48252789,207.461,3276.876,0
0.02332496,42.90403883,203.994,2928.516,0
0.015136663,52.74164597,213.741,3420.375,0
0.03336602,63.08222342,179.19,4077.104,1
0.022519809,49.71141947,198.737,4030.539,0
0.0210845,,211.753,2578.638,0
0.025725976,49.79905065,208.076,2594.499,0
0.019532229,56.02420805,201.092,2687.938,0
0.017300992,44.82538857,209.433,2448.945,0
0.023096282,44.17882609,201.079,2818.607,0
0.042862901,50.57513655,192.332,2796.206,0
0.023810004,41.25495484,210.145,2149.235,0
0.026900456,64.26293066,188.604,2774.788,0
0.006842384,62.37243145,208.415,3341.596,0
0.028217547,46.2677682,193.744,2828.777,0
0.023850465,59.02023474,184.472,3653.783,0
0.026230741,35.11984671,213.027,3456.018,0
0.037686548,58.96944211,165.699,3855.739,1
0.020682048,55.87050729,208.192,3108.014,0
0.025348954,34.83042994,222.388,1589.432,0
0.026353707,50.20747652,195.43,2385.173,0
0.028714558,38.9542352,204.052,2373.918,0
0.030115089,44.99026011,194.39,2720.837,1
0.024866854,45.23701025,207.688,2307.604,0
0.028558886,,193.887,3452.393,1
0.036049494,65.71411709,179.509,3634.776,0
0.025585936,41.5081908,205.479,2238.037,0
0.018592617,59.37010581,192.558,4085.02,0
0.018448452,52.51359914,188.442,4872.513,0
0.035810453,44.13793628,195.092,3148.224,0
0.019151886,48.14865398,206.331,3048.588,0
0.022198211,46.70926602,199.723,2786.383,0
0.02744475,58.58335024,191.953,3724.425,0
0.013336532,44.94752156,213.481,3226.607,0
0.03226496,35.10445183,206.271,2245.784,0
0.027250314,44.44128641,187.619,3791.007,1
0.020305902,61.2520358,204.098,3638.737,0
0.013088454,43.73750982,211.559,3952.512,0
0.024182239,47.98635473,197.985,3709.639,0
0.032929646,59.88962978,156.606,5579.774,1
0.036217316,56.12915676,197.651,3362.874,0
0.031750409,49.43700653,187.718,3199.052,0
0.023693578,44.09154565,200.932,2573.547,0
0.025286488,61.63618049,193.117,3988.527,0
0.021590759,57.1217228,204.666,2491.062,0
0.029636899,39.78451106,205.853,2457.74,0
0.030031489,58.40643332,194.796,3450.849,0
0.027088779,58.1006275,183.021,3895.835,0
0.023970722,55.90073095,200.207,2871.184,0
0.034112516,52.05413073,153.991,4699.025,1
0.027433583,57.44946732,198.88,3082.458,0
0.02698409,50.03789446,200.177,2789.061,0
0.013439155,51.93060996,212.34,3544.518,0
0.02439805,55.57328513,183.064,3896.356,0
0.011682817,62.55920553,206.932,3177.977,0
0.021652226,53.48719651,199.506,3150.319,0
0.033728668,50.79881945,188.669,2983.063,0
0.005,51.40825261,221.695,3313.585,0
0.018893691,55.34564745,203.258,3363.24,0
0.028446768,43.22474415,208.496,2697.248,0
0.014214648,47.20374593,210.463,2938.952,0
0.023830593,32.84244178,219.466,2108.279,0
0.01888907,33.07784298,225.321,2358.316,0
0.0195187,56.63905018,203.273,3711.691,0
,54.39220738,189.722,3689.115,0
0.019021117,51.5669699,208.164,2635.566,0
0.021514461,42.76923568,210.126,2581.777,0
0.032920839,54.41960598,191.678,3093.988,0
0.035117143,58.43989718,190.6,3034.539,1
0.023513306,55.97406735,193.519,3129.534,0
,57.77639666,205.032,2871.673,0
0.023089858,53.34296488,199.618,2882.219,0
0.033826248,64.47604651,175.783,3719.595,1
0.026422564,55.42176034,187.329,3970.529,0
0.028968818,35.65686633,206.915,1775.149,0
0.037942568,53.314784,168.386,3391.497,1
0.023647224,47.82526147,207.797,2691.507,0
0.020667051,49.39331987,206.511,2560.255,0
0.022719937,65.16082919,201.709,2740.592,0
0.032296944,38.39678496,208.546,1983.922,0
0.024044555,72,183.347,3267.156,1
0.029734216,45.65031325,189.694,2940.76,0
0.019397814,56.72480783,200.017,2843.541,0
0.01173843,48.22894441,205.39,3708.778,0
0.026021185,63.78567079,181.883,3475.287,1
0.015480874,48.75601531,210.385,3698.441,0
0.027806921,57.54568452,196.68,3200.697,0
0.025267235,56.61096748,189.388,3557.467,0
0.017432371,49.30972673,186.624,4476.193,0
0.034073089,55.67837715,180.996,4047.338,1
0.027404449,56.04648689,199.02,3183.201,0
0.033077423,60.41565232,188.808,2531.165,0
,44.18240817,207.444,2748.767,0
0.027615701,57.14958187,197.395,3388.921,0
0.028626932,60.84093512,180.804,4214.738,1
0.02663455,47.39678645,206.6,3303.873,0
0.028608427,50.35742586,199.335,3158.038,0
0.017028361,54.75875508,200.15,3719.335,0
0.018464349,44.61719122,211.601,3415.161,0
0.027078386,52.00887776,199.436,3288.8,0
0.025248393,71.58973592,184.435,4237.32,0
0.015411505,43.69837314,215.48,3627.586,0
0.032399573,41.34922918,182.518,3763.933,1
0.029485111,64.4026121,173.332,3638.969,1
0.028577449,40.06793272,196.474,2918.464,0
0.024061478,57.88066715,191.002,3018.209,0
0.026993014,47.19548065,201.946,2061.23,0
0.029357225,47.68726632,192.055,3120.371,0
0.023849639,49.9138064,201.613,3152.088,0
0.018932429,68.70331524,185.521,4704.598,0
0.02563276,44.22393936,204.12,2754.389,0
0.019264916,70.49934482,188.523,3758.324,0
0.033599272,53.11368194,182.924,3938.539,0
,53.40077223,198.158,2617.508,0
0.024806006,42.28183397,213.006,2368.91,0
0.023718874,49.73712951,213.731,2004.011,0
0.030669943,47.58012657,197.844,2988.989,0
0.02486902,54.94870091,196.208,3311.468,0
0.027678823,36.71547063,201.895,2278.543,0
0.021772829,48.41825041,207.095,3795.214,0
0.017057455,40.5198295,217.434,1976.917,0
0.010477783,54.96999048,209.713,4141.874,0
0.022845284,,225.645,2076.875,0
0.026161063,39.76808951,204.082,2460.031,0
0.026563604,70.8734879,175.243,3633.9,1
0.027026892,59.14197527,199.895,3406.466,0
0.025722451,36.88492085,215.807,2630.251,0
0.023073549,45.58079826,187.562,4527.536,0
0.025496282,53.39023814,190.601,3837.591,0
0.029951266,53.94738427,194.427,3704.441,0
0.018873428,47.23734164,211.954,2513.044,0
0.033041916,54.33867522,163.237,4245.081,1
0.027918997,50.14808229,185.917,3954.068,0
0.023900384,46.7367527,205.57,3067.203,0
0.041986629,55.71468598,191.373,3225.209,0
0.02632928,48.46179779,196.75,3686.105,0
0.022612146,57.68077036,202.022,3948.982,0
0.02115729,58.26382057,190.086,4359.423,0
0.022982734,36.5371493,211.816,1745.393,0
0.038428482,55.30003898,185.703,3908.347,1
0.029602558,56.31859639,189.913,3221.98,0
0.022272284,62.74139393,190.775,3262.933,0
0.020958035,43.08020839,215.482,2468.667,0
0.028110871,54.74080932,194.867,3315.156,0
0.020305041,49.30879642,208.843,3108.323,0
0.02707502,51.7215319,209.258,2741.134,0
0.021573362,57.39861335,180.699,3510.965,0
0.011583711,50.01588657,216.441,3199.98,0
0.022886443,61.8578477,199.99,3070.055,0
0.023997467,61.78637516,186.86,3761.515,0
0.008525175,47.82804453,213.711,2996.719,0
0.027886768,53.61771331,199.602,2670.673,0
0.029300876,51.20765026,194.703,3230.024,0
0.041342707,43.05015549,193.02,2505.401,0
0.030941051,46.05047968,192.174,2859.092,0
0.015073133,39.81314499,222.158,1587.334,0
0.027532126,41.8565313,183.378,3894.471,1
0.022268733,53.66468339,205.547,3722.769,0
0.033291409,48.32920384,190.851,3202.391,0
0.020521892,41.26142422,215.413,2199.26,0
0.029386678,50.53846829,208.362,1893.865,0
0.018618001,57.16313293,190.395,3686.778,0
0.016525042,66.94153944,200.771,3526.892,1
0.036067015,50.885783,201.639,2875.528,0
0.029769606,53.10051727,194.932,3908.115,0
0.019974125,40.00720909,220.107,1595.183,0
0.024097157,53.22694011,196.001,3510.519,0
0.017855309,40.32134884,216.352,3219.634,0
0.024329117,41.50264847,210.139,1888.079,0
0.020578457,44.70008539,202.201,3470.85,0
0.027347665,46.1477737,213.916,2477.263,0
0.021000628,57.74638899,202.447,3696.139,0
0.032038291,51.93093122,193.932,3136.313,0
0.028651788,45.38269459,200.748,2888.932,0
0.024013394,41.40871643,207.691,2674.332,0
0.027638919,45.71806065,210.618,3261.948,0
0.027781936,53.04353279,191.35,3555.334,0
0.031789304,49.88675489,200.014,2627.179,0
0.019824716,54.91871514,199.383,4180.336,0
0.024188806,46.69626884,199.347,3120.46,0
0.024786128,47.81208701,207.777,2840.083,0
0.025530973,42.70182882,206.086,2415.941,0
0.023231462,56.51846063,194.039,3745.961,0
0.036027094,43.09834172,187.84,3769.647,0
0.029689139,38.48036466,213.223,1723.666,0
0.022986034,48.29656836,208.354,2735.883,0
0.024211851,65.29467232,187.095,3707.957,0
0.015098659,34.62019851,200.23,3634.362,0
0.021071558,46.79678149,209.845,2944.216,0
0.024495287,39.46909715,213.481,2524.378,0
0.027256583,47.51764126,204.377,2574.608,0
0.017246106,43.8100915,207.723,3398.186,0
0.025163854,48.22401728,203.615,3424.862,0
,51.32297866,207.702,2947.572,0
0.017446562,46.63704328,201.191,3300.811,0
0.020555719,56.77136896,214.98,2432.647,0
0.016548777,50.38048559,205.953,2731.927,0
0.026481386,53.80755678,198.43,2879.086,0
0.019640931,57.59619222,203.039,4590.025,0
0.024198999,71.79365489,182.483,5529.105,1
0.035372287,46.4283802,175.282,3531.554,0
0.02604054,46.67808434,192.998,4373.334,0
0.016298318,49.15172727,202.351,3047.398,0
0.023842765,55.39479712,192.041,3900.726,0
0.027305336,45.07982153,201.295,2423.178,0
0.020483905,64.47528519,202.678,3026.095,0
0.021728838,62.08138257,191.436,3600.063,0
0.033076146,52.83056879,187.817,3493.197,0
0.024528631,43.62602914,203.7,2681.509,0
0.021083157,56.41060806,201.317,3293.854,0
0.026630006,55.04566759,201.508,3258.17,0
0.028612431,51.39818199,199.392,2769.56,0
0.026472108,43.96906881,205.43,2779.059,0
0.034976254,50.95903097,194.685,2603.059,0
0.023120717,51.53816098,201.657,3105.835,0
0.031053879,48.98985448,170.183,4368.235,1
0.019321791,67.22095442,193.389,4047.439,0
0.01765107,40.11774379,224.24,1773.401,0
0.023444632,45.61407839,204.174,3299.424,0
0.0219757,54.13855162,201.854,3308.597,0
0.011000199,50.21806106,211.775,3623.718,0
0.030725581,47.46342491,191.867,3552.083,0
0.023081248,55.4448487,201.844,2491.017,0
0.023311957,46.87867271,211.996,2593.043,0
0.021619676,47.53326604,215.092,2101.259,0
0.027706686,64.94191557,194.006,3792.021,0
0.022287705,51.85406484,205.002,3174.554,0
0.014221591,,219.013,2080.327,0
0.025035567,32.07160434,216.065,1761.82,0
0.01695049,72,185.238,4230.988,0
0.0229125,50.01860966,207.599,2914.441,0
0.024615867,48.34791239,192.863,3555.536,0
0.026087602,39.33012612,213.029,3019.997,0
0.022340083,53.51777489,205.996,2630.899,0
0.024530098,,201.603,2937.679,0
0.024027998,46.34119886,194.69,3739.43,0
0.021320417,40.71596331,206.669,3184.637,0
0.020150383,60.26049694,198.505,3537.888,0
0.023617851,60.42149419,187.833,4115.267,0
0.018500392,46.26906894,204.969,2634.759,0
0.014976245,55.49038394,208.602,2870.593,0
0.028647715,36.54538092,212.213,2443.932,0
0.026839776,41.6345309,192.719,4752.918,0
0.016831259,58.86944874,199.545,4121.878,0
0.024875261,50.77439249,211.899,3151.356,0
0.022038603,46.02433515,212.351,2048.914,0
0.034514454,38.99981248,205.071,2638.699,0
0.033754325,58.70718453,182.109,4040.408,0
0.034901313,,192.885,2614.332,0
0.02369737,46.82418868,208.105,2649.076,0
0.030249566,48.87518632,197.879,2892.046,0
,41.60488982,214.737,2828.706,0
0.029475806,,182.021,3667.883,0
0.037427331,,181.252,3678.636,1
0.02670398,54.10586577,194.989,3174.719,0
0.024281654,47.44730717,202.767,3885.279,0
0.023091996,48.7036625,197.767,3442.967,0
0.016171089,54.7850823,204.491,3060.01,0
0.026490701,42.7267531,205.938,2112.606,0
0.030076313,40.9261697,198.955,2624.858,0
0.025389713,47.2242591,193.112,3672.47,1
0.027554539,48.18536198,191.667,3598.574,0
0.026587975,57.0897829,190.515,3238.627,0
0.019730694,43.21103107,218.088,2884.118,0
0.018175463,49.60065851,216.751,2252.375,0
0.025945296,42.20322691,212.16,2202.455,0
0.011135487,51.50628601,210.876,3018.683,0
0.021861248,45.31124431,200.248,3550.06,0
0.029246588,62.5578908,188.477,4091.786,0
0.018146148,53.5797736,203.972,2734.921,0
0.020815247,54.71952937,194.462,2963.351,0
0.023425424,48.79675828,205.976,2811.299,0
0.028235927,47.65823361,194.281,3198.241,0
0.022127643,44.16826387,213.036,2720.872,0
0.028451246,54.42575058,194.296,3847.739,0
0.037453752,39.8944478,192.428,2924.663,0
0.029799933,51.5905295,192.998,3850.677,0
0.025736051,53.53003727,207.42,3064.592,0
0.021877588,40.27583137,217.74,1419.362,0
0.026337086,37.87747382,214.172,1198.55,0
0.032653433,44.63648252,192.657,3067.278,0
0.02858568,33.6490615,204.282,2496.781,0
0.026682566,43.46579987,205.681,2463.384,0
0.017684396,54.79813473,197.881,3317.046,0
0.022968442,41.67081108,218.3,1781.851,0
0.016785709,42.04351182,224.954,2823.962,0
0.025773688,34.02994371,212.201,2486.42,0
,60.17939771,193.892,4317.345,0
0.033625471,48.88025677,188.768,3691.5,0
0.026412868,65.56161871,179.679,4576.973,1
0.027685255,,198.922,2876.778,0
0.026010844,61.70492818,199.592,2734.496,0
0.026514851,47.46663701,200.028,3197.694,0
0.026534079,56.34528215,193.173,2842.853,0
0.012214342,66.28808254,201.557,3395.651,0
0.02606438,52.52422302,198.773,2787.876,0
0.030404595,34.09529872,204.925,2253.054,0
0.017568243,49.16347538,214.797,2795.306,0
0.028786507,41.21858796,196.234,3069.528,0
0.017863175,58.46947741,196.581,3204.852,0
0.016155807,49.68278312,200.167,3636.78,1
0.015638537,54.90135334,203.42,3548.187,0
0.03440076,43.28336769,202.029,2698.01,0
0.028299011,56.4852928,189.225,3040.582,0
0.0235582,57.09784272,198.096,3423.226,0
0.015276824,51.30991881,204.831,3459.226,0
0.018873987,35.87312503,220.622,2687.938,0
0.02054587,61.89085003,208.31,2800.11,0
0.023953428,52.82996194,204.816,2558.282,0
0.026908689,52.09496231,203.346,3243.461,0
0.035500791,56.68949805,179.022,4253.897,1
0.03780405,46.29643306,184.796,4276.402,0
0.029069286,55.35211578,197.311,3250.127,0
0.027904049,59.95625745,172.372,4079.677,1
0.014724946,60.79379638,197.223,3735.065,0
0.028904863,35.46380722,208.321,2911.367,0
0.024845201,70.38403003,192.382,3120.169,0
0.025942731,60.21402472,179.441,3657.368,0
0.027501662,42.25916363,205.314,2581.33,0
0.016632169,46.7441642,210.113,2608.009,0
0.019629577,34.72534818,227.973,1918.568,0
0.016281515,47.83882372,210.641,2626.274,0
0.020137942,45.90671679,214.409,2288.946,0
0.0231693,46.67230223,196.694,4127.181,0
0.020628522,,207.756,3800.601,0
0.03009638,67.43860512,179.386,4241.85,1
0.017577073,41.9455238,219.481,2584.895,0
0.015397272,58.66160445,197.379,2981.384,0
0.044245946,50.74852417,176.755,3045.577,1
0.034882541,48.7324876,181.729,2863.207,0
0.034161744,59.67949777,174.49,3568.861,1
0.026025988,60.86073397,192.613,3479.518,1
0.024291262,46.63131171,204.156,2750.907,0
0.037445088,52.02899057,182.696,2438.629,0
0.023054267,56.17408962,197.516,2984.261,0
0.019693114,58.70306372,191.047,3837.139,0
0.024992514,42.13582449,209.934,2321.332,0
0.011812889,35.84856733,230,2021.727,0
0.019810852,57.12625229,193.155,4380.142,0
0.024612859,50.83467996,200.104,2698.679,0
0.016864934,67.4567858,198.532,3917.787,0
0.028190885,58.38286511,191.967,3755.499,1
0.017463506,72,187.817,4152.926,0
0.017733125,56.32150995,210.021,3348.82,0
0.023957203,49.14654698,204.27,3181.692,0
0.015944178,35.10068579,220.301,2372.008,0
0.023635331,52.40000023,183.619,3973.362,0
0.026408444,53.474266,180.775,4783.932,1
0.02344577,57.52856779,191.751,4382.67,0
0.026512888,59.1201359,191.602,3571.179,0
0.021410123,53.18224879,204.951,3265.847,0
0.01591799,38.26893798,217.942,2146.845,0
0.014242165,49.65135798,211.136,2589.49,0
0.026359986,28,215.099,2246.058,0
0.017062017,54.31871458,202.605,4018.366,0
0.018381386,47.63233688,212.506,3268.922,0
0.035168074,52.11216499,193.042,2253.932,0
0.030920152,44.94550671,197.302,2176.429,0
0.036350326,45.46612435,196.946,2432.386,0
0.031489853,50.22948429,197.961,3122.989,0
0.028396104,64.5055766,186.522,4403.782,0
0.021584442,56.30977995,212.221,2791.797,0
0.025978783,46.49803709,193.41,3389.357,0
0.017092354,44.45583774,206.693,3217.248,0
0.022550647,47.63848809,181.9,3948.972,0
0.023677715,46.55513556,208.543,2852.457,0
0.022987078,42.08049232,203.657,2932.395,0
0.025523386,56.27114058,190.416,3581.716,0
0.023175689,59.74435482,184.257,4536.17,0
0.017699016,51.69716368,209.353,3740.519,0
0.027002321,54.39322156,197.725,2648.723,0
0.034263061,55.89944333,190.671,3232.769,0
0.021745917,56.15267925,205.251,3702.458,0
0.031848394,35.31981496,207.337,2370.275,0
0.024227252,45.8827911,211.223,1853.047,0
0.024296974,,201.338,3245.345,0
0.025656635,58.37615235,181.607,5544.979,0
0.028691726,54.96210292,201.325,3390.758,0
0.036736401,45.79438144,195.379,2560.676,0
,62.57376731,183.713,3330.425,0
0.024443863,50.2620304,191.856,2990.818,0
0.031138893,48.14844146,202.581,2536.648,0
0.023878462,52.4890665,200.718,2802.6,0
0.031461469,44.18644111,178.715,3929.502,1
0.021695437,47.58283917,211.452,3050.87,0
0.020457044,33.05989933,214.552,2801.797,0
0.036088711,56.359702,170.646,3558.87,1
0.021074637,57.88762533,195.781,3503.11,0
0.027828623,40.73984909,179.786,4139.02,0
0.017894846,49.98053092,191.716,3763.076,0
0.014689169,56.31695695,207.686,2943.985,0
0.023756871,28,219.13,2226.043,0
0.016304004,48.77621061,210.655,3109.665,0
0.010766337,36.10078555,223.833,2596.635,0
0.018403871,41.35954207,212.846,2724.168,0
0.008387396,56.28941581,209.406,2925.2,0
0.023666098,42.51257692,223.268,2610.136,0
0.013643616,55.45509139,204.857,4140.921,0
0.020135107,59.82539826,194.265,3058.294,0
0.031400677,,194.429,2910.54,0
,49.85745492,183.691,3537.258,1
0.034191671,58.24576229,192.644,2528.213,0
0.015923159,48.21744632,198.177,2931.075,0
0.012551671,35.08360413,216.598,2923.209,0
0.015497457,,209.668,3104.784,0
0.034759878,46.1742878,182.425,3079.497,1
0.01551994,53.50838267,203.169,3889.726,0
0.019725522,60.13313522,184.068,3661.969,0
0.016792843,61.21734355,196.622,3315.534,1
0.017158663,52.98503873,200.442,3059.693,0
0.029014185,,204.511,2247.701,0
0.026205784,50.20277941,196.902,3544.729,0
0.019735557,44.24058865,215.927,2736.543,0
0.023768357,40.41024746,206.64,2952.444,0
0.042289437,49.85300549,144.941,4593.707,1
0.03628954,50.20351492,168.226,3736.079,1
0.01478666,46.69731226,213.395,2964.906,0
0.024757229,58.89675994,194.16,3182.533,0
0.021276571,48.83970615,203.803,2938.198,0
0.022414591,32.13613378,224.884,2649.304,0
0.00683503,39.71272223,229.336,2557.333,0
0.022882002,34.05167682,216.34,1912.06,0
0.022166047,52.17867297,208.975,2900.669,0
0.01850339,44.51896683,205.849,4103.172,0
0.023142137,46.64012352,206.446,2789.243,0
0.017698827,47.69396604,209.941,2342.579,0
0.014700402,57.17430082,193.922,4155.78,0
0.024417001,42.85420036,209.427,2704.523,0
0.021664084,62.90016928,198.274,2711.922,0
0.009669841,46.23674572,220.636,2834.471,0
0.024212637,49.9547802,200.154,3405.541,0
0.025190224,60.22300003,190.446,3833.217,0
0.02099265,,202.364,3611.711,0
0.023821264,62.32167633,189.917,3135.786,0
0.034781405,38.4191622,193.439,3319.534,0
0.02329768,54.90128987,201.919,3260.685,0
0.020930083,39.65559065,213.991,2567.573,0
,72,191.408,4151.613,0
0.025961639,46.51209652,188.165,3419.212,0
0.015376793,47.86530836,210.098,3044.089,0
0.026828024,72,172.461,4615.953,1
0.034968157,35.2336008,197.432,2784.95,0
0.018222706,50.51261951,197.199,3886.2,0
0.016120561,52.40779022,209.079,2685.17,0
0.03293335,48.12445785,199.021,2323.182,0
0.019896672,54.92694479,192.417,3961.81,1
0.019400301,42.50591361,220.884,2325.381,0
0.020139739,63.82278105,198.381,3877.674,0
0.012321793,44.49106607,198.591,3988.717,0
0.023501559,53.70176554,202.956,3002.433,0
0.023839795,43.64383699,191.203,3639.635,0
0.018516594,42.10726946,217.134,2662.705,0
0.02994176,51.40821742,194.365,3376.471,0
0.018206416,51.13252404,205.373,3740.748,0
0.026256745,55.71656906,199.624,3896.648,0
0.019369329,44.13920849,208.892,2366.08,0
0.019732409,62.97520625,188.413,4229.769,0
0.017939022,45.67670077,208.73,2103.041,0
0.030502163,41.97984171,212.133,1168.522,0
0.023605033,45.18224563,213.528,2260.126,0
0.016229653,50.47960919,188.475,3925.596,0
0.019205637,40.29165731,222.926,2101.96,0
0.027788118,51.14930786,197.489,3062.975,0
0.027902177,71.60416063,173.719,3953.242,1
0.029111845,42.63177218,202.169,2252.175,0
0.025867043,41.23429422,206.862,2684.388,0
0.021697779,50.38736606,199.474,3243.201,0
0.017512113,54.81280793,199.685,3446.511,0
0.019293762,,209.186,3002.899,0
0.02160393,49.4508146,206.475,2610.173,0
0.036433724,53.02268632,157.513,5137.343,1
0.0276728,45.64962018,197.474,2093.879,0
0.02858228,39.2197664,207.042,2275.341,0
0.02295901,42.85811414,210.697,2623.439,0
0.031167245,56.34559096,188.55,3829.197,0
0.018263032,45.74915215,193.609,4116.682,0
0.01409146,68.02274474,193.248,4010.705,0
0.025264059,53.51807839,202.344,3086.504,0
0.034308712,63.07542324,177.466,5004.428,1
0.03277546,50.20885689,191.391,2999.156,0
0.02782817,49.73794643,205.263,2571.73,0
0.010926861,46.22595884,208.334,3975.403,0
0.024290257,41.52740343,211.314,2040.601,0
0.017180672,49.19585234,198.305,4554.862,0
0.013863268,49.29634224,195.824,4059.966,0
0.032792094,44.94670406,206.203,2467.175,0
0.012358895,49.14172717,217.35,2691.693,0
0.030740891,64.86339211,181.724,3493.498,1
0.020692552,56.55376344,195.075,3590.494,0
0.036909357,48.74972936,187.347,3351.653,0
0.032349564,61.02335516,175.523,4110.589,0
0.033587292,47.940287,192.46,3361.181,0
0.010539198,46.06179173,205.632,2968.629,0
0.0160058,53.57937926,211.202,2377.361,0
0.033350341,55.93567665,182.888,4046.531,0
0.027034903,37.29236407,209.998,3389.384,0
0.02118463,52.15561288,206.819,2981.452,0
0.028572611,49.73045631,207.614,3481.548,0
0.020432535,39.15729054,207.535,2720.085,0
0.031523781,63.86608497,181.04,3125.777,0
0.028227076,57.97240811,187.119,3571.9,0
0.026940429,51.1609782,194.836,3072.231,0
0.01865429,45.9711345,216.078,2772.604,0
0.022206055,60.72166478,194.456,4199.517,0
0.030788117,50.12431878,186.088,2829.914,0
0.014775168,49.88240667,201.544,3711.758,0
0.026959251,48.1368278,192.913,3146.348,0
0.033910712,50.99198114,188.14,3870.149,0
0.016070227,,206.698,3072.142,0
0.012990097,55.26915373,206.101,3322.512,0
0.02343865,39.34074624,215.926,3087.83,0
0.023894659,55.80777257,201.751,2593.303,0
0.017241285,62.50683969,194.477,4230.301,0
0.015552345,48.42373654,205.264,3260.27,0
0.022821118,41.50517745,206.637,2683.775,0
0.01784547,39.29188361,218.753,2512.234,0
0.025192143,44.5388364,211.6,1991.857,0
0.023620611,50.76028581,203.256,3412.019,0
0.029777646,59.77024733,190.727,3210.034,0
0.031315662,53.25913244,188.232,3183.903,0
0.034280638,41.80943223,162.292,4954.733,1
0.020402698,53.61494465,198.042,2930.017,0
0.02775033,46.79549169,198.47,3149.541,0
0.025766756,57.7912269,198.173,3137.119,0
0.02148928,45.24793225,199.154,3290.28,0
0.021679698,47.67839681,209.919,3402.897,0
0.025681194,42.09667939,196.964,3471.238,0
0.035103161,68.00860114,177.028,3209.114,1
0.018816992,36.5421767,221.715,2256.304,0
0.022695891,51.45390127,202.324,3394.393,0
0.02130131,42.90300985,208.868,3490.549,0
0.037855403,44.92797178,171.091,4912.857,0
0.028943729,53.01747119,190.035,3425.348,0
0.026812686,47.08805976,198.072,3163.791,0
0.027168162,61.4683668,195.649,3185.114,0
0.011218554,37.02511468,218.671,2437.293,0
0.01341386,45.49467317,206.771,2898.182,0
0.035326281,60.67339701,193.302,3059.999,0
0.037210509,38.88451395,207.082,2528.998,0
0.016218702,52.19540036,193.634,3657.379,0
0.034572995,59.75792272,190.626,2986.943,0
0.013590914,58.6615503,204.984,2619.169,0
0.024619758,,192.645,4525.605,0
0.027109124,57.93224337,189.085,3686.008,0
0.024477327,33.12288999,222.581,1908.763,0
0.019489611,48.22939397,203.138,3582.656,0
0.02483739,56.97473762,198.314,2792.335,0
0.012680118,,226.382,2496.207,0
0.020070852,61.71268106,201.624,2649.133,0
0.025932137,51.08637079,203.605,3356.519,0
0.026453103,50.57703537,191.288,3001.529,0
0.028423051,52.02163323,197.828,3209.633,0
,38.60454082,206.292,2954.457,0
0.020226671,52.74540857,206.352,3112.851,0
0.021650119,44.29431613,207.423,2593.854,0
0.025568253,50.99916424,192.314,3224.824,0
0.025698963,54.02449401,205.457,2931.094,0
0.02604364,28,220.644,2488.64,0
0.032941387,34.15175334,193.214,2384.423,0
0.016372924,50.74580304,207.776,2925.544,0
0.023169749,64.12083328,192.529,3437.716,0
0.032401182,56.73059117,188.347,3266.771,0
0.027795319,44.04328625,207.592,2709.311,0
0.020409184,57.46310687,206.02,3299.819,0
0.018562071,56.18751526,188.344,4462.081,0
0.017783125,57.99605476,200.811,4024.835,0
0.024773104,56.99582021,203.469,3462.903,1
0.031448663,51.78587216,192.414,3270.112,0
0.022974965,61.58035572,201.291,3616.039,0
,44.56939267,212.329,1934.54,0
0.027806272,38.12466414,194.525,3450.474,0
0.020808676,56.27336276,205.359,2672.803,0
0.025565615,44.70704732,205.385,2600.699,0
0.01769678,48.76033892,190.371,4737.521,0
0.018574663,63.08981318,193.099,4303.229,0
0.02794569,47.36863227,200.39,3364.995,0
0.016594943,50.09008774,204.775,3747.31,0
0.020757696,50.34192772,206.023,2421.48,0
0.025937784,54.53984931,193.277,3905.027,0
0.020504202,51.67292071,189.729,3526.228,0
0.025833197,47.67662576,214.093,2021.92,0
0.026653757,54.87849824,196.348,2679.839,0
0.02855187,51.10738854,185.222,3754.744,1
0.016038021,52.33229803,192.697,4568.877,0
0.014632086,51.36792862,211.583,3106.566,0
0.029895135,43.78137189,202.995,3060.135,0
0.037276571,39.28056342,201.764,2752.36,0
0.025635701,32.4529105,210.122,2328.654,0
0.027813204,37.27002606,202.816,3269.993,0
0.025594052,32.74225296,219.389,2198.606,0
0.027195107,49.92152727,197.583,4018.451,0
0.027939956,,202.163,3021.545,0
0.021487502,50.74422352,203.283,2590.205,0
0.016935724,38.73240254,222.216,2465.273,0
0.032971256,46.90981831,201.477,3058.469,0
0.023420823,38.09096843,208.879,1711.557,0
0.029597738,59.50893556,197.799,3259.105,0
0.022487945,38.58897022,208.975,2373.131,0
0.037701528,59.5088072,187.707,3667.488,0
0.015334949,35.96902659,196.003,3148.206,0
0.036373232,47.90827571,180.026,2898.709,1
0.033004089,47.02417193,179.807,3229.749,0
0.032249587,48.03963599,206.918,2819.54,0
0.026812014,39.48399997,195.865,2634.244,0
0.016777404,53.36653922,210.531,3151.698,0
0.02373336,52.68952737,201.32,3455.303,0
0.030425889,57.86324971,199.787,2743.386,0
0.029614036,48.28278994,206.265,2388.034,0
0.020477379,41.24850983,217.709,1859.19,0
0.018760188,58.43701097,198.763,2959.434,0
0.022542322,54.76122323,190.498,3383.218,0
0.024646116,51.66984962,205.988,2888.155,0
0.021032958,50.39138697,209.042,2976.411,0
0.025433164,48.76317923,203.957,3200.198,0
0.014762861,60.16922081,211.537,3140.688,0
0.013459247,52.43621081,208.982,2780.384,0
0.027648819,53.79108209,190.755,3224.319,0
0.025066059,51.42780661,192.904,2477.189,0
0.023232722,49.54493257,201.31,2962.119,0
0.009150742,42.58979966,226.319,2054.159,0
0.024624796,32.95164091,211.271,1940.929,0
0.018491572,56.00426889,202.591,3357.682,0
0.025507102,49.45338694,203.209,3608.601,0
0.019155086,38.65405951,208.532,3522.131,0
0.017397677,56.96860029,200.763,3521.234,0
0.016287582,54.89077509,200.661,2673.827,0
0.031915552,56.06512609,187.123,2749.85,0
0.019304879,53.20208547,190.86,4056.503,1
0.025932613,55.39343919,197.035,3620.233,1
0.011633632,48.66833193,216.203,1961.911,0
0.016503608,51.25522414,210.012,2869.734,0
0.026454897,61.0138537,176.279,4716.081,1
0.027156683,47.233084,193.677,3857.457,0
0.030134305,56.92526931,199.298,3285.643,0
0.037491313,65.83493933,180.897,3511.926,0
0.018632194,41.0410481,200.363,2674.764,0
0.017556752,48.10373695,214.247,3144.695,0
0.037010176,45.66489277,194.223,3172.473,0
0.019121244,48.50067904,204.501,3272.521,0
0.033980297,52.90088723,178.995,3317.516,0
0.013248546,45.59161796,212.597,3113.261,0
0.027696945,52.58853028,193.599,3460.104,0
0.013999022,57.92898214,206.187,2964.421,0
0.024175634,41.31898435,206.116,3201.647,0
0.020417938,43.24355223,206.273,2955.775,0
0.011740145,51.0862191,202.256,3524.63,0
0.018820888,65.55910458,202.035,3308.588,0
0.007615304,45.09656564,199.499,4097.19,0
0.018683598,44.56545028,209.501,2589.749,0
0.022616235,36.22270663,217.545,2194.731,0
0.0172405,52.58940799,216.053,3339.394,0
0.036568843,39.81678775,178.016,2412.396,1
0.013629445,46.62034684,211.823,3648.446,0
0.039767839,53.5885318,188.022,3109.921,0
0.037438294,53.90357184,155.572,4999.111,1
0.018601179,43.47581192,220.03,2034.283,0
0.018447522,49.00586844,207.431,2526.234,0
0.030813329,37.87802738,200.611,2343.636,1
0.03021611,56.35819767,186.395,2926.154,0
0.035260625,41.90348373,194.794,2762.325,0
0.039375068,66.32662758,167.457,3942.994,1
0.030838608,48.18758189,197.14,2336.868,0
0.028816068,49.293824,196.826,3536.796,0
0.012727495,43.97986705,218.143,2664.438,0
,39.30333386,214.917,2716.097,0
0.024280714,56.47502245,204.836,2706.736,0
0.02680876,43.4057616,201.427,3245.493,0
0.026381852,46.5906408,206.454,3379.768,0
0.016538433,42.17298658,215.636,2892.348,0
0.011680033,43.58696792,214.504,2760.057,0
0.022525752,45.19383444,204.612,2742.716,0
0.018440691,57.22865876,206.865,2954.516,0
0.005,58.54940487,218.623,3117.616,0
0.013972766,59.39843378,206.886,3215.731,0
0.018616929,49.76877388,198.072,3319.301,0
0.030735012,53.92423052,173.059,3385.942,1
0.01822625,58.35001544,200.324,3102.769,0
0.017141637,60.07796755,197.933,4434.178,0
0.02435519,47.46245665,196.808,3411.762,0
0.024734865,28,223.382,1471.039,0
0.019573457,61.44086356,202.626,2903.661,0
0.028826581,37.45769862,211.547,2704.426,0
0.032406873,51.72189418,178.824,3483.169,1
0.023660309,59.05861564,193.309,3920.585,0
0.042571593,35.78693063,201.556,1525.314,0
0.027349713,67.38097908,165.126,4669.488,1
0.011500374,44.19080883,213.146,3610.435,0
0.036023467,49.4112133,190.369,3664.416,0
0.017315561,47.93277701,208.294,3226.372,0
0.026094857,44.35769989,192.455,3317.41,0
0.011066436,45.82468983,226.688,2483.52,0
0.023874959,52.15258218,202.825,3215.047,0
0.034878176,55.00025238,180.573,3344.988,1
0.03400227,52.11016596,175.299,5362.551,0
0.030908951,53.07001908,187.569,3851.767,0
,40.59149896,217.293,2524.365,0
0.021265557,53.67198918,206.879,2510.274,0
0.020460049,55.21968696,197.059,3004.461,0
0.030499707,43.40031056,207.096,1734.026,0
0.019513712,52.89644742,199.649,2870.411,0
,44.2780657,204.094,2529.805,0
0.020542361,45.73374961,205.397,3329.844,0
0.027124184,45.15784599,203.398,2695.581,0
0.017177577,43.43437288,209.559,2069.428,0
0.018021357,42.59353312,211.613,3138.782,0
0.027577382,57.50979761,192.146,3475.9,0
0.01070461,47.98802628,219.605,3082.294,0
0.030993235,39.42649397,206.62,2533.311,0
0.026639785,57.36740384,199.356,4251.476,0
0.032157495,50.49596233,190.823,3384.218,0
0.020554108,46.54938773,200.643,2698.735,0
0.019338642,32.7534528,222.272,2179.404,0
0.022665274,58.99461896,188.187,4013.58,0
0.01923169,51.93059639,202.365,2960.524,0
0.028711258,37.40421266,200.565,3243.846,0
0.031492883,49.35306246,201.345,3144.413,0
0.021255777,49.34662004,201.39,3269.51,0
0.023138731,46.0713378,204.257,3100.494,0
0.021129185,57.69701001,200.603,3811.189,0
0.022072237,42.25587384,212.806,2423.667,0
0.022667492,45.41754267,211.43,3027.76,0
0.033449401,62.49897254,184.517,2960.256,0
0.019508318,,205.433,3410.834,0
0.021979351,49.97633857,202.725,3665.738,0
0.016929867,37.05061955,214.24,2624.876,0
0.028634783,45.14338949,208.18,2406.258,0
0.016553487,37.62282827,214.295,2238.35,0
0.029734869,42.37954393,206.88,2305.523,0
0.028566938,36.51442627,216.492,1835.332,0
0.026912776,48.96991997,201.613,3530.043,0
,59.81944548,195.574,3737.861,0
0.018483394,,216.299,3811.859,0
0.024314493,47.63755643,203.217,3232.893,0
0.028345623,,186.225,4258.17,0
0.026176518,41.42460318,202.897,2468.877,0
0.016373244,66.01264144,200.801,3105.652,0
0.018636719,59.62037839,207.277,2528.713,0
0.021051705,46.16902239,213.287,3646.478,0
0.032145388,43.00879202,199.121,2951.247,0
0.02366928,,208.388,3490.911,0
0.021902698,42.18973057,210.627,2736.092,0
0.030056045,41.31403775,206.186,2626.222,0
0.01808205,42.86912229,211.794,2596.559,0
0.030236199,,197.542,2764.263,0
0.027310429,,217.843,1859.743,0
0.009946452,47.02567405,215.022,2756.197,0
0.015513325,47.24352887,211.298,3377.068,0
0.009638486,45.7640836,215.664,3117.132,0
0.026247235,52.96563442,204.598,2910.361,0
0.030921109,42.13087908,199.241,2671.559,0
0.028890855,56.61270288,193.977,3110.018,0
0.014282256,54.27792007,205.685,3253.158,0
0.023495853,32.25776327,218.283,2385.942,0
0.019210939,42.94157188,206.55,2878.801,0
0.014095438,52.16957853,201.546,2872.565,0
0.033045714,47.40000602,197.943,2517.844,0
0.024930374,51.07088396,203.583,2943.551,0
0.0270463,57.21817681,189.618,3899.733,1
0.028424952,44.42872089,206.439,2355.569,0
0.025237873,37.60609009,211.365,2326.428,0
0.014662307,37.08520858,223.185,3262.342,0
0.015603574,44.58723193,216.564,2427.153,0
0.034783666,49.75100289,180.57,4090.973,0
0.022841996,57.16867258,200.688,3658.892,0
0.036823357,56.05722791,166.511,4158.088,1
0.026754466,,176.222,5067.781,1
0.024133801,58.48725407,192.534,3045.209,0
0.025603863,35.07455757,206.879,2176.609,0
0.020138534,38.25029032,212.031,1914.511,0
0.032282653,54.84011151,195.385,3529.41,0
0.031959191,61.20345293,184.513,3707.955,1
0.026373134,44.10840853,214.532,2275.282,0
0.021138273,38.14089163,212.589,2532.69,0
0.024487153,48.62208324,195.874,2769.548,0
0.02564736,43.41648234,205.728,3085.312,0
0.007525562,58.25537184,207.298,4073.544,0
0.012071911,47.4853532,215.237,2791.429,0
,45.59751425,182.474,4037.134,1
0.023739029,61.31696128,197.521,2632.87,0
0.026385893,49.84922164,194.476,4062.256,0
0.019839733,43.66751127,208.67,3035.821,0
0.02982707,43.56660952,199.103,3138.642,0
0.016082289,58.14724065,203.657,4359.836,0
0.01720563,50.84968772,215.629,3110.88,0
0.035284795,45.44346174,154.563,5402.272,1
0.033486249,55.01354018,192.311,3104.052,0
0.026006977,48.4125531,178.638,4165.411,0
0.030572191,43.05073852,201.953,2364.496,0
0.019504474,50.28617185,192.967,5058.303,0
0.034168147,53.81224412,191.583,3103.258,0
0.025520363,34.78418886,222.084,1725.515,0
0.014219764,49.60217321,207.725,3368.125,0
0.036142401,49.46808306,189.264,3340.289,0
0.038681113,43.61887902,195.337,2133.402,0
0.025862508,52.14752105,196.992,2754.793,0
0.033019553,53.99128314,195.219,3201.35,0
0.009662874,,228.725,1664.451,0
0.018714176,45.72878952,213.884,2538.987,0
0.031098531,62.24080035,184.885,4122.636,0
0.017738154,41.08222519,216.038,2357.945,0
0.018689415,50.5043125,208.69,2997.439,0
0.031074711,,199.239,2759.369,0
0.009379599,52.56864139,211.71,3738.144,0
0.012056268,55.55857576,207.847,3393.989,0
0.028558132,63.098621,169.016,4669.114,1
0.025173133,64.45156062,191.893,3736.704,0
0.02184517,52.76137835,195.355,3292.352,0
0.024651903,48.38457885,195.34,3599.998,0
0.024964888,51.73119546,203.334,2830.549,0
0.019442232,41.7561325,206.234,2501.014,0
0.032530309,62.52805355,187.338,3184.195,0
0.028628519,47.52499775,203.026,2872.645,0
0.029009249,,205.718,2799.943,0
0.011429146,46.28841583,209.454,2820.936,0
0.022551892,37.31628514,216.979,2256.696,0
0.014993543,42.17458557,210.761,2581.556,0
0.031303553,44.94586472,180.179,3874.628,1
0.022302235,42.2109015,205.72,2621.469,0
0.021580337,49.17737237,214.615,2588.852,0
0.021280741,64.22244649,185.368,4151.505,0
0.025340941,46.78708953,203.841,2842.141,0
0.016256386,63.29174269,193.518,4267.118,0
0.005,51.97125852,222.864,2058.507,0
0.017134305,48.83355796,213.116,2806.539,0
0.017493715,52.87560072,204.397,2408.782,0
0.017982357,48.55854749,205.174,3608.369,0
0.031955981,39.79381489,186.249,2572.902,0
0.027301644,54.57576135,198.911,3368.922,0
0.029033355,,199.779,3232.316,0
0.025355178,36.6058619,204.083,2584.03,0
0.029991496,57.21465897,187.952,3851.706,1
0.029606054,51.95244914,170.532,5064.98,1
0.017456339,33.407354,230,1979.417,0
,66.75882599,184.791,4581.976,0
0.027930075,52.05472293,195.394,3099.238,0
0.021293325,47.43137674,202.572,3123.722,0
0.024051622,37.67184083,209.846,2792.732,0
0.030283423,53.1712353,167.626,3732.047,1
0.027306855,45.0972105,191.998,3182.713,0
0.026120933,57.27838706,188.947,4074.432,0
0.017086452,53.1648517,209.796,2913.513,0
0.031073986,39.13760247,203.772,2847.724,0
0.026417499,64.02641108,198.826,2550.957,0
,58.37041493,214.824,3015.48,0
0.020044918,46.97691813,184.132,4552.07,1
0.028730357,67.11095108,171.897,4503.887,1
0.035971923,42.17604534,199.738,2582.923,0
0.023250192,59.87167391,191.11,4256.5,1
0.036948908,53.78658335,188.635,3424.991,0
0.018638006,51.84993728,206.593,2824.624,0
0.020926415,47.16661271,219.013,2571.214,0
0.037372626,61.6629455,144.582,4428.865,1
0.020280196,45.75433974,213.507,3395.245,0
0.02784137,50.26245369,197.341,3775.163,0
0.030760737,56.43599688,169.031,4103.442,1
0.024807052,46.20861168,207.669,2646.953,0
0.035585962,52.83845545,186.225,3190.216,0
0.028513591,60.18818235,183.346,3944.61,0
,43.52658623,199.357,3148.415,0
0.02354516,33.5260988,215.857,2033.566,0
0.012923736,41.97248901,222.113,2753.699,0
0.018416728,57.38943154,202.151,4081.754,0
0.012059469,51.28812397,214.648,2373.747,0
0.023996783,51.49097253,206.06,2976.106,0
0.030925107,62.41786201,187.582,3455.745,0
0.030471373,37.03305961,207.538,2493.996,0
0.033520014,49.82746548,196.313,2448.683,0
0.028784234,56.00723815,189.654,3478.238,0
0.01824523,39.33930178,211.602,2441.454,0
0.030666657,57.59042731,191.047,4447.893,0
0.02640763,50.73123077,204.613,2401.12,0
0.030077737,45.23454515,198.103,2939.374,0
0.037288931,51.77024076,172.992,4079.693,1
0.010011678,39.43861731,222.212,3381.815,0
0.021592069,63.30672507,204.1,3243.625,0
0.027133299,60.13938156,185.586,3175.702,1
0.027244383,49.88484183,200.77,3066.261,0
0.017778127,36.20267256,215.816,1929.506,0
0.02315279,56.03254479,181.89,6043.994,0
0.018729472,64.38256373,191.309,4368.742,0
0.021297596,56.34366452,199.157,3727.079,0
0.021030013,57.34646281,202.133,3427.562,0
0.019813886,61.34882264,190.006,4467.701,0
0.02566864,66.14489395,188.431,3814.025,0
0.009177015,47.2436133,211.128,3608.444,0
0.027936987,38.77616754,212.886,1736.187,0
0.031340825,40.47709602,196.612,2389.333,0
0.027113883,51.09027083,205.937,2327.742,0
0.026479652,56.03407896,198.296,3417.99,0
0.019744412,54.0622077,205.131,3318.663,0
0.013176492,46.66236351,222.925,2223.866,0
0.023098771,50.88408894,207.919,2504.005,0
0.035309645,49.10505072,183.296,3921.547,1
0.027722357,44.41541818,205.62,2396.767,0
0.014462705,60.1361316,207.708,2843.332,0
0.019518118,43.71184223,216.882,2401.403,0
0.012534087,45.17578777,218.363,2729.783,0
0.023201723,31.28024437,216.797,2229.293,0
0.02405234,49.79712794,197.221,3798.681,0
0.025871204,58.5099886,191.265,2714.128,0
0.025474763,43.08325489,212.839,1920.377,0
0.026496626,59.56531897,191.045,3475.719,0
0.025276617,54.20264454,190.807,3347.581,0
0.036162765,53.31296966,187.368,2990.1,1
,60.5631882,198.176,3667.206,0
0.018274671,49.1823258,210.817,3176.855,0
0.0286263,53.88503722,200.029,3235.74,0
0.04261589,51.72369795,180.035,3566.418,0
0.024667938,55.07124617,200.717,2637.543,0
0.022031998,58.775171,201.985,3371.498,0
0.029282066,51.18020804,194.981,2838.531,0
0.023546312,45.67448622,215.737,2904.743,0
,44.64035154,192.681,3067.31,0
0.026119292,58.75298703,200.925,2901.408,0
0.023710044,58.43191033,198.334,2483.327,0
0.020124408,50.00247452,207.081,3224.085,0
0.012438756,47.10652049,214.971,2661.197,0
0.02890131,55.09823218,192.183,2912.654,0
0.040742251,54.64486785,183.214,3708.356,0
0.02296086,35.02474004,203.674,2485.114,0
0.01496117,53.07831718,211.438,2569.533,0
0.041882337,44.61546345,192.712,2906.328,0
0.020053974,51.93576166,208.727,2800.515,0
0.016818524,37.30094047,218.818,2351.411,0
0.012445162,50.72972131,209.941,2442.088,0
0.027279111,52.05353646,195.183,3249.773,0
0.021605213,42.8807823,214.476,2766.041,0
0.027175729,56.39941083,171.955,3995.841,1
0.031393638,50.63567524,187.127,3389.009,0
0.027024221,40.36493324,199.601,2935.993,0
0.022173512,71.82214314,192.214,3919.042,0
0.020714438,57.52249945,194.023,3578.045,0
0.020036717,41.18058749,218.635,2524.555,0
0.030151557,51.39300621,185.486,3607.078,0
0.029146903,42.97943011,196.998,2631.867,0
0.027951342,52.03190138,187.654,3633.731,0
0.017099938,,206.564,3131.852,0
0.034239971,49.05915425,198.22,3161.526,0
0.027010272,47.86546799,187.476,4305.537,0
0.028311561,34.89684137,206.342,1926.566,0
0.023804456,,209.086,2789.145,0
0.020675741,54.40603536,196.792,3675.847,0
0.023665664,54.07746631,212.727,2852.799,0
0.019751273,57.06992676,202.375,3540.153,0
0.032025501,49.58870277,176.798,4391.731,1
0.012789614,51.9341639,209.962,3348.638,0
0.03586107,44.61745434,200.092,2752.782,0
0.029115332,50.56144973,184.793,3051.213,1
0.015309253,52.79011211,210.486,2326.792,0
0.030518292,54.40834866,200.81,2406.719,0
0.024285307,44.92512105,191.783,4010.154,0
0.026999255,54.68224989,193.854,3199.113,0
0.020188686,37.17309209,209.926,2966.376,0
0.025303978,40.49277496,204.344,2815.05,0
0.034708334,57.07633901,184.883,3651.064,0
0.024069652,41.69310675,212.112,2273.469,0
0.031672691,43.08371748,185.755,3245.076,1
0.023460201,55.18131819,205.927,3131.08,0
0.028913276,62.33220039,182.381,4826.496,1
0.02391068,43.97596947,214.764,2320.071,0
0.033888339,52.47450218,194.397,2734.643,0
0.02834323,,198.281,2682.089,0
0.03389771,62.00551617,187.481,3308.197,1
0.02731385,56.35938567,202.73,2752.253,0
0.025786327,48.50247478,196.159,2327.473,0
0.01872003,44.59614028,214.389,1892.994,0
0.043295659,58.11792621,172.171,3342.667,1
0.011077144,46.9280455,216.816,2393.746,0
,60.16422021,169.631,4817.69,1
0.042204424,,198.945,1844.463,0
0.020008382,51.00291568,201.07,3147.189,0
0.017531765,47.30084072,199.634,2871.939,0
0.030294638,43.5663329,206.159,2029.843,0
0.032179478,50.30573273,194.415,2758.596,0
0.027584551,31.37810579,211.562,2004.12,0
0.025552796,52.93435156,200.955,2920.582,0
0.035185582,57.41669855,184.759,3542.138,0
0.011438257,56.3415211,214.449,2460.986,0
0.02110691,39.13287812,211.545,2598.854,0
0.023977,43.60455107,199.09,3044.479,0
0.036566953,59.29897559,174.948,4067.246,1
0.027640221,,175.598,3677.886,1
0.027768978,49.35790424,201.64,3823.436,0
0.032786006,44.42774857,190.351,2823.419,0
0.01016417,44.59250868,223.526,3702.175,0
,60.7923412,192.654,3907.33,0
0.031122077,62.32765385,181.345,4096.064,0
0.012285188,55.6564248,211.149,3469.984,0
0.02725949,55.42138188,207.534,3042.861,0
0.027438598,48.19945,202.213,2566.288,0
0.025178408,48.32019026,194.367,3270.161,0
0.018703797,39.09482296,211.806,2137.392,0
,42.44302288,218.792,1928.37,0
0.020548265,45.84428691,215.924,4146.035,0
0.038757583,52.18727724,180.912,3117.573,0
0.030671647,40.31772819,204.399,2975.209,0
0.027267182,50.58608143,202.796,2957.112,0
0.035739146,52.09558834,195.086,3262.627,0
0.02440791,49.17533774,203.099,2842.21,0
0.01576409,56.07423439,209.384,2473.024,0
0.025103199,63.41339622,181.188,4101.734,0
0.029846629,28,212.815,1930.761,0
0.021991651,69.16275547,192.288,3269.837,0
0.019431024,62.90704884,203.51,2885.97,0
0.030982028,49.53747229,193.383,3009.714,0
0.018038456,58.20255239,194.511,4171.015,0
0.023627616,67.11994441,195.194,3674.25,0
0.016519272,67.32747951,200.992,3491.37,0
0.017773993,60.90356851,191.011,3888.249,0
0.017568079,53.47541338,201.396,3078.405,0
0.027520218,44.27519336,205.647,2484.202,0
0.026061333,35.09460154,212.166,1821.481,0
0.018956459,62.59695414,196.892,3739.574,0
0.032994914,52.7731935,196.803,2842.536,0
0.016749341,48.91261015,220.317,2291.92,0
0.029905157,45.95915366,199.2,4438.077,0
0.011925413,63.16472374,210.755,2844.549,0
0.018248103,58.9218247,206.142,4045.234,0
0.026574019,44.28529518,197.643,3937.504,0
0.020387445,45.90544036,192.636,4593.991,0
0.013615007,36.29646863,216.748,2037.073,0
0.030678802,41.941107,199.733,2483.207,0
0.02495925,57.47334625,194.84,3671.922,0
0.016286685,58.69367257,212.549,2785.164,0
0.012197137,47.31307639,217.341,2641.871,0
0.017425726,53.8938265,201.699,4083.283,0
0.024470984,50.00135453,192.554,3048.17,0
0.028357575,49.48577346,184.923,3667.305,0
0.030172288,49.56435403,195.098,3283.383,0
0.027776587,56.55818648,180.581,4741.868,1
0.027331479,53.17548008,193.497,3401.909,0
0.027628462,40.89870307,207.387,2588.624,0
0.03080773,65.57909101,177.751,4354.166,0
0.034984048,45.28430505,192.859,2741.408,0
0.021683613,42.11937373,218.311,2265.786,0
0.020010668,54.57437678,203.607,3360.524,0
0.024977058,41.95525897,205.814,2728.527,0
0.026582107,50.7912834,197.784,2915.12,0
0.025286007,58.46808481,174.439,4866.938,1
0.019377223,65.84068403,205.485,3088.136,1
,51.7618333,196.777,3313.674,0
0.032799746,54.367329,191.848,3261.876,0
0.020539502,45.50306291,202.582,4030.481,0
0.014025414,58.4143046,204.9,2477.301,0
0.014193729,44.54750772,205.126,3578.971,0
0.034739884,44.11214665,194.151,3071.811,0
0.02359964,67.54242472,183.846,3894.576,0
0.027155493,62.49268954,199.965,3375.894,0
0.028745959,57.12286665,192.402,3530.986,0
0.023581027,48.75396307,203.728,3407.046,0
0.021982968,44.32054674,200.42,3630.052,0
0.015063543,56.26438557,194.673,3292.385,0
0.018759449,43.72451702,212.445,3240.723,0
0.019261999,,212.782,3124.494,0
0.020755568,39.71507181,220.779,2202.864,0
0.017694372,54.72209151,204.051,1973.03,0
0.02734898,48.08289158,202.55,2607.939,0
0.020958744,55.72888186,198.456,3533.287,0
0.043143369,47.5405063,182.969,3432.949,0
0.022425683,41.37564896,191.758,3888.987,0
0.017963459,55.0786017,209.576,3828.232,0
0.023633436,54.14441795,201.55,2930.889,0
0.024798972,57.7688891,196.485,3395.959,0
0.024635446,37.8556216,200.569,2777.341,0
0.02125167,52.97533742,204.68,3294.502,0
0.01749468,46.6395719,212.418,2955.708,0
0.017052799,50.21886392,210.998,3474.602,0
0.034576144,57.54089039,184.41,3651.479,0
0.023166257,48.81498534,201.286,3525.739,0
0.025669756,59.20102184,184,3751.135,0
0.029153143,54.63869297,193.12,3911.42,0
0.028655821,62.40790768,185.708,3479.907,0
0.008250183,56.24659512,213.914,2514.412,0
0.025040432,51.11186795,199.675,2835.655,0
0.023567982,,198.79,3513.568,0
0.019969437,47.86581254,209.436,3241.936,0
0.017037099,59.38609364,206.401,3502.655,0
0.038351232,52.20559526,172.437,3284.588,1
0.023948735,43.98420181,207.184,1985.625,0
0.031740942,34.0206152,210.037,2016.356,0
0.018870467,41.02393901,213.979,2039.134,0
0.030332264,48.27895529,205.858,2906.945,0
0.020023553,56.19705336,209.898,2489.2,0
0.028485487,43.59112119,201.383,2332.544,0
0.013735289,45.4810773,215.067,2290.829,0
0.02088968,45.85029041,205.308,3045.598,0
0.026780523,28.15684757,208.259,2474.001,0
0.024542829,56.02367549,187.808,4900.975,0
0.024605895,53.63757519,195.127,4167.517,0
0.01394553,62.32154388,199.373,2811.106,0
0.029071877,53.65311197,200.595,3071.44,0
0.018347504,44.42772662,216.56,2297.07,0
0.022798314,43.3486217,210.3,2942.607,0
0.028372393,55.6589726,196.133,3374.851,0
0.027662602,72,175.912,4301.626,1
0.024243909,60.15546422,186.091,4210.86,0
0.032630884,55.28301698,194.947,3470.699,1
0.037646205,46.64230824,196.516,3319.62,0
0.024003594,48.81656366,200.089,2696.998,0
0.032581914,49.3693626,196.296,2877.514,0
0.008769904,35.77974782,230,2488.662,0
0.023416214,54.85838129,200.349,3977.836,0
0.020713364,51.38325083,210.839,2873.84,0
0.024101991,53.71440718,202.527,2600.975,0
0.018603031,59.99858718,197.247,3488.259,0
0.016430872,52.87608036,205.463,3575.057,0
0.021946737,54.38881507,202.564,3735.594,0
0.026799084,52.62816511,189.379,3941.945,0
0.015373538,36.55197937,212.83,2994.009,0
0.022907357,66.59115029,193.359,3890.633,0
0.01670698,53.01439754,204.383,3060.334,0
0.016159759,46.63564862,206.029,3146.724,0
0.02480275,46.1961039,203.38,3246.82,0
0.014698208,46.45446743,215.964,2598.586,0
0.031136264,30.66790769,209.21,2090.981,0
0.018703275,42.9178122,206.882,3079.634,0
0.027729426,53.73575519,195.619,2610.559,0
0.029407386,53.04314575,202.875,2645.517,0
0.025380731,48.47545556,191.001,4045.407,0
0.01737512,43.20802091,213.739,2677.917,0
0.032721779,49.40200231,187.745,3780.749,0
0.02072016,51.33497375,205.827,3295.682,0
0.020374934,49.43956344,211.042,3120.172,0
,59.50447308,191.211,3801.232,0
0.019875589,54.06321367,201.705,2691.702,0
0.020535481,45.41656251,209.033,3095.707,0
0.019414391,34.67051955,206.92,2291.092,0
0.015116614,40.5275255,221.971,2624.366,0
0.015589317,71.50199824,183.512,5142.855,0
0.026549896,53.33894361,196.378,2800.795,0
0.026342107,56.65419011,194.466,3897.546,0
0.020147479,60.18587407,186.905,4122.193,0
0.028665179,48.67000292,197.164,2650.86,0
0.01998791,45.85022059,213.17,1654.926,0
0.014008051,51.73882715,212.591,3391.345,0
0.031326642,58.67505826,190.958,3571.405,0
0.007282746,42.59638026,217.467,2605.081,0
0.017051098,53.90018115,194.99,3637.729,0
0.02406927,40.4028521,212.072,1889.235,0
0.036488613,41.18911715,198.091,2938.531,0
0.018870953,45.90498927,210.835,2815.807,0
0.033537067,38.77765621,188.624,3825.307,0
0.026347892,39.12788452,205.862,3360.131,0
0.033746872,48.15679918,200.69,2629.536,0
0.021343023,60.89855551,188.247,3963.872,0
0.021775156,52.23952905,200.08,3140.507,0
0.031912509,58.63117248,192.699,2810.359,0
0.011237658,41.34751506,214.806,2998.764,0
0.024583482,68.45971213,195.242,3548.956,0
0.030239538,51.55840977,197.877,3344.191,0
0.040778295,52.0109795,174.618,4337.583,1
0.028700985,,207.752,1902.182,0
0.02968444,43.14803657,200.944,3137.519,0
0.022983999,58.91213391,190.213,3750.82,0
0.027277897,50.23716606,201.295,3255.986,0
0.010127593,44.61655193,212.994,2781.55,0
0.022225087,48.36977646,206.641,2808.997,0
0.016417712,46.57338977,211.177,3266.654,0
0.026288738,55.62767306,200.478,2553.162,0
0.01910908,49.90974012,212.607,3382.184,0
0.019515221,39.37999364,206.232,3674.473,0
0.021656273,53.57922003,196.922,4006.852,0
0.021311115,64.83265808,190.214,3454.464,0
0.034611291,35.89419775,205.194,1501.056,0
0.029183718,60.74408492,194.975,3217.145,0
0.027384133,46.38631889,200.509,2664.886,0
0.021163395,42.71483199,206.518,2928.082,0
0.024461407,35.24124541,204.441,3070.148,0
0.033694879,66.47119147,186.149,4280.823,0
0.027064284,47.68550683,201.857,3274.395,0
0.022151392,43.6998775,205.931,3134.703,0
0.023277838,53.00273512,198.716,3631.029,0
0.033203759,52.7191499,186.876,2802.656,0
0.023747548,59.26429018,178.305,4548.683,0
0.016429015,54.76680928,204.245,3097.068,0
0.013617248,45.14357972,220.933,2147.029,0
0.02545903,47.01267019,206.495,2675.703,0
0.027361435,57.98503149,189.173,4175.432,1
0.036761229,60.43391342,181.675,3448.596,0
0.019594379,59.51887081,198.907,3032.48,0
0.031277896,58.88900329,178.923,4617.812,1
0.019256347,41.05827188,218.86,2556.462,0
0.021339849,56.81403945,198.239,3535.338,0
0.017245321,43.54121254,217.31,2412.669,0
0.030446402,39.48799487,192.982,3320.598,0
0.020446925,55.56651256,204.93,3555.956,0
0.022421595,43.59011682,195.551,4073.576,0
0.007789713,62.49929711,215.517,3146.323,0
0.021650999,55.09358153,200.963,3194.521,0
0.0346371,48.57967413,203.486,2920.909,0
0.021392428,34.08343225,208.397,2649.721,0
0.010503149,56.81931203,213.361,3182.929,0
0.027031246,48.91179123,197.091,3562.186,0
0.027097545,59.2817436,191.552,3389.91,0
0.031582937,48.86490371,199.441,2836.621,0
0.01463578,42.02724419,215.467,2696.308,0
0.028130821,46.09247882,214.259,2375.51,0
0.032833812,53.08902569,190.155,3135.331,0
0.02967009,52.51643697,200.975,2671.331,0
0.026879022,54.47435085,177.007,4920.436,1
0.010697695,54.29783363,214.342,3281.35,0
0.018447682,31.03992344,208.363,2624.566,0
0.022241548,56.93623201,194.626,4154.27,0
0.031891781,48.99243493,193.08,2761.034,0
0.020485266,47.21824985,210.892,2656.656,0
0.02050716,46.69279078,210.032,3609.46,0
0.019605847,38.04725758,216.943,2509.955,0
0.013509711,50.1780481,203.198,3454.897,0
0.030442472,52.69495549,168.791,4968.917,1
0.027206682,46.40872696,196.044,3424.644,0
0.02509402,42.09215411,205.537,3290.444,0
0.034038079,47.49260185,187.018,3415.68,0
0.035001749,49.17614493,200.601,2494.985,0
0.023424924,40.31573384,209.276,2573.777,0
0.030479519,46.51761469,196.758,2403.038,0
0.031006206,42.49052901,193.352,3231.516,0
0.026143179,48.5374563,203.635,3224.385,0
,28,214.793,2411.616,0
0.014719032,51.61132653,197.849,2899.274,0
,43.91025025,211.561,2972.024,0
0.025708843,57.93763621,193.718,3635.457,0
0.014987335,43.37667439,216.02,2685.75,0
0.026005863,47.80743895,204.348,3050.487,0
0.019822052,68.02841605,184.048,4555.438,0
0.030825004,49.40320554,202.917,2287.443,0
0.02657336,54.95044754,195.736,3066.076,0
0.024249167,61.63599107,199.334,3600.247,0
0.0273178,50.27911609,201.304,3045.063,0
0.025043063,41.29646741,201.324,2745.461,0
0.028091881,36.26851124,209.935,1723.007,0
0.028752407,48.96823503,192.63,3657.38,0
0.02452909,40.67487387,212.387,2626.636,0
0.023869569,48.91300821,186.797,3708.945,1
0.030975726,51.00177358,190.395,3082.041,0
0.011681649,49.53444646,222.507,2916.699,0
0.033062316,51.90878287,187.21,2800.585,0
0.023070681,46.10443734,194.06,4747.937,0
0.01483022,40.03029411,217.287,3020.356,0
0.033937323,39.84406783,193.598,2860.963,0
0.028482328,45.66315969,198.897,3340.604,0
0.015466502,55.75797263,205.954,3493.102,0
0.024305857,66.73325406,186.33,4066.828,0
0.022581203,44.08810562,202.726,2702.839,0
0.012504911,56.71513863,207.961,3090.78,0
0.012327192,47.55141104,201.071,3847.38,0
0.006817469,51.12047046,216.318,2644.097,0
0.034619337,49.9156692,166.108,5266.956,1
0.038783593,70.47838415,140,6806.203,1
0.041813428,55.08380562,180.714,3588.095,0
0.024945232,72,181.546,4698.792,0
0.017641389,47.56706649,204.838,3919.597,0
0.041397901,50.64405071,187.311,3275.077,0
0.02169504,43.17623456,204.556,2534.049,0
0.02775818,46.43591158,200.142,3508.081,0
0.027947371,54.22076578,183.709,3599.859,1
0.023589228,53.67670048,207.125,2888.906,0
0.018141707,55.23703123,203.961,2872.771,0
0.029083893,48.10240014,203.599,2689.395,0
0.037486686,44.39060673,187.52,3007.768,0
0.027743611,47.02935981,203.628,2688.317,0
0.033120703,56.0938,184.944,3059.137,0
0.021168298,50.16114228,202.464,4528.352,0
0.031513126,38.98863642,187.122,2995.651,0
0.028810823,55.08496689,173.231,5036.698,1
0.017532077,51.02412277,208.184,2342.495,0
0.015456272,55.95956734,210.507,2527.361,0
0.032391077,47.60285465,194.509,2937.891,0
0.020635015,47.25309045,210.653,2720.823,0
0.02341228,51.40888909,206.866,2549.173,0
0.032895252,39.98582325,199.791,2139.498,0
0.025862036,49.93347809,197.428,3643.767,0
0.02348043,51.47178841,205.537,3424,0
0.024557971,50.92459353,200.012,3173.078,0
0.019458877,56.48880653,207.221,2740.034,0
0.028247127,46.74958075,200.05,3012.531,0
0.015429794,34.58937684,228.505,1970.206,0
0.034301981,51.19717376,186.993,4077.363,0
0.034485351,47.10287237,195.573,2991.975,0
0.018396334,43.9876997,211.333,3071.69,0
0.037435464,67.32020395,177.769,4788.019,1
0.032944052,57.08090299,190.983,3437.229,0
0.022065288,43.20970892,210.928,2258.141,0
0.026779096,62.10540194,184.275,3644.292,0
0.01848796,40.51964029,215.627,2806.013,0
0.017401305,30.60870566,225.103,1949.197,0
0.037149976,44.60506489,207.145,1812.332,0
0.016927908,63.87666177,198.064,3464.013,0
0.030402612,43.65710581,194.711,3497.534,0
0.037900489,43.02648375,201.825,2224.248,0
0.024561772,45.73489292,207.269,2118.043,0
0.020881601,60.86812566,191.403,4024.176,0
0.024757993,62.96009774,188.888,4230.905,0
0.030450813,39.81436379,202.576,2744.077,0
0.027744166,56.76774006,188.389,2722.239,0
0.015192941,44.64598834,208.04,3413.205,0
0.012822994,67.3447523,184.232,4609.832,0
0.012417958,44.11941942,217.727,2875.718,0
0.028712478,44.41018044,210.048,2803.543,0
0.027674472,44.83791294,205.559,2609.81,0
0.026111766,44.37683136,206.986,2336.778,0
0.01967925,46.40382656,199.225,3890.233,0
0.005,43.67269099,226.107,3067.157,0
0.013800013,52.21579853,218.343,2592.98,0
0.02054066,65.31421094,191.97,3684.022,0
0.032477217,44.07953279,170.7,4659.101,1
0.016400053,45.48171286,225.248,2228.975,0
0.020485209,49.67264077,203.123,2975.956,0
0.019159297,56.27075008,209.084,2748.178,0
0.019639421,50.41362266,199.965,2941.143,0
0.037159659,41.37200913,182.733,2068.062,0
0.038931966,51.08084905,163.25,4764.075,1
0.027724285,57.68654141,194.807,3822.182,0
0.026012211,38.91744447,211.572,1859.754,0
0.034827708,48.48829006,194.132,2984.145,0
0.023846843,48.76557436,209.391,2855.46,0
0.028618812,47.12828628,194.081,3098.671,0
0.016931591,30.52657848,226.941,1193.832,0
0.027114004,54.03915696,197.765,2329.656,0
0.019868083,56.54081237,192.541,3731.575,0
0.030953488,59.86018309,194.724,3634.322,0
0.036494355,50.36075928,194.619,3930.924,0
0.01531075,53.22713952,209.186,3036.023,0
0.036647494,47.75506788,196.356,3048.968,0
0.033918271,38.36413253,196.655,3552.028,0
0.024216479,53.45443978,209.49,3500.975,0
0.029541798,48.39220254,200.827,3027.667,0
0.022637443,47.62407543,208.236,4282.149,0
0.016657283,71.72414397,192.766,4319.671,0
0.018424081,44.05685348,208.045,2763.628,0
0.024414309,53.70428945,189.287,5097.39,0
,39.62460389,213.506,2833.595,0
0.006114884,50.08245922,224.412,2897.143,0
0.027836319,43.32215752,203.931,3372.12,0
0.034316468,56.99233319,170.443,4893.575,0
0.020733949,,204.795,3531.4,0
0.023381116,35.91343425,208.209,2570.463,0
0.042046777,59.67874784,172.914,3736.195,1
0.029465647,47.93005702,183.192,3865.075,0
0.016813784,61.33055625,203.904,3779.63,0
0.031002522,51.97263646,188.881,3763.39,0
0.020130314,50.83194274,197.972,3779.001,0
0.020856051,44.28798289,210.768,2595.227,0
0.03537797,55.04077204,198.463,3573.8,0
0.038376875,53.54046346,183.794,3208.185,1
0.03595345,44.37638303,168.162,3754.87,1
0.023403881,47.93059009,205.126,2306.55,0
,63.43818494,189.034,3603.326,0
0.01879398,47.54102862,209.646,2511.431,0
0.026856201,48.7668945,198.235,3585.113,0
0.035366713,53.80705241,188.183,2979.685,0
0.009529508,53.21828146,198.841,3959.316,0
0.030578206,49.26233159,181.802,3774.673,0
0.022745156,46.74392291,213.755,2842.002,0
0.027877981,,170.909,5209.79,1
0.014383577,47.61992267,218.889,3163.557,0
0.042591812,,182.102,3768.093,0
0.014651889,34.40641662,221.15,2200.15,0
0.037550717,59.44986391,170.338,4868.253,1
0.020161695,50.71379337,201.342,3080.367,0
0.031833633,49.74572253,202.608,2779.226,0
0.038892572,43.38154507,201.264,2648.856,0
0.029936931,52.91291672,179.605,3987.221,0
0.021328346,42.41876915,210.022,2486.545,0
0.024600681,50.96917072,206.712,2456.578,0
0.024107147,42.75034109,212.051,2556.925,0
0.031212605,33.70771336,205.291,2573.319,0
0.026688526,50.21542659,201.684,2507.064,0
0.015966088,45.18049374,218.335,2362.727,0
0.033372436,53.72577593,165.87,5378.877,1
0.03198498,50.92506315,202.551,2673.681,0
0.023170124,56.55755269,205.509,2840.753,0
0.008376761,48.29576587,219.187,2542.122,0
0.02989527,58.13366913,187.361,4196.949,0
0.015462528,54.70986486,200.703,3084.805,0
0.023268558,55.41540907,201.039,2945.044,0
0.030471409,58.08867605,185.746,3990.691,1
0.027643438,64.95750667,194.039,2997.937,0
0.018097845,59.25393376,192.687,4209.894,0
0.040500399,55.52046078,172.305,3328.787,0
0.032488608,51.23466154,184.556,3866.355,0
0.034790277,48.59925712,174.224,2799.04,0
0.017528825,64.23422823,206.555,3039.295,0
0.031613277,46.00500765,193.021,3336.118,0
0.035573995,42.42587681,195.697,3385.06,0
0.019432699,48.09664228,186.46,4037.667,1
0.02226756,39.03817106,214.716,2617.023,0
0.025442966,65.46036759,193.129,3904.169,0
0.038877566,42.54541091,175.246,3581.777,1
0.021901292,42.65945948,209.532,2673.974,0
0.018022934,53.1351577,202.436,3664.036,0
0.025218853,53.00267708,196.361,3118.057,0
0.021438264,40.56542028,209.434,3063.219,0
0.013509473,64.79067488,204.015,2771.087,0
0.030458142,44.15469235,193.679,2972.812,0
0.023069115,66.19949977,185.185,4123.405,0
0.020404467,35.04171242,217.374,2137.985,0
0.026168533,33.7717386,221.194,1300.057,0
0.02513883,32.62165436,205.237,2234.023,0
0.02799726,60.23735464,181.661,3799.307,0
0.020018801,61.27014633,193.064,3352.593,0
0.036343228,47.1554581,189.092,2431.14,0
0.027922993,62.18788575,193.527,4119.255,0
0.02767065,65.41989079,186.651,3732.983,0
,29.18749509,199.178,2696.363,0
0.024516748,43.55570592,188.763,3979.355,0
0.027881197,39.95607061,211.973,1266.588,0
0.032127964,46.11615863,194.795,2635.084,0
0.030580947,58.65170533,188.519,3544.078,0
0.035070792,39.49556607,202.124,2332.431,0
0.029624936,53.62382815,180.456,3676.985,0
0.018779405,40.11723231,214.712,2548.702,0
0.025899334,53.56824779,186.587,3483.313,0
0.01295006,39.38489602,205.25,2915.645,0
0.022760556,40.19915593,209.184,2934.175,0
0.036285006,61.87068645,181.939,3860.748,0
0.02052926,58.17155349,197.936,4343.64,0
0.022631118,53.35135849,192.585,3852.506,0
0.02637596,48.14359124,198.796,2611.864,0
0.033324761,48.33348312,179.572,3561.488,0
0.033016365,57.71806529,183.776,2553.608,1
0.030168678,42.99814238,209.04,2986.101,0
0.020339888,55.15214792,206.279,3303.206,0
0.02706699,45.12105902,199.494,3307.064,0
0.024154514,51.54988837,199.859,2551.693,0
0.011028689,40.83711171,206.77,3959.657,0
0.019546735,57.33945791,207.385,3054.712,0
0.029057574,65.57497345,188.198,4362.649,0
0.027999224,45.84576032,199.256,2742.804,0
0.013275017,44.95956358,213.973,2733.997,0
0.036405151,63.47577637,179.657,3642.486,1
0.039686334,57.97759575,190.704,3525.255,0
0.018979416,45.04110838,206.933,2816.878,0
0.016754262,54.44317469,203.756,3709.291,0
0.028320262,38.44666856,213.944,2050.266,0
0.027931196,43.42486504,201.898,2285.779,0
0.011272864,42.18545547,221.64,3148.616,0
0.018733404,51.10614013,213.437,2013.338,0
0.019944106,48.12141739,200.829,3311.621,0
0.020496968,37.47520759,213.535,2412.796,0
0.023021356,51.93391761,209.124,3173.633,0
0.026100397,54.71311934,201.082,3084.728,0
0.029683148,47.362462,198.859,2119.193,0
0.03125599,44.6961356,196.918,2462.144,0
0.020270632,49.71363616,213.984,2612.988,0
0.010312248,53.4693669,208.515,3398.094,0
0.00818399,50.37230462,204.902,2780.971,0
,49.86887728,179.151,4176.213,0
0.015842456,,210.775,3617.508,0
0.036998559,42.31930329,158.215,4508.447,1
0.025364955,52.5827528,199.765,3025.697,0
0.024208327,68.30752667,182.319,4178.96,1
0.021138378,51.28255335,200.621,3648.428,0
0.025392926,54.43948665,203.154,2799.165,0
0.016070558,44.6233048,205.708,2948.054,0
0.032029021,47.58987249,194.593,2938.868,0
0.015961628,43.3555913,205.416,3073.842,0
0.017714641,50.37962742,213.017,2106.533,0
0.038564601,51.66756958,201.941,2460.448,0
0.014039628,49.1405319,206.241,2889.67,0
0.019472635,53.40263236,188.161,4123.673,0
0.024158628,48.58337966,201.548,2282.627,0
,45.08358525,208.751,3248.098,0
0.030001586,45.66876742,200.363,2595.973,0
0.023399599,43.56116711,201.833,2877.636,0
0.02879899,55.94581773,193.727,3223.763,0
0.034142215,47.69984441,195.369,3130.199,0
0.016737394,39.70767411,212.014,2597.625,0
0.030371444,39.44438432,209.733,2199.786,0
0.028602817,51.18293834,198.347,3071.919,0
0.017649846,41.9737614,204.55,3404.059,0
0.032771831,,185.736,3775.692,0
0.022105809,46.24811596,212.504,2263.915,0
0.013231898,42.77167438,203.175,5334.861,0
0.0189465,51.81775385,200.527,4339.498,0
0.031937276,43.71959911,202.493,2807.824,0
0.017406689,,213.162,2932.178,0
0.030113884,49.59940287,201.193,3204.149,0
0.016301016,42.48915016,204.248,2775.98,0
0.02714403,65.9543469,187.266,3777.982,0
0.04064231,48.57373002,181.402,4115.2,0
0.023068784,46.36187985,211.451,2841.773,0
0.038912155,33.46291256,201.761,1773.032,0
0.0186236,39.98611829,208.397,2190.574,0
0.021808849,30.91636045,221.835,1481.381,0
0.029295751,40.7626649,203.317,2543.407,0
0.022133696,43.43124576,217.684,1873.666,0
0.018135913,43.25946107,212.228,2497.602,0
0.033611807,51.09841001,193.489,3276.883,0
,41.02047903,203.667,3272.331,0
0.020777652,56.22278671,197.831,3652.364,0
0.020729732,46.95331309,191.416,2970.785,0
0.025987136,53.36174593,171.407,4570.919,1
0.024073604,43.70539122,201.042,2643.174,0
0.027759328,45.0426387,185.24,3967.823,0
0.015364975,45.52908689,219.674,3115.921,0
0.032142942,54.92656696,190.409,3315.927,1
0.018447191,54.25552357,204.453,2790.741,0
0.005069422,51.02404156,211.897,3276.181,0
0.020249119,47.67287288,208.084,3131.515,0
0.025534618,50.9436831,201.563,4007.587,0
0.021343052,54.14406791,200.653,2662.65,0
0.034441141,47.00735221,199.811,3110.6,0
0.021149524,49.35741773,208.421,2707.346,0
0.018279491,42.90357765,216.09,2539.855,0
0.040840266,48.53974437,179.921,3527.629,0
0.021174832,53.29098226,203.178,3358.105,0
0.020595954,58.42922371,193.453,3620.769,0
0.020378544,42.04702644,215.901,2823.417,0
,,191.741,3824.164,0
0.020368836,64.20967861,176.782,5428.706,1
0.027464023,42.80185461,199.835,3494.85,0
0.027025697,54.84542454,185.81,3499.321,0
0.026474716,,208.791,2883.748,0
0.023351412,51.00704519,200.294,3429.406,0
0.029581909,55.01419101,194.468,3288.059,0
0.021293997,43.6256171,196.37,3532.94,0
0.025820008,63.59929842,168.37,5794.302,1
0.035084747,53.77696589,154.419,5325.444,1
0.0198559,49.10938466,195.551,5465.568,0
0.039877378,44.75435539,194.758,2347.355,0
0.015423432,44.9898564,214.304,2602.594,0
0.016473524,54.03295633,200.359,4317.938,0
0.027683366,61.54108928,186.269,3898.911,0
0.039284184,56.65312699,182.759,3917.787,0
0.024899857,60.29818347,165.096,4758.24,1
,53.87810602,202.609,3138.638,0
0.024301015,54.98048248,196.016,3572.096,0
0.033926131,50.65907543,181.246,3877.463,0
0.027294992,49.43701245,191.897,3112.346,0
0.017347408,55.57921673,210.043,3450.858,0
0.018896628,55.88320836,200.427,3881.194,0
0.017791016,55.09323232,217.626,3000.906,0
0.015923201,54.87901543,201.993,3463.762,0
0.01668448,55.51520492,204.788,3377.246,0
0.014970028,58.309277,185.945,5215.962,0
0.016466947,62.06832193,207.514,2803.356,0
,46.75568193,214.571,3196.464,0
0.035734446,45.15382138,188.66,2971.257,0
0.025787561,41.405009,208.824,2611.212,0
0.024426833,49.60391607,190.185,4927.639,0
0.021307347,45.24341364,200.733,3278.195,0
0.026559165,49.68612353,202.199,2375.243,0
0.024898506,52.04831426,202.527,2752.551,0
0.023341603,70.63414609,188.8,3810.249,1
0.037533898,52.25787518,182.672,3332.65,0
0.015187561,68.91233676,197.647,4355.655,0
0.024157739,51.18287977,204.766,2553.786,0
0.035311634,43.66696993,191.438,3361.177,0
0.022535008,59.09702386,196.761,4168.999,0
0.027415849,50.81961336,201.429,3217.051,0
0.014349236,39.10061341,222.038,2969.336,0
0.017407096,51.9171668,200.862,3875.148,0
0.019194153,33.38073516,225.523,1881.801,0
0.029727143,49.37558048,193.359,3226.608,0
0.020656067,40.45230134,222.671,2145.786,0
0.035643816,61.85698323,189.08,3632.125,0
,44.82514751,198.391,3407.885,0
0.027736237,51.73468179,198.185,2864.749,0
0.023439303,49.77999235,191.448,3948.899,0
0.028759254,42.73156247,195.7,2734.294,0
0.02058785,56.03397109,194.055,3561.489,0
0.027411945,47.05065682,198.217,3660.963,0
0.019069695,45.24836343,207.237,3441.842,0
0.015215547,55.32534328,203.298,3787.141,0
0.031944421,45.6495991,202.813,2620.199,0
,46.43427516,203.405,3577.406,0
0.025059238,50.42069289,193.819,3832.717,0
0.036263168,59.51639643,185.407,3436.239,0
0.022486034,54.22908013,203.714,3056.623,0
0.019666768,49.27216495,203.153,2993.023,0
0.011497379,43.38854949,221.364,2839.635,0
0.028414904,50.44285724,200.53,2978.258,0
0.018688547,54.58649977,197.769,4704.418,0
0.027732431,54.15394508,197.246,2989.548,0
0.018218104,45.75206944,199.87,2892.756,0
0.029208545,,203.576,2364.993,0
0.005,51.84681063,219.922,2661.363,0
0.022863614,52.62261814,207.412,2682.443,0
0.01672809,61.15613734,202.759,3335.88,0
0.037901595,65.37674498,165.482,4233.596,1
0.027735617,54.54653457,201.303,3278.073,0
0.020810367,,195.38,3093.76,0
0.039963123,37.01798746,200.959,2875.685,0
0.02261722,66.8978259,184.5,4678.241,1
0.017584184,40.9667833,214.811,2868.999,0
0.021736503,47.42772261,201.692,3472.132,0
0.017859635,58.26336255,203.441,2506.468,0
0.023995771,,192.514,3516.45,0
0.028153074,53.15049741,188.786,3685.001,0
0.021791612,57.75075465,201.993,3299.123,0
0.036769323,55.84688573,192.728,2955.521,0
0.006617368,31.54093818,210.591,3460.824,0
0.033148541,57.17533685,191.142,2974.553,0
0.023552017,43.50617927,199.376,3526.79,0
0.026572391,48.15136872,202.06,3245.099,0
0.030782265,58.1081585,185.761,3709.731,0
0.019422372,49.71228673,215.68,2861.119,0
0.010200684,49.76400093,224.65,2630.822,0
0.011836297,60.05559951,207.516,2905.22,0
0.021258474,52.83192978,206.053,2648.379,0
0.027434403,57.08149716,193.733,3455.937,0
0.023610658,42.62037725,206.845,2562.555,0
0.033278302,54.54706722,188.669,3618.481,0
0.017597825,48.39162314,212.239,3195.293,0
0.011214194,46.0791634,222.553,2508.699,0
0.037269003,46.85796912,187.645,2782.816,0
0.027921005,46.661234,215.703,3004.445,0
0.02598147,48.32002996,203.888,3064.806,0
0.011357834,48.9277936,212.235,2668.949,0
0.016365904,48.01322878,210.697,2756.572,0
0.029090313,53.9827135,188.882,3930.543,0
0.025530082,49.46702125,211.685,2496.11,0
0.032477503,,187.27,4027.487,0
0.031504902,43.72282805,169.392,3798.977,1
0.020228041,55.94540074,187.758,3420.961,0
0.026849194,50.76221604,199.906,2806.542,0
0.012388396,32.123585,218.234,2028.607,0
0.014456324,55.19779421,205.726,3255.168,0
0.029882129,58.74906626,181.927,2970.045,0
0.030959407,40.45711957,200.034,2903.99,0
0.013738774,42.1011672,203.974,3550.468,0
0.018189428,42.22809695,214.681,2700.73,0
0.019583932,47.40552273,210.602,2557.652,0
0.017361428,51.82179465,214.861,3128.166,0
0.025292606,48.61395733,201.885,3074.531,0
0.020121279,52.0492031,208.651,2981.057,0
0.03069498,53.73824228,194.723,3142.525,0
0.036793772,48.49254664,187.092,3304.987,0
0.024201844,39.41663595,212.268,1639.5,0
0.023371773,42.32775598,205.021,3471.785,0
0.018352879,39.63697337,210.016,2967.153,0
0.02344915,56.31489,180.749,4258.22,1
,51.14088361,215.455,2716.866,0
0.029941908,30.52723586,215.814,1771.299,0
0.023138745,55.85276544,196.455,3197.438,0
0.041069911,49.93950344,161.678,5052.605,1
0.027740708,53.33458033,173.191,4930.029,1
0.017696918,37.85210064,203.384,2970.86,0
0.023522472,51.13798687,194.374,2937.747,0
0.033770322,43.73991322,194.457,3762.127,0
0.023908433,46.69536792,192.971,3624.701,0
0.029814548,61.28380884,165.577,5284.167,1
0.014520456,47.65217569,212.289,2176.392,0
0.027143412,50.90365124,198.295,3205.257,0
0.024934384,42.46067399,207.057,2610.734,0
0.024258341,57.51132042,187.08,3054.051,0
0.023269512,61.11645401,190.651,3699.842,0
0.025681873,46.07616556,200.653,3052.514,0
0.014052991,40.59940549,210.886,2277.392,0
0.030002669,43.50197389,199.092,2654.07,0
0.017558501,49.52395356,209.603,2944.673,0
0.016457728,43.85047979,196.536,3519.41,0
0.031622504,66.40974627,185.834,3285.768,0
0.023336118,57.81246381,198.245,3421.805,0
0.01219691,51.07319691,212.095,4273.575,0
0.020358362,38.41287973,198.038,3712.221,0
0.033739381,45.24628244,199.47,2512.686,0
0.021253098,46.29570029,206.997,3013.267,0
0.020046786,45.18646481,213.57,2536.499,0
0.031848883,61.17435394,193.573,3578.863,0
,48.08588101,195.135,2977.398,0
0.027350163,42.32114863,206.913,2796.824,0
0.020859634,65.7990457,196.478,3498.047,0
0.023572501,48.09724206,208.152,3269.281,0
,52.90458135,206.776,3384.884,0
0.026738835,39.16992758,208.768,3368.835,0
0.023987153,57.95223087,192.766,3065.784,0
0.036470645,68.53107864,179.711,3648.075,1
0.035217285,35.40274146,172.777,3507.064,1
0.029756065,47.46378345,206.777,2907.776,0
0.021987233,46.06891549,211.204,2426.664,0
0.019274964,47.66929052,216.137,1734.906,0
0.023043303,37.62777903,214.45,2475.597,0
0.030473419,62.6343492,188.997,3580.533,0
0.022286553,55.02192354,194.369,3571.416,0
0.039844812,35.4938012,187.128,3020.886,0
,54.75827984,197.9,3500.019,0
0.036372219,45.59425796,202.76,3129.403,0
0.025550063,48.45019959,210.492,2524.125,0
0.018468997,61.74835805,196.999,4730.732,0
,29.839147,230,1079.062,0
0.025258853,31.55721412,212.237,2078.047,0
0.019970502,40.62717248,213.994,2080.452,0
0.016756835,55.57838336,202.422,4038.235,0
0.015606506,52.19759525,209.13,2899.18,0
0.031781567,35.68966556,209.731,2065.268,0
0.017426347,45.30603492,214.062,2571.719,0
0.026489811,46.85093649,201.859,2260.947,0
0.025216088,36.30030119,206.658,2457.92,0
0.02280681,40.68890374,207.134,3102.838,0
0.019260741,57.36101992,202.912,3060.873,0
0.028174604,68.91323255,177.182,3772.789,1
0.027045646,61.49321364,177.182,4208.524,1
0.035691327,44.89532337,196.018,2724.325,0
0.013748526,46.40743191,206.707,3347.573,0
0.027779843,52.71945559,193.526,3995.681,0
0.026337702,55.72457506,198.918,3654.06,0
,36.45199761,205.826,2828.533,0
0.020545651,59.64047114,211.962,3508.587,0
0.026656684,51.27748338,194.987,3409.883,0
0.036832213,44.599225,183.29,3363.483,0
0.025395276,58.48356699,196.827,2549.36,0
0.021057617,58.67468439,199.04,3314.118,0
0.012005304,43.7208598,215.227,2378.708,0
0.023635437,43.84104842,213.232,1657.114,0
0.023682202,44.41375726,206.009,2543.664,0
0.036721925,40.87809778,197.906,2456.511,0
0.019273661,45.54890052,204.268,2496.175,0
0.013966371,40.6164422,215.076,2363.297,0
0.02234179,67.27912825,192.216,3978.519,0
0.031455376,49.61774378,188.124,2720.748,0
0.018221772,40.88701033,212.886,3198.163,0
0.018769319,51.47742919,206.97,2872.807,0
0.016440584,58.15100392,187.705,4588.407,1
0.020944714,57.38293091,201.513,3906.159,0
0.019466433,47.79756649,209.727,3162.205,0
0.020245132,52.10011296,191.662,4457.645,0
0.019319322,47.87605476,210.089,2727.371,0
0.031204862,46.04149266,201.995,3016.794,0
0.022986323,58.60063754,188.714,3809.625,0
0.017265944,36.28423432,219.81,2651.272,0
0.025461537,46.83765014,197.907,3223.037,0
0.020954039,57.50569558,202.211,3389.756,0
0.024058628,39.02020297,209.102,3291.091,0
0.0190937,53.56138801,207.963,2149.836,0
0.019887639,37.66466888,208.934,3127.847,0
0.031207428,44.18225041,192.295,3272.011,0
0.033681056,35.57516915,204.327,2869.491,0
0.017006639,,205.707,3579.666,0
,46.00306326,220.509,2271.608,0
0.033396504,28,210.294,2231.468,0
0.028719975,51.82948386,178.577,5379.535,1
0.035478032,36.40272412,191.439,2821.693,0
0.023759527,54.97702769,199.603,4036.088,0
0.019246437,61.13815254,194.313,4418.289,0
0.022435541,44.48523802,207.51,3546.452,0
0.021722096,43.11482686,210.118,3011.282,0
0.022525122,49.12766646,202.345,2566.77,0
0.017860612,43.28844198,209.698,2613.503,0
0.023627944,45.14700067,208.915,2874.11,0
0.0272712,52.18014783,197.152,4245.027,0
0.041312186,57.20450069,174.331,3072.116,1
0.034847088,44.95932807,198.008,2866.783,0
0.016135085,38.87916167,216.812,2137.009,0
0.024195283,51.64021083,197.546,3766.681,0
0.035869678,62.53293953,185.522,3324.679,1
0.044655828,51.76905274,182.155,3353.311,0
0.026443641,59.33706987,200.558,3124.548,0
0.021897869,50.65070919,209.081,3276.644,0
0.034221692,47.21692534,181.278,3515.713,0
0.030249603,30.57248591,203.292,3813.426,0
0.02855652,39.67349262,211.44,1808.309,0
0.028869175,44.63551011,204.751,2734.657,0
,51.37847516,213.251,1646.032,0
0.018237727,57.69512503,193.323,4844.731,0
0.024204569,46.54471069,204.73,2684.3,0
0.028737098,50.64047014,197.206,3618.968,0
0.023865083,62.6605637,190.528,3323.741,0
0.029274892,57.14749924,187.859,4039.358,0
0.023598745,44.69438107,202.864,2224.288,0
0.021205273,59.15814675,188.764,2963.691,0
0.04067581,43.08296027,198.153,2830.261,0
0.028511154,55.30347459,192.612,3055.37,0
0.019752072,52.45372781,203.278,3659.696,0
0.02791169,50.47493128,200.947,2643.224,0
0.024873953,52.07150444,202.84,3213.221,0
0.015758538,40.58770077,215.187,1982.944,0
0.026701528,48.92355909,198.017,2955.994,0
0.020889167,56.38317737,191.26,3882.479,0
0.020354165,54.12442452,210.254,3319.058,0
0.0172278,46.32442427,193.344,4352.469,0
0.022246578,51.47262155,201.011,2943.19,0
0.018745109,59.00407758,207.005,2860.232,0
0.028296642,49.86618595,204.028,2797.816,0
0.015079834,54.71607258,204.716,3124.683,0
0.03372246,,189.597,3313.065,0
0.018486817,,200.503,3826.876,0
0.023137847,44.40680059,208.11,2084.05,0
0.01619783,47.18630248,214.573,3394.788,0
0.019805553,,216.443,2515.727,0
0.018510783,59.36929868,204.136,2602.759,0
0.030610511,53.0523095,191,3634.164,0
,40.48539365,215.283,2742.978,0
0.014262406,48.30591917,214.236,2833.746,0
0.015011788,50.35599529,216.125,2502.981,0
0.027978776,53.17575005,189.821,3267.267,0
0.026580827,56.5993037,184.2,4220.908,0
0.020948994,66.3456355,187.486,4052.572,0
0.022776034,44.44426785,213.847,3125.422,0
0.018220852,55.98031061,204.947,2888.452,0
0.038778451,44.41346355,183.947,2676.491,0
0.030594052,44.12015567,197.752,2904.292,1
0.041782582,50.21731634,188.636,2166.338,1
0.01542296,44.77943754,213.897,2596.504,0
0.026907773,46.30505799,200.582,2701.684,0
0.021942834,54.90227968,205.651,3474.524,0
0.029540781,40.92550039,198.475,2463.55,0
0.02964607,50.42153799,191.172,3188.432,0
0.018924662,56.60465302,208.114,3022.327,0
0.030719183,45.27215047,163.421,5918.77,0
0.026196289,58.13873437,190.734,3000.976,0
0.023987596,,210.01,3110.193,0
0.029063067,57.43598074,189.521,3157.853,0
0.03298747,48.29764115,188.977,3296.79,0
0.017681814,54.42201617,202.265,4122.946,0
0.018133255,51.89696603,196.171,4077.366,0
0.028423345,42.48347879,197.211,3852.984,0
0.033126721,57.78002821,185.836,3487.707,0
0.029418813,70.1514788,167.378,4233.867,1
0.02978486,55.89449205,173.624,3402.284,1
0.014444643,37.47515721,198.13,3498.288,0
0.033507316,49.00962189,200.375,3213.669,0
0.025672763,47.72711761,190.797,3096.582,0
0.03946052,51.14383471,190.875,3424.662,0
0.030957595,60.86939481,190.788,3325.58,0
0.020842474,55.20094761,207.947,2529.899,0
0.012086989,50.66998347,220.796,2649.935,0
0.036832244,48.44790525,186.587,3879.55,0
0.019766771,59.17490025,204.376,3167.769,0
0.025327889,57.21010475,191.475,3486.777,0
0.025662331,59.5868843,192.195,3775.781,0
0.033239225,45.07834135,189.367,3084.072,0
0.015968794,48.75190036,211.226,3077.191,0
0.023574998,53.72244958,201.637,3319.288,0
0.034044057,64.43663189,178.611,3020.612,1
0.013992209,72,188.586,4688.468,0
0.030553815,38.89445169,203.209,3016.09,0
0.019365326,61.50573843,204.355,4214.076,0
0.026831762,49.26551397,202.022,3308.862,0
0.016295426,50.54100248,202.806,3317.45,0
0.025070216,44.15890738,200.126,3048.224,0
0.017273141,52.0523577,215.228,2538.514,0
0.019456752,47.16482077,214.586,3009.875,0
0.017978803,56.95368816,210.556,2608.873,0
0.036528889,44.52681436,197.549,2413.278,0
0.022020614,59.29034536,200.672,3201.62,0
0.022409331,44.45891137,205.228,2499.961,0
0.028256243,66.06910289,195.166,2756.653,0
0.029422603,62.1800305,181.822,4292.922,0
0.019422448,40.62034481,220.079,2366.464,0
0.022592265,51.13133587,197.434,3356.893,0
0.023251555,41.31005479,210.401,2405.649,0
0.034499596,59.63805746,175.003,4395.404,1
0.021601241,56.71652548,201.188,2890.238,0
0.008212245,65.43939212,207.193,3322.421,0
0.01913243,37.66691224,216.596,2615.3,0
0.019869429,46.57297573,210.22,3889.955,0
0.022054763,44.51671155,210.372,3237.509,0
0.029060711,50.5280804,197.565,3364.752,0
0.023717139,55.80978267,196.09,3004.72,0
0.036940326,53.3828476,172.648,4767.829,1
0.033268539,45.72908681,196.968,2802.885,0
0.028143931,29.13269383,213.216,2141.515,0
0.023351776,61.47032653,190.241,3905.815,0
0.023936885,44.84139805,199.511,3142.318,0
0.04113842,45.70215732,193.081,2445.298,0
0.026086242,50.68245887,201,3335.404,0
0.016918609,53.64195763,210.653,3276.956,0
0.026919645,40.45878039,210.129,2684.633,0
0.025321044,59.75324799,200.951,3148.672,0
0.030726094,28,215.113,1808.983,0
0.020147616,65.52883751,193.647,3588.321,0
0.020649723,58.53559577,195.767,4123.289,0
0.014496561,50.79007471,215.91,3570.68,0
0.028105577,54.99992324,193.553,3061.053,0
0.019215424,52.34763196,203.931,3163.094,0
0.037796526,35.14309695,205.399,2359.515,0
0.023389177,52.67165167,202.833,2524.146,0
0.021127316,53.22862628,179.094,4484.002,1
0.022221456,59.08311542,180.963,4065.862,0
0.033216361,56.20287045,191.914,2887.608,0
0.027328722,52.52684515,197.81,3215.508,0
0.02633874,53.07509792,195.1,3152.795,0
0.033524822,48.85923082,198.791,2765.118,0
0.022958591,48.86983662,197.309,3329.102,0
0.025461593,54.90791895,202.311,2553.306,0
0.013918021,39.00150145,220.476,2770.057,0
0.005069438,54.52415161,222.542,2793.828,0
0.018079183,47.35830255,216.634,2735.995,0
0.022912232,60.05011002,185.335,4141.832,0
0.024895546,,207.628,2279.027,0
0.012238244,57.02581156,200.518,3350.142,0
0.033287406,55.20158032,188.315,4195.41,0
0.025466641,58.70946197,184.898,3617.358,0
0.019546316,50.85836295,203.182,3131.392,0
0.017372862,51.21449517,214.682,2119.88,0
0.023656423,59.28174173,192.216,4090.511,0
0.021387305,54.1130407,202.43,3805.885,0
0.021870215,53.89957129,199.935,2876.729,0
0.012547393,56.40721295,203.32,3906.827,0
0.02345414,48.16753159,216.759,3207.286,0
0.02571341,51.38728577,207.372,2272.429,0
0.016076249,,224.833,1815.098,0
0.026068704,,210.649,2743.155,0
0.019228146,36.8156746,214.604,2791.403,0
0.012864786,51.47384104,206.725,2904.005,0
0.016660411,61.67814434,203.84,2575.839,0
0.028302971,53.56748089,199.276,2611.649,0
0.025376194,40.82724227,209.466,2891.184,0
0.018947068,43.348495,210.117,2544.161,0
0.031233867,53.01376382,188.227,3592.21,0
0.032576645,61.02749043,156.015,4771.568,1
0.02206807,42.21068036,202.85,2837.222,0
0.035632971,64.5188809,176.996,4543.705,1
0.038557944,46.31043453,181.698,3316.887,1
0.037599535,62.67312735,179.212,4080.016,0
0.03068805,55.01150526,184.542,4099.034,0
0.029185235,49.61000168,205.403,2566.969,0
0.014362891,44.01808838,214.617,2840.74,0
0.01977277,59.95042754,199.608,3425.557,0
0.013721802,58.06801783,204.178,3354.588,0
0.016246625,58.3026704,201.987,4267.086,0
0.017798383,28,223.528,2045.916,0
0.042784121,55.47820871,190.438,2967.425,0
0.012064358,58.39035583,211.372,2532.039,0
0.025505782,45.99687619,200.771,3001.017,0
0.020515073,42.13903669,206.332,2440.254,0
0.022766754,59.77010321,191.242,3582.51,0
0.030832066,54.98710361,192.652,3096.875,0
0.010897295,47.71719685,218.594,3013.631,0
0.006100202,49.95121263,224.909,2746.045,0
0.024969699,43.64706333,211.449,2433.289,0
0.03341207,59.44292669,182.521,3906.982,1
0.023305274,52.72108531,194.476,3426.082,0
0.015219828,56.28117773,201.368,3143.763,0
0.033496123,50.79720735,194.839,3331.707,0
,55.39372265,200.487,3106.8,1
0.019712187,50.41248461,205.226,3137.351,0
0.02606174,62.29001153,185.552,3985.298,0
0.012630475,41.27729338,221.362,2830.181,0
0.034315821,69.59288835,171.629,3735.146,1
0.031445428,48.48209841,198.968,3326.04,0
0.027457177,53.31983309,193.163,3585.976,0
0.021566753,43.85636315,205.093,2977.714,0
0.022315043,,206.766,3841.637,0
0.006338852,40.37975649,230,2429.539,0
0.026570209,41.41914084,203.584,3025.574,0
0.015914097,35.9636226,219.778,2971.799,0
0.032899571,,192.345,2841.576,0
0.02326888,49.58962403,206.676,2403.834,0
0.01280842,37.51407495,216.55,2369.513,0
0.029734309,51.4633776,189.519,3310.089,0
0.041213347,39.64418408,187.954,2910.001,0
,59.08612009,195.126,3450.217,0
0.0155939,54.45249634,202.589,2991.174,0
0.034021058,52.74306727,191.332,2996.144,0
0.023259029,44.92245964,211.498,3058.704,0
0.026562881,44.20959965,199.129,2980.664,0
0.022000788,44.20188033,198.744,3045.632,0
0.021727278,49.94523934,202.245,3261.164,0
0.024969274,38.43415927,213.346,2516.529,0
0.015104786,51.14902518,217.307,2137.621,0
0.024744149,48.53356147,202.766,3293.541,0
0.023931444,60.34938256,204.571,3462.26,0
0.028026989,44.85715514,179.084,4233.829,1
0.025819765,69.09743372,186.699,3897.259,0
0.022541421,38.68600863,211.104,2430.66,0
0.020114138,52.34155668,201.482,2882.22,0
0.024513004,43.53854282,201.89,1558.19,0
0.021913714,43.29778703,212.08,2934.12,0
0.025914666,46.85735467,199.789,3227.349,0
0.02882457,52.75552845,188.578,4484.739,0
0.012156045,55.69206207,196.209,3869.034,1
0.026824432,54.74081518,199.065,3398.25,0
0.030184471,58.21176369,179.797,5008.559,0
0.020860517,53.58419164,213.329,2698.095,0
0.025242756,65.17440658,193.78,3401.088,0
,59.17314508,194.132,3787.118,0
0.026229639,45.69113874,212.344,2270.915,0
0.019772246,50.22067987,193.735,3632.593,0
0.031208463,47.30925816,184.085,3689.53,0
0.014708944,42.72122956,211.2,3818.673,0
0.021295122,52.79324674,195.41,3234.426,0
0.029685102,46.81428986,193.062,2960.359,0
0.02753217,59.71920547,193.77,3440.759,0
0.017996375,60.92944179,189.295,3498.036,0
0.028244554,43.59416323,202.238,2639.119,0
0.022052234,62.23739875,194.302,3996.516,1
0.027707697,,200.991,3834.953,0
0.032592256,46.75298221,195.283,2385.789,0
0.014928813,39.52534697,217.91,2900.634,0
0.030737495,39.73483382,203.265,2387.064,0
0.027594561,45.54925454,196.153,2974.561,0
0.0138837,53.87482504,195.783,3595.709,0
0.030482602,49.85082534,186.543,3751.317,0
,37.48398314,218.126,2470.033,0
0.01917997,42.076129,217.005,2165.454,0
0.029101266,40.72022784,194.008,3021.316,0
0.030486252,34.98803655,201.779,2276.415,0
0.026013887,42.44412735,212.213,2992.348,0
0.020571476,41.5793137,200.518,2415.328,0
0.026801079,28,211.234,1981.037,0
0.023146066,50.00976019,205.617,2522.88,0
0.023703101,39.70495663,216.091,2850.684,0
0.025737626,61.06573265,194.984,3537.491,0
0.021436545,52.68349232,202.762,3818.339,0
0.031499369,45.24036389,184.272,3321.502,1
0.027710098,72,184.574,3642.224,0
0.034406469,56.51526587,194.73,4026.81,0
0.025502897,60.55011541,191.493,3832.87,0
0.016405812,43.58258529,215.544,2479.041,0
0.02391993,45.86432399,200.99,3592.974,0
0.026346019,41.22262149,202.519,2817.767,0
0.014105352,47.59772751,204.374,3272.28,0
0.01202919,37.6069645,227.329,2501.156,0
0.028190686,53.92407065,201.042,3261.907,0
0.021526665,50.04044934,208.735,3473.627,0
0.022002279,45.59276105,218.082,1875.145,0
0.013447224,46.08933045,213.991,2925.67,0
0.025592913,53.53590548,179.588,4030.948,0
0.02860374,50.64425697,203.092,2535.942,0
0.019796858,56.17303536,194.526,3780.62,0
0.019137026,41.80822964,215.248,2830.677,0
0.010987788,51.41760741,213.731,2707.099,0
,47.38713188,194.202,3307.511,0
0.023558853,45.6308819,202.588,2479.508,0
0.017037192,,214.639,2254.476,0
0.028644507,43.65127126,204.564,2727.04,0
0.017066929,55.56832756,216.726,3294.327,0
0.017664298,55.15505058,207.921,3518.291,0
0.021524368,44.44926123,205.388,2661.288,0
0.017770993,47.05186059,206.524,2994.607,0
0.030183284,50.39113875,196.417,2543.393,0
0.019759685,53.29173085,209.974,3408.912,0
0.014294751,45.15707323,211.235,2734.341,0
0.03114712,45.88607484,202.393,2070.237,0
0.035801578,41.01325448,184.563,3640.202,0
0.040259002,53.49964168,169.946,3133.626,1
0.018095022,43.51097102,212.55,3146.815,0
0.015489326,51.48418856,205.274,3138.848,0
0.02002791,54.46770045,193.879,3552.46,0
0.021631311,33.88073848,217.602,2272.217,0
0.021940572,42.89410836,214.672,2720.637,0
,37.23889945,218.588,1836.01,0
0.025635679,50.93046818,190.444,3543.13,0
0.030807811,45.73024409,192.071,3749.811,1
0.01890481,41.48301253,216.387,2229.459,0
0.023844338,53.60355643,202.324,2833.483,0
0.028980005,61.90603367,194.029,4020.507,0
0.026994544,54.10017643,192.786,3381.523,0
0.028804133,48.25901906,192.445,3396.492,0
0.016845118,63.42729023,192.102,3914.163,0
0.014292892,36.76133305,207.915,2741.557,0
0.021732409,50.68415613,205.073,2878.847,0
0.026344786,52.07008406,195.43,3946.64,0
0.0254985,51.50196843,193.381,2674.759,0
0.013103921,45.76009334,202.842,3520.642,0
0.023752398,,189.897,3524.321,0
0.023411504,43.16895668,212.582,2200.108,0
0.020179816,51.11508772,195.897,3787.166,0
0.028586717,54.99581918,193.753,3593.4,0
0.026745763,41.45089093,207.615,2451.741,0
0.018373356,72,187.982,3572.577,0
0.007848238,52.69839166,212.67,2608.613,0
0.018755042,48.20309343,203.824,3336.172,0
0.024774754,54.13778732,191.155,3970.315,0
0.021764766,42.66909382,206.058,3212.087,0
0.031529923,52.93084364,167.182,4184.091,1
0.027102339,54.37106851,195.918,3179.446,0
0.026964378,40.93554344,210.196,2501.147,0
0.015872377,56.43008201,201.414,3115.099,0
0.012783934,54.41287015,213.077,2918.532,0
0.025925211,58.37028105,189.441,3715.991,0
0.020487837,55.65726029,192.359,4177.202,0
0.020272178,57.59378083,201.751,3076.896,0
0.020733795,58.31778005,196.58,2875.333,0
0.020764308,55.39080634,199.264,2881.916,0
0.022727405,56.88461599,193.581,3396.107,0
0.023922004,56.39637726,195.393,3401.688,0
0.025430431,67.21322175,187.091,3869.314,0
0.023036322,47.84518129,205.803,2857.488,0
0.01623799,51.89476087,205.894,3370.968,0
0.011749486,46.89580315,214.757,3247.836,0
0.02171564,55.00702316,193.915,3919.989,0
0.022356761,53.05737853,208.161,3636.6,0
0.022273474,56.12591271,198.93,3505.582,0
0.03033649,46.12626387,200.735,2712.483,0
0.016140014,31.5400424,226.778,1920.61,0
0.027493803,58.65827865,198.177,2780.714,0
0.034859763,,180.401,3814.656,1
0.021358444,45.13625721,213.794,2050.229,0
0.030079991,41.11740631,198.893,2369.377,0
0.033732823,54.8930513,171.773,5135.508,1
0.024275888,52.54411543,200.286,2921.127,1
0.019383085,48.76599586,216.832,2258.164,0
0.029334291,47.81838044,194.043,3677.105,0
0.015176527,55.85775572,205.764,2109.444,0
0.025598341,67.73203367,195.521,3200.126,0
0.019046156,47.96498057,207.229,2600.844,0
0.026726692,58.19544987,193.613,3230.2,0
0.012484014,43.79298991,215.212,2427.21,0
0.005,,213.062,3778.494,0
0.023736582,56.23137603,190.927,3366.01,0
0.023782346,49.73618196,204.912,2984.744,0
0.020515601,46.27637825,213.483,2226.495,0
0.024191716,58.12541057,196.591,3686.977,0
0.023557997,49.57225217,210.466,2700.627,0
0.020085864,43.21718789,192.364,4086.231,0
0.013934798,49.64988009,216.919,3045.687,0
0.023754371,53.18840073,203.61,2827.01,0
0.005,,198.658,3976.548,0
0.020948135,57.84193819,200.197,3321.223,0
0.02070592,50.09932028,197.491,3960.538,0
0.026640407,40.55940601,209.106,3102.609,0
0.023429032,56.48411766,185.156,3632.108,0
0.023545574,47.93832568,203.128,2307.897,0
0.01632599,64.65863451,190.324,4809.231,0
0.029394019,51.05153997,198.512,2997.993,0
0.030011214,49.60021757,171.283,4867.026,1
0.029729099,47.6137054,201.736,3196.738,0
0.016532907,43.70672652,213.96,2553.304,0
0.009876638,48.34570811,227.754,2166.517,0
0.025283038,58.72808838,180.721,4986.361,0
0.011522124,32.40741547,221.821,2542.934,0
0.03924703,40.51446408,152.518,4796.35,1
0.022037641,,211.535,3412.934,0
0.031719326,45.23392887,191.196,3607.085,0
0.032707937,48.56912784,192.238,3771.264,0
0.019512707,55.6283476,206.514,3049.343,0
0.034348868,42.54710271,196.503,3241.14,0
0.020459714,41.91065546,208.859,2899.093,0
0.023951604,50.24994877,210.302,2906.011,0
0.023883022,44.92531785,211.742,2679.339,0
0.031656351,,202.687,2485.073,0
0.030317867,55.44451093,191.464,3711.53,0
0.021097173,56.03891076,191.544,3815.717,0
0.029743198,45.32874267,202.848,2185.213,0
0.012664048,49.60403814,214.974,2956.059,0
0.015371745,30.07856741,225.561,2288.246,0
0.023123108,44.75559767,207.826,2612.403,0
0.02463485,51.58119836,197.24,3811.443,1
0.02271449,44.5626936,209.794,2633.435,0
0.028012974,37.69657675,207.314,2705.18,0
0.020992593,54.58688499,205.038,3127.465,0
0.02535452,46.36436058,204.099,3395.687,1
0.024602397,49.12807907,195.013,3080.348,0
0.034399046,46.60458427,192.552,2779.943,0
0.009037156,49.73206871,220.185,3002.625,0
0.017174964,54.57488047,192.075,5019.77,0
0.029614569,35.52994248,183.529,3528.064,1
,52.55014296,195.552,3944.984,0
0.022373363,46.04666065,212.44,2993.844,0
0.025366802,51.30177433,202.129,3460.173,0
0.033895354,40.55995772,203.203,2966.924,0
0.025068454,44.46219183,198.663,3372.207,0
0.020679211,46.92233947,202.994,2850.202,0
0.013492956,50.60536645,214.969,2696.483,0
0.024155507,39.84867755,203.643,2650.956,0
0.03469737,44.97149928,186.762,3563.798,0
0.020612966,56.49116024,205.663,3298.064,0
0.015458472,46.41553073,222.28,2588.054,0
0.013778231,45.86007529,215.743,2986.129,0
0.030790708,53.94129341,186.326,3905.959,0
0.023574153,43.6539834,197.331,4609.466,0
0.022100488,51.12777787,199.297,3549.82,0
0.017240013,55.5988133,191.414,4944.503,0
0.019618455,40.14727781,201.752,3874.361,0
0.018051391,42.75946408,204.546,2584.727,0
0.034837134,42.00815937,195.292,2836.236,0
0.024326466,53.64476421,187.961,3414.339,0
0.032684785,38.98697907,203.978,2586.904,0
0.032738633,57.76508453,192.889,3482.036,0
0.02972767,58.53055021,185.319,4111.816,0
0.019641157,34.84559762,218.594,1960.699,0
0.017539185,40.10655217,207.182,3193.014,0
0.032140717,37.00840659,197.002,3568.648,1
0.025387058,55.69946598,193.136,3274.751,0
0.016281649,50.72438815,200.32,4170.58,0
0.025734656,57.28016881,192.689,3671.767,0
0.028291408,49.38622157,186.078,4036.721,0
0.025583534,50.12444287,191.886,3535.442,0
0.026474869,43.06201674,211.915,2643.413,0
0.021113196,45.58199384,210.176,2726.938,0
0.024171456,52.44928324,199.204,3217.042,1
0.01030428,57.83442629,217.202,3281.709,0
0.020356563,28,217.188,1626.396,0
0.018605238,36.95220266,214.34,2587.409,0
0.02367225,50.63190528,201.752,2920.594,0
0.036706708,47.05358935,201.219,3285.107,0
0.021439989,45.70229442,202.884,3010.703,0
0.01978206,56.58284383,195.049,3544.594,0
0.025203892,50.46417184,202.957,3420.013,0
0.017603597,56.73295154,209.05,2610.481,0
0.020520541,49.52607838,205.71,3364.644,0
0.026788871,48.94808579,201.684,2481.929,0
0.023906741,44.66979779,211.398,2664.214,0
0.03280899,52.22356373,201.381,2367.86,0
0.01340056,56.83942863,213.068,3305.261,0
,50.42267559,208.152,2515.793,0
0.028625914,61.24548204,191.226,3434.917,0
0.026596303,41.52981858,213.756,3809.036,0
0.026105148,51.45597961,203.322,3572.569,0
0.012316024,57.44524186,212.512,3066.617,0
0.027119551,45.19863529,199.722,2502.805,0
0.033749131,64.49940483,180.685,4062.545,1
0.020578837,64.82282611,181.206,4478.094,1
0.029023492,35.47096904,204.029,2128.782,0
0.020879957,56.59841249,206.075,2976.3,0
0.018088912,47.55692392,204.003,2891.561,0
0.021530224,49.29363515,208.612,2878.953,0
0.017103453,66.53892364,191.756,3757.395,0
0.033957918,59.65172322,180.111,3398.848,1
0.031179924,42.28461726,207.82,2575.268,1
0.02813478,38.52914924,205.517,3115.435,0
0.017831113,47.43278509,200.185,2859.495,0
0.023687407,44.12900281,215.494,2306.405,0
0.027188697,43.00836623,205.154,2503.519,0
0.023466451,51.6129958,197.749,3420.453,1
0.024519269,57.01932302,196.982,2985.697,0
0.028253967,50.26952728,195.037,4177.039,0
0.029919545,61.84163972,189.361,3308.214,0
0.025346659,49.75887268,199.24,2263.581,0
0.013477326,44.89915521,210.801,3179.333,0
0.027040464,43.21654428,208.222,2443.456,0
0.005596966,46.36044835,220.219,2945.084,0
0.027954482,43.89401867,197.417,3280.053,0
0.031644675,49.34008945,197.169,2892.716,0
,50.48242154,196.819,3422.355,0
0.024297265,44.85655615,207.216,2463.089,0
0.025380841,51.15520778,196.421,3076.454,0
0.017313632,54.18209707,197.595,3527.451,0
0.020981829,51.48664213,203.939,3419.53,0
0.028514762,64.73361222,176.112,3797.986,0
0.036648946,64.27372092,181.698,4808.932,1
0.023475327,54.71794044,208.355,3042.748,0
0.024082163,56.31474562,181.819,4341.464,0
0.019189619,38.8428801,213.319,2739.45,0
0.022597512,47.68116709,208.862,2736.544,0
0.030135026,50.71262675,192.225,3039.757,0
,54.56044475,221.61,3194.8,0
0.025479075,47.72280339,189.48,4242.235,0
0.026243296,48.60286142,204.269,2891.777,0
0.030232011,40.01219385,194.821,3463.712,0
0.025164824,57.64165684,187.743,3241.069,0
0.030857906,54.48945424,168.42,5488.004,1
0.025875812,40.8090332,204.285,2422.952,0
,48.12412779,203.208,2318.189,0
0.038824693,51.81040158,193.232,3553.361,0
0.028049131,57.29890191,189.835,2838.634,1
0.018957307,49.9559248,201.782,3270.124,0
0.026614241,38.11734969,213.973,1978.665,0
0.025168798,53.94178867,203.064,3208.839,0
0.038032986,64.61088558,184.486,3053.221,1
0.028236582,54.94029265,187.772,3436.059,0
0.030979755,47.20888862,196.481,2393.312,0
0.022921371,45.29341846,205.965,2790.753,0
0.030416569,47.97475008,178.556,5690.688,1
0.017664592,49.01248216,209.59,3622.229,0
0.030620309,54.27160507,193.007,3010.722,0
0.034292602,48.39111014,190.819,3150.473,0
0.024309034,55.27270149,200.266,2586.708,0
0.029018417,44.74247915,199.664,2682.523,0
0.024407408,51.06585066,199.786,3159.746,0
0.022487051,44.24609473,199.893,2788.739,0
0.016611976,54.3113019,203.993,3499.561,0
0.028050229,48.3347458,201.122,3024.929,0
0.025744297,49.8533238,196.58,3153.431,0
0.022828556,43.89727011,206.074,2310.873,0
0.013247638,50.34017371,210.973,2099.466,0
0.030005882,52.8194318,193.819,3134.228,0
0.020322002,43.41766114,202.351,3665.021,0
0.006893751,56.8603832,218.091,2790.847,0
,42.54827304,208.61,3226.017,0
0.030717689,45.03886486,205.704,2636.484,0
0.022068378,48.66524409,208.942,2899.493,0
0.030205761,60.23038596,195.442,3475.268,0
0.017463275,43.93216059,217.554,2354.154,0
0.033244491,56.46272278,196.122,3384.697,0
0.023496734,54.86588178,193.978,2690.554,0
0.01606787,43.29242921,217.259,3191.959,0
0.012117779,51.21487076,216.994,1867.558,0
0.031702554,44.09448647,204.65,2036.358,0
0.027439761,70.25885787,175.319,4461.846,0
0.024755337,70.74861373,179.545,3747.035,0
0.019288599,43.73346771,207.443,3237.63,0
0.024290704,42.72276985,202.931,3210.633,0
0.018451593,61.32383773,199.467,3497.328,0
0.026027938,55.87709793,196.077,3375.95,0
0.029095672,53.88560966,200.153,3645.841,0
0.014605097,60.23896107,207.218,2778.97,0
0.036895828,55.06358269,184.872,4121.112,1
0.011938712,45.75345839,220.424,2333.108,0
0.029626179,50.87598793,187.734,4274.512,0
0.030926117,57.09119767,185.803,3723.999,0
0.022781539,49.37678184,199.125,3589.088,0
0.031484612,58.16131046,176.903,3083.904,1
0.026741364,46.68249241,207.314,2977.689,0
0.025757322,49.8684938,198.17,2719.497,1
0.015255157,41.49284059,208.975,3487.769,0
0.014246824,59.07949812,205.811,2929.911,0
0.027216937,44.86362513,205.467,3430.683,0
0.023248345,45.83302555,199.5,2310.748,0
0.021787532,46.54787879,201.595,3043.796,0
0.009511681,52.71008669,202.957,3434.221,0
0.027636206,35.55145347,217.793,2153.788,0
0.025413707,57.47749001,203.366,2665.364,0
0.033247428,51.33754285,196.463,3509.07,0
0.012928703,38.80445777,209.827,2945.171,0
0.029650953,47.34855127,191.506,3327.062,0
0.031181028,55.60992117,191.53,3063.584,0
0.022855717,55.03715239,186.991,3975.127,1
0.022853012,33.45335412,217.283,2202.544,0
0.031794548,49.47986451,182.427,3984.366,0
0.010100016,51.63488033,215.785,2748.667,0
0.030144441,54.63465793,197.288,3007.13,0
0.016443681,48.62082146,207.223,3295.436,0
0.030898127,48.22783299,174.695,3718.954,1
0.013314457,69.56305408,192.41,4621.111,0
0.011200102,50.09529558,216.959,3012.573,0
0.024983771,41.9251189,214.501,2870.816,0
0.011123688,37.86827674,220.743,2181.248,0
0.029339291,50.97414159,197.109,3892.62,0
0.018656376,61.38951899,192.194,3081.124,0
0.028246898,61.68023542,188.137,4108.965,0
0.011869641,40.75204456,211.144,3215.754,0
0.023757739,33.71292138,216.04,2523.239,0
0.014902434,56.77005549,207.352,2931.77,0
0.013398621,39.44035335,221.153,3088.585,0
0.01419574,43.06786667,229.154,1994.755,0
0.029021192,47.96667011,190.743,3547.023,0
0.029021333,54.86871745,184.429,3650.918,0
0.026613539,46.71109465,204.864,2557.067,0
0.024752178,44.66110553,201.144,2264.767,0
0.017773928,60.34418257,193.189,4761.664,0
0.010082046,,217.163,3016.951,0
0.0335636,49.15318821,202.784,2397.862,0
0.031323322,46.02950102,193.633,2748.432,0
0.023103695,37.85133358,216.07,2189.218,0
0.020326237,40.16028323,210.501,2380.215,0
0.014900927,48.75365814,212.405,2903.413,0
0.026857445,48.57711237,203.733,3144.237,0
0.030319981,57.09286702,186.869,3322.115,0
0.03733654,56.72829694,183.755,4005.909,0
0.026643737,43.50431678,202.784,2587.354,0
0.019970688,54.69514277,208.036,3117.064,0
0.014091508,50.61678143,209.37,3371.917,0
0.022087195,59.59014941,189.555,3788.256,0
0.024861756,46.72802966,206.231,2537.371,0
0.025102535,49.21086736,195.593,3191.777,0
0.02051914,47.44162125,207.103,2829.935,0
0.035208288,42.60815528,185.763,3223.987,0
,48.27975702,206.339,1987.658,0
0.029837552,40.67245007,208.313,3496.816,0
0.026299096,51.232745,200.758,2370.244,0
0.037533997,43.42484979,194.186,2927.889,0
0.021122256,58.1733727,198.165,3401.025,0
0.027531714,43.43221672,186.093,4193.007,0
0.033967689,49.62038744,191.311,3125.768,0
0.021074405,65.25328099,187.566,3747.707,0
0.023468395,32.46148352,222.093,1691.809,0
0.012795841,39.01448035,223.962,2241.655,0
0.026479789,55.54444006,195.209,3080.411,0
0.023370882,49.21130121,212.444,2481.698,0
0.021008734,60.88600648,201.654,2375.331,0
0.015285892,37.63768175,219.284,2064.624,0
0.030394326,49.09482742,192.914,3233.527,0
0.01683879,54.23902813,202.621,3867.747,0
0.023032723,53.75980202,210.953,2514.856,0
0.022016233,40.35974816,209.149,2286.14,0
0.017294249,40.15272073,212.999,2735.92,0
0.023604536,53.39954466,198.421,2941.937,0
0.013171484,56.05387228,205.193,3736.398,0
0.030568052,,190.323,3414.452,0
0.014843842,56.65143792,213.48,2157.93,0
0.024736072,41.99662274,208.813,3068.307,0
0.022087151,56.14301133,202.545,3325.16,0
0.033991074,64.18007715,170.135,3746.949,1
0.031187673,54.16952764,191.128,3455.332,0
0.023587788,48.10912082,205.565,2542.213,0
0.025873582,48.34348427,199.762,3034.434,0
0.012530276,57.84259576,214.748,2524.278,0
0.04296589,57.23067712,175.821,3617.816,1
0.028193481,37.63236762,212.336,2172.55,0
0.028256406,37.40651736,218.414,1455.206,0
0.023514696,,191.657,3524.099,0
0.019165325,43.48740505,197.822,4010.583,0
0.015932905,54.61775121,202.28,3050.555,0
0.017350448,52.18901028,211.69,2573.388,0
0.02162823,42.39797193,198.344,3468.95,0
0.039189278,56.06221224,158.327,5145.484,1
0.028578533,53.74718068,194.879,3430.622,0
0.02661469,44.97572875,203.273,2835.847,0
0.028226766,42.04591503,209.09,2584.401,0
0.01378945,57.10624105,201.981,2987.448,0
,39.79076672,207.057,2998.828,0
0.027126285,65.04472263,185.856,3861.372,0
0.02297218,48.70779202,196.201,3962.273,0
0.018840731,,203.556,3214.179,0
0.031457365,52.84026346,187.293,3155.543,0
0.01533056,50.48380806,208.14,2986.501,0
0.024525934,56.00207599,193.288,4151.534,0
0.024651238,60.58939665,195.252,3578.272,0
0.01143536,45.68968901,218.598,3559.419,0
0.028661355,44.08046161,202.075,3019.705,0
0.036055258,51.7924466,183.792,3038.66,1
0.025737131,44.80924495,207.574,3272.842,0
0.026067376,45.31208197,199.939,3118.367,0
,44.47206663,219.383,3124.084,0
0.031004778,52.47586992,177.254,4569.661,0
0.022935666,50.84934554,196.752,3220.981,0
,49.62459613,198.566,3087.747,0
0.023336301,53.21613485,192.013,4038.563,0
0.020149098,42.22535453,211.259,4015.09,0
0.029004814,62.61092549,189.123,3467.543,0
0.030186398,42.98885089,202.467,3222.83,0
0.026711379,54.68438428,188.594,3658.607,0
0.029011719,51.97915497,195.433,3396.563,0
0.014751012,42.53259454,209.519,3462.605,0
0.02673482,46.72236969,205.78,2490.747,0
0.031611297,,176.997,3536.505,1
0.005376948,50.9087447,208.496,3912.313,0
0.03400036,44.28545063,188.299,3295.847,0
0.044032934,55.99534079,184.677,3347.208,1
0.023275313,51.90747867,201.182,2666.854,0
0.018103205,54.48755658,194.647,3557.042,0
0.023737433,59.21184808,190.721,3710.706,0
0.025125351,49.87733869,198.154,3392.503,0
0.028378232,55.84948176,170.653,4887.515,1
0.037337091,49.13067767,180.384,3647.729,0
0.027095896,57.0411942,194.481,4241.941,0
0.017174726,49.97177997,217.626,2906.345,0
0.012251445,56.10359023,205.435,3517.213,0
0.026605148,60.72800466,193.46,3788.498,0
,55.91602018,187.891,3117.975,0
0.025816138,53.9509198,186.021,4032.936,0
0.017922493,45.58431408,218.37,2228.783,0
0.03109894,72,180.903,3517.193,1
0.023841987,36.61836001,208.447,2278.304,0
0.008894658,64.21189124,201.809,3673.226,0
,46.5952816,196.704,3803.001,0
0.027105192,42.17776949,193.652,2612.115,0
0.02751814,45.42742262,199.697,3257.313,0
,50.96438373,215.804,2689.897,0
0.024292317,53.422672,193.539,3090.376,0
0.035073297,55.6196253,181.763,3359.797,0
0.036692219,50.28008636,182.912,3305.424,0
0.018694625,63.42358536,198.399,3068.701,0
0.028233067,54.8081783,196.145,3227.766,0
0.025902549,46.50634487,191.139,3378.251,0
0.024165955,49.98364376,207.893,3135.517,0
0.029079908,50.62519109,193.303,2875.907,0
0.016821073,45.049197,207.562,3690.338,0
0.022011362,52.04699681,204.521,3798.261,0
0.033295521,32.57794548,216.085,1567.134,0
0.030338686,53.72027116,190.487,3952.296,0
0.020237388,43.98063785,213.637,2513.706,0
,47.46992195,187.002,2869.43,1
0.021342989,,201.024,3681.438,0
0.009987324,45.72613952,216.269,2472.23,0
0.023581178,54.94889521,199.611,3378.607,0
0.030323273,54.83179793,194.272,3177.647,0
0.033204935,67.02760588,186.769,3582.789,1
0.038797641,55.30287076,181.13,2872.397,0
0.021163906,57.57138047,197.051,3829.219,0
0.027473902,61.99639986,194.962,3422.724,0
0.031834914,52.28060784,191.7,3012.406,0
0.016556611,28,225.268,1547.834,0
0.030625561,50.61561598,199.884,3177.032,0
0.040882467,39.77305729,199.75,2331.707,0
0.027138238,62.39883717,193.317,3410.461,0
0.027290082,62.36642687,182.448,3929.157,0
0.020433352,48.96665093,214.435,2392.316,0
0.026265074,,200.865,4121.236,0
0.022995457,48.55396444,198.229,3513.201,0
0.027658754,60.96584833,187.166,4030.298,0
0.036434086,39.56239942,198.52,2587.589,0
0.030884507,56.40261356,190.269,3128.199,0
0.024522578,50.36450773,204.987,2034.984,0
0.027645093,41.79943643,195.473,3536.289,0
,56.58918768,177.512,4675.775,1
0.018705551,38.47838815,220.775,1636.302,0
0.027430874,60.82227966,186.192,3289.573,0
0.032601104,52.42884928,186.038,2843.302,1
0.01738735,45.74725163,210.114,3771.947,0
0.025654548,46.90943045,198.778,3054.918,0
0.02025897,52.29505812,203.792,3333.282,0
0.027292557,52.26872225,202.433,2757.337,0
0.024314648,35.87564905,219.821,1945.942,0
0.031344738,38.82517718,204.716,2635.475,0
0.022818767,55.55446478,205.766,2777.397,0
0.020377118,58.39288598,197.411,3797.627,0
0.037582503,54.66075176,198.551,2590.038,0
0.016431822,47.77576629,207.73,2590.262,0
0.023202772,46.25620165,205.679,2390.809,0
0.020644662,53.10893192,196.266,4055.48,0
0.021208636,46.95628434,208.329,1687.75,0
0.021263586,48.58234429,190.034,3435.428,0
0.029179983,40.39444608,194.07,3479.464,0
0.03430364,57.71932508,196.897,2874.063,0
0.025760123,48.75512746,199.126,2586.024,0
0.021879942,44.73645474,203.361,3434.778,0
0.027108685,56.62264145,193.827,3738.083,0
0.025889885,43.53948633,196.707,3690.076,0
0.018299773,70.04067468,191.133,3990.549,0
0.019507559,48.14458273,208.677,2355.427,0
0.024937534,49.8388156,207.727,2276.215,0
0.010980741,59.74018179,210.571,3334.587,0
0.025883483,47.70971294,209.172,2594.779,0
0.016935946,52.44307852,205.186,3250.473,0
0.024707272,53.67328776,199.25,3568.158,0
0.026201774,42.71986511,203.231,2903.793,0
0.028018047,36.76641272,215.474,2358.027,0
0.021192184,59.74600433,187.341,4010.437,0
0.03640833,65.99728064,181.713,3146.107,1
0.025082421,43.71198456,205.285,3287.763,0
0.030713072,64.10031377,174.343,3895.081,1
0.015546705,56.68340986,204.573,3711.804,0
0.035568361,43.99030509,201.484,2677.323,0
0.025531759,48.97271566,195.003,3361.131,0
0.019573347,44.30751562,217.752,1960.408,0
0.026054897,45.55461626,203.384,3714.196,0
0.032372562,38.99053658,204.811,3225.908,0
0.023661701,50.92924775,198.357,3167.957,0
,60.41119748,200.312,3822.939,0
0.03223775,53.5779412,186.54,3051.198,0
0.017674672,45.40172607,203.562,3157.38,0
0.020461173,44.8064671,201.899,2884.053,0
0.018827254,49.19978962,206.663,3208.266,0
0.023526925,49.29240449,201.56,3160.337,0
0.020866348,51.13022093,205.489,2816.358,0
0.028319872,55.93804294,187.318,3652.996,1
0.034225319,48.9880952,192.927,3139.66,0
0.023447393,41.29400171,202.824,2447.335,0
0.019491976,45.13197376,206.757,3398.342,0
0.031447239,46.40903141,194.598,2712.72,0
0.025615517,48.34640896,199.942,3965.4,0
0.023099253,55.02807399,192.899,3082.294,0
0.023906612,52.72345145,195.138,3324.35,0
0.030949711,49.78347359,190.143,3033.274,0
0.031772653,46.38683766,198.495,3128.88,0
0.019778995,46.79079452,212.976,2989.974,0
0.026151255,48.55684858,203.979,2552.558,0
0.024416452,43.3512926,207.272,2668.214,0
0.025453949,40.48005213,218.389,1960.343,0
0.027077398,57.75690591,190.435,3296.542,0
0.029142598,53.17326644,176.156,5514.332,1
0.01935531,38.62579365,218.243,2179.45,0
0.033088089,39.54658954,204.546,2726.962,0
0.027050737,49.15276757,203.981,3240.949,0
0.023881328,64.21330798,182.247,3791.209,0
0.031531644,54.89550081,184.746,4389.797,0
0.03507536,46.15694854,179.533,3082.056,1
0.019773362,39.66279581,211.276,2288.961,0
0.030087489,53.39688813,186.232,3472.549,0
0.015488811,60.03351803,209.747,2947.566,0
0.026800535,57.12013327,191.091,3425.552,0
0.034502549,56.64724382,184.079,3657.594,0
0.022640686,54.3831368,197.617,3825.498,0
0.029346826,55.27126508,191.875,3172.234,0
0.031897915,49.13290837,205.825,2973.998,0
0.027575389,67.03568818,181.336,4487.31,1
0.020664637,57.63598611,201.833,3070.5,0
0.020874734,49.27815594,212.091,2809.192,0
0.024147176,49.08018942,183.716,4196.201,1
0.021532834,45.68919215,206.878,3464.152,0
0.028373319,45.53812165,203.008,2939.969,0
0.012527779,57.54267587,216.364,3213.875,0
0.035190563,44.57221974,193.029,2261.186,0
,30.45418051,220.65,1345.31,0
0.033677819,50.63165675,186.993,3059.554,0
0.021500874,53.12903315,197.022,2763.785,0
0.031159867,57.55844571,189.123,4084.3,1
0.022353491,48.86976526,207.827,2915.089,0
0.019602473,61.82777974,197.912,4171.649,0
0.020242602,,189.776,4007.674,0
0.020397138,43.92663333,218.492,1794.412,0
0.020213327,60.53705392,198.853,3103.195,0
,47.97565472,202.845,2966.821,0
0.023944524,54.14475081,206.914,2636.403,0
0.028125446,41.85936282,188.637,3591.013,0
0.018697136,54.71883993,192.572,3583.779,0
0.022802152,50.02098851,202.56,3239.855,0
0.024122108,48.99098958,209.267,3487.335,0
0.018790224,50.41746559,211.099,2426.919,0
0.021866324,47.80849474,198.941,3780.57,0
0.028490968,56.74015769,188.623,3466.212,0
0.025841589,40.10372895,204.841,2366.795,0
0.024071553,58.45157462,197.334,2661.89,0
0.029739638,58.42903297,184.045,4166.576,0
0.034600231,42.80134719,191.702,2999.958,0
0.020575864,40.18151246,212.245,2118.671,0
0.037591139,53.17518469,183.605,3795.067,1
0.028144003,58.30560472,185.705,4676.026,0
0.017417665,56.67997951,201.547,4619.638,0
,41.89673274,186.735,3265.225,1
0.00989858,51.43245993,208.991,3470.208,0
,,230,2383.006,0
0.020936595,45.18397058,204.456,2238.03,0
0.023955952,34.21189556,214.706,2093.94,0
0.019299466,65.1395307,182.44,3704.329,1
0.025022918,58.09365433,205.616,2582.873,0
0.027443253,47.75777583,199.301,2793.738,0
0.031348616,48.89470327,187.562,3932.89,0
0.020428612,41.79596497,217.086,2205.284,0
0.0128225,45.12490942,210.53,3761.877,0
0.017177883,52.76057036,198.163,3333.06,0
0.023874766,44.32153072,193.887,4677.349,0
0.018260664,54.96095306,202.458,2881.629,0
0.01676809,50.2711422,205.761,4016.446,0
0.021917685,44.62068765,212.296,3219.055,0
0.023583898,46.70100039,211.857,3425.568,0
0.010235443,38.04759808,229.097,2564.581,0
0.019830822,53.30950617,211.996,3100.083,0
0.031797203,52.853773,175.276,3519.063,1
0.023932613,44.20817401,207.039,2762.579,0
0.016100221,56.75770609,210.379,3159.141,0
0.037980883,,184.13,3529.537,0
0.024581409,47.12380214,215.583,2530.04,0
0.013219648,56.46937009,215.958,2891.773,0
0.015044602,47.65834742,211.768,2696.984,0
0.028208597,58.11737005,187.531,3626.909,1
0.02550027,47.53160332,202.401,3203.404,0
0.015816276,44.14000721,211.516,2307.901,0
0.019427964,46.72207447,208.076,2939.131,0
0.037524117,35.39751821,198.294,3209.21,0
0.033855141,65.17725551,185.745,3627.602,0
0.019490498,43.41708407,216.016,2388.672,0
0.012505591,53.32447646,208.214,3389.879,0
0.03741182,46.9545059,185.092,2330.678,0
0.01801325,57.58918166,202.379,2889.705,0
,55.24405715,206.351,3252.081,0
0.030002624,61.16380768,179.529,3377.925,0
0.027304868,41.70988529,205.853,3211.244,0
0.021185084,50.40886567,214.67,2781.305,0
0.017644984,38.40946727,208.722,2981.448,0
0.018893326,51.25808353,207.13,2760.105,0
0.012864416,40.54483056,207.094,3807.265,0
0.032923457,54.90030458,174.099,4468.793,0
0.017591308,44.87968221,207.759,2708.325,0
0.019260001,49.02272903,209.378,3650.485,0
0.027273103,45.81061771,214.872,2225.011,0
0.026963092,51.33358342,205.56,2272.852,0
0.028716872,42.46547457,197.1,3119.944,0
0.024574503,51.61947647,176.541,4452.38,0
0.024032042,45.75183656,205.995,2211.405,0
0.025909513,46.02170273,202.545,3272.451,0
0.022996723,52.91087757,204.653,2708.815,0
0.035867386,59.81780408,179.293,3152.035,1
0.026107064,41.76460092,206.028,2760.878,0
0.020053062,39.01173401,208.898,2915.885,0
0.029328648,46.85342043,195.049,2793.728,0
0.023875604,50.82163125,186.989,3603.307,0
0.036968858,53.11365035,181.137,3247.071,1
0.028649741,48.64882951,199.498,3486.871,0
0.024074562,36.21172726,214.205,2416.855,0
0.034244661,51.51433566,190.592,3069.257,0
0.030319874,47.02486879,196.974,3159.456,0
0.023669471,47.31265442,209.629,2513.035,0
0.017202567,46.44946065,193.573,4021.595,0
0.025984825,50.79387593,194.761,3346.184,0
0.018670412,57.21427364,177.844,4604.979,0
0.023680553,41.07554004,209.971,3156.091,0
0.027057291,47.35332009,201.36,3264.808,0
0.018149753,39.9901302,213.002,2959.847,0
0.024408143,47.86031302,202.694,3070.072,0
0.024732103,49.2166313,202.52,2914.736,0
0.037770504,51.99752106,183.252,3459.128,0
0.025237033,59.55731813,191.136,4363.702,0
0.028571179,42.15166527,207.725,2330.468,0
0.022963444,38.80879219,219.011,2004.305,0
0.016907868,47.75413552,210.507,2465.78,0
0.024618854,44.82144914,211.137,2912.198,0
0.031807188,49.19511633,202.15,2657.747,0
0.017821173,58.35314578,205.218,3075.932,0
0.008794531,40.42274622,230,1642.484,0
0.016975555,57.00665658,210.591,2798.867,0
0.018700627,53.97109811,202.091,2979.067,0
0.027528576,55.4241958,194.169,3020.353,0
0.026683767,59.4275651,195.658,4066.126,0
0.03243939,48.99886036,193.324,3381.291,0
0.017679164,62.13967927,208.472,3071.049,0
0.023520491,66.24856757,190.316,3895.33,0
0.015266585,56.54216468,184.464,4399.094,0
0.026908006,46.21061126,181.62,5030.075,1
0.016112888,50.48266207,214.289,3222.13,0
0.037827825,50.32492923,167.133,4809.476,1
0.022579899,52.04199414,203.814,3139.17,0
0.031674054,50.20743465,192.476,3513.443,1
0.031372126,45.93997944,194.172,2979.564,0
0.026149588,57.36200447,189.551,3408.005,0
0.02999627,43.59531314,206.221,2964.235,0
0.018215916,56.91988,200.037,4522.447,0
0.021701511,51.94723501,190.004,3487.806,0
0.027453233,59.52848367,197.383,3961.252,0
0.021092928,44.21570084,202.92,3346.302,0
0.023691974,62.12726887,195.268,3353.14,0
0.023506915,56.94305899,208.184,2598.103,0
0.015099898,28,230,1388.086,0
0.028624502,40.05157951,199.563,2509.284,0
0.029549567,,176.915,4264.512,1
0.027845083,50.08645748,204.999,2473.641,0
0.01848755,50.76562882,208.399,3573.647,0
0.021876273,34.14556387,217.773,1922.354,0
0.033069041,46.38630152,200.134,2830.186,0
0.011193419,44.82805068,211.07,2587.124,0
0.016856957,45.31972178,220.029,2475.508,0
0.032089641,52.92616638,188.93,3550.871,0
0.025728902,51.96446463,176.914,5654.59,1
0.005,47.47230782,221.578,2450.498,0
0.032174931,61.12738985,187.142,3835.023,1
0.005285714,38.48167547,217.736,2618.593,0
0.028037265,54.57487553,202.388,3180.756,0
0.019033247,34.88922776,218.982,2134.594,0
0.019066529,60.10604504,197.137,3490.813,0
0.02456722,37.12074472,210.262,2446.219,0
0.023149685,51.44656457,194.177,3750.052,0
0.029382853,37.15697003,190.919,3138.372,0
0.037874948,55.52579479,179.242,3439.981,1
0.029532625,49.73051191,195.848,3372.083,0
0.012839417,61.90191915,198,4035.609,0
0.020904869,48.05405461,207.161,2871.361,0
0.022748339,32.45681283,212.795,2098.197,0
0.023583965,28.78759068,223.118,1308.964,0
0.013054506,39.73500844,214.542,2701.945,0
0.030465013,40.55756363,202.074,2790.925,0
0.017330901,44.97433712,207.312,3127.428,0
0.015450852,55.62374171,208.524,2690.203,0
0.022004101,54.55077327,196.706,3751.34,0
0.024404529,57.03177392,193.345,3842.628,1
0.028189843,54.72493365,196.257,3934.525,1
0.033175071,41.66448785,194.564,2719.937,0
0.017141523,48.7811739,203.232,2940.104,0
0.02341757,44.35743594,212.927,2639.468,0
0.028412005,52.91830156,192.433,3506.902,0
0.023870384,56.12768171,197.076,4402.487,0
0.017544457,41.11257981,213.043,2717.965,0
0.010954029,53.53290509,224.822,3358.522,0
0.031347516,46.84100824,192.923,3162.1,0
0.0237606,54.42956555,192.969,3896.518,0
0.026677144,51.00731058,189.414,3166.816,0
0.01621902,46.04182488,221.251,2400.08,0
0.017699599,72,195.818,4006.279,0
0.032851071,43.95203537,180.753,3016.673,0
0.017838093,48.03190761,220.966,2080.793,0
0.034394089,63.65490875,179.725,3663.404,1
0.016990076,53.37413653,209.334,3576.676,0
0.018349562,50.41133836,203.055,4165.594,0
0.025537691,47.50597394,201.105,3363.304,0
0.013682726,42.91340281,200.747,3317.078,0
0.016714902,40.1901535,210.78,1966.715,0
0.023297605,37.47058865,213.553,2976.436,0
0.028970233,,207.653,1931.327,0
0.015512083,45.68193669,209.449,2373.185,0
0.019950603,51.6831316,209.091,3447.268,0
0.024007628,50.68021997,209.189,2719.868,0
0.017138436,45.95167921,214.842,3023.808,0
0.024744813,50.43401156,191.538,3707.276,0
0.019734714,60.84950491,194.947,3972.03,0
0.026424196,53.6606256,190.636,3937.27,0
0.02605415,45.15409876,199.899,3001.984,0
0.020330375,57.6733638,203.248,3564.809,0
0.02285978,47.17097224,181.806,4842.914,0
0.032917827,52.61913928,190.316,3538.485,0
0.016762989,50.54886516,206.071,4056.416,0
0.0310789,44.90460368,203.137,2997.791,0
0.029572737,65.33319946,181.254,3400.225,1
0.023694512,48.30981305,192.788,3673.826,0
0.032235077,53.16762771,180.198,5348.675,1
0.02277354,56.04266215,199.864,3495.532,0
0.018546531,42.25163615,212.071,3123.848,0
0.036785617,50.77272002,192.72,3863.82,0
0.016380234,44.33593391,220.667,2723.436,0
0.022806586,45.70296353,200.62,2632.505,0
0.021769222,47.04500303,200.642,2872.808,0
0.014100808,62.63478308,203.927,3355.744,0
0.025034084,56.53474242,188.179,4112.445,0
0.015661124,65.31376016,191.446,3842.644,0
0.021603091,47.03217401,206.987,3408.437,0
0.021627546,56.89761559,199.283,2896.113,0
0.012673625,72,195.679,4015.481,0
0.017039117,47.20719363,204.503,2909.587,0
0.017562057,64.13140911,203.095,3694.248,0
0.023887055,52.85441777,200.627,2338.377,0
0.031783241,49.75524786,191.2,3023.842,1
0.035721601,50.30248114,186.294,3566.951,0
0.0186683,47.07005953,193.302,3157.058,0
,42.85189611,208.408,3447.068,0
0.010960746,29.14879167,230,800,0
0.023495987,45.57499787,202.653,3287.536,0
0.027861717,51.64090502,201.859,2649.27,0
0.030143069,60.67581638,182.628,4146.748,1
0.030695378,45.21046967,198.138,2579.817,0
0.019710502,55.95688611,205.436,3164.501,0
0.015851486,72,199.798,3159.937,0
0.027624383,33.09009873,212.892,1920.07,0
0.029747478,28.29334899,204.419,2634.989,0
0.02736693,64.17200409,185.767,3869.622,0
0.031284436,57.74707446,172.768,3960.232,1
0.034098107,48.68883791,186.174,3097.433,0
0.021569582,58.88555664,188.672,3130.053,0
0.023808364,43.21383547,211.26,2360.699,0
0.02440184,42.95795377,213.269,2215.16,0
0.023843793,56.73693853,202.661,2904.985,0
0.024919124,44.25943052,202.199,3215.697,0
0.028439817,52.24268776,182.408,3684.513,0
0.028614921,54.55552904,181.715,3258.298,1
0.011970919,68.61170208,206.742,3133.975,0
0.03056179,50.79272557,196.086,3206.949,0
0.028188482,54.38935177,196.588,2603.628,0
0.019713962,43.91891971,224.704,1967.685,0
0.030683505,35.44072253,207.546,2346.332,0
0.025464459,36.80020274,196.723,3231.234,0
0.015084667,52.73414946,193.492,4139.245,0
0.033026584,41.01765368,197.941,3033.323,0
0.0280923,47.42390877,209.832,2174.48,0
0.014997043,58.1657631,204.351,2537.035,0
0.027864133,42.23873186,193.751,3249.607,0
0.028640432,55.95465392,194.064,3253.401,0
0.017441176,53.61596929,196.33,3869.978,0
0.022341431,45.61481489,210.375,2458.047,0
0.022489461,50.50782077,202.284,3294.571,0
0.018612025,34.2720853,224.488,1971.25,0
0.029730695,47.75497474,188.454,2577.07,1
0.0107738,52.05569477,215.078,2542.637,0
0.028077568,53.27014319,189.68,2983.02,0
0.022646007,40.96477188,217.61,2718.174,0
0.018277089,46.45306772,203.676,3631.363,0
0.020881024,58.60016178,194.41,3531.208,0
0.014652072,46.21649647,210.448,2775.326,0
0.015655175,53.28861788,200.87,4206.438,0
0.031519177,45.49714507,185.919,2531.17,0
0.016302953,51.94010595,211.724,2391.298,0
0.025878451,52.70700805,198.171,3729.001,0
0.033215452,54.49946866,193.635,2770.962,0
0.036064846,52.89221799,182.858,2886.082,0
0.016280053,50.11214186,202.508,3651.318,0
0.023755474,48.68110972,200.507,3405.588,0
0.023867375,44.91432271,202.365,3237.584,0
0.027710752,48.22022816,204.009,2890.505,0
0.018658791,,225.997,2496.278,0
0.019145734,45.89862772,208.612,2775.109,0
0.023415698,72,190.49,3300.778,0
0.027737328,31.38044099,207.797,1934.162,0
0.013652481,35.0308769,210.755,2629.868,0
0.030641605,45.80438869,189.492,3881.894,0
0.024620392,40.91659587,206.138,2785.176,0
0.030103718,49.37703848,198.297,2887.324,0
0.034046076,44.64862764,189.433,2409.94,0
,52.17849625,194.055,3585.586,0
0.014384505,52.01043949,206.556,3688.15,0
0.027506235,44.12000185,209.277,1844.947,0
0.028002888,52.29884171,200.24,3543.468,0
0.021294545,54.04048756,204.925,3199.369,0
0.027559279,34.96181783,213.76,2655.121,0
0.021625786,44.10199188,210.507,1996.884,0
0.017477554,50.47445389,214.373,2826.239,0
0.025585622,51.71074214,196.372,3309.763,0
0.01716445,38.82197523,215.943,2268.783,0
0.011314829,42.4421447,215.356,2230.917,0
0.020408013,41.45248955,203.668,2795.091,0
0.028457414,61.1370887,188.716,3717.951,0
0.035097537,45.48338995,183.298,4170.195,1
0.034783543,51.78816502,190.318,2409.596,0
0.030230041,54.47319319,181.164,3085.461,0
0.035004977,58.2684399,188.734,3728.863,0
0.022603096,43.74578927,204.9,2798.854,0
0.019111085,60.8935606,205.282,3456.29,0
0.02487182,44.95604434,193.17,3633.451,0
0.019622866,48.56463313,209.608,2804.696,0
0.033192851,,202.969,2477.94,0
0.032219956,62.53331382,181.903,3305.277,1
0.01618424,48.08825153,211.083,2993.833,0
0.024845728,53.13712174,203.25,2591.218,0
0.024462732,38.87152604,214.096,2265.121,0
0.027955863,56.43585115,198.296,3311.303,0
0.025938435,55.80456124,195.164,3157.699,0
0.031266396,52.03137437,195.845,2977.215,0
0.02344645,52.61111285,204.191,3155.654,0
0.026489358,54.95571909,191.329,3249.618,0
,53.79436682,196.506,3265.793,0
0.020487098,49.32293953,199.724,3466.662,0
0.029488562,54.33193797,188.227,3767.766,0
0.014625776,47.79544327,218.893,2527.444,0
0.039271241,35.17993337,188.244,3161.265,1
0.036403082,61.2432367,178.451,3299.223,1
0.022285664,52.95763999,211.307,3489.968,0
0.025609205,61.99207462,193.364,3960.335,0
0.023721694,46.3922943,203.975,3294.024,0
0.024335857,44.01299433,200.279,3663.05,0
0.034528562,49.1784469,195.555,3311.442,0
0.019383711,56.86898278,200.136,3497.51,0
0.032154707,59.45948058,183.564,3769.953,1
0.035662809,55.489217,178.416,4765.494,1
0.027846496,50.02854568,180.219,5198.179,1
0.023272493,52.43367257,200.85,4065.928,0
0.019933723,63.4110991,196.544,3918.31,0
0.021631448,58.1032249,195.554,2702.859,0
0.025318877,51.14014902,181.985,4652.01,1
0.031893222,41.17364179,189.141,3613.519,0
0.020968949,31.75614308,204.637,3112.423,0
0.015735864,57.38658382,206.021,3930.806,0
0.021120169,57.39723201,205.646,3656.846,0
0.014078125,51.23634027,200.934,3520.14,0
0.015561741,47.25101749,215.789,3759.688,0
0.024755056,36.0014385,203.913,2520.288,0
0.025859796,47.48761548,201.479,3458.184,0
0.032821977,48.37037134,193.265,3008.384,0
0.031345318,37.83414931,195.028,2872.895,0
0.019085086,52.59722776,206.731,2869.566,0
0.024922295,50.00971023,207.385,3057.55,0
0.01407161,47.77262651,223.423,2158.914,0
0.024564867,46.85790368,200.026,3096.065,0
0.032861702,58.08050542,191.286,3513.261,0
0.031598527,58.7704385,176.559,3742.119,1
0.017842137,45.13060207,207.48,3105.557,0
0.02026012,57.70166732,205.136,2939.254,0
0.017313283,56.57934374,198.304,3499.94,0
0.029738767,56.68483745,188.391,3558.779,0
0.022237331,50.28398848,211.869,2424.406,0
0.032608082,49.65413132,192.149,3739.453,0
0.02222918,53.79578483,195.595,4325.15,0
0.023745707,48.45135281,197.144,3627.849,0
0.034000946,40.09793723,207.175,2542.833,0
0.029606854,53.36731853,162.763,3821.035,1
0.030741714,64.2909185,177.904,3788.469,1
0.022435551,57.02600931,198.243,2915.918,0
0.03322953,57.07990118,185.9,3599.164,1
0.025953196,49.81425903,204.644,2219.187,0
0.029686945,51.15780328,204.366,2939.565,0
0.034966902,43.36056985,166.66,3365.556,1
0.019504509,48.50662638,208.096,2266.286,0
0.026057224,41.89540183,202.608,2547.768,0
0.01135085,57.66120037,205.211,4042.598,0
0.027322166,51.91786889,204.235,3557.689,0
0.029023165,,175.395,3750.27,1
0.020083505,61.57210465,180.072,4700.859,0
0.014804846,44.62754281,213.729,2840.41,0
0.019036882,56.85072686,208.859,2605.072,0
0.02977883,53.02100742,185.505,3221.721,0
0.024257323,52.38941789,196.192,3496.013,0
0.022225653,51.17497325,204.256,3522.622,0
0.015287937,35.67013784,220.309,2356.868,0
0.031712341,50.24050229,168.461,5782.464,1
0.018315152,60.09831316,189.983,4790.332,0
0.009089325,45.12902261,222.727,2047.314,0
0.018532704,45.08048159,205.091,3497.974,0
0.017337672,47.93323248,216.152,2805.733,0
0.027525337,55.77431686,188.58,4306.643,0
0.020733032,48.41960931,202.51,3265.105,0
0.019742678,53.01189884,197.388,3646.953,0
0.011116179,53.95785303,208.997,3378.709,0
0.030156028,61.39048566,179.473,3779.542,1
0.033249507,50.95185373,192.751,3091.251,1
0.011190542,49.25809741,203.23,2681.9,0
0.010258772,50.62041592,218.791,3410.62,0
0.021327327,46.22822445,217.155,2309.69,0
0.023508325,53.90891758,205.283,3986.738,0
0.029907424,43.05797098,207.052,2910.76,0
0.0159618,54.49111651,202.943,2880.588,0
0.015444399,47.44653164,215.067,2379.75,0
0.020874497,46.02522507,204.934,2835.116,0
0.017000839,64.23065429,203.072,3309.235,0
0.037989396,61.09108659,185.059,3440.827,0
0.035616597,55.2669723,185.145,3316.992,0
0.036253997,49.00214377,187.157,3484.885,1
0.024978381,37.5174259,218.064,1272.12,0
0.02066853,49.26935635,211.542,2960.156,0
0.032402944,64.97732193,177.673,4367.814,1
0.019586061,39.73216575,206.209,3296.244,0
0.032402733,50.17599928,186.908,3612.445,0
0.021592378,47.21181185,208.116,3313.571,0
0.015908223,,202.271,3445.472,0
0.021576429,62.0072496,199.365,3375.422,0
0.023866144,64.19530625,193.466,3744.549,0
0.027267135,51.61910628,197.759,3367.232,0
0.017228316,48.48087253,211.502,2553.17,0
0.037786853,54.27669664,183.118,2941.056,0
0.015700004,36.19979096,213.661,2899.031,0
0.010904264,47.58030313,218.868,2835.566,0
0.030259038,50.04509478,196.262,3320.956,0
0.023846668,53.75355273,201.332,3197.781,0
0.027504992,49.38233442,199.482,3024.856,0
0.034354156,49.35050545,171.522,3937.775,0
0.022544466,47.15827271,211.525,3280.584,0
0.028627019,45.84218494,197.564,3266.54,0
0.029737092,39.72078516,204.23,3045.83,0
0.020969662,37.88555006,203.973,2828.643,0
0.025291842,63.39180012,186.161,4670.75,0
0.026352746,45.72748352,195.055,3908.868,0
0.020585771,54.05990549,189.93,4270.345,0
0.012291657,37.67900272,206.91,2508.052,0
0.031222086,50.70909401,199.183,3207.914,0
0.01637275,43.74525733,212.764,2478.495,0
0.012204526,54.68931438,213.814,3183.429,0
0.019466766,43.9885501,212.539,1942.278,0
0.017973269,44.89198774,210.629,2628.761,0
0.014732662,57.48338313,209.605,2945.185,0
0.024615036,52.66423811,200.111,3438.741,0
0.019115112,66.08240887,182.974,4625.816,1
0.023430764,28.20607813,228.202,1352.566,0
0.017540989,53.50799177,204.468,3430.709,0
0.019315505,48.81117633,204.127,2773.52,0
0.041901309,,176.875,2757.847,0
0.01770672,46.95590547,209.839,3414.483,0
0.024581208,56.54719455,204.393,2990.399,0
0.029495645,39.08729057,204.296,3412.479,0
0.020364464,54.99035496,201.267,3008.326,0
0.035727334,57.13817474,183.923,3307.257,1
0.0360266,43.20571575,191.569,2321.502,0
0.032999245,42.16271591,192.153,3649.676,0
0.026420632,43.93068963,196.751,3345.237,0
0.030133808,,189.878,2657.431,0
0.035792095,,188.893,2953.297,0
0.027719112,54.22951839,201.207,2713.115,0
0.017816189,42.97209183,216.593,1986.943,0
0.020482699,40.3897896,210.817,3600.575,0
0.014139574,72,194.302,4818.277,0
0.023374484,48.36466483,198.568,3500.912,0
0.02336621,61.24718736,200.289,2637.983,0
0.026580422,60.3749294,186.431,3619.989,0
0.026883562,32.31328543,215.188,1962.935,0
0.028545254,57.72491652,193.994,3140.669,0
0.021819509,49.79172686,205.287,2820.26,0
0.025630661,56.76033971,198.143,3673.815,0
0.025206682,51.98255727,192.55,2848.369,0
0.02674166,49.20623973,195.222,3801.506,0
0.026663986,47.99962102,195.563,3539.1,0
,,204.29,4198.298,0
0.020921323,47.87612925,188.274,4111.55,1
0.022360112,57.14228724,172.503,4865.744,1
0.027982637,38.22768454,201.851,2532.458,0
0.020689245,61.92200855,197.229,3209.578,0
0.025693467,45.8111421,196.814,3548.344,0
0.015071914,48.21308519,214.27,2452.895,0
0.028690248,61.91213988,184.474,3001.508,1
0.024204159,54.9468175,196.879,2899.306,0
0.023894166,50.87777827,204.759,3514.598,0
0.024687609,36.31270497,212.508,2691.727,0
0.023624415,68.45239595,175.439,4287.716,1
0.02045422,42.5796456,213.231,2532.317,0
0.033675887,49.14336846,194.76,3027.129,0
,44.37801943,195.02,3068.258,0
0.028430218,50.22847856,196.508,3326.602,0
0.027329928,52.08182139,195.31,3593.131,0
0.032996637,55.95101749,186.464,3279.231,0
0.016935726,61.85293495,195.357,3335.624,0
0.015519337,,210.425,3819.022,0
0.019967316,59.6275754,193.576,2886.196,0
0.023837466,47.52033813,201.627,2909.723,0
0.02681535,35.00953829,205.198,1856.477,0
0.020072735,48.84089302,208.284,2477.093,0
0.016481273,,196.256,4063.419,0
0.018408074,66.13642049,199.707,4124.868,0
0.023628179,47.30828597,202.671,3481.073,0
0.035728085,36.58464273,176.577,4831.16,1
0.018935249,43.32490396,200.476,3388.714,0
0.025583618,42.91174028,207.175,2637.748,0
0.021088396,51.97860336,206.81,2564.551,0
0.020367795,56.28717439,203.84,3202.481,0
0.007784942,48.52589782,213.838,2933.366,0
0.026608695,44.46634672,205.823,2693.877,0
0.026790771,53.90880153,202.486,3143.976,0
0.018609301,37.25531599,216.44,3203.259,0
0.021885482,48.52124269,199.632,2815.722,0
0.030283429,44.12221009,200.164,3201.909,0
0.019633134,59.83480499,189.947,4068.809,0
0.035876488,53.80039914,188.32,3480.661,1
0.028148254,47.70195454,197.894,2940.059,0
0.034617069,43.90536996,198.961,2636.887,0
0.016302586,52.44722851,211.027,3380.185,0
0.028265557,51.44502405,192.237,3265.005,0
0.03680995,40.05686027,195.303,2962.088,0
0.023965281,54.24792101,199.351,3252.974,0
0.022936973,63.61066374,195.599,3715.53,0
0.014547506,60.36441487,208.928,2503.105,0
0.022107081,42.2722641,205.005,3811.085,0
0.02224115,51.37139369,199.044,4137.824,0
0.022200273,57.59104951,197.014,3793.857,0
0.022476999,57.94118699,204.962,3413.095,0
0.021030995,35.03428196,216.513,2456.807,0
0.035226355,35.06592129,196.33,1975.884,0
0.029356808,63.11122279,186.736,4224.402,0
0.032336351,42.91872567,190.25,2750.183,0
0.015020208,48.65547561,203.223,3912.471,0
0.015230615,57.78901899,210.247,3568.995,0
0.027572081,52.63784056,198.152,3627.684,0
0.029876648,44.85999222,202.273,3312.066,0
0.037862389,71.84066083,171.119,4895.175,1
0.016689089,63.01271947,191.925,3676.444,0
0.030136222,39.27020071,208.341,2111.305,0
0.022938355,42.91077184,208.177,3323.17,0
0.029761658,49.57126095,196.359,3152.528,0
0.011602034,40.55853852,222.285,2986.539,0
0.02581824,36.90558653,200.022,3882.349,0
0.027309259,46.77565761,182.227,4513.413,0
0.023796135,46.20542715,195.841,3360.227,0
0.032290145,46.6596689,195.77,2443.435,0
0.011544669,42.94240242,211.15,3133.959,0
0.028235831,38.36399225,207.226,2255.52,0
0.041365634,41.09343797,194.88,2472.282,0
0.028346692,57.33712814,173.456,5019.84,0
0.023970645,54.58862476,188.573,4311.031,0
0.024116193,54.63735864,198.858,2647.714,0
0.014504148,49.29495393,213.866,2554.739,0
0.031066431,53.59098812,196.788,2718.666,0
0.030918328,46.85166005,200.169,2900.728,0
0.040308089,54.1981032,183.607,3607.422,1
0.029402866,62.0792326,176.32,5013.646,1
0.035684127,46.2878708,194.153,3464.038,0
0.026187715,53.05062964,182.432,4546.589,0
0.015520662,48.10875606,203.761,3655.056,0
,44.18574356,193.163,4225.715,0
0.023823871,52.88686881,205.669,2310.293,0
0.030786598,58.81791513,188.639,3330.528,0
0.026927122,40.69630113,207.282,2745.663,0
0.022603428,,212.509,2357.258,0
0.014685191,61.39634088,207.133,3292.996,0
0.02148884,55.44248656,192.873,4208.414,0
0.013631451,46.8764195,217.108,2603.349,0
0.02681834,62.22443288,188.99,3802.62,0
0.031088551,43.48009325,166.779,4108.189,1
0.027836378,44.51842262,203.212,1951.128,0
0.027760691,46.716141,197.119,2519.925,0
0.021997114,42.20426225,210.643,2854.367,0
0.013323185,51.00832244,218.54,2295.155,0
0.030884228,41.6674109,201.304,2904.862,0
0.036078761,44.78939449,194.111,2520.257,0
0.01819222,56.76808954,193.642,3823.926,0
0.025324479,55.82791449,192.713,3346.443,0
0.016124299,38.12850517,219.114,3623.835,0
0.02596102,45.43829819,206.265,2693.258,0
0.022739969,49.10226408,200.946,3516.001,0
0.024455571,49.66464604,204.145,3136.677,0
0.026322866,42.26333976,204.041,2651.931,0
0.030353276,67.44915471,179.085,4173.768,0
0.026131932,58.77123823,188.69,3533.455,0
0.027137587,57.49573854,176.285,4971.433,0
0.022561561,51.31344572,209.08,2835.362,0
,62.05587085,204.479,3268.502,0
0.038144099,46.91200718,186.246,3358.598,0
0.023650164,53.9181915,196.861,2890.533,0
0.034309765,51.02582155,181.177,2973.301,1
0.028379869,46.73722644,195.348,2874.815,0
0.026969714,58.42342418,186.595,4095.238,0
0.029326809,38.92870657,202.263,2724.895,0
0.021733098,70.58401,189.523,4228.362,0
0.026631103,41.42382885,202.563,3145.178,0
0.026562238,62.58131773,192.151,4999.037,0
0.028265938,55.96486382,198.003,3470.532,0
0.013856234,60.89268856,191.354,4607.297,0
0.025126853,43.41520044,205.326,2098.833,0
0.027676809,49.89373437,189.218,3688.585,0
0.029659072,,203.641,2152.041,0
,47.5268621,200.23,3023.386,0
0.015281273,37.99954416,223.943,2699.349,0
0.032272351,52.61032874,194.988,3028.504,0
0.023564554,50.12302379,199.141,2770.019,0
0.026810185,63.32989501,191.676,3296.304,0
0.017402367,57.62025976,188.993,5040.006,1
0.037277825,46.1650684,189.475,3160.339,0
0.025157988,54.4823668,197.951,3192.829,0
0.021836,63.63899142,198.912,3600.229,0
0.024334253,39.14606662,212.115,2070.672,0
0.032281412,42.67152158,204.9,2117.26,0
0.021225799,68.00952631,187.458,4720.798,0
0.029231392,52.55742906,197.14,2988.077,0
0.019855468,56.62074646,189.62,5347.073,0
0.036799777,28,201.822,1977.02,0
0.026866739,63.92851164,166.833,6538.841,1
0.026959707,56.16586679,187.423,3437.718,0
0.029158244,51.68243508,196.258,3121.577,0
0.018488786,29.50649257,206.975,3326.311,0
0.012832778,43.34831829,216.161,2971.222,0
0.02077188,43.06776023,198.135,3024.441,0
0.017147347,52.60332707,210.142,3814.824,0
0.022926836,51.42377726,208.005,3119.857,0
0.017641895,56.2880132,202.31,3408.952,0
0.020065573,31.22563451,217.414,2160.325,0
0.020301957,47.63425532,207.616,3105.12,0
0.039421545,52.53274913,185.077,3622.237,1
0.020399456,46.0379264,196.707,3419.326,0
0.024906429,43.76662953,211.191,3045.774,0
0.02273438,35.22016802,221.705,1710.356,0
0.012059056,48.1375154,213.488,2970.85,0
0.023389156,54.44180651,191.09,3177.076,0
0.020977431,49.68853824,205.959,3428.655,0
0.029778258,55.86547021,196.047,3046.646,0
0.020466757,51.26006213,190.748,3536.105,0
0.02725177,51.80312738,197.031,2999.322,0
0.019615616,55.02006223,193.18,3419.638,0
0.01451449,47.46336739,202.803,3540.429,0
0.027241839,72,178.468,4895.4,1
0.031755876,41.27801806,187.337,3955.807,0
0.036526045,68.0165502,178.281,4056.563,1
0.028414891,49.05465418,198.911,2819.826,0
0.033101535,49.08194291,200.092,2952.339,0
0.021957888,42.70495083,201.241,2826.065,0
,42.73699989,211.722,3239.317,0
0.031282188,53.21611314,181.735,2920.597,0
0.018574891,37.09442194,223.073,2567.999,0
0.019663652,28,227.707,1419.001,0
0.01405337,29.89943464,227.7,2606.767,0
0.01950796,67.81765951,188.931,4247.794,0
0.028834789,52.95804718,198.485,3864.805,0
0.03642239,33.92522146,200.784,2747.328,0
,60.11783397,193.558,2845.468,0
0.024014585,,195.176,2904.733,0
0.019195376,43.38864954,218.998,2052.437,0
,35.76681074,218.23,2292.868,0
0.016745354,52.28961137,199.198,3740.361,0
0.016418854,39.14035426,195.334,3594.672,0
0.022828265,50.7462338,202.344,2620.647,0
0.019696779,56.7908108,206.918,2552.869,0
0.033827581,56.62647809,194.863,3406.018,0
0.006018698,39.54454643,226.529,2464.44,0
0.025617706,43.63228875,191.29,3481.314,0
0.030576088,40.9636234,207.257,2601.199,0
0.018676064,58.90157155,190.132,3988.138,1
0.019682218,48.16917379,206.054,3216.213,0
0.022022764,40.51222867,210.699,1627.929,0
0.023886384,61.52279163,195.064,4029.403,0
0.035692688,41.34107819,191.78,3144.874,0
0.032166901,44.5613859,198.291,3101.349,0
0.026657059,38.77141537,206.713,2214.317,0
0.007322054,46.73816863,197.26,5071.575,0
0.028125543,42.88973778,197.302,2501.83,0
0.019312784,38.72876466,222.015,2218.854,0
0.013468642,43.77013095,221.261,2271.515,0
0.02627761,51.71809057,200.241,2964.455,0
0.028657073,52.23884832,196.109,4175.058,0
0.037076783,42.29036039,203.551,1930.424,0
0.021828468,46.06768316,202.874,2388.983,0
0.021493994,46.30946233,197.937,3787.593,0
0.017082381,57.52837891,206.326,3376.373,0
0.022470879,53.63635945,196.866,3248.371,0
0.025805907,41.29796769,187.62,3257.978,0
0.016786127,47.16815725,209.912,2393.508,0
0.015797651,36.71617088,218.023,2684.108,0
0.012162909,37.53991786,223.422,1803.58,0
0.019755452,64.23205891,204.468,3447.726,0
0.019970604,,204.147,2868.168,0
0.033102739,56.00806251,183.896,4448.336,0
0.019664073,39.6259479,206.589,3160.726,0
0.014297565,61.47430189,211.294,3137.588,0
0.02503087,41.75694545,202.297,3206.765,0
0.021691395,62.06469053,193.026,4250.896,0
0.030897426,59.19065683,185.547,3479.611,1
0.017173827,62.55817201,198.31,3425.898,0
0.016673346,,204.251,3556.47,0
0.020614509,54.76546699,201.789,3153.805,0
0.014891866,62.08488314,199.191,3903.208,0
0.034346648,65.10460194,174.738,4152.75,0
0.021352137,46.96104435,210.858,2453.622,0
0.017615969,52.93035992,210.072,2968.454,0
0.019638141,65.8361614,183.46,4641.73,1
0.02907673,56.29015165,193.596,2995.343,0
0.033083794,46.76412925,177.924,3950.503,1
0.022749473,49.69505599,209.64,2598.319,0
0.015410697,53.65989512,201.79,3474.861,0
0.035209441,60.60486107,186.127,3964.951,0
0.017238747,51.8417473,207.93,2515.661,0
0.027944697,32.89638506,211.295,2555.733,0
0.011726137,39.18215886,222.426,1683.712,0
0.021603991,55.70838598,205.028,3662.307,0
0.026772291,55.47565624,197.384,3621.585,0
0.01760724,57.60522235,205.844,3297.402,0
0.014374428,61.10196054,199.275,4064.272,0
0.017511326,47.04659744,192.715,3199.362,0
0.01549139,56.32740282,210.78,2926.219,0
0.023388079,48.01132943,202.424,2959.13,0
0.016742945,51.44712086,212.212,3370.439,0
0.028429798,44.09541048,198.525,2210.124,0
0.01900116,67.87264778,200.274,3843.394,0
0.030718228,53.99091549,201.443,3347.217,0
0.018407759,38.27695595,222.751,2637.144,0
0.033728437,49.89471258,176.817,3543.85,0
0.025478172,50.52925218,204.245,3292.929,0
0.021533741,40.66891842,208.907,2272.575,0
0.031920947,36.61432284,208.15,2266.543,0
0.017632041,38.45892746,214.144,2667.868,0
0.021404383,47.60817708,205.006,2752.746,0
0.026269676,61.06389923,198.322,3661.057,0
0.030910254,41.04153739,192.811,3550.94,0
0.027408036,48.4942352,197.571,3454.15,0
0.010991588,38.9833342,218.975,3125.385,0
0.012589194,50.81650018,222.46,1791.992,0
0.012193996,51.35228849,212.687,3166.415,0
0.036221545,54.99111113,182.909,3798.88,0
0.017170471,45.4138965,219.356,3219.014,0
0.031217319,51.91569905,190.822,3500.129,0
0.027227026,50.66311665,190.169,3933.054,0
0.023856054,63.80656192,185.535,4098.462,0
0.023050175,57.7769176,185.81,3409.902,0
0.026681999,56.2854565,193.086,3370.699,0
0.033630557,47.83624986,189.844,3148.272,0
0.019588214,41.48723419,220.897,1973.582,0
0.032214159,,167.333,5183.642,1
0.026859255,52.69700231,204.082,3327.848,0
0.024262458,58.61622198,195.49,3451.987,0
0.035056885,56.60937527,190.977,3359.417,1
0.030643515,52.375642,187.281,3726.179,0
0.019609974,51.79655963,195.093,4265.181,0
0.0258297,48.6250162,206.326,2853.02,0
0.032901516,41.65635657,198.5,3011.463,0
0.030959973,47.12803113,195.766,3404.052,0
0.014826996,54.67305138,208.249,3426.823,0
0.019213396,52.58062301,212.653,2851.293,0
0.032221741,47.62724232,189.399,3153.48,0
0.017713716,40.97066605,213.411,2562.178,0
0.029095622,53.1066985,197.021,2885,0
0.027670189,42.16158806,178.825,4267.475,1
0.012277391,48.51587808,215.417,2758.094,0
0.026052722,,193.004,3733.291,0
0.025126584,47.88196822,207.609,2943.843,0
0.019507913,49.7798524,207.043,2969.02,0
0.012386114,52.69870586,214.558,2575.517,0
0.029375579,41.71342703,207.754,2838.696,0
0.018955824,41.51177534,216.318,1836.939,0
0.033206028,53.17494291,188.161,3043.077,0
0.026231094,46.57621612,198.154,3033.133,0
0.016203583,55.79113588,198.067,3543.571,0
0.036641845,46.03784718,196.648,2308.397,0
0.032133428,49.44431915,190.471,2779.868,0
0.026719826,52.95258761,193.578,3397.741,0
0.025896591,54.87458971,200.64,2997.693,0
0.019596432,,208.798,2763.98,0
0.027660961,41.69165396,206.276,2943.996,0
0.017901829,40.15498169,215.727,3783.454,0
0.026111839,43.078278,210.789,2304.43,0
0.021540025,44.95972536,207.303,2426.81,0
0.020490144,59.67629906,199.418,3511.455,0
0.022275573,45.06038046,208.965,3015.954,0
0.025006572,28.91543154,214.955,2058.114,0
0.029835807,60.49126306,188.534,4280.289,0
0.034948079,40.09728695,206.122,2018.584,0
0.020671395,55.75287452,212.194,3138.775,0
0.041573272,59.66994188,164.4,4586.734,0
0.019066845,45.48289048,213.472,2492.288,0
0.015029303,43.02764793,212.748,2618.781,0
0.032991637,48.30953955,191.672,2743.248,0
0.019274578,38.27346187,208.602,2510.18,0
0.027323256,38.66402047,208.924,2858.685,0
0.033829312,49.3963477,183.766,3734.821,1
0.030383098,48.37351197,194.402,2574.413,0
,38.79932915,229.161,2395.55,0
0.03109565,42.15344482,190.85,3288.91,0
0.025886672,45.48729105,194.439,3088.723,0
0.015900571,49.09409682,216.934,1981.376,0
0.033505487,45.99210898,183.936,4199.71,0
0.02277763,41.719714,191.526,5840.882,0
0.011415623,48.72904915,218.791,2860.076,0
0.026732277,57.50333839,192.287,4611.426,0
0.034556946,67.03954663,170.01,3718.829,1
0.020761763,59.72926921,200.232,2880.489,0
0.023784438,46.75745755,187.22,3586.634,0
0.025381643,45.44223518,188.944,3549.301,0
0.022660027,55.69079919,209.501,3586.244,0
0.036186256,48.17961982,190.949,3363.55,0
0.031782513,49.77532376,197.645,2652.872,0
0.03242424,45.19634099,192.794,3131.017,0
0.02274467,63.79609592,189.915,4343.4,0
0.022053695,37.08499983,219.299,2363.545,0
0.029903746,41.88795619,211.551,2119.408,0
0.015232503,51.38401353,209.931,2568.952,0
0.007056671,45.96959405,222.856,1785.952,0
0.023394396,44.6668709,192.24,4209.02,0
0.021880822,43.49379552,203.366,4049.283,0
0.014566743,51.61500165,214.158,3006.533,0
0.013470913,47.58300401,215.995,3169.377,0
0.028102105,31.82112442,215.45,3020.44,0
0.020991277,47.41523894,203.918,3534.176,0
0.014839866,64.23214984,208.556,2835.296,0
0.026621667,56.07843111,187.322,4511.738,0
0.040885462,36.49099696,205.762,1828.949,0
0.015413634,49.85855261,212.085,3026.419,0
0.028873456,39.07796105,203.768,3277.334,0
0.029581574,43.1703241,189.5,3824.087,0
0.022381605,31.99200526,216.829,2070.787,0
0.023356492,39.18950443,205.519,2517.756,0
0.021816035,60.5532082,194.898,3660.257,0
0.026736659,60.84906796,200.084,3731.872,0
0.005,44.65479728,226.044,2139.133,0
0.020220457,43.85964493,193.402,4150.763,0
0.01379884,56.17445003,201.134,3698.478,0
0.026470462,48.61925284,196.463,3197.521,0
0.026644498,42.92877999,199.529,3240.814,0
0.018074177,43.24227397,212.907,3002.236,0
0.025184783,62.20442814,188.109,4324.203,0
0.027749378,39.61147282,203.873,2247.125,0
0.015469247,36.44747745,228.499,1883.051,0
0.024416931,60.16659277,192.907,3327.159,0
0.025768312,59.21509212,194.413,3100.232,0
0.025326314,42.11830731,202.426,2606.302,0
0.022633306,49.34986784,209.163,3196.549,0
0.026537562,47.96944307,202.053,2491.954,0
0.025420533,55.66599577,208.074,1848.558,0
0.027680197,41.12237974,203.842,2380.854,0
0.01259983,50.38459704,212.31,2900.243,0
0.023654479,62.80479528,193.088,3515.381,0
0.019933138,45.4991393,198.963,3749.917,0
0.023036083,48.11518653,200.079,2585.281,0
0.023093462,47.70705427,208.405,2076.665,0
0.015173869,66.56292131,186.593,3949.063,0
0.023021935,45.68472165,196.586,2776.782,0
0.028293112,41.30625787,202.257,2798.699,0
0.019749706,55.06801535,204.479,4080.632,0
0.016189352,53.49814493,208.556,2931.312,0
0.027422659,61.02912585,188.479,3248.796,0
0.031240603,56.17835358,189.459,3259.175,0
0.017436027,47.98969919,209.112,3572.656,0
0.019385684,54.5394431,188.363,5441.553,1
0.017537315,65.54120538,179.663,5378.384,1
0.017547876,,202.701,3097.429,0
0.027636309,35.7993537,212.771,2166.907,0
0.03015661,67.31637887,172.776,4025.141,1
0.025916188,43.93714114,203.831,2356.075,0
0.023454065,48.12667349,205.865,2788.405,0
0.027920264,48.59269092,194.731,3058.49,0
0.022517834,54.74705934,198.64,2920.072,0
0.021129894,50.70278352,209.735,2730.723,0
0.029507089,44.67250132,196.864,3409.349,0
0.032003868,47.90128851,204.555,2997.766,0
0.0293466,54.96543141,193.2,2960.898,0
0.03064715,44.95007724,197.21,2575.621,0
0.019388461,55.56300411,205.992,2845.083,0
0.013042655,63.72890564,203.107,3428.164,0
0.020531715,46.13657085,205.12,2841.132,0
0.020601495,59.96194253,199.276,4067.978,0
0.011987706,50.31966002,221.873,2906.474,0
0.023451332,49.00518291,204.555,2299.037,0
0.023905768,42.21830567,207.527,2462.23,0
0.02524082,41.96532317,200.815,2595.145,0
0.020369647,61.29548206,193.042,3915.727,0
0.01022429,51.62744982,213.723,3602.934,0
0.011786172,49.69050936,213.056,2939.765,0
0.031578831,63.44489498,186.385,3778.756,0
0.018716821,60.86986425,200.772,3743.9,0
0.039814231,42.24373753,193.104,2682.631,0
0.023968983,45.76273908,195.308,3718.275,0
0.022145676,47.29269011,199.14,3408.405,0
0.025421514,46.11370822,190.641,3616.818,0
0.025088682,50.0357743,205.68,2598.782,0
0.033658602,43.99912192,190.447,3443.165,1
0.016608393,56.94341754,191.664,4079.474,0
0.021749894,66.62636913,185.813,3812.601,0
0.015076222,49.6485497,206.622,2501.156,0
0.024875284,49.96010985,198.445,2629.95,0
0.024147972,52.89193382,203.989,3068.879,0
0.016486591,47.47733505,202.318,3468.311,0
0.023245632,42.51363227,215.795,2404.085,0
0.026299306,52.03001485,194.386,2995.578,0
0.029596048,45.8136658,198.606,3166.516,0
0.032169663,54.15191468,182.532,3445.262,0
0.018752852,53.21445175,198.067,3606.547,0
0.031539313,50.68108956,189.85,3450.415,0
0.02047532,65.6882135,192.17,4274.58,0
0.023608633,56.96749842,192.433,3500.151,0
0.017300516,65.0226044,200.554,3314.118,0
0.016003764,42.07468396,220.432,2547.326,0
0.024902529,52.51729485,179.282,5223.865,1
0.034380389,49.065956,202.525,3163.685,0
0.022786725,61.57342942,181.424,4632.662,1
0.016029852,,210.134,2970.8,0
0.013024851,46.72880713,219.246,3014.79,0
0.023323799,63.86971666,194.209,3515.595,0
0.010869347,52.26288142,213.875,2816.267,0
0.037988922,54.04845793,183.746,3080.461,0
0.018950734,52.71242138,192.693,3841.823,0
,44.89494686,214.172,1960.296,0
0.021672203,61.07556512,196.796,3687.341,0
0.02131521,,204.765,3308.809,0
0.024766064,59.45313711,197.681,2916.198,0
0.04611001,50.53402529,183.172,2853.596,1
0.028500401,46.94292785,194.865,3114.522,0
0.025186347,37.44783867,202.955,2955.349,0
0.030134867,50.15305765,188.965,2854.602,0
0.033079597,52.82807782,172.4,5098.751,1
0.014267728,43.91814596,213.049,2224.133,0
0.019904638,64.58072954,195.591,3116.223,0
0.026242655,54.59567385,205.231,2589.502,0
0.043718611,64.30776416,172.901,4074.945,1
0.012639931,45.749629,206.513,3635.874,0
0.021505818,49.7258064,180.645,4805.586,1
0.026365279,46.05629857,189.898,3087.822,0
0.023808129,46.9423599,200.112,3172.133,0
0.022903706,34.65854473,209.175,3118.601,0
,42.32675294,210.19,2582.256,0
0.017398532,39.52770874,211.533,2796.29,0
0.017523225,46.44102757,215.407,2645.669,0
0.022848758,56.6976371,198.4,3544.437,0
0.026837431,37.50770807,207.018,3070.839,0
0.033361696,64.40424694,171.171,4321.876,1
0.022356778,37.35052901,200.003,3660.477,0
0.022499076,54.6528752,184.866,4885.299,0
0.021770687,51.97135903,195.32,3249.044,0
0.027595989,43.727834,202.024,2616.915,0
0.0167829,50.60222534,216.305,2951.735,0
0.035746664,53.62282175,187.025,3688.382,0
0.020577289,52.33774259,202.683,2941.077,0
,43.42254682,190.923,3677.163,0
0.018783998,55.12937722,202.523,3822.976,0
0.028639868,55.08471787,193.769,3193.725,0
0.026258597,43.30438423,182.907,3987.957,1
0.026601284,38.73910714,195.126,3659.759,0
0.025598496,56.88628185,184.186,4468.598,0
0.01939315,32.06466599,218.86,2074.679,0
0.023097965,61.03556088,195.569,3377.026,0
0.020874025,44.6564802,213.654,2684.131,0
0.017988081,48.36887716,200.195,3339.476,0
0.016356357,45.85271788,215.282,2280.771,0
0.032166449,67.42221502,190.172,3709.979,0
0.021392981,35.00729583,217.52,2746.555,0
0.019299679,34.38269621,222.285,1257.149,0
0.021253971,50.47795413,208.495,3160.401,0
0.025604385,70.4071979,180.786,3920.117,0
0.021531068,57.87453128,202.215,3665.282,0
0.029679279,50.03536985,198.342,3612.507,0
0.028968702,54.30393223,202.177,2961.701,0
0.028529633,52.95824026,169.99,4369.187,1
0.023364132,33.89013031,216.824,2162.623,0
0.027611466,54.15042509,192.918,3007.984,0
0.01574044,50.17826432,204.367,3812.544,0
0.02584039,41.69481342,210.86,2706.603,0
0.007763783,52.22574763,223.149,2685.028,0
0.02225883,46.4101629,189.433,3741.125,0
0.012137285,57.78064274,215.296,2778.727,0
0.017795579,50.47891891,208.945,2935.333,0
0.030763323,40.75553611,198.032,2527.014,0
0.021356293,66.0889064,198.18,3700.023,0
0.029722597,41.61078579,195.883,2944.645,0
0.027505707,50.32880357,201.083,2916.845,0
0.030201974,36.94282107,191.94,3284.27,0
0.021598201,53.47557966,194.423,3653.953,0
0.018698539,51.75518418,204.759,3316.867,0
0.029921714,44.9793668,187.39,4510.717,0
0.015054597,43.73093929,222.843,1578.601,0
0.026585376,49.95619788,193.879,3595.571,0
0.028864165,41.11387016,216.128,2328.154,0
0.026122085,35.61512264,212.959,1936.758,0
0.02926384,56.96653729,194.226,2470.491,0
0.029360915,52.63665144,194.674,2380.662,0
0.016880026,58.46238621,194.673,3937.657,0
0.043872477,43.65247972,183.638,3129.899,0
0.035088208,46.95549765,190.919,3414.248,0
0.041082323,59.47044082,182.501,3672.27,1
0.023372892,63.62692606,193.449,2536.497,0
0.013235289,45.38179292,212.75,3399.497,0
0.025162726,33.33025055,216.895,2352.622,0
0.028162767,39.2308988,200.945,2989.484,0
0.026997594,43.8052559,199.676,4320.835,0
0.025223042,50.81876462,195.43,3868.767,0
0.027404379,34.71901807,209.799,1495.358,0
0.031799868,55.74246408,196.656,3525.738,0
0.016076263,62.5268806,192.194,5326.817,1
0.008699105,47.94117837,220.267,1978.53,0
0.018874839,49.75186199,211.47,3241.323,0
0.024123751,60.0485013,190.309,3380.689,0
0.031683447,36.22684054,204.251,2914.717,0
0.014626781,52.98930954,212.372,2801.314,0
0.02477776,43.49511381,188.671,3654.16,0
0.019650399,52.57809563,201.431,2976.979,0
0.029006528,39.54525715,205.199,2997.325,0
0.0231724,50.62823315,198.438,2499.377,0
0.023155269,57.65755991,193.093,3483.732,1
0.026584082,47.80869706,204.295,2481.525,0
0.029666861,55.17451189,189.237,3344.175,0
0.022704543,53.20130066,197.641,3551.081,0
0.032281558,56.39982983,194.504,3617.363,0
0.028421163,59.84665675,187.372,3229.985,0
0.029760179,55.27867248,180.887,4473.678,1
0.017598575,43.58139435,222.647,2435.264,0
0.01487223,46.32059609,207.228,2739.786,0
0.024395369,49.11463112,198.839,3508.038,0
0.030139579,51.39088231,202.58,3827.334,0
0.024061935,55.58929318,195.877,3243.419,0
0.036754771,47.09796578,179.961,3130.833,1
0.023123575,35.74714071,211.589,2858.66,0
0.02714208,38.78737217,206.038,2634.949,0
0.021680196,68.12821685,184.48,4774.079,0
0.021589728,46.22177316,203.89,3143.311,0
0.010479867,35.6450819,221.62,2460.292,0
0.024931151,,178.493,3997.227,1
0.021672254,42.85235951,207.235,3135.794,0
0.019895308,60.86280821,190.245,2979.191,0
0.017125952,58.16062568,194.287,3861.52,0
0.018891975,59.51867246,205.962,3935.502,0
0.021645933,51.6093018,200.167,2683.7,0
0.016357648,50.7527501,200.994,4000.644,0
0.029740104,64.26438329,194.557,3535.09,0
0.016878264,31.96393376,225.918,1659.324,0
0.026475854,35.52446928,213.022,2074.067,0
0.027003211,60.39233626,189.102,3366.807,0
0.017858463,49.87284065,196.397,2519.288,0
0.011259144,59.99019348,203.558,4034.527,0
0.019033215,53.46771952,212.939,2953.439,0
0.032367042,49.44475887,193.483,2928.561,0
0.032984422,59.87768888,188.37,3749.968,0
0.028715965,60.67643676,193.757,3763.881,0
0.023823969,41.10110653,208.845,3368.809,0
0.025602822,53.93395752,173.193,5217.584,1
0.015396272,50.22591986,207.888,2925.213,0
0.026257985,42.91177208,205.967,2275.683,0
,42.5128333,208.657,2835.021,0
0.022166116,46.02181707,207.254,2765.303,0
0.029918982,43.1538165,198.065,3021.13,0
0.037771377,43.85838069,194.723,3078.932,0
0.022893727,37.84305608,207.326,2561.934,0
0.014152537,67.17332181,197.066,3570.289,0
0.01867486,52.00345079,198.209,2845.737,0
0.033383308,,174.688,4442.114,0
0.018976628,63.50911017,194.045,3210.421,0
0.021721976,51.70430386,203.143,2740.113,0
0.033564212,50.66516491,193.711,3738.875,0
0.029198235,44.26852161,195.534,3538.705,0
0.020930005,44.49359717,214.559,2017.001,0
0.023525297,62.07431739,180.264,4324.909,1
,52.97427656,202.708,2843.969,0
0.026713553,50.73289196,197.973,3176.472,0
0.032365612,55.89309081,189.814,3093.859,0
0.014609784,,211.767,2874.229,0
0.021290828,35.36310114,210.567,2085.835,0
,47.62041447,188.224,2425.853,0
0.019041825,50.73625507,195.705,2684.642,0
0.02660096,44.89580836,204.591,3216.579,0
0.025631591,56.33072675,197.537,3571.242,0
0.03329836,52.8456169,193.132,3083.54,0
0.014335132,43.79689971,217.06,2193.55,0
0.018279499,58.77700112,202.113,2955.44,0
0.031175618,46.79340025,204.353,2156.378,0
0.037043856,39.55170903,203.744,2083.985,0
0.02504638,65.42399458,188.255,4320.675,0
0.029109852,44.57711612,200.067,2605.293,0
0.024150446,,207.988,2529.54,0
0.031016777,39.24958258,202.488,2688.84,0
0.025305993,40.95176792,207.703,2573.587,0
0.020648567,44.24258269,202.635,3100.399,0
0.025182044,,200.724,3092.423,0
0.033192505,53.69368113,184.344,3696.144,1
0.016653979,50.79646661,209.085,2802.863,0
0.032348714,60.91862312,191.909,3815.539,0
0.032254497,35.19398088,213.848,3124.734,0
0.020564577,62.54610154,200.119,3897.39,0
0.023225879,49.30238359,179.756,5557.126,1
0.022773276,59.84063037,195.331,2819.936,0
0.019643982,45.89475185,201.338,2253.279,0
0.025834579,67.10645701,195.281,3720.496,0
0.02242861,39.41757439,204.467,2897.197,0
0.025690209,61.05375371,185.653,3643.499,1
0.020151196,41.32380564,204.824,3161.94,0
,47.50929717,204.312,2760.731,0
0.022765794,58.13791062,176.458,5841.122,1
0.027393751,39.57430002,205.035,2469.894,0
0.015796392,51.5378071,209.342,3291.537,0
0.026873869,48.40243767,201.778,4011.138,0
0.03620657,55.72350005,189.502,3358.944,0
0.020678533,47.20367021,206.001,3280.774,0
0.030650185,45.26954413,200.692,2930.836,0
0.026827781,61.40546559,186.214,3735.961,1
0.027359794,55.85501581,204.354,2750.611,0
0.01613355,45.90037659,218.199,2433.976,0
0.014410003,59.48013144,197.5,3390.325,0
0.012679439,38.66090956,217.137,3307.632,0
0.019530255,44.02166397,210.251,2893.23,0
0.031683321,50.92915068,203.624,3642.655,0
0.03574936,49.06590057,195.944,2408.567,0
0.019951975,51.59214571,212.769,3022.98,0
0.03115284,44.06598993,190.207,2835.616,0
0.008972852,59.30334585,207.589,3621.661,0
0.029756115,50.92408497,195.595,2959.132,0
0.027184453,40.2847939,213.157,2569.913,0
0.031035303,50.22669177,197.714,2617.773,0
0.034250511,67.30232964,179.746,3489.457,0
0.029349764,60.32383234,195.619,4233.277,0
0.026015424,48.04221776,193.939,2444.444,0
0.029550608,39.4351188,209.837,2300.316,0
0.024073768,49.17273771,203,2835.32,0
0.028703008,59.65700421,192.727,3391.249,0
0.022317312,51.54971209,210.417,2371.006,0
0.026527525,57.49944228,189.642,4272.887,0
0.032395621,44.80772565,192.38,2646.813,0
0.022479881,60.60530959,203.543,3298.965,0
0.030443664,,192.713,2751.14,0
0.030878435,59.97946087,190.121,3131.648,0
0.021784183,36.05671557,212.576,2772.313,0
0.027934628,49.50840642,191.183,3156.185,0
0.019656775,42.14690681,205.017,3436.763,0
0.006972702,50.12015166,214.639,4486.668,0
0.014518139,33.26849044,230,1943.075,0
0.025893037,63.69029079,188.619,3695.052,0
0.033083163,43.76598017,206.082,2296.795,0
0.01877687,44.60634632,219.875,3300.133,0
0.023642609,43.16477415,209.057,2313.914,0
,50.86362526,198.849,3139.868,0
0.029625815,54.64959017,191.165,2572.385,0
0.02701829,35.81973447,216.455,2306.631,0
0.020996088,48.54154698,199.708,3021.566,0
0.018385419,46.53846015,210.687,2378.888,0
0.027170196,48.64886356,195.755,3171.974,0
0.021262554,50.08051739,201.988,4164.195,0
0.029291017,54.78891183,193.752,3347.345,0
0.038546973,48.83819313,182.435,3615.788,1
0.024252726,49.35934676,196.731,3188.446,0
0.017669995,42.55631169,208.201,3167.858,0
0.02240349,52.05691244,199.692,3545.972,0
0.017248989,41.07911199,201.212,3742.694,0
0.025932255,39.18994332,203.93,2368.784,0
0.016796458,65.55979326,192.161,3009.146,0
0.018802688,55.27779144,196.833,3760.469,0
0.019696604,49.98942187,200.785,3203.487,0
0.022209728,45.15211633,205.749,3527.815,0
,,198.34,3625.309,0
0.014243183,39.89958668,216.353,2506.17,0
0.032461204,50.02548083,198.662,3005.293,0
0.010923605,65.5150223,198.968,3777.426,0
0.022439724,44.04372972,205.656,3254.532,0
0.015358948,50.62176579,207.547,3116.513,0
0.016019394,43.79207432,207.158,3496.698,0
0.025392405,43.36269547,209.266,2276.959,0
0.022643249,40.49402972,207.143,2494.819,0
0.028777229,48.90511245,190.398,3914.968,0
0.021471444,42.53545297,214.512,1742.192,0
0.041131701,64.65926241,162.915,4061.172,1
0.021779873,49.78032036,198.011,3210.377,0
0.021192167,44.11236039,218.217,2630.451,0
0.023908336,51.75916611,203.953,2920.511,0
0.012709884,56.91254164,208.365,3165.974,0
0.027377857,48.38506451,203.546,3052.642,0
0.014713317,44.22027678,216.003,2001.323,0
0.024628476,46.54932735,191.557,3807.255,0
0.023021048,54.96492025,202.723,3176.981,0
0.025079859,53.29505783,184.634,3547.565,0
0.03221012,42.34042866,190.269,3531.245,0
0.015837728,54.58837975,210.124,2654.96,0
0.028384596,50.39849575,193.804,2984.172,0
0.026158908,50.70520829,198.984,3857.557,0
0.030750131,30.94683146,201.913,2908.233,0
0.027502939,37.63497637,205.166,2502.997,0
0.013215343,46.9432377,211.628,2408.52,0
0.025729631,44.76263991,206.933,3957.711,0
0.035089192,42.29556865,206.143,2393.769,0
0.031707472,48.898795,192.982,3021.27,0
0.020287634,54.8406831,208.472,3156.433,0
0.018844166,48.28170691,214.825,2408.787,0
0.029615249,44.43148533,193.245,3953.854,0
0.030722596,41.07484328,203.924,2021.286,0
0.032053423,43.63151917,195.715,3283.037,0
0.019751218,42.61777354,195.887,2984.557,0
0.025747983,48.23692776,197.254,3219.86,0
0.025423163,61.77660373,168.699,4691.787,1
0.007172741,38.78629389,211.768,3562.06,0
0.030932294,55.22511765,188.787,3830.846,0
0.017695997,40.3660391,223.976,1992.461,0
0.016884753,60.36059969,202.354,3149.703,0
0.026187264,36.73894361,201.483,3276.485,0
0.032643901,51.7259551,197.77,2894.545,0
0.024532435,56.70865946,197.561,3286.464,0
0.028119354,52.78448694,186.057,4042.121,0
0.008394628,42.64524521,226.011,3123.958,0
0.036241882,55.20258294,179.986,4560.239,0
0.014933306,60.19161697,202.697,3427.95,0
0.020893585,48.93455557,199.207,4116.83,0
0.012087607,29.19451649,230,2118.017,0
0.018173416,45.23183463,211.825,2440.61,0
0.00974368,52.69465789,211.998,3061.182,0
0.015582368,40.38535016,209.708,4031.411,0
0.013453707,47.52174339,203.028,3652.576,0
,,205.314,2866.287,0
0.02884807,43.57169479,199.067,2369.806,0
0.022332203,56.57168637,197.64,2655.8,0
0.023526409,46.61347886,206.571,3317.183,0
0.028274393,62.72351674,186.955,3095.189,0
0.025322553,54.43337841,199.677,2823.095,0
0.027169315,56.47080651,191.806,3245.161,0
0.027722348,,199.68,2823.628,0
0.031642992,59.91616085,189.531,3334.705,0
0.016701539,30.46899044,224.576,2215.74,0
0.019423083,40.63245946,212.721,3086.161,0
0.038224008,40.34560909,194.013,2403.362,0
0.033561078,56.20719223,178.6,3132.51,0
0.022494967,49.20094314,206.391,2929.958,0
0.024026934,54.8281027,187.049,5205.795,0
0.022685361,55.36522653,196.105,4043.927,0
0.041922248,42.08526271,152.037,4246.418,1
0.015472111,70.78167036,201.138,4462.523,0
0.023857968,40.83352795,213.606,2112.045,0
0.027135313,56.55161418,185.258,4431.881,0
0.027194621,49.15589425,195.961,3268.854,0
0.033177249,53.49910589,178.699,3504.124,1
0.032560138,52.87286571,196.781,3374.44,1
0.022253446,48.60035276,208.541,2155.046,0
0.024974465,51.66922337,200.088,2401.401,0
0.029775493,47.19711397,199.501,2564.352,0
0.027125055,67.32588319,191.393,4157.956,0
0.018967712,58.57730518,205.482,3067.019,0
0.035880822,52.44606769,191.652,3192.279,0
0.02844151,,181.807,3997.706,0
0.017297042,45.47253855,212.463,2752.407,0
0.017770558,49.59366874,212.539,2167.293,0
0.02498699,46.21801093,204.296,3155.761,0
0.02381509,53.91420534,194.738,3578.307,0
0.014592873,61.54952409,195.386,3577.401,0
0.025549403,50.85236125,201.544,2868.351,0
0.033640725,54.31054723,188.172,3759.113,1
0.033246332,38.78477886,199.063,2414.114,0
0.034568599,52.11929655,193.536,3051.393,0
0.037301708,63.31921899,175.582,3346.988,0
0.011427562,,201.068,3694.682,0
0.01538576,38.44509868,216.928,2654.007,0
0.026285899,40.37268988,203.766,2513.799,0
0.028409466,49.19846017,179.656,4026.138,1
0.016580324,62.13346663,192.314,3997.117,0
0.020311113,44.46381162,207.449,2855.405,0
0.017029311,47.87560124,215.355,1963.534,0
0.023872335,61.79579237,189.267,3081.502,0
0.026952632,38.60839971,202.511,2932.357,0
0.03043914,52.52749259,185.361,3336.103,0
0.026531893,61.76317282,191.384,3726.656,0
0.030010314,48.76831556,192.198,3359.92,0
0.024288565,53.63462108,207.239,2743.949,0
0.022260412,49.65889718,205.094,2969.685,0
0.018721404,45.354888,205.369,2957.832,0
0.0368383,43.62346413,172.974,2575.283,0
0.027096129,46.19752839,208.979,2817.381,0
0.033281805,55.48817655,169.509,5107.115,1
0.022126518,57.43097821,183.182,4770.928,0
0.024307421,52.98196612,205.407,2885.517,0
0.019714448,57.86194735,207.075,3289.791,0
0.020656117,48.52518702,200.566,3223.582,0
0.020835547,43.32049368,209.909,3101.213,0
0.020615168,44.93860421,196.906,3518.837,1
0.026040402,44.07881656,204.799,2512.339,0
0.024897746,48.22398593,205.744,2533.009,0
0.032702997,62.22224766,188.464,4185.03,0
0.025759029,47.90740541,207.007,3152.761,0
0.026899525,33.61033241,212.179,2408.637,0
0.045344401,40.25122629,186.282,3298.937,0
0.025002281,54.59802341,185.866,3846.578,0
0.026498437,54.64729009,189.329,3720.499,0
0.033903304,48.93215542,169.887,3130.573,0
0.010694874,41.69888804,226.371,2420.198,0
0.022941025,52.41025216,184.808,4088.973,1
0.024452706,52.05831091,182.335,4209.18,0
0.030985991,56.14920114,187.656,2755.263,0
0.02438409,53.93083272,204.114,2991.679,0
0.030679506,46.15759991,189.151,3533.537,0
0.024214562,35.28501772,216.117,1874.516,0
0.016396692,,214.164,3001.322,0
0.023011265,45.01898146,208.05,2735.375,0
0.017774926,49.52724648,207.905,2418.951,0
0.025674839,55.17924695,192.427,3498.264,0
0.030979659,39.64964399,196.385,3430.022,0
0.023233162,62.5673612,195.868,2995.84,0
0.032297484,54.60570216,189.377,3277.75,0
0.025615334,60.68203311,201.887,3452.479,0
0.028885122,37.76012531,210.128,1895.921,0
0.031530327,40.91814582,205.164,2450.263,0
0.022804743,52.24429804,200.214,3484.837,0
0.023469152,55.25038689,206.173,3096.626,0
0.024220207,55.40868552,203.924,2291.928,0
0.024194569,65.9424401,189.129,3762.576,1
0.025012361,50.50602522,209.656,3091.559,0
0.025218903,47.95987856,210.135,2410.643,0
0.022055924,60.44273243,198.035,2960.401,0
0.014792184,45.27411359,199.046,4073.34,0
0.017677934,37.23051626,199.436,3631.044,0
0.019741349,41.06283573,213.119,2782.043,0
0.019942094,35.11326845,213.176,2552.365,0
,51.99392256,180.637,2681.268,0
0.030140289,46.98031563,199.977,2489.15,0
0.044409656,56.31299857,168.441,3395.577,1
0.027700331,58.34637244,197.344,3960.6,0
0.015399031,48.43499809,207.492,2415.33,0
0.026984737,43.400353,198.368,3338.464,0
0.007525947,42.87885267,230,1678.046,0
0.012617209,52.70968198,189.872,5090.458,0
0.024098385,57.14682083,198.028,2881.731,0
,51.52172799,192.086,2440.378,0
0.020189764,63.41089891,192.779,3380.265,0
0.02961738,45.21464838,199.518,3045.344,0
0.029332674,49.23301567,184.826,3240.79,0
0.026173458,66.35647541,186.428,3651.73,0
,51.11299455,195.109,3362.527,0
0.009148691,43.85744638,213.556,3037.416,0
0.010582747,46.48466569,209.837,4174.576,0
0.027381155,54.89592458,191.084,3275.939,0
0.024662715,32.72710052,195.488,3519.925,0
0.033585622,50.43999494,194.965,3498.605,1
0.018636767,48.50965014,209.051,2459.147,0
0.03306654,54.66011458,192.574,3236.789,0
0.032083355,49.10634562,190.54,3177.099,0
0.032250521,49.05406925,201.138,2801.62,0
0.032620713,43.6600735,199.855,2557.113,0
0.013283129,52.92715131,206.537,2603.156,0
0.031339159,43.9803426,200.05,2971.116,0
0.029532647,37.76122983,204.312,2783.919,0
0.008841625,44.16064374,213.63,3183.961,0
0.020183774,60.14098224,203.051,2649.743,0
0.021153371,59.66773174,192.786,4746.249,0
0.028757533,55.99623637,181.987,3866.569,0
0.027640672,45.66115576,192.592,3128.197,0
0.016940479,45.64452869,219.89,2533.167,0
0.025648845,47.84191408,199.73,2948.055,0
0.032996449,56.47972722,181.951,3306.717,0
0.025646794,52.15888415,191.067,3841.715,0
0.018035704,51.29453724,206.588,3655.823,0
0.028716299,37.16679618,209.648,2739.525,0
0.026712983,51.54555341,193.714,2282.817,0
0.026377514,43.52097413,201.022,3160.862,0
0.013158806,50.54503572,206.021,3347.244,0
,57.79228238,199.056,3296.08,0
0.024878413,48.12797603,198.843,2877.192,0
0.015152153,46.76157621,224.386,1451.621,0
0.016049213,37.39948446,221.772,2354.184,0
0.0062676,54.84379343,217.641,2880.735,0
0.025965227,46.0384268,208.281,2515.041,0
0.036819502,46.99068485,189.249,3769.925,0
0.027840747,40.07001134,194.541,3717.322,0
,54.51738171,187.373,2668.156,0
0.022498047,47.82955503,211.71,2414.564,0
0.008715093,61.36316333,209.906,3179.82,0
0.03121462,38.30279876,198.89,2531.227,0
0.02463991,51.37317935,190.588,4750.517,0
0.02584808,54.84070313,193.093,3564.359,0
0.020152147,45.87860214,211.038,3245.289,0
0.02417367,56.68483215,206.253,3136.395,0
0.023095401,54.19402626,194.092,3501.552,0
0.023468392,65.84009563,187.185,3750.101,0
0.011208898,45.23366958,216.647,2822.83,0
0.020194773,51.06305517,185.701,4369.72,1
0.028841712,36.9235298,212.696,3050.175,0
0.021140624,39.80680318,207.511,4424.947,0
0.022781137,44.23165363,210.807,2928.7,0
0.005548817,51.41533621,219.392,2568.686,0
0.026105676,55.16022929,192.157,2953.976,0
0.023196359,47.65511921,197.636,2924.817,0
0.01049123,44.65277911,221.701,1984.888,0
0.032330261,65.1045647,185.964,3612.351,1
0.022362895,47.39959431,206.047,3421.204,0
0.022189038,55.67508371,190.495,3717.28,0
0.024323478,61.13504078,197.038,3948.103,0
0.022387826,51.96445599,208.354,2933.584,0
0.011120942,55.65090061,201.49,3993.816,0
0.023669373,56.04079406,205.252,3113.97,0
0.026010002,40.27463142,191.832,3353.613,1
0.021056285,44.49347641,204.888,3242.338,0
0.014796798,58.41736335,203.684,3034.658,0
0.018539033,48.04703606,203.813,3373.438,0
0.01232996,40.55067949,207.741,3515.953,0
0.03243176,49.49404734,187.551,3461.277,0
0.015394127,48.39545703,212.427,3114.138,0
0.01646132,55.49270552,217.307,2774.942,0
,47.34436149,208.392,4019.498,0
0.031273073,58.75625345,176.483,3206.197,0
0.021822294,44.13991277,196.747,3581.636,0
0.026658305,61.44664403,188.744,3519.356,0
0.023105347,57.06244406,195.008,3385.995,0
0.032303898,50.99691901,187.204,3120.024,0
0.030659201,47.17908652,201.135,2564.722,0
0.035520792,54.68561854,193.963,3976.99,0
0.019282866,44.52911327,214.746,2797.533,0
0.018655778,45.4124385,213.527,3152.333,0
0.033008943,50.29306169,185.754,3408.371,1
0.020470717,35.12905278,201.989,3026.12,0
0.009259592,46.21614546,223.065,2254.638,0
0.020746623,53.18392796,203.007,2751.026,0
0.024614683,45.19828836,193.191,3662.906,1
0.025510385,59.72399892,190.727,3947.44,0
0.036682641,45.94960947,188.704,3754.186,0
0.032270118,48.57149718,189.676,2800.376,0
0.019498126,48.43140494,198.319,3518.39,0
0.020650774,44.30233027,197.825,3816.029,0
0.025195369,38.4370814,218.935,2717.096,0
0.012339629,29.96959447,230,1898.723,0
0.028658695,63.1052799,191.706,3269.635,0
0.029882462,54.09157039,199.267,2621.641,0
0.035512076,60.13259737,189.199,3199.676,0
0.021166472,43.54100745,205.452,2606.565,0
0.025771889,46.28554643,200.215,2863.953,0
0.018982506,43.89238172,219.163,2298.222,0
0.024000869,63.988612,192.291,3550.551,0
0.027817448,42.42918666,197.151,2918.675,0
0.031376517,38.16111451,202.138,2587.889,0
0.019735192,57.42919872,202.634,2576.597,0
0.032776762,46.87356379,191.233,3362.105,0
0.023869024,37.25734051,206.015,2435.866,0
0.019561768,52.54823011,196.882,3283.737,0
0.016831742,,205.417,3048.667,0
0.036012658,57.8741624,177.531,3766.362,0
0.028768792,53.49878999,191.959,3845.708,0
0.032573093,43.87738932,207.573,2676.999,0
0.019817604,56.22427868,196.667,4071.233,0
0.036531612,46.0430896,190.719,3619.095,0
0.028799356,55.02196517,196.185,2689.471,0
0.021092141,58.67279174,191.587,3616.222,0
0.026803346,53.76208584,201.327,3286.557,0
0.026151096,43.83428677,197.096,3858.85,0
0.024043524,50.39368933,198.692,2510.721,0
0.024638904,53.18435986,206.598,3403.098,0
0.034284579,55.21718107,185.107,4086.352,0
0.019555409,55.30518919,197.655,3416.919,0
0.022217004,52.37935986,204.203,3715.414,0
0.042440758,49.62607976,183.427,2839.155,1
0.032140698,39.67713727,208.089,2819.722,0
0.029736172,41.74981426,198.574,2752.103,0
0.034277349,52.30290739,178.854,4497.816,1
0.017519985,61.83624926,189.612,4447.265,0
0.016564464,56.59845083,195.433,3351.941,0
0.024998021,62.0184272,176.388,4132.937,1
0.042017861,48.74703037,171.59,3935.172,1
0.023782296,43.91935104,194.85,3488.393,0
0.017698951,48.97011851,207.286,2849.633,0
0.019768543,53.62793909,204.548,3243.208,0
0.021816985,39.32639869,207.566,2368.522,0
0.010883986,30.45132233,229.756,2904.438,0
0.023571226,46.26273559,197.414,3546.783,0
0.030771094,42.20508848,213.529,2063.464,0
0.028131574,49.71491939,200.736,3616.591,0
0.009451036,55.28389721,215.475,3002.663,0
0.02715647,37.77555825,210.156,2152.907,0
0.014142841,58.15200776,195.982,3244.166,0
0.01890036,33.96189517,212.976,2428.979,0
0.016968231,62.54151521,196.505,3535.85,0
0.029357863,56.91337429,191.421,3066.58,0
0.03432022,31.99644731,168.388,4274.247,1
,44.82605072,197.745,3084.184,0
0.013619788,60.1285669,195.189,3962.625,0
0.024911553,44.03732305,207.163,3276.067,0
0.020190044,60.72337151,196.567,3897.172,0
,65.49111921,192.523,3281.956,0
0.031311269,42.60290399,200.457,2853.538,0
0.020833996,49.30192086,196.687,2831.172,0
0.028358398,47.88286522,197.972,2968.011,0
0.027680922,62.66356582,194.535,3010.935,0
0.014245706,51.6826004,205.393,2773.429,0
0.030231953,41.92922863,187.585,2601.11,0
0.019944146,49.81850907,204.327,2408.827,0
0.032554315,49.31666695,190.947,3258.041,0
0.032454986,45.55830913,194.519,3068.218,0
0.035416688,34.24350661,196.644,3233.717,0
0.024090139,60.28938753,194.167,3416.63,0
0.018105023,56.96012117,186.723,3797.045,0
0.01453041,47.48272398,222.401,1828.708,0
0.018093991,49.34464079,210.269,2829.954,0
0.029551476,54.01413106,204.705,2595.409,0
0.024245271,64.9100144,193.877,2804.009,0
0.024410177,55.64511139,196.796,3161.532,0
0.020979663,34.14513562,222.973,2746.831,0
0.02663791,54.79572131,188.786,3090.895,0
0.031090309,55.27220184,193.724,2977.272,0
0.031304939,48.5144671,183.15,4350.281,0
0.021314554,46.69466238,206.834,3017.638,0
0.027996399,48.47199997,200.346,2687.744,0
0.017249401,55.36999367,182.373,4511.46,0
0.024667834,45.49363902,207.947,3186.05,0
0.019115454,65.32494142,193.416,4968.41,0
0.017067158,43.62554121,216.274,2231.375,0
0.019004576,51.42557235,198.157,4645.712,0
0.023658192,54.96556208,197.631,3695.569,0
0.010729895,45.09971842,218.937,2653.732,0
0.027313481,51.54148614,196.635,3193.08,0
0.016848356,51.52388235,201.233,3411.123,0
0.03305617,56.06090664,187.53,3297.057,0
0.022461065,71.61322926,193.202,4391.594,1
0.016381901,51.52089611,214.856,3030.377,0
0.021127802,45.58789985,198.113,4457.558,0
0.027828272,49.61040444,189.347,2940.149,0
0.00873949,55.98810557,215.497,3161.647,0
0.03089785,42.12612476,198.267,2968.673,0
0.033910935,55.30865598,188.414,3289.413,0
0.033925491,51.29869532,156.536,7106.238,1
0.023350117,58.8869671,192.249,3662.055,0
0.020053963,64.894775,195.614,3243.941,0
0.023041872,46.91530259,200.899,2863.757,0
0.018453046,47.08074401,216.519,2140.549,0
0.022876453,55.26626014,196.068,4468.409,0
0.024422836,56.51166384,203.355,2953.09,0
0.019851555,55.08890762,200.356,5210.259,0
0.019307532,60.76886655,197.888,3572.238,0
0.029590094,48.4996837,195.49,2753.664,0
0.014611786,,193.423,4346.562,0
0.027593747,31.39934348,215.18,2414.609,0
0.026095992,40.71103774,208.969,2206.222,0
0.011528705,48.58074709,210.693,4749.776,0
0.031501572,54.52922099,193.001,3380.797,0
0.006839849,45.17904079,218.458,2859.542,0
0.027434781,50.01838795,203.425,2031.188,0
0.028447796,45.68473121,190.626,3434.024,0
,43.64661801,218.219,2570.484,0
0.023508367,49.02317742,207.3,3009.213,0
0.015749574,45.19900624,216.119,2694.673,0
0.029723657,51.08465265,191.138,3230.49,1
0.011450558,59.79705127,196.299,4000.738,0
0.027848822,49.23721907,197.52,3465.732,0
0.033783314,46.83832575,201.002,2718.388,0
0.018005895,44.39245339,217.035,2135.185,0
0.020396858,54.09945285,199.904,3159.134,0
0.017590673,53.49009827,211.668,2604.936,0
0.034377738,57.12318796,183.415,3800.956,1
0.021154581,42.73767152,207.55,3694.624,0
0.018833438,54.85046463,199.34,3248.674,0
0.014147075,53.08996865,210.586,1868.576,0
0.032623946,49.71670062,189.506,3689.32,1
0.024434478,56.00678131,197.529,3738.703,0
0.027199802,55.08741304,183.903,4376.807,0
0.029027233,53.12338497,196.988,2750.7,0
0.02500011,65.74841485,181.854,3102.348,0
0.020100874,52.28971386,201.897,2279.891,0
0.024770117,61.89843968,175.432,4653.348,1
0.015204,42.96335221,224.529,2914.124,0
0.021309313,70.22804644,175.512,5920.065,1
0.022370354,57.7402793,184.041,4450.695,0
0.035137098,59.75990465,187.277,3489.399,0
,45.74281245,197.141,3302.152,0
0.011706043,36.73809945,215.72,3036.036,0
0.020105801,65.69376993,184.047,3709.034,1
0.0189182,54.95062533,202.12,3839.045,0
0.030440119,43.51875108,188.995,3838.026,0
0.020666433,44.97743572,205.195,2693.147,0
0.021290308,45.57262457,206.585,3585.059,0
0.029608748,,191.365,3126.63,0
0.023815473,46.86680785,204.992,3749.874,0
0.0373679,67.37176227,176.692,3422.774,1
0.03604525,48.61961707,194.728,2838.515,0
0.012609573,48.94429648,219.008,3633.765,0
,59.21825383,195.519,4622.762,0
0.011984544,44.7338995,212.996,2752.869,0
0.036062919,42.55167205,181.829,3730.654,0
0.01507218,61.3980723,198.679,3309.037,0
0.02236979,58.23201638,197.459,2824.426,0
0.023040519,52.64081484,203.269,3288.571,0
0.019826597,52.88986943,199.185,3438.371,0
0.019612935,52.63961701,207.182,3208.159,0
0.024581465,47.84071332,205.677,2635.042,0
0.022099575,58.73172158,205.49,2850.35,0
0.022546123,56.04699646,198.924,3159.866,0
0.022265472,57.34817845,181.619,4859.982,0
0.018975968,45.77075506,215.232,1857.864,0
0.015873785,43.33310235,210.698,2557.178,0
0.032160248,50.93696122,188.804,3615.812,0
0.029089984,37.90594962,207.56,2328.011,0
0.010468144,49.29741904,219.082,3293.482,0
0.011347928,50.99463058,215.337,3793.161,0
0.026495206,59.11668705,199.512,3048.674,0
0.022160819,43.20552916,205.966,2998.388,0
0.027093556,67.75761485,189.682,4622.525,1
0.035993809,56.18975016,168.723,3893.845,1
0.014449523,49.35431577,209.794,3036.905,0
0.010948901,45.04148175,215.802,3980.092,0
0.040816618,48.40334278,181.974,2108.21,1
0.028462757,57.36702343,184.069,3429.407,0
0.017816679,52.90631196,208.567,3596.6,0
0.027243288,43.92044202,202.752,3297.502,0
0.018969521,53.47633704,199.377,3714.986,0
0.019336917,60.72084359,197.853,3251.874,0
0.028270855,38.9777573,208.444,2301.955,0
0.032500277,45.03795973,194.593,3080.896,0
0.021131314,39.6641976,217.2,2385.633,0
0.022620469,57.68433131,198.863,3605.352,0
0.023589212,,202.949,3142.875,0
0.02749313,44.21200559,194.403,3325.967,0
0.020616515,48.09927654,201.101,3173.856,0
0.019764035,59.50260722,201.14,3775.059,0
0.020363438,48.53611929,203.662,2458.333,0
0.0093444,70.03625807,188.247,5081.029,0
0.032402095,47.3930654,195.63,2614.279,0
0.020423303,52.77391718,201.723,2843.157,0
0.032851075,70.41698375,160.446,5189.358,1
0.03633592,43.7653918,196.79,2637.075,0
0.023239471,59.20726437,193.461,4073.57,0
0.023108941,42.10131829,213.493,3094.318,0
0.027502557,51.5563347,200.506,3015.409,0
0.037475801,56.02720677,181.688,2086.16,1
0.028131337,56.96191871,183.518,4105.548,1
0.012558342,34.80041147,221.162,2498.484,0
0.023529707,49.35832804,200.755,3177.747,0
0.022135031,43.40780399,201.403,2869.423,0
0.032462175,60.20338913,167.922,3914.297,1
0.031035017,44.74864482,198.155,3007.732,0
0.028936277,37.05227446,203.376,2208.196,0
0.023824954,50.84921618,209.264,3038.079,0
0.014266025,43.8868919,211.296,3181.225,0
0.023931995,56.78544139,191.61,3693.871,0
0.036786079,52.60200589,176.858,3303.087,1
0.013028525,41.70319199,224.855,2447.029,0
0.02745,53.21996029,184.499,3093.39,0
0.030056635,61.57519131,192.903,4062.049,0
0.037930684,45.72510854,193.471,2886.971,0
0.033413939,37.82486019,202.687,2115.05,0
0.021033485,44.06766369,191.935,3477.031,0
0.021111922,42.25995636,214.726,2449.047,0
0.028364893,52.01630288,195.145,2843.839,0
0.024449719,47.21665414,199.209,3954.345,0
0.02571834,40.80924683,210.296,2840.431,0
0.028410466,47.10985839,196.225,2792.037,0
0.029517486,28,200.398,2714.062,0
0.021539733,61.07805828,189.114,3299.994,0
0.016584728,49.37657379,195.707,4205.833,0
0.023934828,56.73486339,199.103,3832.788,0
0.031222819,51.48644062,178.28,3571.159,0
0.0199084,47.64375142,196.287,3476.112,0
0.019622393,56.50456124,196.844,3407.496,0
0.037791608,31.29738986,201.106,2188.776,0
0.026744546,48.25249769,200.677,3528.846,0
0.034196795,44.15760374,194.532,2759.455,0
0.027955845,52.81093737,195.252,3617.369,0
0.034524857,45.11124853,202.191,2948.279,0
0.01724273,48.98994101,219.913,2785.503,0
0.022380374,41.33497846,209.446,2346.716,0
0.018048362,40.73350118,214.332,2222.811,0
0.035152273,56.94044803,167.95,4106.46,1
0.016437948,53.97130753,202.091,3065.369,0
0.022764613,55.09626631,204.356,3859.997,0
0.022880617,,185.718,3609.491,0
0.014371477,34.39028386,207.271,3477.52,0
0.035057987,51.79463822,178.453,3927.406,0
0.026986222,60.022527,189.642,3027.55,0
0.034506112,52.35437308,200.786,3456.556,0
0.009339696,61.46583563,216.108,3072.229,0
0.02208597,35.75900617,200.917,3645.178,0
0.008665818,38.52565334,221.082,3815.824,0
0.026891788,54.89625192,203.476,2572.495,0
0.021354776,48.9744964,210.488,2913.494,0
0.017565459,43.0260615,214.609,3325.505,0
0.020019672,52.70470582,200.972,3620.921,0
0.014825547,46.56716151,215.073,2846.462,0
0.02013461,65.09813479,197.677,3603.31,0
0.028934898,52.16789409,186.392,3992.154,0
0.019601614,39.06990152,206.121,3975.046,0
0.017321132,70.15421216,187.432,3758.955,0
0.028846882,,182.267,3813.659,1
0.013848379,58.03839432,200.907,3560.829,0
0.029777656,50.77549292,195.147,3349.569,0
0.026081791,59.95189014,198.833,3365.793,0
,42.78265717,227.889,2443.654,0
0.03607215,48.75106329,184.977,2473.797,0
0.02810649,31.30053512,214.162,2105.876,0
0.014490859,48.42380188,218.758,2990.262,0
0.01218503,59.40976334,205.773,2850.654,0
0.026805295,40.26567163,211.15,2191.748,0
0.020357342,48.48734649,216.974,2490.195,0
,50.04782658,209.634,2876.309,0
0.023996907,57.14489539,191.323,4181.33,0
0.023342476,,207.755,4235.219,0
0.019035932,45.33107756,211.919,2748.017,0
0.025676487,58.21811985,180.043,4637.494,1
0.016899648,54.1879807,204.936,4033.134,0
0.020639652,29.56028382,203.79,4185.45,0
0.026461261,42.5045612,181.076,3959.089,0
0.028961614,44.26110326,185.345,3671.356,0
0.028764598,60.57590233,187.249,3536.115,0
0.02822877,31.9608954,211.94,1839.938,0
0.022161743,53.86217235,198.23,2549.448,0
0.016525228,40.21518851,219.783,2470.466,0
0.028584597,58.27944625,194.392,3025.867,0
0.024378351,46.11738658,204.745,3438.838,0
0.017718707,49.01744154,208.795,2666.688,0
0.024936297,57.44858292,201.053,3135.67,0
0.025558403,62.42636361,182.821,5560.51,0
0.025214394,52.6345815,196.792,3600.116,0
0.022134147,37.48513821,213.628,2627.899,0
0.03235935,51.2242697,166.138,4664.215,1
0.021337711,50.2023305,208.939,2790.814,0
0.030370911,59.06794013,185.403,4109.374,0
0.027584099,46.63372315,198.411,3023.306,0
0.027572078,52.65325642,187.393,3385.584,0
0.0216901,49.3225358,202.373,2919.546,0
0.026607639,52.99505987,188.213,3930.602,1
0.03504408,58.19434953,185.98,3913.85,0
0.025251739,45.07072506,209.105,2368.98,0
0.035888931,32.65089789,202.968,2267.462,0
0.023500262,53.68314401,193.997,3070.493,0
0.017067989,58.65601208,208.719,3613.324,0
0.020300536,56.72119509,208.464,3405.56,0
0.025076823,59.96303504,187.424,3603.508,0
0.015624604,39.52206809,209.957,3270.031,0
0.025205781,52.84870437,178.961,4401.066,1
0.026580588,41.01097873,207.569,2133.37,0
0.027816866,54.97115218,189.34,4071.644,0
0.01617166,59.58924869,203.185,3426.527,0
0.043964768,59.61132528,149.013,3646.908,1
0.032924716,54.24616901,184.245,3247.094,0
0.02135633,49.37333967,197.449,3165.45,0
0.02499536,49.57623489,206.343,3113.252,0
0.026982992,56.81189423,183.717,4523.504,1
0.016946085,51.83067627,215.966,1973.57,0
0.034485274,55.40782817,182.037,3546.341,0
0.027409336,48.89075163,202.517,2512.433,0
0.030461381,50.28969711,190.072,3084.607,0
0.016625979,40.71334812,226.763,2250.95,0
0.034282992,48.04757844,192.412,2984.49,0
0.017223266,52.31083169,200.382,3693.266,0
0.02402646,55.77540025,174.313,5100.674,1
0.02338768,49.89025844,206.588,2989.533,0
0.025271214,33.41539429,220.687,2258.474,0
0.017114224,50.89187558,214.565,3409.506,0
0.021659547,40.96701493,206.232,3131.679,0
0.032912065,48.05824715,179.825,4864.682,1
0.025081233,,198.193,3312.02,0
0.017021609,67.73423296,181.516,4580.645,0
0.028815921,44.60533143,201.552,2976.965,0
0.032571279,43.08620495,201.36,2084.338,0
0.024866152,51.50733206,197.288,3502.536,0
0.031636776,55.27773121,195.132,3868.752,0
0.027825817,62.31967003,187.81,3509.583,0
0.025516631,42.46716908,211.358,2061.841,0
0.0335566,58.04751805,183.894,4007.564,1
0.025857029,49.5177611,201.683,3177.597,0
0.034036307,54.75998281,189.578,2398.935,0
0.015796538,65.62015973,202.465,3207.074,0
0.016387736,54.30931998,205.294,3475.54,0
0.024678391,52.30865344,202.783,3773.086,0
0.023817391,55.58621615,199.826,2776.666,0
0.022238773,47.44706377,202.374,3236.602,0
0.04663702,51.49434465,162.784,3850.613,1
0.041404167,36.59245728,188.68,2426.347,0
0.028077462,45.82724708,201.882,3143.498,0
0.02522501,42.28337008,208.943,2902.735,0
0.03635208,40.98961408,201.592,2344.048,0
0.023528845,43.68450274,209.489,2759.426,0
0.031072676,55.46977375,192.068,2491.142,0
0.032718179,52.55782421,171.112,4020.618,1
0.027098722,48.93641212,178.966,4384.531,0
0.028222839,54.96879554,185.478,3784.149,0
0.026243268,53.11271063,197.609,3270.027,0
0.0239298,51.33089274,184.801,4122.188,0
0.022742472,55.95118823,207.591,2774.69,0
0.017608111,58.29609715,180.986,4970.729,0
0.030054723,43.84582481,197.797,2375.045,0
0.009902633,53.01217349,206.131,3301.095,0
0.022951406,54.2113648,195.491,3518.709,0
0.031446666,48.36849841,183.885,5460.424,1
0.011240549,57.88707437,209.557,3426.586,0
0.014426959,44.32468576,216.828,2617.47,0
0.029450651,41.88406793,194.717,3144.702,0
0.029042325,41.04583859,204.438,2866.08,0
0.026084755,48.1771511,197.329,3607.442,0
0.028038347,45.87101437,195.668,3288.3,0
0.017694036,46.49735036,208.212,3446.511,0
0.030698686,49.42848251,188.244,3334.316,0
0.021234147,48.66482782,192.879,3935.551,0
0.020696021,28,216.873,3298.927,0
0.02134753,47.20315341,202.078,2831.177,0
0.033679802,56.50709087,156.567,5045.989,1
0.02571683,53.25255438,199.202,3144.984,0
0.020569797,56.07077194,206.485,3145.609,0
0.020510382,51.46242059,208.841,2511.262,0
0.024638393,65.13596114,195.965,2748.589,0
0.02801178,52.02881394,195.406,3047.666,0
0.011199764,50.36787953,205.35,2572.335,0
0.03116239,42.33208083,198.043,2465.76,0
0.029092844,41.82656363,202.698,1596.445,0
0.034571152,68.45384404,181.033,3172.913,1
0.036695255,45.62537704,192.255,3490.206,0
0.020683063,66.85781623,192.954,3498.117,1
0.026963321,48.1222593,202.481,2955.114,0
0.01708504,,213.726,2970.033,0
0.021238461,56.6150718,206.386,3024.203,0
0.028954011,52.25749802,191.438,3550.496,1
0.027601248,51.48234531,200.47,2961.93,0
0.029612991,43.45068862,203.921,2476.641,0
0.005717963,53.17282562,221.809,3561.866,0
0.021541918,44.31260438,199.862,2655.607,0
0.018213337,45.87890595,207.413,1818.384,0
0.024253692,56.01655269,191.449,3430.623,0
0.029865564,41.99539823,201.92,3542.032,0
0.02708065,53.63563666,195.245,2766.357,1
0.03074428,54.22302187,183.35,3860.605,0
0.018998122,51.22660694,192.414,3513.566,0
0.017645989,41.53612388,225.427,2066.217,0
0.018921228,37.98316258,205.316,2983.811,0
0.026465933,55.88711474,184.364,5312.532,0
0.024107813,42.23740779,200.479,3193.354,0
0.02054196,52.71657886,195.146,3319.956,0
0.011775633,61.92809904,203.969,2960.719,0
0.030499784,39.62883891,206.969,2580.013,0
0.026138548,44.85050057,203.917,3484.288,0
0.022894537,61.47669577,194.895,4340.235,0
0.022796733,49.58089046,193.403,3250.561,0
0.020875589,53.54606461,209.229,2807.641,0
0.019392413,39.589209,212.719,2379.772,0
0.028490091,50.36935235,199.295,2652.306,0
0.02547519,62.87032173,185.837,3957.596,1
0.02936176,58.72008997,185.571,5406.718,1
,49.26235672,215.824,3055.207,0
0.021079945,56.00004405,201.697,3138.252,0
0.022980047,59.60910077,197.552,3712.973,0
0.015323978,51.22400056,205.079,2951.977,0
0.018199314,50.2609885,209.832,2886.932,0
0.023657506,49.04967694,205.201,2594.116,0
0.030441292,60.61651416,188.291,3813.961,0
0.021767425,61.93097911,196.227,3468.374,0
0.026721233,56.56071039,195.734,3809.651,0
,49.91290528,227.989,2661.743,0
0.027170341,37.68613338,211.73,2334.519,0
0.03436573,46.90707144,189.2,2636.221,0
0.021881403,39.86089981,210.27,3068.527,0
0.025615833,49.93788388,210.657,2029.159,0
0.030711409,52.23485607,199.524,2957.379,0
0.010691432,59.01238228,203.54,3809.362,0
0.020724548,45.73095456,209.454,2661.604,0
0.030587424,31.90130149,177.905,4748.736,0
0.024240881,62.20753971,193.271,3031.3,0
0.028927379,41.22579213,205.158,2319.197,0
0.02615843,52.07864359,189.574,2943.061,0
0.027826404,56.41472942,192.184,3445.739,0
0.020886137,54.28320556,204.472,4078.323,0
0.029410528,56.69600992,193.263,3904.651,0
0.026952023,54.69404907,196.363,2057.526,0
0.029361413,41.38156127,179.984,4394.755,1
0.035366608,59.02878322,186.34,2585.572,0
0.019264402,44.01823272,209.356,2650.642,0
0.026354527,47.46813075,199.35,3046.345,0
0.020928627,61.78645309,186.232,4753.382,1
0.017520838,53.18638114,197.433,3261.765,0
0.018455315,54.13243709,195.299,3735.872,0
0.023915661,54.32721858,201.413,3014.556,0
0.023490861,71.43714464,186.331,4738.528,0
0.026832484,51.21647018,189.865,3691.757,0
0.027136036,44.67952653,196.582,3195.194,0
0.015367495,42.49700824,216.552,2217.429,0
0.01827716,61.77843006,200.156,3141.815,0
0.025157406,55.59154036,192.388,4357.636,0
0.02512896,54.30325046,196.959,2995.916,0
0.017231085,55.40332819,206.878,3359.716,0
0.021977046,50.64420492,209.287,3467.803,0
0.021318166,47.67902806,205.606,3022.994,0
0.027142051,62.12229845,193.766,3200.249,1
0.016651986,46.19542374,205.289,3676.212,0
0.020385731,38.89261201,213.616,2428.328,0
0.024648599,50.12969652,200.751,2785.387,0
0.022654075,55.39485429,194.448,3067.718,0
0.017544965,35.18453141,216.491,2610.347,0
0.029703512,36.39487451,205.621,2802.802,0
0.015366096,41.26550925,219.537,3075.604,0
0.029354711,60.99536151,193.984,3412.993,0
0.023420682,51.20917347,199.904,3095.777,0
0.0301619,53.41206258,189.504,3187.721,0
0.024127111,47.20946769,207.765,2663.52,0
0.019496019,48.92354821,210.098,2955.63,0
0.022768065,53.89236265,196.822,2683.715,0
0.015280265,59.95334056,205.244,3639.325,0
0.018978044,48.8756463,217.29,2714.435,0
0.019417786,63.64951562,193.629,4081.68,0
0.01886651,54.33664526,204.324,3016.931,0
0.035464026,43.39556079,193.698,2873.692,0
0.021269982,57.40831038,203.931,2220.823,0
0.018956716,44.59866881,209.286,2426.046,0
0.027490475,49.70520169,198.82,3525.813,0
0.033324489,55.88871574,180.244,3822.066,0
0.033925755,47.43260461,199.702,3214.573,0
,42.90477366,201.147,3265.119,0
,65.82334597,190.055,4643.564,0
0.017146722,52.24694055,212.953,3454.47,0
0.0257448,58.45032674,194.424,2594.554,0
0.023211074,49.5251423,198.31,3005.136,0
0.021514735,48.42072819,207.256,3392.856,0
0.027143749,57.90989925,199.746,3179.827,0
0.038844348,53.00459835,175.333,4207.016,1
0.023745011,68.68103794,176.332,4893.592,0
,56.67405648,220.753,2256.655,0
0.024226557,41.64747369,212.072,2662.864,0
0.026882012,,200.315,3005.706,0
0.017163775,55.90154635,214.407,2958.603,0
0.007306187,45.29012179,212.135,2865.639,0
0.01230474,40.04352742,215.854,3539.261,0
0.02143703,51.13220493,200.294,2826.031,0
0.0237654,52.50283646,195.321,3161.809,0
0.013846902,,220.652,2937.82,0
,56.20322305,195.831,3941.622,0
0.024775054,56.81846574,185.071,3678.842,0
0.02149153,55.39029209,212.374,3151.52,0
0.02553938,44.63876886,207.21,2401.16,0
,54.95403149,193.731,3668.585,0
0.02472945,54.48170969,203.986,2545.071,0
0.012166163,64.46265339,198.741,3714.468,0
0.015581868,45.72720542,194.804,3481.108,0
0.0195165,42.88988478,198.008,3284.092,0
0.021628728,54.64389494,213.838,3575.271,0
0.019757693,50.47463328,206.896,2422.625,0
0.02956484,58.06392838,191.687,3653.155,0
0.023383042,37.87194335,204.265,2413.868,0
0.032767305,46.9725626,200.32,1953.64,0
0.016213009,52.05535975,209.76,3316.288,0
0.028504941,63.14851166,189.406,3812.778,0
0.032482446,57.72266022,187.849,4092.85,0
0.010855143,66.75937973,199.916,4380.666,0
0.024042128,50.27326904,203.48,3915.326,0
0.016827143,54.88366378,210.591,3057.738,0
0.01409149,60.16047726,193.266,4085.079,1
0.024230331,44.62213795,200.823,3578.9,0
0.01585045,52.00883764,214.012,2454.397,0
0.028245996,51.35661323,169.067,4422.271,1
0.024829911,52.4745302,196.321,3906.335,0
0.01954095,60.00776071,196.963,3258.396,0
0.026351432,57.32319652,196.117,3387.408,0
0.022900738,53.20495206,200.89,2794.063,0
0.024336714,48.64731732,211.672,3461.367,0
0.018983497,49.86486848,187.734,3852.02,0
0.018808621,59.36014072,204.01,3695.074,0
0.017049267,,209.19,2724.153,0
0.030957649,71.84501019,177.58,4028.474,1
0.020525282,42.33918093,208.583,2447.156,0
0.031444985,55.29952855,194.051,2821.739,0
0.023203071,55.01501102,197.004,3408.782,1
0.018483136,38.50192316,213.564,3152.378,0
0.015728599,48.10552244,210.153,3106.12,0
0.016787095,54.53410221,202.343,3492.857,0
0.009931251,59.08785922,195.972,3952.149,0
0.026713395,72,183.872,3160.672,0
0.018590543,54.92345905,210.37,2940.103,0
0.010379267,49.19208966,214.611,3414.986,0
0.028460485,50.75799499,200.556,3034.089,0
0.025460439,47.15030464,196.81,3025.63,0
0.013199059,42.40561151,224.041,2062.677,0
0.025703357,59.41176612,189.917,4048.32,0
0.01436791,60.9097456,206.333,3466.462,0
0.0197053,50.63351524,202.668,3361.224,0
0.033923283,57.65083527,178.458,4235.318,1
0.023958027,45.33351041,195.395,5410.781,0
0.034809877,49.46270688,188.303,3205.85,0
0.024222141,37.34336073,204.479,3117.567,0
0.025397244,58.54434305,191.246,3724.194,0
0.017965555,47.34997413,194.932,3061.35,0
0.021127706,49.65796424,207.868,3281.615,0
0.02845794,36.13005632,206.068,2171.994,0
0.022911068,37.37381713,192.778,4024.219,0
0.014114406,38.71727624,230,1406.538,0
0.0161376,56.31138552,192.206,4186.796,0
0.024173109,47.37193083,207.146,2922.255,0
0.019199934,43.85575926,207.69,3672.844,0
0.023298271,53.27299911,199.817,3434.933,0
0.021820755,44.22138728,185.026,4277.598,0
0.026542361,38.05957887,204.3,2954.742,0
0.024084593,58.58607238,190.243,3667.749,1
0.024867148,49.20546747,207.819,2463.29,0
0.031778616,43.57778545,205.789,2434.9,0
0.012520139,53.07602936,209.592,3146.792,0
0.039181397,41.0795059,198.929,2257.355,0
0.024562794,52.31611254,208.436,2338.861,0
0.027639288,56.05032601,177.297,4655.233,0
0.028676117,44.96503399,199.072,3426.279,0
0.02198975,69.70525421,184.512,3944.803,0
0.019709888,68.06531236,185.585,3852.988,0
0.05044401,42.5333122,140,4164.733,1
0.014427072,33.5806334,225.208,2497.874,0
0.027071061,56.56992517,201.299,3294.384,0
0.021634436,46.69144112,216.12,2502.158,0
0.022520436,43.0707284,217.633,2699.815,0
0.018756359,43.74707893,218.028,2424.284,0
0.022325516,52.01777031,208.16,3016.833,0
0.019574645,41.12658288,208.803,2383.632,0
0.028342617,44.08754853,196.183,3407.801,1
0.022750332,51.7529506,211.696,3066.97,0
0.023201753,60.235413,199.962,3031.198,0
0.025510583,65.62327411,166.546,4395.097,1
0.024842989,44.34096748,208.165,2796.82,0
0.024826981,50.87778005,197.753,3195.413,0
0.015695309,61.29618474,195.87,3761.475,0
0.010470145,49.68828419,193.364,4182.935,0
0.020328975,51.00577542,205.307,3209.566,0
0.027792758,50.97731841,207.841,2348.409,0
0.029337038,38.71281853,211.844,2457.53,0
0.025371531,52.01745405,208.976,2111.641,0
0.026562496,45.55469503,198.413,3930.943,0
0.01525343,50.57766515,199.824,3400.451,0
0.029386822,54.66970545,194.895,3669.959,0
0.025400379,63.39702689,165.576,5412.148,1
0.032312061,51.0356341,203.505,3612.52,0
0.014345362,49.04862387,214.78,3036.244,0
0.030123579,44.98783018,198.402,2587.092,0
0.039702533,48.31434836,176.822,2809.592,1
0.031281021,53.30887755,182.069,4091.425,0
0.02502933,45.22630701,193.499,2763.992,0
0.02452592,64.83454297,186.787,3166.256,0
0.020333965,55.78381011,196.509,2802.972,0
0.034151364,42.11757926,200.798,2814.001,0
0.022888234,58.37962996,198.69,3699.971,0
0.01763423,,195.878,3330.647,0
0.043202816,42.93247289,177.147,3575.134,0
0.02358318,47.18113176,200.653,3528.429,0
0.014934337,52.43380326,202.907,3921.531,0
0.011420028,43.38342651,230,1795.124,0
0.034905047,44.93690915,194.907,2429.826,0
0.019906692,52.92041917,195.9,3215.921,0
0.023944354,44.44269534,192.017,2899.514,0
0.025757605,55.40146995,191.954,3538.871,0
0.026063197,56.88264665,209.448,2761.625,0
0.019988011,47.59775724,206.658,2984.098,0
0.038895057,39.11613266,187.293,2589.873,0
0.021114244,62.27680361,186.368,4836.347,1
0.02399473,45.77250936,198.393,3084.622,0
0.035884723,48.78181323,183.682,3300.414,0
0.011669487,51.04075831,203.093,3953.975,0
0.022442926,57.9999694,188.779,3995.677,0
0.03494553,47.88195181,193.726,3311.869,0
0.017100405,,201.234,2661.252,0
0.025454194,54.42417423,196.367,3057.207,0
0.031590994,52.73998049,193.72,3366.856,0
0.027580711,57.75066061,191.527,4092.848,0
0.010333025,41.51970334,226.33,2062.847,0
0.011547793,72,192.966,4469.79,0
0.028294592,56.71793891,192.463,3279.539,1
0.022895253,57.59033713,192.241,3762.2,0
0.030548067,48.97754762,198.144,3162.177,0
0.018193939,59.29582433,204.942,2933.091,0
0.022474217,65.49066996,187.11,4395.116,0
0.025890049,48.50407979,204.292,2258.656,0
0.024497194,34.83384601,190.977,3310.636,0
0.019808591,66.42169727,193.72,3861.697,0
0.028498965,50.0207283,194.342,3825.792,0
0.030982172,59.41082186,162.282,4974.732,1
0.00871071,47.59543627,214.507,3702.054,0
0.027407081,46.38853394,202.608,3237.572,0
0.034529129,59.06762321,169.937,4446.173,1
0.022887892,46.63703311,198.33,3159.341,0
0.02307823,44.02603483,210.304,2284.932,0
0.024744694,36.78560398,200.792,4134.978,0
0.024178392,44.922957,211.018,2634.219,0
0.0259094,50.27327572,200.144,2731.655,0
0.037065748,72,177.538,3896.606,0
0.024726855,59.4482985,193.001,2891.199,0
0.031206758,55.78814035,190.415,4087.624,0
0.031996226,39.55259858,188.804,3098.056,0
0.025431063,49.96030478,199.425,3628.371,0
0.025968975,51.00096451,195.483,3218.433,0
0.026052752,47.7554994,197.705,3770.495,0
0.022513269,64.86093541,186.259,4074.085,0
0.022873863,49.35329821,209.914,3092.332,0
0.019555106,41.00199791,203.098,3851.959,0
,50.90007428,198.127,3118.911,0
0.020328681,50.73788983,182.938,4581.451,0
0.021983958,49.56476632,198.835,2605.41,0
0.008246167,49.91937512,211.087,2806.872,0
0.008362967,,211.675,3257.37,0
0.022483468,66.09220385,197.697,3199.312,0
0.021718128,53.7608323,204.371,2653.752,0
0.018201198,59.5030564,204.721,2592.113,0
0.019176978,43.4361669,216.293,2341.661,0
0.011553775,48.47542253,220.383,3025.392,0
0.024056862,47.65889003,198.384,3490.102,0
0.031072088,42.09380264,205.533,2228.595,0
0.025463556,37.98295236,205.254,2530.778,0
0.019534722,45.03576169,216.489,2627.482,0
0.021243635,49.04074078,210.855,2155.411,0
0.019295727,47.47594508,206.69,3752.986,0
0.03221116,48.50652404,184.295,3370.117,0
0.029280761,45.60665112,202.173,2673.179,0
0.02180079,38.44081893,214.815,2241.323,0
0.024852751,41.43629099,211.753,3284.226,0
0.032744248,54.05593289,197.137,2897.799,0
0.038942337,36.37202924,199.517,2254.257,0
0.017715746,55.9011278,209.948,3308.357,0
0.041491546,35.38104285,190.635,2454.66,0
0.024411797,45.90380079,203.927,2867.165,0
0.016607655,49.86284387,208.128,2891.94,0
0.024434167,40.53771053,201.974,2708.838,0
0.031344675,53.78922982,193.405,3010.366,0
0.019179948,,212.698,2739.328,0
0.021484166,51.72990174,191.259,3860.997,0
0.014546999,56.23638103,207.416,3601.71,0
0.027548857,63.59810275,188.538,3766.88,0
0.021277652,56.9780773,196.194,3049.172,0
0.032963439,35.07791601,207.886,2119.183,0
,53.75312291,183.85,3226.965,1
0.032454124,67.51983001,180.795,3214.165,1
0.022988922,56.86533655,196.084,4507.892,0
0.020621727,69.98505822,193.903,4150.46,0
0.024225511,70.86742851,180.793,4777.509,1
0.036223935,53.53871431,167.862,3847.654,0
0.010481701,53.96143693,220.399,1926.882,0
0.024880578,54.26218977,199.598,3860.943,0
0.028355564,42.50865437,198.684,4273.905,0
0.020704025,50.03746226,189.943,3980.46,0
0.020105923,45.37589311,203.866,3446.969,0
0.025606584,49.63413399,198.521,3088.032,0
0.042590214,47.34439875,185.999,2601.406,0
0.022721176,33.72976119,211.003,2412.694,0
0.018748976,43.1554739,210.278,3240.292,0
0.019150841,49.77338656,203.078,3505.57,0
0.005557242,32.60775107,215.504,4006.063,0
0.025168427,36.12467962,206.853,2024.326,0
0.034135012,58.98028606,190.467,2983.994,0
0.030812362,58.3795918,186.394,3745.964,1
0.020555185,39.48137718,221.222,3024.978,0
0.022163465,52.62577018,198.114,3394.811,0
0.022774726,42.1491186,211.601,2495.32,0
0.00906892,57.30960455,200.295,2966.055,0
0.021945677,50.20235365,201.9,3358.288,0
0.022482254,47.70620464,177.975,4657.65,1
0.025169102,48.69077002,190.322,2985.234,0
0.017023086,44.85855702,207.468,2221.359,0
0.020250023,60.402764,186.801,4329.636,0
0.03857449,,170.129,3405.352,1
0.01880567,42.21149618,214.494,2952.301,0
0.014022902,55.77476877,190.562,5453.3,0
0.022214237,47.72886033,205.986,3500.352,0
0.028171015,55.44122474,197.424,3297.587,0
0.03082155,59.4611001,186.562,3897.043,0
0.016076426,57.63780409,203.459,2881.705,0
0.029334024,51.86241953,193.729,3128.583,0
0.023418477,58.78924406,205.647,2742.915,0
0.029145403,32.94343717,208.932,2826.514,0
0.032549306,47.968038,185.68,3361.841,0
0.018275417,44.03086249,207.967,2977.642,0
0.021817721,60.65346974,199.49,3171.976,0
0.026457439,62.56836995,198.458,3629.665,0
,43.97844669,220.057,3700.069,0
0.016274169,49.41201656,215.206,1878.909,0
0.050149041,39.2686589,168.071,2669.486,1
,37.52308366,228.331,2530.914,0
0.024447701,43.66487512,206.967,2862.267,0
0.031999492,40.9797483,209.856,1868.02,0
0.032479698,58.84137902,187.916,2958.311,0
0.03408153,48.0918609,191.983,2879.375,0
0.021769499,52.61957006,193.795,3380.432,0
0.029611125,52.9848207,195.189,3541.552,0
0.028569763,42.40494828,208.928,2662.168,0
0.035462467,45.6511923,202.226,2627.514,0
0.0248081,50.14121237,208.842,3407.962,0
0.012472755,42.92391177,228.94,1886.816,0
0.018919612,36.4465986,213.511,2326.731,0
0.020567535,36.5659597,192.262,3717.908,0
0.023376551,49.32659891,203.465,3182.173,0
0.026147709,39.55263512,219.078,2381.965,0
0.019784696,40.78002045,217.379,3410.54,0
0.017074647,55.1803065,202.68,2580.432,0
0.026545796,54.96720161,186.36,4155.299,0
0.031274118,49.92331105,183.099,4573.504,0
0.033532276,52.74398161,186.861,2776.281,0
0.015701432,34.9674117,230,1556.395,0
0.024558018,61.59124495,193.226,3600.816,0
0.014235712,61.65899171,204.577,3608.09,0
0.027624349,54.77401594,180.443,3667.386,0
0.023887058,64.04821681,195.438,3654.844,0
0.013070496,36.87640751,224.045,2773.73,0
0.02445448,56.35047207,193.397,3434.831,0
0.018410837,44.55402541,210.878,2546.764,0
0.023552898,60.63531275,186.032,4369.944,0
0.0238355,48.13668637,200.692,2674.74,0
0.028586202,54.37726553,174.033,4394.479,1
0.030627172,48.66382001,162.678,4971.987,1
,49.33630244,217.789,2726.1,0
0.027264404,52.62267244,192.347,3332.423,0
0.029141227,42.56579518,200.234,2396.938,0
0.028646455,50.6725403,189.085,4492.515,0
0.014153993,41.02938731,216.277,2550.932,0
,37.99066047,217.347,2061.255,0
0.022141715,38.67401866,214.367,2143.133,0
,42.23434628,208.532,3300.683,0
0.023019239,48.99462838,185.351,3944.559,0
0.031769466,43.37775491,203.007,2851.279,1
0.026382984,32.73813577,202.415,2439.719,0
0.020497265,38.63536751,218.157,2143.407,0
0.007729308,40.05126564,227.706,2671.182,0
0.023358127,41.28010443,213.478,3365.141,0
,39.37177155,194.575,2214.43,0
0.021853409,46.77367546,205.221,2368.926,0
0.022350201,41.88082164,207.137,3867.786,0
0.046622003,36.73338753,182.4,3338.278,1
0.017498022,43.74765355,218.313,3021.702,0
0.032248774,48.37728788,191.781,3371.931,0
0.020930468,60.62880668,191.881,3908.656,0
0.032225745,54.5549366,160.566,4294.444,1
0.034767506,,197.914,2425.39,0
0.020625363,51.0678924,209.938,2577.868,0
0.01750256,40.27933376,211.33,2484.488,0
0.030920533,57.74058092,186.072,3498.936,0
0.0307441,58.98121022,189.335,2524.123,0
0.025266266,59.37802161,174.874,5307.605,1
0.023189694,49.96148309,197.77,3608.863,0
0.029999966,50.3345825,200.579,2403.531,0
0.036600192,49.16404593,191.242,2689.92,0
0.027658862,59.08895012,191.146,3721.645,0
0.035428029,42.15303065,189.335,3186.811,0
,36.59468389,219.194,2078.295,0
0.02411977,51.60514289,201.826,3729.822,0
0.014877087,58.63055608,200.305,3248.478,0
0.027691921,46.00805431,206.901,2932.248,0
0.017845116,37.85522193,214.81,3250.099,0
0.022891832,47.02248135,202.331,3126.357,0
0.023060659,46.80471148,216.143,2616.736,0
0.034972369,41.98780457,187.109,4233.419,0
0.024613764,54.5064657,196.717,3058.96,0
0.02113837,41.24121766,207.923,3804.204,0
0.016716714,52.12900491,203.708,2928.394,0
0.027985756,,206.315,2337.786,0
0.018074503,42.92742583,210.31,2986.512,0
0.016622639,55.18097843,208.759,2565.143,0
0.024918145,65.02588163,191.08,3439.352,0
0.032378881,55.99888408,189.791,3643.994,0
0.038217669,44.08898891,192.493,2752.5,0
0.027320303,37.50415328,197.547,2925.288,0
0.017473494,38.30266937,221.861,2165.862,0
0.029727857,52.804127,181.69,4728.89,0
0.024746434,48.27855276,199.529,2515.348,0
0.034463025,49.36391986,178.201,3448.84,0
0.022041968,42.09576685,204.293,4286.374,0
0.030232099,53.9287724,189.161,4193.795,0
0.015681718,45.10778337,198.22,4410.884,1
0.023762755,43.10890848,209.176,2465.44,0
0.020245877,37.33971859,213.785,2798.304,0
0.019577001,45.88581778,214.881,2507.339,0
0.033182661,50.94722976,196,3128.197,0
0.021689815,58.77894615,200.787,3081.517,0
0.028022889,48.70916764,201.484,3061.376,0
0.037806409,54.1570066,172.392,3477.391,1
0.02950068,57.28786209,194.406,3423.867,0
0.027793541,,213.542,2079.814,0
0.033802919,61.79830228,182.714,3585.896,0
0.021044872,43.19400914,203.788,3183.27,0
0.031356219,28.03554203,201.682,2360.15,0
0.03336754,56.28944487,158.743,6019.278,1
0.01753623,36.96831608,220.341,2467.69,0
0.03385597,49.57206874,186.242,2649.161,0
0.029595854,35.29311127,212.343,3152.749,0
0.026259202,37.33166857,214.346,2498.761,0
0.019573787,,196.92,4203.857,0
0.013110742,45.06556452,223.356,2707.019,0
0.021369401,61.40195547,202.994,2984.685,0
0.022704093,42.08532675,217.334,1932.133,0
0.015975483,53.83978978,207.583,3709.677,0
,45.02699132,200.503,2369.712,0
0.022484829,49.16625004,203.275,3004.966,0
0.021717226,45.56587137,198.547,3191.782,0
0.026720879,44.78243583,201.815,2896.566,0
0.019691331,45.2782832,209.364,2529.666,0
0.02043865,49.98358219,211.468,2811.521,0
0.027318952,56.40723334,197.852,2543.561,0
0.028140353,45.49834164,197.326,2964.559,0
0.02103374,58.25997858,192.721,4013.542,0
0.014274191,60.7720457,201.967,3600.796,0
0.018549206,53.8684117,182.076,4641.091,0
0.025175454,57.4601829,202.894,2873.574,0
0.01867904,58.33513156,208.234,3655.756,0
0.024613852,43.87559201,208.256,2691.714,0
0.030059223,57.81726402,196.377,2799.519,0
0.023040373,34.92511701,212.957,3018.218,0
0.021952442,39.40095809,213.169,2349.14,0
0.027403887,58.33705307,170.357,5446.846,1
,65.1235532,188.303,4586.245,0
0.018845589,57.00038408,199.695,3695.32,0
0.023329147,40.34136544,190.141,3677.674,0
0.036066823,50.79844699,193.8,2965.093,0
0.023130717,51.74400635,189.113,4254.777,1
0.034553531,64.42958907,176.963,4004.886,0
0.017539816,56.92040537,209.929,3336.438,0
0.032184378,52.457014,179.233,4104.945,0
0.030020789,48.47899354,195.458,3396.884,0
0.017502293,33.63553505,215.923,3596.267,0
0.025303556,45.98691682,204.249,2538.179,0
0.018605033,55.78524683,203.313,3679.421,0
0.014747647,43.06716106,203.392,3145.205,0
0.012945703,52.4437934,210.745,3108.634,0
0.033275562,37.92551501,192.747,2681.865,0
0.032816332,46.25519206,199.435,2690.715,0
0.032928389,65.29046489,179.297,4183.12,1
0.017636529,57.279047,198.274,3942.83,0
0.005,51.43325933,214.548,2558.755,0
0.023007519,46.20351212,185.947,4154.056,0
0.028700496,56.19270769,191.963,4567.008,0
0.03714008,46.47574378,170.102,3363.874,1
0.021663741,53.46948282,204.464,3575.319,0
0.027722181,53.41527841,195.544,3806.128,0
0.014846138,51.58867723,208.339,3091.849,0
0.017994176,34.23864803,222.569,2291.368,0
0.028910918,48.4682618,204.076,2648.497,0
0.034062144,59.86278611,178.597,4742.567,1
0.017918408,42.89241219,216.04,2473.055,0
0.028507559,49.29942782,199.589,3647.016,0
0.013974642,66.9721249,195.1,3573.16,0
0.022169261,48.87988745,198.979,3198.245,0
0.020478289,53.5277375,207.337,3326.924,0
0.018596657,55.01670764,207.642,2703.579,0
0.029934709,43.52257485,207.817,2685.167,0
0.036725001,67.58690147,178.571,3679.51,1
0.022414891,63.69822846,185.779,4456.45,0
0.028192668,50.28393889,196.83,3122.917,0
0.022572378,53.09881443,206.253,2973.505,0
0.029919991,55.83942291,173.641,4489.52,1
0.022996261,,196.678,2763.312,0
0.024744202,42.34768282,211.481,2385.498,0
0.023527572,61.91967293,190.297,4222.827,0
0.022523909,46.01045325,197.537,3225.334,0
0.024829007,58.98636035,187.803,3698.411,0
0.014526073,43.70849814,207.684,3198.756,0
0.019402858,51.53835145,202.529,3050.17,0
0.019406027,55.83400841,196.966,3556.738,0
0.023468371,40.54584813,205.071,2573.148,0
0.025285798,60.34220918,188.005,4094.034,0
0.025221796,55.37065022,197.412,3237.246,1
0.012193439,,193.745,3692.974,0
0.020609032,44.1410784,203.283,2598.352,0
0.025059016,40.05740714,215.338,1754.396,0
0.0428976,39.50806238,147.678,4029.272,1
0.025802771,40.79009455,204.504,2967.29,0
0.022820402,57.48648762,202.045,3452.11,0
0.010758766,54.87515783,216.952,3077.298,0
0.024879486,55.8836974,197.208,3513.969,0
0.021619155,51.96056676,203.187,3015.736,0
0.020590093,56.05219641,201.592,3265.502,0
0.029571956,59.37909388,179.143,4242.687,1
,49.18900634,207.264,3796.551,0
0.021432497,61.51081704,198.299,3506.099,0
0.041891668,54.89657519,179.229,3943.143,1
0.021341959,35.77109327,207.002,2992.502,0
0.027020992,43.28614165,203.247,2467.797,0
0.0294753,47.44596812,197.93,2878.289,0
0.039630055,61.63689264,178.874,3238.488,1
0.025774973,38.06457022,213.612,1288.335,0
0.023863614,54.72192626,196.497,3727.84,0
0.024179723,70.99691943,187.624,3612.216,1
0.022895149,29.95088535,205.153,3077.36,0
0.022543445,42.46481551,206.407,2620.413,0
0.02228897,56.85234119,204.005,1982.091,0
0.018456721,52.30906427,212.036,2440.077,0
0.028217513,51.63299723,195.252,3599.275,0
0.024771224,43.63166299,203.558,3066.776,0
,40.20889066,225.858,2685.833,0
0.020977431,42.20102608,207.589,2573.178,0
0.032724291,42.72200745,202.498,2295.209,0
0.025164418,37.18889604,214.144,2357.465,0
0.018385296,52.36018985,206.601,3279.373,0
0.02427823,63.16044507,198.817,3447.618,0
0.01093034,43.91482667,224.985,2058.673,0
0.026117213,44.17681244,186.061,4156.8,0
0.015488067,48.57222842,218.799,2248.279,0
0.026375065,34.92306845,221.051,1948.83,0
0.01624244,53.03871022,201.581,3150,0
0.032034761,49.59698208,202.071,2752.366,0
0.026767447,64.85520281,185.835,3812.242,0
,36.00191639,220.046,2248.831,0
0.018286769,38.99256704,216.88,2843.264,0
0.026016067,56.92268994,193.788,3913.092,0
0.033675729,49.64870637,184.483,3095.92,0
0.022281609,58.56507025,193.714,4207.308,0
0.019922342,55.26076318,201.357,3476.835,0
0.013453871,47.49149675,219.931,2258.514,0
0.024991214,52.67562073,201.372,2812.417,0
0.0171535,54.45930566,199.892,4097.891,0
0.039714956,56.8084893,177.268,3635.374,0
0.019666642,36.67365844,212.249,2398.633,0
0.034522903,40.55195611,188.769,3396.97,0
0.018575511,54.99020724,195.039,3783.996,0
0.042263741,36.99002632,181.924,3236.725,0
0.012681516,41.72066538,218.647,2585.152,0
0.024986986,38.58772784,210.232,2360.222,0
0.029379611,49.33333053,201.399,2966.421,0
,46.17443357,175.049,4572.249,1
0.027924124,42.27926881,200.374,2230.408,0
0.018704515,49.78495859,198.222,2715.278,0
0.01887589,51.30706505,195.813,2766.005,0
0.019077193,36.84965333,213.697,2312.11,0
0.036709779,38.1697604,204.136,2040.738,0
0.037111786,48.20042436,178.854,3346.441,1
0.020591292,53.64916058,207.168,2455.562,0
0.037091529,56.73185416,171.021,4420.128,1
0.035051081,52.30845135,189.827,2880.149,0
0.034921632,,208.044,2147.624,0
0.031347166,51.09439121,192.26,3931.969,0
0.021493212,48.81264903,205.971,3280.532,0
0.028370471,43.19752993,180.837,5807.304,0
0.018271983,61.67491293,201.923,3815.591,0
0.026273579,46.11311839,199.5,2890.025,0
0.030032599,50.23276559,180.085,3359.378,1
0.025188893,57.02438383,184.536,4160.344,0
0.034148935,61.42665967,193.78,3259.144,0
0.039102134,40.12144413,189.732,2548.142,0
0.011515197,45.48559351,203.75,3099.114,0
0.016753636,53.70197354,209.91,2823.054,0
0.031937085,51.74769866,198.228,3039.482,0
0.023955365,55.17595062,202.181,3495.181,0
0.021824649,46.28432526,211.455,2520.402,0
0.009388659,54.12738159,216.615,3711.448,0
0.035619339,63.10445008,147.15,5511.56,1
0.027339389,64.12267347,182.9,3801.907,0
0.026851918,61.00117269,185.39,4042.582,0
0.017678957,46.37233092,195.726,3696.575,0
0.025069006,51.82906165,205.8,2900.055,0
0.019621865,56.06642256,202.764,3282.93,0
0.024085781,39.1134977,212.223,3707.331,0
0.023073202,57.0711967,189.483,3680.155,0
0.026164637,31.93433346,219.855,1401.12,0
0.030498604,54.77547097,190.497,3919.764,0
0.016900026,56.97471245,199.289,3404.053,0
0.030742316,59.59586562,192.509,3336.886,0
0.020777252,54.10309627,201.119,3248.772,0
0.024756607,50.74663851,189.649,3790.392,0
0.023705319,44.27795922,211.24,2868.838,0
0.026921919,48.09976734,179.629,4260.966,1
0.01610193,46.81332788,203.213,3497.13,0
0.015205808,71.0423123,190.963,3263.154,0
0.030026718,61.74304554,187.525,4060.476,0
0.027038867,34.61871026,207.989,2359.611,0
0.029658462,54.57176981,193.097,3825.136,0
0.034822674,43.79692103,198.25,2724.835,0
0.01146301,50.55738996,212.438,3013.374,0
0.020555901,39.17892746,205.776,4200.048,0
0.036091998,44.42222378,192.309,3144.85,0
0.017077889,41.8614393,223.164,2686.684,0
0.014949244,48.25640589,210.766,2247.753,0
0.023456285,54.4648716,199.087,2910.962,0
0.017230521,38.63025447,220.126,2772.291,0
0.025916804,60.72509396,195.73,2835.218,0
0.024961634,54.7452982,193.152,4000.478,0
0.027909973,54.23460289,181.14,5231.225,1
0.029182053,54.85714079,178.853,4856.102,1
0.021905486,49.38949389,204.522,3486.259,0
0.02736418,64.94165649,174.392,4426.923,0
0.022886878,47.56951272,200.937,3724.359,0
0.021485561,53.84836144,204.325,3791.599,0
0.023814701,,199.296,2715.968,0
0.016881768,59.46941966,202.401,4304.04,0
0.030005571,60.96483886,184.414,3862.128,0
0.029604349,35.12792467,215.521,1635.065,0
0.01710875,46.89835093,200.955,2913.832,0
0.023488038,56.16810048,195.392,3818.575,1
0.022852913,54.60530306,197.135,3725.44,0
0.021407531,46.48968155,202.442,3498.574,0
0.021457852,50.10647349,202.099,2557.621,0
0.045603074,67.61262878,169.911,3887.765,0
0.020626526,53.20485149,207.626,2997.444,0
0.024359107,60.09941911,192.924,3586.573,0
0.029967215,49.89303432,186.373,3655.203,0
0.024734217,46.63653991,195.368,3059.513,0
0.020654984,46.4825353,211.693,2833.35,0
0.02672426,67.10331658,188.494,3649.521,0
0.025620626,58.89612647,177.307,3964.455,0
0.035246336,72,181.705,3746.561,1
0.027954558,36.13594919,210.624,2009.808,0
0.034534111,48.94650893,197.892,2943.102,0
0.012017989,51.19376247,216.658,2492.807,0
0.016220686,51.86985421,217.94,2951.522,0
0.0154911,39.29958181,206.12,4292.345,0
0.0319193,44.99312913,193.165,3106.34,0
0.018366344,43.01797267,212.433,3106.753,0
0.030526528,54.12809602,191.499,4365.269,0
0.024575468,54.11032046,200.343,3388.174,0
0.02829212,41.30634901,206.216,2966.42,0
0.022879542,36.85932197,199.873,3398.821,0
0.024362159,71.58800466,183.143,4072.015,0
0.024797191,47.40305773,202.172,3180.135,0
0.031544682,50.88634475,190.406,3359.038,0
0.019236115,49.55231961,216.508,3076.728,0
0.023896122,62.37969461,187.747,4088.911,0
0.013225642,38.07815729,222.204,2502.07,0
0.014945561,69.01499168,197.402,4208.641,0
0.031667779,51.66167415,187.675,3803.011,1
0.020849136,51.34693579,209.561,2600.685,0
0.02882203,47.24668813,202.554,3182.876,0
0.021392029,54.88316824,189.033,4026.709,1
0.021338782,60.21830468,203.861,2785.582,0
0.012788883,44.5047361,194.812,3868.317,0
0.02592789,43.16272192,213.217,2268.613,0
0.023337007,37.58516906,196.203,3732.122,0
0.025874362,59.19822361,185.408,3534.154,0
0.028246893,53.97905235,194.424,3756.438,0
0.023101289,45.03393544,196.54,3849.106,0
0.014461425,38.33544001,222.64,1732.955,0
,52.45006807,198.313,2396.795,0
0.028759838,50.45746842,194.37,3016.976,0
0.013143122,57.35546928,209.682,3086.519,0
0.023487815,47.59741035,201.889,3569.001,0
0.018676884,37.95291046,216.08,1770.363,0
0.02875943,53.32387278,193.335,3291.113,0
0.017251738,55.42273809,207.185,3097.608,0
0.020076111,51.48016812,198.768,2823.044,0
0.020390926,43.67726419,204.319,2712.212,0
0.027831347,40.29196606,181.677,4363.926,0
0.022192748,47.05665967,215.631,2884.137,0
0.022693887,64.2069378,162.707,5454.558,1
0.03518908,42.34416508,200.81,2218.001,0
0.023679689,51.30101165,206.047,2240.572,0
0.020241426,44.48756688,203.613,2301.726,0
0.025609803,46.27308807,205.852,2592.714,0
0.035029755,47.38030947,185.658,3715.226,1
0.018661247,45.10855827,204.215,2806.657,0
0.013431893,63.88350306,194.263,4431.907,0
0.024253091,48.04486013,205.018,2467.407,0
0.018991023,62.68928234,191.68,3905.317,0
0.022716738,42.067564,202.525,3177.955,0
0.030668648,46.37777559,207.438,2090.549,0
0.031562404,36.11277108,199.616,2517.457,0
0.035770818,51.42439059,190.605,2847.116,0
0.025089361,49.4499187,209.167,2653.395,0
0.023103756,50.87938286,198.738,2869.275,0
0.022890254,28.72962956,215.095,2482.156,0
0.024060783,47.68346208,200.929,3393.091,0
0.028741139,61.8868955,186.647,3134.387,0
0.005519166,58.66623621,216.071,3347.701,0
0.033674412,53.68832057,191.619,3057.311,1
0.021954782,53.21864461,194.487,4094.255,0
0.023907485,55.64111387,188.556,3968.714,1
0.01538077,42.35231381,226.445,2870.205,0
,49.85389343,193.207,2693.29,0
0.023442187,51.62663331,200.31,2995.014,0
0.017779458,58.23153702,205.64,3567.415,0
0.033064691,50.89751974,181.318,3108.446,1
0.028382969,41.33850723,191.831,3469.356,0
0.024759289,55.28655035,202.312,3545.645,0
,55.3696522,178.854,3904.197,1
0.020807307,45.42904071,203.661,3042.316,0
0.031531602,34.07018225,196.265,4125.861,0
0.014400884,46.89383374,209.621,3085.537,0
0.013215398,53.67364602,219.532,2774.266,0
0.031418761,43.48795407,198.773,3052.672,0
0.026512848,54.93361756,187.021,3715.287,1
0.021711815,58.26283362,203.464,2891.188,0
0.022588397,57.45159959,199.173,2586.632,0
0.029728589,67.98248297,192.225,3081.668,1
,54.23164539,187.483,3637.694,0
0.023737035,45.61930835,180.512,4762.196,0
0.022103188,52.07957796,190.435,4487.436,0
0.026128749,44.82071255,200.176,3645.911,0
0.034174552,56.63986782,196.366,3038.681,0
0.028891723,34.99469593,196.603,3177.092,0
0.016876787,44.59066756,219.039,2711.9,0
0.0344777,48.75595559,200.779,3276.55,0
0.014108313,48.93100281,216.78,2559.462,0
0.025743255,49.33936339,195.881,4033.737,0
0.017850523,51.34836727,199.316,3393.56,0
0.026179145,,183.595,4828.176,0
0.018448969,54.1735115,209.514,2679.269,0
0.027811316,61.71187873,182.338,4548.611,0
0.034398535,45.17302765,203.75,2708.063,0
0.012370803,58.50379607,197.584,4647.527,0
0.02791257,51.2044627,193.795,2758.815,0
0.016804398,52.15085915,210.93,3567.758,0
0.030596913,51.69819351,192.616,3292.341,0
0.018775874,58.87955632,205.974,3238.457,0
0.015040609,55.25501574,205.743,3758.86,0
0.018045495,55.5854692,194.092,4261.186,0
0.025037601,,193.145,4397.242,0
0.03792297,58.0442298,180.875,3403.168,1
0.017819539,47.52378177,212.949,2276.913,0
0.023961639,42.83360812,186.597,3568.635,0
0.021890121,,201.01,3198.831,0
0.024543464,48.40783574,203.846,3278.134,0
0.020241516,35.94596015,217.823,2943.31,0
0.028900979,62.27903454,180.14,3247.744,0
0.031893754,59.06056789,171.188,4919.942,1
0.017213912,51.65143253,212.792,3228.273,0
0.028292914,52.50125827,207.502,2421.071,0
0.017251343,47.47286085,204.71,3262.464,0
0.015805851,43.61880985,213.831,2593.986,0
0.020901219,37.71258244,210.896,2479.872,0
0.020079775,56.18038277,202.624,3569.628,0
0.023617974,43.59517673,208.079,2576.747,0
0.025364778,45.97251628,202.919,3101.359,0
0.03064477,51.77589971,191.183,3764.983,0
0.02557321,56.61642198,194.495,3924.33,0
0.042052861,41.77886261,181.106,3294.814,1
0.025281585,63.1034214,187.362,4506.176,0
0.020200753,50.6031871,201.297,3176.011,0
0.021921276,63.27498375,194.144,3957.578,0
0.023068089,46.2701321,208.773,2313.882,0
0.021584508,48.69128015,193.574,3856.046,0
0.024984545,63.118322,186.231,3668.53,0
0.031317524,62.81627371,181.122,3859.918,0
0.020862902,64.92549268,191.042,4449.215,0
0.020064288,59.53244085,199.368,2741.27,0
0.032694267,46.33496017,196.333,2852.248,0
0.013580822,45.97283461,211.045,2848.536,0
0.024676735,47.20610608,213.206,3019.275,0
0.016672894,54.98151382,185.456,4694.426,0
0.045307827,52.18145919,178.2,3405.083,1
0.010102353,41.30316776,226.317,3058.19,0
0.030255015,51.18663928,190.37,2837.254,0
,55.29704146,189.043,3586.48,0
0.022889591,30.08609092,214.026,2096.288,0
0.026181114,54.41339821,192.615,4261.206,0
0.037918247,56.33383433,176.912,3067.056,0
0.019911193,48.06929966,200.496,2475.928,0
0.012746764,52.75507237,214.296,2952.894,0
0.017190262,55.14251498,199.436,3431.865,0
0.021819747,46.44167891,203.717,2422.681,0
0.028461753,43.87169936,202.896,2818.131,0
0.024510672,,207.27,2623.161,0
0.019496656,45.291907,202.061,2813.371,0
0.023652675,56.7848155,191.818,4233.974,0
0.023778458,56.67428336,204.377,3391.176,0
0.033796966,64.55708394,164.822,5299.283,1
0.030270915,53.61382909,191.959,3959.827,0
0.02329724,46.24388685,208.176,3577.431,0
0.019199852,58.48968075,199.733,3838.833,0
0.016774299,37.31054581,211.773,2371.716,0
0.023800139,47.96649965,182.203,4198.104,1
0.031794865,50.21253456,192.646,3060.412,0
0.034984796,51.4626831,186.069,3208.139,1
0.020657632,64.27366473,198.386,3303.924,0
0.026824498,54.17833365,199.03,3586.341,0
0.041395297,45.05306581,167.264,4774.992,1
0.027813299,63.74949823,174.14,4411.512,0
0.030221659,50.15685394,198.495,2904.156,0
0.014449786,57.26883347,207.562,3382.776,0
0.028862384,31.30132534,207.309,2480.028,0
0.017117754,,205.792,2836.548,0
0.014772155,54.27832516,203.941,2944.957,0
0.029179362,48.23720406,198.679,2134.175,0
0.019462392,41.5029262,206.393,3048.316,0
0.032075024,54.15860317,188.482,2881.037,0
0.03182147,37.02649866,207.521,2134.248,0
0.031701885,57.94057708,191.998,2965.152,0
0.032128056,50.76903851,198.556,3180.1,0
0.016952368,51.87597573,204.331,3785.42,0
0.020947453,40.29992856,205.868,2749.882,0
0.028589429,48.41393789,196.811,3053.42,0
0.031585067,57.04469561,197.137,3008.081,1
0.020983973,57.1164847,187.453,4004.576,0
0.028355218,35.43407506,213.15,3049.733,0
0.01365461,51.54093086,207.241,2959.269,0
0.032117701,,176.415,4549.848,1
0.021595448,50.64377164,200.977,3339.04,0
0.024161328,48.68908029,200.557,3041.344,0
0.015808683,62.21211359,197.561,4101.357,0
0.038587437,52.2426134,184.43,3597.001,0
0.016942634,44.24450385,222.356,2609.52,0
0.014596938,53.78226757,209.342,3401.958,0
0.024957748,62.55102059,196.693,2281.989,0
0.021219831,44.08489235,212.728,2494.773,0
0.023986817,34.5351882,215.609,3457.515,0
0.023999412,68.12494328,186.125,4038.113,1
0.021168487,50.8031489,205.1,2508.046,0
0.031298004,46.83185839,192.727,3448.557,0
0.021760283,53.73378928,197.036,2874.025,0
0.026543156,47.19394511,199.74,2668.846,0
0.028969264,36.08500219,208.691,2673.227,0
0.024259121,57.50428878,195.207,4232.324,0
0.014654318,46.45874258,220.459,1837.508,0
0.029400785,46.0066311,174.52,4104.935,1
0.033012128,45.82664977,189.605,2725.288,0
0.034020941,51.73225831,190.515,3491.219,0
0.035027799,56.23870077,185.77,3679.495,1
0.037539352,58.37603704,185.703,2765.662,0
0.011217448,47.98936155,208.115,2927.579,0
0.014040553,51.9094632,209.189,2634.562,0
0.023339457,33.92713199,208.015,2531.526,0
0.022661684,51.71480528,192.841,5991.313,0
,50.08914335,204.364,2673.161,0
0.026948129,53.63559854,168.338,5439.627,1
0.01346398,54.15099054,212.391,3057.936,0
0.012700303,54.39366708,197.114,3237.303,0
0.019894504,60.4990659,201.575,3371.733,0
0.022055274,53.28352793,201.46,3494.737,0
0.016915907,51.39623861,202.99,4019.875,0
0.027031376,49.16532878,200.187,2538.31,0
0.025440177,49.57864848,183.563,3962.934,1
0.025009053,36.7299635,210.356,1843.645,0
0.020436756,47.29864983,204.529,2847.653,0
0.024243663,41.30372225,198.722,3674.797,0
0.025744707,46.89863873,200.954,2907.157,0
0.024080507,37.46194276,197.449,2954.431,0
0.021924523,46.35981893,202.962,3347.212,0
0.029863589,37.86521068,205.116,2447.205,0
0.025215388,,185.143,4219.97,0
0.035504851,41.94145452,191.646,2628.609,0
0.018571335,53.62849256,199.125,4056.762,0
0.005,45.08111953,218.414,3330.897,0
0.017832691,40.9675373,209.876,2637.662,0
0.02617252,,198.547,2956.017,0
0.025107804,42.60536175,203.183,2276.867,0
0.023077145,53.22225971,207.371,2290.735,0
0.028144816,45.45737313,209.286,1999.461,0
0.016488364,45.99624263,215.016,2579.732,0
0.025320393,34.78518765,205.588,2988.126,0
0.034460272,43.26321112,195.371,2576.562,0
0.01676421,56.19909502,199.726,3971.28,0
0.022321205,51.59928953,206.403,2266.505,0
0.018813575,57.11890275,204.31,3928.194,0
0.015892297,55.62653596,203.352,3628.079,0
0.018349831,30.90756846,224.743,2266.45,0
0.033069288,51.62599127,184.269,3572.736,1
0.026127206,43.57383929,198.799,2765.358,0
0.020684996,47.89714761,197.518,3855.465,0
0.016012904,59.83974007,201.701,3236.442,0
0.031568048,44.85852425,193.64,3571.789,0
0.026744805,59.57141786,190.891,4066.457,0
0.026765341,,200.844,3348.528,0
0.026725609,38.40548084,210.063,2263.983,0
0.025197709,56.53385178,194.771,2870.088,0
0.021169489,53.21932598,194.497,3159.22,0
0.040593419,63.48280664,171.795,3911.746,1
0.033842527,51.99445104,188.476,3489.774,0
0.023431616,49.21187962,195.453,3824.854,0
0.024354343,51.60980456,205.375,2804.979,0
0.019727468,47.29739201,208.732,2345.312,0
0.026665773,49.2811437,200.444,2886.515,0
0.024639282,55.54075874,202.52,2774.761,0
0.016734904,39.00668062,227.053,2831.284,0
0.037843118,46.8024216,162.158,3915.24,1
0.027858923,48.97349614,196.457,3173.301,0
0.022322459,,186.555,4076.743,0
0.026652068,35.90700408,188.117,5040.35,1
0.023241804,45.48936154,178.69,5156.913,1
0.020501604,46.22732008,210.216,2954.602,0
0.011051965,42.4793108,195.935,4427.799,0
0.026702794,43.90342666,200.796,2557.57,0
0.020374257,33.95806308,220.885,2122.258,0
0.026414545,53.66582943,195.28,3179.231,0
0.027566312,48.76178495,196.502,4158.596,0
0.018482384,40.83983096,209.494,2208.282,0
0.018841827,44.73406086,203.084,3195.866,0
0.027285867,60.61216373,175.712,4557.17,1
0.036313637,50.63614526,187.318,4047.643,0
0.020388133,52.147103,209.162,3131.127,0
0.022029133,43.85068268,203.342,2782.325,0
0.022069073,52.75404846,202.497,2663.328,0
0.018011822,63.96640987,196.57,3472.34,0
0.032660392,44.55383658,204.625,2714.11,0
0.028194593,52.51026456,187.798,3276.184,0
0.013477934,52.77394887,215.029,2696.765,0
0.025888888,48.10095151,196.897,3603.041,0
0.020867446,44.57330245,214.59,2869.642,0
0.021616672,47.20194513,201.428,3262.889,0
0.028966328,52.25861513,191.428,3596.774,0
0.02684753,50.17986503,190.932,3271.147,0
0.031299946,53.3167046,187.708,2822.885,0
0.034728359,46.38651932,189.299,3474.294,0
0.013659008,48.43011244,214.529,2843.91,0
0.017850181,,207.83,2528.59,0
0.018938413,41.43828088,220.562,1287.423,0
0.032887495,39.95029624,193.452,2262.284,0
0.030650701,56.668913,185.143,3754.396,0
0.027950458,39.19301041,206.392,2470.868,0
0.011431237,44.74570368,214.177,2876.983,0
0.024198275,48.35153809,202.478,3099.197,0
0.009238837,50.34116831,220.514,3047.883,0
0.018943275,57.32141246,194.855,3330.944,0
0.023765951,45.1669688,207.576,3308.524,0
0.016454611,50.73709641,210.981,3313.487,0
0.032754639,45.62232293,196.264,2885.758,0
0.016464756,49.8591929,214.013,2491.371,0
0.023335211,64.30523909,204.966,2752.417,0
0.016977933,54.4584449,196.156,4371.745,0
0.02950503,45.55797705,188.219,4255.231,0
0.027132735,62.31202188,191.483,4218.847,0
0.020975282,49.28778381,203.149,3077.327,0
0.019149011,63.67089626,184.933,4046.59,0
0.021049242,30.03496856,218.376,2477.699,0
0.030478058,42.57861552,195.938,3711.497,0
0.031366529,44.57185683,188.683,3193.304,0
0.02785585,48.78447878,202.486,2603.509,0
0.020562124,61.08407924,193.78,3393.001,0
0.028177319,54.26391428,185.518,4067.742,0
0.028307291,58.27137203,185.114,3373.187,0
0.030306281,37.35158122,204.748,2454.653,0
0.034275608,31.92822011,198.994,2380.679,0
0.028550861,59.10717572,192.923,3338.506,0
0.016273874,58.17375105,195.168,4304.54,0
0.021994653,55.76132368,195.147,3381.047,0
0.032479724,50.76713755,187.924,3128.313,0
0.031798849,48.71138974,201.553,2680.235,0
0.014793738,50.18910088,216.403,3011.746,0
0.015798933,40.96329986,205.518,3231.088,0
0.0319934,47.18414807,200.359,2377.709,0
0.029340248,44.92238317,204.837,3235.551,0
0.015118289,50.57164163,197.203,4346.677,0
0.026111108,56.52594054,191.486,2834.955,0
0.030002806,60.34946033,190.683,4237.489,0
0.031831907,61.82227212,165.504,5194.054,1
0.021813756,65.06846424,184.007,4282.471,0
0.020716828,66.47784492,187.928,4496.321,0
0.017125076,56.52901609,202.737,3305.946,0
0.026692995,51.05454096,183.676,4650.962,1
,60.75443048,201.482,3674.703,0
0.024435793,51.80345113,198.77,3264.518,0
0.009807732,52.22013757,220.683,2716.241,0
0.007281842,38.44219696,225.989,2431.144,0
0.033757049,56.25072925,174.754,4466.171,1
0.010392521,66.36182441,211.131,3069.102,0
0.033484307,43.63632579,207.508,2389.127,0
0.024643194,60.56571577,189.113,3465.474,0
0.02942593,46.69170021,199.56,3521.914,0
0.02848472,,194.416,3154.998,0
0.022996055,44.26319615,206.583,3173.777,0
0.008281752,59.37546882,210.763,4384.052,0
0.018763549,50.30279667,203.593,2881.701,0
0.033603959,53.84554639,181.688,3928.727,0
0.022709678,47.33506192,205.707,3125.071,0
0.029348393,37.38945318,206.706,2451.956,0
0.022636688,51.29291696,195.75,3316.513,0
0.030770211,64.13201661,173.812,3726.824,1
0.021434494,60.06941862,192.182,3289.661,0
0.018430678,50.70429168,213.511,2358.045,0
0.02173449,53.09828287,178.326,5019.38,1
0.020358152,52.82111955,204.96,3119.956,0
,50.87572887,190.796,3224.594,0
0.014780071,32.26810484,230,2074.944,0
0.024574835,47.36918227,202.006,2727.694,0
0.040537206,42.35194944,165.278,2804.693,1
0.026283856,54.15402461,194.831,3758.11,0
0.025502609,63.17477706,191.664,4044.438,0
0.015929844,47.25714025,215.814,3350.941,0
,54.94935448,185.211,3334.504,0
0.031999932,46.46192376,199.789,2659.244,0
0.018049641,46.98422271,208.939,3493.206,0
0.022269418,53.48491437,179.628,4430.221,1
0.033934088,36.85899055,204.636,2629.665,0
0.018536671,46.83409707,202.787,3634.721,0
0.01570731,53.1026155,200.068,3473.812,0
0.011772207,60.54416705,198.389,3209.891,0
0.028278781,49.05726292,201.836,3727.077,0
0.026377033,58.59266513,198.848,3352.006,0
0.010690865,37.12439952,224.118,2524.326,0
0.030640151,42.9847366,196.962,2689.665,0
0.022614047,53.19543211,193.477,3354.164,0
0.023949247,58.38977705,199.873,4234.24,0
0.028936581,55.44570454,185.875,4317.837,0
0.021764455,32.49563937,222.432,2421.43,0
0.031260765,61.77077669,176.75,3426.791,1
0.020705548,41.17634585,209.049,2783.104,0
0.023569318,47.50624188,199.586,3649.886,0
0.02627032,63.98641423,193.515,3771.139,0
0.027943066,49.97841136,192.668,3168.735,0
0.021830393,44.20111042,207.713,1883.687,0
0.021402863,45.04947462,205.687,3417.064,0
0.026943066,48.73082231,200.823,2932.07,0
0.017098024,54.16332063,211.255,2817.078,0
0.028952812,51.6920296,187.192,3265.424,0
0.033398981,55.97280497,189.233,2889.793,0
0.020879749,47.34126298,212.849,2483.502,0
0.024950432,51.6054734,199.803,3439.708,0
0.032249156,53.46199009,180.562,3620.428,1
0.027631833,46.72750241,197.253,3727.903,0
0.027816412,46.89846013,188.159,3076.106,0
0.015698679,35.07010774,216.822,2370.919,0
0.033002892,54.12186024,188.708,3512.442,1
0.026457934,54.66802941,199.536,3058.153,0
,42.50341963,214.708,2866.494,0
0.014837435,45.29423842,207.614,3309.902,0
0.028007261,39.41380183,213.899,2413.972,0
0.027844105,,199.707,3076.234,0
0.01639739,51.00991775,210.514,3478.419,0
0.018704862,48.00225788,203.598,2678.397,0
0.033636401,34.7881717,199.737,2388.812,0
0.011670032,48.6761484,219.232,2763.557,0
0.01874344,51.67362541,202.856,3321.082,0
0.024862774,47.11403986,206.037,3440.755,0
0.03054218,46.24243893,187.435,3638.047,0
0.024030824,56.22353195,194.545,3422.162,0
0.019174894,47.62566835,206.883,3208.355,0
0.015355303,59.36289379,208.647,2992.548,0
0.007000665,57.22518749,211.532,3819.143,0
0.021904558,32.54993935,225.188,1771.758,0
0.024571747,62.50810057,186.831,3918.333,0
0.031847213,45.6961877,205.806,2903.147,0
,39.71751481,204.594,3348.401,0
0.016755514,54.60623778,197.649,2773.156,0
0.019994773,62.7241419,204.756,2691.881,0
0.0225311,55.36461855,199.307,3145.884,0
0.014565308,61.23476616,211.94,4034.587,0
0.013741944,47.96189315,202.182,3686.223,0
0.03007429,43.67821464,203.118,2505.983,0
0.015121544,61.64651682,207.469,3161.881,0
0.01340674,40.87451749,220.131,2473.948,0
0.030757919,58.13032559,192.924,3475.925,1
,50.38707154,201.511,3011.818,0
0.025196172,29.31822552,222.925,1757.968,0
0.030303163,54.08586563,198.738,3003.565,0
0.031010563,51.01512583,199.375,3559.696,0
0.034810148,54.39834138,186.96,3658.248,1
0.02614377,42.41158486,197.407,2933.337,0
0.026858102,49.86767958,191.244,4218.637,0
0.013885308,49.58642274,215.428,2778.9,0
0.021194355,37.98441028,217.445,1944.926,0
0.029947912,48.05124423,194.127,3502.472,1
0.036336454,53.20205997,170.57,3764.611,1
0.009637201,41.76570542,216.113,2385.582,0
0.022108139,56.71466607,210.612,2903.842,0
0.029934977,54.49867363,176.336,5056.487,1
0.011955855,66.6564581,207.09,3592.643,0
0.030659566,43.81622232,205.25,3239.662,0
0.033950847,52.6151475,185.316,3679.088,1
,37.62719917,209.239,2560.163,0
0.019623266,36.71343153,211.533,2620.021,0
0.021023934,59.55134868,185.341,4642.272,0
0.026814426,65.32452521,173.827,3956.883,1
0.023332587,47.69881666,203.531,2560.067,0
0.014676535,54.64178038,200.533,4201.607,0
0.021346344,57.71063252,206.224,3594.751,0
0.031937538,42.2646875,198.202,2254.653,0
0.029924097,60.92471621,186.354,4045.2,1
0.027965464,51.94083876,186.425,3924.14,1
0.0315795,71.06952319,183.993,4256.609,0
0.035953302,51.39419296,182.958,2741.03,0
0.030283428,42.6634879,199.855,2916.099,0
0.015167606,,203.389,3530.001,0
0.014693987,35.61555646,224.041,2135.547,0
0.036422877,44.37305159,192.245,2097.532,0
0.028460936,43.52160979,191.801,3266.976,0
0.032972021,48.20734666,191.41,2829.379,0
0.023520894,59.21167465,196.114,3384.473,0
0.026012311,70.08678085,183.435,4177.152,0
0.03314396,38.01738027,209.08,1866.529,0
0.036160322,49.71548049,183.462,3501.491,0
0.038721707,48.69107414,178.841,3005.294,0
0.031098909,45.33228187,196.396,2695.344,0
0.025130223,55.84012261,187.295,3925.619,0
0.016243081,48.95631936,220.304,2371.9,0
0.020697111,59.71924543,197.551,3370.819,0
0.035371828,47.38144363,177.626,3261.378,1
0.036271796,52.4298008,191.825,3556.296,0
0.029300547,,192.988,3359.862,0
0.021628263,,189.396,4452.529,0
0.011071809,40.73541426,222.888,2755.52,0
0.041659232,53.97022823,170.025,3554.748,1
0.022850825,39.89134459,209.465,2481.188,0
0.028456889,46.49721146,189.598,2511.477,0
0.028171635,61.37372803,186.698,3539.396,0
0.033487002,47.70926894,197.889,2558.268,0
0.026479392,46.39714122,210.793,2660.655,0
0.020547612,52.1021625,208.797,2751.396,0
0.029411907,45.76591328,196.737,2959.149,0
0.034316961,62.46550511,171.862,4579.304,0
0.020182175,51.42608362,214.565,2515.36,0
0.020887387,44.52218811,206.76,2970.597,0
0.031151969,57.18609346,192.123,3967.289,1
0.023180395,63.47303397,191.7,4404.389,0
0.015063594,55.29605835,211.103,3538.901,0
0.009354061,41.69700585,225.684,2230.221,0
0.02114941,41.34417101,207.062,3011.661,0
0.033592211,,177.226,4243.867,0
0.029036274,54.91993968,193.248,3466.497,0
0.014714782,52.83533882,203.635,3021.747,0
0.024313706,41.87901087,208.497,2774.105,0
0.025806508,36.86624792,212.358,2474.693,0
0.017652163,33.39591687,217.874,2079.595,0
0.037410973,51.13493964,188.027,3877.004,0
0.018046429,40.25151024,213.323,3233.528,0
0.034188833,50.64664356,186.942,4375.73,0
0.018873887,43.55574868,205.693,2289.579,0
0.031283992,49.58701372,201.051,3984.768,0
0.01725877,71.11626379,198.966,4601.872,0
0.026672068,53.66871573,195.881,2719.113,0
0.014060155,49.78211102,206.825,3324.858,0
0.016234013,53.82186134,210.443,3264.566,0
0.025495954,61.20884112,184.052,3972.409,1
0.026184879,46.22491769,187.717,4146.786,0
0.0232464,54.87414324,202.471,3486.93,0
0.02655412,53.52495446,200.407,2590.628,0
0.02534647,47.57844365,205.567,2990.51,0
0.028549218,56.73125814,194.96,2251.376,0
0.019595311,61.12078047,201.753,3579.353,0
0.028063384,57.27964928,187.891,4040.688,0
0.01695569,56.34479556,198.68,3368.494,0
0.036608783,66.95468901,180.824,3576.034,1
0.025025778,53.24387669,190.599,4225.368,0
0.025128816,53.20770862,208.327,3218.053,0
0.016038696,45.05041904,213.578,2745.145,0
0.014521528,45.73069911,209.339,2414.889,0
0.038022377,43.28602451,187.758,3298.788,0
0.024925747,,205.761,1962.255,0
0.012598199,50.63818095,217.423,2347.951,0
0.022495469,55.87513014,189.677,3146.551,0
0.029932936,38.22076793,201.449,2250.913,0
0.018425382,37.28042646,206.384,2214.08,0
0.02377434,50.81270192,200.743,3075.115,0
0.026431409,54.77031886,188.074,3652.457,0
0.023834312,54.07662822,202.451,3316.743,0
0.022683824,43.63716505,208.09,2723.89,0
,49.70245111,213.33,2636.839,0
0.01956678,48.87144862,203.219,3256.772,0
0.040327157,39.57253158,194.063,3308.037,0
0.037450216,48.590929,198.457,2465.989,0
0.01086769,50.9050696,202.12,2729.107,0
0.022933071,52.82261625,199.682,2854.612,0
0.020244282,40.73063134,201.246,3210.06,0
0.033691348,48.2326135,180.323,2920.587,0
0.028536017,44.11501,197.771,2660.724,0
0.02995496,51.13336035,194.501,3494.179,0
0.032821884,46.39639142,201.639,2750.928,0
0.021341586,56.3953308,200.702,4051.59,0
0.028559716,53.99144794,191.783,3975.228,0
0.027862721,48.06631364,189.828,3633.786,0
0.014475031,50.54439202,212.768,3258.38,0
0.022423488,61.31614866,194.768,4064.55,0
0.02651843,58.01618181,193.396,3612.978,0
0.022406791,51.74499313,203.935,3238.732,0
0.0191158,43.55922957,216.474,2055.874,0
,53.90433685,202.142,2831.529,0
0.018825273,47.40280147,212.839,2443.557,0
0.025833132,54.58326147,189.563,3946.023,0
0.0273443,39.21897018,205.478,2306.274,0
0.016798254,46.78584139,212.236,2530.837,0
0.030510854,43.80670305,190.132,3812.928,0
0.01932871,55.09803282,201.884,3944.137,0
0.022867036,46.33315051,204.633,2874.802,0
0.028938265,39.98892905,202.904,2359.847,0
0.016215795,47.2946753,213.203,2971.965,0
0.027578118,61.85725222,189.257,4337.593,0
0.02369247,57.66373296,199.342,3320.869,0
0.013031625,46.77263595,198.917,3179.066,0
0.025774879,47.8608378,200.801,2981.079,0
0.021722726,39.83479993,213.311,3141.683,0
0.041119039,,177.775,3359.216,0
0.022641304,57.79635272,197.961,3392.77,0
0.025073096,49.28053755,200.44,3287.798,0
0.029981711,48.3328486,199.227,3306.416,0
0.018389371,,204.589,3252.711,0
0.031527469,55.88036513,190.972,3722.976,0
0.017272484,52.50794712,199.678,3330.012,0
0.032082687,52.01187309,183.933,3378.636,1
0.029801283,40.48953031,212.87,1859.959,0
0.018997302,46.65403462,213.493,3186.511,0
0.022539747,57.08322557,187.661,5140.868,1
0.028611281,58.67584718,193.751,3791.879,0
0.005852036,37.34689931,230,1855.746,0
0.01740164,50.83906679,211.434,2877.009,0
0.019796067,57.09445263,203.631,3646.771,0
0.02563565,46.39515776,205.249,3330.186,0
0.031113553,46.9608332,200.283,2709.702,0
0.026303623,67.08715346,167.642,5333.058,1
0.015322566,49.43610547,203.482,3108.931,0
0.014476643,51.68202439,212.195,2770.598,0
0.023924763,50.13279231,203.937,2896.535,0
0.02140546,43.46392918,213.088,2401.067,0
0.027887393,62.65815591,186.094,3731.928,0
0.035158251,39.91788663,194.566,2579.545,0
0.03600396,58.20475252,169.392,4462.28,1
0.024937778,43.79645894,202.031,3083.854,0
0.020976136,64.50006951,188.063,3770.519,0
,36.94806096,221.146,1857.239,0
0.033551259,49.04882563,194.088,2599.235,0
0.025541744,42.60032866,203.803,3021.85,0
0.038610124,61.20871956,175.768,3665.239,1
0.041193692,49.98817912,173.527,3813.585,1
0.019798146,58.7194162,196.049,4070.275,0
0.027954021,42.93259295,197.042,2801.647,0
0.02867593,39.5291722,206.677,2805.978,0
0.024801536,46.64251046,194.597,2841.843,0
0.036842062,35.95626553,209.355,2142.49,0
0.005,55.38647173,212.039,3371.251,0
0.021237746,72,189.032,3688.041,0
,42.20039213,205.009,2288.123,0
0.01010961,55.68879783,211.114,3173.513,0
0.017839686,72,195.389,3561.1,0
0.011161453,44.60062447,226.284,2470.863,0
0.016899532,42.23563012,220.076,2006.667,0
0.018975033,39.5909051,197.271,4186.425,0
0.031254556,54.11685257,174.031,3354.339,1
0.030460552,50.99271714,185.559,3497.479,1
0.031726556,53.52491093,190.895,3072.108,0
0.040647132,56.22711392,163.225,3915.942,1
0.030526303,56.28549332,184.857,3893.305,1
0.029107987,52.99002529,203.105,2632.952,0
0.020411052,58.46902122,197.175,4158.616,0
0.028066885,44.57186759,203.382,3513.836,0
0.020546213,,204.452,3265.751,0
0.027216502,51.69615629,198.244,3346.985,0
0.012733562,51.97655352,205.964,3410.381,0
0.021492513,53.41334412,193.321,4597.061,0
0.01624752,52.16038109,209.885,3973.575,0
0.030900924,54.43407186,192.133,2930.898,0
0.020258701,,206.146,3650.5,0
0.013208851,50.22296177,203.322,3092.712,0
0.026817503,51.49529677,192.455,3631.833,0
0.026624391,58.61824812,181.105,5121.092,1
0.024533131,55.7151022,189.474,3264.179,0
0.021671609,59.73300175,194.048,4040.41,0
0.018543399,52.68380699,201.123,2925.728,0
0.027420018,48.53374463,193.591,3031.498,0
0.035147561,57.29941437,187.459,4708.652,0
0.022342176,49.85109641,202.25,3611.031,0
0.016438347,51.71978217,205.098,2983.065,0
0.02152407,44.21402001,211.049,2682.325,0
0.020585206,38.04317514,221.938,2381.415,0
0.02299956,45.53879665,205.36,3174.145,0
0.023244847,54.65737267,197.571,4584.301,0
0.020110963,47.3907593,212.451,3100.194,0
0.019194502,46.35055301,195.494,4788.634,0
0.018983342,39.6175993,206.646,2808.347,0
0.026023766,39.50795566,204.998,2267.071,0
0.02067758,52.41026679,210.408,2528.741,0
0.038657133,59.00561116,186.015,3850.484,1
0.015327318,49.10332401,206.438,3159.433,0
0.025300711,36.53984836,215.979,2380.964,0
0.02682975,43.49543661,197.147,2682.054,0
0.015657823,50.65643974,205.714,3212.003,0
0.022115204,58.56355478,196.711,3323.368,0
0.030034756,37.18921201,190.58,2982.168,0
0.019147851,58.25395693,191.479,4596.007,0
0.021133493,43.55498341,210.812,2649.275,0
0.02547327,54.27542656,197.714,2773.187,0
0.020792269,54.69843042,201.902,2533.525,0
0.021770673,63.94893892,192.155,4174.853,1
0.020339465,53.85846201,197.969,3716.426,0
0.024498707,52.96407776,201.606,3622.813,0
0.01948016,55.61293835,197.598,2876.82,0
0.028702366,41.92508034,199.391,2300.299,0
0.018191695,50.02606292,199.462,3732.052,0
0.026580992,55.72995278,192.572,3532.65,0
0.024254446,57.1092134,192.185,3724.042,0
0.032883856,42.4342518,187.91,3029.298,0
0.042927305,50.7950665,183.969,2993.653,0
0.022070961,,188.654,4108.827,0
0.023315342,44.94685653,207.945,2889.624,0
0.015307977,46.94554575,207.926,3710.112,0
0.008416386,66.85039961,206.375,2976.168,0
0.031764899,51.2125032,189.151,2930.551,0
0.027850027,69.38487433,182.751,4655.771,1
0.022134603,51.18707787,209.683,2620.539,0
0.013778924,52.34395632,207.515,2990.701,0
0.036498688,49.52394522,179.193,3384.459,0
0.015685279,59.42975303,208.692,3653.636,0
,55.49984395,191.223,3586.462,1
0.022721123,39.31932186,206.547,2736.909,0
0.036790683,43.93822383,193.422,2319.747,0
0.027026298,34.0890651,201.587,2205.605,0
0.016547319,49.8214364,210.2,3138.802,0
0.006875199,43.80767829,220.904,2400.677,0
0.022703579,41.00078546,208.354,3040.467,0
0.011650239,44.90085943,218.799,3205.111,0
0.02991691,41.64382556,203.236,2001.99,0
0.029588639,50.69274238,196.903,3427.056,0
0.020799444,44.42362057,202.609,2536.08,0
0.024796191,45.55876802,199.126,3017.92,0
0.023045661,43.80644628,203.276,3249.266,0
0.022117667,46.95887927,194.591,2614.001,0
0.027096363,45.07028491,197.101,3694.465,0
0.032185854,43.14862944,199.765,3167.234,0
0.020301038,57.63812244,202.144,3340.9,0
0.025012217,62.25051271,191.555,4185.435,0
0.023057267,43.41484926,189.807,5014.073,0
0.026088206,,204.375,2567.463,0
0.017865193,55.21889867,194.044,3551.596,0
0.031738976,39.4111637,192.1,3108.024,0
0.014907417,46.83780006,211.128,3019.449,0
0.024912414,53.91016019,200.787,3867.046,0
0.033962783,62.57017416,160.991,4600.085,1
0.018935678,57.49559686,196.439,3082.576,0
0.026389304,50.18903347,197.135,3412.74,0
0.023748861,50.03969866,208.454,2983.635,0
0.028286372,72,156.936,6204.442,1
0.025389355,,207.151,2455.41,0
0.031354511,35.94171904,193.94,3983.473,0
0.025248429,41.88817356,215.339,2133.896,0
0.032560403,40.74323704,195.814,2884.253,0
0.030694706,60.89552693,179.866,4261.004,1
0.00994093,58.60702017,203.539,3059.093,0
0.019443511,51.43525394,201.788,2721.921,0
0.03228444,47.32954254,194.329,2867.18,1
0.025963723,44.09063007,198.084,2730.441,0
0.03561896,68.51512301,166.188,3583.119,1
0.022878732,46.4182593,192.75,3324.42,0
0.031098594,51.15444632,155.007,5377.472,1
0.013284483,51.44322779,205.379,2728.665,0
0.032736469,44.70739616,193.63,2316.516,0
0.018494346,35.34702026,218.691,2412.16,0
0.017995072,43.28771312,222.544,2438.739,0
0.031854371,61.26674045,182.5,4014.479,0
0.031793777,44.62309123,186.353,3168.968,1
0.017345843,44.07681226,209.903,2053.259,0
0.032727511,45.16152774,198.208,2180.375,0
0.025489332,47.02106192,206.504,2489.351,0
0.033413791,,176.343,3751.123,1
0.026891091,50.0777244,197.787,3674.098,0
0.022571217,50.01176671,196.764,3252.785,0
0.026757033,41.54777444,201.742,2712.851,0
0.021638158,47.67892928,201.154,3331.834,0
0.028063471,58.45389264,194.899,2544.678,0
0.018941481,62.6097469,192.292,4190.772,0
0.019022798,53.37904679,203.667,3363.032,0
0.020961773,45.97128229,209.556,2563.887,0
0.023270464,56.09004924,201.358,3455.39,0
0.02319545,47.75736755,207.09,3442.388,0
0.027642441,,197.016,3560.991,0
0.027131136,52.59791996,196.105,2870.032,0
0.026224405,41.67830514,201.455,2930.068,0
0.020427574,63.50448151,195.19,3744.813,0
0.018344023,52.94523489,208.719,2725.396,0
0.052277927,43.86312317,186.559,2574.309,0
0.016768267,53.02821,210.523,3329.495,0
0.02592795,46.4824094,193.762,3683.499,0
0.024092493,43.49162221,201.472,2878.186,0
0.016993184,48.88240253,200.893,3949.446,0
0.026804969,46.37224653,185.115,4011.784,1
0.025776457,49.43643533,199.816,4047.341,0
0.032460114,54.9537405,174.589,4678.894,1
0.022946894,65.71618529,192.664,4148.223,0
0.032419701,46.51400483,190.36,2908.399,0
0.034531715,44.09054602,194.125,3503.941,0
0.02421996,45.98361514,209.098,2536.585,0
0.022901055,,218.252,1548.986,0
0.027510601,45.68344193,192.867,3780.22,0
0.023449161,52.7345091,183.904,4969.365,1
0.014527283,44.36037146,220.025,2927.926,0
0.023904853,48.18263338,204.19,3144.194,0
,46.41687221,191.81,3300.087,1
0.018433221,62.03638762,199.371,2594.686,0
0.019935268,41.11388289,212.246,2618.946,0
0.0419356,63.60453645,173.36,3768.441,1
0.027892379,48.82351522,203.629,2858.26,0
0.022105449,56.80785956,200.906,3820.069,0
0.033539627,47.59089081,198.182,3309.193,0
0.020163145,56.80903651,197.942,3528.753,0
0.019313337,41.03883136,212.814,2879.904,0
0.027940705,47.80468102,195.644,3216.64,0
0.035608211,53.97501328,173.083,3839.622,1
0.021001943,54.62005083,203.38,2996.767,0
0.012936205,50.45186752,216.714,2508.568,0
0.018869939,55.46919858,212.416,3292.459,0
0.037173184,,199.699,2225.873,0
0.012298736,60.62783343,199.094,3720.136,0
0.021108228,38.08330839,213.099,2253.548,0
0.025904047,44.40548529,198.471,4517.5,0
0.02896032,46.66973811,201.05,2903.369,0
0.01398672,50.29684987,209.448,3431.004,0
0.03049581,48.34200857,183.914,3805.646,0
0.026419976,48.20409054,196.608,3100.512,0
0.023266286,56.88317077,188.294,3586.818,0
0.035782144,51.69376636,191.217,3216.767,0
0.023113614,54.22358903,191.152,3141.939,0
0.037757681,42.52712586,187.784,3917.057,1
0.027356747,61.96237063,187.309,3862.944,0
0.032187314,30.14402462,215.829,1309.496,0
0.028003812,56.59784572,196.034,2964.254,0
0.008500323,48.03804636,205.297,3838.685,0
0.02539262,55.45751259,191.424,3967.632,0
0.027221024,45.82732478,204.739,2467.954,0
0.024307263,45.49689735,208.721,2584.101,0
0.028230118,49.17987517,193.141,3402.988,0
0.025429344,54.99087677,192.83,3598.979,0
0.028650291,59.18465381,186.851,3474.054,0
0.020466753,42.77658165,218.369,2580.945,0
0.01173979,50.27600811,213.795,3587.039,0
0.032310733,40.66351402,206.481,2845.5,0
0.021606959,50.57825457,198.423,3368.136,0
0.026930829,55.05175573,188.802,4071.9,0
0.029261928,53.88024398,191.034,2791.583,0
0.028930594,63.20971938,161.805,5178.181,1
0.027464766,47.69670864,191.196,3196.882,0
0.022311037,48.57917448,207.022,2090.832,0
0.022775953,45.75013169,202.766,4137.079,0
0.02283539,32.87987789,218.362,2701.916,0
0.036258949,46.07920806,195.975,2813.337,0
0.02470613,58.11317645,199.993,3067.67,0
0.031931486,48.85757288,196.721,2408.806,0
0.022148269,44.89243552,204.443,2770.685,0
0.029426704,47.65089058,194.86,3087.222,0
0.020979163,43.90876396,215.305,2645.484,0
0.026525629,44.24049345,197.534,3848.79,0
0.026447821,41.68003122,200.821,2769.516,0
0.022641317,36.43530679,208.619,3072.723,0
0.014125665,57.86421015,209.803,2511.381,0
0.017567313,55.66199746,204.345,3448.609,0
0.043391344,42.03421563,183.903,3847.878,0
0.021193921,66.10619336,203.468,3298.168,0
0.012373746,,210.299,2798.716,0
0.03650439,59.72770405,164.066,5505.796,1
,56.30713288,197.192,3041.258,0
0.02616283,52.11470076,174.039,4946.635,1
0.023684775,50.38152521,202.847,2686.694,0
0.036767059,39.95349268,196.561,3052.817,0
0.031502675,50.15503223,195.322,2668.579,0
0.019142014,52.77158081,210.12,3365.697,0
0.027366009,57.5548451,185.328,3711.611,0
0.032564429,56.89318435,176.235,3901.717,1
0.025235148,45.01034074,179.856,4396.103,0
0.03028135,40.75349967,203.406,3165.828,0
0.024972931,42.84483591,196.071,3018.935,0
0.015862002,43.92576314,206.044,3679.191,0
0.02836901,63.05138916,187.608,4232.572,0
0.019208002,39.93547169,214.488,3080.382,0
0.01759738,55.25541328,204.632,3275.791,0
,43.10442934,195.265,4663.834,0
0.020488814,45.6368619,209.368,2533.296,0
0.032015191,47.20090077,188.571,3346.142,0
0.0275452,44.95547279,198.12,3189.321,0
0.031795142,62.97786485,183.346,3237.12,1
0.014675046,51.38270585,201.862,3712.965,0
0.027836718,63.32438856,198.013,2959.416,0
0.030030601,47.65816992,194.507,3017.92,0
0.028063388,64.52212331,178.802,4451.386,0
0.019855542,44.82868918,219.997,1360.25,0
0.017712029,46.68523697,188.527,4113.204,0
0.009599301,37.20910945,220.182,3345.785,0
0.023671279,41.85346025,198.431,2898.137,0
0.030275389,47.05425972,194.657,2694.979,0
0.025022338,43.97086474,209.014,2513.906,0
0.024852268,55.70890726,183.667,3417.697,0
0.021845879,47.2865938,203.575,2903.982,0
0.027053193,55.82368369,197.289,3793.553,0
0.03453642,35.36720614,210.481,1962.255,0
0.036132558,47.1392597,188.146,3882.968,0
0.019512554,49.32064609,217.969,3203.514,0
0.021750984,60.38343574,197.503,4122.431,0
0.023423458,59.45317446,189.456,3838.869,0
0.010544775,42.99473708,223.209,2307.788,0
0.019560616,49.8259668,203.237,2682.452,0
0.041719837,43.51992027,171.117,2900.459,1
0.023451664,47.81489524,205.092,2728.919,0
0.020961846,53.31713385,192.842,3665.151,0
0.025338597,41.73231267,205.757,2145.355,0
,63.62302706,201.246,3057.421,0
0.024926415,68.17627248,178.333,5016.181,1
0.015288629,,201.015,3427.645,0
0.016474809,52.69228433,209.801,2810.774,0
0.026588415,51.97746883,194.708,3162.595,0
0.008848064,69.34708934,197.607,4773.741,0
0.025139195,47.53678514,195.823,3675.46,0
0.028465601,61.52477066,182.775,4242.785,0
0.022875978,49.71575438,213.405,2979.143,0
0.022777955,41.47643378,188.275,3745.036,0
0.015505502,65.72994932,191.053,4255.511,0
0.031057776,48.6047913,193.006,3258.081,0
0.025651387,49.67683807,198.919,3783.284,0
0.020957159,43.3889065,209.688,2644.104,0
0.034419142,36.88377353,199.331,2692.532,0
0.036891735,50.92989715,181.173,2874.5,0
0.020321849,33.55037865,220.501,1971.189,0
0.029930268,58.86279566,185.162,3753.427,0
,40.61122684,203.931,2641.397,0
0.020802486,44.88384221,203.762,3522.729,0
0.034572168,58.75625381,187.669,3709.62,1
0.006933892,42.75878758,222.253,2807.679,0
0.021092028,43.37764092,217.274,1733.607,0
0.028699614,46.49226288,204.819,2739.914,0
0.024368619,52.59071143,199.371,3381.383,0
0.01848907,42.41728096,214.69,2577.333,0
0.033212921,48.43564709,193.414,2737.746,0
0.032200794,48.14325148,203.284,2352.376,0
0.009699323,52.20315132,223.206,2123.843,0
0.03350461,56.032382,184.356,3654.796,0
0.005,49.6300124,212.479,3013.951,0
0.021744738,59.92025215,196.36,3103.584,0
0.022888928,42.83210701,201.611,3096.82,0
,38.72672803,210.876,1906.779,0
0.019683101,52.58237131,205.653,3082.984,0
0.02945909,40.85395689,199.983,2894.576,0
0.020051949,45.10585253,213.307,1920.843,0
0.027826976,44.15413328,205.46,2829.473,0
0.030837565,63.62459305,180.615,3819.609,1
0.009708863,47.12884329,214.266,3200.125,0
0.022970013,55.57056333,192.381,3525.877,0
0.023636799,53.94517063,192.818,3086.675,0
0.022714692,51.08638382,206.508,3037.312,0
,43.01203199,205.959,3784.631,0
0.018707435,47.7052371,199.976,3373.816,0
0.024590725,41.13931819,213.908,2167.609,0
0.028807746,53.26921659,202.007,2908.011,0
0.030780068,68.32550155,177.525,4239.167,1
0.027856204,46.04129809,203.113,2493.062,0
0.014104463,47.99815334,209.252,3366.723,0
0.021291603,46.63071874,201.229,3340.118,0
0.029694618,37.6237436,204.16,2324.656,0
0.019802662,62.53913915,187.682,4025.075,0
0.024109731,41.90853041,203.169,3335.985,0
0.020602315,47.88228649,204.03,3483.193,0
0.024665522,40.45688546,187.492,4103.621,0
0.023799424,36.84021548,211.36,2662.312,0
0.015354995,54.15388678,203.446,3318.462,0
0.00842551,71.25882623,189.133,5274.296,0
0.020211779,50.94165943,198.353,3528.236,0
0.018684173,49.29857593,203.248,4068.14,0
0.022798003,56.35882265,189.563,3911.922,0
0.030568628,48.57530444,190.801,3125.668,0
0.032160503,52.04283371,180.101,3937.595,0
0.022856571,43.99755783,201.673,2950.223,0
0.020824777,42.2789309,206.353,2206.521,0
0.019887999,50.70664845,202.052,3722.515,0
0.033112086,42.74391457,195.342,2847.128,0
0.036662864,53.74285645,177.133,4112.547,1
0.022182161,41.94536969,199.143,3492.413,0
0.013066068,65.18543581,187.727,4150.338,0
0.033717683,57.36895431,192.434,3823.414,0
0.013603754,47.63833976,214.658,3501.047,0
0.005,47.00448137,216.14,3311.898,0
0.018235461,37.68997164,222.823,2643.921,0
0.007842153,44.60915024,224.32,2350.966,0
0.030440363,54.18148824,157.928,4664.957,1
0.027867014,45.48324261,203.209,2635.659,0
0.021784424,51.90477574,198.5,3194.622,0
0.031657175,55.44025024,193.066,3239.225,0
0.025477843,64.86350263,179.357,3915.224,0
0.017418627,35.77533598,215.129,2197.545,0
0.022015698,39.95848014,215.841,2675.155,0
0.035223801,50.24671065,199.075,2412.834,0
0.024005967,32.76361156,215.469,2173.931,0
0.01122757,43.17592335,214.684,2722.805,0
0.023486482,58.14033394,199.568,3734.642,0
0.013922696,42.46985004,216.704,2648.863,0
0.028005496,48.56175434,202.785,3057.512,0
0.030531371,56.60286569,171.136,5598.907,1
0.040277144,58.55937904,175.426,3062.669,0
0.0221677,43.33221917,217.014,2753.616,0
0.00905278,55.06386769,205.215,3900.177,0
0.01676957,54.15880037,204.07,3384.092,0
0.005632923,33.82724322,213.291,3643.169,0
0.020618324,44.91804454,210.527,2405.04,0
0.02709821,47.51587184,203.284,2585.885,0
0.019956286,35.60631731,203.53,4618.893,0
0.022773879,60.40961668,196.875,4128.076,0
0.037166982,69.39651291,144.696,4721.424,1
0.024218304,39.7149532,207.265,3434.701,0
0.02268139,36.43746701,204.472,3317.817,0
0.025325443,49.11037538,192.024,3894.263,0
0.018951584,60.30882446,183.22,5516.506,0
0.023824002,50.19278015,213.613,2576.997,0
0.022903619,50.78354829,182.927,4014.687,0
0.036757255,51.85815361,184.535,3876.507,0
0.020604561,53.13412847,204.14,2996.678,0
0.035066053,28.96088782,202.634,1759.958,0
0.010265785,41.12675776,211.83,2364.094,0
0.023682127,46.05455953,200.746,2609.615,0
0.021666902,57.96580948,196.879,2990.543,0
0.025172429,59.60483176,197.324,3030.757,0
0.022985497,43.74750917,198.211,3587.431,0
0.024873583,34.29094886,204.848,3966.626,0
0.017575543,40.99629336,201.488,3021.809,0
0.021936951,54.00609571,204.724,2941.173,0
0.008164697,32.29390247,227.833,2442.543,0
0.025334032,48.17870294,197.647,3907.627,0
0.023822937,40.06981127,201.508,2739.584,0
0.027006197,48.96060568,201.113,3353.594,0
0.019926022,50.56348873,205.529,2477.945,0
0.028392105,44.26032471,196.284,3037.83,0
0.029475845,72,181.517,3739.907,0
0.036856418,45.33804352,193.963,2465.278,0
0.035539862,57.45297607,172.901,4694.671,1
0.02231138,52.17391955,198.199,3900.45,0
0.014501182,42.94040463,213.862,2651.037,0
0.025777569,38.79366575,212.721,2553.841,0
0.021198905,59.63673647,189.483,4318.762,0
0.023214366,40.56064897,201.495,3312.147,0
0.036281207,56.43414097,186.743,2869.604,0
,51.30990461,205.115,3588.563,0
0.022143683,57.36916479,198.802,3552.585,0
0.017421704,54.90430196,213.734,2997.263,0
0.022297587,67.78690075,173.71,4198.737,1
0.041864402,45.03849329,194.293,2939.908,0
0.022906169,34.32972898,212.281,2876.793,0
,53.50309591,199.413,2996.208,0
0.029528894,56.3628077,179.271,3592.598,1
0.020854856,47.16561568,206.907,2508.281,0
0.039362359,54.96451241,190.212,3210.668,0
0.016984761,38.56352086,207.504,2680.636,0
0.01864167,,208.182,2750.809,0
0.024270668,68.20072938,181.472,5108.971,1
0.017555649,48.04400601,207.948,3279.819,0
0.031253432,40.24672818,195.537,3550.873,0
0.012153904,44.757461,188.101,5297.824,0
0.022834576,49.20517028,205.49,3291.016,0
0.021105803,50.73416338,190.842,3837.604,0
0.012967329,57.51931187,215.09,3325.096,0
0.029669318,,198.643,2643.757,0
0.014270199,47.53366996,212.517,2707.788,0
0.023399082,47.03245504,196.431,4068.574,0
0.032307262,53.00870383,192.315,2952.435,0
0.031305384,57.85152432,189.358,3476.031,1
0.022171612,,196.837,3478.723,0
0.034521051,56.26933418,186.492,3579.508,0
0.023193568,49.03002038,202.792,2723.268,0
0.019699469,60.88502252,200.439,3573.899,0
0.020568992,29.50974566,222.56,2629.461,0
0.021939377,45.22210887,199.038,3236.762,0
0.037909798,56.52427421,182.734,3213.551,1
0.041981409,56.62376135,166.597,4602.852,1
0.015943875,55.7572389,197.936,3518.416,0
0.019675442,51.33604108,201.368,2690.223,0
0.01340664,48.66020382,204.732,3630.073,0
0.030801319,50.39031983,190.772,3478.589,0
0.020217733,40.03900429,205.829,2862.075,0
0.015852552,69.67689839,184.964,4075.682,0
0.014992543,52.09572764,192.281,4023.98,0
0.027811372,47.00017142,189.723,3161.204,1
,42.52237165,216.582,2084.793,0
0.015981663,57.04110154,200.111,4042.844,0
0.030110323,50.55625178,198.5,3251.467,0
0.010917457,49.5343191,209.09,2928.088,0
0.016638233,57.54448191,200.099,3330.195,1
0.006713124,28,230,1831.963,0
0.031434845,36.80096245,195.561,2268.444,0
0.021888282,51.35123831,204.626,2797.458,0
0.021617527,50.07901244,203.889,3339.664,0
0.027437059,56.85770623,199.536,3674.617,0
0.014546223,52.26841318,203.795,3949.942,0
0.014105227,69.39978529,200.252,3737.286,0
0.031562365,51.1326127,188.185,3471.421,0
0.025720569,43.27023273,202.509,3745.445,0
0.028749558,51.67590717,195.131,3175.665,0
0.018117035,44.4950917,197.526,3721.092,0
0.022797546,46.09997031,204.729,2498.136,0
0.026071426,38.22531283,205.718,3102.743,0
0.020823228,52.01951656,198.53,3841.107,0
0.015373516,36.17583463,229.991,1744.561,0
0.023978339,48.8752951,198.888,3555.795,0
0.020113827,49.23180596,214.104,2663.585,0
,48.29039959,197.322,3591.499,0
0.018470325,34.43311183,205.255,2807.526,0
0.034921937,56.83883157,169.552,4003.711,1
0.024648224,41.34641343,203.799,3154.118,0
0.019475772,50.20556573,205.832,3322.739,0
0.026343479,51.647829,200.022,2719.665,0
0.03074115,54.41390124,188.718,3099.755,0
0.017972048,46.95976263,211.385,3526.916,0
0.029434384,65.39289901,178.372,3891.346,0
0.034838904,45.47033405,201.43,2531.095,0
0.01725168,57.35734151,197.911,3649.877,0
0.023302797,33.21573114,211.56,2087.716,0
0.033360758,43.01475338,192.139,3045.362,0
0.029067491,57.06002893,187.838,3534.688,0
0.020380751,41.41593699,208.917,2331.436,0
0.029086231,52.68673009,184.329,3489.348,0
0.018432436,32.46677064,218.287,1932.96,0
0.019778865,32.7343973,218.681,1957.863,0
0.02421074,63.82131047,189.776,3778.604,0
0.019814648,41.11310386,217.864,2091.378,0
0.0223616,46.60429881,195.071,3762.691,0
0.031272072,56.28306566,188.32,3466.321,0
0.013716908,44.97542502,215.861,2698.765,0
0.029555934,50.27150649,182.807,3257.333,0
0.035083466,36.16801975,167.676,3376.746,1
0.041293176,48.45794402,190.029,2018.339,0
0.00925854,60.41273438,192.128,4094.351,0
0.02298706,45.07481718,211.38,1818.811,0
0.025803894,60.23630011,189.124,3880.779,0
0.024758209,52.13530035,203.532,2973.047,0
0.021290051,39.1467319,210.087,2789.499,0
0.022663399,53.38247042,190.534,3296.356,0
0.014424926,,223.503,1927.388,0
0.020721594,,208.429,3307.932,0
0.020603541,56.15593112,194.82,3485.644,0
0.024896607,42.73828588,204.918,2352.151,0
0.034509392,47.08633757,196.719,2768.52,1
0.043038045,57.34750056,176.073,4334.069,1
0.028814996,39.27405736,201.174,3205.626,0
0.026858289,41.79829206,201.48,3023.46,0
0.025020774,,205.123,2374.584,0
0.026480847,54.00246385,203.555,3271.827,0
0.025461803,32.77106647,206.908,2139.503,0
,61.36449506,166.011,5738.792,1
0.016247063,51.06049347,207.511,3172.771,0
0.036712884,45.99837439,192.816,3461.398,0
0.026138826,45.7441105,194.877,3268.282,0
0.024373134,37.66781321,217.806,2935.708,0
0.021842176,53.48898885,195.157,3350.693,0
0.021956683,46.13723212,215.519,2934.461,0
0.02690212,61.98209834,197.549,3344.779,0
0.01690422,40.97482029,205.182,2994.769,0
0.016915715,42.49748639,211.151,2957.892,0
0.033050736,47.60411297,194.426,2845.309,0
0.026667973,56.03480306,188.252,4573.438,1
0.011976311,53.27067512,209.554,4257.016,0
0.032339098,50.51476371,194.034,2514.768,0
0.032023013,48.69831599,197.048,2903.082,0
,57.7992022,201.45,2663.181,0
0.019426073,47.02516086,195.319,5178.083,0
0.025970556,52.60690846,198.191,3885.25,0
0.022140588,55.25138579,198.159,3264.652,0
0.020539367,49.25949909,210.959,1825.017,0
0.020382266,36.96438193,208.063,2863.843,0
0.01636377,61.39678114,202.573,3274.825,0
0.029094156,44.32082371,197.359,2883.276,0
,38.36826362,223.503,1342.02,0
0.010621485,47.56255539,218.459,2922.984,0
0.034750692,39.52906069,199.436,3321.238,0
0.026024455,55.18214997,199.342,3264.989,0
0.025784123,53.21487139,199.599,2963.112,0
,32.57044469,217.869,1892.437,0
0.023710422,54.55136735,180.678,4248.128,0
0.013193312,45.74265066,211.142,3261.164,0
0.027840908,58.42317424,177.681,4449.013,1
0.015257402,46.51136055,216.296,2881.554,0
0.016167355,47.64293844,208.062,3324.747,0
0.021952968,62.0421522,199.25,2626.007,0
0.00835465,43.78903311,218.393,2281.597,0
0.03984251,,179.114,2975.098,0
0.016351649,57.7397427,209.542,3292.326,0
0.016111511,56.78827656,207.003,3242.446,0
0.015043579,58.11784491,195.995,4274.66,0
0.01836491,40.18644853,217.888,2737.583,0
,57.23824916,180.316,3811.487,1
0.026972259,57.92273424,200.032,3184.365,0
0.012504747,46.98011622,219.122,3215.521,0
,50.96879456,206.768,3168.725,0
0.019347544,57.2891615,207.195,3155.99,0
0.018357643,53.46027287,197.866,3861.77,0
0.011460452,56.54862941,204.441,3741.191,0
0.022108379,46.48482226,212.198,2755.735,0
0.036765242,43.50163693,196.046,2008.536,0
0.015644979,37.37807895,219.13,1818.822,0
0.028023582,60.3486004,185.647,3418.026,0
0.024978642,49.98170409,186.671,3837.289,0
0.026982096,48.89840059,200.13,2957.615,0
0.020997651,48.65050556,199.02,3428.131,0
0.026323911,50.2804155,196.139,4310.826,0
0.019328702,42.66504088,212.939,2342.971,0
0.026410022,69.20064425,176.023,4430.097,0
0.027577372,48.45025344,206.687,3261.361,0
0.04019841,56.90292353,171.537,4385.72,1
0.03625898,67.90383256,163.125,3963.496,1
0.02447461,58.64364732,188.315,4173.081,0
0.017765234,56.92193669,205.081,4276.852,0
0.031083783,32.52081656,214.645,2372.597,0
0.038176652,50.83433911,189.476,3170.689,1
0.028145532,41.97080946,190.876,3692.014,0
0.028805201,40.21079464,204.63,2486.341,0
0.02922735,39.39696869,203.155,2477.127,0
0.017102012,46.43578035,212.167,3393.682,0
0.021053021,51.89293237,205.757,2747.433,0
0.017624559,56.48864957,205.055,2817.277,0
0.024393657,48.68734318,182.842,4211.515,0
0.034994093,36.46021029,201.262,2418.208,0
0.031257311,48.02966486,201.048,3097.097,0
0.018590667,51.39208779,212.96,2738.995,0
0.02551483,50.71844243,195.854,2509.406,0
0.030568793,56.92023625,179.71,4045.136,0
0.015455011,52.2043436,216.568,2556.573,0
0.01469333,53.99363088,189.365,3831.304,0
0.033308302,42.13323458,198.699,3011.042,0
0.020305606,65.15739251,178.465,5802.01,1
0.013885436,47.56010847,215.242,3019.975,0
0.014271054,49.6329917,223.747,2278.567,0
0.028359487,44.20007115,179.175,3754.905,1
0.016853395,52.88136723,208.557,3439.779,0
,43.34629286,217.7,2015.328,0
0.013210381,53.91907326,207.577,2686.769,0
0.036066192,65.39469272,141.91,4926.709,1
0.012125263,42.974252,216.501,2495.294,0
,63.88615569,186.077,3689.98,1
0.024757413,53.30075521,204.485,3880.414,0
0.027721613,55.51924847,190.912,3574.755,0
0.019795271,56.15169956,202.905,3209.789,0
0.019181218,47.8304028,206.218,4805.822,0
0.022038298,33.40084743,218.689,1910.359,0
0.018231467,52.85275942,202.915,3536.691,0
0.026952814,36.14865372,209.352,2425.982,0
0.012060269,44.0058845,213.615,2918.332,0
0.028135843,44.24574627,196.729,2919.981,0
0.037944317,49.47315135,190.824,3701.046,0
0.019599239,47.61827664,209.555,2426.713,0
0.020357115,47.0457165,205.286,3216.763,0
0.027623199,,198.688,3794.81,0
0.014997269,45.6653123,211.635,3193.493,0
0.023167539,51.82687464,210.366,2764.794,0
0.027666565,48.98271011,202.014,3362.479,0
0.023876222,64.20811257,190.026,4297.151,0
0.026216431,59.78578155,188.473,3983.843,0
0.01679449,49.54299303,202.376,3511.005,0
0.009086459,50.0334179,218.048,2688.784,0
0.022800825,59.76816305,201.303,2957.388,0
0.014608452,49.58059741,210.965,3769.144,0
0.034704636,69.27964428,174.511,4499.969,1
0.033134042,55.10736481,193.923,2614.569,0
,59.45628044,142.199,4467.777,1
0.023926308,42.20331096,216.84,2886.063,0
0.03094265,52.34297558,175.904,4078.849,1
0.025262544,68.19464427,188.986,3954.229,0
0.016381731,57.29269114,205.961,3221.09,0
0.018835514,41.62987508,217.953,2145.265,0
0.02068195,48.49783047,204.992,3110.33,0
0.02800055,58.61181481,197.602,2757.778,0
,55.89834421,192.263,3001.744,0
0.024887639,46.89132778,196.333,3525.89,0
0.029353649,50.05918819,178.674,4144.897,0
,,196.807,3051.552,0
0.025621638,48.18687411,177.949,4268.675,0
0.018451217,52.67461898,216.423,2849.638,0
0.010750082,54.14100795,206.546,2966.44,0
0.027292636,41.18274003,197.779,2165.03,0
0.029903154,47.89999912,201.519,2860.776,0
0.035258012,38.69143196,198.628,2114.005,0
0.010624983,51.62793307,220.099,2422.111,0
0.020453364,47.29440611,208.505,3191.771,0
0.027396804,41.76335907,206.768,2160.292,0
0.032131534,50.19424513,199.644,2926.685,0
0.039928074,39.68250389,187.672,3311.213,0
0.030252866,42.1034409,183.951,3437.966,0
,45.44404186,207.17,3832.907,0
0.028373153,40.93549116,199.178,3061.005,0
0.011347327,62.64609571,204.953,4251.958,0
0.01980328,63.33465137,178.5,5579.641,0
0.032291334,60.34752868,184.842,4250.455,1
0.031540614,45.17738524,195.866,2692.458,0
0.023693646,37.09650075,219.958,1987.458,0
0.021764598,57.46553262,195.362,3518.148,0
0.033558238,48.57369793,196.886,3092.183,0
0.014759093,40.90643329,228.551,3263.949,0
0.030300419,50.76329799,202.763,2913.019,0
0.025451281,59.00535611,198.793,3600.446,0
0.028331941,40.63732039,202.299,3505.434,0
0.024044706,35.66879223,212.97,1599.902,0
0.029228086,68.48000827,182.863,3878.501,1
0.036487897,,152.006,5399.837,1
0.035220299,29.83971124,199.115,2059.022,0
0.031402107,52.26788912,168.914,4888.478,1
0.028735148,42.65022954,206.42,2775.464,0
0.031521733,41.49129766,203.868,2432.229,0
0.034701429,33.44105942,213.474,1630.079,0
0.019708607,60.58648087,170.709,5756.879,1
0.025022278,51.58395363,202.864,2900.686,0
0.023382862,,197.796,3469.759,0
0.024242752,54.96418835,213.613,2841.623,0
0.005,45.00509131,225.172,2524.736,0
0.021286331,48.04340537,206.765,3450.626,0
0.020443819,58.41226555,196.848,4185.651,0
0.024540927,47.54261134,206.855,3154.35,0
0.032303016,45.61127387,197.204,2749.624,0
0.024576948,45.14553483,194.984,3692.493,0
0.023210366,45.95855163,207.991,3798.943,0
0.036772403,44.01252944,193.743,2898.447,0
0.032111661,45.50886032,193.691,3271.335,0
0.030161413,35.55806541,208.827,2651.072,0
0.021587887,43.47599316,212.917,2524.791,0
0.014961988,45.27080296,213.644,2589.453,0
0.0300041,50.92609524,191.326,3602.935,0
0.019366538,54.89856134,204.081,3164.387,0
0.030246616,55.61889556,174.535,4063.012,1
0.011731148,60.92886857,186.498,4989.393,0
0.039410224,44.28008585,189.617,3105.79,0
0.027127228,57.10499679,188.678,3472.349,0
0.015563573,56.09362323,197.656,4030.321,0
0.027191017,34.80165813,214.871,1916.005,0
0.026963741,49.84748428,197.206,3677.933,0
0.005,58.45705746,214.076,3016.459,0
0.021330444,66.71868203,182.134,5120.076,0
0.027343435,52.34272919,171.113,4874.25,1
0.021038648,46.67568805,209.382,2386.437,0
0.030455171,57.31958196,188.664,4162.745,1
,28,228.975,1784.175,0
0.026162706,37.6745257,196.673,3430.356,0
0.020023457,54.78828267,201.239,3080.857,0
0.015259073,38.15991302,213.498,2047.007,0
0.023576878,59.33842657,189.127,3527.994,0
0.011375088,35.79813763,213.42,3941.74,0
0.025407255,53.48007051,199.578,2437.191,0
0.019058094,57.17074916,200.322,3978.341,0
0.013067803,50.48984874,206.847,3453.046,0
0.015883802,49.08224038,214.283,2852.017,0
0.025744823,55.49159286,197.291,3584.95,0
,32.1266864,209.761,2866.171,0
0.02891068,56.15245685,190.616,3625.96,0
0.032609079,72,161.055,4478.826,1
0.013637171,55.81389095,208.817,3104.705,0
0.021863667,53.39820203,188.177,4354.711,0
0.008736464,58.19822245,207.878,3216.856,0
0.010409589,35.8971536,227.076,2171.8,0
0.033533343,35.66481455,208.585,2177.738,0
0.032755281,46.98098722,185.349,4235.724,0
0.02411793,44.87045603,198.651,2542.964,0
0.010493068,57.02273594,206.082,3202.262,0
0.028050064,46.02269337,207.853,2538.156,0
0.028647022,46.44453025,203.131,2912.76,0
0.021156156,53.77849012,209.445,2555.972,0
0.012747464,50.15878271,206.893,3580.146,0
0.0223746,46.88023893,208.665,2700.955,0
0.039603886,65.26053948,175.895,4940.273,1
0.025849521,44.70449133,192.067,3521.502,0
0.034985877,47.19925854,188.054,3755.384,0
0.028915312,53.56263902,193.626,3162.164,0
0.031765814,50.67292527,199.739,2581.619,0
0.025157748,38.66050094,208.647,2578.192,0
0.015095502,53.96534023,209.55,3051.004,0
0.020286324,42.41224151,212.787,2893.851,0
0.014978336,55.72010018,195.067,4422.688,0
0.009391261,62.33670866,202.219,3838.832,0
0.02501901,52.04977563,202.797,2683.502,0
0.01325365,55.01358857,209.419,3389.622,0
0.022216176,41.97851438,208.091,2678.692,0
0.022061831,62.38440485,206.392,3180.468,0
0.013752539,50.63743542,216.984,2389.788,0
0.030275783,56.68893535,188.424,3765.203,0
0.028503949,54.83261555,199.526,3239.346,0
,40.48236137,206.354,5745.575,0
0.024252818,53.79701366,200.996,3143.879,0
0.021861954,56.51503057,192.751,3586.317,0
0.020531859,34.6182051,208.497,2235.53,0
0.024057691,43.3364107,203.384,2624.318,0
0.024438621,58.43463902,195.787,3810.569,0
0.026641538,38.916254,211.782,2216.874,0
0.023242313,53.59368586,196.953,3046.402,0
0.017646911,37.23518998,213.134,2849.95,0
0.034723772,42.61908131,192.034,2335.41,0
,39.99191927,203.037,3502.957,0
0.015413596,43.74913122,221.257,1922.363,0
0.017547361,55.07119757,188.858,4233.277,0
0.022580742,48.15547568,178.654,3980.598,0
0.031354176,62.03782097,184.69,3482.377,0
0.011577964,42.69691238,215.791,2992.379,0
0.032931549,56.37017254,171.368,4310.446,1
0.014593475,49.23266417,207.914,3060.732,0
0.031324983,36.13646743,193.04,1953.504,0
0.008912202,60.1762708,202.285,3465.119,0
0.02095247,69.91148478,188.661,4356.458,0
,34.9167622,204.752,2011.765,0
0.02809956,58.35117555,190.998,3896.213,0
0.01807098,47.53050372,219.252,2048.917,0
0.021887127,,202.799,3402.618,0
0.030849561,,193.419,2905.962,0
0.012960581,47.21616124,207.081,4191.427,0
,39.3545407,212.733,2882.533,0
,48.06875018,202.993,3160.987,0
0.027849401,51.13037669,184.918,3803.873,0
0.010455647,36.44777277,223.19,2156.546,0
0.014660976,60.19602525,210.269,2788.468,0
0.026101885,54.75316339,194.023,2878.45,0
0.027332746,49.40798646,191.332,3302.283,0
0.028950173,56.81184561,185.046,3364.643,0
0.021558451,45.06258338,202.525,2782.091,0
0.030578491,,169.051,5807.693,1
0.020754092,60.38025721,192.859,3511.176,0
0.014629863,55.74996565,218.452,2696.665,0
0.020221847,54.02529862,198.229,3335.656,0
0.024901696,53.64377456,207.725,2977.937,0
0.033674123,66.42201201,183.447,4153.088,1
0.01871096,55.75023736,204.351,2542.862,0
,53.40452548,184.61,3697.108,0
0.029573749,45.42295831,200.977,2874.1,0
0.027433574,38.10717373,206.863,2958.429,0
0.011145886,49.30689887,217.881,2849.68,0
0.023671439,57.25967441,185.465,4556.907,1
0.029345886,45.03026256,201.196,2470.207,0
0.025948529,46.85815531,197.005,3642.992,0
0.019461081,50.78726772,204.612,2676.614,0
0.026531533,35.71524151,208.276,2322.339,0
0.030133869,48.25791319,187.713,4209.844,0
0.024013125,35.04861195,213.704,1876.483,0
0.030625749,48.1388417,195.479,3142.743,0
0.028649881,55.03562154,194.962,3445.692,0
0.02895573,44.18729783,210.934,3452.355,0
0.027906668,45.07281727,200.894,2847.164,0
0.028310334,46.88119165,198.011,3434.091,0
0.013371894,43.83846059,214.484,3363.402,0
0.021276015,,212.29,2242.149,0
0.007437474,47.05502128,224.278,3148.14,0
0.031478773,38.41705951,207.302,2405.113,0
0.026850861,58.86990159,192.027,3658.814,0
0.024517713,57.11584727,196.733,3715.302,0
0.01666149,47.30308903,221.133,1779.369,0
0.016548965,49.22497277,209.921,2906.299,0
0.035929735,51.87953227,190.523,4099.906,0
0.03294474,46.96110141,182.5,3659.029,0
0.026487478,42.84308326,210.235,2072.571,0
,52.68750162,202.104,2742.886,0
0.022921156,39.0370429,212.173,3011.717,0
0.010329762,49.66427667,210.4,3200.167,0
0.030686207,53.2653633,191.318,3841.988,0
0.019589249,54.20377671,200.974,2691.917,0
0.016205423,51.02535004,200.951,3136.501,0
0.034074541,48.98451437,192.556,2584.885,0
0.012607198,56.38175467,210.101,3103.772,0
0.029102953,54.69783842,196.795,2467.087,0
0.031690912,57.58846767,185.244,3555.224,0
0.037125812,41.53695316,193.136,2737.046,0
0.01790741,48.31190388,209.354,2584.51,0
0.034998646,55.46309975,189.879,2729.023,0
0.025874589,44.45914203,205.834,2764.011,0
0.016360511,47.00251434,210.968,3074.288,0
0.015622859,51.77077125,208.033,3174.785,0
0.029139817,51.87725199,187.598,3163.276,0
0.036591986,42.42365474,198.85,3402.785,0
0.014826246,54.4345744,205.869,3274.506,0
0.024054483,42.78553273,213.407,2912.17,0
,48.17008046,205.241,3112.87,0
0.018217328,68.2549078,193.96,4234.631,0
0.021511022,43.45933555,214.195,1921.469,0
0.020349448,54.00469494,197.142,4334.694,0
0.024980377,56.49345562,191.299,4483.275,0
0.02142592,50.05708034,208.599,3103.327,0
0.027029277,45.11507937,200.158,2997.781,0
0.017858814,47.14872783,204.496,3448.096,0
0.029231264,48.65590218,203.512,3166.931,0
0.011449896,61.95721867,194.767,4288.164,0
0.013547721,56.49244406,208.245,2847.599,0
0.022683438,63.55177056,195.37,3452.293,0
0.010877709,51.78278097,197.285,3918.954,0
0.020946562,56.06486777,202.299,2657.393,0
0.029995644,36.88824384,205.585,2943.851,0
0.038695297,45.5287194,183.934,3451.211,1
0.024964975,52.57833783,196.416,3083.781,0
0.022638401,53.01532667,197.566,3145.979,0
0.030438285,46.55581611,195.437,3190.012,0
0.036320056,66.79675975,158.367,5315.465,1
0.017569128,55.26237594,206.381,2983.501,0
0.016482847,57.5707453,195.865,3150.319,0
0.037587152,58.6374525,185.806,3464.667,0
0.027227303,51.64276778,195.155,3209.257,0
0.01920254,42.12870911,211.876,2877.591,0
0.026899875,44.66182084,202.373,3261.617,0
0.020700119,60.66546776,205.453,3065.323,0
0.023866359,58.45009844,194.601,2488.997,0
0.024064952,45.02608477,205.22,3169.417,0
0.031244768,52.41355045,201.734,3117.283,0
0.02898886,49.41393421,190.637,2999.655,0
0.023905426,45.28228698,206.56,3036.316,0
0.028873339,60.74458309,186.778,3626.3,0
,48.04538884,207.892,2595.277,0
0.018995816,49.66041312,205.039,3065.332,0
0.019654208,46.57332729,204.603,3448.331,0
0.033393039,50.88163353,188.201,3866.421,1
0.018238749,57.40609117,196.604,3473.387,0
,51.13527405,207.907,2851.257,0
0.021718313,51.66652829,192.574,3848.693,0
0.046787843,38.98054733,176.978,1983.5,1
0.027684983,47.49751283,192.447,3102.478,0
0.020891417,47.78979591,206.936,3127.939,0
,48.09583434,194.616,3443.354,0
0.021432427,42.04563057,204.37,2448.442,0
0.021202164,37.24578715,213.511,2678.627,0
0.030568298,50.99088256,195.776,3697.901,0
0.025763391,31.52537672,214.623,2545.579,0
0.021716307,62.16943562,192.663,3821.983,0
0.026011616,40.64248387,204.107,3252.401,0
0.020660625,45.87686551,217.256,3068.948,0
0.020077608,55.9642532,200.54,3533.387,0
0.033609891,53.90694127,192.374,3298.926,0
0.024556246,58.66807406,162.064,4939.609,1
0.033788467,63.08313314,176.165,4060.993,1
0.026774316,53.15150596,196.673,4041.259,0
0.022578627,57.00178074,195.812,4562.325,0
0.026549124,58.03250649,184.967,3714.777,0
0.025841349,44.07028929,211.617,2739.803,0
0.027198936,51.22162946,198.814,3425.589,0
0.021835985,43.18899893,203.735,3175.599,0
0.027381896,52.91083033,189.948,3821.183,0
0.022210815,47.55500462,204.767,2601.733,0
0.030643272,35.61443636,213.399,1595.837,0
0.035537445,44.21207457,179.878,3474.167,0
0.028836331,56.45553962,195.246,2631.962,0
0.029754673,49.2574045,196.301,2955.117,0
0.022860947,37.9208096,212.469,1593.187,0
0.020517681,41.21688953,210.478,3109.293,0
0.041074708,56.6718092,167.465,3123.165,1
0.03101399,57.83460317,191.179,3459.404,0
0.025529517,48.81244054,192.543,3929.868,0
0.029428486,44.37468801,205.045,2616.522,0
0.030899569,39.05022888,197.369,2497.971,0
0.021797153,51.97122639,202.696,3598.987,0
0.020028363,52.30868993,186.592,5477.572,0
0.019012904,46.94640835,214.693,2084.218,0
0.025610139,51.55356267,191.941,3515.699,0
0.020559278,41.41610642,208.564,2997.718,0
0.021595746,37.82185035,216.01,2704.054,0
0.027322729,42.58494249,193.401,3002.938,0
0.02074523,42.9965982,206.002,2723.185,0
,45.33695037,193.782,3239.438,0
0.024471243,35.82635871,215.843,2322.242,0
0.029861347,61.55718901,187.571,3332.305,0
0.016047121,49.83197108,204.683,3554.413,0
0.013474646,55.96732417,195.707,4422.559,0
0.023626977,46.10819028,207.659,2799.153,0
0.021433873,46.04142881,211.345,2443.132,0
0.03208663,45.41488373,205.144,2664.352,0
0.022475169,58.85779902,188.843,4007.364,1
0.025963434,47.77538838,200.731,2822.761,0
0.018159845,50.70344341,202.23,3878.075,0
0.023340034,49.57745876,206.645,3210.374,0
0.023586511,48.30432023,200.123,2979.726,0
0.020010866,52.92407545,196.449,3525.518,0
0.026199031,38.21620112,212.344,2981.794,0
0.006277573,45.78718326,217.115,2568.972,0
0.014408001,51.59376201,203.008,3049.558,0
0.022182893,53.96788081,200.323,3108.744,0
0.027700174,58.13302072,182.417,4201.872,0
0.025821599,51.51818375,205.715,2274.891,0
0.020957929,58.18030483,199.898,3542.95,0
0.034585751,66.89443502,168.09,4911.745,1
0.021542114,48.37019099,206.353,3135.028,0
0.024187309,44.71022239,203.454,2993.075,0
0.019467356,50.12565371,201.551,3059.095,0
0.027805284,49.56820435,204.078,2981.941,0
0.020464004,48.39990023,210.508,2722.816,0
0.016406589,44.90769374,219.251,2567.417,0
0.025978673,29.04338197,217.328,2774.43,0
0.023492287,66.32878666,179.83,3824.985,0
0.028241972,71.79454038,181.646,3284.233,1
0.021158974,52.72999673,198.937,3842.634,0
0.013775715,52.02134001,189.591,3922.603,0
0.017479166,52.27708139,200.907,3650.722,0
0.018755396,31.31355595,230,1473.459,0
0.025781036,,204.344,2714.588,0
0.026171481,44.04426102,211.048,3487.669,0
0.013400239,54.50482666,206.963,3103.28,0
0.021317328,46.77122996,214.589,3214.383,0
0.018143147,54.75777389,205.025,2987.96,0
0.01094799,51.17050743,211.685,2581.472,0
0.026415787,51.17274129,197.033,3651.436,0
0.021462477,49.53499014,208.491,2860.546,0
0.027505911,50.04604421,186.793,4059.738,0
0.024766186,41.52263407,203.849,2539.05,0
0.015702528,55.70625279,202.929,3706.766,0
0.028170434,49.04833809,191.468,3903.929,1
0.023099504,35.38650181,218.32,3146.09,0
0.019853148,51.1970949,209.213,2816.18,0
0.027746775,43.46447637,202.685,2366.279,0
0.014732087,53.96807695,211.933,2484.216,0
0.035675027,,167.746,4949.37,1
0.028909707,49.26240096,200.855,3392.545,0
0.026496077,53.01583395,202.381,3124.975,0
0.022336954,48.21207033,203.706,3543.941,0
0.023645891,54.78544095,194.831,3449.553,0
0.024792835,53.9030926,189.564,5085.602,0
0.044617012,35.94699425,181.363,3300.228,1
0.022853984,49.63843964,207.111,2809.514,0
0.028321977,48.09838105,185.072,3931.762,0
0.029502867,48.79656694,185.882,3669.273,1
0.022726572,61.60175872,200.326,3235.155,0
0.028209822,55.85262372,195.128,2914.626,0
0.035340456,58.55334418,184.827,3211.201,0
0.03090633,64.75457808,181.44,4235.139,0
0.023500119,60.47784299,190.954,3724.808,0
0.024200673,43.602764,205.103,2171.709,0
0.031930463,55.36382464,173.09,4093.592,1
0.037457982,53.15225857,180.474,3544.517,1
0.019311851,28.4335191,225.767,1271.481,0
0.024121677,56.51611391,196.854,3840.433,0
0.022566355,49.93940246,201.721,3020.479,0
,50.01367638,215.822,2278.401,0
0.014647682,55.92246534,187.592,4752.425,0
0.024336453,39.33205566,200.799,2503.648,0
0.030534326,52.67466032,195.503,3271.279,0
0.026717142,56.25935651,202.038,3092.949,0
0.016174735,37.33626823,210.382,3414.101,0
0.018033137,47.46847389,209.886,3220.735,0
0.028888183,42.78436669,202.728,3971.575,0
0.026923797,40.96875956,212.661,2694.281,0
0.025019343,48.32280698,200.51,2888.882,0
0.029535966,68.43005396,184.383,4158.186,0
0.029603218,54.58254533,183.532,3698.155,0
0.023331013,56.67082977,196.108,3444.641,0
0.025864991,43.174287,201.423,3227.133,0
0.030935733,51.54583093,195.616,2807.916,0
0.019779805,50.56320449,205.801,2425.301,0
0.015814756,53.20888217,203.377,2368.884,0
0.015762679,51.89224674,217.786,1995.366,0
0.023360754,36.63200672,210.411,2655.522,0
0.025235475,46.5573365,198.547,4179.024,0
0.022966453,60.66426629,197.075,3851.037,0
0.017255465,55.31333315,202.081,2822.502,0
0.01990372,52.62230225,196.82,3633.801,0
0.03106773,55.43298797,179.982,4012.019,0
0.016526599,43.88708217,194.609,3537.85,0
0.027984158,30.63100597,209.868,2466.848,0
0.028064395,47.92553073,199.99,2758.183,0
0.025836465,57.42530086,182.535,4762.494,0
0.033780367,59.871714,187.118,3208.917,0
0.014861489,47.93045588,198.981,3338.021,0
0.016945502,63.60245386,202.235,3758.404,0
0.030430969,69.36752619,180.085,4754.968,1
0.028199392,67.70696289,189.295,3602.468,0
0.02275862,48.62070898,201.22,2695.132,0
0.021309076,55.74850282,206.222,3106.617,0
0.027145482,44.86483312,192.157,3382.07,0
0.010096915,,212.96,3102.859,0
0.025449801,58.67084125,189.309,3728.417,0
0.020768803,,198.491,3591.226,0
0.020236132,50.3565081,208.655,2188.087,0
0.018234631,54.30974294,200.189,3063.096,0
0.021496557,32.97806672,215.464,2184.728,0
0.019688627,55.73201749,199.993,3160.88,0
0.02911218,49.96864836,205.633,2504.845,0
0.023227678,,207.415,2746.901,0
0.029449672,58.75990978,190.681,3264.284,1
0.030699526,50.21382751,194.29,3683.059,0
0.033903727,53.86519427,188.113,3267.789,0
0.019923429,38.59732592,215.564,2802.922,0
0.023461916,53.83628761,200.074,3365.393,0
0.013227336,59.60420559,202.564,3488.588,0
0.022498324,45.72704037,207.493,2409.635,0
0.024482134,59.07494119,187.128,4341.07,0
0.026226728,41.73738155,215.541,1875.881,0
0.021696649,44.957403,206.836,2933.708,0
0.024757556,38.36688851,216.379,2148.07,0
,56.13427656,188.834,3827.024,1
0.021236086,48.80698931,207.474,2764.071,0
0.023446879,49.67660403,209.085,2696.804,0
0.022467462,44.94919725,201.55,2749.944,0
0.01788242,58.55408899,184.261,4648.817,0
0.031732681,53.33220317,176.921,4811.414,1
0.031102783,55.52612167,191.652,3331.277,0
,53.15003832,197.971,3429.852,0
0.027030181,59.93677655,189.975,4731.628,0
0.010385038,40.33554114,217.929,2887.065,0
0.02706883,45.57356537,199.046,3710.113,0
0.021143685,53.00578824,208.84,3135.846,0
0.006973739,51.75323236,212.629,3563.056,0
0.011412429,39.14388368,230,1909.014,0
0.027238689,57.34906078,201.571,2602.853,0
0.023093623,51.09578682,211.742,3251.774,0
0.026679899,,203.641,2616.386,0
0.021172621,42.57828432,199.619,3815.027,0
0.033848544,64.37332531,183.158,3513.422,0
0.035084656,42.40416945,189.555,3146.406,0
0.029141781,70.34385924,180.05,4370.505,1
0.034769483,59.46899247,172.839,3714.033,1
0.043526428,44.73917864,140,5121.077,1
0.012864056,63.02490387,201.201,2987.281,0
0.023871335,50.56470644,199.448,2645.206,0
0.02538361,60.95382507,196.04,2834.083,0
0.029542833,41.3231945,205.714,2482.509,0
0.031582901,56.64214987,187.705,3843.723,0
0.03111628,60.81638466,184.295,4266.732,1
0.018740406,43.66817284,204.021,3038.306,0
0.013660918,48.73446002,203.877,3217.492,0
0.024755361,55.29356528,195.045,2296.715,0
0.02043503,44.25948971,197.956,3632.648,0
,47.59879734,191.814,3977.792,0
0.028675583,49.75131487,193.09,3145.65,0
0.02097319,53.36210795,201.977,2746.565,0
0.017023136,41.69957003,196.481,3696.175,0
0.027575884,41.46007982,191.191,3056.035,0
0.02467027,49.85778257,198.324,3549.663,0
0.01938257,47.94924959,209.995,2789.025,0
0.022791785,43.97702612,198.677,2900.579,0
0.027196425,49.063794,206.622,2910.568,0
0.034866106,39.51076657,205.234,2554.484,0
0.034775161,53.9898322,165.746,3307.583,1
0.028179085,40.4980278,208.356,2337.393,0
0.02004452,57.16346626,199.276,2863.328,0
0.02269913,44.38594923,207.901,2983.091,0
0.024308564,36.59756424,202.502,2711.608,1
0.03025214,47.96239736,202.1,2772.72,0
0.016925332,66.97413624,181.328,4825.06,0
0.033755557,58.40015839,173.607,4259.907,1
0.033750613,49.47835439,184.459,5099.495,0
0.012419174,53.83772036,200.045,4006.635,0
0.014981769,60.22017664,199.88,3421.901,0
0.022082072,55.56509209,195.714,4705.081,0
0.028799605,46.13850111,200.241,3229.177,0
0.014451973,60.02822148,204.973,3413.178,0
0.034081558,60.01978157,192.396,3891.273,0
0.03658466,52.50071714,199.336,3336.135,0
0.03545415,41.36053573,187.875,3260.16,0
0.013866173,52.91791206,216.627,2401.497,0
0.010053605,59.77933901,205.462,3432.914,0
0.022455414,43.64480435,207.799,2666.549,0
0.021581355,48.05941144,201.785,3467.47,0
0.034506699,41.10581626,188.714,3062.633,0
0.021785793,64.20959106,192.135,3337.285,0
0.025611423,47.90365425,193.19,4567.619,0
0.01948639,51.75264686,200.428,3586.782,0
0.020823756,46.62974257,206.215,2798.605,0
0.013655367,59.73355818,199.44,3492.82,0
0.026762611,55.37747776,193.674,2729.144,0
0.025711606,39.80708594,208.608,2197.572,0
0.01399895,53.69915402,215.52,3745.093,0
0.021016138,57.47335703,199.412,3223.354,0
0.022627025,56.73176129,197.642,3169.847,0
0.030973562,61.93320932,184.591,3503.07,1
0.031002148,39.76761644,191.122,2668.229,0
0.010606102,57.20066401,198.351,4367.857,0
0.024988771,50.60190375,201.982,3231.395,0
,49.64259282,191.892,3696.888,0
0.015536688,43.87793759,209.157,3023.392,0
0.013242806,52.98853577,206.071,3427.345,0
0.018996241,46.16825578,205.706,2823.237,0
0.015187383,52.96577812,205.637,3107.899,0
0.029837318,46.68055383,200.067,2954.461,0
0.027113149,41.32144686,213.9,1940.328,0
0.022797057,47.93065716,212.177,3374.941,0
0.037137598,63.38683351,180.69,2948.579,0
0.015740701,49.77521298,206.118,3134.493,0
0.022306301,48.02571103,209.391,3252.199,0
0.021975514,53.86243605,196.837,4059.379,0
0.027161547,51.58774436,188.71,3725.395,0
0.030606838,50.81295001,187.634,4314.597,1
0.038923344,40.38636411,184.611,3023.779,1
0.025739306,55.6560068,186.146,3723.717,1
0.033513312,67.34959918,181.036,4067.981,0
0.021466442,46.09208418,202.12,2584.55,0
0.0239209,56.17392856,207.498,3351.691,0
0.028301416,53.57236927,189.034,3434.534,0
0.02733307,49.13020723,181.04,4603.333,1
0.027097763,51.26595717,186.99,3434.363,0
0.028404439,56.34392264,196.281,3413.466,0
0.026411911,70.04123267,183.322,4827.972,0
0.028939673,41.45586393,208.574,1774.357,0
0.022685802,60.79217609,194.363,3547.531,0
0.030355223,58.14261144,188.188,3710.92,0
0.023626985,45.52050211,202.968,2796.353,0
0.031948887,41.62565566,189.109,3328.619,0
0.013207068,41.77181997,205.53,3232.176,0
0.027120274,37.46531473,210.077,2237.739,0
0.028598242,45.7710925,176.514,3934.653,1
0.022553508,50.71899223,182.106,4830.139,0
0.022125538,64.91994003,191.909,3935.158,1
0.027120123,36.1432737,208.392,2166.151,0
0.014053291,53.08698254,214.824,1934.775,0
0.015956617,50.28603766,209.739,2145.642,0
0.023085041,43.70640588,210.611,3057.299,0
0.014307295,49.91822276,211.981,3273.574,0
0.020206174,60.60483153,191.665,4507.678,0
0.031220781,47.45682964,186.749,4517.682,0
0.021732817,56.40182589,202.039,3034.279,0
0.012379542,49.00369422,213.95,3771.685,0
0.025550547,47.33429272,200.574,3273.115,0
0.016433565,49.49433507,209.989,3006.239,0
0.029082167,51.39148436,200.728,3105.012,0
0.009515535,47.12536216,215.84,2303.744,0
0.04199298,51.87468408,173.812,3223.227,0
0.030903421,44.58956122,205.157,3115.791,0
0.012798971,54.60183185,202.468,3433.282,0
,50.99228197,193.747,3031.029,0
0.027139966,43.43907142,196.707,2197.145,0
0.019584675,32.88559398,229.378,1424.954,0
0.02148639,48.72847514,210.697,2869.413,0
0.013248818,51.59055785,206.38,2920.097,0
0.021135246,48.18627588,200.559,2470.579,0
0.033122035,54.05414223,186.774,3401.535,1
0.036330922,39.15189912,196.138,2615.835,0
0.025413205,51.52920447,185.994,4336.409,1
0.007566223,44.13768343,211.628,2983.1,0
,51.35707201,186.805,3459.043,1
0.014426474,47.07666366,210.86,2965.251,0
0.030099091,48.10395094,195.634,2727.259,0
0.019138422,53.18133214,190.367,3561.742,0
,42.87185441,185.531,3274.613,1
0.016826533,50.86448148,206.201,3144.793,0
0.01623413,50.75114339,201.547,3790.105,0
,47.8835932,199.768,2336.669,0
0.017598096,63.74880548,190.483,4677.824,0
0.015999895,67.31000352,197.699,3786.601,0
0.018749618,40.19601326,218.404,2158.822,0
0.040237889,56.56453156,177.796,4568.762,1
0.048082861,47.07742097,177.811,3202.043,1
0.040646467,50.05817288,175.086,3926.776,0
0.028190736,40.44758925,208.331,2613.694,0
0.029555717,66.17061585,185.342,3865.168,0
0.029025829,48.37851155,180.421,4275.193,1
0.032452936,56.94071747,186.28,3008.241,0
0.018745767,53.53441187,202.86,2720.716,0
0.022345847,42.12306753,210.802,3591.664,0
0.015373882,56.71879536,195.573,4413.717,0
0.018563897,65.00978415,189.199,4226.666,0
0.016450625,51.69880674,208.141,3256.193,0
0.017463351,54.55963537,205.451,3149.725,0
0.026322044,45.48929152,200.187,2837.004,0
0.025404376,36.52925204,205.2,2995.352,0
0.038837296,52.52655978,178.901,3930.82,0
0.012166156,48.10020419,218.741,2538.211,0
0.028823998,69.61414012,163.622,5279.712,1
0.037399185,58.69622307,170.147,3476.063,1
0.016513234,49.38697619,209.66,3133.836,0
0.028136796,40.90872491,180.392,3804.947,1
0.027037635,47.43004852,183.653,3826.699,0
0.02998385,61.95686643,161.876,4819.271,1
0.042324228,49.36037889,181.308,3668.221,0
0.036344735,62.41965221,177.965,4498.746,1
0.027914419,36.3135261,209.706,2864.461,0
0.022651419,58.93829486,191.528,4165.528,0
0.035063472,42.54152421,197.007,2935.74,0
0.023895822,51.23916342,203.717,2815.049,0
0.031266671,50.80390034,182.012,4029.29,1
0.029174925,38.04931973,201.764,2653.442,0
0.02469864,41.95796979,202.974,2458.899,0
0.028364147,45.77211046,194.569,2998.937,0
0.031507729,35.4126732,206.358,1662.058,0
0.024398182,55.24821695,197.789,3033.003,0
0.017946923,51.30493634,195.204,3812.19,0
0.012760597,59.39007331,196.008,4011.047,0
0.01752923,44.19170733,204.712,3465.763,0
0.02053435,47.30398123,208.455,2580.429,0
0.024242403,54.86112692,200.635,2742.019,0
0.034105543,64.17186018,183.44,2882.423,0
0.027949577,51.13377024,195.76,3283.916,0
0.02653661,37.44042191,212.148,2484.785,0
0.023741332,48.88363995,196.048,3346.034,0
0.027781333,47.28971945,197.07,2786.661,0
0.025052034,36.23840078,200.409,3423.406,0
0.020437016,48.36125906,193.771,4160.246,0
0.023500495,43.3289744,201.19,2908.443,0
0.018264464,49.34658476,210.12,2983.711,0
0.017648945,37.95317768,198.699,4462.225,0
0.018185395,44.75414743,210.923,2566.055,0
0.032182919,43.04569664,196.869,3458.338,0
0.024206088,45.72725372,211.046,2449.408,0
0.035044916,54.85137509,185.855,3929.392,1
0.015182716,55.87637775,199.174,3422.857,0
0.030249687,46.46836566,203.386,3100.01,0
0.024306829,36.84533834,219.542,2697.944,0
0.017887575,41.36461602,192.92,3186.617,0
0.019860002,50.55590738,202.391,2513.164,0
0.034255041,40.39903072,186.809,2576.601,0
0.016875663,53.45799772,215.992,3011.899,0
0.021956493,36.56680349,218.84,2824.29,0
0.024334516,56.57603493,199.025,3725.811,0
0.030653762,40.68223817,195.015,2583.609,0
,53.63928786,193.12,4092.784,0
0.023015114,56.48734994,197.857,3289.671,0
0.0263426,41.9773691,215.955,2694.851,0
0.014842455,37.71076435,225.138,2101.721,0
0.026270329,52.18021597,189.793,3339.452,1
0.0195655,44.67143057,215.194,2225.92,0
0.029764955,54.04422277,194.039,3312.379,0
0.032065259,52.63473394,183.281,4011.381,0
,41.60359857,198.626,3046.94,0
0.025448559,47.336965,199.842,2262.234,0
0.016006287,57.61747195,198.797,4031.188,0
0.018060468,49.22497485,206.977,3397.422,0
0.034141002,57.39667336,188.131,3703.522,0
0.03288729,44.17012109,189.88,4300.67,1
0.02458958,41.20619219,207.745,2834.449,0
0.039504192,51.85948908,190.746,2607.634,0
0.033405169,66.41304003,183.598,3956.473,0
0.016085719,52.07707162,210.278,3048.087,0
0.034729706,55.64042994,163.803,4024.15,1
0.034835297,45.46120815,169.565,3048.643,1
0.021639328,46.22532402,210.781,2964.505,0
0.013325311,60.3008414,191.39,4385.347,0
0.005,55.65940678,215.325,3046.891,0
0.027562864,40.62773579,189.063,3059.631,0
0.033924518,53.57597208,190.612,3049.647,0
0.021650116,50.30386867,203.345,3049.315,0
0.01084208,47.50538656,211.99,2789.062,0
0.016786655,47.98759834,211.56,2283.224,0
0.027336457,54.8255812,182.285,4796.114,1
0.024004586,54.64435462,196.766,3647.032,0
0.017799626,54.92357086,197.024,3842.077,0
0.024784755,43.19292196,213.568,2397.828,0
0.031397062,,161.962,4758.422,1
0.011910731,41.73902102,215.365,3475.438,0
0.013846557,43.76301982,192.052,4516.68,0
0.03712025,50.77710775,181.958,3501.97,0
0.028211513,42.07874572,204.273,2577.134,0
0.020602712,42.56188781,202.755,3182.63,0
0.022317794,35.92025635,210.437,2910.901,0
0.01854459,47.40918001,209.822,2927.575,0
0.035703852,36.21494467,200.524,2786.322,0
0.029406817,63.67532827,180.265,5103.16,1
0.023616037,40.09683219,213.76,2532.021,0
0.033929817,39.00952201,193.811,2530.392,0
0.029898679,32.37717288,194.656,2805.493,0
0.008329837,43.05032426,209.405,3623.898,0
0.022178324,58.75172644,192.032,4040.346,0
0.024017668,49.78592194,191.19,3380.038,0
0.022250093,47.6692278,207.396,2514.036,0
0.028668176,64.55549391,179.67,4010.752,1
0.028817293,64.62306114,198.541,3057.406,0
0.026516408,35.94782413,206.197,2323.543,0
0.036253998,51.15503678,178.9,3411.742,1
0.019032959,47.06268294,203.507,4340.338,0
0.013835136,61.44189592,204.735,3923.536,0
0.029768889,40.18925475,198.391,2951.782,0
0.02189804,42.83406227,203.346,3392.551,0
0.00942542,48.81149445,204.493,2943.899,0
0.025104519,41.92605563,204.78,2680.204,0
0.02315868,64.11650496,180.147,4637.171,1
0.025220849,46.85565365,205.075,3427.62,0
0.028509726,46.06947451,191.459,3227.028,0
0.017514353,57.61326359,203.727,3064.031,0
0.01879867,47.43042956,211.252,2956,0
0.019337584,55.63294335,210.653,2621.685,0
0.015215902,52.49016316,206.723,3435.082,0
,50.70333216,199.317,2909.296,0
0.020280023,54.76042114,198.336,3218.232,0
0.019235552,45.31239426,207.647,3428.618,0
0.023434665,48.03702913,182.839,4568.591,0
0.03080283,39.71587726,207.904,2431.405,0
0.031751301,52.21940698,188.413,3392.075,0
0.020315643,44.35346992,214.973,3107.598,0
0.027952905,55.65318892,195.633,3148.262,0
0.009765369,53.75303281,213.989,3413.413,0
0.024883776,47.29559743,201.814,3326.855,0
0.00939796,38.20010438,222.806,2505.504,0
0.030741302,48.29095107,202.499,2907.746,0
0.01421183,46.41683567,207.108,2888.274,0
0.028757449,54.43462505,186.231,3557.079,0
0.028577745,47.8601903,196.845,2947.391,0
0.039266304,58.55274025,169.633,3922.59,1
0.011758569,51.02072997,213.988,3507.412,0
0.02025106,49.52427421,212.009,2443.442,0
0.013816844,38.18728392,219.506,2583.768,0
0.020490297,39.04352966,212.342,2238.52,0
0.023689592,55.19379712,186.465,4455.803,0
0.021368851,37.54964691,214.548,2668.281,0
0.037213067,65.68776702,175.343,4481.098,1
0.019567014,40.87427503,216.2,2878.607,0
0.028332409,44.89275402,192.603,3317.668,0
0.023739273,65.15052989,179.117,4993.08,0
0.019709836,50.05876612,213.323,2895.247,0
0.022990915,43.23412945,192.042,3658.984,0
0.028153734,69.15536175,182.243,3133.648,0
0.028564142,,188.816,2774.653,0
0.021790265,43.03503131,203.544,2794.262,0
0.023157621,37.10403525,207.999,2694.468,0
0.035599562,44.30510883,200.147,3058.2,0
0.024440942,47.96803004,203.418,3017.975,0
0.030025505,55.15324011,189.136,3352.794,0
0.019060576,36.06941082,218.922,1954.943,0
0.029675298,54.98575051,191.876,3192.327,0
0.015364009,41.72801232,212.239,2986.89,0
0.017436484,39.44844132,219.328,2334.504,0
0.020513401,61.28041669,196.44,4137.622,0
,38.18230197,196.904,2661.223,0
0.02309978,41.81359296,210.717,2543.787,0
0.024865438,35.51481649,212.932,2540.019,0
0.022304946,53.24884399,193.116,4144.759,0
,58.0416204,202.677,2478.849,0
0.016861941,53.77538216,203.525,2932.769,0
0.012953543,50.11264996,211.981,3158.556,0
,45.70730716,210.688,2908.3,0
0.014015067,53.19841916,215.397,2495.782,0
0.031184438,50.4515459,192.468,3347.885,0
0.025027066,46.22083168,201.058,2965.161,0
0.026786742,32.3503756,215.456,2555.758,0
0.018708407,45.84664621,210.555,3399.255,0
0.014021347,53.4240713,208.2,2931.569,0
0.027521794,42.49875299,201.894,2387.859,0
0.027702913,53.50101555,191.676,3161.482,0
0.027637609,39.78660183,198.076,2995.237,0
0.026966753,54.55109786,187.761,3687.36,0
0.029364662,45.70200077,206.691,2551.541,0
0.025309856,54.44787318,187.802,4166.662,0
0.012466967,,216.942,2584.9,0
0.025954954,,188.139,3694.389,0
0.015720627,65.14438531,195.836,3615.52,0
0.03021489,50.04631073,189.731,3739.033,0
0.015802409,46.28689125,208.11,3062.128,0
0.017204287,37.3827499,217.22,2741.601,0
0.018654216,53.8357081,206.851,2787.168,0
0.034616723,39.89497368,202.018,2043.168,0
0.030863339,59.0875632,188.104,2602.74,0
0.018653643,56.90994585,205.185,3373.767,0
0.025308705,63.06236129,192.387,3804.106,0
0.020668059,49.48827552,209.231,2344.714,0
0.021967786,51.30896191,209.308,3598.009,0
0.015773817,52.36145742,208,2888.788,0
0.019012562,52.89227486,205.532,3456.153,0
0.019189545,46.47120737,210.74,3213.971,0
0.024412727,57.1717182,204.772,3637.015,0
0.015611722,43.79329501,212.233,2607.305,0
0.023650577,50.23287717,194.721,4236.626,0
0.011548894,43.0900855,222.175,2712.72,0
0.020246385,52.69009652,202.023,3445.922,0
0.020467427,45.78776307,210.979,2835.124,0
0.020676757,53.12872669,206.899,2826.162,0
0.016222853,45.75492288,200.157,3993.672,0
0.017050916,41.59618175,212.75,3281.231,0
0.015752869,45.9587276,193.933,4049.667,0
0.02667808,48.99021671,201.275,2503.706,0
0.020208927,51.46693326,201.145,3326.572,0
0.017095106,58.98929645,182.964,4260.465,0
0.025353632,47.93703342,184.799,5017.307,0
0.005,48.84886985,223.778,2578.976,0
0.023286888,50.64504606,198.989,3492.531,0
0.029065499,56.88049378,187.334,3652.812,0
0.017656755,,210.465,2439.213,0
0.020454193,43.6841937,201.739,3178.138,0
0.024010037,66.55657294,193.295,3499.413,0
0.030173147,35.4279543,207.419,2049.839,0
0.012893315,47.2146437,209.147,2976.154,0
0.027676355,51.27646048,188.629,3609.89,0
0.019085797,61.15652083,204.211,3186.016,0
0.021685291,50.53670069,206.151,3574.987,0
0.013527358,54.19469309,199.627,4397.25,0
0.01206028,52.94973548,216.214,3113.459,0
0.025516298,43.6134839,199.19,5059.948,0
0.021804471,43.48901568,211.399,2675.816,0
0.019871464,64.37411247,195.155,3157.602,0
0.031213667,60.02171345,190.018,3449.537,0
0.028989221,61.58523814,181.051,4518.804,1
0.025790529,47.39146278,180.693,4107.718,0
0.032076898,48.41309488,188.281,3197.904,0
0.028023916,62.07121051,176.645,4086.342,1
0.021339996,52.56765679,203.582,3712.832,0
0.020471445,41.0252583,204.756,3122.424,0
0.024106442,48.40054148,203.597,2031.048,0
0.024421301,41.74722935,207.417,2805.408,0
0.022219064,38.91064321,204.533,2738.681,0
0.032596109,37.44030781,196.041,2644.878,0
0.034178884,41.49730782,193.226,3366.076,0
0.028325073,49.64686844,191.021,3684.504,0
0.025784995,58.20435379,205.575,3149.784,0
0.026881238,57.95155414,200.368,3535.611,0
0.018395792,57.35434887,200.199,3156.672,0
0.037234069,,172.012,3241.302,0
0.013143213,40.7377285,227.537,2206.929,0
0.024102871,69.75173189,180.638,4925.261,1
0.02919212,48.5002181,193.456,3232.62,0
0.020619761,49.57358678,194.874,3271.244,0
0.010367345,45.51876238,209.702,3491.742,0
0.020213749,41.98589045,213.321,2195.541,0
0.026264863,36.36924171,216.306,1670.351,0
0.02396989,48.23702584,203.501,2605.973,0
0.024962768,51.77999303,204.476,2702.16,0
0.031027506,51.06193183,192.47,3908.029,0
0.022315669,48.23753232,199.493,2881.62,0
