metal_impurity,lithium_input,process_time,sintering_temp,humidity,capacity
0.019364947431696252,2.2497781867502975,78.06733304015029,774.1319963066987,34.39171849076931,224.746
0.023586925,1.927030342834252,67.38949016292018,823.3179863195887,59.01792965574426,195.759
0.026898644502048825,,70.5624418,793.9558667053365,59.780330709392246,191.347
0.025266737848805284,2.0758062111161557,72.10861071848962,817.2564185594346,46.74867986892308,201.304
0.03141682,2.608867553764878,79.40350169,786.0523334,55.946033369627536,189.004
0.019992793,2.6130326817006093,58.08007416076304,797.1311292560567,50.54063255591113,210.59
0.032942252,2.074391987308564,75.00580085,782.1048611457113,43.07335107445405,198.615
0.020545271,2.132242197744427,60.19573176,796.4269790968052,46.301185658683465,220.016
0.020458135756415932,2.642667802338621,66.73667496704385,805.8026142530554,46.58197882930773,211.465
0.026014536486950072,2.651797437860788,77.15112241608523,799.3947147765614,53.895779846284654,189.023
0.032151039,2.2456683877763015,67.61156327,783.7641939,36.50132452833576,204.816
0.017864865455380515,1.9318459839948803,69.92186707548986,778.6927964491919,55.900124547736695,211.33
0.021325147,2.3545577994230658,82.05553127169783,756.9751043236354,45.246800354425645,205.379
0.019280448595407902,3.022514886418531,64.44081912185767,844.8020576568996,51.43420507965053,196.429
0.024656912734946242,,79.64983873,772.4161265090579,46.881521574753855,204.679
0.023836401671950006,1.8624755469669303,58.74271832934012,776.0531130569033,72,189.083
0.028021203,2.686899330773361,69.75753599064682,776.7083927455556,58.52784184630115,194.096
0.019659941323955342,1.4405715686346858,67.44587100390669,785.1402979562664,57.86191608818446,204.027
0.020147029,,77.86439823317303,782.5480941437381,57.45258410299395,204.275
0.029937138,3.025268861750395,74.75555539133629,788.9639668708757,51.38070334177696,191.962
0.025416906615770573,2.7170952488922553,64.09533720186303,787.0546591924253,53.43005150769291,199.668
0.028934510262305164,2.286589965937471,62.55555124949104,844.5722149028311,61.69155433793762,178.943
0.03124611,,72.95857453137099,795.9486048526434,50.724679255213964,201.709
0.027955185785850496,2.4762976338644607,76.81206047050166,777.2930451182751,39.38885825808349,209.997
0.024056034,2.615677191,56.54717115001003,812.0147088025277,,209.656
0.016438588339467843,1.5863032483125452,55.004459014166514,856.2059628000604,47.70093310760659,196.553
0.039525008662168494,3.054353740179447,76.35328395995097,785.2206483590458,41.50068471,185.568
,2.628134723907253,54.36639705541504,838.4855201304222,64.69530822657052,155.713
0.025922399337087603,2.5526771641420836,72.24277156150997,760.1350742319795,53.47812859573295,194.359
0.025453790293311813,2.8263124502283596,70.55600564,805.526256,58.10172654255863,199.156
0.027905703400357914,2.2963790607816432,63.95221186977559,790.6463614545548,62.58683921980194,188.355
0.035546982773748875,3.026566010876371,69.80277490631319,813.6204999275976,53.635362705714904,190.939
0.026414847,2.5226917889152327,73.67086665739896,800.3900818562876,61.77193578394525,195.305
0.023675993698958314,2.2690790980060647,84.67500568724225,763.0436380669132,37.72910876,202.781
0.013120013061626187,2.8258191144097893,64.63952082243995,832.9590057777237,59.41929511182155,210.791
0.028625603,2.7098219272854234,77.51736548698148,818.0596635756406,40.57357101508107,202.243
0.025833387,3.586740964367489,69.86751765967726,824.0960716528359,40.623942459241476,207.522
0.027901302,3.1636790002199273,60.00147690865782,768.0174311,52.49607577240995,202.457
0.022238642,1.3739006182145057,76.51237363378405,829.5366496272712,45.27117259847115,216.353
0.018390768952796177,2.2703207167170727,71.79206000943911,775.9684847291026,51.86302416109735,207.316
0.021870782,1.877626489824391,64.94629649963301,796.1558892593087,48.99992775744338,195.695
0.006489181,2.7213643165317656,70.86287141577657,797.3106826163092,56.734560535120494,206.321
,1.9518495387406518,71.30980001974773,779.2808551157077,37.181923671528594,197.554
0.029626479,3.1924324103703787,73.55873463278981,815.6789384300018,50.43482868312306,201.336
0.017493261,2.5541807090137705,68.28494972157486,799.0962338962319,48.56310868934833,212.511
0.02983356,1.4407744441673724,69.38910469407345,787.9189758013181,39.628221375401914,215.771
0.017686208,2.1072808848713516,66.24097585010648,792.1277674095163,49.44689652219088,214.983
0.024202108400756858,2.7628822197755447,73.22827594121313,766.9280566814373,63.76615864932787,185.654
0.021863245,1.933569582202999,87.73359943305661,768.4923112582779,45.72879809301156,194.503
0.018306699860757048,1.883684176093149,75.04259680779995,823.3191150582632,38.18513746523415,221.372
0.008656547,2.0847131053321393,65.08215359291319,795.1111918315535,50.55504908106223,222.478
0.030549315,2.677716489985579,68.17457849783871,802.2689247907683,33.416132512069666,217.83
0.019373476,2.561132194535468,77.37328275437683,775.4038599191518,47.72508929567924,207.928
0.007343744,1.6775831352112678,71.66178474681189,799.3209167,61.46571605284938,217.633
0.029884462258874374,2.7392791377018098,71.14744401700558,815.3082209980901,58.682296035567276,197.542
0.021856569588333014,2.9130625217795316,81.85038116397558,752.1294881,38.03951335818236,201.912
0.017786739372696116,1.0689589238527835,74.49324055801476,784.5993119969003,45.52342171160409,217.426
0.014919661402801128,2.88163457,61.17494537084953,802.4160801676278,44.49302174215393,220.134
0.015245004643580216,2.0379614366681436,81.44308479953396,818.3705347781275,61.64036461016569,202.726
0.016465782129994236,2.687782047733109,63.032352501338195,756.6632129,55.09976722120897,207.199
0.021756673599899495,2.468396417923501,72.93476492486411,768.6557305055092,47.97297944841588,208.281
0.022341892704076487,2.1873472843464836,65.28674015502102,797.1691033,,188.017
0.020397955,2.812037748,82.36576426717845,792.2827143180593,50.409136468417294,210.879
0.026963892610587493,2.142689670185927,,813.9701725167889,49.45615795212476,199.803
0.026669808325253362,2.5048984914158603,57.27145141874678,810.3521418612208,30.72062427,218.181
0.027438344631307492,2.9031003183226325,90.04488957643738,801.7903115185786,62.888929187996965,188.399
0.024540903230428318,2.8646101056129174,72.16902465839294,783.0680958999693,51.93327776,207.595
0.018683908790845877,2.460562057303397,,772.1830215559473,53.58479491148963,203.152
0.031091712944901203,2.618237900054521,76.14547351518156,829.8497573,55.71056109,176.634
0.021327262050228894,3.1709010221735157,64.67255762082407,790.6927404894321,45.73238122268221,209.775
0.027038270249578243,2.596900919621692,47.43706067,836.4939449295676,47.51612819043245,187.045
0.020837506813022467,2.184296910983004,86.20676842471232,778.0742705213867,51.375682659496476,201.45
0.011380859135888627,1.9700481042025295,76.52596532,796.5321824063116,63.34310088895616,212.197
0.027271263773175985,2.517146277584425,62.61571743758368,823.7418423126769,49.85949738818043,199.345
,2.476701039680922,61.67909661388152,791.1337399306334,56.27875229286508,194.468
0.018954293022168472,2.534930952248098,60.80476970870974,860,48.664576559131476,193.379
0.018321654,2.293043749233278,74.28166028771409,786.6567741875945,46.32927605,208.285
0.029132727862603767,2.7394336674892563,83.82326114899725,798.8820168855667,42.290892445049565,211.698
0.019291977,2.0236009327181543,75.74324397029946,808.0582534,42.71540092862841,218.688
0.021029584715123256,2.7215332505978775,77.85296826,773.7380727861896,40.27287260716695,214.156
0.035115498,3.472687819533052,67.59608463,834.1050047651628,42.61690846483786,183.571
0.022984003,2.527432093661733,72.67931208382672,820.2828036,48.498632072572384,210.132
0.018129913617988314,2.143343235980563,93.39281060410998,767.1084978603881,41.83501584,204.46
0.019772484116524294,3.493781424925475,83.90789100391503,817.8076535317784,47.605882368917946,201.65
0.017255649912767783,2.4862868055891942,68.94560151,826.6390625681695,59.99732213635022,202.318
0.020998244956106346,3.145235513347261,72.69113076710718,805.3548939649575,63.45453295440659,197.839
0.030155654246443283,2.9073096924391093,70.09138971523795,803.029053,50.48308742739534,193.359
0.023319766418665757,2.3558782914309777,68.08729647394193,789.6015484821042,48.37668812163562,211.688
0.029146270506774066,3.5163869367305916,69.30654498729352,808.5910165352614,57.96561108719939,193.405
0.027451810878217294,1.9596530287982854,67.81463487,802.5300767422153,58.79983720273667,195.947
0.024408511,2.2749369167416806,77.52554433901052,791.6093113617698,44.97547133019701,207.093
0.016075244171352133,1.9523567589890574,75.7170494,790.5561407900396,33.066764408235755,220.815
0.025186371,2.1085701407756634,87.17491688034984,740,40.97775388086629,189.197
0.026234572563218005,2.6006050788395205,59.08632536453811,839.6070412449569,50.28461182,195.719
0.023812363548871725,3.0612473528250668,65.86487138964466,817.9280994989396,47.10533970332527,214.058
0.028081090289056754,1.8793163820864014,69.21152290102778,806.0807930994388,55.33258134887627,198.501
0.030042926077284454,3.1080068364606492,60.68385244961115,802.7043738882384,45.32100692053599,205.465
0.034743712,3.249710373351996,87.14683218364993,764.3549108039983,48.232261457709164,188.263
0.041003692,2.1323355563976287,71.92302771630779,751.6425422368279,59.959579029171564,175.911
0.027608451,2.2123687134005436,77.47673899873543,798.4368891321775,58.39471688434726,197.667
0.025797486801277747,2.4858165472183016,64.68959320103221,783.9061163526253,45.02234043764226,197.545
0.016722710003083775,2.7122657565812047,84.92803592675315,805.0296882,45.022658397965934,212.97
0.026459358,2.5705809536828887,95.56414524,788.1942796097829,50.953806889019134,202.942
0.016296145,2.9916280932773067,75.30605398241259,799.6420469282709,53.58659252778528,210.435
0.016728868,2.2910215162097085,78.80830164253484,815.3020434494582,51.692877862360405,208.442
0.037890136,3.7778760966488116,71.96680673381773,813.7038838950599,28,198.11
0.019466289,3.198764642831389,62.538143632007284,830.0177818,49.98464117458923,200.5
0.031246637068075536,3.039507404736485,70.81234941150664,795.2381103249676,44.06246324802051,201.992
0.035693244,2.4391420715231105,69.71622836267933,818.9944187183006,58.837433723220244,177.043
0.018545961265114014,2.3197939820036306,68.75047552868634,800.4004665423198,55.05585187009116,209.35
0.010875738954790054,2.047534149834899,61.683606293125855,832.1107521821405,49.12212654695853,216.79
0.026448148849390545,2.8900354568798967,75.87638645543541,808.3324569667125,55.07128302186994,193.424
0.03532198,2.647769214456287,63.95997366406681,793.2291414856577,45.99404204994467,204.54
0.017912122,2.4548293504353094,63.67515661235954,763.0386500269118,52.52838296515429,201.245
0.026240313713873663,2.3435662767198333,74.22262322287948,807.6552660465727,59.501075141768965,191.984
0.022712722,3.023996277903978,68.29245388381715,830.2109437064668,55.41921094953842,202.316
0.032412788,2.3155582437861657,77.30615505933983,779.4438307654241,42.354998660788816,201.952
0.014049587383173402,2.070526178066553,81.39569661361436,769.5201432600259,53.289375344127706,197.798
0.021096027033994616,3.206551266,63.23107112135711,822.1531453937258,,202.758
0.020199505249734948,,70.68580369710715,786.9302978176253,51.814288368873086,204.267
0.027844091771030564,1.8903357949155364,65.19834774989249,774.8933904,50.88316580489775,200.275
0.018524850643234298,2.884493667,84.51010130414771,810.2634311539016,51.442911544211185,205.782
0.022730522814640632,1.7153057754123697,66.41189462667278,835.4961980071387,54.786776376599065,198.322
0.020508638671589426,2.0985512125768637,62.88460919667885,828.2288694518427,47.82660493050166,205.072
0.025410772051317657,,73.46133468059861,789.2185659166229,53.60253822,195.045
0.025698467316814008,2.4549368514296797,,826.6077287459077,33.22039233911887,211.233
0.016055996715139687,3.0196326020492714,50.571481118596466,793.4045849,49.28962841829999,215.82
0.015697262405445646,2.558500096474297,72.83693911528326,802.9216245245352,46.92603269695544,210.409
0.031066787,1.454702882383824,68.87790948108501,768.2622573794525,50.010718774035894,194.147
0.024196334,3.653545544188539,71.77003805868732,788.902119,43.11326657181144,215.474
0.02800715,2.304310021,86.87177627185598,762.9260343951595,49.32119574670392,190.679
,1.7337296960874622,80.14168781,768.3711792135513,55.062863316858454,197.166
0.007133156,2.5182637804219805,83.10133403277615,825.0453700975188,47.946767068801975,220.832
0.030191516,2.877489806770997,57.68222760395109,821.2276736777752,,192.356
0.012451848714245118,1.5575227218125915,74.84222283947261,771.7655187060174,57.094072435237905,207.553
0.030485155809948313,,87.49684042435243,768.6680269016229,60.59964543505305,180.384
0.022481755837841365,2.0439863930399125,62.36508489990516,794.7598286920071,54.47632296492933,199.4
0.021426748910751914,3.2976915177925474,76.13392553193023,824.9164276022874,54.56429628910789,211.898
0.019094063462951574,2.041069038052421,67.92530842774885,766.8693266205216,46.70280497234426,206.395
0.022533277438738165,2.3708603658691834,86.81833044547308,808.4255696280864,44.972122158905684,214.5
0.023386533661037826,1.9274120284080838,74.67670135845185,811.4369458272959,49.603529299587336,208.012
0.016037998018505972,1.9460567716294725,57.55809663276214,823.0209086647756,52.984418547473425,207.114
0.017260284,2.0568353172102976,74.89715009,799.0911787737049,33.88717924107768,222.387
0.028957405,1.5074773679485254,58.50744021762496,844.8232146399822,46.48756872,196.889
0.027556487,3.142533492898252,80.75855646,797.1588521166319,50.42785301,201.785
0.013753003311367347,2.2769266032450006,75.90390541723758,769.9121099,47.21981270245185,214.93
0.028467303272205393,2.3381050627485207,55.54536724486418,829.7233602733392,38.119556166980516,201.095
0.015469125,2.3599520660035367,60.67285130005627,777.9333859551235,37.28881949,219.058
0.009765235,3.197657094643623,68.90585945,802.5004672882258,53.74842222804962,214.449
0.030097909501144222,2.4724270238723114,73.45343409,822.0707136,68.47875537672063,179.238
0.032670375897961956,2.8813751378842603,,804.3214953447507,65.30363846185402,176.823
0.017362778481834255,2.2643154610533296,69.01126002674415,776.1779574913947,56.89600040329707,204.409
0.032320837,3.078978494633754,66.77489310854456,824.9050174595184,53.23884070108567,172.796
0.016738759839207536,1.8772055352896229,60.856911970384196,781.0105289301241,28,227.81
0.024577980536972806,2.1981406292916303,82.40587425907846,784.2698767533775,,202.542
0.026423888136679754,2.4682289033482907,66.49679671378495,809.4697996432888,38.72144456841752,205.109
0.024466750280177554,2.268436100546221,78.30371321,846.0468217776323,49.929642484115426,198.102
0.028496496098930856,2.838901079984973,60.77080246811662,825.0003172,57.963922263562544,189.497
0.020118581,2.6367988255618897,65.46426994057481,839.4047940370772,56.59541649907984,201.231
0.045952853,2.1987634544412025,72.01991993614706,764.3906486879827,49.33240973418725,163.999
0.021243876044476535,3.7740862988445985,77.11422816880373,829.0190040503844,48.84777871956259,206.479
0.021740870350621087,2.266400918605074,86.20587004763136,826.0876241603698,46.83804683997223,198.831
0.014402146,2.439654957128562,69.56443688,807.9129399805173,43.169926219300706,221.117
0.043591642,2.469791191595777,81.57385805124805,767.9684401,59.00035137,180.577
0.025611036060479084,,84.46731942,774.7733950192643,53.599826730772385,197.197
0.031545097,3.024588067931317,62.31328895410388,809.1624061028765,51.42992770629062,193.389
,2.1959029036760107,76.95846440994195,768.4225513381584,55.695816183928414,194.01
0.020709932,2.3486984310905594,73.91406179721243,796.6189848375968,,211.436
0.034517207930672256,3.051895351466912,76.84410731725804,740,44.28098750481992,184.167
0.025775793729241166,2.5190793082854435,62.778520144807835,764.7670903256817,58.631032312237906,190.961
0.015361292091563257,2.356799620146306,61.054854295506765,782.3063731432864,66.07004308948112,199.629
0.020493525,2.0998612823939116,64.79256746762368,769.2618002037322,49.16033475199862,203.867
0.038588295832957815,,65.85146517,799.1679310305028,45.34622920638203,200.514
0.029867852128996685,2.193812000247837,61.19307405928516,803.2188108098553,51.11939449631291,197.628
0.018531429285319742,2.3253768634995673,70.73530428,803.1442320381433,50.201029689728266,215.597
0.019099242516958007,2.053163832117509,74.60540773,808.4459404126075,52.76581263841264,206.557
0.042849485,2.969528722666926,76.75118949436536,746.6119312647766,42.12004057820447,175.648
0.026272695832062053,1.9871298313787402,68.92332700734457,806.9804292578455,51.90880632742755,198.505
0.026657378,2.552136798062143,80.54368057322276,765.3275443727133,54.06463284159252,201.239
0.031440879,1.9076263368224478,73.97727719015823,803.7433412983155,54.257034991051505,190.102
0.030247738,1.4636028289597205,79.81601800405481,823.6237044995331,51.53936894214545,187.587
0.023703227790651597,3.164709598151092,71.96309804256882,749.7859848524573,49.86369688530029,187.779
0.038582481,2.5979151853001583,73.78109624109798,796.5762954,30.687137191751702,205.481
0.029470998628115135,2.6468918011615705,72.10786500384843,792.9606150544047,60.18306215003731,191.634
0.020378131,2.176365877103772,94.23916075944304,789.4836395422542,69.09561439659137,186.055
0.031064038592824923,1.9938771199784666,71.03721780528693,806.5260059646779,44.41055651212136,194.071
0.025283752239974575,1.642589923026566,78.68093393041269,752.2131644847947,44.19187921839219,207.368
0.016663462087617112,2.528131054194105,73.98464649061121,779.2426245,51.98358049,206.371
0.038465814312321565,2.434245242089973,76.97763652448265,791.9776705289305,46.273854681135376,188.951
0.035458356,3.4827709190147846,76.21296579132854,817.5120804251242,65.22325969819335,174.597
0.023108498160403872,2.067169426570246,86.11613100487855,745.7260628,41.898529188894706,187.822
0.03114639,3.0721866157993696,59.43022173321568,808.1068147841255,65.38356955253262,181.506
0.026779408769575106,2.371859121592355,76.41528708245235,813.8061103988633,48.28499912235909,202.03
0.029203838481832906,2.042045579567264,81.50539877394264,792.7290566038284,61.819149319797354,192.31
0.029572219212850113,,66.77736898851556,798.3841233562783,43.803919507892836,213.356
0.015147040663670163,1.3758445909441557,56.123418505390866,826.1415004,50.56335301861831,197.588
0.032595626,2.828492720600231,73.43638277364398,798.0628664881742,42.657971700659886,214.765
0.015915946955104072,2.8474423158325814,67.87393478695904,834.5268909,51.68533502179696,204.399
0.018935809,2.3289904714351612,84.48202277287099,794.2743518610044,58.873358491937054,204.107
0.026286343199320838,2.5696610171251613,67.08408638274084,797.5939088031165,47.39441511941017,212.833
0.023538731159435857,2.7687557308627517,68.72548890175476,809.0798134242538,50.73883230603566,196.098
0.036748399764968964,3.118325158016713,89.84827387036884,769.3584547947648,49.943065158971876,179.55
0.039322607,3.038137230020814,77.38572915068407,804.2457364788386,,182.621
0.023392292226501746,2.7188186650293718,81.44717075723318,790.2522533657798,50.45928057150526,209.73
0.012093215060732495,2.2054146987036027,66.23023087617472,773.3454341864557,45.301433897889765,210.05
0.029039722565203097,3.006255777972772,70.22240341469598,796.4053251370335,55.29102551913366,190.212
0.022011915,2.7726431780673804,71.55142517,770.3298817677305,53.14701496203278,194.931
0.022104543,2.5135977155228075,74.33022462,818.3811072470719,55.428191611200226,195.4
0.023461559078675115,3.3629971094565887,72.48834528312605,752.2929459979786,55.83863031212424,185.931
0.022566112,2.5238397147905722,67.36756584311765,768.3667425211885,52.13388934381313,198.211
,2.449852818557402,80.11537507616235,790.3703127815074,47.868691727398584,194.995
0.023330774,1.717972941690503,76.26673369068516,789.0706518042426,48.95979150801208,202.268
0.022961940092752042,3.178668290764213,53.143349327461465,,54.41487017225033,192.126
0.026951663,3.424869722964839,74.06338153794174,792.6977331368436,58.21524597056496,202.433
0.023124659743466176,1.891549148640079,86.15834294018504,797.5419765645505,36.246710928991625,219.198
0.029880397,2.980002146540477,65.94601367089413,781.8156503170628,43.587049273852394,202.902
0.027828604,2.809149555432984,86.58972456586368,766.4671371792517,43.03027142379349,195.662
0.032149738,2.7114725408620313,71.25109225351149,806.7641587373851,40.37842731279176,205.732
0.029887700455805258,2.648304278249506,77.83290568,806.5024824411327,51.907106998699405,199.835
0.013838897967850403,1.911622608587722,79.30731357,824.5986750660248,56.15885514444284,205.689
0.022953385755959885,2.550709102200873,72.20767680882207,777.5540687941133,43.712187136549154,213.281
0.019307655,,70.66980555401379,812.3556837206173,57.721363941829324,204.205
0.032669835,2.230805769007326,61.38821770137843,860,53.472078587600855,166.481
0.020652616631637213,,71.36890549377392,847.0812503625839,64.21746272,185.473
0.020269880128706664,2.3157377213798527,,785.4429166870835,50.11744111911769,203.055
0.040292575,3.351658661907627,71.20478669515968,821.0071182050493,46.17533554,183.17
0.022423358643167034,2.9709113569774113,69.93815652111203,824.5413061914963,42.05041698314813,206.133
0.034363003,2.529994132603086,86.13241518400217,782.6023722097017,53.983383474155026,188.923
0.024681389504867625,2.1674774835068384,45.26395767352945,843.1144768374812,46.05712184883552,185.774
0.022084429380190087,2.3427217375476164,72.70526392975691,813.1680381880751,48.617031340452506,205
0.034876331587886195,3.2550770085988883,82.67887451825531,,50.45197353594586,189.725
0.018461051,2.595824844558394,68.49969580312458,807.0070043956799,51.26758440399788,203.36
0.022523332790426946,2.454349341502957,72.56689400990508,820.7923641790788,51.05499050496922,208.639
0.012213675859424573,2.1462958704884896,83.93491437858914,758.8754438137914,36.28411283603103,213.229
0.024293505731215345,3.097282237,80.76277280713515,781.3193260059033,53.12363945643106,200.636
0.023221173659446696,2.4723348351975054,67.38493775022427,789.7559782645154,56.180318460662086,208.799
0.011601956956389712,1.6764073496070235,82.56655721562097,837.2872909930323,53.378312153002874,210.34
0.02033169,3.034312020462746,77.41932598463913,782.2393889,56.77043249846184,208.454
0.029514323106134378,2.6634277872289553,69.73837651787251,809.9126765709369,42.458560683749276,211.787
0.033415547,2.6605956107409674,81.73707339667617,792.2638630938662,54.807674277599176,196.102
,2.8855013268486642,70.21015342453776,756.2513561,54.839947005430986,205.055
0.029613969,2.9336946419043195,80.75923362437786,789.3802220461336,40.26717027768476,200.543
0.020204321,1.1280893207023122,74.85002105300511,792.5773878068018,35.10012197900164,213.548
0.020860373,2.299018767891269,58.01836369177967,843.7693408588995,42.551412096463174,201.986
0.024764587949688062,2.612040402218682,74.99900568630723,808.9086411,45.68371854463088,200.873
0.017290144434247482,2.6402687705594396,82.00030626,809.0401006250348,46.52639653392892,221.601
0.023528541,2.524939981054665,67.95496201934968,789.3347105941083,44.80589664311891,197.596
0.021501979807177926,2.4969432842163193,82.62000609603064,784.3269408158362,54.634255770567464,197.198
0.033002837,2.5722645644758746,58.73140283699883,828.1641401094184,49.68720863026758,184.805
0.022185679,1.8994644798708493,82.02449213030442,770.5948721634464,45.035851034810705,199.887
0.018869439661195045,2.343503790818163,73.89064080880523,801.7797715998466,58.270289343511195,210.853
0.024760537022008373,3.0535633179362716,,759.8431854130855,48.44016091,193.025
0.021180714,2.378860170132006,59.64833498432537,746.9790178120232,,188.078
0.033532226799526034,3.3560373891104938,,795.3098078093951,50.10684473234938,199.571
0.013410448635149405,2.5042582524143926,52.97127926679599,840.6974446445129,53.57329212223123,194.854
0.032006931755453244,2.5090251500053378,45,813.4642846289819,47.55104761232037,182.461
0.00984736,2.0117630281903853,77.07973747,793.8492270693474,60.328232441473084,216.254
0.023210776401441268,2.2726128439439814,70.48374323996757,816.1684133965014,53.23985855139741,202.362
0.036172862,3.476674819094946,77.04248270280283,814.4881973675282,32.24420593101558,207.798
0.020487602,2.7769147058610377,75.45667205067168,820.3134461696077,50.67729024586211,204.693
0.035922084,3.240033821981102,69.85611345407877,786.2367688853772,56.49388567997202,188.759
,1.5678411841644548,67.95237749137947,815.5213662720416,51.580450260220026,197.891
0.005,2.692600761412811,67.97522035408997,853.3692619304464,47.181879720401845,209.458
0.01267028,2.6981803220010168,,776.8042221,48.09250919215758,211.489
0.030555129158469266,1.998754639144936,,778.2737871859764,47.810368033457856,199.392
0.017249513503131593,2.4643168648289073,75.37939112332735,743.2987181648368,49.64003833885595,200.374
0.028370947513880418,2.530091490628631,,790.1472390512622,44.84633399690841,201.295
0.035304727,2.9686646554770464,73.77996404754218,769.3722339901301,47.16329962198913,191.235
0.015253358081342405,2.2649813485381376,70.71785567391204,740,44.04013649019487,195.487
0.028916423,2.4863420334972126,60.45332898221928,831.5941656945012,59.07031418,188.95
0.033873865,2.583507783451726,65.82002791159631,825.0456108,48.059047620797806,191.087
0.009376248,3.1021241633434506,69.55185405959456,796.0797865061941,55.917540067303385,221.111
0.028718848529972158,2.5774161174757824,66.40301691378457,818.1009620299901,54.329046705744325,187.271
0.039655527,2.8663380922742085,82.01737193984545,752.1423685,39.494658254400505,191.599
0.018959807737923513,2.347271335020156,65.21831485748416,835.4893948232466,46.311789755353296,201.898
0.026753459373494503,2.139331538413624,88.13795317213092,761.3703577484396,47.75945098,197.204
,2.7163439803482854,69.24470878996665,787.6501510375308,61.021889890197954,200.162
0.006559771,2.0333755914690617,66.77310335432011,830.2842713680851,32.45965207354073,230
0.013389524665439795,2.3146452210746173,66.84202362902852,805.5732436137115,62.17360362189567,204.541
0.013278378838289414,2.642372277525128,73.25014748824576,812.3541452812967,45.307874792640284,219.784
0.025469204498670343,2.5606631586068045,56.91559986799131,831.3140770996337,65.14439108338036,188.044
0.016430875,2.6206691080711324,59.06960789413003,811.2516900634338,51.16411844268476,216.645
0.021597742044886865,2.2995966567683466,64.83318603476998,806.0229437882334,47.435676973299614,211.583
0.030520874358375305,1.6470890592020089,86.82492469795655,769.9089311180963,49.13413329341621,187.282
0.010339143,2.364224498,74.42397573281617,841.2220445653846,52.87165152521177,204.87
0.018783748,2.532141713381565,78.07097714692206,825.1349092538703,53.75488527696619,206.827
0.032811371,2.5025529660402257,74.14738032,821.6272659,60.130436457354925,170.911
0.015845074502402953,2.312274117731982,64.32173135939722,797.5768857635446,,204.274
0.041192532,2.517657396249689,72.05516253558643,829.4425872633641,59.90306950334984,165.912
0.02375998,2.358579184910187,76.89352880706134,,42.82005623,198.063
0.027302956798093136,2.731139507,70.68277066871318,830.1788195976358,35.14551678447867,210.968
0.028390648089176393,2.715502913638584,84.00411706690086,805.2237614063305,51.691681218911334,200.507
,2.8256483071050464,78.50880994443172,816.3368809998301,49.55451957880005,207.705
0.031409092,2.4240641755519015,74.51260707623375,834.2680549966174,49.29674810104628,186.524
0.016725056626016435,2.7940722335651467,71.55577384119493,777.6662759718016,41.54090604269376,214.543
0.032253379382622356,2.646755081320769,68.23478798,800.556988,53.59852261245227,189.542
0.023106960556126245,2.873277811058625,78.48928950706701,822.9058700356759,49.84078663274732,194.044
0.020008338698788573,2.5020133842555063,80.09735447793149,812.6493722378291,54.06927634414479,200.92
0.026357762239902056,3.4822820964293135,67.30429866580613,758.6069964947594,35.948186234029485,206.058
0.025338248142760637,2.687693850992924,74.48578233588262,804.3038222703756,57.63478663273358,202.815
0.017698190828468158,2.3030489895003576,65.54089010300001,740,51.686916816704695,187.505
0.019869975,2.2477240542123287,72.96405885085903,800.5981792849935,40.878345146790735,225.326
0.025638902186438547,2.2468385699820304,78.12837899358858,772.4098532626773,36.123108024502436,210.282
0.03290283,2.8435071209099587,58.253738719522495,837.4532334491612,39.58452343869196,193.324
0.014352277078779813,1.2849757566137279,64.62459545820352,769.8529666444775,43.176497457661824,214.957
0.028290399773627545,2.557498930350119,55.95810685446043,798.4101667739338,55.99812442926498,205.136
0.023611062461974832,2.033000363223122,72.55899445532832,752.3568033378101,56.00118610585867,193.609
0.024354750721651885,,80.97290998605719,802.6596676449929,,197.955
0.024257487,2.812797971332353,68.02435792654079,782.2292527506451,54.44729625039554,197.268
0.018469956337327353,2.0693003972773685,65.33592827030719,802.0728742410842,50.755759934557105,220.587
0.025780043191033837,2.981529230749577,71.48126044652817,794.1004596431131,58.80296544557778,191.082
0.018260304,2.158770976,82.77607393967247,819.2688041303423,42.14472123239357,216.152
0.027407548,2.7479544099931323,79.42853104,764.1080604794847,46.63593325250487,200.023
0.023993486084869477,1.847345267518635,66.48013757497444,815.5944289842665,52.39134522067321,201.371
0.028727856713156943,3.4515008677645604,52.66110959298152,825.3376018280854,42.67819423077341,195.53
0.017896770806599085,2.7572669452754823,70.87903232598528,819.6576294934474,50.60319635,209.375
0.027765081,2.6708213357087134,87.07068320511647,798.9244586111612,56.28959414922331,192.661
0.019397299,1.608482840164855,70.54199731138016,762.1873427989611,51.00932157,192.308
0.029602932256578257,2.9410595327443447,52.313102712709174,860,54.08110972490753,171.772
0.036653532,3.064072508,75.67343539847367,766.1007207474073,32.05737902711653,198.633
0.017655874773116274,2.370357868569551,66.11783526049463,820.3771836277749,49.98465279992757,203.893
0.027072583,,83.06746367795587,797.1583163977548,44.69460999490588,204.627
0.028849126,2.5877556448504944,66.23267816,817.1941496379801,58.16977831375306,196.701
0.030945927,1.582577059600008,82.70014165328101,780.4638533,65.10339177223572,188.924
0.035164921,2.492408518724706,55.154891147304895,828.4221533931957,44.224043682106306,188.301
0.018648816,2.667803801538511,72.12429737961128,833.2381648862348,47.50688452840224,205.929
0.026308412477926396,3.7037961954019787,98.74807444348683,761.7624001791754,46.78996048544141,185.032
0.017591703728493113,2.7817759009582717,66.97542874814253,,53.379739393897815,203.611
0.034723085064491115,3.3825383913397324,100,776.1256441006416,54.24978582874065,181.974
0.031009839,2.569611904630055,80.17161271636398,835.2048894484476,37.20040532732524,199.198
0.027638759,2.263902718780419,71.75255841526175,797.1230234851511,50.95299143493022,200.896
0.017600752992269212,1.760157394071765,73.74370121,801.1575469677067,52.07430113227927,203.082
0.022674794153783553,2.0983509257947905,57.83586519175921,817.4972952210652,49.527662261559556,210.433
0.03266421,2.139936684735598,64.57928924273138,,55.501537480942254,186.664
0.027330661636495557,2.471543868892825,64.76851163239371,823.4699169417726,68.87817547463689,184.681
0.011621478498838309,2.5652848197390385,78.72770002511257,792.7686632,33.642173895961434,227.006
0.02045271,2.183481228477266,74.83621371,808.4221232437378,,214.4
0.021679135180582586,2.288688033383002,70.39183833,840.3742571,49.23293117947223,203.659
0.018975257888674643,2.7033321795228566,82.94378413316777,,53.88242626450513,199.755
0.026511604642247256,2.379292002,75.23385440100382,,40.89338618431246,203.208
0.009461876,1.623782346687722,72.75997960707393,810.2955921769957,47.67947380850199,223.843
0.026668421262870577,2.1484755602787025,65.60215700120537,817.5171316922252,56.16559025675811,199.783
0.028613409038658093,2.5317554549856025,68.04392869723499,832.0631210923935,51.83568291566744,193.872
0.022215234754543036,1.876581636774711,80.23058890357058,829.1922285063742,,210.549
0.009625385,1.9673041882591837,82.25512220030913,801.5185318519121,41.871867764734226,220.87
0.017904195593157674,2.8333239779148895,74.68381016922096,838.6075579377065,43.49620780287856,213.135
0.026138556491193326,2.863708953,67.41490924358862,818.024306,43.40695422928419,206.267
0.019345168,2.401334571308982,73.63533688156939,,53.303131161779206,207.554
0.024475491234725217,2.8738666738314893,86.72999778993976,815.2995734,60.12619940133244,197.937
0.023120625928850756,2.365140513370737,82.79838579078272,820.6487915887277,52.97860448048244,202.431
0.009902423,3.1828017702923677,77.36951403,777.5744261032138,45.134082165301706,223.425
0.019528680668714164,2.3959334895858477,67.88642910688971,786.4550490165852,55.412916414212205,201.153
0.014790594,2.3334816005145083,71.75044463666704,750.4887369510685,57.81332295982504,200.767
0.019438451110482147,2.531460139002631,70.90370573,822.7158936843012,38.015681796871625,210.707
0.025555509,2.6656595127327174,71.29040780497269,768.3189731006796,38.62358587087894,209.749
0.01996837,2.9478857805499956,80.05463233063186,768.8979191648598,46.65385287708953,208.518
0.021216606,2.3272471588109287,74.21945662895742,792.0813760437535,58.167062568019794,193.309
0.017036175,2.6361993612630523,71.80177119,841.2259596617139,59.6661026,189.473
0.019891587843832166,2.5958723095915692,78.18210295261947,741.4175304621415,42.68338977338119,199.934
0.016002206889427918,2.3975568178559405,84.61566243426819,790.8715291365731,54.36635007879962,193.644
0.026328424712336877,2.132643761978027,71.37914449456235,763.2474573601721,53.88098047095665,186.893
0.022728436022447267,2.625475980223945,60.17923711034571,814.3800192437349,57.72903744803285,194.967
0.025588762696921872,2.3032875429962067,76.52243608,798.7009808496531,52.64415622870076,202.978
0.030107942658392808,2.6977238981525953,64.47993575821998,766.2514085526149,47.39005054700937,190.718
0.030621796296652605,2.6205998676400486,94.29469718720716,775.2546470700005,63.948974938332526,177.325
0.016952751,2.172032959500087,79.50943421696613,765.0379604561327,41.771966072469844,217.588
0.019166116679142146,2.5027336437426246,77.99146588262586,842.1273573507983,46.4689415,199.191
0.023167618296423935,,46.56570681,856.2227704492657,55.63212059457323,176.762
0.013077553422087414,2.437836028846921,74.94861348832792,813.8686996312264,48.70623197567002,222.481
0.019493101938185237,2.218642385341388,67.31874543819396,793.7957565182796,52.27124800940379,206.367
0.035316645,3.1522267082425257,74.76020816035258,806.2426493264276,50.449645224713215,191.307
0.020885570308102768,2.1305787902858224,75.89119301727297,796.5063358711923,56.25702591275792,202.847
0.025175941695600845,2.3656994652928764,64.90817419576739,742.6288543036637,56.60536762642928,171.35
0.027211887784572196,2.142296824002997,82.03103513428212,785.9802789036581,31.92628897937911,211.602
0.028896406,1.9154749705107648,71.09798080085494,785.8622704117814,47.95868659982836,195.437
0.024075659194170713,2.710879365848865,77.01459161633295,839.612622,,200.395
0.028880486638034063,2.169537157749726,59.9902758,784.1444823408635,37.605942589246055,209.224
0.02292931,2.110874114316174,69.73042580714377,817.6771067,47.91817095549503,205.878
0.030033832863739843,3.2430618523048564,64.01532914679127,821.0297063160149,55.67729492510301,189.411
0.021760371774416032,2.937327595914115,71.74399049352462,804.6049016705751,50.52426064664041,207.69
0.016543108,2.2082224466086244,,805.1148348795612,72,191.459
0.014060539960751996,2.122837945954885,80.52612812640243,757.7492868080827,50.85724058271459,188.32
0.008355336,2.082023785731295,56.07834678912713,834.8511557,,216.361
0.021011713629424555,2.742693950400604,83.48050421476412,809.7773976962395,55.633522760985336,203.128
0.031056867058905487,2.1723645001963146,71.88750326257583,760.9432616193121,,187.72
0.035622698,3.138431140189792,67.54653175292768,843.5979384115781,57.49120333611718,158.829
0.037798796590869294,3.170072514306474,72.04706539338818,825.2195313700244,59.10365415520039,175.829
0.019186988,2.0061572322713412,59.31448313828451,800.6797334901963,52.12422919293178,205.81
0.017212318,1.8687857765074871,73.26587151645089,813.4349693458632,58.027810327021314,206.389
0.028472894325266125,3.1026522993629726,70.09920187942022,820.8399356761846,63.18489729459104,186.188
0.025415677244042444,2.883486545869812,81.99805121329344,,52.85405032246686,196.958
0.016838542982542365,2.980288199,79.35227652,790.5433113908881,37.315173003197955,216.395
0.013448656066091599,2.044377535187438,65.97606777828747,778.6592525725632,60.45599642723213,197.029
0.026623575576425095,2.9432551007839067,64.25124743,813.9308277464092,52.816023631501054,195.18
0.023548673578833133,3.1216008987695076,55.50039920213368,797.2579115614222,44.058569162390775,206.758
0.021276344,2.3771549470029254,67.11967679402821,777.7533831647685,43.38925458536873,217.96
0.016897564,2.4516611513708657,63.630266478314255,845.6238995271639,53.92485521964711,197.04
0.0402125,2.812098811453261,79.80786891096537,796.6972796957143,51.488422749217506,189.951
0.025864769,2.1274500218621553,69.64940303511686,790.9374025105474,41.81081790640087,216.016
0.024098621,2.145826259422745,49.576158117291115,,69.94191093310815,179.565
0.038829262,2.517087196005632,61.65454914,860,50.56108414692902,151.667
0.024335483284999824,3.0689870187216313,73.34368848945758,830.2331758636296,46.29244309099683,206.407
0.022502807710886794,2.352662388738558,84.33848905331092,823.3653926122619,42.93259875129891,210.283
0.021143064471929936,2.215451117329088,62.04801389063788,,59.524805430943346,187.48
0.02311297,2.3795179688167667,58.796744715466446,818.2216789612203,37.55328470668052,206.474
0.024994767,2.7334026761260657,65.85502936276852,841.3902357335791,50.41321371557852,194.678
0.025196655145065937,2.5948900216289164,71.49212267382205,812.8820967760109,42.74450411923279,216.912
0.031971662,3.1559707198816986,75.75169173585932,803.4854489892061,41.19547733575879,193.819
0.034420877,2.809890840076891,86.69883916274038,,41.62232991938371,182.725
0.024538167109136977,2.8088032577243434,84.46459832849689,840.2424544461157,52.14219357994009,191.128
0.037607980295910795,3.0297527347950504,71.78308444191941,795.8807781786179,60.26234284882171,185.065
0.029861694,2.771883284519355,71.45700297880708,796.4182408237651,43.75047179082395,206.365
0.024910268,2.0705715829235762,69.64149574110918,782.0181593537478,48.82341200393117,207.438
0.018442979748758716,2.6793811748810303,68.11633719671748,807.9153396524823,55.57129512658216,210.131
0.009873814,3.290508919824847,65.40105487402619,807.6470997846088,44.11398407799744,219.81
0.018979812,1.6622594260586054,66.84310328221513,765.6278237502729,46.20735621306911,208.764
0.034286052,3.0563471559285587,71.46960308117664,783.4638067274027,44.184600328558744,198.677
0.034603505,2.127368090902535,71.40291237222269,788.9991675431546,39.82515852399292,202.576
0.020246268923520945,2.8185078097564937,71.48528466,822.8201272137321,57.397593574158336,195.864
0.019002942,2.433933784149721,68.52659261533611,,42.50942979963765,218.134
0.030583626536910803,2.7619335383090355,85.91597371398076,762.5594462954161,64.59903214245692,184.183
0.016360616,1.8460326222895063,,766.5521007397573,55.77761367173166,205.639
0.021378692160261125,2.9344145180352337,58.89993834973619,761.5608667,48.23475141406974,199.062
0.022899704169753662,2.266138665390964,78.62497412936358,814.3414890110644,47.56105709605274,206.93
0.015821753731188284,1.8755178146436584,69.56316629732282,800.7625675,57.67045324808769,212.262
0.013257979473742767,3.088347621503273,64.77114669570634,815.0113350193676,40.998211916961324,223.262
0.026986784725754512,1.8388213609658326,69.46509884198166,804.5350753202765,47.450615275385566,206.186
0.040246278724849094,3.1475972819696767,74.39694407048971,810.1909500606607,71.91603306486644,167.066
0.025310787,2.335476270918038,76.60162523103283,798.4715604143986,40.80672567569091,210.552
0.00772493,2.3900485038872255,82.36943553583677,780.1761205911604,41.25956584,220.632
0.031630137621705884,2.334649701891897,81.22901572970959,783.4725358316997,39.77032025778503,207.072
0.016124524886246244,1.9729742294275756,70.57969169344754,775.9800141624213,59.88626314395313,198.926
0.027812637357535308,3.1691932260914264,69.16562109,762.3090561709835,31.282015074340823,203.371
0.023282176623870072,2.3025919289226424,68.40363045538942,763.8633412784424,55.300209038250244,197.963
0.031748553,2.752577896900328,72.97318417879973,759.6588600453435,60.82075127805236,174.239
0.028930987,2.6522784430392705,68.68709684,777.8014553265763,53.16138514252389,193.695
0.024392357,1.859984605080216,69.30629616728812,829.0104985146827,38.526222340339174,207.477
0.01631442,2.8873507200338806,69.65924441158732,809.7852591670026,53.75781871788039,210.403
0.017537995949908576,2.0033564884691244,66.59593227,813.8684184225725,60.46332499023871,194.847
0.021857799,2.968841227812211,69.26245900545717,789.6765796047816,33.97749009179336,219.073
0.025600835,1.9851955699931685,56.731136768422715,812.6430586381632,48.08423147906941,201.896
0.021499466767881854,2.5086609393658033,85.16689604165525,772.3389687233922,63.60634206742653,192.578
0.025792669295468307,2.1183406493681143,63.07636845778632,807.0579230705513,47.13975913156372,209.814
0.031979894,2.633389687134008,66.24002878499073,833.1565857170717,41.72711088376232,203.665
0.026312221303419484,2.838022205249105,85.30389575427016,826.8612551904032,52.02563608,196.467
0.020317829400348285,2.3991866712224024,77.87619039770479,803.2584411496146,59.33030645225989,197.668
0.014954467446710355,1.9774602730471824,74.6922353,802.8348243102042,47.43216127693022,221.113
0.028361506,2.9357470195230313,72.27994471232395,764.3243592742186,,200.013
0.030997637,2.5614212775562923,66.70923186547354,809.7435879975313,67.59078282785866,187.024
0.03433325,2.8799997710356107,71.32362520401001,796.8331553589244,48.80531810342802,199.174
0.018002856631717343,2.6192233699411345,76.39421220952508,808.1306071250182,54.57676578878785,214.925
0.016394945122042752,2.219427731881243,65.96054011018934,793.2856280185638,44.97273777042508,217.754
0.030573246,2.2005792064681082,84.14938026385404,742.7463617225552,48.71765645741585,176.862
0.028405960286930095,2.5803151731112566,80.19065223,806.4990942885888,56.88494017869571,195.127
0.029781258,2.428893703774633,78.61057260640627,747.8605930634595,68.21230951634472,173.863
,2.237357115922782,63.93821867311972,800.2138949647825,48.24270662449154,215.231
0.034640369,3.6134241998080285,69.12951382185707,823.8937048324068,61.75010995723665,183.535
0.030548468514347418,2.503793334408546,74.66679929905139,774.1898896530583,57.79726152560162,189.794
0.020897243741678267,2.1431203950720312,64.34833133768012,793.3988317479284,58.08050957491942,200.737
0.023493912,2.5913903082373224,64.23596026612539,792.8015665521186,45.127174849413436,220.29
0.022036435022426026,2.4193986634302225,56.69289436147527,860,61.360223342296834,176.749
0.018591245,1.7596748186760172,76.78074847987715,797.0158668863568,43.289151123899856,222.335
0.032219041,2.944413242717103,70.18866174761752,813.7011167523674,54.266016169710106,194.992
0.024572664152781098,,67.20135683117363,782.8040183771344,54.85642747816441,193.861
0.041659405,2.8651909789216234,81.59814101094226,840.4897326214827,59.63606041284925,148.083
0.022354296457233445,2.9022884767707047,72.00263074789954,816.4194617206294,66.97339988052752,191.676
0.026046004080499667,2.1344238411053063,68.02833755740357,754.3323961439468,33.67312919481984,209.361
0.026916120498798716,2.491023255520287,61.90059643039868,829.0281135933277,57.10165005,183.339
0.017040303,3.090138836180283,71.00122925817914,791.7589641,59.67616561954309,201.097
0.021832214378882452,3.5785343586961984,45,857.6597498915024,53.35038262560438,170.485
0.028306006182619668,2.936812695420709,67.94976716125906,817.6957166860469,59.834599450523314,193.654
0.028720191,2.820108125901163,72.87466462743487,803.7086185612897,43.98370997078166,204.425
0.028951420606589204,2.3536950144801994,66.19621359502334,844.0865062852545,53.85908989865962,186.988
0.022161446119141035,2.9175041513159745,57.38274847,821.4727923975564,58.95269667880821,201.163
0.015974321092704462,2.1763038078905472,78.92815236650654,833.3205377046123,39.83000672070077,225.528
0.036540157,1.7897893755047658,70.42828827,827.1083522296968,42.33232715443789,183.57
0.029828324,2.636854715773875,51.41145225865214,812.3285285133873,48.95684608864376,199.794
0.022387285915070346,2.2657831557150923,69.1722439,795.2168920211998,44.724018430613846,212.018
0.022455806224032933,2.602362508,64.19627125813062,753.8920570857684,52.076890783225714,188.185
0.025066324226293964,2.2333240171689672,66.81634044307934,787.3858375598286,49.57910325555689,208
0.027483036,3.4097451889224066,73.68129951250673,808.7840663332785,42.53419559448532,213.426
0.03424777,2.6912437195483214,59.19530514702711,839.8895722077589,58.17235092785189,173.221
,3.1123594250596867,75.68679968213691,799.9765597684628,49.35114274760511,194.633
0.027669093,1.8358264743035337,63.71907473968817,793.7219931,40.81677699847993,207.669
0.028065145786320106,2.5565482746614596,71.62138022306948,784.0525136109636,52.819699977509714,196.275
0.027582985650783334,2.3828538350999287,62.85495323018846,793.0132927004245,55.88915409808844,192.901
0.023598053548300572,3.7012651748565686,89.89084651359126,759.2119623610515,46.220478303420606,197.694
0.01899243,3.152365527150832,67.59512176992614,817.4346653720986,,203
0.034789503987831635,2.6293251853684683,72.32747916567394,762.9867871441721,50.52786641534597,186.327
0.014527736655573817,1.9782198759115213,,785.1272545461056,60.16034347,200.664
0.014480789986415485,2.6017705056100446,74.59713595354027,,48.68124494736188,215.072
,2.433650464977267,64.32529730746383,826.1829473460997,44.43456704386653,211.931
0.015841375814084006,3.1239337090299815,87.3981062,781.39559,54.23061995,200.806
0.033735595,2.550128454908181,82.85446764398961,,32.73400269801658,203.879
0.022358156795030715,1.5325557397050884,73.94089283671097,806.1853239349455,43.85085756030827,214.021
0.025688330003079917,2.5868377845897457,82.17172310145628,802.7102664587389,51.69690960904979,207.965
0.022746221949544468,2.598873910917504,64.16899374531235,800.3682614686401,69.41334206985096,201.86
0.019497090940146546,2.4245819868364142,78.12259633964172,789.1411472653961,45.86700190420209,210.221
0.021786359261151897,2.6123436966964513,68.66076143553329,800.1473970668842,63.55012992609994,195.752
0.038787455,,78.67027503971453,788.3245212141628,39.01559472345087,196.999
0.027771999,3.2434859044244897,58.80064641462045,807.9310858281468,44.39167340809757,203.863
0.020691887589398744,2.867465885514128,78.09150212384935,806.1425577,44.01048901304035,211.332
0.025126175,3.237722773910242,78.76533926645716,747.3634751613802,48.89694248846211,179.61
0.022874170448895063,1.4715989919639068,,785.4267229806615,52.32106661671004,197.203
0.038202771,2.342671443025646,64.81602618,792.3976274973953,58.462678145031255,177.321
0.020260751574924782,1.8043968974432052,88.38783821346587,740,43.44740268799964,193.677
0.019197814,2.564381925171541,56.228406781723834,822.8856679470146,56.33199146,198.041
0.021385413,2.5952736500887066,67.76759117188253,808.8325418185261,51.43113369364144,205.105
0.020448884682242537,1.944591151944234,72.66798346701738,,42.81585797268637,207.758
0.010368003306679537,2.475982361734835,62.14386938893144,778.7314926803082,53.740918612541506,220.249
0.024290579969829355,2.2932856937970114,62.263985217514225,836.4596925087897,56.05694694939556,187.72
0.022921097,2.542874670181587,61.08124958064496,800.1757492856418,54.45917245754898,200.332
0.025909402541964846,2.288018689349138,83.70659636535211,814.7675213448354,46.61853612118138,200.419
0.017050177,2.5387206532626156,61.24225350078618,860,49.66465614260183,193.572
0.031754781380041106,2.4869512575616337,60.137106030623606,799.3803095216239,35.92072902434844,214.785
0.032376542785376425,2.710286098909222,99.76490156158357,747.9854555433693,45.15640409702428,168.044
0.028500776,2.224048842,83.26621545890988,796.9782958191225,51.360194514036564,196.757
0.028637901,2.233650007109556,62.59810994060478,779.8603755105071,50.56396983216931,190.291
0.005,2.109661073,,774.5154735757209,60.43464106128383,211.189
0.01964151,2.6939561795093105,63.0516912,798.0747546,60.56728002135898,197.57
0.033059996,2.335608661748963,63.55556725234484,780.6881958841458,44.807015026893936,193.693
0.020812667,2.500650472804486,67.48803196,832.9479641,44.05503673956439,199.675
0.016489896325669894,2.422299239516362,74.89291101525035,,35.499293067450864,222.916
0.024917044094327944,2.0071299708774655,74.97135154723543,775.1132702904148,45.51280727324939,198.213
0.022666878586472705,2.3726188176149443,72.81751354208372,787.5641380027365,28.035089080180974,222.875
0.031026528495451195,2.8173609897518235,85.87991508088986,825.3468894966326,47.387013331457574,196.875
0.029433816406680767,2.716940629390891,71.45285065481563,798.3285985156083,56.50606142975712,188.961
0.030372194516603397,1.8492968505784804,77.83541581649345,808.4866372272894,40.15791881921139,200.59
0.018691241550646748,1.4965821613448673,79.76699858,762.8523637386762,51.345646456890044,204.034
0.010598296785575107,2.2129825184385923,62.086918326826655,784.8336230901876,52.94408029195615,214.158
0.029609501620100342,2.363076199918062,,740,48.10380901568187,180.361
0.024237285869484534,1.5323953749439299,67.80837646301876,774.0452537042657,52.505324858658796,196.784
0.028304097,3.529235481911376,63.19795338802865,799.3458062367083,55.86442874403504,195.05
0.021998245640614197,2.9730269177546846,72.93856785361324,784.2256883035269,54.34141077248263,204.554
0.027159377,2.714643590067075,76.26680411,787.0143683909961,50.53744887723185,199.061
0.027775092482072963,2.344439574076852,65.63316498435542,859.5792257706559,38.97518926772781,187.585
0.032278871,2.2592492146315744,,758.8872580442047,60.27076101,184.47
0.026193918240827486,2.9119599534854714,84.89974246836869,769.5110328526006,41.85609020985855,206.439
0.027499595,2.2834991345614863,80.54916998789197,776.9520834791222,57.21893933708256,190.094
0.036403868,2.9788489472218136,54.22257270485172,834.3018251400732,59.69399125756925,171.823
0.024369264318195662,1.9575200674790976,65.89181993,807.4867033895608,43.03701060567135,209.641
0.024989231717258514,2.289653437399596,85.58826436244598,,40.407916859879904,204.282
0.024981124,2.8492200217173855,78.33624876296935,772.4577579904603,44.97344012,201.186
0.021295908318863067,1.7796382664764516,68.88478976068208,784.2868176557976,38.26206405210587,216.214
0.022214930708164632,2.3887935521471646,63.65760811,828.3875825443009,33.342070050961006,222.014
0.027000901,3.0308716489601553,68.02628389673603,821.2115677587484,49.24124314457198,198.679
0.034869401,3.0629469665299225,75.49146824833564,813.9013487390182,52.24965164738324,188.999
,2.399363803892897,85.97165836792074,780.6762548,52.583273843237784,213.242
0.022994500372457368,2.8706908316457085,63.14187967,797.4249395890313,52.054270252110854,206.297
0.026534754,2.9052460212181037,73.82539971343937,794.2084477406189,65.11503636813883,185.056
0.024065346329825626,2.555316293950191,67.23290887740563,752.6698117224526,58.98481688208716,188.725
0.020045492,2.2971208623481227,74.80409308976252,780.5392885184564,46.095129797291186,203.985
0.026941851246485567,2.427826120287023,66.30685804383978,798.1359072973852,57.912516971004315,195.262
0.019448734705535903,3.376916820225991,56.286362025963825,802.6375933142438,51.56654710305169,203.442
0.029178062849158647,2.5132359735234586,66.48679836,796.0084872633036,37.517060208455234,214.977
0.021092889754806103,2.102937759803246,70.96370516714066,783.0207339606819,42.85814232609593,216.179
0.029497534268542316,3.386585515896539,77.24067737,749.2148330729665,43.477708569643724,187.671
0.022362164,2.9417306664196095,65.41504955134107,796.1507146050693,45.91647320874176,211.215
0.022660191,2.925912451363378,70.03656346366364,751.6860273004609,49.03385138660794,196.041
0.027699948,2.2765558236310763,54.269076173656245,802.1803715269804,38.23004772074476,202.727
0.017959569122861035,2.6401540433256208,72.71135705466037,768.1144465329188,32.98321965107311,215.061
0.023275327,2.436949206682163,67.50083937826712,804.7227538023465,44.15430019839024,216.703
0.030992022298248822,2.8126783956873145,73.58293644163935,805.8104778,42.188918337869936,204.918
0.018612972057652857,1.9398082054364807,83.36211681461812,803.7512193,49.60925131412792,204.262
,2.203159667,70.34973369650875,798.2897692481354,42.127611815846514,220.347
0.025855424604451258,2.9359839604885885,72.33927004899736,760.8557665691244,66.24298392607284,176.327
0.022053325797413655,1.805810163252742,82.11002434259186,817.7003193,42.42349738324839,208.906
0.025732217,3.0087622159957697,70.76510609801825,798.0715806277001,46.96078540713157,210.675
0.018205978,1.6384906368391934,69.47440526809208,825.6570166806579,56.426513788994136,208.023
0.018370178,2.9663419157737043,,797.0159701267353,61.85388475633702,203.558
,2.6256979488360406,74.27888026540218,806.8202785418705,45.68378024183684,211.774
0.039060682,3.6470351431778183,81.47997940197871,818.8536208528146,58.63190912113903,171.108
0.012248375552969632,2.078953923797835,77.14956148203638,760.7364034923116,50.37301474235215,206.624
0.034697395,3.375909968520419,71.97064733836775,774.2800762934071,38.15829871100152,203.86
0.020401681704296883,1.9697821678465022,75.22212244,763.7853343703675,55.811172105591666,199.942
0.016797585928171297,1.9350425773207856,56.04703482171747,842.5945714323082,44.672380833925665,202.163
0.020185751612828207,2.294901469492267,72.93081857218519,811.9915070515008,50.88144462225086,203.513
0.019891950421356767,2.0676609502026713,62.84955096,832.6108768973396,40.62593318493378,214.41
0.034696855,3.014935686965613,73.93153315,756.5551279922437,38.24267646343756,192.26
0.021072514706704407,3.047625989220537,80.59918431670094,801.3166051694104,,212.151
0.016442665031114155,1.9911331353880395,85.20794857276958,755.4637340085635,58.08625107204588,190.788
0.033658746,3.038953595854132,61.05436630990814,805.2471107563625,66.35858598781317,179.751
0.014726806,2.5048418133572694,74.09354074364187,798.1906437610526,56.30888895412177,207.864
0.022204575011406536,3.3067327756974003,73.62642852972489,817.8635672757368,61.41061581520027,193.55
0.029864415666051476,3.233303398695999,83.90670090062189,782.0783627633804,54.18559558,197.143
0.029955757484937725,3.6263918059704787,79.96641834143945,760.2178003158303,43.97500484967233,194.493
0.030086651450979485,1.9697241281056148,87.61332939163398,767.5431470670534,,194.689
0.014103472207869238,2.9130559729241727,72.25768174468645,812.9750966179216,43.875296693693414,215.206
0.020701713,2.656255537016232,,855.5220945246025,44.07736507,195.774
0.018916938750077293,1.9401045128551222,71.62402358473767,839.5535456294549,64.43144386602295,185.14
0.017972266842156942,2.549504872947472,,797.7231510700467,49.78856036207442,213.598
0.025070601504405314,3.6060167838724855,77.24077655307376,843.0949557091933,43.276118701368645,197.478
0.017017397258049877,2.698503707183239,62.42868005860818,796.3679643155842,52.429940019610626,209.618
0.026800365,1.4235764070258472,69.25854448306511,805.3234473899851,51.60374176861001,205.699
0.016876823,2.618240888706606,,817.6680794383939,45.48157319118059,213.475
0.023702863323106615,2.565817394557777,96.18501129,787.6512252,48.92936113795973,195.884
0.023661,2.950254543324248,,845.3482529681855,50.04258405301686,189.372
0.014740466,2.466302063706031,77.72562341,819.0179650954353,47.46701755950514,212.457
0.019837408817411348,1.6141066920929394,67.82237317587837,803.9792388710416,39.98518230256071,216.589
0.023287585852318163,3.192682012370282,74.92428112132572,741.6213252129104,54.966038565126055,183.398
0.038194068,2.5112589359050146,66.74892973919222,815.4628887824882,51.890166164712106,184.744
0.024295699977924034,1.4818407904119089,69.39487594,824.6909714603714,57.417811885510325,199.037
0.015719305,2.3610678056280814,77.73765343459856,766.2003261740883,48.57318852391278,211.582
0.007086572,1.9362508276509272,59.74301822870256,807.2945358818678,52.52273614229262,222.599
0.019025519,2.6049722974337826,72.29171459668363,797.6801275045119,49.953859630537735,210.694
0.028037686,2.2379503211197287,92.86635673,792.1419511737635,51.28753709,193.631
0.031592783,3.395325818079626,66.95833123,809.4119086028043,54.993544913738845,189.318
0.01727071,2.6040892575707035,77.68655844051521,775.7340761547184,61.81446904958566,209.435
0.018614882788239084,2.676140813978449,69.80048455184752,778.0142415974276,42.94697854018959,217.301
0.019433283707115855,1.728633595948541,66.81963964199288,786.2881294156849,56.366975904177544,207.1
0.02778411,2.3903796579726464,92.4371114,760.0467175618444,56.27007813918239,183.107
0.0402517,3.062923203564388,73.01113281273915,782.5556643023484,44.06024351661137,192.093
0.023621527496065088,2.2153628915768815,66.78293461024623,802.9961631836275,37.67141602798885,217.306
0.025596406240533227,3.1508989659065985,65.17229516,814.3944093073843,55.12241894132589,197.715
0.025426872491755785,2.5744388695312983,71.24974302002641,806.8285692017416,44.247316168892304,206.514
0.034340274437115084,3.473224586,81.70310185101005,790.2166369063486,40.30231981002587,200.408
0.011523209355043355,2.063296890634986,58.838747790891915,832.0547358726612,52.699945110550715,205.458
0.029056937791163594,2.011642159394048,81.61514133339831,819.6047734129553,53.949781715681986,186.896
,2.760139690910516,82.79522070117547,775.598199,60.728924893450284,182.015
0.022732419,2.1093639182771162,79.22376175869498,755.8257612206392,49.33926830603871,192.427
0.018353587,1.739781790262131,72.39219840837475,821.2333857771101,45.58378985472462,204.893
0.021658401356529355,2.5353132014525626,70.54793737351734,798.6683399651037,53.145127225179394,203.211
0.015226894504880658,1.8177194191059982,67.99264901875333,775.1839733411797,55.06271305881287,211.335
0.015030874525111555,2.776950513656683,,815.7011215282345,44.46276742645706,221.87
0.020895352470064202,2.6973033278991743,64.10653624,773.8543058488398,70.27994196879865,186.753
0.041071939,4,54.802856993681345,768.7569494465968,65.34531515703016,168.108
0.02340353,2.1970281451712363,79.82588644558922,740,52.91109603057259,179.854
0.034582977,3.283875077779097,65.6661253,828.8081722008928,43.232258065621274,183.685
0.026939520952029263,2.7146364500304547,68.42109281619828,814.7514553719876,34.40159059477575,216.581
0.023272415,2.3302847161285793,70.63624078,785.3527544960759,49.23601541352284,204.068
0.031133066774787402,1.9686087137124666,71.10928563003876,813.3883960305845,47.374857342826715,193.522
0.021399297,1.21760667,83.79331856970248,810.9273982190297,42.999122862442434,210.47
0.011261865097423636,2.0068648655150163,89.91930540400506,812.9652443284556,47.847793350186784,214.301
0.033924832,3.2217604990236586,71.41904191783885,773.2537773898462,59.156746710619046,177.097
0.021401002245286297,2.556490189721851,82.002933,845.4795239,56.93745451,193.494
0.02297853,2.9312772744333726,72.14444023530207,800.0762457950756,53.77960811484241,217.401
0.042826373,2.4801819417386093,70.72183833677686,804.4715817,59.17902145439848,178.695
0.029054260700645578,3.5785599449249528,78.41401336216471,804.0089767594727,55.29020087106436,201.189
0.024435005160496983,2.065579529082845,66.50042370919057,811.5761566,35.449937847008655,211.063
0.018606061,1.9956607431422442,65.39087905,827.5311346,51.90860888040377,198.784
0.029386562034129593,2.576675342,76.28785230323464,835.1783115456132,47.220550636110445,186.816
0.019422034516582767,2.373750459738684,63.697999788999894,826.3892862678405,58.88312778,199.893
0.025756730612580436,2.5901030967026104,85.50741456290856,812.9060373168143,40.52905709888021,202.773
0.011565579776723815,2.3232971220165757,72.28632069358484,,50.22519928179362,214.736
0.025101872841425916,3.022079316309166,76.21692072477417,820.1495141410022,46.23993024787722,199.738
0.022747726,2.7055877896650484,,788.4077208740115,41.91173850637396,201.823
0.024216281,2.2734330235901288,68.23428832412488,772.5694667984866,53.50770899821328,206.105
0.023632347427036595,2.133027782786374,80.28568787157226,745.3608355,70.2268518,167.071
0.025101930935855554,2.5567907513898693,70.67886809,763.0027914,57.41101398266597,197.748
0.014996629729834758,2.7714986677897984,75.00653856323473,807.8876771409514,55.86168754215485,207.969
0.017031832042714756,2.495349344790929,63.95637224952337,821.7349438570377,43.26831877524282,212.176
0.024764074,1.511615585079734,61.65807449327488,820.5333828471269,53.861083995646204,196.264
0.028703128209647967,2.0267803905255675,62.77786747105931,857.2729434154273,51.42016980413641,172.573
0.017984899,2.0324946667856922,66.54119110147121,837.4685580338678,47.10247092756015,204.075
0.010288450890093535,2.7844325571228583,63.4868422,857.4792691446626,56.62969125,189.176
0.01637505,1.7479842075511716,66.90851745565456,809.5214626,53.63625497495049,210.133
0.016522769,2.9933347553446525,74.81592524220017,797.9747662732083,55.73304853178524,211.075
0.023599893813068266,2.285382651968481,66.85149551422003,807.3891792745701,51.10202953821704,200.985
0.028211487041199475,3.1747616969724355,,777.7146105,49.17369267969156,199.779
,2.7494148216915164,75.06397048255882,798.4826629514994,40.70951836221923,212.909
0.016670281706742493,2.509826835649045,,756.8638603648778,59.79703486079843,193.668
0.019654971407195295,2.271722362600835,84.13078368613873,740.3163214578747,53.41415137774003,182.83
0.017773563,3.2617494234993964,69.08553914648148,842.9097306915389,62.75949458672559,196.384
0.01594794,1.8928777740141975,77.79860192819784,821.0793683,51.41034096877168,212.943
0.027917266422744284,2.6491398992217543,79.78829759586228,798.4446618525122,43.99699753338817,213.718
0.022527487181087703,2.978101325235696,74.43995489554054,800.1494137953057,46.03339796950378,208.3
0.021789379948282096,2.484474887103188,82.59480908556958,769.0494664,51.625331813928305,202.93
0.019224153771754512,2.4187890779659393,85.65966801971587,740,,195.042
0.023991796997482856,3.172644302880301,70.80504395,798.6104218206189,58.20745705264182,195.526
,2.058785951878397,77.47000773011425,809.1674653257913,53.989086938014765,198.212
0.017533483542947724,1.8465188732020925,62.815644722635795,841.0129894943482,47.58655379095323,204.682
0.024600049,2.5050738732050806,60.72570286285686,856.3110180391171,39.24204203,183.166
0.028398466888426198,2.753218995143653,76.47737044249854,805.9343380080886,40.42356515661411,204.892
0.015819872289119782,2.2313147679423255,82.15848001830275,818.6103777,43.03574421816468,216.673
0.026730202132396273,3.198107436400907,68.16968176326466,818.9074725438895,41.328829683154794,197.489
0.038601330758129035,2.149747918804034,58.65926792714396,847.3797390508788,38.40606815478947,177.954
0.018816288850953978,2.2681284396599626,75.53341208221126,753.4332587684758,,186.036
0.018680701,2.0921682036791114,66.90030048259689,804.9133968986554,43.257501822259115,217.026
0.016555636788063054,2.7936208736088255,55.41727009180776,825.5097060522775,47.90202513170443,214.55
0.03279669,2.414832336729122,68.44240066,796.1100825982933,61.616705056314515,189.24
0.015418805836617599,2.3814734916005094,67.11260483338042,,47.70949274570549,211.768
0.023168720821451095,2.4276603841395885,67.61670621,,38.23827502322017,209.033
0.010699109111179522,2.1528584700280797,,823.3044100327522,65.69604531073799,200.749
0.017925896,1.9368871831389858,96.28418317071862,782.8112005081806,43.58848976195843,212.407
0.029287175860554782,2.9235546649075714,72.17134429033058,785.9155191476261,52.29274837835141,192.004
0.046637911956822875,2.9487916844245463,65.43903319397685,809.290897,66.66568767247227,167.446
0.02800178,2.8088904596165696,74.53272643284937,817.0701056,29.14107576745213,209.776
0.032888893,2.989370001082195,63.65368012439868,818.2928522466813,50.52779602484803,197.219
0.029785579,2.439747403861197,74.33464147501614,797.4114115982298,56.787251591702706,195.815
0.028475553323098313,2.3299392367637837,76.19115907836265,,36.954739022004794,212.801
0.018648027142834922,2.1124240720473986,59.63520248606173,815.4874629376047,56.08920439845056,201.228
0.027031404993552333,2.5281151667023094,60.86433198599495,830.0766112158149,56.06982416523468,187.315
0.024637249373037143,2.4465141229072005,71.71392386685908,794.0196298389452,49.20123700902851,205.388
0.021447268841247615,3.0933907451795237,87.62458539025033,800.8137250884587,49.73499152510392,207.277
,2.116078974307041,72.73000694,781.6833839998003,47.85898348083137,217.124
0.021820762510369594,2.646097070485336,78.92722818709863,771.5786422928059,42.131356024585514,202.739
0.020021662,2.452017436,70.07328492637822,747.5317117676946,49.366367672095905,186.488
0.034189195,1.864474179544969,75.79777999479549,805.5099488563801,63.16266135,172.454
0.022143179399067542,2.4143257545555104,76.13633187045039,764.0596973,59.862429514150875,192.264
0.026536429923760253,2.751982807596666,76.26438443297909,816.0954490349166,35.02638810880451,211.232
,2.0350461022041624,75.52929606778295,780.3292627177449,,187.142
0.00875091,2.643072427525366,67.49185423529939,810.7562897875733,54.402104567521064,218.563
0.030199192,3.1197733262991183,77.93405619149618,856.6163871505985,50.82151816763573,172.772
0.030597822,1.8431463170692954,56.181860443057204,797.7697342204477,51.317500958557744,195.879
0.014437180766788054,2.2104924710418468,77.94511048724023,760.5540881,48.04650464718665,209.971
0.028890169,2.3326777889702286,80.00062013998753,836.7914955176847,50.07145498488559,186.896
0.014861736,2.5275584112246685,82.87023838254866,822.4365269301328,59.174814041200364,202.452
0.018746676107775057,3.143585787920291,79.07492415686593,798.1498020721511,41.96612379095836,224.566
0.026150226,2.8581705668322677,70.77094427654647,801.7734833826719,35.807226421725574,218.743
,2.4775979542736977,63.86521554880578,807.2972348225692,66.59561115847566,176.075
0.016739777414294096,2.720122874933442,75.84639830252144,753.1979838038511,65.31460326883025,188.719
0.025485937397841652,3.1354548312131305,61.75493830774323,816.0602799093873,38.94736661176738,208.085
0.021539325533214273,1.3139356020565467,71.59068732,772.2289807052964,41.981537866795215,209.03
0.023609687763997335,2.6017355635471815,57.768120482993794,838.1366689121254,55.12715326833699,189.792
0.018162603,1.9548004812791864,88.27634642270786,798.6409352,42.76437418963164,212.243
0.017332032,2.129748690518393,71.69831712795937,836.1598462944455,61.35570778251963,198.258
0.011662037680230844,2.124945995564134,,839.8582190863622,46.37158738155507,213.376
0.023600752,3.043111848951215,78.77324547131532,,52.12339236511686,200.502
0.012095153,3.2899575713508313,73.88821333866983,836.2935735987198,55.381835027981964,200.306
0.038763801,2.222897252294856,67.99659548544909,795.6050098235921,43.01952712734748,199.378
0.026154336799801045,2.6106542631339984,76.74768294826544,786.0049375725414,55.297162251924824,185.099
0.035009678961972095,2.0387579404832716,64.31886720743981,820.1750300831974,49.65487724744446,188.518
0.016494320749193415,2.067014708630734,60.50838376520046,859.6770250327572,72,173.531
0.022451732,2.3023130623781243,66.89975802028887,759.2245330749455,44.50457200110626,204.988
0.017007406804222355,2.6784600118854267,81.65047175141163,790.5350936794966,58.52223497359359,198.434
0.023314536568340826,2.257639454665468,71.11580090738622,835.3126258,31.233694059972827,216.366
0.03725119,2.4608839547605537,64.89985776125542,838.2469896970824,48.12571438138108,173.943
0.028451198,2.2127179459053354,75.23350793170235,791.1759718426877,63.503963531747715,193.324
0.029572468901048667,2.6114079763449904,72.08172972605581,795.0479458753695,55.02519422206251,200.835
0.030921313,2.3549645539556368,66.68164620626014,804.1870569453104,54.728427805139795,196.823
0.013341976575422927,2.1090821402829367,53.71239792845088,800.6365842601533,46.333778653461735,216.975
0.028041889,2.5573814611404027,90.74500248570922,,53.32532775946494,195.415
0.024625664,2.158508262801809,69.03159519460097,793.3040572046613,56.29058934633264,205.815
0.016149067544625903,2.080192919057875,83.14687889058237,789.5547018800772,47.55457710958794,204.856
0.020888773,2.239159385279837,72.75692815553512,799.7184024,30.00055420734083,218.849
0.028997982493010166,2.168091425606655,78.67725249637152,821.8971215801406,45.27911638,201.216
0.019735935216142454,2.409802272,71.00920837307189,792.5460817,45.72423502629919,220.428
0.021876662757848938,2.792042017944633,74.26183935623799,809.4722992362838,51.590165419909745,203.504
0.031490458302650425,2.4244243190193884,71.19677836,754.8856179026361,43.70971102678014,184.406
0.030885372207822587,2.855478051749558,83.68755717771153,798.0807706101281,60.99926169174374,181.338
0.04052651,3.415855042166568,58.09266526508438,860,44.24842374504349,151.213
0.024052893,2.097471768581636,72.56845165714836,794.5058051127922,36.83013048824016,216.081
0.022043015241151903,2.190569803448086,50.05657074357119,811.8708071378643,38.92701258393176,215.42
0.011367075579882742,1.992095798586067,58.402027753324255,823.5714761753935,53.51178112334548,207.983
0.031629361,2.2069130477421757,83.73229186225316,813.4571478436156,,192.217
0.027656132978151417,2.505098728513778,76.57000958,792.5576108709004,61.998614377830485,192.135
0.019660870445908488,3.1488806514311385,86.23233009618122,792.4451354854555,34.70547872198796,214.514
,2.851421664416395,73.31071260691625,822.5303257131926,48.29130033693408,173.609
0.023399036,2.081461634753252,76.97836372691694,757.5567256692447,64.28102241572712,188.348
0.013049008445629935,2.1356325562380727,77.67464149761398,783.7961223612208,52.63922305275168,213.351
0.030338035471144005,2.6656706411833033,66.86081963,779.8102410852866,49.48811475497148,193.032
,2.4501666503390127,75.07111090220155,844.8360355622519,61.05861956717172,178.507
0.026360168,1.9300322777078913,87.89334000006059,786.7033571380102,50.23800595727089,196.507
0.008758492,2.382713769,79.25070543911396,769.4284924969356,49.74732200629495,216.414
0.030312583182064545,3.175859046,73.06515279,776.4230321847355,55.95526986958172,202.298
0.017264645,,73.94478260244644,791.0866474522968,62.160848979334965,200.98
0.016531931373497878,2.1876463850571097,72.97507022299712,784.1226449064834,56.223473760220344,206.059
0.026489134747853655,2.2879769110869086,69.50886750826301,803.2496283816038,49.55977626887763,195.185
0.024286972,2.2679641872464953,57.09548473978509,802.1063073169256,34.16598018652978,214.8
0.032472996956110195,2.7764814226435357,72.29079606183294,838.6176505631214,50.11511754521786,178.114
0.021296756370200943,2.1176972473488496,64.18635131052518,745.8268931956725,47.37806066666589,185.698
0.013715925439562054,1.772648744,57.736254769685814,810.9165086420167,39.658921584016866,217.918
0.025339090518149213,2.412765699282962,70.93227368372982,816.6814782116134,62.37147116924841,194.21
0.018708603003182465,2.0359028123740877,76.44582161472125,753.0941320357163,59.27040688507209,187.393
0.020473687714887775,2.7510683020849784,73.65555805,784.6169343978287,36.351224478257926,211.814
0.031245539128820173,2.7806953665497116,65.84252412905701,777.7215475890592,57.952585360047166,188.281
0.028222553,2.126920471595842,85.25080579,801.8822800464293,41.73203574831675,209.059
0.00957604,2.9419505264379064,81.41840495309884,791.8076495370707,50.31382342209405,223.8
0.034309352,3.025928436542429,49.498052643224895,825.3290698781057,48.10481952709365,183.724
0.019347571596456677,2.0222194215701226,69.59626519202558,785.0983785,42.16484666477785,220.661
0.026586797556355526,2.2257244701989696,63.17774699733991,808.8925926456164,61.52861422592014,191.316
0.029658872,,88.17558015579922,810.8077754390466,52.878605330295116,184.269
0.015637225678792624,1.7728587545635417,66.11818284,815.1600872158405,57.60932136623141,204.533
0.023019271,2.7180823007233608,84.80603327532889,,63.784719158180074,192.422
0.016174767741461447,1.2019452401042952,79.70090327359337,770.3818122155226,51.67361993989313,203.861
0.023591329,2.1169688763093526,65.56232115629726,805.1407112080492,37.33635664222211,217.531
0.032367971,2.763896390903676,70.74382675059374,813.0870017746067,44.69627162424197,197.305
,2.229612442,59.35739088895759,793.4812812245435,41.64622387539073,219.992
0.029604649069976084,2.6891622505022896,72.63545261178024,793.2279785904155,37.15893438833266,208.526
0.023971156882332034,2.8067075024734365,70.82429055545148,,44.70736892,209.473
0.02154036,3.140742835093249,64.02869957,827.7572752544339,50.33483580625982,197.961
0.020259415451733105,1.4656243229968777,76.18988111195931,804.2258173673338,46.754858939897304,208.495
0.025192892,2.3162326108879414,82.28422156830167,775.4545550492347,32.78202348301091,218.138
0.009894192,2.7349869132440796,74.59807822,818.4678147885669,64.08704912025843,204.604
0.013120606924426643,2.118656092518798,,784.5946836290544,58.488722060820635,211.011
0.031478783,3.6420879667977495,63.20202426107694,814.0089457908791,53.284413080466365,191.205
0.015370278910126196,2.6598997136918436,94.18083464690815,768.0067269202957,42.70145500357103,210.397
0.024660334364211115,2.520510755,60.213544355757776,802.9193731395275,44.91812775102136,209.327
0.022964274,2.3180631439244093,77.99139954963486,794.1815608394235,39.52860418517212,207.096
0.016880325558367756,2.2095332940487804,70.77469753117548,820.0032213,48.90042405685501,210.398
0.016812824035566325,2.109583360585658,58.80501468499021,804.0266104189593,38.04675754760267,222.593
0.020813897,2.5990303178915877,65.50065625065783,806.8933411596317,52.81171889265585,210.575
0.025453656,2.3815856010326963,88.84597533970506,824.6867783900501,48.474240977535175,202.495
0.017692604630462433,,46.56200132063587,860,56.741497631818106,174.113
0.013370854606147967,2.505550294,68.50319676,813.5539674800422,46.44444380965521,213.74
0.021657161281145774,,68.29770193677174,798.4239105363079,39.99008971524007,221.448
0.021032666,2.1983078056507965,65.86411387199631,814.7385094651784,39.06229686958402,213.19
0.016157909636483073,1.9865239976876476,59.60684805423983,829.0032347,49.13999876,201.367
0.026905090080804207,2.134304716880911,67.19697490971964,797.0210757,45.04690434019513,207.752
0.030087317,2.8158164691747847,59.29742688036632,806.4376604239991,60.043261683893135,191.368
0.015374763,2.699719535832128,70.46009556408053,826.0777882,45.80498666449613,216.858
0.036665757,2.4692113441820998,66.19558094193796,771.5481282569315,46.676058686086435,189.315
0.023956294166784207,1.9990612520223014,79.05771020326317,783.6481006899863,54.61508248,201.543
0.022021795,1.9300404733436234,80.88401675440853,,58.500268130479334,199.842
0.012175111542453288,1.9211232453042548,59.679394194570364,767.4753835573275,58.79014097890378,205.86
0.023784317,2.1846921525675462,76.74912730123845,759.2780929289868,45.98943845825377,197.575
0.014599128329040603,1.8745377430775436,80.33298144238597,810.5765221299152,61.13146543,201.041
0.019627984726896797,2.4860428898611677,70.80152852362973,819.4727280659747,54.927599497184595,201.534
0.032789941,2.6597256865801775,74.51064012039377,825.8796579620918,67.29553424950802,177.124
0.016950894,2.970379989,59.65397278007146,817.0155335376496,54.351916914580954,209.811
0.026043399697032062,2.503705041116806,77.03470068252216,,43.14123397956661,207.401
0.029189811097964084,2.593148099933155,72.45028996753123,807.9828950126827,49.051299289401356,194.214
0.030781361348035833,2.6787610189298254,73.98889928,794.0255113512761,50.150894773799614,195.774
0.021827803698034755,2.8700327714995746,85.69619187431726,799.5534284600818,40.97597433,205.167
0.031240516,,85.47113949,818.8163523273885,50.516543795099125,181.813
0.026593384411231664,3.1071318635101903,58.44537068184109,832.0469772151163,41.73616619441175,202.743
0.010954152297657045,2.435121604,85.19598982721682,760.3555772849179,,199.804
0.026635154760637676,3.112909676571222,67.62356737,796.0881182177416,47.111852522189665,206.36
0.018248169,2.9425385934216632,66.18859421195195,834.6096684302578,46.47491076490883,209.84
0.037038946,2.247285412320526,75.29710758175177,752.4593798786266,,183.133
0.020489265,2.689631555602399,78.90668849391503,786.6072376,58.724588698990786,196.369
0.024521162533006163,2.5465241459436987,84.0734629,782.7789575598049,53.05570426787847,199.877
0.010585637851539348,3.3155290930218397,70.46754014018487,796.4723626482329,38.14935951,229.113
0.018604494068318524,2.698776899,,740,42.70670099064998,195.812
0.023162028276357657,2.787483443,78.59116291267102,787.4034787727137,51.714507887372065,207.823
0.019812068,3.0554260080663687,75.76895126290869,830.7045718990628,58.38611501112648,199.416
0.02196465,1.8097201941844574,85.98975741896247,749.0492776785668,44.03842023,204.243
0.018060246688059868,2.0806260587036705,60.82020179680002,764.4476177,59.97941069458945,199.384
0.028620226466734424,2.423038814790014,83.19386539788913,767.4109950975915,61.75656556609208,186.185
0.024615545,3.0750466729948625,65.00571767,823.6745337345752,53.56170168197615,199.439
0.031957799688764714,2.421434285028087,70.14474093796132,810.3088981968197,59.79517183943021,187.647
0.023180966518251522,2.6554397477393916,67.28122111887954,826.3705211511392,28,222.325
0.036027269938142634,2.6727630139920757,80.96564579,818.0995648,39.90739950081761,194.561
0.033950474375095546,3.1762066861247007,76.97951580197306,792.7379773406506,32.622414881155294,207.317
0.026727406052925756,2.885170725212021,,785.8019473883409,57.76046872166083,194.66
0.023262337,2.6860913707418144,68.36248608301084,822.3948154256537,37.97647130202208,216.518
0.027897088728277914,2.5778563437366664,57.63321924574217,821.2888618290938,54.75708980003263,187.68
0.022410724733126247,2.2625800383309644,63.88257722986904,794.7628228989928,52.60035792949039,214.598
0.028200418,3.2792021122579693,78.75755474729026,794.6564978496529,52.39078435550715,206.141
0.013590580952129075,2.7243786237509195,68.55764025,795.9398206,51.30174988026243,208.796
0.031264447,2.6068474299844704,77.87315997920005,791.2741893413661,46.06226517459514,204.455
,2.1906909617518666,90.69706974024545,745.1495286,53.62464059750211,176.63
0.013170487783803878,2.4326839137677143,69.79597732,793.0700901681461,55.336364380669224,214.613
0.015143621856466597,1.6016943061479845,80.53273154360352,775.0201481282368,59.16885311241398,204.682
0.022374467487341107,,79.96963008361618,777.6597643053002,52.03352541246126,206.316
0.032113899,2.823353192219033,79.29052563479695,813.3827383680537,49.86170046,198.182
0.013494712293754641,2.222662506956757,75.65050148884595,782.2607520613141,47.95987477872111,207.342
0.025317259665493065,2.4024204151550945,83.42598436,797.5656018601748,36.50427009113168,211.122
,1.998442213534144,76.79185478487634,793.5206161699277,64.36875716521895,202.065
0.022381182,3.2536620420469786,81.13160513813462,770.6399644311801,59.806051589788964,186.257
0.029012348,2.157238471194117,81.18921057515054,762.6996413776781,55.06560347767448,196.439
0.014353676412724397,2.4907655017983332,77.15393401478201,781.8982353210237,43.04226110140077,209.481
0.022745149,2.427212732324943,49.57550550200285,825.7321157849026,58.288623604598314,194.011
0.036319995353985585,2.200866525446119,71.15085381727407,781.0910310900024,54.25786149011932,191.81
0.027648089089736032,2.0407008097279364,72.08502947985755,820.9120635403432,51.97483143304973,193.007
0.018596900475078254,1.9724055611105613,64.07573067181823,752.9976719252159,55.22801057230811,198.817
0.016973585,1.641549351350348,80.32397446291874,806.2776444013952,45.49135010316859,219.585
0.036454951,2.5066686685563453,70.64189134,766.5269104097769,58.96803525533042,179.554
0.022868749401857007,2.8296892006499936,81.71439027992014,742.1088587,48.25992634695772,186.197
,2.737599758542195,78.91156297142771,780.0703806220363,42.18111504245638,208.844
0.031314208491389696,3.5627141654363346,70.99363712747693,820.5335978017329,30.251759003426912,210.034
0.024243363708493698,2.338374691222194,79.78752761,793.3419303054992,49.894211393211535,199.548
0.017001808326050548,2.8965295052355304,86.12139846249917,759.6890127,45.37325900110764,207.168
0.019637249108599653,2.8580280034639713,69.71233014225749,803.7312717845529,45.676332191769944,221.43
0.025168784,2.466631874613979,78.77000349004445,774.4978462370215,52.14094007224892,197.39
0.027624794,1.7787053493896625,72.80255559,793.1922719881156,47.16189062115613,201.083
,2.901342964427418,85.82639947769628,789.2471915430638,61.54024315209447,197.306
0.017668570651443276,2.286274572543775,84.50650318416187,778.7019485962277,53.13621289,204.902
0.025344318982689726,2.891465454670423,73.85992240128485,834.5350799886285,55.19004238307092,192.26
0.016235666491956135,1.824977780340183,76.77457383397864,819.5805895135089,49.93428015666808,208.601
0.028279027469388172,1.9758631519940253,62.754352359736515,860,59.533371484997105,166.846
0.032532349,3.7387662487489965,74.87657630725238,808.4474260350158,43.97562608645421,200.548
0.022307153356394924,2.1333880651705166,63.82422092878212,801.5526429560965,66.94567849944158,193.53
0.020023386,1.9880649541743578,67.42722475575349,777.6819441637421,41.67102826085915,209.42
0.019369400325749235,2.153940689501803,74.92817494,775.8244140404448,58.50117891225443,197.982
0.017418531,2.5685447339355805,75.35436780715162,792.4204105265605,56.07240452417768,213.167
0.027359739090910273,2.7373384626253863,80.45408471084349,762.8434198206244,38.93812084457378,195.676
0.018962006013035746,3.429576984702986,57.09689999,826.3983315796861,56.368404939890624,203.246
0.033024045,2.4308892958039015,62.841001620926235,753.1422831859488,54.599135343311445,187.318
0.032649626,3.192356521061143,76.19263357115514,804.9851961185358,46.17632869945947,208.289
0.028435298,2.8260871371790963,59.748083050407125,811.7867373,47.181586826319005,201.452
0.036126336,2.902327576708423,73.19963598761828,781.2497214639083,44.17108509968572,198.099
0.025118167,2.489644137115093,58.902131627797374,795.1857231507362,55.96502885538737,196.61
0.015666012115243783,2.1055312796042562,73.03149272792322,785.8742526419989,63.15229052291909,206.271
0.011248708010686203,2.8870045922254866,63.91923889824484,791.3044916226496,32.459681270364655,222.011
0.018569736681429153,2.4035917158581386,71.97609023278436,792.4384426668506,62.73772108607243,202.603
0.019352006137888584,,74.06777420745094,800.3506970289604,56.11276831481368,204.221
0.024834667850963946,2.3270654726277833,70.07029817479837,809.3461678159588,49.45138024753052,205.888
0.025284903929633323,2.861155765694477,83.69542636855424,774.5930247494573,66.32394731,183.779
0.029960309,2.4235733248928213,62.05355927558023,822.3162854685137,35.08718374278285,203.527
,2.6284855973771997,90.44118005,781.5318292655893,43.202871718912924,205
0.029225856532302273,3.261900333437713,65.76456928125705,844.2559035580942,46.05329828320023,183.738
0.017412073,2.5624570948498855,62.67541354085312,779.5190702,54.330846716687844,204.685
0.024251364130956903,1.2102117738740064,67.27515591970969,798.2421283665087,51.01801624237772,207.141
0.017078647,2.1416614717673235,82.07238493,787.8523435828946,52.99454582,207.038
0.021371707742225902,1.7090451712238672,83.22779053125375,805.2110426308951,61.039302405576585,207.61
0.014471029158900294,2.8509230028791954,80.32052462777136,797.0834744542146,55.07249884863226,212.343
0.017729645399645597,3.620706116275027,52.418450106575946,833.5032026342802,61.30819481440782,189.269
0.023043398166972286,2.7207445311105314,78.77784287224536,769.7016137560935,58.28791578708738,195.066
0.025826335835812286,2.292341680317397,66.80599222790197,813.9695105715309,44.90014840546277,203.568
0.027397444757147924,3.1932549951388935,78.43703191313793,811.3559245771995,49.60756581230908,191.443
0.022090704,2.0674286094005687,75.59789334,805.4567866366979,43.34286478420851,210.723
0.016606633114082187,2.832496553259543,58.60136691038906,793.8074213452729,45.739255992628465,214.634
0.031987015,2.4622723610601245,68.94827509313586,826.8547685026111,48.319553816014405,190.663
0.019424574676688077,2.474914267070831,72.02839222103542,827.8534099497464,54.55309153494017,207.046
0.026105019234932622,2.5384493802429566,68.51337240595952,788.7135427364715,55.07503723596601,198.938
0.027593481677506828,2.3933524619563107,87.66214001063821,801.6621104015403,50.28296491477954,205.977
0.019980880112658132,1.952631861853289,52.306067191037485,835.1228351,,204.16
0.022234545,2.2502603747332803,82.17834434505308,824.0729507952973,44.54204963,202.631
0.025777892883304378,1.9503383490291502,72.29814361531244,818.0067290743983,40.292826604726386,214.46
0.020230592618453527,2.3341997847191873,52.74451838237941,816.6288951263817,58.84793820102369,188.093
0.034788876,3.048032127997637,63.51320394424019,791.5462710173464,43.44456818721362,198.231
0.029704451647753656,2.0921284710284502,64.71226260486564,831.8835258784786,54.734408151448065,180.839
0.013288908857949786,2.8583650279860686,70.46136163851767,830.0992660585513,45.046911656469305,214.319
0.026549203659934253,2.838943492579895,82.42991372322652,773.2609500986773,,195.008
,2.094282266393053,77.19848951,796.9296322,51.586873338550674,205.667
0.025747399838749376,2.2014123562415246,74.18818861074413,789.1672960170622,60.471545252291705,193.532
0.021942601415461248,2.526611252297412,65.52176353502084,773.6970393,44.07386716988366,206.367
0.025321582,2.3780026026093477,74.45927596020748,812.1702323547303,60.69874580540926,190.96
0.022061591258428194,2.1627504358114558,,860,47.54342352917993,185.971
0.030481645529684742,2.3265715827945073,77.49633608523501,806.4625061,55.7958036,183.153
0.019379198601871244,1.6172026477465105,73.04562935145859,795.0187284201539,51.428894727158266,209.687
0.024155155,1.6275546968861387,77.91517285224792,798.3675702,54.53126306137285,205.496
0.027527219518267775,2.2415745021920115,72.63505764545478,780.9290262210865,50.97905858883853,192.037
,1.1327221765419084,93.46079810367482,759.6192097594806,55.575349299623696,197.404
0.012767749,3.1179191477047983,85.10031396726237,827.4015898859856,56.91511154143145,205.933
0.012677259,2.4051640417419344,72.46437771879232,797.8167598824119,37.57185966203755,225.584
0.025191890040317452,1.6828085165183957,86.68896377325716,765.9914883471495,52.29464696117341,195.258
0.018881811161547298,3.4521983189841534,81.84875462794972,775.2854517671715,32.52522654137662,218.247
0.029118663,2.532825254164999,67.04553762222918,822.1233267329197,49.8979516,195.668
0.03124306,1.8839803083796904,73.07364128627452,783.6102543679675,48.65446363818438,187.578
0.023052995775965007,2.6421669974299706,87.43905909705309,762.3730276972905,43.719836757865025,202.613
0.023811431,2.792330460771208,60.20224992180707,821.7723094638012,48.19421445584292,201.152
,,81.37822229442719,779.0676976616884,59.27277155275347,203.032
0.021953672653079598,1.8647581236164594,79.60596127,752.7966488189646,56.316128618838505,201.342
0.026622055,2.450744202555778,66.26834070322968,822.5464821660462,53.386435873672816,202.658
0.023397091800162594,2.5071545107681543,69.17267973,813.9665494400554,63.787286055506385,200.995
0.019780841,2.142486071043447,64.64818921,792.2881144239861,41.12592755276392,218.886
0.026034722,1.8056335204511231,80.36168800250253,834.0614239957048,61.16617722249801,187.42
0.023770557527018617,2.1253619462907283,73.88679477912171,762.9449307659434,52.639962831991674,191.71
0.034773963,2.7709674119366787,64.92561211745274,786.3504193536355,55.71961512831997,183.107
0.034007275,,70.04661002911284,811.218184,62.01884377020796,175.293
0.024851879098348826,2.6144701655331044,78.33355809845526,818.814282,51.554017225230176,198.537
0.030812206780605304,3.4209233618637085,74.82893255167008,780.3686498586983,66.43200230777474,181.217
0.019268002502691155,1.6854403061633887,49.71696537182522,820.6181929311961,50.28120463512407,206.557
0.033606424892608684,2.952051443505489,,789.4283128921298,47.45255740427244,203.019
0.03715349,3.098658253528553,81.36086474759043,747.8327438063657,50.769017515138444,175.65
0.023295806032569952,2.801444916971526,63.84706084378542,841.0697065356288,69.80334511678353,176.539
0.018096052,2.843991932069277,72.12603119937836,808.3129098396917,52.60415042271415,202.776
0.009203228,2.8227109280184015,,796.0211195162195,43.83307062323698,224.864
0.027216791,2.506861461272421,74.87475553799808,818.0983191,60.8622204,195.973
0.021981345,1.789458483651521,65.17225401772654,822.5052147,51.69893222390356,210.763
0.038022453,2.3233760668900203,79.44399991170981,791.2661473456996,34.25888643,200.767
0.020208583687160084,1.474579062829181,59.294751684877625,832.0579650938284,52.38727681304765,188.22
0.019830440613988483,2.251708684333597,76.24726648,782.4205510667023,43.97643361253408,211.908
0.017413909626994663,2.5520513786832164,68.9814634,792.5356474712842,47.725185467163534,218.412
0.005,2.492925111,77.57151013031648,770.1758996434814,47.23708311036211,220.7
0.025702036,2.632835902,76.62176629538098,816.7655257927178,28,218.657
0.030794536661401438,2.867947461,73.15012362352367,836.7248188524627,45.420193606923384,189.851
0.015389817426288583,2.3033510655355043,78.82281757617275,788.1949362775011,51.802629371913625,223.743
0.027745902390199972,2.6846477299285136,62.049321330198836,843.4942793095634,53.99455654683031,185.883
0.015414337325978154,1.9747951146052414,66.94545196265112,781.8467599446903,40.11461135348032,221.147
0.023318759375157063,2.8338173776119215,53.56889208906938,776.9211192122489,51.50497315,198.15
0.018814322065013447,2.8423631229963413,74.42669280532725,789.8795883139757,50.64740187,213.665
0.025154339273289764,3.4657847716467014,74.27945743556604,792.9193798365106,51.22296568896002,202.669
0.028366848484810244,2.6234612534195967,80.86180973,770.7935075903779,54.73701720922703,192.029
0.023821306,1.6091448254760752,61.03014558010143,795.8731465,59.620220541183215,193.905
0.028946253407547903,2.5159413089099845,69.54945203179368,768.4574122813315,54.58262498710124,191.224
0.021797588889711353,3.230403918667656,71.61505380985288,802.6658719704367,45.31829198,210.46
0.028688511,2.4159881437391153,70.77040228,812.4934381848251,55.61842229617078,190.227
0.018976934432971937,2.641121564318748,79.81302160335997,,47.99208943529311,203.931
0.03342587,1.820451045915898,76.02863343925726,828.9444024581883,39.58722119111526,198.025
0.030065153196553975,3.479539061100135,85.73288292778273,748.1737796864588,65.76391972387182,175.111
0.030775596916518377,2.5505817548816414,81.77540355,812.9424853654297,50.36446256890876,189.766
0.027639747062497357,2.6315573044038634,63.348435927406186,781.3751033085257,46.45927809608507,192.324
0.028302757,3.0846116001793034,68.24278904095952,814.9490421758679,51.09259613993131,194.568
0.022039582631332426,1.3694722102228032,76.65488948,830.3931417374191,39.09479589131794,204.503
0.018060073827319768,1.8548481891238238,74.70780829,814.3447324,59.26435757324897,203.66
0.016301328,2.1720444408852027,77.09386089395377,799.7205918834549,,219.781
0.026667439,1.897860802271508,67.99462619384957,806.2132940262238,,202.375
0.024598429,2.6718720298074827,72.48347464,818.5961121652088,56.09173132151192,199.138
0.03194332,2.023708284716504,85.06264570260988,,61.44997263432012,186.491
0.029062976836952713,3.6809673379315795,73.77013206301478,826.5170969325881,45.39825383663372,196.108
0.018351923,1.7643325796308975,79.03192772,835.5890587915504,53.70359207794976,200.171
0.028028127414403962,2.546251128195895,59.15180452885309,803.0298240995563,62.22376942978413,196.527
0.012679720785786984,2.616385805266854,52.037740030061656,801.9503853649971,45.89647108008175,216.543
0.024793437,2.2405782984837637,79.27391338,777.7572345187684,46.26835716,203.612
0.016828741750604198,1.6221701875710504,67.43775939988329,807.5907860067989,45.60968030162313,215.284
0.021325847731599266,2.2391521818514457,62.31432631933234,802.3147616791599,57.120356024081126,204.101
0.029771571245751027,1.649998613144677,79.98494078706742,763.5803866845374,51.51640676731332,192.9
0.028404298273157748,3.1752014882339026,86.19990007289468,775.8851544252934,58.494594816141834,196.332
0.017619421,2.4808537870211365,67.81596313,811.5829578067274,52.49653139263118,208.114
0.012036152,2.666065110358069,82.51322874519838,800.8482061497857,42.05211252154865,221.515
0.023320864,3.4578926873569253,57.554012144171494,815.3053478856929,49.422227021222064,205.721
0.03224133,2.2345035725644182,79.14737651298171,804.7346018848272,,184.405
0.016760160103228065,2.213108374,86.85893467602587,756.3635609912809,39.718543260360995,203.43
0.024389926317621716,2.7319303771748418,57.74684883889046,801.6603760113643,52.875899157705405,204.34
0.017719640668644905,1.6738258400927382,82.63377980289562,783.6082908573494,51.65925188320934,213.187
0.026425346,2.0428257977703654,64.83955983544581,788.6189466418721,44.75815104849326,201.972
0.023361394935243245,1.4411982226301003,82.68945017084567,811.2747961173675,57.17053452941139,196.477
0.021311045283061363,2.614003002501798,77.01013041803289,767.9842144370504,59.49496359,194.249
0.030464068983539407,2.8354893606983187,58.426695377473266,826.1688434,55.24260779663343,181.325
0.016670375,2.704503701449675,70.74642659826097,772.9458225438465,67.05284245246867,198.422
0.015054865,2.605617104442347,72.99730942219448,819.0152044065318,69.25860577179834,194.533
0.034481803,2.519114310073683,59.23801802040999,820.8401730985908,54.491139552493344,186.487
0.006809754,1.0664166379703701,60.86084540482923,804.1408507601393,44.11842849470147,225.632
0.009287928,2.013322755,81.97975968371843,808.6949791616843,49.04455145681461,216.664
0.023038268,1.857551895696231,81.14134208,798.0705107207837,62.103093398028285,195.87
0.029305902146699425,,60.66002155218722,812.0359691230892,41.40690122208077,204.221
0.016448377,1.5877052812768977,65.34857906,769.8941342272312,52.753201729534865,202.013
0.019334801,1.99962798,76.16124558,819.1051330027176,45.607385589209464,215.326
0.019655627,2.4556238197307674,63.88377264972965,837.2345304539873,51.27132229,198.494
0.016914634772015727,2.5841922186239525,68.38986535,785.1420337648875,53.81959683299684,210.054
0.026372596325021057,2.9668959695858823,67.23476765310625,783.8819098705017,34.23018084764506,217.969
0.022800772620688664,2.1246516890793403,75.51067682653746,808.4041412,50.739939290564855,208.438
0.020292054,2.8449169727393144,65.65805294286544,766.5316735027143,35.18444518230311,218.452
0.025835101394936662,2.691672661507831,66.66944919208159,809.6724586158168,50.64782463479992,209.221
0.017237951939251733,2.827447283417984,64.75225704791801,799.2097027806344,63.43399590196884,208.499
,2.214922668783846,,807.1365428,42.98182047087546,222.379
0.021480199452543848,3.0731745773793837,68.62126552537896,798.9751861071933,51.869309947242606,202.136
0.015799562,2.273139091072887,72.15777777288416,781.8025300089307,43.813634295952056,216.884
0.035972471,3.167235745479928,68.88067595,768.9839330929897,50.07964468576225,190.056
0.024673927,2.2529779139487056,78.35698073077911,774.1883980647682,47.52547518356391,197.53
0.021079323675034324,3.0516090679049923,88.88454720238296,740,44.711381361192686,192.326
0.022264902538306285,2.5078794967322566,,813.3537362401188,46.72506456259331,204.896
0.027897201,2.854715426864785,91.11433274286459,803.1821161453536,46.63876069799585,199.701
0.022871426116680967,1.9487968898366876,75.10118986324008,808.8781544966043,48.680065998918586,207.365
0.012325649739704013,,78.43025065464592,816.909861,48.72643012329296,222.556
0.036152164286799605,2.3486146793492613,63.32245761899969,803.5555335740194,49.49375256866569,187.101
0.031913501696127444,3.027990407851408,55.70704251191181,812.9211604754292,37.696060451443365,203.66
,2.769225675367501,68.49820157,782.2305357264397,47.461303081862646,203.379
0.030612637113934478,3.073344733291268,81.15987434,773.3061973507713,35.77863951069287,212.067
0.032679412,2.4114901438444876,73.81483062,804.9218638494075,36.53771635648496,205.4
0.021176296388389835,2.256557319957968,75.57476102776332,772.1374521406441,42.45563844207257,213.798
0.030754341,2.337140321418805,71.90142848445744,793.4128085886214,50.59812332715898,198.991
0.035394561,2.128665554717813,68.66524077,768.9178872519685,30.82611384442208,208.116
0.022600805876573867,2.0526993748872293,55.40657593384893,822.8141870124796,35.10178426,216.471
0.03314845,3.346123389,59.83950654501094,801.9309743056297,42.96722221188765,204.492
0.027783067564891243,2.5942847685227974,73.74818544835956,777.7196961462123,43.8573079,199.795
0.028728910912162182,2.0492376452403254,76.81730371,797.6598899726705,46.505827145771335,204.859
0.005,1.5940617143577238,83.06231671392194,807.3661053579455,33.45058436891338,230
0.023268496727442436,2.6990209121033764,63.04393391752802,805.5859565098511,51.446961811325224,208.321
0.015313446281274967,2.447091542615869,73.82966321489666,815.4020575843315,52.18686195198162,209.066
0.020119811549152215,2.8290604423186214,64.72289710927699,795.6242694318206,71.43020779972855,195.61
0.030291428123800826,2.611321624255558,82.47158703361052,789.5544012268758,43.22226434,205.513
0.030673553336068703,3.238278565875317,70.68466326997141,786.9397689883493,37.76157207604002,211.823
0.028724548739425353,2.314552876897652,77.73458444501972,774.7830941099018,55.68247321573262,193.941
0.018804642930631606,,76.15236158346697,763.5406176921763,49.93000482594725,200.68
0.015833107,2.5445769262161195,80.34120099169964,782.9549105600266,42.84947605238468,218.1
0.033430344,2.8166560566097107,76.21508710276414,764.7670352765055,54.24450498505318,190.075
0.014586732251085994,1.560310664913945,77.19325514351537,802.6139531652356,60.47584272373378,208.385
,,68.05553935752008,805.6506352043037,63.92213141888686,204.231
0.023430903402938477,2.0343294189751013,82.83090548473405,762.2720204,51.34934133,195.46
0.019206149711622888,2.239833439928786,50.816855741258536,846.8967428481159,45.10649571054628,187.327
0.030085233906035472,1.7785882672837634,79.64837935787644,781.8757070845375,55.83213802290032,184.086
0.017306070089581353,1.5442941821525253,67.57303634495035,777.4858950980744,41.51445995,208.202
0.024165866363932514,2.7089363980687935,59.67310649215696,804.1027192436768,49.738983819928734,207.843
0.041125458520848326,3.4684783455197685,72.41691013351362,782.4456851608454,50.80810111729507,193.412
0.024374271,2.652222663418169,60.299475069785714,793.7529834499784,49.368206551860176,206.353
0.032096427544174404,3.485355386713788,91.66850196593721,812.4165347627102,62.87706961847275,179.894
0.019453444,2.824244185,68.19054347019977,763.6381652985792,45.53530400149255,202.843
0.015196331658511354,2.243410909415745,64.06987352920103,802.5819606469503,46.27461362973871,215.184
0.028886811540448927,2.0554859832098202,90.06092541,742.4738129348318,60.169848402055194,166.932
0.027446307,2.445424285400161,72.20516490653289,826.6759740821386,34.26486199297562,209.754
0.022663282,2.8805988911038036,52.881913999125345,810.2140841698929,41.64635079296211,206.99
0.027448824282328813,2.2997005056656494,66.50864565673412,828.7770817709529,54.074119943399246,195.733
0.015541521064495063,1.8690365831428715,75.98245766890786,807.6616785030952,46.223843093743874,223.063
0.020786403237390127,2.1631339921561583,58.12346792172488,800.7189482501341,57.87442124382049,213.626
0.023184198962448135,1.5657882604619877,61.97183289,836.6381221701663,54.95883184261226,189.735
0.020601039719535436,2.3773796104833944,77.76663745,818.257795,57.48016152586068,202.678
0.026547643,2.187168215847423,56.897956894234056,827.2635131287069,54.23532514582201,190.994
0.030958533800021816,2.282038297441784,65.30892716795759,781.8816530284636,54.040450769597015,192.003
0.005263213,2.5858894223419115,55.97445044810493,777.9749012396935,55.902980725056736,212.222
0.019590957586010704,1.8546034525543864,71.68687997776891,785.2747444693346,51.05395088270078,206.37
0.020476624751918603,2.2456830351177075,79.82489597402738,860,40.968605152056014,189.327
0.020456356447124967,2.189531001544342,68.98308330731716,809.0582912508621,60.95700695227684,197.705
0.019685121340752485,2.5580455243233975,89.96988015071288,779.7953855065944,47.59117123891568,205.386
0.014231609034503783,2.889350740890985,73.62608865,780.3525044,57.65441015931897,209.589
0.024164846532567806,2.068051219511867,70.52084605213783,794.5577645502408,52.84763744201448,208.236
0.02558675,2.5552494303865223,83.49197002859572,781.1826012349569,56.71517373679929,185.777
0.035812027,3.243464198137241,84.39038322438113,800.6585679040901,45.703311043052096,195.643
0.030122482384662433,1.995281511873307,92.69423286803368,823.0644814505229,50.33288278956811,184.452
0.022491980511524495,1.2023998879514302,69.46116094777148,832.7548801,40.39055901578731,209.991
0.018732777638218238,2.5315295686482626,65.71587560350522,782.4125837004336,62.15266941386305,200.01
0.013898614,1.655142043956021,64.80714879682472,851.3966966566655,58.25610478143537,196.979
0.032516475738913225,3.8563405766711423,71.73797929356306,787.2063006889368,34.93337279018541,203.265
0.030760443,2.905774544806228,69.12742297262102,801.9580207283551,36.87051815820467,201.484
0.020579033568772803,2.6199506552507774,60.32461662517741,845.0310691531512,51.577871019256364,194.465
0.021836378,2.713459273734581,,745.5464073609209,54.638478752385666,177.555
0.030222379579314663,3.5104576534639653,70.30611280594813,811.1865690846806,38.24800495,206.171
0.030521337382982412,3.3469444758927045,83.04046289010196,768.9925360406937,54.48238674848083,193.639
0.017596455,3.980908129963264,68.34906730111425,771.7804030320816,50.71141496350433,204.303
0.027787099390773052,2.4983501234419174,67.67888601323524,772.0669752110219,46.40266768625663,202.715
0.018579782,2.4541996871511964,67.88360711558178,791.5982829462672,47.98258988814923,206.987
0.032045679,2.717962148693534,76.28085663718866,804.1718710105894,52.78961598414911,198.876
0.029888164,1.725907863868346,,767.1817412,51.714728602962474,190.991
0.038208228,3.0166483157171653,72.31853048878634,805.7060971148444,53.28818134034064,183.419
0.027044156195142513,3.6712314863231486,76.45400493904299,846.2841524979232,33.48508792126334,196.699
0.026063023307741587,1.985993689445786,69.79577281691599,784.7723587132102,45.42000659215036,197.86
0.023765517,2.4571324647687662,84.45847532,808.9322147998688,65.69161459010918,195.918
0.018423200534816508,2.064741228987709,76.47665361949305,822.7151746151094,49.22387473962203,200.984
0.032107598626914154,2.461325448893832,66.41996502187254,768.5823432016363,53.54644193004806,180.207
0.009925984,2.0455519019939494,62.29800623844386,,42.479112791722294,203.272
0.021247722,2.5973606924116845,73.20280671170552,803.3606418107964,55.15811975658391,205.871
0.030941187574115132,2.1582623841713664,60.93876607531144,801.5872315892816,54.55164485099147,189.245
0.02146273,2.9784121600123052,91.85108900947195,767.5330186631791,46.38963463253297,193.849
0.020517367,2.255805848,57.769011992383525,831.6812031648439,,203.968
0.020713569447809006,2.9211966899883777,79.10913001676124,816.1616104582455,47.94937067446002,210.28
0.024895418840428105,2.5508414522792084,82.48984001246887,741.2376422,48.962199847915294,187.468
0.022657355,2.595646363372623,82.88460371,790.4022592048741,57.314433009836584,211.133
0.027145509,2.684720814615295,86.02213526225368,763.4795881246156,44.98323253032477,198.463
0.018834369,2.1725155603894963,78.22514351894564,824.5333834932899,47.7176147,216.864
0.022908566313771986,1.907308164124114,62.68205183135408,805.7349107,53.20315520036579,201.168
0.027490036681625148,2.404041241979309,87.02751036949329,793.8465161362792,53.343672840342116,193.68
0.025430103027433246,2.950622011044132,94.47955967270804,797.0657846573787,52.56481565083888,197.263
0.020998963291365996,3.2594061332432345,82.35555697,785.6095679883128,50.74928678115884,207.474
0.018742744569512026,2.059730021530498,83.09152290151567,763.7472229729347,43.95997581840157,207.043
0.022154794863690614,2.6163332852387495,66.34161494973279,825.5119076395175,40.019692315221356,217.008
0.028189407187708345,,80.99117696943554,842.2292764645152,43.95112286,184.447
0.026732833,3.6612061287265885,71.36202954,812.9691909240953,29.912569079622887,218.976
0.008170461,2.2423006072069875,73.2619745,794.4968195887857,45.48282827030483,229.982
0.024365464283010257,2.5759435045670336,86.89694240699168,788.9001663116663,45.97426349,196.048
0.027593929519106955,2.943007151475253,66.39826088927431,761.2508730335188,48.312474187565556,192.415
0.023926291386905177,2.036989921345502,70.35625906174516,779.7708279305359,41.37599583375074,213.846
0.015353757083725151,1.3752786555707393,79.71379305735144,801.3782625,41.91991471,218.349
0.020663909,2.209283871474282,80.45110027116206,799.1750420527407,61.044337526182744,197.815
0.025301185940719038,3.186053299343044,73.04059318169276,820.8272554,50.957016126982516,197.958
0.025239439,2.8732912773597326,67.58350704,792.1587435191034,70.94538738864331,185.718
0.023342232,2.380529367763217,70.91585526466817,,60.173481573077865,201.321
0.034386175,3.106979762507362,72.59568870981356,799.4651558515317,42.296688900273416,198.26
0.027334620668151764,2.608081500243534,70.03507744461699,,58.651791394844814,190.633
0.026713163995537904,2.385490080760202,80.24168292123684,802.3627857718869,52.65747973436339,200.048
0.029484344,2.4070874452890614,74.77520275742862,807.3342357296656,46.698148324419606,198.643
0.039539882380024545,2.0834891292235707,81.46214982259428,824.0366431473311,58.29436346000165,167.42
0.025505174072831094,2.5022805202754093,61.728220192218004,838.8743913979325,40.174615643595736,196.156
0.033928563,3.213913643419956,67.01357074358572,786.9809816461515,51.29124675816037,200.851
0.017730877,2.9269639707470465,69.19277665714992,810.0596053047626,36.914053694447844,227.181
0.025103693410627986,3.0520671500067023,67.65404582677714,798.8874984818945,59.65658310080384,196.26
0.023739018038905515,1.613944947253541,75.82630238046117,808.5196940700037,50.24430644,212.629
0.009672124,2.741097493575533,62.44538920121327,849.4058810566389,53.046215477155236,203.8
0.021953578518778234,2.6894490048616753,,817.9383902170651,53.42868932569266,201.483
0.020271097026338683,3.1016590695453745,84.83232220105504,815.1918010532045,59.047795422450164,210.502
0.020111313424409666,3.0426536194972367,65.09710147558363,823.7328897550533,45.290255150776254,214.648
0.027274466,2.568478955530435,75.18547503337422,796.1455935357728,56.56340503466167,199.284
0.034375221,2.3834476619551035,77.32718400869948,768.1753140127897,55.29765711376241,188.374
0.029225665451213776,2.4596074173718363,74.57347601200131,785.4541904961505,53.86725852778607,185.885
0.017366498707497124,2.0038309460366968,76.4363961,777.7486250834049,55.35803277369534,207.156
0.031177482322160485,2.9055850701780073,68.24758038406578,834.1141932463321,47.136517966418836,188.199
0.023606972809451232,2.4197378307390456,58.74865809370647,797.6013537475513,44.33571773633206,216.292
0.033762374,2.889438943861762,69.31187162976853,857.9359651581556,44.40017852448618,167.883
0.043392918,2.44815324,85.05094494286746,761.1340476185528,44.930496126890716,182.6
0.020897596248467314,3.3423564300275124,86.23132164105574,761.7091323134587,51.16577142,193.964
0.012147329428128167,3.0365456412023697,,808.6923248961913,39.03598347956493,227.276
0.022959316871504588,3.6259991973132704,62.94677798601449,812.2856075155252,45.528903016946835,203.806
0.020659897896051105,2.6130841836459915,67.82819046918554,791.6170793331204,57.28566010660131,205.622
0.026662284012476785,2.0166509903821273,67.21702747472573,805.5881497150419,56.356317745274836,198.234
0.019270163,1.823368786034151,75.45618453659243,794.2110028512363,58.23543660851102,204.576
0.024985827551343376,3.705740003600998,76.04107298563206,805.7900123,47.38869912,215.23
0.027289949997948024,3.127623203,70.51717578930678,838.1153454092805,43.87243247978647,203.499
0.030436204500470944,2.5600251731576282,59.531651072501134,807.2879153328172,44.63095142631593,194.747
0.034262474434331266,3.1034137440820575,55.601700469118484,824.9105435,43.66842993017466,198.173
0.030694177330267906,2.654085170720568,76.88461016739446,,48.133854332379464,194.796
0.009985725,3.1454946887751043,63.709936967371505,831.8672452,58.32260985775828,217.416
0.024035874,2.697896658254638,,791.3673691885781,54.16940601451084,208.919
0.027454302858693526,2.672455360036518,55.67453182068398,822.8927994020087,52.212406859540266,196.642
0.017699328,2.0784193328794016,65.21992244794924,785.8478802610623,46.71322455920629,213.44
0.023540487643083734,2.784444768369109,74.39011987217906,786.1395033803307,66.89223465048083,192.941
0.016457254696052546,2.477553958995337,64.26285174249921,805.9231982387398,58.74193053165302,200.661
0.037741745054479546,2.7341289217353557,83.39795803750354,798.1555144372338,50.55884392089721,194.249
0.036166266888535345,2.4569593696111545,69.77476145111451,,55.36088555897681,190.591
0.018590453,1.5505259186818678,74.19394153720987,789.3677930908265,51.07836483316118,209.372
0.035452098,2.6854222889765276,75.47686227,819.7068511328217,54.12795390147659,180.302
0.030605430941749934,2.7655409861591798,76.82434408,760.2400629006474,52.204583191700365,180.324
0.028798004191496886,3.3578520328464907,58.66064502,770.6094795216754,58.075170567532105,191.538
0.031992526505189814,2.8346574626223497,59.84188089,837.8095942736857,58.45545424999035,173.777
0.017746467773076768,2.5418341976930416,59.709258948554705,818.2807039396473,50.904578894691866,208.718
0.036400124576824976,2.2672307203295485,69.53035099352732,820.9610599749304,47.38716962722725,183.404
0.025643462,2.9979521182539344,82.60116686291524,801.6759829682848,48.77357027729456,194.333
0.022650648277944673,2.672784642363913,74.12315370798896,,57.78500698440995,200.05
0.029833218811328513,2.332682952629032,70.03109144092655,849.5660424459664,55.43197220593946,178.732
0.013832911911785222,2.3848250892389316,72.15192356385867,795.2317767945141,38.27134590208286,216.788
0.035189284225550024,2.8299711805453867,63.30278999136811,795.41234,72,183.095
0.021383455454372712,2.4946525445608407,68.68608104342333,848.6111309,43.213436883616716,201.756
0.034247152,3.0666046329943897,75.78963415,813.1588630518684,56.65073096,184.731
0.017041944,2.6076226389244614,45.19616758287391,804.7485835741618,51.92311058003679,211.971
0.028528359995911856,2.526474347900044,71.28766529509586,765.5784945162882,58.83219108625343,192.639
0.025103419128023836,2.343117713468033,96.73165939723249,787.9182005297124,57.70512778540042,195.977
0.022937519,,82.40539189378772,806.7400138707224,46.30345963425093,206.211
0.020827740350204113,2.747951270249179,70.22128993,857.3871661462754,54.24868767,181.943
0.021595311278480005,1.901482886950065,82.33764365194916,786.9005699408658,,213.121
0.016179953,2.2730647437919114,,795.7863692476034,54.69170777891041,210.541
0.019663102,1.9150097282702472,67.11948653096766,818.9575341584358,42.27799585014771,212.159
0.027423873792547054,3.8809455634200827,75.33433810447629,762.8540643057221,48.94574542,196.577
0.027556723877199946,3.1735065801181577,79.97360676239553,768.2485085756824,48.540323118304194,201.915
0.032406999605683516,3.0605990146995765,75.53411393944776,754.5861320138156,47.29673721529405,184.168
0.017583905350800642,2.1147853410032775,68.81350323251658,819.1443352034184,50.608376940437665,210.07
0.019262390572291403,2.5677169197894996,79.12691394,,55.35046806014619,200.098
0.019858275,2.073861667595625,64.59209139914792,786.1576968914284,39.317860218576115,213.36
0.019910325772232576,2.0002300515206715,84.51218616872964,767.8075660262826,46.79770695854789,205.057
0.027761831667572307,2.1815585063675567,66.15956356156029,786.7381616011868,40.114073352017414,208.885
0.027953296484908862,2.6187433898547297,74.26499136626335,783.4693912571116,46.20957458073845,202.639
0.031684896,2.3822559530614633,65.53435823,791.8943499,67.26898981520685,177.18
0.020396443031290328,2.5717460555437395,71.92880771666583,783.4309821170795,49.91628165,201.739
0.029074629,2.592564052231197,49.61785038425124,792.8685409320267,41.29209741098567,196.017
0.015127913599728838,2.8060809860777254,61.939384709544676,804.5068638695873,,211.447
0.011722884020610155,3.139132871365329,82.57955151540068,768.5066590483043,60.26209482268281,205.911
0.022448829,2.5189817024653838,67.56268324291774,816.2889882736456,40.88700625,216.593
0.038300008922307234,2.3386395757460803,54.14600699305025,834.6305532929498,28,188.019
0.032159193,3.3558691528761644,59.75769279767294,800.4505583313403,45.893049849471545,199.967
0.036550256,2.314813721,63.241066699692595,805.0151795936026,,185.061
0.025886301626795963,2.2564134715187905,71.43256064488236,794.1822038780366,50.07099817133569,200.626
0.022834898,1.895340294728346,79.12667861125921,811.4277676906354,50.00071225,202.215
0.021039820869815335,3.0008403196125752,80.64509505707312,741.5210640332182,63.96276015041974,164.297
0.023132907152737907,1.8142769698967902,87.67322510935956,807.0693596192737,52.19778918759856,199.688
0.027258802449327182,2.237893158337486,67.52791593575483,770.6180103,53.19900547786858,190.147
0.016692671,3.4163688248546267,73.19737221839623,790.0303018442959,65.86077628389047,196.239
0.020030487,2.7514121570127608,63.41658195825206,817.1078506,34.50091908077637,219.115
0.015044137,1.9041346240271966,63.24576205465428,749.3469921760719,50.39796200630265,193.802
0.018311212976424334,1.6777673277275955,69.9417464,860,48.09226050128889,197.476
0.015629658,1.9355968669866737,53.72965842286601,791.5674177,58.30678403399463,212.34
0.01668244,3.162757892916099,72.98663935506833,797.1838802749647,41.986090053823794,222.873
0.012123058,1.985334635856412,75.67758950493374,836.6119819173939,53.71106639761915,207.978
0.022582886,2.5359752996277463,62.50122730714014,801.2679506995083,52.166513255048116,202.996
0.024856540119048743,2.1959518473379704,86.20541351257532,804.8525652,57.83614080709757,187.974
0.021718945,1.7852905706810684,83.17262436153781,823.8419483,58.90566480471078,199.297
0.024328612373065262,2.8914085694139344,65.48517683,840.3925964901881,61.826276715075934,187.03
0.028593854,2.158431435877317,63.009107488543975,833.8730186351806,49.04010264,191.424
0.023601113177781668,2.6434978855361675,68.80959209870821,768.8792385494297,51.73857301984839,199.472
0.023402022989335552,1.5374051128177644,65.89356926337875,829.2158177372677,51.04491518063444,201.136
0.026607470802636222,2.078619985238735,60.38736983093328,860,53.262312047663244,171.341
0.014967203789826045,3.385936227643688,75.83649554049273,794.5611479600889,52.45262030131654,212.453
0.013612101261420866,2.6634398395301653,65.23495452935778,800.3265790393866,40.16163740826891,229.033
0.028613888857233708,2.4884548519777905,76.56295722143597,793.8916176831415,49.480152152076165,205.495
0.015719896,1.919871336737452,61.40354708775554,846.1261544917724,48.81012327386234,200.04
0.023425099438245337,1.9315634557059096,68.49600439010938,785.2888884297411,57.04128307254033,202.512
0.029748869,3.1850585519944072,66.57908892219844,806.2950317701442,51.94628372244315,201.808
0.035940076,2.304405093127907,61.215542577748636,786.1577327302821,53.74142701845686,185.645
0.013165516789658107,1.9842324708857872,72.68443344703388,787.6170695900528,47.73916118817839,209.577
0.033101625,2.2610813414277455,57.08145974500806,828.2205508119553,,192.77
0.0237322,2.2116676707617224,87.10442704632464,821.0722290817262,51.052055635622764,205.818
0.034929158,2.428237091708648,49.666237845505975,860,37.73860434522308,161.092
0.030388282363844735,2.482967092486461,64.20140167983566,823.1980468942072,56.56443952217071,191.802
0.026929154452894684,2.535912097484074,73.11454802687483,794.2277990808471,52.63987273741627,192.784
0.016332063946442883,2.713297601500756,75.44720029407289,777.8559261282631,45.17057461070652,213.596
0.030655388118028527,2.336505057,70.48251387333055,771.3273425702367,46.623676523949854,202.483
0.017058980684979498,2.4071390047573726,93.77106119796919,801.8076492855084,57.79751310622898,203.292
0.015914795217687037,1.7175754486760115,89.62463343348897,785.9393748977147,42.60320206452616,221.101
0.029009932059640486,1.9001844024173749,51.65825992924156,832.5349094100228,48.359151958400055,187.444
0.034041042420939964,2.0648631925360283,74.97955885239908,795.8493732831234,45.59134553743215,201.806
0.031058221732046393,2.2243087435492734,,802.1861509016283,32.74484091,205.561
0.029002910684544733,1.7308595491677898,61.85050215035767,819.1421947108048,52.64308395697259,192.767
0.018899116,2.659189570757225,66.99588451849783,765.3041875556517,59.26140128224582,197.588
0.020883159595365047,2.2008112912846607,73.59554413904257,836.7196946084458,44.58110531435045,208.071
0.021092272291933268,1.6733118464892565,68.65441971,804.3047441792919,46.87246775614164,204.56
0.021553796096875088,1.5673945786097931,64.79453242797716,802.3190509224303,65.21357557537658,193.038
0.022310212936227328,3.2346656468093253,75.83892578409814,800.6473741818377,59.061018589544084,196.082
0.02398502,2.787451566757701,71.13412986294531,816.6913427160325,41.17418588088377,212.202
0.014188854,3.301360466191479,72.65254086411576,746.8583115076542,37.45507088692356,209.385
0.022539939,2.4476879026663303,55.53889243214853,826.9611641547032,47.29916999458818,193.58
0.018480181615143313,2.8638210133879163,64.34893182541606,815.3069808701734,36.856123518508625,221.703
0.035440391416102814,2.745693590730701,70.45984580750996,794.5282529,52.96512717816164,194.158
0.010780222872677108,1.969850125,77.75779077177758,804.1915903449134,58.64334774471186,214.864
0.033871687,2.2713443409354652,85.36985358,756.1946786,41.37897474320337,195.005
0.025660855401217875,3.3034211156490794,73.85712775485727,784.5747485624291,42.526745102064055,213.882
0.023538826,3.1226868344817786,67.54623923672928,825.2040602696835,43.14670356030729,208.939
0.034499303986166276,2.3732990693821265,60.22730445,815.3636385672447,46.55772222548045,190.587
0.026049614901393476,1.9952318669579654,76.84403225559541,817.2841264080773,42.558159429643375,206.956
0.024042689969439302,2.556102403376722,59.954785532007186,785.5268719804388,,205.972
0.029675878,2.981394718813638,86.56452375581966,804.5332591433632,34.27601302,217.698
0.028259342409333803,3.245435328298824,58.054909266640166,824.0882407,53.90227716601772,193.967
0.023987217682652148,2.8201294787083606,68.86888248,805.0629983878844,,197.74
0.032522441,3.666863223,72.13523712542806,819.7613402746598,61.072846772047384,179.162
0.007354555,2.079336815495275,74.96033519,784.8526835724969,43.64594124320584,218.606
0.035842553,2.3661825252313213,58.566282128935555,786.4892658175592,59.265359719039786,184.077
0.031143086673031305,2.841453973020572,86.26942269991235,755.5860969259425,46.29854969292344,183.878
0.027267443930266585,2.0492477988116797,70.94069920889757,813.4954581604908,72,179.703
0.026225237262551538,3.199136751986338,84.08647009,777.0819403338265,57.98135291,186.625
0.018533334792475223,2.0966080461294867,66.37678595837302,817.7774182399824,49.064591665770735,207.767
0.024586916332803344,2.1653065289113007,81.80645959858788,793.5412480818234,64.73799805179597,191.338
0.020427294945066794,2.609045302124915,78.02243461857687,795.1848298457214,50.46783538,216.307
0.014154095452232895,2.591894100062599,76.97761937044677,796.9086863180129,58.67987628067167,205.531
0.018701349859052252,3.312358863,69.68935771422488,809.1944722492511,54.64067334054835,213.91
0.011639036425515694,1.9692987320885238,62.68719352379305,,60.554469188697084,201.419
0.01792143,2.367210777900418,74.15030833479294,775.5088319496053,48.34902057336775,208.473
0.024965767928670952,2.416726369,69.28064349,773.9215186025955,60.21403851930399,186.175
0.021416156653398397,2.6000532571897033,65.54150496875096,789.8087383,56.07036985198528,207.441
0.024975142975786093,1.9915646215614653,72.74489146111574,810.4325791701724,50.06259835,208.933
0.005,3.5652067684444155,72.26628689594986,833.3142889081455,43.65977061365584,220.449
0.014284281990289738,2.423121327674024,77.97203055024688,781.7744738872235,40.31531867888117,220.125
0.032423969,2.417833837793436,83.28776663081574,785.1113815849994,,203.905
0.009097696,2.1267524899332972,75.70934891,798.1183538224228,53.41310254236053,209.021
0.029120009365201278,2.205311828124532,69.85537003380378,797.3853060738232,59.94470886078314,190.679
0.022487887528175217,3.127446868290879,90.12428735983369,773.6587607072161,38.470133333087844,201.303
,1.5342059364789837,61.302861133238274,799.6861991029718,65.48882240242011,176.455
0.033519423,2.919749572266806,77.77111315204455,766.0935201243301,40.03124264094556,200.118
0.026138482661517828,2.1908158098983437,69.65994272950701,795.2501934,49.42243570722635,199.443
0.024505538,2.3877728285792705,79.27770625921917,803.0046345752058,58.59175633,194.46
0.020121997298934352,2.8153537364212977,74.07052152625131,800.1378175667359,51.175995267700685,200.047
0.025942880776000765,3.8276987459560647,74.47377669096207,809.4302690252224,,204.871
0.013946613,1.7795744397160091,64.81165725399359,826.2486693637293,43.623164526947974,215.038
0.033641663,2.6632585698919615,56.61552779763025,823.8450577055776,54.19382629,185.58
0.034297073,2.893583603323769,69.28437943461972,788.9406494576172,50.56956494991598,198.153
0.030412080925653638,2.980421098,56.763595891874985,769.1232516,44.89524425860783,197.859
0.016156169,1.888139437219301,88.76264862135176,790.7249308605165,,215.62
0.014055767715396456,,65.75262323,827.3400802958969,62.56200698889496,196.012
0.032199621,3.1732408745230702,84.35405104447148,770.9009079537824,41.08737123839957,194.131
0.017313250258742766,2.635969229,,786.8039752563488,48.57337954563211,206.985
0.031987123,3.0132043061845413,75.72235329653883,783.3749580904674,55.06510718546275,185.664
0.028344622443195633,2.8449949735692113,82.79320965712208,806.3517251163984,54.23347993157576,191.854
0.016301108812907316,2.875135441997581,69.85181525767187,820.6453449593317,52.62146949622354,209.323
0.020049709558700397,3.025353843,84.45311762314896,764.6281126431794,39.399116903009926,211.378
0.029826431502801183,2.922078737643523,73.22457647496714,802.5948486120132,47.628511946015756,203.974
0.00929948,1.5727171969567146,71.62774402929945,799.1062773913392,52.58766796087498,222.056
0.015737797231848167,2.759310901,79.14537267390004,772.2333010383308,48.48530989937582,207.896
0.019107224798359673,2.590298249295779,75.21148788340658,788.2112668334322,53.792274644594556,204.249
0.018203050461695403,2.7652128737424926,79.69972975080252,755.2492922293288,47.71328232354695,206.215
0.024702055,3.308686667581026,71.68867126012896,781.4953927667113,52.174030812265116,204.546
0.023045417,2.561561687,68.38587070439243,761.7785015187651,50.937834653349796,195.048
0.019620975654453136,2.3435284245020203,63.801247694666344,813.9051886051063,58.25914313208552,208.161
0.019354210319558647,1.2691996631246627,58.167724507346065,829.2571010857478,62.33037319531223,184.855
0.016754792133459855,2.125495747565597,79.81712401755945,754.2566444797337,60.24790143338098,186.328
0.027624500312967742,2.5935154893140018,72.02751828944548,785.6170525033706,,194.765
0.018520721659593092,2.047326290166401,,791.6765447,68.60953709051422,198.414
0.026928944,2.4893138568117683,75.02831451854871,798.5315693208031,49.415718481644056,201.693
0.027066181,2.888320771011998,73.97389207641592,801.9695137581416,50.46469125273417,200.092
0.028552202253685363,2.391136613,70.12636692,789.0155233352142,42.23248622,208.235
0.023185516468282402,2.916769074283292,87.63630895894227,771.5011034546626,51.57583844372195,205.692
0.021460411604650752,2.690279473929097,67.34554521890054,789.6620566320274,50.020122531672726,209.051
0.008260289,3.1859893372176753,74.19999715130679,798.3305946773787,51.30369697059989,217.789
0.023091309973079205,2.8360406091629993,62.44882958220234,827.0940026135167,52.69039371207248,200.346
0.022335003998095827,2.289813628294995,73.38009103468403,817.6524729283632,50.4513189,193.357
0.016912369636460114,1.8287772409104002,66.77764789803763,823.2155073113075,50.80367416666316,210.003
0.026655718326687887,2.4229132877258137,75.67779057731963,797.8409302207107,56.31718139831347,191.692
0.037720724,2.602359293265646,79.83729535672472,783.4260214070051,50.48188938,184.545
0.028362051636155575,2.677810932425583,51.23894244589407,781.9858357949091,50.22776632887542,195.601
0.03378982,3.1870027012640962,73.11785007594686,818.0879172904483,41.02188730228775,187.111
0.021909134250580796,2.920721668474363,69.50008531,828.4000658098387,40.24944722804095,206.606
0.014246664487862123,1.9656013470767182,84.51514039,749.1734348630583,59.96715345816681,193.838
0.025361964429272136,3.2229695311056283,70.06540968403743,809.6630856973688,48.55866361656527,207.906
0.015882264387295196,1.804848014211865,50.33240815745206,,50.50674522955876,197.664
0.024395306228466026,1.5510095705220865,77.64341322,768.4979294610521,42.51980581,205.297
0.025605931313829437,4,84.28371308,805.9813256754965,53.64440277923823,204.244
0.028057148,2.4956917846593134,58.795498063369564,830.0345623155134,46.66340958276744,203.562
0.034765454,2.973315572630492,83.36516087776413,779.5036900166212,50.58100683,190.939
0.024609440036502207,1.7141955056460563,72.20716163318902,804.2275056,49.874943083493555,203.752
0.029157056506933135,2.1239157937189486,83.09039701319804,782.0503212172854,66.61999865529829,178.259
0.031506829524379984,3.291048712008248,78.82001482,787.2224474295537,55.78082157288012,191.328
0.023095063600198393,2.5004315614843518,72.91302168057602,791.2524802274686,51.13624823200911,206.56
0.025727194736181323,2.4893443271135802,65.43482009993417,760.9890173825107,50.86409443627454,187.791
0.029851885999632635,1.483035588756221,80.25917770329042,782.1410150372226,58.36326092259574,183.918
0.025771603954279628,2.4719977882835766,73.69952762039757,774.4157319964914,35.14647805449292,208.296
0.026019768,2.2519447127669254,81.64615098965635,773.4563279456553,45.79664271550134,200.617
0.023843075,1.8230151144290416,74.01158722436874,801.8522305297963,49.94984821126513,201.337
0.020272302309015153,2.0535658475791827,69.90704551149915,848.5867208,38.204574975983455,204.256
0.024987004520094565,2.0488316616030304,83.68454326,790.4797710966402,60.44195626728055,191.846
0.026148529805735878,2.681027138018046,77.16038352812771,836.9449276849155,37.94212351974842,217.203
,2.0162520402387756,59.24696250054558,817.4897101036129,43.333927800942604,196.289
0.031301154,2.349978546599835,78.26426873360342,785.0439733099549,49.61467854167702,204.813
0.028800326737989573,2.252508313929615,72.65030927204914,776.7554838907574,48.884778003689085,196.8
0.028388273642360153,2.9054745414704546,64.40111256507656,823.7529386796061,46.05928034169138,200.377
0.025891644,2.3662339550115528,66.78705662651544,841.5469599392329,48.162878049617284,189.531
0.029055124152032666,2.8158959379108794,64.30712354106448,805.7266272742659,52.81300799,195.496
0.02490172,2.0221301344709213,76.46061669146161,797.1623564,50.19246162450544,208.358
0.017828134421981282,2.8641550173189603,59.98488575,808.2861006222807,60.720452917970384,205.308
0.016623564085824806,2.0091561528075292,87.70377078128406,805.7054487,48.23019479479137,210.187
0.033273585053013026,3.662522951526273,83.52669165785056,802.1488266075572,64.78439032728443,180.501
0.027293653265993197,2.819477195473703,95.93745419448697,795.9887974071598,50.48543277629654,197.665
0.014196283468183525,1.8879445838156967,77.28459838204361,820.1636444227901,,212.237
0.032705597,2.5155364460257896,83.10581423959894,803.3173431512424,49.69078257287132,198.853
0.011947009901344311,2.8586569741413164,73.19674179853418,803.8477699172653,43.40580207719318,227.563
0.021894022882483176,2.505981143331476,68.78513183213387,803.6831624568732,56.10626037,205.911
0.027541611803629202,3.3274111967894013,,787.2036124432904,38.63684914756889,210.118
0.032476936,2.8130113724273147,83.1860323,774.2020269108903,39.820777136655664,195.489
0.023002398,2.8376415183694075,69.07602089469646,812.3961743642918,51.88806502736139,201.849
0.027552956,3.0917125038520155,71.10571904274886,784.5441793979975,38.75906766345204,217.237
0.022953981,2.015401734743241,65.85296109213355,821.856125,48.14736576849555,207.966
0.025714279519009654,1.460011308766623,71.23078871078287,822.5067269706149,64.35452692194055,179.17
0.028477405,2.876710611244789,91.44708331612772,781.3178655690881,46.525573892637574,191.597
0.02645716,2.2379237775360994,66.56857526391829,809.8894917711766,49.81840376050219,192.155
0.017921265669893154,2.9819936154241566,79.41718434301346,778.2963241226208,,220.061
0.028184306813550136,2.128800056697849,70.46306018243153,813.7285638710739,51.44040377121899,201.976
0.027964568,2.3543694677509968,79.65718705358762,785.6298953800804,40.18944928562182,211.117
,2.6248070531676073,54.16232881463315,813.0184215872342,63.85059529,167.548
,3.620141768,65.54133589494411,791.3408096440495,43.508140104159835,211.481
0.022914194896183824,2.609580570253229,81.07359275192506,851.3120816586019,47.09763532977334,190.173
0.025912494,3.403986509301627,77.02529326682077,786.6424923620051,55.43483342693056,199.077
0.027230735,3.008883658871084,67.75449798105322,780.9303400498209,56.73640535115878,198.237
0.025522322461070394,2.5647835851336733,91.83438364567857,805.7137716843046,39.92773967477421,211.581
0.034551245,2.2029797730381415,69.95111541,,46.41732270324036,199.003
0.027363589442195975,1.8102239045732889,62.56618251181405,818.5921289019727,44.97659557594545,200.142
0.029666101,2.7651914948978735,70.87427173,818.5759489134849,48.34758330236342,194.545
0.015814633084602868,1.8420749382635988,82.57348925749909,763.7567348036538,56.34985863783822,193.402
,2.295420301310516,66.37387595958826,827.8485132170803,,202.137
0.03720773,1.5815312617981514,76.89026979255702,834.2539768281509,56.922903674615156,162.706
0.023478998,2.797824327479682,,805.8483600161613,44.10392428892247,213.16
0.019649223,2.729696334958773,80.38472835818303,807.7872130321555,44.72353685085784,206.106
0.030745050874179922,3.134660947906588,76.32471482358648,799.8704169552346,52.04322489017135,192.347
0.017890014716225373,2.6189645143925553,72.86384557217566,791.9956772267237,47.82459399809042,206.364
0.018112892948789913,2.565407615345664,68.67032906964594,847.4560033484312,45.07773509788527,191.987
0.033508473,2.6630877437804052,60.331269683481985,826.2058056130974,32.86997849,202.656
0.019764863421520906,2.3720367182168314,75.73446208841598,751.2421643364419,47.29682330636328,195.181
0.028180569177876886,2.7502382351768544,79.59088257342985,825.1691604398429,49.28176600263035,194.243
0.013217217091088746,2.814766188472281,75.08146246489751,794.0054481,65.41918203195004,206.905
0.018579651952331154,3.4526441134318633,67.63719083887264,823.1131267339899,64.93979178107693,196.838
0.031291013,3.4937654566546588,72.52859770731277,792.2958744058017,47.89658204915511,204.63
0.028647604820175507,2.1113113213847576,67.89398813,803.1819394857315,51.00522779232355,198.788
0.013700410419796487,2.711459017340069,74.53802452285436,797.6033191981182,42.40809729445339,223.618
0.012985624575247448,1.5557241795230703,69.97745472000088,782.5946196484532,41.90617016598959,219.068
0.031564068,2.317479591867469,67.29833262623411,806.0108101365565,58.20446684574161,184.092
0.024730213300143616,2.426363364436118,73.66825549435318,821.7292126843685,37.32221585429663,207.044
0.032786376,2.6488849268445085,71.06442276846774,793.1902815171644,45.35670910509486,199.581
0.012984691056142623,2.740577449993048,75.04059378202108,850.4942060327663,51.94922180011331,198.38
0.032028317,2.8956305834024585,72.61872863633563,773.7773485484429,48.24407787940007,195.03
0.023582866003330236,2.9058450716153144,64.96156556613076,821.4171431,40.971251642325726,202.823
0.030693499,2.035503959347653,63.42714667777632,774.7101487467316,47.72317370011892,191.58
0.022276706510747528,3.188840674,64.77415976727279,860,47.079565257076204,184.032
0.027225179386479767,2.362989619904509,82.30729232769008,791.4220025555944,47.18893552707657,190.174
0.027099483967126258,2.7511520467090906,80.13847063960559,784.3713146595378,40.881781945583135,210.465
,2.7896248597985998,62.23098209620783,772.6288587776447,53.65951212898457,193.494
0.016012475,1.9311643232176254,60.59164751,850.9583998619804,55.77522227,188.689
0.005,2.004296230929336,71.05221758518013,800.4477845432697,37.14239494640562,230
0.026765015,2.9121807584218513,,784.6319681823423,49.220960659703195,208.368
0.019594847374319584,1.6696655323656655,45,843.4661536352521,44.60314554410484,203.669
0.028907428,2.900865355939511,67.84510939215966,822.9957773941096,55.99298537549265,187.707
0.023373746200552006,2.971515495,69.75166499128275,766.9012733864313,37.509307251981824,212.998
0.022552545487768385,2.8129808269417556,81.74479695625456,751.6173416354208,54.41552814205899,188.941
0.032119277,2.3364304735555614,74.90960644964551,805.9037101815987,45.461758608711904,199.742
0.019797290180048294,2.936745624943729,63.15328393084759,816.2140026354455,56.116493376233485,205.986
0.024650461536414443,2.140888648826731,67.99115119940048,809.7174797031669,55.77129898847435,205.505
0.030615534899598226,3.2275155648798353,87.48006367273328,755.5815012945205,44.74799800296178,184.152
0.019328803,1.627116669138067,64.56665538588389,857.0812004248639,40.81065307275988,199.042
0.019422399173024647,1.627345495308175,70.97831192754964,784.7116782309377,50.41458662080293,208.647
0.025813510152764896,2.281545648941751,57.34683935637047,837.9374365644611,45.20127140005363,204.638
0.03284495,2.0118703145677035,81.47916082369848,818.5428778984931,46.46841698387031,194.057
0.024743710742531785,2.9953380710904756,63.643430301334554,806.5729157258319,41.74184572276938,203.851
0.031077202325452653,1.0904248306827644,69.65963919061842,777.6602087050182,43.366850910670664,195.985
,,72.19962510062388,781.4714072161559,59.52039342879802,181.542
0.031741158,2.070383975637747,87.11623248799589,759.6609237,54.73485855783963,184.495
0.034152297737216133,2.286416836818313,75.99350617919553,802.3932543694842,59.294632164565385,183.285
0.02188061,2.235480453542176,76.92513154,782.1150701,41.225322511275195,209.488
0.018555019177144867,2.6521211719689393,78.26645813,798.1754741499784,51.76879237414572,208.766
0.025119271109749344,3.33195882,74.65806599703323,803.1361174,31.47776258488209,212.397
0.022654753430305825,2.441049059471355,72.89313054,757.9406435235118,62.37317746653821,187.521
0.021567635,3.0499065946274317,77.94578333012093,801.2023290698613,62.118586252487916,200.348
0.021218128653849855,2.8557728286780932,70.63973938833308,787.7210840431007,56.339302577694916,209.519
0.021942091133703323,2.543066023052364,60.16895468873779,794.9669875932634,42.847964278092086,210.584
0.027415508,2.2252364391468924,78.07829415137152,799.3056125804106,50.66043230896255,208.74
0.036388604,2.522380289380978,77.18973460960878,809.9186278880884,59.180643717586406,184.814
0.023644949,2.3127622303374267,76.68379188153779,851.4428292258204,36.20206005653421,199.749
0.028752808,2.685314397534274,77.29988094060126,782.0999218165629,43.732584895673895,214.9
0.028948739082263208,2.9961518245963923,72.74572278078614,804.2340999589123,45.30863445,206.143
0.021373033107317217,2.159686348374482,88.02061309479996,808.8197197059249,46.13069150289682,211.765
0.029174284,2.495962459145514,72.37813287384368,838.7947137798114,45.15471559658737,190.595
0.014653674264224306,3.037327501044656,53.88045361075565,807.1786221230423,47.84687640609586,209.969
0.028100338,3.454104044690748,,821.8948605418253,54.21365355591115,186.194
0.039659169,2.268095777256342,74.27535724192043,787.4211307617159,49.67940900362306,195.105
0.026840967,2.153267140744579,64.41857819627613,845.7681604835088,35.45536493118822,202.678
0.022658774,1.5945408717503606,70.59020591037594,,33.22896450471636,210.977
0.024346487,1.855016015071273,74.13691573701713,793.5779571713615,51.17013535599889,206.732
0.021422437588795085,2.6176036315001574,67.49832916187016,816.1070127707675,47.000602654913834,208.48
0.025025273134073524,1.8764134015971425,70.36098462,860,42.516374832282835,188.597
0.012497772,2.097146606084821,79.01182328256829,811.8992528945715,50.15069103,215.274
0.027449700173428383,2.799881407350847,58.72458228,814.4066334,48.24671808,203.737
0.019120454,1.6303030043493434,82.88677615541178,826.0212260292615,52.319843987947976,211.801
0.028829110674460805,2.396213786747865,76.14330707184337,826.3366677820205,43.72082688794811,197.805
0.015192642831146512,2.6117005211907713,71.16319243,802.0692845274083,57.21585036140732,209.379
0.039892262059307945,2.6558369545360048,76.41481371,761.8242803952384,54.701385764818816,176.631
0.022190185587341867,1.8294190217576056,76.53684721912677,807.3075368854378,66.04370004311457,198.219
0.015868753,1.8575570138320259,68.90235937356005,799.9034950270456,58.48813301247185,198.995
0.021410982016630692,2.952186717066013,59.92839320983931,797.0876671510825,44.95705882602276,212.764
0.018097147814870696,2.264463667,,786.4599139529988,54.399140212496214,208.645
0.026085375017078576,,75.72584567631021,796.1181027351862,50.107427323456406,213.147
0.017507520922080425,2.2597401466029714,57.59193788249709,810.0819142588259,44.55478628688316,219.47
0.020421429,2.3455026819336973,61.312610467067806,823.872957,45.76738638829271,206.031
0.021633404254973652,2.4473244313106415,80.96491920209955,847.4559882026463,52.165854871683685,192.162
0.045848248,3.155097692786664,69.94250994331203,772.7850614539155,56.29284283,179.17
0.032782713,1.8057047997523221,60.55302540841545,796.6128895042609,52.95660112313797,193.869
0.027326312940731772,2.389622708526304,73.27347676263908,860,34.36025164593757,183.664
0.025865524,3.1632384899256505,70.65288544116201,827.0003424112372,56.17104421240373,197.817
0.024844901340686232,2.4991276,74.03509075697298,757.3874406,34.991593031697406,203.827
0.019829895,2.6273616919585265,54.351372255581914,830.2627576016648,49.05747756407481,208.854
0.027281886,1.440495957083598,65.33772015573886,784.4829121391142,62.689516062281314,185.784
0.032225648,2.2913711473433773,77.13147367971344,785.7828540160559,53.060565504726014,181.549
0.043242035521351654,2.789564179957201,70.47001016125093,763.2292872966954,44.11254680487616,189.051
0.022278158,2.479139866,81.83052677714907,777.6528864833145,67.77593831347622,190.48
0.016946454633087145,2.929082688065734,70.98883843,828.8055324507535,32.57849905523729,221.476
0.018816784494782347,2.2539523095860114,74.92088058,740,44.730398670594106,192.063
0.024694308671666082,2.0259709002567794,62.60561713297342,821.7615563548953,62.019615346103166,191.893
0.032606105837152385,1.856831069917647,69.37756184,778.9785923048976,32.13787729138426,206.485
0.023538756113369322,2.705145156,68.58017253456468,808.0148052,39.472785731007924,216.462
0.038712243,2.8838716054021223,74.22286210997618,795.8136290357477,49.21848575301846,194.752
0.025094018,3.4381545018621793,69.82814868910532,793.8518175,56.99794434681139,197.109
0.034225876574290964,3.488582075814709,58.391088974444344,788.1894284797204,45.346415513843226,203.85
0.015797111866098452,2.6401178492485435,80.81949622488783,839.4293458229644,53.311111916914385,208.636
0.017498699437180083,2.7660479684200356,68.15601355544574,807.0902652951293,67.32136665205104,198.747
0.016042045,2.6210359073564744,84.18071661604198,811.3742145800214,41.82378509081625,216.943
0.026566902020563096,2.7639600834495517,64.53518645724127,808.1661028431282,48.59457680542908,198.872
0.03123445,2.6407080337517694,61.58262108288908,823.3374690406499,43.87933842912152,187.583
0.015535416011639292,2.1021608656550583,79.01193043729589,776.0627531639107,42.79051479512237,217.651
0.024638584573022513,2.3092928358980496,71.96102992050575,822.2831404,33.793385926708936,220.482
0.026047078737561315,2.195110421193694,62.78018983713257,816.4129443378417,48.89511450589486,196.459
0.036479886,1.9726675588877307,78.65294095,794.5661808446243,50.50177533,187.516
0.026910213011438356,2.419334853578361,48.34213858290675,798.3067786547142,49.80594864365425,200.575
0.015166649023584968,3.530121297580684,65.38954560898406,803.6136923451643,57.76899870762042,205.596
0.033544126,2.147046707151329,80.54049306,794.9752468113786,51.15830310083393,191.485
0.016565235,3.348033328288908,74.01009038958962,820.4087304818408,48.064915746887124,210.212
0.026378544953520662,2.3072879023622623,76.25287465929158,794.0321409515856,34.240091648819075,208.632
0.010096842436349599,2.6680354695698605,73.80023340722855,799.9213172743727,50.33140008041554,218.461
0.029049189323732627,2.5011003225116895,77.91084605,757.5140283781092,45.55502832311809,197.569
0.017654066856876514,2.7644994425251523,76.19130236802181,766.1609564609942,38.20369495418272,215.273
0.030035875,2.677026266214763,73.98319577348558,807.0322419241103,47.877093015077016,202.384
0.018859358862887126,2.014516375570909,82.43734122,797.6793566060829,57.79629287568062,198.664
0.029454305686345824,2.193222451,74.70902132530124,815.6812323512785,37.109915696037326,205.247
0.013468641544645351,2.3190499099752633,,802.6275913887715,53.619296944383905,217.39
0.024047907295315425,2.512035626121785,68.99067305321336,782.1210301477438,44.09955883823352,210.368
0.017498737,2.152244941812852,66.19465400512655,811.1661458037205,44.48936246252959,220.052
0.018865189571256998,3.006075086114239,76.93140384722075,781.0800202804505,37.89488518760197,224.084
0.029716326,2.1092677933016475,79.21770812170742,779.6181499606297,35.03919223980576,211.674
0.011272843188680699,,65.92569826,786.969047,46.93509108899953,215.076
0.025460362941391708,2.1540154694554032,79.73103329201463,781.3812760608116,62.28522064691017,200.064
0.032073515,3.2341250473130407,72.68171576966078,832.2753789135235,48.56727231306105,183.302
0.034011501,2.1323159307660053,72.30993581121828,798.4532005456849,49.12503593919128,199.842
,2.893967522614245,89.91706002891578,810.2216480035936,60.64747006665183,182.491
0.009952461,2.716622144,60.22675486975818,810.9970652217725,44.29318041838801,222.474
0.014723052188459294,2.635716643424683,66.19447774,809.3286084684795,45.743614904524755,212.329
0.029805709649147458,1.965814888588981,47.18772033393357,807.6168533458133,50.239177664540804,194.512
0.033523087,2.7872923446193996,73.91885726414992,813.8100595268247,58.498416009079875,193.654
0.020383160440618043,3.1093941683169786,,842.1735427231987,53.05138653633639,185.234
0.017637089,2.023456878486358,65.89128781570398,834.3500387909178,53.521413005907284,198.556
0.010753097162297984,2.285721619493326,79.22344269041814,,54.34021272411872,215.653
0.022912211,1.0928540846485768,73.98314639196876,812.6586653318409,44.99512545150645,210.036
0.029759084282521324,2.703508160278241,66.27666502880552,794.4869161,44.28854833067527,197.945
0.030551273216646406,3.3165413736577607,87.43622162580772,801.9509320533903,54.25536440895627,199.603
0.033868700116229666,3.156913257415167,52.68294853408645,860,49.940869617226284,167.319
0.022560890681429982,2.757843274719634,74.99429074589452,786.0159565288669,46.10607442667336,207.463
0.013826189015184941,2.990736149524788,77.18117510167386,767.7112483391461,43.080324047332695,216.21
0.032237476,2.5760290474478844,62.94557518117822,819.0546421644282,42.30979211234668,199.859
0.028465404,2.479891699388261,64.28553628218442,860,36.99445914789757,186.577
0.03191919,2.7187483760438944,85.36306933121797,783.3005696450198,56.440059869250206,192.505
0.031395196,2.184467899450379,72.39838737,816.4093698345122,50.816754824597474,186.992
0.02096475,2.801946690885104,59.169996706592414,789.0585632265849,50.521977023838836,205.182
0.025800323431352086,2.238183556349292,82.17947342372894,809.8676714374999,54.09764811302266,194.856
0.015492925850243516,2.023074523384296,67.14146399417506,844.6963867893621,47.578734391921564,204.419
0.021984114942344177,1.9224556471420118,72.08931728125117,835.9895537062816,57.90689340202818,192.386
,3.0485335396493025,64.45949382,772.6046213740664,60.482951196584466,184.697
0.022327084,3.005304962732315,72.53512284,800.0801045117796,50.84688122536913,209.601
,2.591973134361745,83.58702911542991,807.2892609,56.416686993749174,185.32
,1.9273736206680472,74.97991767,805.8066623632568,45.00710932500745,206.182
0.018270058,3.008592724753717,,811.9004922544632,57.13846790183636,199.568
0.036466632,2.4824759173027697,81.26337247727236,778.5257743043144,49.135199291840884,187.328
0.022588125422432652,2.2472832707529475,52.694826422005995,829.0660715459173,,198.773
0.022584868633670863,2.2052420993995234,60.731302529050645,801.7296925105114,55.394704590771774,205.745
0.027704834359497617,3.0166517935946526,80.91348957016203,740,52.94880170367195,186.714
0.039887166753880335,2.7377795596857686,85.04336886631407,831.2562349621215,60.23409595986496,172.092
0.031327025,2.779124757,74.48786227749551,764.2957500438026,55.08920127876862,189.911
0.017766719,2.731647212567071,81.65635260621465,836.6976672794088,50.78520683644705,198.251
0.023573748,3.0400705928152263,70.20552844101668,805.5259348992915,53.52941127264903,205.662
0.018784723,2.1285830736570843,72.11167846246894,810.0456785,49.12618935,207.618
0.023586672658782174,1.7573922379623488,73.62148960146936,800.7757104966721,69.83522761723859,196.122
0.027257319539636202,3.072189786888846,81.91362247563691,766.1185310918021,35.96306821945303,208.924
0.022509346435860233,2.2312192409484006,79.26014395,759.7472237948139,45.71398252332904,201.602
0.026372569192909163,2.731297373,79.82047512196736,824.9685092737196,50.10209983,201.11
0.023632948317649168,2.4885243385513425,72.64513045211797,832.1199236667317,60.370910378488176,192.924
0.034763110656958716,3.4898095610916404,79.75346313201291,751.4497333236882,52.46809457000649,174.646
0.033045532,3.4844049015002128,87.35846089933457,784.6062547226281,58.17030211149968,192.497
0.035784366,1.9809723389474656,68.77410240025043,796.5036474018954,65.01227099315594,179.087
0.038339286,2.826230959,86.77564650471149,770.0867773,45.527045451121765,189.336
0.035765527999612585,3.010656752047049,86.75305454,800.7753779795854,53.18551929,197.589
,2.295823139361847,78.36346092818735,793.6986568977193,45.59944712548927,209.722
0.022695196461518623,2.7506823617588285,72.71435274452233,814.7481603924222,47.08047629013618,210.108
0.031122421666834602,2.418837335298309,77.14455174162676,806.7740186684507,52.53180571355365,200.105
0.023403324044455047,2.2426008215084816,67.10988272858744,818.1547268547154,48.73783388988553,203.882
0.023543749237890998,2.313961659726813,89.25842922118545,807.8686342985678,43.25163146208394,211.622
0.022606671,2.583019485438532,65.08246107992885,815.2595429028632,57.41316739316003,202.593
0.021611816234962285,1.716860175302397,77.09935243955572,800.3432553877716,61.47027163604622,196.652
0.029449337760380667,2.2137149081833982,76.98753754589968,793.8640214526864,54.14809321717349,194.726
0.021058268824818538,2.079993186516266,66.67848785698932,850.5879758,44.22195747347206,194.456
0.017378960354025648,2.3354575340891386,62.99151530007211,802.8242439558803,53.22094943495272,211.141
0.033053995,2.994344844964928,76.27972382381503,782.8589242665365,52.771265014952014,198.038
0.021727764898671186,2.2597256436866973,83.30841890331678,775.7912858,48.13869205556269,209.709
0.03934694,3.3496991633682196,72.13901641104914,836.3954196740818,33.65704527570274,193.571
0.026160601509340787,2.994131865229287,70.05685389781436,779.8241647999084,46.612255166252254,205.038
0.027440576,2.634996554320451,79.08200000246298,793.2817380134449,48.36611839771883,205.044
0.038667599631948976,2.837800814928303,71.27848460827411,808.5046772355921,61.68650848610565,177.632
0.016637318465739456,1.769659579054982,76.85991159119467,794.2560536,49.102383315466234,207.152
0.033122634274825834,2.9782956353709773,73.98880840731239,753.6932456796632,53.110227095980946,181.85
0.015540239,2.9983101724839996,71.48163836944939,820.2056783309316,38.549288414140506,215.99
0.025969764,2.60363407,77.16943851424803,793.1752542103568,48.49386099227236,206.794
0.023840614,2.403970425842673,64.65551426023458,829.2599410118971,45.7690365,195.118
0.029776477,3.4760738599444103,74.4726091,839.4145599666442,42.12780957836945,198.286
0.022663307803663876,2.32461401,88.05338816587818,793.3460634389362,48.122622476145104,202.823
0.016309428,2.5015441942394285,71.10106254550973,782.1693026187709,46.021146156996515,215.726
0.025507121903988038,1.3132345033643076,69.69696061625551,788.8582703,49.43661144429527,197.156
0.014285011,2.064380741261691,68.22100014813485,797.7091410059218,46.093364607429244,213.696
0.016417406774542117,2.4719391495956806,67.09801363435238,799.3687687168087,45.68960533880601,221.72
0.021740855810689533,1.8806844333661448,71.46034615517202,814.9037379440749,67.43911446625572,204.307
0.032294050239396084,2.1291901577430408,93.27982425,801.0862480190524,49.47182635893007,195.591
0.020316809456345217,1.0673487946140623,67.52845165463253,806.5487236911325,28,226.047
0.041384509723702806,2.8624572172860128,69.18225726,803.8562568255611,59.17873938193089,180.475
0.020580613652031267,2.342083234689462,75.83586699,761.8388896686771,41.47482612,194.358
0.028476098308507388,3.120341888204857,75.98791152157386,808.6200646074327,48.57876216384307,200.398
0.012499231802749191,2.391538313862635,57.481991874149465,844.4408163514232,51.049647567041575,203.072
0.021280425,1.875251824055526,68.21524564425528,749.7967944914999,51.45305969222681,203.327
0.025897071524123124,2.1403571150968235,77.90740826,779.7271300915597,48.97248624879172,204.598
0.032463698,1.7919881340968717,78.10765644679056,821.3154681075567,42.80074632631396,192.556
0.016580562,1.5613591816510062,78.84393011638424,784.8310174904046,49.04447382765202,210.063
0.027887063,2.296414986117038,,840.6980694459397,39.069023616120205,193.731
0.015135996608171493,3.097281396585086,82.71618007153087,786.2164507436935,63.74711169823096,195.978
0.018095233,1.977811831544229,75.28236640924703,823.3106705120812,54.247946225476554,207.403
0.026486499,3.022731948613517,74.70279169845995,776.9547371,42.56419982349985,204.755
0.024166718,2.241083611815609,54.77921550006815,820.3367454854109,62.73503708657291,193.783
0.026446484042573735,3.304022631233715,81.20948740781951,787.6501283409274,36.89685226591108,200.724
0.027549686055162628,2.294474292697339,80.62782721,805.7898549104923,45.35808544378058,204.81
0.024459999732208835,2.588968840189254,80.27423159,773.9192449358155,41.77835837042762,196.852
0.013521111252575133,2.593334067,80.56769681334526,842.4679507577628,57.15158657444789,197.558
0.023163121887289504,2.009476284697305,68.36452009344637,824.7083385947286,42.26273186658969,212.635
0.021392312054047295,2.071832834143568,84.18449133391174,775.9102563937873,51.21754305417524,198.585
0.030760453,1.9676857198201967,51.770303375907346,835.0763070358523,64.96722236357778,178.161
0.028335132633184518,2.244736721886625,79.22463155082042,805.1560579791064,55.03521289649652,201.612
0.033488717,2.801860947,68.04463630272545,806.3695575365729,64.24664439009135,177.86
0.024701354,2.2334312947994697,64.32082928,805.2875907896309,52.96722035822577,197.887
0.022961311871404613,1.926163505836033,65.91083933043616,860,39.106782243964844,189.471
0.020681544,2.7444030246103055,75.06535390692585,772.6018249,58.17574951025678,196.919
0.031050856362066115,2.406395266804301,72.63099717036441,815.3951480811513,58.12524850038351,187.809
0.033878604331574816,2.6461321253762664,65.67651931,837.9253149823797,45.04383485050322,181.946
,1.8237893582843507,78.25592490615374,792.3534313755243,37.31892073662165,230
0.021426676611637024,,,810.8671166509135,55.28542569230586,193.341
0.021085229647399107,2.446411943587125,82.16179377505085,786.4024284564321,46.55499719852166,215.137
0.034489826,1.9049268848785188,84.84805839762468,804.0771760609105,64.75443338563836,183.145
0.027683431,2.970383228160561,81.42149470438476,808.2103647044621,50.41475910928029,200.965
0.027273231917209408,2.976749906242817,80.05188557161367,781.6538181136106,,196.214
0.016657339721537236,2.182772800030521,77.46347529797599,771.4723776156329,53.829149317294274,205.834
0.022737327317066527,3.536819289149226,57.457294476519486,817.7138166085757,56.714282871949315,200.175
0.019815045,2.1883273284299296,63.01351982,817.9413465053085,54.39979165,203.716
0.028988391972612403,2.8580068764330475,61.47792554,779.3472296220268,51.23602599302218,199.976
0.033513443,3.725750618697265,84.54598801873291,789.6894131554167,54.46473242178914,186.819
0.020065561549485654,2.4549710282331456,77.03769634454662,796.8577612144232,49.176774629472234,206.03
0.037884202,2.1261001395071712,61.262065504922504,839.1283153094498,49.34226564704035,169.389
0.007394045,2.2936473383877503,71.33957046015945,750.4493165890096,68.23897260599661,193.505
0.026286855222751777,2.7367296033622095,81.28297532325138,807.3843501292013,39.922493546794456,207.471
0.022212337,2.963066848848174,80.20416520882596,762.0670365457946,52.745526046330866,189.895
0.021965374,3.050376602890859,73.20911906888355,803.6120966,41.44162560154641,211.912
0.028598775011451787,3.448935409167116,81.50698931716353,801.2577242858794,44.63011351121984,205.428
,1.8650712595218093,59.488263145775605,830.8670607809245,53.78844317552188,200.604
0.024280369,3.0298360515718232,73.96016117764967,808.3398092112325,53.37753320115451,206.96
0.022775625795865784,2.0062455173251745,73.00682959815872,753.9034282572673,52.09479963671635,198.787
0.028372758330235975,1.8707647216700098,69.20022576147585,770.2307423691483,59.10960642467152,189.978
0.032900418680250315,2.3261693772705208,82.94993336964819,800.4925328,45.74615362969066,201.482
0.019458224014586308,1.592907529,76.00958053169536,762.9283755436759,46.70652792923481,199.67
0.012746310530379966,1.5272933777798907,82.01202546105505,761.9877224731974,50.52489821773751,207.183
0.023836279152235587,2.335690539806915,71.19536842575938,830.8281714,49.921513425556526,206.838
0.021205956,2.784191009,77.63813889862845,807.9423004798155,49.54911119024864,215.675
0.032880856,3.3444645767674763,63.88340176892826,804.8306580246381,38.34734307994252,206.19
0.025304386928118115,3.129443298966972,57.18851529067798,788.8294329922393,46.97074972368531,201.966
0.031126762,2.718221175,69.06162493602274,801.5445395945493,70.41079162896881,180.606
0.034782959,2.5422614447485223,75.39913152897216,822.2950172168961,50.12225903319061,178.042
0.013560735753442974,1.8912377226829749,71.39853204019441,779.1169109249641,44.14485635243083,218.693
0.021442168,3.157062625210177,78.27302784130282,831.0383381740075,52.27740852238719,204.239
0.011179962234300888,1.900946071210608,60.696153,817.3122145778293,36.11569989312966,220.363
0.020655881721346074,2.864660105836147,73.47467004970078,770.5785549149296,48.43897244715064,203.239
0.031670114773406956,2.460031179929148,73.87933811651705,762.9785844671105,41.361648755769124,191.374
0.030048426631709355,2.8344556920979778,72.29584214,829.1276808678717,,188.973
0.031212106,2.934540808,69.52550065820185,769.4692531653359,63.863422065881785,183.976
0.023977763452500224,2.815751597427514,68.35841948031253,771.3995601091679,36.813338874373045,210.363
0.021901753135136544,2.3853311163307738,83.55548514982469,799.9636769219368,57.10759658345764,201.847
0.014365005256019135,1.762362851019648,64.90176664043192,836.665695,49.090054103137476,208.508
0.019922845,2.796022178392109,73.8323027,822.3131940524031,42.08277883,210.848
0.025993591,2.1426032105677013,63.668277032080844,793.8148961461989,53.80290066931362,206.919
0.009138398,2.349442817,89.11463665982834,758.4379218144556,58.10175855326962,198.534
0.029978810502900258,2.240224856869932,66.17678573051909,805.0071384344941,49.474420890876445,199.056
0.031713396,3.4956741392783037,92.38480533335375,824.5795507548447,59.57851787429779,178.376
0.026581527849810646,3.3765568902698337,62.73431837,809.5257891,50.22958487263515,209.741
0.026340986712371214,2.3889254610591424,76.38750901541621,806.7899613767644,52.23765926707971,192.72
0.017805459920048432,2.865281869452657,83.72720004586533,789.7528265841215,50.77243797039866,207.089
0.021847486,2.9834268993899573,74.73856581869114,796.4911098178954,48.67904279862068,210.396
0.025443135777138554,1.2147907777245381,76.62798046084826,812.0338563448754,45.31710156317594,202.68
0.016638635256347793,2.5555212349988663,68.86449599071969,807.2736252461177,43.886014848119615,214.176
0.025703528258298573,2.807498277212015,73.33541038419668,812.0963249570202,48.08976974201072,199.27
0.025334421,3.0387693643138975,66.43125096810127,849.9984347904477,49.88455795423874,188.818
0.027948668396230746,3.413939851810326,71.72715626110733,813.0226343024564,51.355860614663705,198.465
0.024387087,1.9695897353734768,81.63238776280183,760.3050764158746,40.068384299581396,205.042
0.011732743961834644,2.5509929527765602,75.14149957,835.5317998220154,41.054551237042816,220.57
0.032123698,2.773170873008213,79.07922853395117,779.2326910104647,56.782814851923405,189.877
0.019352188752749813,2.550925474386265,62.25756531959824,803.1616775026066,52.86644351,195.752
0.016864009437891743,2.8282800727474977,75.33252446263569,791.4033303576286,58.65426933731299,210.984
0.037647271845342035,2.8737017385807526,83.26058314945043,790.1440194171663,65.84709120337571,186.614
0.022950053136045888,3.0247483315698993,78.86753454051785,814.8978879530334,30.943284621952294,219.277
0.028489052,2.671227382077352,81.97818186194866,740,62.98443390946843,162.061
0.019991507,2.6098745577802194,56.70636624704915,821.8298215596263,50.58796118514767,205.649
0.015118330303816692,1.8658112513400884,77.37971177212826,747.5309937044748,45.323670937351835,205.368
0.028445618,2.665743976428236,71.67984781304564,790.2355992878172,45.34462710438116,200.934
0.020647878754333795,2.4610220750126115,79.6846581,754.0147298309613,38.61279916,204.868
0.031208207490937147,3.1110139609276404,72.34161410965639,807.9570660251983,47.71675409,194.512
0.014987728888234658,2.249999265399436,79.43661293,773.3260414518716,51.85954475204775,201.464
0.015808165713265047,1.968869651742805,65.99176762,819.9634351874628,51.809322526890185,216.766
0.019887723716988322,1.8485033681551737,58.23169903518018,792.1812978098301,48.621589161694544,211.373
0.029235519,2.1329730968022265,72.68281769380918,795.5253433577516,61.288957561309054,203.062
0.018905133274415883,1.9670033211525375,63.875991064874206,804.1403575,53.281780188867884,206.284
0.034404491568154554,2.1369762935056804,80.42553520158945,810.9944036172453,59.526334590773025,189.956
0.024201506,2.323501664366672,61.45922762105812,766.1513671664695,54.04744902117842,185.895
0.025671715912974694,2.0114386348840254,61.03600925,797.0718046568329,49.93779577140523,207.611
0.022266963,2.3332027643815945,62.854026753633036,833.1514349554039,47.82767649195536,201.223
,2.629871285,94.86782303,775.1643093439128,,204.323
0.030051499297473486,2.054472945859849,90.74397841034508,802.6273214247719,52.178757798064304,191.215
0.043591773,2.996400473227511,74.7261112,793.1485695898416,,166.95
0.023176215615070724,2.3491323116585794,77.07441342056511,777.5538122163513,70.79222515832443,195.08
0.010792592460925928,2.1433583153312896,76.53498446291046,,32.964648746892635,219.255
0.021640303155346367,2.1786811134862325,81.95450065685142,795.7260153262996,54.60701309401867,212.107
0.010791724565813073,2.204753852734013,76.07939899635309,791.9577446755449,46.87086553073692,222.213
0.018221238159759137,2.9566799276563627,69.54583905874661,807.0593089,60.074707809695894,209.458
0.019720482,,,817.8733898109538,65.65702493,198.262
0.033040469128963634,2.649019727158276,56.00551827358542,812.0492191637702,38.62511057860091,205.79
0.02296456,2.4408923555808686,79.01226992475637,795.8925359295215,43.45279609702631,211.003
0.015937478,2.1651344621652937,71.38685128042276,785.2349775690117,42.055272005529964,219.414
0.024057247995098306,3.510231481707656,62.21236134,836.4610343035438,45.40184625133689,196.999
0.025660194,1.9775779277423295,66.05151992949094,,56.889223175912306,192.82
0.028905665777305925,3.007467777876287,85.77030287674727,,42.07455718259329,207.78
0.025262533361576456,1.7295455253890704,59.25586289510261,817.6228924806211,45.34127417279845,200.275
0.039997102910747775,2.8518207584564657,67.50134293652471,805.4752482584366,44.564220571087446,191.642
0.029185170001466722,2.9178257525212916,72.35157742935915,809.9658250353001,40.1744286,206.455
0.007400301,2.169266930835203,50.839220946445366,801.5651369,48.601275968333255,214.172
,2.8035702502432356,77.07709530270932,792.1271966688597,41.10996597040987,208.216
0.014415575537826157,2.3663053378617147,80.60313047533154,852.3946288534213,53.420881862745084,186.658
0.020137955269742578,2.9781387094168097,,,54.09138054180694,203.761
0.033569308,2.7911017849442303,75.46391121,775.0103307759151,43.908113367368614,199.321
0.021471203414788798,2.5661680657929966,67.92757894031445,849.1047543633997,48.53450386163327,188.372
0.027493569851723777,2.2708187622720484,60.48791891233023,781.9556426735778,39.60506656607618,210.817
0.035882884,2.359631160959193,69.63587089700007,788.6729604382571,59.72470080415364,185.523
0.018054056,2.081303148985858,60.60987334744432,794.7671446902458,54.48345875004883,210.649
0.027474094752233388,2.0719285854928664,69.88954608643947,788.0371710605475,50.58076037681606,200.238
0.026765360366145966,1.6710121662995798,79.83267019346566,814.8559314896269,46.75451150493051,192.917
0.018787440147731767,1.7670521116300688,69.58665885657435,779.7208148018082,44.35371531431423,211.506
0.032312224,3.0246105766740654,77.64231948999164,814.4552353498456,40.752591646218086,201.405
0.020348130468339897,3.0208336551389268,68.64366229782156,785.3399469600239,45.49458270143358,201.83
0.028464124964027414,2.5447317235973395,93.69376670085668,799.9988239722737,41.63539566131722,203.143
0.033553197,2.350319498679455,82.08991214433699,790.6379490143889,53.79629348111184,191.698
0.016254056,2.8762567096553875,64.12710314356808,787.9391620818546,,213.827
0.032971240318249745,3.151605220490618,71.54135622,783.6815564197408,46.30518895253031,194.977
0.025571056777751518,2.459097801732682,59.935315325621474,802.4138634938095,55.025675171411606,197.16
0.031265131,2.279216119361498,66.81592376,822.9980675295428,51.08731521846051,190.38
0.018127488745910088,2.44223006,87.02863632,812.3577196258196,52.18044731727776,204.468
0.024896789,3.0357824547371086,74.40272791083353,805.1840543,60.13539253,195.114
0.025452114,2.1031919809067565,72.74873805025425,769.5972821,40.151773307149774,215.745
0.008838093,2.6768054412071773,88.66078982,757.2722472812017,52.11620192086603,213.51
0.024543035235814706,2.323584060295652,74.44983702009071,810.4873214270178,49.98876313854148,203.758
0.019724431114425824,2.974058577732454,81.15506492328936,826.7336911657466,36.09494844492575,222.996
0.017532256508718647,2.3288048056266173,71.29361130051831,816.8478634559518,52.50473547739809,204.921
0.029981382,2.993672869110358,78.71686233926359,797.1830147806908,46.61098001126281,209.141
0.022488374,1.9285984911650162,76.04390075462318,773.6404081929118,46.52968163994473,206.428
0.019317066,2.519147610725895,69.93773946746109,821.2093821741073,59.69383273689607,205.988
0.035870462787574796,2.7911197523412246,82.63218989069564,802.5811075865649,40.00654724293863,199.989
0.023652055,2.5191699367555636,62.001606323953325,823.4263392025902,55.96932186794326,199.663
0.035327984441003574,2.7642578960928468,53.218093241684926,763.7201196092564,47.24789087101357,182.265
0.016989441,2.7007190945583885,71.46153560500699,772.4537342253581,54.13093952,200.254
0.031238773571923086,2.5953615145896523,77.53509629321928,797.4663633805731,38.14696902569857,206.966
0.037509435,2.290638460104259,80.30881140700588,785.2103548963756,43.61066476714372,195.385
0.025723398,,66.59770291,826.9643778479463,42.84218515497498,204.412
0.036888211789579045,2.2734372279702773,75.677694,790.3015529866357,50.763581492876526,199.782
0.018995530956414708,2.498771174259939,64.99455956649113,832.6903331904541,45.769873940772904,210.9
0.021434043316198165,3.2520974401159286,84.34153384057696,780.1987429070143,,199.975
0.025509191,1.7955153409893665,46.67116435524936,788.7441223545427,67.33477964403133,181.603
0.029439746,3.0612054005194453,74.68282184238105,811.4689651969449,,193.778
0.029192971,3.048467934318272,75.83881369324237,836.6143323953871,59.80457218172109,185.564
0.013538366952530667,2.3989387011727885,74.44266116440333,787.2229835878027,,224.897
0.011938985806848443,2.0054649503926596,65.01269193759332,,72,203.447
0.030008895,2.694871344750705,74.82809671841109,764.7598087,37.58122523712623,210.805
0.023974923491472663,2.6466196125666066,79.72060398,775.0224453496172,50.05104525595639,196.992
0.021255879294451854,3.079912140961071,79.4326629,816.0580372418348,49.02950431686839,210.354
0.021668910691762133,2.8556010098318394,71.87323024,797.0170808817774,55.750454445982896,205.36
0.035944888,3.5648590026168456,78.46265971663077,769.9193463031279,43.8197953,186.72
0.024108174,3.3312877455769505,71.86612756237577,798.1077657395668,48.61485624792637,211.429
,2.1024529162076266,56.12542832437782,773.4216154614804,60.49497774,197.073
0.026541588806379676,2.385450578268146,59.609431133625534,802.4230709297544,46.92795772524154,214.878
0.025809204,2.6917416695812033,61.84308104344903,796.8437989112804,32.57265021272874,217.996
0.028528088155637805,2.998510546894268,57.86976949292183,833.2258680985001,41.27385317857311,184.861
0.018201028542077724,2.229355286005009,78.95586416120051,799.0414763009359,49.219556307579424,206.302
0.039591431,2.2141928739507954,80.53063107614236,810.3301575136975,36.63431882,192.991
0.033876647874277285,1.9766281051951116,81.50073146261946,740,55.705676507804654,171.542
0.021162345,2.4830643018976293,69.56522815852851,790.2862688,53.25832143872143,203.264
0.021614191,2.3651773168206573,64.80034437732002,806.3235832462512,57.18505482408274,204.815
0.021658379584575296,3.8206560831636924,80.2306667,799.9835740110573,44.04747959052288,207.859
0.023770152908004005,2.495759936315726,59.44672375865571,809.1246330505404,66.16673370431648,185.797
0.03300615,3.1347208638557613,61.69110764197262,813.3763052348299,44.850453551495555,194.603
0.029727063647769416,2.9031950232664716,64.56091335,813.7515143109381,52.76191663761979,190.259
0.024885311,,,777.3793890221536,37.19333369,209.908
0.020378257691711744,2.9638834802121408,74.51726340761417,828.1255663768993,43.631516145399075,213.13
,2.6395713854714775,79.01205734,820.7766127603355,39.24080242879606,217.427
0.028767776779847994,2.528980469222911,71.15326999689928,831.2641312291692,56.44814182485396,182.718
0.025909303667315378,2.3665088614429903,75.84560719647742,809.6545754572455,46.89067290202095,205.849
0.029567976537075182,2.824065498558313,82.15773962677262,836.0826483,62.80973523,173.278
0.020752244127014968,2.166314882,67.08924223,799.3951781915996,32.53747724,225.209
0.013342875,,83.90705161628368,758.9432189316644,30.695902982301767,210.89
0.028345538,2.3006227918657123,78.74341469473887,762.9991074834164,38.886093645183195,199.287
0.021885831,2.069776255479445,77.93560392,837.5879083425573,54.82400157290312,195.181
0.021486239,2.8848088119626207,75.39084321462701,825.1400055363187,41.56311239068985,209.686
0.030767610833798593,3.128630711580242,81.81754198508284,771.1106201346099,53.33779563535624,189.822
0.031061661658182756,2.925360642204046,77.94983225540813,808.8808924430662,46.593698909819295,203.111
0.019119737813583067,2.573849451578294,60.769352183680084,782.0313882498855,58.28699404,194.015
0.028594673,2.2929059611599842,73.99559019,860,35.905771017019546,186.289
0.042802786,2.388148472396896,68.15495260040903,794.5189444394458,53.23813210119404,187.857
0.029329724658988063,2.882784526,52.488385793772835,795.8368973434908,49.644751613686545,195.992
0.03378814,2.926410766196119,70.02187224569785,779.0499923,45.83119060957722,198.836
0.033335845,2.8258970950632727,70.31284547,792.7019729641828,53.429566589047994,192.412
0.029328270003187898,2.6542687987003877,72.79788583743932,789.8945172637581,46.53451717181256,214.498
0.013251211037808087,2.433456004318156,63.31142781445225,792.4605664367673,51.66841684492701,214.563
0.03308242,2.7899901561803357,76.37713192534872,797.7413444599084,57.79227255111789,188.956
0.015841958410754465,1.9045763128013098,,829.9520054468298,54.23014108567708,210.137
0.027101553374978656,2.4392414626634764,73.10078330887085,854.4604525909039,59.57811057063715,176.29
0.025731031,1.5851542968651562,71.55313636313973,803.5765739538026,51.41028653752874,198.177
0.028506026,2.969265631267561,74.22021388120096,791.860996,44.474480477803006,204.797
0.023399952977857106,2.1518566804731902,61.895099845920484,802.2126696414103,29.108782788257585,221.837
0.020522232394225633,1.9817967095723987,66.91073126,784.3310342575031,47.55948753636045,206.945
0.018314073211678567,3.238709023139731,66.61193910675375,826.7215396922684,41.58749604369249,217.619
0.011685892,1.8097485654577148,74.76746699076551,806.4016159758429,52.079672033202925,219.148
0.022293443964982278,,80.78727346952533,860,63.169269990211546,179.594
0.016789007,1.8131411062985312,73.51380302926212,792.6525031596001,43.98032316677616,211.25
0.036660974326280606,2.6714711379663014,81.47096659858971,765.9792387486866,52.07305675064636,188.505
0.029491058427183168,3.029955581642144,76.62464327,785.6237072697234,52.70463192573264,193.436
0.009986581,1.7177904135008275,84.09786530130283,809.8753419963501,51.89100256284637,208.841
0.017086597492831514,2.2326003510795633,66.57438171,791.6891768064077,47.19667715077503,217.493
0.024875621,2.8001458686556195,75.89680543,807.7762113529562,55.28388179221427,207.959
,1.7058976668323993,72.46785070325275,829.8335671536329,47.37946726385401,186.081
0.016705312,2.398400159395033,85.97653906672977,809.0354986583884,43.04405153032151,212.738
0.028787657,2.690827710639419,78.77317319901732,781.1386353238586,56.05498864907567,196.043
0.026392283100935696,2.8517463517482735,75.61413366584179,798.0725676348361,50.39182890002658,197.316
0.017115247546256217,3.3828654251575547,70.85177322325801,,58.78501973922748,202.876
0.022829066362644073,2.680947961759051,64.44085234171826,825.9234949504008,45.39587982979541,214.07
0.026505436,2.6780319696458967,,789.6680864015983,55.29807900616323,202.555
0.031052185,2.2869992775569266,,785.4346994096624,45.460846593977564,195.586
0.027783036,3.1332024713589983,80.28696480803974,815.4943716178001,48.41810216305509,191.47
0.020585134,2.9322010037894866,86.80181112895626,784.4377154149693,56.96952731291629,195.741
0.025382614817887908,2.263860957283257,73.54561780428253,792.4190957600146,50.54107028614246,205.483
0.015488491003643447,1.4998763451290247,84.51165474034421,795.1699862638749,51.920359728246154,203.452
0.032379590292697144,3.0193590839905413,78.34308582923813,826.951732,,186.568
0.019641599985600784,2.363618234389905,59.23266035292661,841.0912687450526,49.557451471718025,198.935
0.018270758613372094,3.319389319495672,73.37796892,814.7036585168581,60.133939932298894,210.36
0.022732162888201464,2.9160823030125522,,796.2855283388302,33.71418004537169,213.809
0.037507896,2.537430558695019,55.783012007598884,817.322079,42.43175849728127,188.923
0.021544909475461525,3.4154630397566814,73.63778924626475,805.8382785769146,65.00611222266218,188.334
0.010215698880600577,2.0460860396599294,64.20296734529099,794.3840889,54.32885736912777,220.375
0.022331147475338858,2.438608864956413,89.22364191,744.9733517058611,48.17528766010238,192.664
0.022119263,2.8295473829200293,59.197048728851414,847.5145089913491,44.64771120125427,189.751
0.031178499978780593,2.578634193,54.59009355192006,820.9057723,42.44262935854958,195.973
0.020774639376551107,2.676638514000964,73.25040685,820.0970067372178,49.77642388960944,199.12
0.025786779810661964,2.494451623636429,55.97105657714032,827.4509995806912,54.633561887502324,189.865
0.028443404708314586,1.3261665886859195,67.23236561980595,823.7233795664296,52.69083271302731,196.779
,2.3186599685832636,80.30827618536281,816.4373683173293,,192.045
0.02844054,2.609056242410233,79.06953773565189,787.7906467116668,49.66066496159589,202.886
0.030701579310563124,2.062003288388194,73.00406989641642,,47.835856548908986,200.21
0.016099082534493166,2.7398769084827728,73.15099434449594,807.7896925046263,44.93159331590888,217.127
0.014783047618170878,1.8189393645782284,62.384095755439176,817.1615153792948,58.477365098798884,202.172
0.027100584177034624,3.0048618250550914,68.38864084595977,800.2337011539366,63.166240502031506,199.895
0.031905563615378114,2.845367379197378,64.52506247146758,795.1420801665505,44.856854810724755,209.705
0.020336633104240477,,60.37287143158747,840.3276360411699,53.964910681753956,196.102
0.018452126,1.6648772634547924,59.292046710664195,850.5166804483721,38.69594839672987,203.962
0.018591419839072844,2.8328907740607194,80.48158553705929,764.3148608187432,49.67022038242942,202.385
0.024238824232617563,2.685817364924876,77.47796297057285,803.6338090318025,52.94699541125645,195.774
0.029894871,3.3802546007218464,60.62321601570815,834.4616220340197,55.41423822350494,181.118
0.030041068309764246,3.1031260914606817,80.81710363146107,808.5545396701763,53.60125855160677,193.267
0.016925882836345753,2.699029338692994,100,760.4985949020091,54.978620047844004,185.576
0.015771204730507797,1.9520438414571153,68.10711914120463,845.8371264202123,39.685388550140985,202.217
0.031069473790414706,2.3129656699804686,93.46483892945554,759.1874351770291,53.70087014644149,187.151
0.026588813,2.6710165964945185,58.46406627719537,791.4278905917365,64.63361838292184,182.59
0.033630037204865106,3.319762142467492,67.0059507,800.6628154923036,37.45250841424032,207.321
0.016046498016083807,3.005771142478718,59.62357095280793,820.0479857924344,47.71799653921673,214.617
0.021527923768503755,2.5158800243825827,88.64834249040013,761.3457107186989,49.11958984446013,201.985
0.016532226242075922,,67.84951977079719,778.1029961587238,42.953304017327376,215.707
0.013160828323170337,2.379159732077061,80.47217710240334,771.1606427287177,48.22235579863291,209.593
0.020252759804580144,2.1943935260141796,60.67808061439544,787.8740388,47.84159104421913,210.114
0.036803804,2.6663586458004467,51.68506548008399,788.3960117912251,54.07788818941788,187.093
0.012622480645631795,2.593335962691351,63.798287626030316,825.1487098829482,47.429301158823456,215.838
0.011614002935475357,2.6193543059106874,,779.5999032242722,66.34669536343023,205.331
0.030173895240077762,3.220568020528955,63.33072042970933,837.3441643927076,55.35691808183484,182.607
0.021190791,2.580084579103103,65.50623202386353,839.1193785,60.44763235523433,186.631
0.035735103,2.0844758337652287,73.66099312499136,803.5299599334687,41.31452457041801,200.724
0.023139319,2.6231119949785304,66.6964279,801.2733299626533,54.48120791042748,204.782
0.013797647951869569,2.3678117715368985,70.29998485071424,788.1562680729706,53.007732862601046,211.848
0.015252746546323245,2.3679487287360863,72.65232561197085,830.4697439,49.25479363277031,202.686
0.032585747655033914,2.9665266086609936,76.96129857361484,805.6756983748968,36.49779705696538,211.426
0.022592726916966455,2.5900458542897025,70.7360407,798.3331632356136,,195.857
0.024240477933314856,2.689361168092134,72.04773140141579,800.4876636671246,50.01924708048232,198.365
,2.570676154479315,76.83766662777991,789.2672386278573,52.60198159412152,209.358
0.026847694758323434,2.257978496516205,55.06968819989585,860,44.191606333002554,184.316
0.033985451,2.3981061657308755,79.35632110389668,810.7889856372138,62.33264099313317,179.647
0.015081819257224852,2.659620876,64.60890531198301,802.1927586244715,43.370872600783876,215.152
0.029373309,3.208742448227642,79.41475908146558,833.9363236705871,38.73290606603419,211.535
0.013757776,3.046543215995391,84.44623405857041,801.7638612,59.489112279018215,208.274
0.029262363,1.9648677570643172,74.53406917159764,774.8688118012968,64.77255405041129,193.828
0.019567030349022196,2.027383839982526,67.16543006074951,,53.37943023414397,203.866
0.017287288,2.202263627310942,,825.2612102113051,51.020368076667935,206.233
0.029564656247847813,1.3210720530904447,74.63908270739641,829.0198468875673,55.75046056930383,183.441
0.016900241,1.514237807,54.62193287748734,780.2494093727213,57.69776458241566,200.767
0.021061209,2.1867274283592524,58.182500003629364,810.5096078166258,45.48578030471885,208.976
0.038628126,2.9549221985892187,73.46969324453363,795.9876918761253,49.98093032194296,191.554
0.023168062844466496,2.4260561845884516,70.37338138,860,46.28428179455604,183.601
0.031674890686371956,4,76.34129990816983,778.0292249126675,69.04567622,183.528
0.024931172,2.249432808657212,70.64364140214514,812.5417935415801,45.75800790050945,201.953
0.029798882487550058,2.416802569874419,71.14004641358228,761.4083105131341,58.899582906129424,180.146
0.029015603081332914,2.4287615997909113,67.07240818,791.9503219702109,56.939203555028016,190.341
0.019605343,2.898375191204073,63.39008129147633,849.1659146681975,50.36086400970717,192.555
0.024454336539342227,2.4745683400104856,70.62085341516124,777.4223632936535,61.73277210546368,187.501
0.021426209,1.4834863544574062,74.58246300195938,801.8263343,47.44858478936372,214.313
0.026970657280484568,2.7425528183412577,89.28556617509761,819.0778214193491,51.97771342095977,192.588
0.026937440239483326,2.338871371909235,64.14968836686904,807.7192314534171,50.165585522099406,198.402
0.018148008970276037,1.2442059358201178,65.70045565651064,843.9587268,55.32375341800804,201.872
0.013917607582079043,2.5166959618612603,76.60739142,805.0647585195169,67.57354205064357,200.794
0.036465022,3.612791901727657,83.09032511296678,803.4061234910636,46.089287117245725,195.896
,2.547014212127466,62.77091511768835,799.6230681,,201.161
0.032079685,3.057012399661718,73.80596282823403,780.7657199047833,50.93183077780967,193.952
,2.643317120811273,82.63187566636009,795.7567299385411,55.610540625645825,205.377
0.019126742,3.229854996681926,88.81840087527007,761.8219095222568,54.07383630652977,201.688
0.018702243,3.1946379229264434,80.30659358536683,803.5280397406261,,224.492
0.023602360369247954,2.559932285427318,65.69939128086732,796.7384465644984,48.40047889609389,212.692
0.034496351,1.9928121205220701,75.70356168892197,827.8963168679973,60.007720936681054,183.283
0.024010153,1.2192237169114697,68.08933757347528,835.8943322249627,51.928243991604475,194.436
0.02803621,2.643355605080471,87.62999731130671,832.3343162792979,58.59968947113572,179.738
0.026478199017583692,2.444935861120845,78.32448556797304,774.4768352824494,56.756765757080736,196.382
0.017116797,2.6545771511245437,77.17878592446138,825.9425050377451,48.45697632087926,207.565
0.029721036537039176,,74.03012354821881,788.5468935112981,56.747372306081914,200.063
0.028890981645129085,2.743925245545707,,831.4956592,43.773493809723554,198.717
0.029951875629451015,3.166309705775931,81.06102258,786.4194957946407,60.57004479869565,194.264
0.032821343014919596,2.524226157611679,91.77927848431015,752.9852343,64.84330802181324,163.234
0.005,1.5892197628806628,93.22725872226147,755.1563115828834,48.41709037008267,210.398
0.015654577,2.784820462040058,64.63905714408973,774.9225062683447,52.746534992656215,201.187
0.028021572125852226,2.519510333,77.69499313728736,,48.80823221,204.93
0.026014947975143452,2.4636093781546293,72.03849034,819.5944168593963,46.47088599,205.073
0.018813120298044207,1.702120180154677,64.02043516096812,762.0567145208928,50.89787745473566,205.286
0.025662329944192114,2.487253673617116,69.20299325547009,795.5257469016034,34.35339339266771,223.209
0.030544421,2.7817618445164998,61.46413452615651,806.9388860932784,48.839436648629864,202.439
0.024490692059669125,1.986862118180775,76.55323856199465,803.5815076562396,54.38832889082592,197.898
0.020154938,2.7619098665174486,91.63274424,797.4063804610942,56.19680092,202.98
0.025360180131673387,2.066144162338698,83.99933432700942,777.2822165,48.50329456199757,200.837
0.02635193,2.6134598993846043,72.35791546221199,800.7427783735451,46.00275041532035,214.448
0.030644871014536213,2.791652428883682,63.010609570890345,830.8633999959749,58.90430904,177.977
0.027904131536582142,1.882291863639801,73.70732060222551,749.6721522085144,48.58159611331613,191.611
0.033722039,3.280879340917991,70.59955287,809.4768512199186,50.781971463435355,185.642
0.018748160256773637,1.9366371510331235,71.12852742353326,821.8351584138633,48.79941150440106,207.016
0.024780855,2.2780929881368404,75.95168726538617,780.3372008776141,46.39365348490779,207.478
0.029962533,2.9410745337619373,73.05177491257119,798.7600133,54.877492342271694,198.576
0.033972318,2.9934670258703786,76.92432944520436,775.9033760228523,57.232422938724106,185.578
0.020860377918481943,2.777292359127724,69.80128391,805.2735825357192,51.954803256931605,211.189
0.029900786145561343,1.584082197956574,74.60702080377308,740,50.260360254095396,177.037
0.030311575597724252,3.2908774057264596,64.79001095792134,819.6391594227522,55.42912757505373,193.833
0.017933963105950426,1.8467606026074428,82.57545991310421,780.3276134083551,41.69037636204653,219.812
0.018216014,3.0019347258039515,74.95055688051123,806.1728843692433,45.79837398723755,217.956
0.018711146,2.862213079891764,73.84490552766596,783.9814929127107,56.05006359240042,212.045
0.020709445328213782,2.6812906395617744,58.47093324797013,,48.120612432944014,206.668
0.021057384,2.2780739590012686,66.75044360975164,799.6936098091724,42.68776514922535,214.178
0.015987023,,61.99596237943696,,40.696011410332595,222.043
0.033777239,2.831546907103453,71.37312138950158,818.1128117439179,50.16794834707439,195.269
0.020095472678336196,1.5770588375061718,83.48448477066891,823.7410917448706,57.59499064158419,204.553
0.018999738474782635,2.3105576730126614,82.37615035042846,836.0847996196043,62.12423686622746,196.942
0.015683838,2.1309233845654965,75.09160458263219,785.8977977119707,46.72209376433218,211.663
0.007225552,2.133539741261418,77.91651582304078,799.8223965,60.137659875217274,213.949
0.025276242779371325,2.617823611488362,45,820.3082950187894,49.95804061991881,195.518
0.015991410498012382,2.358680059931821,79.81587099822185,790.2766831190969,48.468075753166325,215.201
0.021881144634333924,2.944237980732267,86.67052116344976,773.1898962389525,55.258918609669074,201.457
0.028739862001542108,3.2574276406486415,71.86352205227865,,62.93001388746206,183.686
0.018217331,2.5955627118113456,60.23170338640364,812.9359527218214,50.83688717692668,201.754
0.020441278256742513,2.574178948011453,66.39601529069714,807.4121652770511,55.079998690047645,209.894
0.032801405247437014,2.988581962968051,71.42650454,814.0138986313475,49.549873165877926,200.564
0.028532885,2.5387529274171454,74.36513974827496,795.3463059366902,50.68426049515538,205.658
,1.6964612462335913,64.79927109,838.4565130337883,60.94902121442445,180.709
0.023841356805294568,,68.40891021180926,758.3642446347579,64.77648186,182.299
0.021715784394270413,2.5848981824424255,67.98950009,787.0382046329117,49.069676119941676,206.753
0.019592454577785724,1.809009615,,810.0113325666949,52.84628568995553,206.3
0.022812263,1.7722228745281936,79.53792296808153,837.6538298,53.48119351908217,189.631
0.025104878146912066,2.2130842895279157,78.66678191652476,827.3391736378287,66.00982442807926,186.014
0.017422874,2.097685464,84.81967834649978,811.3788883420032,51.51629814495492,212.119
0.025958190080934154,2.678349979032359,78.06332618655321,791.0529560895599,57.668568225615246,204.178
0.026325224032549454,2.974049282,64.80412292226218,824.0312651185845,52.723482573628694,201.866
0.027177042,2.0390493807795744,,816.1562814,44.35736405834003,202.872
0.025313149028358354,3.0039676372253274,73.40461789058628,785.2412159377856,40.36237764333693,210.002
0.031645841546878405,2.798514737874159,79.16405700538436,774.6717077814593,54.828562589480185,193.45
0.024093988353728904,2.088594751,72.22957033181521,803.1539293825939,64.15319337615362,197.087
0.024660529866349375,2.2604738984244204,60.67798424693589,793.3083029836221,49.06632584892063,203.161
0.034143003,3.448151540630666,,817.9820537,48.442889662407715,188.394
0.025095264,2.937404326913203,89.24947954031285,765.2773512,45.87195549090016,196.576
0.032350229,2.751397016789152,82.52165914548031,802.2662553259803,45.269577826545834,187.867
0.016021604105052392,1.947573448649174,67.58310813606825,793.1376187776917,42.28138302429707,216.783
0.02997637,2.743415041586163,76.61695754572288,778.4200115947444,51.64652397,199.795
0.034714609,2.9438260527515494,79.15275251570112,825.8210622016902,41.56724162089811,197.249
0.015169221,2.7268673345209704,79.87685606417908,831.9293085108638,36.11671872667805,227.083
0.024278981,1.9895932080037075,78.23005551665467,782.9279408,60.0481659,204.187
0.023711855640035775,2.799443708513269,94.96646165479333,789.2193694996099,35.42961470984402,204.751
0.020783289984555982,2.3272683587324945,61.98063026830929,811.8852651,41.480586554059904,215.202
0.018600702690509185,3.0592175233923613,80.28274963575583,745.2159418,52.73568921648837,197.65
0.021256571631812812,2.7375507091162556,81.20581539,744.7545660418231,59.712130007472474,183.441
0.014024850540792232,2.9120646655733258,82.65785364213411,782.7579038371751,51.65357359231807,210.768
0.029013185,1.434588134722949,70.44671070273502,761.5175171812494,53.204350529255585,190.079
0.024892821205801333,2.9334466997248403,68.56063889196409,820.5289139667057,49.64223795944592,201.857
0.022963852,1.875864617765124,59.95891737452783,810.4392143347164,48.75986637670794,206.53
0.022673194576432888,,69.71139561544767,784.2628943877969,41.521951565693335,214.19
0.010299192517880714,1.9115701388351867,91.86452446,792.1902598298126,57.889906264143406,207.81
0.024415044488129662,3.784131520639937,89.00810707,812.2104799567038,64.98038222579056,195.465
0.021574297195822035,2.4213907917655044,58.42266312,859.1553265577643,52.358714889722805,185.711
0.022842142613424377,3.1193484161435165,68.45579433450969,805.0921505947803,48.85797415748663,209.946
0.018755419,2.752055886096653,65.71688549155652,778.9102042916937,52.70461751576557,206.427
0.026129091054878647,2.1767552636570837,66.56191157737648,841.7750094261203,38.37648426455696,200.287
0.019748807,2.2995825086958614,57.654472392781045,791.0907653128371,49.32945040937678,210.023
0.027196788085493542,2.789701429945314,63.420655693923365,841.0569398881036,48.32906587301912,193.363
0.030420279,2.152434596520222,78.27348897802901,786.9367503015379,38.81405752987193,200.187
0.029530826948999594,1.075964912717966,72.46965523063731,796.5100049361009,56.55652845049448,197.268
0.022657191639060603,2.8862380099443605,59.34502962200346,825.4221101,38.738492637833154,203.176
0.026546183,2.5537900361096293,71.03456979314709,791.4613328,55.133106300223226,205.289
0.034445073391228334,3.2249082960952253,69.53678234869624,821.5157176081287,43.35953696401532,187.519
0.022970572998486472,2.5134399186252434,69.37973444284073,824.4391959930173,36.80875020547823,210.903
0.018424506472930032,2.5286413438522946,68.00573653451141,805.3554295738236,56.09204265925396,203.861
0.011728747949880918,3.0961220035147807,75.94153997268215,809.0878021736918,55.69731888591242,207.477
0.012481291928437305,2.8475415225173037,71.44808824675577,817.7255934529678,36.52710792812795,227.485
,2.5137801456519364,75.98936747734393,811.3413607166585,55.76567784,207.638
0.026982903093786044,2.3075604866783705,65.33363129905334,857.8315452806647,42.66163760070727,183.691
0.018780085434580367,1.5942811522518925,63.90576061137642,825.6222626123861,51.03801289437587,202.44
0.018708960699713777,2.4721941992802634,69.32852133230617,827.6537178399321,51.77324074327513,197.953
0.012691628725231337,1.937984805752923,,762.8630932499366,57.14880680119211,201.48
0.0241044,2.7273406707170333,72.97817252347062,766.6638151292447,40.720780497779735,206.498
0.027986373019126203,2.304832711200116,67.82404019,818.0578039525958,49.27149101018036,205.263
0.023227111,,79.65117169488494,755.7624312060163,47.263972386173734,198.332
0.028415601655393745,2.0068244662295425,68.36580005376784,803.0798799629591,40.83795094662891,208.735
0.034089394339451545,2.305961189889302,83.70245106776594,776.3959260603901,39.633816969542245,209.285
0.031321450646989546,2.703348721517073,73.85646004566867,814.4961868996403,44.41327761142135,200.346
0.031242269364045807,3.334050842139962,73.81462423939172,815.4847172336423,49.13460783,194.838
0.033876152,2.9903303111846595,69.22699729,790.8196145134276,60.78462266709886,183.366
0.025211727124172054,,76.93861397934225,794.0081287712866,52.16133644,202.082
0.027184170657132124,2.4376230739327758,67.55453243,797.6412947409207,50.9301131,205.727
0.027407631,2.158549900959863,70.05393621042857,766.4731738400766,52.866908131004884,186.697
0.028353967347511846,3.114088048281898,76.44012794297606,791.9485046411949,41.00717119024985,216.051
0.022537043,3.194318634144971,72.47219575754536,782.4888970234318,54.95765735043497,207.869
0.028376077956543202,2.378747404834899,77.57701084383925,822.3197319421209,54.62184437906146,191.127
0.016771402807940365,2.3346152483024385,63.24556020550555,803.4630007639217,57.071804605055554,206.599
0.029735161422390688,3.1258009235032653,64.80563633509183,792.7246388549215,45.42965089705532,203.264
0.024104905003732125,3.154053990393777,77.62902284859304,761.7293849298052,50.62043850597136,196.996
0.010531311,2.424459874,71.42234527856698,784.0915037802454,40.44624951271942,222.752
0.020753472,2.060690024675248,74.69393785091933,796.7045543883152,49.13708758961099,210.263
0.017860858,,59.84421061685874,802.5918189753495,49.122083220127735,213.026
0.027996249170525962,2.6600401846908275,83.47699914315817,792.0057892851275,48.937750091711024,200.993
0.021219799687125233,2.2704071730760473,61.87474554950877,799.3943971365437,54.47761560242935,205.844
0.021824074395067568,2.6250187317526574,73.53028596111659,767.8488668383108,50.92286971970549,202.34
0.027212977439384885,2.917066218961572,65.15290297699835,829.8812555786308,54.63163544463522,191.544
0.023046694546636028,2.6494116011193554,74.11974155443424,770.9980867867009,53.43455786,196.08
0.025821514,2.935635737646517,91.73703922608496,799.5945315096205,50.67512406270941,208.626
0.034258425636522837,2.5995666236128634,76.79252116562904,798.5691435354156,49.905043754576006,201.715
0.022727549084601173,2.772420332,76.90643175,767.5345863756562,48.17528077345192,207.219
0.021317962,2.0028056931506493,74.77923840282855,834.6534655767464,59.611488407963364,185.592
0.030827067,3.5437752460487992,77.37506754834182,844.0383275,40.22969666951714,195.906
0.018997953077126806,2.6959160248605327,63.39172624752874,,48.03449657806326,198.93
0.024181331,1.7916796409758402,80.66021334562367,758.6188636976163,54.95508513668657,189.003
0.023715531,1.8999608000504813,82.67052023849554,779.5149423699379,34.63580782036723,206.467
0.036289486709961044,3.6277718696961365,74.52285334195462,814.5458888237047,47.68214937255688,194.588
0.029619181244300106,2.3779619618107013,77.14113157018136,813.2272672377724,48.77344753021338,196.124
0.030064642224087473,2.7753837889480044,56.154467493186644,799.5362804390552,43.17706682914686,199.622
0.016676430438718123,2.6980834019123816,72.82417656473264,818.2697886,52.42303133143593,207.88
0.029390269231151286,2.855940074,73.38548024566222,803.2350527718461,59.04303594,181.077
0.018320793001560184,2.876107933311878,85.14424320317038,745.7422878,51.26857927849652,182.433
0.019653682574333524,2.101425889354547,84.69596815914934,786.9689504759563,45.15642935435352,209.152
0.026463224385278022,3.0505053401741637,72.66568527576393,776.3417567212044,42.82585866385144,198.418
0.023219813557513652,3.018336228526401,78.82854022128673,753.0642938039533,54.17126979930827,188.31
0.02378472,2.8654594189919282,87.58992012,763.9781257551941,48.43681276596737,192.261
0.020406417,2.1839625394951105,72.92941623650215,802.5769035,55.62236631164333,196.32
0.026585699635375534,1.8868393146288915,90.1944055,757.2336801957849,49.12235815,192.099
0.018369745,1.8561483356496367,77.82918749699483,749.8824722,45.77967319937577,194.779
0.027700332476138952,1.834762792049926,78.29286438122934,845.0397268534076,48.306934853018554,187.245
0.021384117,1.6363699478890306,58.984851431614146,833.4002522132328,43.97220099932822,198.987
,2.310177949,63.79495012115013,789.2444204924751,49.39506916175927,214.402
0.029036079466724776,2.5916752874196507,59.25382553882095,810.8331510824279,40.06508103494861,202.82
,2.779146502585292,80.14979391472487,777.3295904996294,48.67103539336422,200.142
0.011651769989583803,2.488722860685746,68.31022198392701,843.3948169331486,42.10536344493426,211.972
0.026229689,2.225365875246267,62.88921465219504,805.3121852988061,50.78556269442244,196.683
0.023220236,,64.95292834248568,778.7580795860592,60.59435491877223,199.109
0.015827092,2.7081026625468594,67.82971957182815,852.3347998978838,52.92487570746874,201.419
0.018595054273777334,2.472463022,81.24902202671977,783.4164202895271,61.801096854738965,196.903
,2.8490000847309904,80.61508845411166,740,58.89389327078764,174.804
0.027668324,2.3472473154444584,54.63594853926891,837.8395973182164,44.25800419552099,198.012
0.024530591829828186,1.8255452329872544,80.93198890951153,777.2133210687156,47.96340941,207.818
0.014908054736947287,2.9102998673043032,71.22841031,814.1271352953069,59.54438010983166,210.123
0.030528543502983195,2.5937916344618355,74.59435722333359,816.5393141548903,54.26427427986017,188.622
0.018956792762417053,2.086041663358425,78.36437201369387,777.6072891713862,59.58055731569523,196.448
0.022963905302199463,2.8694278579708117,68.56547856238043,821.2047141470676,40.181287217552374,214.998
0.020426201863919167,,74.62815231495159,775.4544078955824,45.395535960403684,215.077
0.018391768,2.754852168063912,65.64746917370519,839.0798365064743,38.53563210188928,208.949
0.023722431474587538,1.990919759,69.99472990429787,,48.14631826837185,207.648
0.009216134,2.722985985444769,77.06219115520926,847.2729255081161,61.96062419,199.422
0.023277411658454355,2.7139444089825426,82.47382267438022,827.5329482,49.607903869884616,198.737
0.037019458,2.515785828107536,56.011556898899144,,52.173945130807226,178.702
0.039402273,,57.753398889340836,809.0383972971692,57.44622995,179.084
0.033787502476207126,2.5807782769721532,68.60325535859286,785.7048240472636,39.63721863307534,204.314
0.039219141,2.2183948279861703,56.19710621064134,846.3864095582454,54.124258280298875,162.105
0.022883638,3.019536382087509,82.02447584909065,772.9159945271546,58.064822882113155,201.079
,2.251241243821757,73.18198974119984,831.8545953625446,42.56707790093569,214.255
0.017105977454133482,,63.26545574515065,806.7998269,60.03311896112195,195.289
0.017396868347382962,3.1752058083383057,70.14423463,805.9924395387497,47.22140900784347,209.557
0.026240706,2.7674691084803107,,860,53.190834811303056,179.426
0.025259811858858085,2.5750748649757274,67.22139258145685,775.8317406408498,47.86996680403099,198.922
0.013738692546000483,1.7860844517469423,81.86431105702485,805.1332465705054,56.75161839336937,204.183
0.026724528,2.336127954352837,84.34505262023428,810.8650340479795,56.701959232369155,199.245
0.026918822,3.0223840536194544,81.75922403675037,772.5916178109142,60.24666205210563,186.938
0.02164626,2.393592168610257,,832.6536882,48.20052498264177,209.497
0.023080875182454445,2.381664345730496,54.57662913274849,839.1850076215811,46.62072491140012,199.288
0.016454998818235405,2.273416196135404,56.59449579,788.6337255,53.118813916284445,208.691
0.02112022,3.318412383568015,61.68939642050437,780.8665286853009,57.848224785116756,189.154
0.026202250147851033,2.168839767219616,63.96145821125343,819.1411357812516,49.54511882324065,195.035
0.027477528,2.4465347410914715,59.47808678696248,860,51.94029028002978,164.243
0.022646098,2.730052808087921,74.53381526401036,802.6221983283557,54.074374417784675,204.761
0.016166726011182006,2.681242115149941,68.86631314953085,,52.24465822717313,205.729
0.018150196,2.5987068111969145,74.35749588578251,793.9561833948487,58.88237366097043,201.085
0.031843375,1.8927950907952495,67.90808155886522,792.3300125799415,41.619504394816154,197.158
0.021234984490500652,2.3442550908882276,68.59887984716015,806.9894929794228,47.472466646705584,207.872
0.020954024197379222,2.0717732815145267,56.79659401723916,740.0440149099205,52.648899379603534,188.305
0.028366707,2.358730501449826,74.55217221878219,797.1663949831955,51.92192113596497,206.94
0.030980293,2.6252595571275874,81.39303096429396,771.0299110407236,44.88205645241422,193.447
0.015367959,2.5176880558450465,87.65976694949526,801.2467276123137,34.71657050890615,220.793
0.031860333,2.606569290009437,65.02516579942565,847.9082425758598,48.57604575295995,174.416
0.028464203862032723,2.1882158893431742,53.49750671172494,807.7831717530851,60.80634119,181.445
0.017816942543370507,2.5643495112921215,57.30694734694498,,48.91304791282634,206.279
0.015148288528568135,1.9022009241405458,80.37230578885972,788.3855931561592,42.057999003550115,225.616
0.025359221,3.381099609695793,57.383945101441455,848.6414489900656,43.717522437199904,192.889
0.029705203,3.1478674420230255,64.22674461372337,809.0639774909794,50.07065012134302,194.759
0.025765715,2.208020346692789,58.70363934,788.8077084409182,59.45598441540431,190.457
,2.521683061578433,70.52545685103485,791.4870938,62.18763085836743,175.369
0.023795081789421024,2.7766410725442796,77.94680164,783.2983434718506,59.45121042014991,197.012
,2.3830426866500667,87.58787347787562,791.3659298444894,46.71541534740728,204.102
0.028627949,2.766472982093948,64.79574045,777.5670265718052,44.40043731932839,207.267
0.00827357,1.9696577949052867,74.16316812443596,775.5969261645205,45.94817102624756,222.942
0.018532665,2.5563927065407044,69.95036495237245,795.5921785593405,40.84914455520909,222.659
0.020448727806401282,3.614961077842222,69.75267264869409,797.5038661085478,44.127192798158546,213.142
0.018366355404885883,1.933530450859449,78.66987160528792,,54.195613958997804,183.751
0.029348562852250206,3.0498857222996305,71.73128133371571,815.1926919499771,47.901910887844096,199.641
0.009789987,2.3973418130296884,72.71773461645753,826.9876795,49.62369073,221.144
0.030151770129674835,3.1750037920099743,77.06115001388977,847.3487535924035,49.0738705,173.787
0.012974997379692774,2.6193228608768537,60.81046638180527,860,51.89611836898199,195.01
0.0318306,2.7271093867145098,67.40268951219522,784.3530519191592,44.19505209799458,202.55
0.017505020140004636,1.9013789369161243,81.17765323228508,806.2438904732388,43.02789064292096,217.727
0.009783306,1.9715265243645534,69.26384224142147,796.2838832254382,44.41419008459312,222.638
0.033781888,2.9760083602511873,78.11273848,819.5889812289539,44.90405681583035,184.583
0.023457586842364327,2.0772412677117256,77.1993018,825.5023745287207,41.15959339028425,214.827
0.02626671,2.649950303975882,72.71426754775298,804.1773403928221,,206.006
0.017964848985008046,2.108215143521282,76.88833419894662,818.0380042837743,40.81748025824446,213.603
0.021201472,3.142954432910888,90.03548900632856,794.2206501300235,48.86009560603233,198.952
0.017776466087973126,,68.85830696181507,806.7070470705592,59.47987192392736,210.938
0.024276807986089128,1.8088285575523493,72.75721024665714,807.8400728423206,37.65530904,213.795
0.024906085037363915,2.5511842725999627,74.88532382586413,775.7847020736818,56.47342154,198.84
0.024313935570403112,2.5410975901378405,85.98839018186312,775.4051817114196,58.78065963803506,195.198
0.022854080877422796,3.1094114443684475,73.21624650477007,813.7864258297757,29.05056469383807,222.886
0.011941574,2.257335072507255,66.4856359,830.0032091749335,47.47110852389847,215.82
0.030479992038107185,2.236397904503542,67.74975556801986,827.8414297405411,49.552091286654054,183.224
0.023354428017454427,3.316858016232649,67.04615631063722,822.6042687991778,50.81093379767124,197.508
0.029920168,1.9214160931870246,62.01710004903562,833.8564988941258,52.96948744493941,191.946
0.022234422920241873,1.775976146,89.02934104550235,803.4548431187497,33.26379302003996,218.14
0.010336531941825931,1.5984027566862529,71.58854569431922,817.7272026,51.905600198276716,215.692
0.027468018009248144,2.2225336536870466,77.25137120640171,802.7644566848697,38.64183162580602,204.298
0.015261445,1.9284768591063635,75.94303067774891,771.3599602022339,,208.716
0.019924761921586966,1.7145855751021852,59.59128425265653,797.2329986872072,59.70499942348542,205.608
0.022225214376285007,2.286492853065022,67.40106464724175,860,63.77601409876459,176.468
0.017430115,1.9577116359846047,61.12729502076674,802.0700536129036,50.012819681984304,220.176
0.022356335101550315,2.157855246132171,67.16704128468805,855.9675230694486,32.72364721884841,209.481
0.029727008949056097,3.018583553756639,73.33557302958988,793.6404113516049,65.99062254,187.506
0.017795030075537385,2.681990659046753,76.73628364398452,800.3957249670251,57.57948509243259,207.924
0.032286178,1.8716830718140187,70.73319584085195,819.9901945471335,43.09639186460959,195.067
0.017108314,2.0866071434125737,69.04645494886904,762.6964266413813,40.510280487440525,215.56
0.016464612830001252,1.7048330396963887,67.55104109132719,860,43.04536429879859,203.692
0.015385162546138049,2.8248755354524757,79.86184533286222,799.0571616221541,37.68631505988387,225.652
,2.056900924592872,,782.4638271344087,54.852350688103144,208.76
0.026292697752476155,3.078736066175044,58.68000197514272,813.1907677327903,42.05869874217408,208.745
0.019687810513900214,2.2606440365553313,68.83304440883073,767.3483160217996,42.90531624509524,210.782
0.034764347993765585,3.673275856830295,86.50858472792176,782.6669701523418,43.12065547110743,196.274
0.016945571913238186,1.9607668361989334,59.06695107087466,848.4882045471137,52.51303297706024,201.476
0.027349419541430744,2.078580972763578,79.01775117561881,760.8429312811487,44.778330676251095,191.256
0.020260977081865632,2.5873336368247943,79.51313050050715,788.1820176,48.421283731381564,214.897
0.026843674,1.8700270695552954,,801.8349419,44.24383856,206.393
,3.0598120597252576,75.2398389,797.0573791,46.842492929833234,213.967
0.018990000546690162,2.1001816151236166,66.92084868175581,810.7244652775099,60.48142077941406,200.276
0.013039938077916485,2.3528672754263167,66.14285597067858,805.0440644156993,49.394279473773686,220.512
0.026433742,2.6523481311141612,82.84059224526327,769.6507494994617,47.08054708410481,200.626
0.026418827735144142,2.6256874131696986,76.42045517559978,750.0333651031843,48.14570010283106,194.181
0.020655975938891635,2.277294185,57.743742825598716,823.3528994323217,52.454439480833194,205.374
0.014868093219191799,2.094189428193929,92.48781045510927,809.8718718221531,47.72056445933352,207.539
0.024346170566881507,2.8117768821602582,76.01561039921573,812.7147026522778,55.218176940529474,199.679
0.032053899,3.415402798248533,77.43658341506486,830.0037064692644,47.83630607684591,190.457
0.023663338,2.8219785690340315,88.21580478921436,791.3386269841735,56.021777627896945,191.68
0.025821913477901456,2.426634321993332,67.83140322990745,758.5704996357144,,187.286
0.016588111496563234,2.399961964660995,61.90182667855622,809.3606651685235,55.59755062749204,208.592
0.032451449,3.109583285,88.66800797882117,832.5095263781828,51.83980892018779,185.021
0.010859819049801048,2.613114405043929,69.03613840981735,844.8086109,58.56203179073688,196.657
0.023966637850001464,1.3236103407573834,96.97288256420785,805.8074231981429,60.790182752536104,192.302
0.017879698769244532,1.360196104522537,59.984272774800615,813.6899687,49.206060714184225,217.336
0.015550343966310337,3.453697006829858,88.61406410093868,811.7440143,34.192824919000486,224.064
0.022129449536432998,2.731095290117666,64.19164823062422,831.9935015932255,64.30866415029885,201.069
0.026007402592331946,2.1121729271882925,67.86297018831193,798.0250657619525,53.81211730581744,200.644
0.016638625,2.6926931989522234,65.67271044047011,821.2800620266961,44.88944623226379,214.888
,2.564650104971835,68.7375828,818.1095301463829,46.71674445267701,191.752
0.038432928134525576,2.959351774566647,71.23950318477421,824.9261606297521,58.83420382,172.92
0.022469394615102025,3.5134991763912886,61.45978232406253,823.0972780964674,56.93157608855817,200.208
0.031924341,2.305016817726327,,818.0252109454897,55.70147398,192.392
0.026050057260156256,2.4758495152016935,,788.6714207962374,49.31864649793981,209.799
0.014051794183604437,2.6594692540990046,66.34697260649665,852.6204734,57.85324507695058,190.715
0.010938911830088986,2.432821827637323,64.37564490373676,796.7824775383709,46.83666807,215.902
0.026248133345138716,2.884022919107373,66.22955890338801,813.4465698748315,60.94719473640323,198.341
0.014699513434003145,1.6474421577853422,68.68706918869862,829.4264222043595,42.023270136743896,216.453
0.032443409,2.150534223716355,68.89729754077982,809.2531427520753,59.44349902317876,191.171
0.033370732376418646,2.531809874423744,69.47725163,793.246727,44.047041327093446,201.721
0.014244430138174929,2.271403984731837,72.90920225777214,810.7742657421537,55.418600111374154,203.382
0.022222436,1.977144570590013,85.95099698081346,796.7833929679784,61.59615179432514,196.618
0.030814029472060633,1.629771364251878,80.21755970253514,767.8443044335323,58.98973489,184.023
0.030967608,2.8356646855051646,73.87275772784353,807.0659338269229,48.031362113387885,198.249
0.017061719412497966,2.4119999284426674,75.66599739640343,801.7738812964849,47.65385809737706,211.24
0.021307148,2.2788976772114027,86.59554076250535,771.3504135861207,61.13347019,194.639
0.027626863524342078,2.9538819804246224,80.68519177904133,820.1040742960893,65.51649086,181.374
0.014391929738044536,1.6341493605289603,72.49094627715276,782.4466684096041,35.97416154562236,226.582
0.030694019165285198,2.7505920463366613,71.06597215601433,818.0271128751747,60.682900632721186,181.373
0.023222624807512134,1.9460352196284774,82.81674096581963,812.3713563,54.281331636010734,204.462
0.016558577203162148,2.5954375677833736,73.63767269,799.9439222630949,58.421417287096396,204.971
0.021480637108776606,1.9973570166306618,81.52345633853861,785.7189105041854,49.49970046257023,206.252
0.022011785,2.242414294157999,54.29694028316068,794.8133452908177,,190.722
0.009160934,2.4483250533685283,74.95848791341865,767.3195765,,211.49
0.021209487995912803,2.2303806622374065,66.54545314090718,808.2007758406575,45.56221820315903,211.671
0.025617831228379302,2.9443459187034664,69.65846064342875,806.6524932,68.46923613,190.508
0.032588513,3.064438680721389,70.45139195496529,794.0304368406328,49.66165701989885,188.723
0.012004099923065349,2.973633977760441,63.08505767031066,832.5847661203403,54.93414820947549,198.692
0.02479718,2.159685288405698,72.64310664649814,755.8744383001927,52.705958195495555,190.041
0.019718728121992036,3.100641257444318,85.53573551591985,781.0329594896365,65.90207389805035,197.596
0.022860760836549268,2.901461052669353,84.75559233074975,781.0903614149088,57.148456170866574,204.989
0.016453592307201455,3.077146607000635,56.458462587676564,820.0219901663078,44.10760571549673,209.18
0.034101473,3.0629028882475664,68.63134478150921,838.9098899,49.53574394867843,183.403
0.017924225308727167,3.7616749922232278,82.78076041,783.1529426720974,39.77806059476485,211.342
0.005,3.3164001092206132,78.65160731837841,768.0601268493133,59.38897185250939,203.091
0.015084975,2.7181084007071687,56.885225026710444,804.5194458682114,48.261720847092576,213.836
0.023453591108533272,2.319491070775436,79.19047881348791,817.2139424993823,40.142706349612624,209.044
0.009378194,2.5919940841797082,72.51364798674287,799.8181409203453,55.42374409897926,214.436
0.033455687,2.1680301650599314,,827.8326827741319,60.55227573,170.063
0.017559118160315006,2.7536561454386277,62.88795642646642,783.8027755639312,66.26771343334286,201.534
0.028621109980628674,2.9522136062091904,55.75722573610497,831.0772374095963,40.11923004242946,192.407
0.016962342,2.6335296160477983,89.57195643070003,771.3353016067271,54.740427492379084,204.356
0.020573485722185515,2.595903103327367,71.14851935783642,770.9696371327491,59.10285292493211,191.221
0.011219900144622461,1.1130308459051224,62.814756612961546,802.8405756376421,72,206.388
0.017251089218600253,3.1396649674499377,70.39889837544112,772.2953937134859,49.93023459829574,213.427
0.01879823,2.0410524599427817,68.74889395883761,770.4687703915853,31.068533134813865,226.292
0.029117356144081435,2.119257049480799,62.330165351910104,792.1596239513009,58.17649994452454,191.951
,,65.42058606827041,833.0589566537955,57.91414906736236,173.097
0.033867181044547626,2.3828613009743425,89.77370626,806.5284243380046,46.07250601889702,194.58
0.012789545006507174,2.2491162888992653,69.85457558790594,740,46.44900365659898,196.928
0.007446821,1.7417636429702288,69.50856321377856,787.7139446017082,57.92181593649323,207.085
0.025912401045686706,1.9404987299824659,60.098246829135334,834.5158812249973,70.73557638190469,177.36
0.023422399,2.5931063245951678,52.613339703910476,808.0013347872551,47.194071677249205,204.559
0.033923641,2.4070997192620536,74.50675578691603,,58.18719949668409,195.904
0.01965465,2.041901405,71.6953712,825.7493471941531,60.06777251211233,197.281
0.024142708597737005,2.717780688207445,61.32037539841521,785.902661,53.52085193690655,203.178
0.023392852119254657,2.956626694222794,57.92239824738893,810.2614330331094,52.91476065594875,203.591
,2.323356797174423,76.92181565510839,803.8423239,43.176165696062775,213.698
0.035182407393306456,2.6638362328553575,65.25030475416234,822.9588080721145,51.835879324273705,183.178
0.023968858,2.815219760592156,64.05275238157878,826.5633302,60.642573750611035,189.521
0.024196519383349782,2.398946465,84.29000144568019,822.7207864,54.781743942518624,186.783
0.027422733341098272,2.5385813466401452,69.09242054937808,807.9723066364024,,198.258
0.022570234026101137,1.8021136121332324,58.67820868581816,837.9375513288554,65.37132261572364,192.106
0.018438251922157447,2.6521261721885336,66.30182535759558,789.9447008737909,47.83925721793679,215.321
0.038254388128241196,2.3973106674740507,79.51566764,774.3161834176374,51.44305295976369,182.216
0.026207978,2.404898727080083,74.53103615739276,796.0363718122552,63.797181676723994,191.519
0.027974348054887146,2.751758526190918,78.18853920463545,742.7678911830484,63.433796741704285,173.236
0.03051768,2.521556175833306,81.29382969749915,803.2566905554635,47.16223799,202.576
0.021349266148108958,1.9551880672238555,79.89742575,740,58.991748434941556,177.693
0.010872595458228353,2.0288138704159553,62.385314697961995,808.7469396412895,60.81920041105403,207.051
0.023741425953112953,2.2632986693587527,85.74719443138883,786.1229282726224,34.09951493769856,215.804
0.026738830862541713,2.733465623997089,64.92917015304707,801.7244878230819,47.21561570470766,206.78
0.015067979,2.892447569118636,73.71271582324052,763.4145605369258,58.84457074513286,203.98
0.031601783,2.248762217368691,81.53478616471429,818.9995719024982,39.233522418220055,202.979
0.021673973,2.3892270879383113,67.27208309061608,804.7653119551053,57.57120254,207.891
0.031746208,3.519983391118063,87.98970828,795.3700223761803,58.56298307388567,189.892
0.031121069063993877,2.984547466440354,73.52559206615388,840.4351173542501,52.400308952473345,179.172
0.028929689,2.8121211001813884,65.42325998774608,794.7304439497348,36.389479412158686,209.992
0.029330669050904347,2.6720625110903313,67.18650552994892,779.4926052106947,48.09139869261387,199.178
0.030986337,1.947975277045615,77.76287219681213,817.6621384,42.882689515483165,192
0.011040463534738565,3.1626828366647297,75.04882762222307,820.6112667903187,47.397901365653574,214.3
,2.9638420397755736,62.32788718467962,824.0584111417863,,185.665
0.024828974596366363,,81.06550598391738,765.8907021683135,41.76288445481396,210.496
0.014691609186304948,2.9709006016894888,78.36090885415958,814.8253882768932,55.01510177161221,206.691
0.025797280623544604,2.6336309908845457,81.30453805938703,843.1504978329921,47.124829223871146,191.748
,1.5038896440700038,56.357704236260716,842.2607718034894,55.17306764958742,181.161
0.017191088192312045,1.9629376254129878,58.26511353623575,832.0589213838451,,202.068
0.028934851,1.5894617980067516,78.45683873971105,829.4555790411508,52.75739536289099,185.697
0.019051447799127496,2.0953698912928997,68.60199429462244,846.3459302974607,56.15495778479676,194.522
0.019368161,2.751792603962833,65.86222992342026,786.1796255,38.974780502082844,222.861
0.026461920005058114,2.0527777495927184,62.11860659508457,814.5721112591091,52.427640673516294,190.975
0.022634004217377306,1.8179873597619145,69.19015237997148,802.3085525,49.92931690561218,204.06
0.023043931561739547,2.494937733444932,61.920798100200955,799.6977160711151,40.61832196,213.245
0.02993265,2.639860696617253,72.47634855060882,774.2071007,36.570707582501925,211.895
0.016677136487493912,1.9091349788745093,75.99667200053821,782.5432277448833,37.69172615,220.104
0.030429837,3.1295347426069298,63.11735373277506,773.4027539601916,,201.049
0.02325359,2.244278583328191,79.57448029560709,819.4112162,44.66006396831649,206.905
0.018102827,2.742125476290736,78.44270431856388,812.1967719833468,50.76907978996599,209.253
0.016784417345318083,2.4183877311324493,75.81820111,819.5511461298087,44.41932108995037,215.094
0.021550386002162747,2.878479004694769,57.23788888749057,797.9737949569895,42.69442850891828,217.082
0.027322776464280257,2.3759401636174724,80.32649478829698,814.4901819,47.70297896067625,200.286
0.036156498,1.9476706486268753,77.06589257147076,787.5901109754395,56.12275337531601,190.6
0.040817333303449416,3.4161370867238436,67.84762526467522,825.9116144347518,58.43742208357993,163.985
0.009788497,,87.75709849267214,777.3538356445929,51.25482423,208.749
0.027893541179984604,2.346936664491157,76.15504080318411,792.8577329956801,35.67935842034151,211.018
0.021265789067586787,2.052013034422507,68.65103623260974,778.9341237648853,54.33335320856104,201.202
0.027432792,2.576651226442919,76.61289282,810.5779584417129,48.39608666328981,201.238
0.034167176,2.363093941341136,77.91228158153521,814.1461596078249,37.426535929770765,203.94
0.021303337,3.4918854742318253,54.83167067057778,799.9850355546273,35.36602670374683,213.267
0.023316855,2.573052580526105,70.08655894181143,773.5005875785163,53.260414881426435,202.475
0.027204884,2.714720357220757,64.06732317786758,761.3462739,49.52591942144319,203.176
0.021824686172417264,2.8373053551148106,73.64991981489983,816.0261297825314,48.07749504507438,207.138
0.02683341,1.9686854528026183,66.68594206998785,796.5847714,49.77481894926707,202.647
0.043150052428841394,3.111531906864484,71.17875883876351,824.3185352972064,54.83368277785476,172.808
0.016400986,2.7476364248499805,72.24704935997772,795.5161077828898,48.36782356718068,207.117
0.019600125,1.815989385574392,61.62036000280442,830.1112792686968,31.24673932726599,209.229
0.023195612132534637,2.853606243157634,51.47267309,835.0874972,56.761637698494305,188.42
0.025490404,2.467028679151223,73.37892681341893,771.0801364910229,58.42198598302906,200.521
0.015790153621337986,2.2587272963768728,62.557887889134136,820.6848039452492,50.23734246608812,209.343
0.026081632424809712,,81.34278214679763,760.9560277907398,51.10443504208936,196.35
0.026182264236822832,2.1306890101790676,61.35895157558609,851.1988124,41.95086449546347,184.183
0.010712539449006193,2.9460186607012204,84.52931594116531,799.9609510352026,44.98236468631912,223.911
0.03135875,2.4738264917759296,69.72576846542063,787.4755307,58.47845503,193.505
0.020506388,2.6490080868913526,71.07877418,803.2312489,52.15277246197784,204.254
0.028527242612978395,2.7909024907315105,81.97513407278008,795.6533535471663,44.29704890884349,208.832
0.011751073,,80.38270640361486,803.7165752811652,37.58938640480454,229.484
0.026356413655098093,2.4170222176197895,77.75864529269595,802.7098566423232,42.21426244106862,206.543
0.027334284912560285,3.045627333914146,75.32525893185802,804.8546827656642,41.78789968464957,202.11
0.016282653310975465,2.7607203678862087,75.82710908572636,776.0993150864499,57.256628980368816,209.289
0.023481708538943685,2.150259529758527,74.61007514214461,809.4579097249751,57.15245220705871,203.37
0.023639958529933256,2.1237794165198705,65.98648841438228,816.6529158378097,56.66637084,195.847
0.024367234080355835,2.6730690204852094,58.93217400906095,813.9451648835766,48.23843412044848,201.853
0.017638568841328434,2.769074888790156,65.38147647018913,805.8140024797917,50.29662996497917,213.092
0.012894922081953345,2.489726388540713,74.31263932657255,839.8722535599927,61.76813512910958,195.316
0.025942124400018467,1.5393181239731328,84.45597727944322,773.1577605464166,35.76126127615442,213.152
0.025486939531177432,2.3805351132482784,70.61911293361419,794.4440804,44.29039061223581,206.259
0.02846383,3.2050800041764775,85.66544931,825.0895328201229,51.55434482735618,192.161
0.018359907124244394,3.307238529013906,62.313321004420565,836.4014745395689,55.04720557878127,205.077
0.027741391658269436,3.3281906514932436,56.02027660572364,845.4131645,29.88392621,201.126
0.017666936110866734,2.415251816463069,85.73332927,756.1317829,37.825078603890766,209.64
0.026694581,2.2655005998717113,80.49049333685586,794.5501441974986,58.27714938660466,192.203
0.015160629315689058,2.604895607,76.45488165375248,793.3010792538741,35.50662481615601,229.481
0.024684248,2.5887671207040217,77.78158878994853,789.7460615417668,36.06781634345312,205.258
0.022671633,2.5242489163957305,76.28642243050513,799.2928656681902,43.982378178444165,214.964
0.018748132,1.7268306169409522,67.72113953115854,781.1764963817341,35.01094601420507,219.81
0.012310125186342107,1.8361882391718847,78.05372052085191,764.9097000443709,49.30657286,215.464
0.034384191617323236,2.0911269964818446,56.59832836962339,812.6994548223089,51.90012842421493,185.65
0.024110199271725325,2.7614831223255885,67.6174767,816.8876258544506,33.68432096111964,216.42
0.016464503027799775,3.0454974215303228,73.74570039096899,818.7383918713252,52.54961687910114,205.166
0.025109839277030303,2.5293867991696373,85.85360349,773.0671569849292,61.67531321911485,190.768
,2.5673295731064205,63.81954331233642,792.0062114682484,50.262457659648675,216.13
0.023274906454391155,2.020890921949596,59.36937158309095,826.0982197031309,41.68703335139564,214.728
0.018777010689009818,2.1870423757888964,87.84468253205374,793.9366258045811,48.00803245616349,200.107
0.017573875465911982,2.603299369459791,75.55945621,740,43.12759209325197,193.273
0.02500071,3.0755443389363513,78.72870868319126,788.9876643368856,47.29974482210429,208.841
0.026603871,3.0381224617126903,70.14200766,784.4029296619037,54.99842668020406,194.431
0.025434761,2.3713882149412173,84.21300218905168,793.3969815133379,36.96945683,209.662
0.019003691408312928,3.0502896416627325,77.90613618440814,826.4864651996565,39.240665563490026,219.268
0.025846165,3.1029877590019237,87.44259680865329,767.8891599577681,69.32513541131232,185.585
0.036707252,3.684651720504795,83.02206845293716,781.3204779990932,45.06801770993969,185.381
0.028176711763908898,2.8794213610676054,83.57773991,794.4091712998596,56.57312147,196.582
0.044096039,3.1925272506117586,55.14138738533802,796.8377227831936,52.64323963,180.659
0.025807674,1.9623158458619883,77.92407914977966,803.6863536,58.627330358914286,200.55
0.035226637,3.624577816596963,61.31941520727638,828.6101356,44.92712026,182.146
0.014293944,1.5005854568148767,64.78364307206684,809.2830870387181,28,230
0.017353232440874354,2.6256002158971428,82.48873376459711,772.3914738933701,52.53172726,206.122
0.016692495154866538,2.3328206760718397,71.28933095267863,822.6884791458407,48.53174783452354,205.843
0.023692445,2.625177259234246,76.95253997839113,838.2798350520593,64.18362443319592,182.39
0.029801989574110337,2.630502140358648,78.08573281,789.1623740276999,53.70469452929815,189.908
0.029691463991624624,3.0528221889769207,65.83690544869474,792.9244894423865,49.513105301727414,197.061
0.023659613,2.650210911541885,70.87740304,819.2393634342786,44.29303106287938,206.745
0.014464498467254559,1.5955164821430363,80.60209875,802.8989425546117,39.66637043761682,216.334
0.015847419542506215,2.222867192703224,71.13564967257194,797.2999068788145,44.06226617664167,210.341
0.028083421,2.472416070757718,72.21594944431641,742.2466342768394,46.239022739033054,176.906
0.025868724668266032,1.7424294602446517,72.34566314414707,821.3490920582767,43.80614343967741,212.36
0.03739149,3.333222953506723,72.11620983038122,768.5311420415563,66.02029582941084,174.736
0.024672463797184914,2.2174564106486496,63.728276643124595,796.6642554627206,58.22811042786025,195.579
0.019968319,2.4632686914010864,,775.8804538161646,48.18057079762164,204.769
0.022051938207066395,2.9267188141753717,81.52557466250192,809.3767018396342,51.62276558703589,204.156
0.014571742,1.833426461142257,59.36340016,849.8993206396476,,199.348
0.015551441876396226,2.6035963818011014,82.90636882321493,818.5212955905253,51.32552996189761,204.587
0.018628317,2.3806880701287136,72.91052704219963,811.3641095764173,61.400044482398165,195.033
0.036940233,2.1260956557446806,75.48135571920066,807.1647616,53.002330958622984,186.828
0.032065162,2.193686195696917,,841.3494692379446,57.94147868616424,170.809
0.023273810965538752,2.3909310953356373,89.39182039659887,783.8006693952705,,202.452
0.025597764700440003,2.0846750134709358,80.46952055,777.0798813071389,46.77427874928285,193.666
0.021597402254037074,2.2005641525312183,74.39683344718291,801.8739942783953,46.88883663272525,209.011
0.021803848781687837,2.551356615281284,62.258644627529975,834.0548069367884,43.778350985352226,196.643
0.030002592347092905,2.554979429925986,68.64261641,784.7646338317828,53.24065336883884,191.299
0.024133759,2.674119739330853,73.74821111623825,813.3447492343957,60.91508011734081,195.461
0.027821599,3.4280821016110217,71.91306617716481,779.6726235132999,52.773440675484295,203.656
0.026262142,2.076576591349052,79.24787127415954,756.8324345800042,57.87751353996622,182.496
0.00914791,3.3426822266417817,85.65647427,755.2578225914738,45.61187112080991,212.916
0.028384171766920673,,66.98814559701445,788.7922716019543,46.58519994822125,207.055
0.023296624,3.097993316823553,81.52811480357859,785.4113568762709,48.15743231019608,211.586
0.026882532546846825,1.7697759104387423,85.06777213160274,803.7605872986014,49.41781332891231,196.899
0.019276525,2.082842559061955,67.59248668,795.6384401,62.454033493344724,203.231
0.030037596002441967,2.3425582705552164,,850.5020089374536,58.61161736711056,171.492
0.017734316,3.0571200174345847,86.88970580591781,798.4254196462493,55.48350385410501,211.757
0.016003730877630334,2.220632863537519,86.09279381009135,828.9827062049003,57.22278749135537,192.824
0.023774670727674835,2.3702936204593876,86.26358193401776,807.7968963299516,57.095810785896255,194.867
0.027652868,2.6948978431634942,59.29947213828205,787.9514957784376,41.37593828829142,207.239
0.032196927,4,59.56777702750216,765.1407931475534,38.85291030106016,197.824
0.026030789760127404,2.9579130110367595,78.01985565153075,787.8872635508369,53.02709914728419,198.672
0.023054206693838893,2.594913371194695,94.32754843,792.8634531884998,46.56578211750202,200.309
0.032523153,2.5155948520116502,75.11348695768534,759.3878778744933,60.584950418003594,173.436
0.033422559,2.710478453346065,69.20485690768903,814.0030851040498,35.81066699806011,211.808
0.023773206685011716,3.0503640394415648,55.69411317713956,775.3778724758278,46.85372342981554,204.006
0.011687062017119809,1.8627292224958594,75.99850872561788,781.7514781846459,57.647317062099134,207.535
0.021491067509357822,3.0662606698330626,67.96724018,827.0204370572137,45.324210132954676,206.972
0.027575658,2.1101595178669497,67.79216658470307,841.8615129153003,39.432234752728874,198.17
0.020226686,3.0824641184038333,74.85005885647274,828.4444552051195,47.998582071897914,207.025
0.022272595078539643,,67.85161459336578,791.0438082091054,61.686806702624025,199.754
0.026021793279585176,2.100394617442292,63.291879669743274,785.6463706555503,60.50793483077565,190.464
0.037452626470911916,2.722212075069699,72.26651947397778,799.7219015986726,53.91523640129156,186.03
0.026630747,2.356292044912104,71.03208671972547,769.3821382507505,63.31329266317114,186.671
0.019102791,3.7291337104861095,78.14205516241161,799.8775646651839,51.301361220484196,199.337
0.030665067,2.3313356963416876,65.59108938344997,798.5540293586731,52.254910707679514,199.891
0.030157631661496972,3.095146368,66.67953291164123,791.4985480091673,52.96020787558571,195.439
0.02376453,2.991566274265453,63.741339539160556,808.8367741445829,43.58985652337644,212.419
0.029923681806176515,3.2526739952935944,81.49054898,792.4716467848368,49.13842258704052,197.87
0.018093004035705046,2.468817170999028,75.58462154398447,783.7246522899774,45.60192507394016,210.016
0.023149295373104756,1.825170837499209,69.60985100246921,780.5094931204202,52.14206590067232,200.334
0.024014865525093642,2.277599543548598,67.44689797417524,793.7300522540803,55.53090371019871,204.931
0.026299133234447398,3.676082823007628,77.04874667161984,792.4263726821223,58.16152111573955,201.801
0.032663216,3.0662481237315724,76.06093529863595,750.0153771048385,54.312092395256144,179.38
0.015850682,2.815826868400561,77.22476517,794.3338363073034,51.04577146260769,208.895
0.017626366601698012,1.9112216996775173,72.78463585498446,789.6795455059269,46.77487758203525,221.639
0.015185166,2.413724323559412,58.692872425652595,807.6512032050022,58.73910853992636,195.712
0.013055992735748428,1.996250583504301,87.76356237,740,46.836048310788854,190.905
0.024090298924779124,2.892628671009525,73.68330193,792.6705663292473,52.16849844,211.737
0.020696409,1.4866803666074846,68.40743326004547,828.1230219351927,46.317028769076146,204.871
0.028627384,2.179640906525747,85.66219457226876,740,44.204939353872625,186.418
0.023359028171629437,1.4092835362359306,76.70447175726885,796.5251443819282,38.36755519513273,220.703
0.018310094797839196,2.268193457656386,71.74102999679116,814.8823801693517,57.002275717358195,201.294
0.024477213841184592,2.9520503030761804,81.66370788,775.4281676473292,62.06034123477755,196.513
0.023117333354613755,3.184936313780218,78.54868625035967,783.8688619733202,57.55958217188661,200.92
0.023713931173384755,2.0108573291738723,82.30559079763954,798.8509192335832,49.211747062124374,201.425
0.021244692698280686,2.0559514645742425,72.20624384970347,796.8388422358951,37.753671017670314,222.097
0.025610615331356664,2.1985384467452134,62.78220783835697,786.6865819,,201.797
0.025610538027949055,2.7271945720056547,64.98776752954127,789.8340234138027,50.828911777073735,202.429
0.03723644,2.408725833,61.587080636698154,794.7213766124817,30.43810989070557,197.486
0.021543712,1.9840394430237052,,766.6130918751581,46.80246442574367,198.809
0.028540410276761803,3.171773241465222,66.35411465333917,828.6078617079704,59.62792980418836,190.342
0.027844821,3.0087530780581626,,790.1741080550298,45.46758660618313,199.181
0.025496734,1.6391093990478156,75.91974367757015,788.3502848726657,42.083804988707456,209.587
0.021874933545293233,2.1463856043185703,63.23309913556772,830.9717482,48.95483790829701,203.65
0.020942672456483492,2.2302720721975895,68.12339024260797,800.7731698535333,54.324010492222335,208.405
0.021312133665231204,3.473626122038718,68.21882499,815.1686179541863,62.416538571258954,196.021
0.032342394895165424,3.4382467862703536,73.36589811481689,791.0011462480511,67.54170531,185.105
0.028347725552182356,3.4018596371838257,61.92166185794512,782.9818019421587,52.93882519,195.373
0.017022242,2.3054628102459227,72.23142651201701,769.9645664039457,49.21272045013242,198.607
0.012682864341806533,2.5279955742617504,67.82325684119404,810.0232658119897,56.20545312812358,215.074
,2.266389522720151,69.77731392,797.4593572671107,47.50364148,210.892
0.017657086437612657,2.1620086105843463,59.83127370174556,816.8549814,49.73687557534139,215.955
0.0339497,2.0300178710702035,72.59450744470597,788.3706013130608,50.781192703435615,198.433
0.012725878922865448,2.788026313570287,77.16203199350078,792.1878468661471,44.97545032782727,213.135
0.023718037324221408,2.550847227647923,62.215662954699894,801.0447788338071,47.15813972813746,203.1
0.031529205,2.3437180358627976,91.23818910011478,802.1722129247588,59.18394428651173,177.535
0.022704721,2.4258110641126476,72.20406550568602,,52.034922150855465,200.372
0.015790232802352727,2.1383917596058226,64.03703574023967,786.8271517,47.537745450957864,216.767
0.028902610969870617,2.3802205293147347,70.42570248113368,784.2178194374288,55.80696853,197.825
0.019773884,2.898295078657255,,792.3966442542228,49.71020475924654,209.278
0.024534335162275458,3.313571306208373,77.97943602357999,807.7703586575955,69.37748757573426,181.441
0.019177839140231367,2.1885989000456245,59.89814846,832.3734421,52.106316995660876,199.2
0.015978612212991697,2.1880920755945286,80.09666354947996,772.9815101957411,60.15730518611844,202.176
0.026172759,2.2798275670606203,72.97401643697769,763.9780446916652,39.30398678810037,206.738
0.029398906858890746,2.2129907256940795,73.69811277097861,809.8713421519467,45.815120775601244,203.663
0.023323651589439862,1.909275255439278,74.44666294847391,,48.35351553934969,205.832
0.039350437,3.2660786717041628,63.029411308767365,793.4328704758315,53.43465541749102,182.832
0.016667998568530178,2.7291948136217155,74.74683771307699,830.0325270588866,58.58049394,196.11
0.017443139,2.8507290105597267,50.22936705,844.1579723202328,49.823509238095134,189.559
0.024198230182483356,3.0218377975794564,66.32029961,809.0070091768822,28.58339055454943,220.176
0.026213532488963298,2.3840020180405173,73.65702760184368,854.5291062671567,45.434131960922215,187.062
0.014174701501354242,2.018549293997572,69.62109825006111,776.1334391697914,56.69324475636478,207.477
0.015859331,2.2328189571436727,80.80847183230395,820.6031229046451,40.128399603272925,218.156
0.02805831,3.7273181683806214,65.90068715707073,782.7907252950058,56.15959319,196.818
0.024956376320538567,2.728053690613492,79.24515372729138,814.2505059955568,51.39716659,196.119
0.035571969585226126,2.404282097946459,61.55817542595352,812.7710342749624,45.103202880937786,187.092
0.025288090954372042,2.792256966150582,72.20683553006563,821.2992882419758,45.93310499725172,204.175
0.020831029,2.206812304524584,86.64467529196257,805.7339060363333,50.29384787,204.608
0.029647870655114664,2.6030093826144567,67.61193382756638,799.2823486281629,50.49285812394358,203.471
0.027233226103419942,3.758340603302101,76.52062737055724,814.8091152934174,52.09830289496731,201.711
0.026231482654376897,3.034587451279061,71.04332130302753,842.4935630611296,47.74064877474106,193.48
0.029897408,3.005788633876966,81.53236227621981,758.4540696503876,47.03388891257845,191.215
0.017014121,3.081112678161836,82.39803233634342,801.4615475192915,40.35503666591976,214.442
0.023308026,1.730661563803288,76.29386620134653,800.1410168094397,47.093918204849196,210.279
0.027026517,2.7620912325418105,72.83899938163489,805.9035443079587,55.35830948713011,203.073
0.019867687132903933,1.9961387221479956,75.07255874185901,775.8159973262082,55.44321080095896,202.11
0.022457279,2.1290900250945097,87.80985712847078,781.3287065371969,41.400699479919524,215.96
0.023330849,1.9832770935083435,74.40758425139535,846.6016328106228,52.01813315728026,189.891
0.025973056398480195,1.6818838044041877,76.45529068982398,815.8655351503919,45.753200244471984,203.492
0.036142128,2.450874181719639,78.42942940033348,752.1807638384463,58.355662990677764,178.472
0.027000477088988582,2.7341107826005837,78.34097052442903,784.770431,63.26596232465233,189.706
0.023737332310598432,3.509254785025046,66.9390563,833.9330339436045,,222.013
0.017957726773496364,1.8902264196373544,81.3668868,795.8340887536614,57.12199397600451,205.045
0.017748336724245597,2.207653186974042,83.80697205309063,774.7108774914777,45.149903606817176,209.749
0.025393801836200144,2.5465200803303856,72.16153601913253,812.5126214230228,44.129593433087884,210.98
0.024483936062075995,2.259733353447447,73.21217617,828.0901065704776,60.064791989753665,192.07
0.021587552444414116,2.090353918,84.56168592839614,817.2614037929288,56.06786493568835,196.238
0.039853501,3.032531305,57.28562020756154,794.2945834448425,50.81403101221093,193.447
0.020580124851625546,2.980392568732761,65.03564273447432,801.2799747504232,54.074767734892745,201.158
0.028206941987785318,2.8023647416448667,73.39255603984046,810.5636049928642,46.64799592,201.799
0.027999045599671337,2.924801513370074,78.80279818678336,826.7544084569183,47.71627849628127,197.112
0.018801564462360962,2.2497919556590937,72.91998570069241,774.1134821205629,37.796158832588404,213.093
0.014736849007457073,2.2053041623368257,73.06929816324897,800.6736215628806,66.27041967348451,197.388
0.016518450837284645,2.264664307492729,78.14813688378928,795.5413285880147,43.15410058367134,215.403
0.014484759,2.0695670113888496,66.81784735272534,807.749266,40.84250812412774,228.616
0.033751882,3.317248988847968,71.72182221042304,806.7997426978629,45.615821389234675,199.87
0.022688551903299506,2.316647016363449,79.64133850816611,821.8882891253755,43.864242245278675,214.899
0.007014518,1.7389711834240504,78.47636237853324,780.8549623631449,58.45269376364314,207.269
0.026769847328143533,2.2455894403401344,49.823872898313766,841.4091421508609,52.420868851719256,186.423
0.017069648451977452,1.8616156634794936,73.96213975759635,809.5566691513948,48.169721805891925,213.941
0.027717569,1.8232580812377095,68.11582230942808,824.6792123415222,54.159067799936096,201.311
,2.041411261718489,62.93033685072518,815.9308739,55.69889371534553,206.806
0.025899381265388804,2.7100908954809184,77.50065410913402,796.2470491881743,41.363715840555706,211.982
0.02831977,2.974593229,78.17322594492362,797.6570168154915,49.061033753937295,204.965
,3.1040202315309444,73.09047544093241,770.1089816033765,46.61131009282624,210.424
0.046840224,2.788112808009992,82.89064516,830.3840003863878,60.611706,153.916
,2.3121793344725123,58.18472072936629,793.7431238873569,45.44475006242846,209.604
0.017708714,2.5058833080960277,62.19666236,818.5720809680255,47.52023782566218,213.643
0.026791715798104167,2.380369351892841,73.56574369040278,801.3594107020672,42.98458441193243,207.844
0.023568814,2.3796721782485792,59.96431538699313,825.3502559,51.158961374716704,206.655
0.017197177,3.157847149604909,84.79161804235076,802.9045252026158,48.523174490796656,214.975
0.027091998,2.457638986245414,72.12764040399341,809.3636471381251,47.16840205366243,201.788
0.027639587,3.054928491989763,61.76954511807416,,53.61202816101104,193.429
0.014592319680748323,2.2099870358308578,45,825.0747608091106,41.67617893,208.608
0.029664959087730453,2.495422366015989,75.60322309742446,804.5331082,42.929765692645404,212.345
0.023335349170731243,2.7898273602432004,83.78853,761.9761137300263,55.92717196197689,194.851
0.025456332302425982,1.7029593347312995,94.36650068715163,,47.806400382804526,177.805
0.017313475,2.209261701652337,74.76348669204489,783.0727401784123,44.99582694097333,212.661
0.017766034,2.743782652924352,72.05459405004908,803.2596181420246,51.92619914512814,206.407
0.035019767,3.478109586498889,80.10844984,747.4834323854584,54.13835389,165.432
0.014115811,1.5779872331299694,83.52058503472837,778.1558062908277,67.07777655895909,197.882
0.025116131,2.6402126185967796,85.18635092132581,791.3922135276048,,191.463
0.021709409010884174,3.4513711947937002,65.56347963827614,797.9073555897958,60.108185938378135,193.905
0.030916837,2.1659083736108773,67.13604328,784.0088181354794,54.19062408518382,194.248
0.027781583990056008,2.7807165312845314,75.57129839618436,829.8477608621263,49.046284164661095,191.251
0.02651437,2.3371772242526783,69.85911230733039,833.4956910281824,47.42021718,187.982
,1.4140435843054604,63.14011768,803.2876895554971,,201.855
0.024152323,2.446146490819384,76.59355168332519,790.7825815,54.97518839091461,196.282
0.0257033,2.371732833961504,76.22839917050962,796.7636261522631,45.54921214925404,203.211
0.020422068923558145,2.841664212,60.95913389298281,794.9233511213013,59.48434669808791,207.054
0.028523122124561165,2.9430225110556867,76.04910258266806,813.1486303173518,62.69029812411824,191.167
0.021815316,2.746130374938725,71.91298574679108,782.1070439441854,51.01272285655831,199.375
0.017582037519108477,2.4711966487585304,69.30430865304302,849.9074246215903,54.442459769775624,189.116
0.024174755308366675,2.281973212420726,58.565783148081856,795.5699878899517,35.816566756340634,218.553
0.02984705,2.0177037516669225,72.43796867398554,777.3513634037945,52.39013827976665,188.954
0.026463561224254608,2.3625379313615693,67.52618039511977,794.3099802791078,52.58268348346073,201.944
0.029672812019759583,2.392162676003934,63.63624202895878,860,53.727411906265196,162.668
0.030927444,2.957106995722233,73.00784993554406,817.6949892696588,60.69015485862603,179.785
0.014686464353612021,1.826113727518544,72.55185781457403,762.7264729795932,51.355733278107905,204.282
0.036127459,3.2387305668563973,76.48489165720818,780.4212206724104,43.02003696035375,198.198
0.031826283,2.142316052687458,,775.0781383468498,55.710541275693146,192.627
,2.1637611638441605,,804.4118336,59.20515361,204.857
0.036000337,2.6067503749752947,80.96678099,803.0843154089388,45.48027562198338,201.568
0.03626191,2.836590531703659,68.39972344,791.0661791378566,62.91286698525302,175.424
0.022227744526197482,1.8863836973136467,62.177946620605155,829.0143039101147,51.36462616538279,205.235
0.027982151590270468,1.7931378764978572,65.26298770832905,814.3599005366638,35.069738800348794,215.865
0.028217233880262774,3.049528378,73.67409791782306,752.1577884097563,54.08676011015593,178.818
0.022881901,2.6475621786259302,82.39693416530926,832.1878004627554,51.93704023,201.056
0.020978115602447868,3.1933811485258587,78.93557818442808,785.0213478094408,42.91357942142661,206.018
0.023157623,2.1719601071773065,52.01365960966801,816.8823394962504,47.86416255092555,206.427
0.021837151,2.4330500691641372,72.26188356625165,812.9509018919111,49.28252587046522,201.955
0.017524647,1.402733458883525,86.18103253826493,,51.671254090433244,205.906
0.012332113585247467,,75.13837659300214,753.1724780562083,49.35149845788286,200.631
0.029827865,2.933140194904351,72.06144482225776,771.2467271363784,51.68927357781604,199.395
0.00940889,1.7010037471591972,72.77458387091687,801.2605679178087,57.41411928,205.36
0.019147245,2.2343660785237702,86.91942536421197,757.3494799470038,57.22188785564604,191.174
0.02666827,3.005774847218787,78.46544559760297,,42.20340022867791,207.806
0.026535773953002422,1.759619645964716,79.82311037,804.6553179,47.89707828414382,206.033
,2.4064773141253504,65.04904226910895,812.6270381621028,57.99234758005418,191.917
0.028055663051306683,2.7619168232278475,79.36878499774724,816.4109205714233,36.64563535,209.114
0.026235372966202035,2.7823187253691652,75.67170781815018,,54.93910219646379,199.991
0.029627393928415346,2.955746560245985,72.97964962980912,807.5589567164166,53.96560854262519,185.86
0.030065878197151792,,60.52832275073025,834.3046699135418,58.46178623586049,190.719
0.020580646785317666,2.616261498478094,67.57608794874801,791.0988543257016,46.89750761773362,209.303
0.014611520972201733,1.711739739368486,67.77281035919091,826.3394769396847,55.44291937353962,213.193
0.018834932369329496,1.868547774958909,76.94753508827091,800.0955849644807,40.267866793599204,209.157
0.015387970661674345,2.121388697793998,75.07426207,782.5674794494838,50.21462283351662,208.888
0.036801261,3.3680222751799507,65.95875736809133,811.5939354736215,64.05186831111769,177.101
0.019871579175431614,2.529883333075556,75.36517114232271,773.2630722434415,45.00233680687089,213.784
0.024356028405884092,2.8812187383358685,76.06809330669125,754.2398186811218,43.61460699396597,194.693
0.024621840209170954,2.8729231493546252,64.88992300627083,809.10431,47.72851000203391,207.46
0.024309974147835877,2.112795804384697,63.318948404776506,794.6740272419727,47.309902063167115,210.645
0.024862218147653596,2.209380367,59.90199239962837,796.6887470332249,46.053000112553526,205.36
0.017904699178540862,2.711315979692466,88.42033452,766.088363,51.67047031672106,211.146
0.023716179917023034,2.1833964884208474,79.06744041892897,762.8117471966386,58.43679684667099,186.394
,2.69086717,67.46938628170278,803.6920056959408,48.62779519462589,208.724
0.024556129,3.2131363210632333,68.53327927617455,805.2942336557307,32.66107003668499,222.467
0.018266343,2.8899603006239656,82.81040721,788.8578052,52.45250533289585,203.951
0.019125001749010447,2.604860276780165,57.79425002065827,839.8835844661878,43.12032527700836,204.981
0.019173433641176123,2.327493946642902,68.66706170479662,839.7010589151183,53.52705711158931,200.862
0.019365469,2.1899252835104193,71.62678396919374,821.3607617549607,57.092684489739945,202.809
0.023599270906081382,2.9526805377368777,65.98270213017854,776.8317909211287,47.816267997016816,197.751
0.018921351923377294,3.3033638515435446,74.93709744854073,803.1819362897061,50.75259774033476,213.45
0.021627772284608972,2.161045854562657,54.12756787868739,830.2591034380762,37.25138840081425,206.715
0.021313832538012722,2.545885703497256,81.64194606840587,801.1336688150078,55.61951099612894,201.535
0.015312905,2.722574793784239,96.88382458,783.3925446310046,49.31009740239766,219.301
0.028131628,2.017100003628869,64.48855614722412,792.5150762565099,49.86717598455933,203.731
0.028661161,2.4199507779092233,70.34772926953121,823.9181476804598,67.96942264191966,183.23
0.016152302,2.8146495430370706,63.57331630283883,850.9034710262673,50.775965499578874,197.3
0.023787429965766677,2.7665108583703097,70.6641302,834.8777193228661,61.13741632909216,194.852
0.035000806987764074,2.321542279175943,71.86525101279003,,55.69543413903288,185.597
0.015256857286645515,2.530180186553184,82.82409347381788,833.0142528812388,,218.871
0.017314765,2.778814180554142,60.45532029349596,,,205.019
0.031475331,3.279328224,90.36832426789405,779.9600811,51.34140039947215,192.814
0.02543055,2.057747277244584,75.30154276606193,832.6440836417532,42.75903046309105,196.41
0.012486728544163926,2.4467785482637727,74.51046882,798.1687847996059,56.81267083475406,212.155
0.020288056,2.5785776161095155,48.85311068269151,837.8210815352636,47.10392912787909,196.938
0.028379069,3.605827081987962,58.04042157040986,806.6295608368148,,185.755
0.033467923,2.3194672274280337,64.24236287,855.4111923974564,38.784511620166995,183.281
0.032890761,2.4853358366622995,72.05346084883378,812.3615205,40.45541602610356,201.235
0.014496073843840242,1,73.92898893,790.0015847,43.42776162367836,206.546
0.027162969873659352,2.9789128930434092,68.47765703547739,827.3266948852113,51.63122108204935,190.663
0.032936212,2.0612487474913705,59.480941409600135,810.0385918192424,61.532312056803676,188.068
0.005520613,2.414189136,76.11294138,784.2912706859354,49.07576362241448,221.462
0.019428093,2.2077933930976292,72.85372897896495,,54.915700659635526,203.437
0.023319943081710866,2.8559471845954554,,830.9639330098483,54.014761401720854,195.694
0.012354412153246324,2.2375564494674753,68.68373945091335,809.3999763520441,66.11393434492936,207.564
0.033939728645361884,2.787977341447008,70.43645550025626,832.9361913035042,59.27762414725261,180.616
0.019711605684756345,2.933055075516517,64.95074784076523,835.2930219084387,39.96984093325873,202.725
0.021222459951125504,2.3582176479251054,53.16682141605086,,49.107208095997315,203.072
0.041267040335906474,3.0472542296389373,70.41514840104257,802.4684297107551,55.555175786114354,178.862
0.023681984077828427,2.6036560701895914,82.22520346988813,785.9755268164747,49.907827075907235,199.193
0.025992649,2.3346964405973796,71.43722558929433,787.1480345168967,45.998129278024535,207.103
0.010649627663739888,1.3783275115715952,55.82171784850238,816.5951641437307,52.35202286563755,210.762
0.018319083997611764,1.7822098946547156,75.82521582203174,823.7171458,49.61651971231523,207.615
0.021518607104250777,2.7990254344685574,59.17441668058726,836.9423679845636,51.760312378293875,200.63
,3.0012280995538716,77.63171952036059,785.8449316925336,45.73185189308499,205.619
0.015055288149764838,1.5062010629525564,78.11052501384526,844.1836938092655,56.26976514502596,200.761
0.043963437,2.6296810468936647,83.37093640366358,802.5039489896368,43.13067343319984,191.389
0.021582326003054292,2.0333773600450353,76.51482679424419,799.2251678819354,59.494983370086096,203.412
0.023812381,2.3331817617981048,67.75030153411996,801.4151498423709,53.27944131585549,199.447
0.015393902238948667,3.2193396140364627,89.39009368759282,761.1462349115487,45.790153649102244,204.973
0.033190016375402795,2.466211130051077,72.79134629,791.8871734410626,47.64339182174587,198.532
0.033873625,3.662505466757261,72.15020701944273,,48.79396501699795,199.636
0.022555083,2.3899370953500974,61.57647812044886,818.299007,44.97442940354406,207.209
0.021148867,2.748600424237182,66.16803920082658,797.9143093283917,,203.141
0.018450223,1.5803781621925292,76.43200929,791.6328198975519,44.729861498953554,213.2
0.027169901413702215,3.2362269832586676,74.19331127,792.7545347175572,37.63171361023239,219.936
0.013578151449937582,2.1649315595360084,63.893358574974876,781.6391309074324,47.210638175599065,218.337
0.02738286,2.2897934569992566,48.808630161003784,807.4802105947208,55.25684872,183.015
0.021053705,3.718074961085087,62.78922500667159,837.6842492,47.212403582144475,196.703
0.019854178,2.2550565642436453,87.12370062902673,789.4157041838332,48.62771336818707,211.554
0.013745238686803447,2.3323300060797685,92.58885805,767.7332164546231,52.05275693042448,204.784
0.012788601,3.112160323395875,69.98583267,780.1722538294895,43.124487211010134,213.906
0.022770581061262216,2.067681771119791,81.33189607450734,823.6947721113456,43.03798762,209.542
0.03273109,2.592739907059809,81.96215882940625,841.7336416572214,48.19441768266792,185.111
0.021622204843033933,2.3048788172440298,74.33320344308378,781.6315535,41.24305626485001,205.528
0.018701414,3.3497072876619827,,782.2629923193587,67.80982386379388,193.475
0.029346344,1.7635823526881549,64.06972199586929,818.4904650621113,55.75598094884836,191.462
0.031081549,2.5762254540580116,73.22257823133253,,49.22925911047249,182.207
0.026119977997617883,1.9815697415725433,58.07449813998528,845.5626269062672,52.18346262048878,180.155
0.026672763,2.4776154449046803,64.68026083335565,792.6237022870781,,208.449
0.026668402846964395,2.6688384959998714,79.02327730721812,804.7890002843228,60.76652776428293,196.927
0.014139504688953773,2.747479146268784,65.28031117895473,,40.88525709149939,224.04
0.015425824885846491,2.921390114901709,,825.7491752373613,47.588532117515925,218.52
0.025497237,1.5152043032534661,76.33145425175786,,48.712128215376836,208.941
0.032221429,3.139451073,63.987653869659596,820.0604917508779,48.989932234490226,189.873
0.024609077,2.904768241944888,60.42305707,823.8418519645802,44.91868437829405,213.574
0.013016516997610408,2.2223573743219927,75.17040514885035,800.3894576573063,45.47613184371876,217.603
0.025878631040170432,2.1796031737250097,65.03345925,827.1255335821004,42.560781094439264,199.321
0.027858128933057048,3.011172625022045,76.47918157,781.3188332458611,41.67068326,211.475
0.019379303615295964,2.305114295,66.82177714972967,776.9730109893336,45.42037378956779,212.082
0.033272046,2.654524255024263,79.2030338,791.3839708,37.504551458578064,210.042
0.020366822144626772,1.8879099079359416,65.07048040838554,791.0970302123054,52.06572136391989,205.191
0.029742695475682247,2.547369159912192,74.98286445479549,,48.171088603962424,189.513
0.018467584,2.166247841414375,54.30300348,860,41.34842113056966,190.758
0.030071192262353875,2.1589468890210624,70.92301004628195,742.5627602702324,57.08722001918004,178.578
0.029987606640848905,2.3669964631965263,72.56337943468438,790.5636263684638,42.17886298371663,204.017
0.022987696380427174,1.8146991696523398,81.99746062,792.778222,48.704822645948674,210.264
0.011805189246997107,1.7244946455609496,77.81573913190289,811.3267597334814,51.63262000026242,214.316
0.034045417,2.6177445020611816,65.45642406490643,802.9204482296075,49.98940214618637,195.071
0.031285436,3.2386588971634196,65.41209868296886,827.3565180578964,53.39518782938926,185.17
0.026622970483098703,3.044393038264362,64.44965056437795,809.0632273258077,28.98939923,215.635
0.031230891,2.749280064,79.90232067152398,805.6855167750248,34.254740234131475,206.45
0.020367192157786512,2.725057986310885,81.10342536763227,820.1357795922062,46.43434594534817,208.579
,2.2467391079080428,77.67749465317618,785.6527562827677,49.58031228698956,200.299
0.024795361,1.838883396085433,74.80620264447677,768.9855391,58.56996608198347,190.772
0.034229535675331046,2.025423801714917,66.93524862328674,843.1771329542411,35.74859109010527,182.061
0.019664037596430425,2.446832383871731,73.74821171312469,807.4611264675673,48.37163528420875,215.2
0.022720448702848697,2.7022455477777556,73.16162413375162,740,,173.035
0.035844840421092775,2.427343778,67.58171765710595,789.7909927634806,41.57552837237988,205.277
0.023781637,,70.65998966151051,815.3403840193726,56.58279278695669,191.143
0.020353501443687687,1.789545666415059,68.61154439780327,783.8450787625161,44.99067391549002,206.685
0.024597466898110022,3.041760665895577,82.17470092786974,785.9073639946381,51.07502818818208,199.123
0.021410572234879632,1.9499464343737198,82.08338076772989,802.2804236,36.979473004247666,217.694
0.030302548494482377,3.0588506684321852,59.72875771427933,821.911996,44.885152035632615,194.19
0.011755144297527392,1.854904370966191,78.80579416532397,777.2275686988444,59.271578035439546,206.154
0.031628855,3.168680353819089,70.05148792144367,798.7146296124458,62.07190579049418,189.702
0.029517906817470053,1.946284155,74.64089565558781,821.7413690568291,51.03984037213877,198.311
0.011130355324226819,2.097536469887748,72.19902174179698,812.2016047605683,43.72702360651383,214.472
0.014899173150881613,2.8105858582736793,82.06491105375231,783.4963369779484,47.74814612260485,204.799
0.015937471093911262,1.912458326321158,74.40851559,808.6130466921061,60.03902487943502,202.994
0.021211318949452853,2.225564309187132,79.31869429799522,784.7131465,38.82121192910897,210.079
0.032887268,2.1834215310096514,77.53291392871347,783.8132754627196,45.65452106365562,206.773
0.028530747741439353,3.2776407298071675,80.87737705721395,780.6943600012038,34.70118981242627,212.487
0.024729924,2.5312181325387093,54.171484566495636,793.0743711340358,59.181862337165256,202.597
0.023608386824816825,2.6336656441962267,78.45109623704016,767.9559426,46.239209578840274,201.441
0.032954501,1.4079894841872547,74.26757457,796.1340092499248,61.667513740044804,189.143
0.027009781,2.3323371422723267,83.45615331955673,814.8840147333074,56.15670603698653,191.659
0.021183074,3.082337535111498,61.58080319390981,,47.87575431376053,188.431
0.045922599,2.876002289060116,73.46964459,774.8434240788775,40.76996597008233,187.102
0.006073326,2.3340373537207464,71.71506088,797.2597365018044,44.52538005547264,227.473
0.031058265940077764,2.418510514260036,72.87958483830568,775.9472376322043,53.499009145202784,203.228
0.015377101,2.4174655403623784,71.15337354651423,762.3168205180185,51.14273554,199.919
0.018980991854367725,1.8015048243668736,67.79945378410505,802.9548919444316,63.62957038979872,193.943
0.017000877252724166,3.390000156,,744.2544498338171,47.50145215144643,189.78
0.026402674283521922,2.365609993183972,77.83843268517593,832.7354298576116,59.47373402697827,189.595
0.019098098,1.4349747632687797,70.65468855588836,807.0613989035867,43.192156783739165,213.936
0.021141987745951364,1.7655297898927405,69.38131610767012,809.2454346383191,42.583257357073485,222.416
0.018034923422908387,1.7028991971212677,69.96342861720859,813.4918155,60.74932456,204.192
0.036658872573090306,2.410786405891875,72.82687179524666,816.9112350635287,37.55297533487024,202.699
0.021126296,2.954351733458545,67.95780596007609,835.0475920847902,48.41107034424864,212.529
0.0240791,3.0694740478777227,78.4948394,780.3982471,58.37440361767032,190.609
0.010827786161115162,1.6703952814038234,84.03498826293567,800.4574540183177,51.198733633848335,210.593
0.016033351844694167,2.231382510815002,58.07022354850608,777.6036795061012,55.40825686346313,203.681
0.027456280796876467,2.112917115106147,73.92023229611287,818.2174404351443,41.15167452,204.777
0.034207145,2.566757943417173,69.63200506215418,810.5952549619298,50.654572128560744,194.647
0.023841578,3.066378808,74.46889636980133,,55.78463202405715,192.853
0.022298098,2.32327088,65.69613167648468,,43.66343474592206,206.145
0.023919712,2.5116897745726923,72.31171620037912,796.6569737865026,41.97298591856052,212.203
0.025206920556150543,1.7822662267700469,73.26163971672248,799.9746496217049,,212.347
0.027386729350840213,2.0961225241682517,67.99983182,793.8939925,45.8496334,204.901
0.026391757,3.0286746892596543,68.68991354255456,771.2022082,48.945956148236256,203.245
0.030226964058796036,2.511346315823792,75.82668796661234,810.4301516908141,40.92713670628069,195.521
0.026850497064265302,2.833602091673774,69.92672873999358,823.7406117975639,54.44340906920858,199.357
0.015746600640693886,2.417046153294508,65.05212966748414,820.4026659721245,66.86443283,200.388
0.031916987,3.6283768521657525,73.39774440682103,795.8974764896881,59.41962913303058,201.733
0.022082413735215595,2.6456840265389574,90.32429962464492,779.3085430508579,,199.188
0.027300993421571364,2.980387304986218,55.200950316963734,860,51.94618964544552,170.642
0.019419732446488657,3.040693387,68.25329359650642,753.8995754,51.86477390953027,199.144
0.025085622670840555,2.4973792729262407,,830.6603461674134,49.125933335740996,193.806
0.034569429683707104,3.003314554268506,56.79910753283705,826.9829421255538,51.583897713424236,180.94
0.015194315663246478,2.7197774077357035,47.98186549321425,,54.42143072371707,202.088
0.021204668891556127,2.4782050987539535,72.57677611096052,835.9318679574678,54.20349490176202,201.886
0.025108225,1.9895791326960188,77.07366531717764,800.3789341776218,34.34923135,213.179
0.014150495487322515,2.320576611348513,70.22231027060536,821.0075577536949,39.30271786268013,228.792
0.029415087515090477,2.2071746123916656,57.56900779381101,843.8151053025697,41.47847477042903,191.558
0.024237455443019328,2.6128276422853833,77.16483544056358,777.7081995347382,51.50057262158239,201.415
0.027347123,2.492325046010735,74.21626721272371,833.0514885656218,35.03940591,203.505
0.022429832,3.4690640294204558,75.33300245545853,771.2885077108307,55.60551438549941,197.142
0.019086287441131593,1.7128078715529322,72.83524494240659,810.9897042647582,56.737052335696475,200.13
0.037887932,2.882100137,69.28183512084472,824.7671582872022,54.13790192415732,175.649
0.021330430174805622,2.6469532651386696,67.53203763124972,800.3534045998011,52.34145705547611,207.428
0.016241402331124175,2.9831572195744087,70.28018791618011,811.0478411,35.34656848219932,214.02
0.027717928461421903,2.3855376675053934,77.76948804358742,836.2671941321066,43.091042469220085,196.995
0.031578701,2.6646099177623808,97.00099496589834,783.5672739028989,54.191005932730704,185.378
0.006277814,2.3937303238254866,55.52269809734959,818.2836745172384,,210.43
0.030056138980301485,3.604509584813606,73.00568848722453,797.3959238,45.021289649333276,204.539
0.016337123,2.281944946180595,67.05745083643774,777.7766253516259,47.45279781502281,206.455
0.025487171,2.1936199976627897,85.09433787839652,780.4902941258115,51.55958001116073,192.751
0.012362786,2.605873560455785,56.98039342766306,785.9922779760672,48.34244110830048,218.238
0.026153732904438672,2.120573789,65.92447461828247,789.2635015,51.58533871727988,200.894
0.015389153586639354,2.781752865479605,77.84704446988937,792.5441653215386,56.23186896,205.989
0.009739688,1.5654079805671781,73.03397816775788,788.9441194125459,53.865128035837124,208.261
0.015407184588381669,2.0776957782904706,62.33191995253335,831.3533741322764,42.44491085998091,206.147
0.026466367133605947,3.464566902642947,59.89629593831296,825.4191519501755,41.383143130953066,200.611
0.020355508,2.463938759136765,81.05807176872928,811.3867854791206,40.95352549,214.044
0.024545649,2.7811771514510206,70.61402125865943,816.0922466782239,49.08988145362446,197.527
0.016489983,3.208763551190548,83.32386890423143,756.0007837851869,54.859131414386574,199.884
0.033635385129343734,2.4557954658233725,89.55546213,775.7052730895867,46.31313867281239,190.695
0.023639937329051213,1.3396884709358976,75.73605883968118,790.8506912,65.39812225374749,192.14
0.022747331,1.961650127322962,64.32092248200738,826.4431489555459,56.131335160682184,198.84
0.021303842394321943,3.1276098281427567,70.51530242538612,,65.17478775714004,201.812
0.020918504289159673,1.8770522240878598,51.24494655931386,793.0128532485074,45.70339256453687,213.862
0.005150514,2.1310726009289493,63.55253403726731,801.0055083,43.73956093468356,223.865
0.019011021,2.744395184726627,46.775256995385845,837.0313622373543,,199.272
0.024262947965472022,2.9310858510603977,66.07073611785621,817.0325210663268,40.234429428826175,210.78
0.021361528399453197,2.782956407712767,89.26384269172952,792.543671,54.51502936753016,196.537
0.021031607903051593,2.809864453156081,71.20886724967654,789.2639293377829,63.62611431243092,197.488
0.010631390592641092,2.119957365094567,53.876143766948395,800.7480072273394,69.57110634074733,190.521
0.040368924,3.5680675210807733,80.24144806673684,774.6352227843358,49.60173869469747,188.558
0.015137182755043995,2.4014527813686413,78.87387306,789.9792790154172,50.13217282981263,213.435
0.017365069688852795,2.2215695772121036,68.28932193045924,781.9714808252893,51.93626406,215.335
0.016055605687565325,2.7289520814666055,73.60772943758904,789.8718951426774,51.44038332777066,217.773
0.027465066114302737,2.4271949604423897,87.24303253805846,748.4305872925527,51.20670002950806,177.014
0.018648398281621043,3.459489091210023,71.84903843258425,795.2074124926827,32.54413050922512,230
0.022530567,2.921387914,66.259219,804.7786376687857,55.22176638040423,211.568
0.012038113425746153,3.1615376050130037,54.66198668648725,810.6183536602814,47.20077683486603,213.197
0.017246756,2.4951015368566893,67.94213328437397,851.9823703452239,58.160221028963036,190.922
0.019306577,2.486257394254989,72.90135592674964,776.0564954002921,47.201560285754724,209.851
0.024609329,2.828515899250736,80.02211975122232,798.8238176551008,48.70701369045489,201.227
0.024165814841223147,2.3243967868485167,68.75163005719193,813.7710482855342,37.647858971852905,214.954
0.013026079,2.220844394694203,75.85097518302048,805.9872612230275,41.05682597280522,216.585
0.023382012014013128,2.558969234287974,85.34621916604604,772.0256431831723,54.06383171225855,186.632
0.013078397388705369,2.365260291904598,73.9548497,796.7883803632878,50.17144086,218.913
0.008541828,2.525465706590984,79.92345142,812.1081924,38.938008892953405,224.681
0.019886775470899287,2.8081696361379658,66.46209826345468,783.3564994923106,47.24719193877654,215.386
0.025387927,2.3183900316976565,66.53679028128595,809.9736095141915,43.71845266995116,203.02
0.027420943099083665,2.9483212696797896,70.09547163,814.3755203707703,59.38967624913135,194.499
0.020352012088424572,,62.70127927777832,824.3298360141363,65.08697334208377,204.509
0.027625158155237358,2.8726624549323825,72.97670342970261,764.6549665,51.82095650999669,201.842
0.020512574,3.3691581760843414,75.07746765895088,802.3768727293289,49.79050343420588,198.221
0.026642118516798638,2.3623106870300643,75.09935689716379,760.0877087,34.68499205999255,208.372
0.019756792463254742,2.3769230557782963,73.29384056946634,798.5697138,49.632761116315685,209.145
0.020160637606734762,2.556569286696001,68.56199926733554,788.8963059781619,44.23051248845058,211.236
0.019388820990231488,2.6682487778359807,83.31529570750372,770.9772686435266,61.37236846340759,190.349
0.023835600751786208,1.5738472941638562,72.44755896313447,783.0170776849933,54.50451477753812,194.816
0.012958629,2.6294455175498572,66.08032110178739,820.7687341984673,39.73262019072012,221.344
0.030615022,2.6674115156010596,85.35770776409149,763.7023378231031,70.16335263921862,177.879
0.033768304,1.9716039739719706,71.79518137486515,789.2582289868178,55.32126944489295,197.186
0.029246886498201573,3.147799253672723,86.13475712555885,788.4093838293381,48.67524691717451,190.895
0.010028559738991428,2.6602268305664905,75.28017086331498,793.0058096582324,47.671213504741246,230
0.013303800308595345,2.3462527600043765,62.56216435162999,828.4109666007703,45.20137772724825,210.082
0.025373232,2.567738001459815,72.34856805704828,787.11014,53.93758752485138,190.898
0.017480408848631588,2.417071772139268,79.81849875228549,792.0820035063207,41.29434466757753,217.093
,,65.25625338226259,770.8878457683076,53.40685892469241,193.753
0.0156345,1.6052084202254535,79.13577498192814,784.6124803731233,43.44644755205615,226.659
0.023128567,2.6658239101719987,77.32075994532437,795.5267965796932,55.079918129282994,195.949
0.02330828,2.3233847840599697,,832.4114686383803,43.39331584250503,205.878
0.025222828182615502,2.3587539528291455,69.89917984758165,806.6691557019245,54.34351636289717,203.97
0.029411693417384942,2.565387059320966,71.57786740855694,,52.87610648950599,199.963
,3.226603389089139,77.96868211013057,,41.44128692,205.621
0.031338609,3.072337700826968,72.58710521182283,786.1418913289726,60.82479095813423,191.795
0.025251900592196834,3.036762827040842,84.55975325994099,807.6401497534482,50.51670582190917,204.524
0.022804973858440263,2.035969625499857,79.46443490047665,775.4392845552064,53.98705202489692,192.863
0.024564026592374544,2.4395457134604146,64.09630446787575,789.1232727852342,46.07427391434908,207.018
0.018829747,3.516533496,75.75039276963729,753.6352751209038,48.83120661687574,196.612
0.030529347828597758,1.578483591667739,75.60552146400086,783.0046846480865,43.544282508484514,205.415
0.008522554,1.544318337232461,69.07716258674637,775.5137879,31.061657513964242,230
0.024472996,3.2133822529123286,79.14334513019051,770.7108273034296,33.81637164873756,203.66
0.030953261987768484,3.176943538452924,75.24815367466843,789.0434014160335,42.92469363262306,205.108
0.021453545890749076,2.422222907137351,72.59866477862718,786.4654512,51.84030171923198,206.514
0.019598195351775156,1.7394587264501729,68.82300841252282,824.2170835280834,69.23586734935287,195.421
0.025072716,2.227691006826009,68.36790933689984,823.5239527,49.57419665701557,201.418
0.014153635,2.3445566280188017,89.66506229922621,814.1726973150187,50.23380257516231,214.673
0.02648803,2.6581370771075115,66.79936107845153,820.1589426064597,60.64573157295925,189.481
0.018478479,2.6314667418291693,70.05531998675934,825.4101497408835,44.678777089551396,212.401
0.023096896,3.6423034142847963,79.84093241138265,773.5419493132919,60.86525091761824,196.388
0.033713593,2.727894114972862,72.00286823638633,785.7434651,40.616549728894086,199.355
0.022162994953526204,1.9742982382018115,70.97823334,800.4906550695438,54.1325364,197.069
0.022780566,2.1504678907872754,77.90057934373479,811.9998773246706,51.806343605431735,195.572
0.031054259219431217,3.4718955701498477,79.67100433164408,801.7237179858255,49.71163128561705,203.568
0.016765215,2.847193625339499,65.17783592893949,810.9775418754114,34.53983354821548,223.033
,2.9248525965236443,57.290083607681105,823.3776209775988,47.63694067606554,207.048
0.034417682,3.8048208151692666,70.95701525,804.4169675149101,60.108335906813146,183.119
0.018117144658491763,2.2578146793742713,84.02980446630536,806.2997456247742,55.03672979813961,201.651
0.031540899,,72.52434945175408,775.6274211053541,33.10972558203958,206.465
0.034707956,2.006962514963214,66.04527891734031,779.7264533828339,54.702435138135655,181.715
0.005,2.8567745376650713,72.22192738575747,838.8208955161361,54.96216073802069,214.233
0.019274678319658945,3.149362405367816,67.34551558302721,802.7585350936022,43.599159304338826,212.951
0.016935412,2.0524269031018063,76.76965385410003,823.3007744645639,61.02750992205516,207.008
0.024738012787800207,3.2796706598065826,67.17748723415582,856.8843876621062,55.05064484566179,181.447
0.024910707156463152,2.556978855312477,79.56503301,782.8647430459531,65.54344336937118,188.322
0.03131519,1.948504011681564,63.62636329342657,852.2910667797111,55.185568664849484,167.581
0.010377913382438472,1.9554649805048476,82.88447933664585,789.9250544924744,40.86899539613698,225.039
0.020728074056830137,2.6253233858136116,62.785846093282885,801.8298570375024,57.69084759333836,197.133
0.018433587,2.091731555849226,65.08862879,818.9877772393344,46.396366575092365,219.225
0.017824257387190536,1.3493352107513563,72.70586184536802,785.6666956313508,42.93775647068728,211.537
0.023073081759149062,2.4837345680677014,60.29413465087137,792.9427968165255,46.7852731,221.046
0.017049618200397722,3.325537140463627,63.292098736357104,746.4845567557471,48.040652204601365,195.538
0.010304843,2.7593300442641997,67.24701359177747,777.9210005668749,39.02526407852732,222.094
0.011240953283209948,2.4886253368250544,62.41001535362068,816.5720574,50.257674375281454,212.763
0.023527718424886948,1.756161766988744,69.77451203399114,801.9353239546099,51.63029648668591,197.613
0.038407302,2.1522610082625806,80.61689166617685,794.5528469478145,61.22023082216852,187.053
,2.553073994559003,67.33448509,780.8988899736693,46.46823919700096,197.865
0.031170407939531655,2.490365281151164,72.24673072662242,824.5136684672831,44.54008613457806,198.516
0.022710090297514814,2.1717972007400164,71.12806128,841.2514172633698,54.881027006855255,187.194
0.029447764348189305,2.424657423752595,66.87490664490095,831.9389484999004,40.982767182129436,202.291
0.020754018335534398,3.222912393,69.40819443026676,805.2569752247233,60.25932780612985,203.949
0.028353200681393968,2.9117310015248306,69.65031020963664,797.8969287993008,48.20266856302009,195.438
0.016355061,1.7311012045673757,69.31290114999534,821.3624327183018,65.23125223627913,206.184
0.025218584,2.594525228400133,66.06423452182801,817.1679244370514,45.933741877955214,210.663
0.024118697768496854,3.172364052808404,79.92213337,815.7559663733689,45.508367148754985,206.525
0.017937347685376703,2.723814908253283,73.03108309803325,822.7018407702296,,204.386
0.035024225,2.964273714076885,77.48270534065429,798.7724744045664,50.461901958845345,195.764
0.026005523,2.5740661827425138,85.53430818671562,840.4018068496331,58.559256636880846,185.244
0.014612705199624373,2.138641893564798,82.37238872608461,752.9369462002257,60.58814347344013,188.279
0.005416663,1.9897141058361778,80.09141990880032,768.2968850993237,41.334798191554235,230
0.018679609526309968,2.641312975897891,77.51289043801061,773.001213,53.40666087124253,202.962
0.024578115,2.2627702490709303,78.19948344540897,814.9618422044281,55.13773831561971,198.732
0.026872816733841565,3.522709486953154,88.64222385765423,788.3437361731236,50.93444933796429,192.316
0.028230147,1.587625318252933,80.21552060417613,788.2936846762072,41.75087296071734,210.89
0.021588117,3.3335738819651572,72.41995725232734,802.4511407,50.485347846342016,215.69
0.009710046,2.3043053292926534,56.272086690880215,826.0741641,50.47883121701261,211.303
0.018529994,1.694525587166113,73.47973794982694,798.8086359191337,51.08005441127962,212.633
0.018719626090595177,3.2905569033891897,67.76161986233001,798.1921197464229,48.80445290266525,207.855
0.014691884527452579,2.467799381026671,77.16110858556465,779.5720792434583,54.55422508474268,205.729
0.033393143007979506,3.323392080349578,73.58199284640311,788.6819733695647,72,173.799
0.021649513198505683,2.1363654740331737,69.64857824398572,797.6297361902199,43.85957556456289,217.272
0.018581132238453348,2.6312156598820606,61.26962608583254,792.8595431831714,60.43407760459177,200.568
0.019784818,2.6055198024241837,71.81466482286733,785.7910848,39.82925029121532,214.675
0.020785071047793632,2.056877330127664,63.12481062735426,823.2363287,55.472930123122936,203.351
0.00833924,1.6838219023773768,60.02252322454931,787.3671960394294,50.28574473554522,221.194
0.022816741443334627,2.5600820889579534,71.48961307558059,772.1060674316033,52.39388019,195.756
0.040919618,3.3390979076843963,75.68736211013366,788.3149549038261,69.29192888369519,170.298
0.025179625775853667,2.107182853177279,60.95956557575718,740,46.48541455,188.001
0.022258458109959883,2.084420737268564,64.50214533880596,809.4144813313392,47.929478534693764,205.985
0.037537659968459855,3.268792387413294,60.99757533386539,762.7244944087114,47.32574261230615,185.163
0.033248396,2.816761549737299,78.97114626266263,785.7548996261763,53.37136097632396,193.482
0.022275166455687858,2.2206916164789865,68.61987859614264,768.0728873654004,45.25110705312403,200.999
0.030870127617814873,3.0128148260050356,78.15171477664153,792.9337421462006,46.37054164057445,201.693
0.017853788,2.0836850910453957,72.70712988895822,846.8509622378956,56.84397919690953,199.926
0.025656622447949133,3.305363286513935,74.71136724820026,785.2036387507185,60.87626846840614,195.733
0.020771871728979135,3.0027340906039477,57.51262103165017,797.1141494136052,63.696727415154186,200.612
0.022005069786264486,1.4860350516348588,62.57442679229863,809.6970758646551,54.16619817508088,204.557
0.026674500474503707,2.583861893265798,58.64496208120102,839.2666549022889,57.54404372232394,182.897
0.022363239,2.709598563788585,84.15288290374205,819.7331436554417,40.91665871678928,207.483
0.027014910936823112,2.2479596207943358,76.72450520450762,787.3901664335667,48.04231516647858,198.294
0.022177675,2.458887636933385,75.82137476052469,821.5043438,45.30462224599114,207.753
0.043802581709258825,2.7846152647341142,67.79995793,,54.781183361049116,183.585
0.014532700227630358,2.6936600016858527,71.78687710750192,806.4823279426138,51.06068296038777,215.575
0.009750575,2.4659637823129614,59.32969580589864,780.7906654763962,46.482842671424706,214.435
0.020981513939867684,2.979460612251474,67.48387573434186,784.5133191274836,44.16160996048181,204.591
0.016589361554910486,1.847954512327695,73.50327916695913,806.2968375059776,57.41239552,205.378
0.036009885,2.451800064354976,75.08367849220284,783.6420484399468,60.76028236854573,185.418
0.034626208,2.6994957012335283,85.81451669635797,811.6406735137443,54.55223736825128,179.827
0.013156839846586882,2.4174140295072704,80.77826521683784,797.1909841775481,52.51730743328454,211.911
0.026639815266833827,2.4524903063486376,69.81818015554312,790.8641532115504,45.66042985662234,199.285
0.021436059309681982,2.5355600123042294,75.10559872099381,785.5692887047175,55.70505845277715,204.773
0.013018545928722473,2.5281790478554065,88.08279531008307,774.4337365279825,57.71203049155598,211.617
0.035150748,2.3671398945581332,70.94773900104498,811.3285703,52.64897878,193.341
0.014428423178447924,2.5498259877525897,63.48053217197006,798.2016993324304,50.63724653907944,214.42
0.019209948717965195,2.5008997496609955,55.06138855025844,855.0127549747224,44.53266854041276,202.881
0.016626743974979173,2.2157242566202724,74.08284232416716,780.6785718574316,43.92532721742391,216.706
0.018636271596785107,2.3330525156642814,63.376101496822386,825.4146109935124,36.475761258156254,219.371
0.020136776313193754,2.2447859432125057,81.44059041579123,788.7575747735252,47.97761935234199,214.416
0.011056304262372885,2.192580246167863,74.09435364398216,768.6433540657733,56.64411934888235,204.056
0.013511894683086912,1.1785945364773476,58.46982814,815.5180115564275,44.711194078781986,214.568
0.021325275261665624,2.6326473801870813,66.63388727970948,814.5372600828994,37.024378794090175,213.637
0.021278663386663236,2.716509382,64.46490312664935,796.8859760829945,55.48356929254564,203.8
0.019506799972735047,2.418947485418679,69.20804083786756,820.2773459692291,47.407672495733614,209.637
0.026466662924931397,3.297339222638967,48.31336060867685,860,40.44125935257575,173.168
0.018801858280000153,2.385849030494721,82.97802043750966,746.287739,46.163088304959935,198.11
0.018445900503104642,1.8087798146234606,61.24152852795202,854.7413736406514,52.06132079923815,188.533
0.019920022862676072,1.7299873244087511,85.93089168560817,799.1578086724602,58.70383336531968,203.641
0.016375206086924395,2.3810244458367333,86.44129622,797.3947949462494,43.89999133626946,212.814
0.00866243,1.9278315467458111,64.24907681300658,814.3495822903504,44.65021273388959,218.337
0.028797941,2.074100919,73.14957113730748,803.2646128868539,42.23531480848753,205.348
0.029184706405812687,2.473460142569232,72.22041381131525,800.4141265848823,63.787393708857394,191.496
0.021832410212375645,2.4565427890195974,63.36998832052184,773.7073691879897,49.17563685682146,196.829
0.005,2.181411108181647,71.06733830962773,846.2806755590672,43.07900295823913,218.103
0.014898752228399013,2.4376839312014758,60.93016913076672,804.1828705434202,46.41001132792703,214.985
0.019031292,2.138475658778213,79.18721823365732,789.4853163364527,56.80922122218962,202.037
0.019529073097294257,1.7689722657583988,69.87884961907451,835.9917016265424,57.696363086360925,199.307
,3.241062769986619,68.61056259005775,814.5948958185307,52.93242620453314,205.656
0.027673724,2.9241992863127058,61.30028247693524,812.2186654421347,48.87411277542242,200.936
0.015998713,,86.49932130871562,770.6733179408284,54.630697220019094,192.801
0.030534659304041152,2.0305272040895153,64.54008413731809,807.2809538473344,40.36621867194844,205.749
0.024073151,2.433622023306525,61.67399672785709,818.7239637044555,60.77909401773018,177.759
0.020530477,2.265672593552029,62.93077347969057,797.3285577217559,58.76628652498391,203.819
0.024088713,2.1546127997517033,80.29462075740372,786.0534606,32.28878798787247,214.518
0.025043756411598388,3.0977493446827826,75.38557119956077,822.8906157060848,48.482527889677826,207.461
0.02332496,2.1500960248630405,72.83355957284869,834.0916173138088,42.90403882654493,203.994
0.015136663,2.943888509710793,73.59397780590358,827.9783059915703,52.74164596889746,213.741
0.03336602,3.1258426919644626,62.48142526567963,787.6789015374661,63.082223423698174,179.19
0.022519809283441366,3.0846409550144642,75.38854094825855,758.9920858165723,49.71141947200725,198.737
0.021084499534713034,2.1663521402502712,73.98937457000407,779.4702072250878,38.356936900714146,211.753
0.025725976099703667,2.248996774724292,65.94882802114819,782.5647014505628,49.799050649519984,208.076
0.019532228578670457,1.6880344583571993,64.55930097062361,,56.02420804667064,201.092
0.017300992307688095,2.2862505981045333,66.33066475125092,805.2310024710916,44.82538857134669,209.433
0.023096281584949013,1.8790515147840843,85.06175316797196,769.4712066280115,44.17882609,201.079
0.042862901,2.5074538176843255,78.94490336037025,796.4017432,50.57513654906358,192.332
0.023810004156431364,2.027785693092553,74.60014223,809.9949572846591,41.25495484,210.145
0.026900456199722703,1.423215330212392,79.15179209,819.0548368147496,64.26293065939834,188.604
0.006842384,1.8947046631915212,79.34985810018169,778.0715110186344,62.372431449794895,208.415
0.028217547,2.5557367752087026,62.782297916944536,839.4936486522992,46.26776820246516,193.744
0.023850465,2.450613320369353,52.24821052888082,807.5072081150237,59.02023474,184.472
0.026230741,4,75.05344862,769.3322865229276,35.11984670588471,213.027
0.037686548,2.4475760130942392,72.25505214370231,834.6840896383375,58.969442109855315,165.699
0.020682048,2.6441609153259797,68.76896144847942,814.9594497417991,55.87050728857555,208.192
0.025348953809096214,2.238733236969432,75.93517669703236,793.0991042542153,34.83042994,222.388
0.026353707,1.597330403329917,83.76374002952365,789.9962215761899,50.20747651652485,195.43
0.028714557819552178,2.4220585174921485,,807.8733624,38.95423519516295,204.052
0.030115089,1.8829455009982996,73.87944770488615,771.0368405480278,44.99026011277452,194.39
0.024866854196152328,1.794004155702358,74.73463525835714,801.2460209863367,45.23701024889956,207.688
0.028558885794604354,2.9101681537666493,53.81807046814666,799.2421381,47.55083536175466,193.887
0.036049494,2.3341988171214885,77.71875993326006,805.6262972323651,65.71411709374063,179.509
0.025585936013401003,2.0471735163831313,63.74087992015519,830.0015952838324,41.50819079908901,205.479
0.018592617070911335,2.1461341358014656,85.65338710049409,781.6886139650959,,192.558
0.018448451902497873,2.7320733133414685,55.885975310590766,860,52.513599140321936,188.442
0.035810453,2.9286062050969632,66.06403294779354,802.4636231116081,44.13793627587985,195.092
0.019151885950722817,2.2509914649445903,71.85249991,774.0658457229866,48.14865397995716,206.331
0.022198211,2.641269607716039,65.44501517,804.1347115,46.70926601615881,199.723
0.027444750034055602,2.707446403610256,83.64528637970915,775.9203549806987,58.58335024305314,191.953
0.013336531557435067,2.719477468285281,73.83093917281448,826.4402059126685,44.94752156238018,213.481
0.03226496,2.592210367417851,89.04086991166066,807.4892996154317,,206.271
0.027250314225337205,2.523566085245309,51.517588251677815,841.0801902872315,44.441286407407524,187.619
0.020305901890999494,3.4578294901576143,65.21589061082577,799.6321204572855,61.25203579652167,204.098
0.013088453868467525,2.9154746000925957,,827.0810442,43.73750981783634,211.559
0.024182238724373174,2.466539619415298,88.49928006245915,798.3296607640374,47.986354733145305,197.985
0.032929646,2.4836620586466918,99.10060480385735,740,59.88962977821055,156.606
0.036217316,3.338307245915557,71.88704463796067,783.0166827074491,56.12915675939394,197.651
0.031750408642724194,2.0385048291258885,73.71998362808371,754.3420149,49.43700652541215,187.718
0.023693578325398888,2.0286548977210743,75.06881170810871,822.2428246352439,44.09154565493631,200.932
0.025286488,2.9572187698153667,45,803.591703,61.63618048800363,193.117
0.021590759367352517,2.0872769090925534,,810.5953854861915,57.12172280054141,204.666
0.029636899,2.7079157609246383,75.99912026122541,799.1671250970265,39.78451105916601,205.853
0.030031489061297677,2.9806904463015296,74.68391572025827,802.4241819,58.40643332173865,194.796
0.027088778889575213,2.4745023102545467,81.66972104361182,843.4497958650006,58.1006275,183.021
0.023970722,1.9968051250464438,65.12840516896485,831.4804496192834,,200.207
0.034112516352180655,2.0727956294854466,71.91475886427818,860,52.054130729190426,153.991
0.027433583065341847,2.2936224771884293,63.16033464725918,816.0203447214046,57.44946731871347,198.88
,1.9305794795010514,83.86195703518014,822.8949756308568,50.037894463151545,200.177
0.013439155361170806,3.188243265639077,69.32501424042182,802.4381759805859,,212.34
0.024398050296397137,2.371772752868851,46.45789527491277,839.3939889065749,,183.064
0.011682816667991903,2.190643714364829,71.32692964503512,816.8741012063316,62.55920552511768,206.932
0.021652225994804777,2.4620527234696024,76.04661964864795,795.1021478363701,53.48719651,199.506
0.033728668,1.8979455203098867,95.90971746680277,797.7886214441469,50.79881944626506,188.669
0.005,2.6647495453965804,74.61778782832185,785.6233219455308,51.40825260684443,221.695
0.018893691,2.463712291165114,82.01432925196306,826.7694199,55.345647448791546,203.258
0.028446768,2.9741071512634965,81.32212004863582,780.8514042167229,43.22474414787198,208.496
0.014214647938246488,1.9740773150793287,72.14235787020583,822.3504517467044,47.20374593128982,210.463
0.023830592518321064,2.613862886817646,76.80629992724171,817.5930968975257,32.842441776354676,219.466
0.018889070206612776,3.0043963632713466,86.55873688297106,812.4998293786828,33.07784298120076,225.321
0.019518700201479507,2.9449051730311613,,799.0800763375902,56.63905017995189,203.273
0.030414992,2.6446637710864698,98.23693428318519,789.9029710094089,54.392207380947326,189.722
0.019021117,2.1978836802576565,51.73119247750626,813.1555081988604,51.566969900604256,208.164
0.021514460768452103,2.749102030922468,59.942119899609345,810.6832602355987,42.76923567730823,210.126
0.032920839,2.499912779657862,74.09480641,809.0496176944653,54.41960597507202,191.678
0.035117142933926176,2.6424690202792926,64.55536516755026,806.6679704133405,58.43989718383531,190.6
0.023513305669497366,1.9297660387995066,66.96347341535952,781.1166065882875,55.97406735430691,193.519
0.021658162659284826,2.4971755674812193,72.34937087907522,787.5708574360882,57.77639666046742,205.032
0.023089858162798734,1.9755174563064806,72.85042093,785.6217438930894,53.34296487873221,199.618
0.033826248,2.3370500836059103,83.57614840157491,820.9624522461295,64.47604651248602,175.783
0.026422564334851364,2.9468831373543933,,802.3471670895677,55.42176033950244,187.329
0.028968817611986615,1.8889658678423513,68.24730807303763,813.9782483329265,35.65686633049334,206.915
0.037942568,2.6639462968912895,69.42435459717626,841.2609193350772,53.31478399583466,168.386
0.023647223829575993,2.401475654815714,93.95642164862943,798.9986266943057,47.82526146905595,207.797
0.020667051,1.5522491867263035,52.67130988,784.1196071707883,49.39331986652936,206.511
0.022719936703520793,1.7944834733868886,68.01796407406361,775.2130587117458,65.16082918596722,201.709
0.032296944,2.7315185685868744,78.43251981,793.4508486169684,38.396784957475774,208.546
0.024044555283105395,1.415405191304571,79.28454007436527,808.1059531026751,72,183.347
0.029734216025069444,2.048482093828437,82.14746080716593,783.0667918721864,45.65031325027974,189.694
0.019397814345785754,1.9070186541240617,,794.2417574233333,56.72480782780073,200.017
0.01173843,2.824117090615822,86.61803248,752.1758449493393,48.228944406160736,205.39
0.026021185,1.764631159329639,70.95628355974729,826.9132805306683,63.78567078906384,181.883
0.015480874010165303,2.656224625503412,81.60587497,780.6057138840238,48.75601530681705,210.385
0.027806921,2.783384468288673,71.64540886474492,801.3492738,57.54568452357784,196.68
,2.801070346827815,61.47184807132718,816.8167196510936,56.61096748384414,189.388
0.017432370992382776,2.0056913066762574,80.97731301,740,49.309726726383396,186.624
0.034073089,2.7880779893610135,90.78885245,768.2068410069758,55.67837715278395,180.996
0.027404448932451912,2.3823112415736585,87.25463698908904,788.7043176793184,,199.02
0.033077423,1.2765739793910538,74.33545000071979,781.2309978708619,60.41565231580826,188.808
0.025314782314418156,2.058036019755037,88.85994586852136,768.0623452527262,44.18240817179329,207.444
0.027615701,2.8095338551657214,77.27204183,814.2525079160122,57.14958186566727,197.395
0.028626931501716888,2.5497405059317515,62.287269504453235,833.7100212648076,60.840935124046794,180.804
0.02663455,3.1046363934270946,66.89266732729033,807.6783996441093,47.39678644954214,206.6
0.028608426918107863,2.8715598824810495,85.74991896093118,821.4916181303682,50.35742585764548,199.335
0.017028361441817016,2.5837218446406895,75.46315205749244,765.6044846,54.75875507632526,200.15
0.018464349,3.0188752730537067,81.44112232922421,801.2544879,44.61719121740487,211.601
0.027078385891911323,2.6750793521363008,71.47720862,776.4446110918667,52.00887776098195,199.436
0.025248393,2.4336597811266025,68.91743197842544,828.3256717,71.58973591911892,184.435
0.015411505,2.825593977852024,76.08008549118811,815.5017816513712,43.69837314442985,215.48
0.032399573,2.481830963795398,89.29018852228005,753.3724881069139,41.349229179935776,182.518
0.029485110600118845,1.5770177963439131,52.19473307246349,829.7391243231705,64.4026121,173.332
0.028577448713696434,2.7362443829336733,89.42246571,802.0451121590776,40.06793272082205,196.474
0.024061477691040434,1.8142103199161308,74.08029817,815.1069781803551,57.880667146179775,191.002
0.026993014319183835,1.5723770812729474,65.62531883833762,810.8005985316894,47.19548065357318,201.946
0.029357225,2.2761906680534327,60.78086277699761,827.4883397238629,47.687266315702786,192.055
0.023849639268199455,2.598519895858748,78.94245164582382,820.7287,49.91380639840109,201.613
0.018932429023384954,3.1067441042474178,63.96558649253351,808.2877677567551,68.70331524429443,185.521
0.025632759537942477,2.5003098696876105,68.54109892,815.0529165,44.22393935966744,204.12
0.019264915536696674,2.1069634682393126,55.22133546,805.2613626782037,70.49934481779987,188.523
0.033599271857792205,2.997790677825314,69.53512042388428,778.1394407001707,53.113681937670236,182.924
0.025021475547212357,2.1265286758740354,73.25285857811393,800.5090304723327,53.40077223144802,198.158
0.024806006038167124,2.0539386372959796,62.758422044779294,810.1975304,42.28183396989845,213.006
0.023718874,2.0616790470744335,75.40476268861481,792.0462040606427,49.737129511969144,213.731
0.030669943242865292,2.7872171482666306,91.15741203706175,797.3159059666602,47.58012656606458,197.844
0.024869020383427788,2.493616615,76.21782963,776.9869165612948,54.94870091108375,196.208
0.027678823,1.9041449855029113,62.30936646591342,775.6596634373986,36.715470625158034,201.895
0.021772828537820574,3.0710705811080654,62.08619843099379,822.0019183478782,48.41825041334419,207.095
0.017057454551430887,2.1952162292833193,69.41880291,819.7989295340728,40.519829501404026,217.434
0.010477783,3.651970109509843,86.84637164802646,788.0158302505989,54.96999048163116,209.713
0.022845284,2.4814043635925134,83.34057441,818.4954752539213,34.28192529617956,225.645
0.026161063344016917,2.288048563726435,68.90368445390006,802.4302043907327,39.76808951362713,204.082
0.026563603584564634,1.897669893475559,69.32956366035513,783.4940696743847,,175.243
0.027026892035996824,3.140891965335004,59.39448115826812,787.043297,59.14197526608547,199.895
0.025722451,3.1785034462879587,71.37324958876557,810.5733752612477,36.88492084732126,215.807
0.023073549,2.7267231548853963,55.009824058819994,854.3102664058974,45.58079826,187.562
0.025496282287186783,2.8588448261412265,73.91089219325801,816.9391902037213,53.39023813928165,190.601
0.029951265702465667,3.127079016011397,67.80083068787613,813.3124784384948,53.94738426557965,194.427
0.018873428,1.8557177307813162,70.41238762969563,791.8799662389702,47.23734163597783,211.954
0.033041916,2.496945949945691,56.68109394206104,850.4018578,54.33867522404843,163.237
0.027918996996923462,2.3418896019409656,61.117141376005634,740,50.14808228714612,185.917
0.023900384169411988,3.0952679093865516,76.16208799821314,780.7244454193326,46.736752701388426,205.57
0.041986629,2.572732052146013,72.14931630497591,794.4421331102836,55.71468597928483,191.373
0.02632928,2.699423502084957,95.80504991146822,777.2350879609966,48.461797792689325,196.75
0.022612146,2.995037413436526,92.29250447,785.4107261502021,57.68077035686663,202.022
0.021157289665555436,2.5564834314271736,69.31760556489068,847.2535219019535,58.26382057175801,190.086
0.022982734342802916,1.7821459090032998,67.56439897537958,780.4177895378931,36.5371493,211.816
0.038428482,3.828399744892379,73.60186793525104,790.3799799,55.30003898,185.703
0.029602558,1.8507963076581126,75.20854155501813,780.2641236,56.318596392695866,189.913
0.022272284227186107,1.7092043829047041,,802.9503734428729,62.74139393039594,190.775
0.020958035480092455,2.355892530797488,75.47211311997216,806.9659002586432,43.080208385079196,215.482
0.028110870980040503,2.6723574486737953,77.28904193,792.0849609,54.74080931504348,194.867
0.020305041,2.5556656224899474,75.76283541076094,773.2772163186595,49.30879642034525,208.843
0.027075019983685163,2.249463837321203,74.22104854340162,793.5425565831803,51.7215319,209.258
0.021573362057452066,1.3078844129406342,76.09875078,751.1898572231607,57.39861335,180.699
0.011583711,3.580708675720463,71.72811114891337,,50.01588656848926,216.441
0.022886443410256963,2.3463989721290504,63.27032437415682,805.9066818193816,61.85784770126309,199.99
0.023997467,2.171708325,55.63481321639132,790.9028737730027,61.786375164433636,186.86
0.008525175,2.334087671163374,89.61407756,799.9458342373525,47.82804453,213.711
0.027886768,1.8883740661775816,71.93967548995096,,53.61771331329591,199.602
0.029300876374150756,2.6846613193339346,73.07780459704448,790.8888295,51.207650264991415,194.703
0.041342707,2.7511646791197824,67.06146951839455,803.4944236397794,43.05015549,193.02
0.030941050811330032,1.687525624619345,76.16954435770734,762.8485276967436,46.05047968357757,192.174
0.015073132780869736,1.0699358126926166,78.11630242180482,792.3718816329687,39.81314499396669,222.158
0.027532126217674785,2.4489276407970713,79.71619376515542,860,41.856531295900425,183.378
0.022268732660099586,2.9992200678647887,61.12727923663646,793.9089862760451,53.66468339135878,205.547
0.033291409194779076,2.8417954548244904,67.45204826084971,828.0897627591387,48.329203837071205,190.851
0.020521892,2.480420707688552,65.19564766621546,800.3259474603606,41.26142421541143,215.413
0.029386678,1.7077370298794676,65.61487625109697,800.8079211282883,50.538468292007884,208.362
0.018618001024458215,2.4131510740010986,67.74586936807258,845.3694794997505,57.163132933874735,190.395
0.016525042,1.7232455147514316,64.59993927794231,786.9453427545117,66.94153944007056,200.771
0.036067015,2.6248742682659723,68.71024188561653,787.2172697191818,50.88578299523463,201.639
0.029769606431281827,3.1273194247299276,87.37721964629395,784.4758450721487,53.100517270557916,194.932
0.019974125,2.4604163120319873,61.73251752151677,801.5980627401284,40.00720909219612,220.107
0.024097156559183226,2.592930404833206,72.30422929949026,837.6112716215958,53.22694011454307,196.001
0.017855309458969456,3.5545405727259873,85.99359518230271,790.3615937734004,40.32134883801991,216.352
0.024329117204273193,1.4602639966727018,68.58333694162195,783.5210362221655,41.502648465053575,210.139
0.020578456898911558,2.470389800846698,76.93462706829438,757.6498149155763,44.70008539169834,202.201
0.027347665011848526,2.637940184721822,68.10196302256306,796.5200968582637,46.147773697568304,213.916
0.021000627770555766,2.644941528891921,65.88709155983061,781.4937023,57.74638898720023,202.447
0.032038291,2.3737168852609623,78.25274649122844,803.7267031651329,51.93093122200907,193.932
0.028651788,2.527252168311496,81.47892827010305,772.4339400757293,45.38269459348412,200.748
0.024013393624253455,2.410076661387967,60.820652816233164,825.7320792835924,41.408716430032925,207.691
0.027638919,3.6544941554048913,71.27219847,781.5012607811237,,210.618
0.027781935908564908,3.029756802055907,73.22012736657496,780.4245138694226,53.04353279271786,191.35
0.031789304,2.3789082646163484,87.25917675786256,788.9911735,49.88675489316154,200.014
0.019824715984136345,2.7447068142343545,78.45056094546383,827.8216909334099,54.91871513656734,199.383
,2.131661923,63.363000348651326,800.0444339456026,46.696268836677824,199.347
0.024786128150591207,2.399731541222104,72.77841102552512,820.0581437102575,47.81208701005937,207.777
0.025530972543884076,1.8390740252237272,79.18931125,766.3056464517234,42.701828817528124,206.086
0.023231462,2.271806572582649,94.47832386785237,771.6888217724436,56.518460631181306,194.039
0.036027094,3.0224381788131525,74.58768638398801,762.0313633,43.09834172,187.84
0.029689138684624073,1.4628138833798037,64.66253987409792,812.5585302200856,38.480364658624254,213.223
0.022986033913359946,2.584884667679408,78.44343032545106,765.9886513,48.29656835748223,208.354
0.024211851,2.416167400727631,74.93317951136929,806.0800998114837,65.29467232406807,187.095
0.015098658951250274,2.8011389596339225,83.79672659,741.4297859120932,34.62019851354278,200.23
0.021071558209950794,2.8138020080529547,84.72162571733088,798.9754177840773,46.79678148709912,209.845
0.024495287079840264,2.4631497309800197,61.59514767496994,796.9428942793927,39.46909714898298,213.481
0.027256582923020627,1.9229041607491641,82.99898837753746,822.0136164614303,47.51764125948415,204.377
0.017246106,2.835270713614351,69.51763537625678,759.8091093110721,43.81009150017564,207.723
0.025163854085525697,2.7728109865815145,76.30853506052011,775.4071656439129,48.22401728424196,203.615
0.018305668889413935,2.2665680394077885,69.45873055011872,809.9358638662098,51.32297866113084,207.702
0.017446561692138894,2.5138798395391038,58.10760385083472,837.9690867519042,46.63704327996489,201.191
0.020555719497215685,2.1362698534985207,75.63305843853422,797.1287154749562,56.77136895955815,214.98
0.016548776726500992,1.870509693372035,79.87253191276838,,50.38048559,205.953
0.026481386451884886,2.282987355340948,79.25858867,794.4613585286131,53.80755677803113,198.43
0.019640930953310237,3.565190051735274,60.07155851024618,814.8307467092582,57.59619221856783,203.039
0.024198999,3.0982861762008227,73.13752537298683,841.7841377696614,,182.483
,2.2984586692569704,64.94115760385854,831.8657098331399,46.42838020080175,175.282
0.026040539989997134,3.2140351916139562,64.37005863609812,842.7818504512051,46.678084341237565,192.998
0.016298317992155975,2.171317269895665,78.92402449480758,766.9500883233279,49.15172726520013,202.351
0.023842765334711333,2.5131415373014963,74.78085629865511,754.5166391,55.39479711653275,192.041
0.027305336,1.6217161773631028,62.491785642828624,779.2475894434517,,201.295
0.020483905090830336,2.346475439576912,74.41495618460719,792.5825832383401,64.47528518748264,202.678
0.021728838,1.9509847860016762,62.88280177338228,812.5543016862986,62.08138257323049,191.436
0.033076146102339374,2.7346182802690686,85.90005547,813.4146215053356,52.830568793025186,187.817
0.024528631,2.2397125294195233,69.27358864701195,765.1396481643786,43.62602913628407,203.7
0.021083157,2.941436108354938,84.07084917041676,798.6950603316028,56.41060805662052,201.317
0.026630006,3.020531730216116,67.79974045030333,791.8869031943858,,201.508
0.028612431,2.3502039251809976,62.32556213247088,790.8122805026738,51.39818199444902,199.392
0.026472108,2.719625499184721,69.49664698838718,812.6475362,43.969068814572736,205.43
0.034976254,2.10185653,66.65595999497742,783.3406938264549,50.95903096812173,194.685
0.023120716741532963,2.4783536696048043,77.99217390302712,803.8989750456559,51.53816098074661,201.657
0.031053879297087743,2.665676490151054,74.86086725,844.6030860392066,48.98985448075737,170.183
0.019321790732548524,2.5199995662603722,83.92004588007984,773.9774363968587,67.22095441930088,193.389
0.017651070443063178,2.1524551125824236,83.38783379420369,782.2035111219266,40.11774379057504,224.24
0.023444632245680257,2.830150729974902,90.13513254991037,774.3026594427919,45.61407838789442,204.174
0.0219757,3.021970372974534,74.79278953078078,787.3450241690504,54.13855161565706,201.854
0.011000199221148838,3.3304942000650293,76.24419959,784.7535866267904,50.218061062615504,211.775
0.030725581384333844,2.7810099778531905,53.20765511359656,829.1236647,47.46342490585798,191.867
0.023081248,2.051317,72.9751847,808.5273046832332,55.444848700956996,201.844
0.023311957262630332,2.1794831718596654,72.86011490174515,818.2766382,46.87867271279464,211.996
0.021619676,1.8452137053332494,80.78808720055719,804.2981759,47.53326604448839,215.092
0.027706686264094997,3.0189256712671484,68.58226074746554,819.0564822124012,64.94191557091627,194.006
0.022287705008282963,2.6133088518783976,60.80612294170219,802.9451437858007,51.85406484162253,205.002
0.014221591384438443,2.197449335,74.07369656183579,790.8665334169634,48.10839974563169,219.013
0.025035566907041184,1.8061447033688944,76.66113563032376,823.7025335162002,32.07160434,216.065
0.016950489924080832,2.7009458345940973,91.40338642961137,803.9031182177604,72,185.238
0.022912499638080626,2.323752906126003,65.72408579469663,773.7955165729712,50.01860966166706,207.599
0.024615867387492815,2.6553520796585492,54.19558073241292,823.4078142226375,48.34791238743998,192.863
0.026087602428299814,3.3265412786944575,70.10383981297261,776.6718700773423,,213.029
0.022340083043245623,2.4196120903463227,65.55029222860412,780.7894195613095,53.51777489174038,205.996
0.024530098,2.302218552601243,73.64546627853676,825.5069908,51.2821514,201.603
0.024027997670605986,2.682140934162312,81.16204387545474,755.9915905891113,46.341198860092426,194.69
0.021320417113144044,2.826097060331753,80.97809670208794,772.7318264531486,40.715963311351054,206.669
,2.347546520760933,74.87530898835671,780.6358141811249,60.26049694338005,198.505
0.023617851,3.172559548,79.60393477362099,796.5561624944116,60.42149418642554,187.833
0.018500392,2.302049769241667,85.42654488,780.9165906615048,46.26906893663656,204.969
0.014976245386395791,2.3042170795522305,77.73344715557198,815.7360176712577,55.49038394043912,208.602
0.028647714977807465,2.575229309886008,63.448128145916115,805.4869756226317,36.54538092478259,212.213
0.026839776356297692,3.344495200679839,58.786896262354354,851.6965696133166,41.63453089896106,192.719
0.016831259,3.2471714237018734,,811.4598271889853,58.86944874330179,199.545
0.024875261330974344,2.974335731385831,65.76185851637939,786.8744454636685,50.77439249442177,211.899
0.022038603,2.157430492923112,70.22250575753755,803.1466726824382,46.02433514809039,212.351
0.034514454430982985,2.718634995421595,70.20912088286829,784.9759564561745,38.99981248000191,205.071
0.033754325,3.276534704602095,66.14318510797196,824.1543604590455,58.70718453362382,182.109
0.034901313,2.299317096628386,57.937997127533166,790.8153535820904,45.09119723968163,192.885
0.023697369548424958,2.1117661603551525,66.42343205942963,806.5396641019317,46.82418867514033,208.105
0.030249565771405546,2.2507823006924257,74.63027547272443,804.5930177475113,48.87518632266101,197.879
0.011901111184910971,2.5504961034578826,72.05447183039438,772.8214377053714,41.60488982172996,214.737
0.029475805533553827,2.711129968864122,77.82611627665536,762.4858210010954,55.979874358326484,182.021
0.037427331,2.661585497,81.22185226168511,767.7931836006097,56.126921011977466,181.252
0.02670398,2.3231326271591803,74.64491270645378,784.2026084386839,54.10586576802169,194.989
0.024281654,2.795084336077407,56.24474511877795,830.5045903300622,47.44730716973903,202.767
0.023091996,3.0809205133073374,69.68491460223618,785.7272465857878,48.70366249806915,197.767
0.016171089,2.1607001398298773,74.74523653,792.4812990258987,54.78508230112092,204.491
0.026490700740414385,1.7086173970567837,55.83955703729079,808.7013686,42.72675310423901,205.938
0.030076312923717635,2.096318744369755,86.79078443017649,790.7631451,40.92616970295121,198.955
0.025389713,2.907673223175194,79.03028033,770.3310962416094,47.224259103493175,193.112
0.027554539151809443,2.8562392718091494,78.80542320221893,783.3615615671305,48.18536198107438,191.667
0.026587975453001223,1.9885137450176587,66.88650206327347,782.6092640916329,57.08978289648692,190.515
0.019730693629664384,3.0270675313558426,65.66023149721563,813.3881621034423,43.21103106868397,218.088
0.018175462904594403,1.8243878386425356,73.48700834620931,803.3595005420104,49.600658509567616,216.751
0.025945295753642496,2.2594711745474907,73.51535939101421,816.1436362616885,42.20322690666871,212.16
0.011135487473108772,2.373628180186793,69.30945778712916,796.5880627754381,51.50628601344038,210.876
0.021861247935332635,2.47987261,69.55067688999097,820.4809291898008,45.31124430734678,200.248
0.029246588004097115,3.1718236281454693,83.40846709,794.1632404964671,,188.477
0.018146148,1.5367167945482896,60.983680862940524,823.6199370757253,53.57977360225075,203.972
0.020815247,1.6146759014349619,93.68231243417088,,54.719529372000046,194.462
0.023425424,2.0149675154117093,73.13235244510126,,48.79675828315084,205.976
0.028235926812826037,2.463579322568837,82.84896924157505,814.5671456932347,47.65823361314894,194.281
0.022127643,2.5052635351987163,64.64614807624925,819.1408039449108,44.168263874326485,213.036
0.028451246084453184,3.4715486346039883,78.96173148,803.1502934109923,54.425750575551476,194.296
0.037453752,2.9657951518328125,63.15432485374658,806.8170160409505,39.89444780296625,192.428
0.029799933,3.7359122121680004,69.42360509667124,808.4758194746831,51.590529504163094,192.998
0.025736051313424692,3.1479300606751135,70.04922077199512,794.0911035033523,53.53003727204234,207.42
0.021877588039523055,1.6276847858549346,60.36451003134794,815.4525814529278,40.27583137220624,217.74
0.026337085731864163,1.3800024353736158,59.184862361473336,,37.877473823587295,214.172
0.032653433,2.416087912585791,76.58411732763855,818.2981336391031,44.636482524763856,192.657
0.02858568,2.0373430639307815,82.07492805,778.0256698196209,33.64906150265047,204.282
0.026682566309555695,2.446293518213024,,777.5215818884282,43.46579987338658,205.681
0.017684396,2.959896168824621,81.68168780488627,801.3094903045989,54.79813473,197.881
0.022968441899632187,2.4420916472292715,66.52742181,797.9193447254356,41.670811079562625,218.3
0.016785708655457632,2.8666114832446086,72.11552630393905,801.9742349240283,42.043511823643705,224.954
0.025773688,2.6659997929094654,60.78513800504402,811.1595254,34.02994371242103,212.201
0.01775427,2.989513256261812,60.71986164256573,823.8332561333076,60.17939771131012,193.892
0.033625471,2.6258743749928923,75.30149664041811,753.6524024574999,48.88025677323823,188.768
0.026412868,2.8753596108894466,78.05376305602714,837.0284399979249,65.56161871239395,179.679
0.027685255,2.6456852302898883,76.74266977685139,793.8799216222214,51.10395314396834,198.922
0.026010843790481332,1.9237467047631651,70.90191294053749,808.8068539206295,61.70492817895035,199.592
0.026514851015903187,2.722928008,65.26130013763559,804.3265010147989,47.46663701322871,200.028
0.026534078933421672,2.088507308077295,60.60056669063498,802.4359778,56.34528214987436,193.173
0.012214342138593895,2.0245271047983393,73.37589810004256,771.0741003858901,66.28808254298778,201.557
0.02606438,2.390874129420466,63.98241573633556,803.2018291055876,52.52422302,198.773
0.030404595215228362,2.1637959990546505,71.57265525603904,812.3237749392952,34.09529871982145,204.925
0.017568243,2.785760697324925,67.89066050879272,802.4551376462854,49.16347538001615,214.797
0.028786506561741202,2.340246627350704,69.62514229862892,846.6309042309242,41.21858796336695,196.234
0.017863175,2.0198341469664074,78.02522955767492,840.6071732661335,58.469477411576435,196.581
0.016155807,2.3952829818926924,63.491204442738336,821.8229590078755,49.68278312030384,200.167
0.015638536936506006,2.8071365512569377,64.09859830185493,809.0902628408505,54.90135334,203.42
0.03440076,2.7709551942775934,78.25291030040756,811.9648414,43.283367689445946,202.029
0.028299010771620982,2.466610448714239,85.45469787432239,790.9426234911467,56.485292802364754,189.225
0.0235582,2.185588239128779,85.59460905466504,782.6729352271998,57.09784271526987,198.096
0.015276824,2.195079331559484,95.77246886404865,775.5943891222262,51.30991880635467,204.831
0.018873987138461078,2.8747494503008038,74.41426094760364,822.3788183322479,35.87312503133435,220.622
0.020545870246954943,1.8238669928267666,69.21649510890101,798.2523022512178,61.89085002617785,208.31
0.023953428,2.1930615743371096,67.02905228506982,805.4430504029905,,204.816
0.026908689034853148,2.6303312526919336,78.86539796782696,780.9576378874762,52.09496230792481,203.346
0.035500791,2.8324977336326973,67.72393731016426,762.4588301126112,56.68949805305903,179.022
0.03780405,3.9236035648845515,77.79129265882085,760.7513292927702,46.29643306380768,184.796
0.029069286138192214,2.2273882857894884,69.02192217126232,796.5527768376346,55.352115782703876,197.311
0.027904048547895962,1.7428665960862366,67.03095184908626,860,59.95625744531574,172.372
0.014724946247932134,,82.51042372262059,763.4842694,60.79379637828291,197.223
0.028904862841702333,,74.66659621941272,,35.46380721961045,208.321
0.024845201411480132,1.9177995517543531,74.78107662243751,786.9487463845893,70.38403003,192.382
0.025942731,1.9636790127569517,68.16046031,830.8648380105294,60.21402471666991,179.441
0.027501662,2.3638865548203825,78.11664322109226,815.1126124119388,42.25916362930882,205.314
0.016632169,1.8003059319888313,,819.3400253,46.74416419744225,210.113
0.019629577283529712,2.7342922178541715,62.136331087523374,805.0599087615827,34.72534817930006,227.973
0.016281515358389776,1.9996080919865236,77.41184211145465,806.8287595445186,47.83882372365424,210.641
0.020137941745182318,2.3467079637568293,73.30335943038006,806.4178564474594,45.90671679076676,214.409
0.0231693,3.7467698224011166,69.45373293179352,758.8269165404843,46.67230222961428,196.694
0.020628522467173296,3.1693544884408142,74.25202424,815.4108077740556,58.233523154444676,207.756
0.03009638,2.6596383041672187,55.223884454590504,792.4988023844767,67.43860512,179.386
0.017577073,2.7264915309728948,85.70579971025138,810.5366653784619,41.945523797873584,219.481
0.015397271880741395,1.6786193658809836,63.750022684813636,825.9432804925624,58.66160445469683,197.379
0.044245946,2.22112189,60.68777922409933,814.0113475146924,50.74852416726573,176.755
0.034882541,2.134672483301694,67.44561325260251,827.8421267640614,48.7324876,181.729
0.034161744306358086,2.2852483836714814,52.60420961562876,,59.679497772286226,174.49
0.026025988,2.2939250137905693,69.24829850428765,811.8402663274982,60.86073397,192.613
0.024291261946098933,,82.67728600175587,813.6416026633817,46.63131171016385,204.156
0.037445088,1.5329956551748811,66.73704402,821.0790265489198,52.02899057161872,182.696
0.023054267,1.851327302429696,82.06243420482322,794.1837275072102,56.174089622559315,197.516
0.019693113973636475,,79.42137220251291,823.0320302,58.70306372,191.047
0.024992514280787345,2.151729990968329,78.89532700147717,791.1273746812708,42.13582448778455,209.934
0.011812889383266243,2.5435899577672254,84.27519140620056,801.5461305428873,35.848567327477326,230
0.019810851976761797,2.8203154618698365,85.14010319422859,755.0840839215253,57.12625228937298,193.155
0.024612859,1.721493521526753,83.31459262455418,789.0979494587981,50.834679961817855,200.104
0.016864934062932185,2.2625480254574777,74.00403973849025,827.9333360318905,67.45678580216975,198.532
0.028190885014947844,2.912745602525735,,830.4447458729144,58.38286510709497,191.967
0.017463505635671485,2.2241319180517243,84.86874210120676,773.5317730802626,,187.817
0.017733125337217423,2.3065316753549236,78.47718776,814.820248,56.32150995,210.021
0.023957202947800408,3.1425292258454816,68.12382320859429,778.2918131593657,49.146546982619434,204.27
0.015944177923469065,2.6600602738960046,74.44965395551793,783.1985516285048,35.10068578733745,220.301
0.023635331,2.074872503,64.14193126,850.8557936454814,52.40000022905538,183.619
0.026408443668317995,2.602150462732737,70.87151031961031,860,,180.775
0.02344577,3.262045806373116,77.80970679,768.7169717115792,57.52856779063964,191.751
0.026512887693942992,2.1627619909162363,87.33959677242804,776.1900184,59.12013589844214,191.602
0.021410123129035424,2.930327761546749,82.22430170229207,,53.182248794824886,204.951
0.01591799,2.075986499547625,84.18947462548422,761.6362414661446,38.268937984880786,217.942
,2.1525445065633257,65.29611414827616,792.8864856296939,49.65135797980297,211.136
0.026359986337657987,2.749073059660247,70.71881711796445,772.3347329270855,28,215.099
0.017062017,2.6712697876779607,73.96245170282894,842.9372725279568,54.31871458205669,202.605
0.018381385544133648,3.066185603375688,65.18406977221976,816.4078991421841,47.63233687609259,212.506
0.035168073897245446,1.6582305234162034,73.01882404995462,816.2115156382011,52.11216499484497,193.042
0.030920151795376615,2.0615210070310463,76.13452586850872,793.3085776318393,44.945506707202284,197.302
0.036350326,2.245110106002904,76.52230727691817,774.8130863652381,45.46612435059207,196.946
0.031489853485840776,3.131629874570689,69.85785357801701,797.1389756257289,50.22948428613512,197.961
0.028396104460950145,3.136158007673748,66.07595725938998,823.5744212742105,64.50557659737284,186.522
0.021584442493755903,2.227243063,74.86124334821962,797.5207105316136,56.30977994642838,212.221
0.025978783311038943,1.853859474132673,62.33465538720185,756.1512417565204,46.498037087499156,193.41
0.017092354,2.6433549870007065,71.39218100694248,760.6890365147825,44.45583773821553,206.693
0.022550646604261513,2.172047590353343,61.10286150817784,846.9775646058758,47.63848808518317,181.9
0.023677715278480074,2.5405787158776563,64.05203403,824.3693291,46.55513556063889,208.543
0.022987077760689464,2.314702914634055,74.91017791948872,816.5578690117076,42.08049231850304,203.657
0.025523386,2.301272518272928,61.779993587173465,833.6401135237904,56.271140580392775,190.416
0.023175689465755593,2.708551836245753,65.86631930287999,850.2383991947421,59.744354817459254,184.257
,3.3494430871022973,81.29996673795746,770.2757845669329,51.697163676398226,209.353
0.027002321076628276,1.943759161336156,62.39084170548748,825.2411790183849,54.39322155896923,197.725
0.034263061,3.086267399934188,70.10745934800198,789.3523327801777,55.899443330952195,190.671
0.021745917447540855,2.846250936771778,64.53248770259019,821.1509642884464,56.15267924520637,205.251
0.031848394076289505,2.6663730857079124,62.44091172,812.7368903662165,35.31981495837979,207.337
0.024227252,1.0719122049051852,68.71803567096151,779.8638483375448,45.882791095608326,211.223
0.024296974231637427,2.465366679165309,77.33159855663534,808.8556893085033,51.21625915792262,201.338
0.025656634686089502,3.9750799830296897,79.21167010466702,740,58.376152346096156,181.607
0.028691725912568283,2.617165807518471,71.12560663958038,816.6472729743108,54.96210292188315,201.325
0.036736401,2.2262456600983302,78.15294088498136,809.8378648337703,45.79438144,195.379
0.027796739643736253,2.196432112347958,58.38934086069333,828.6010366618623,62.57376731082769,183.713
0.024443862594516228,1.8136487129036558,78.92839788144548,832.5834500045521,50.26203040171663,191.856
0.031138893,2.4921313758355446,77.10810362,790.5597780867307,48.14844146355545,202.581
0.023878462,,65.89668628724695,812.6262478440158,52.48906650120807,200.718
0.031461469,2.460905619927646,86.25894151643533,740,44.18644111240853,178.715
0.021695437,2.6332548036393115,60.04673029107789,810.9752050167452,47.58283917250179,211.452
0.020457043543452402,2.6786905516797836,74.77099516858257,799.3783568838531,33.059899330684544,214.552
0.036088711,1.7814337471999138,57.05172392225103,828.3497037001025,56.35970199858171,170.646
0.021074637,2.5710711616021946,81.69402841035063,781.2938613321793,57.88762533009303,195.781
0.027828622681607965,2.4100002503312994,94.11727987353497,740,40.73984909,179.786
0.017894846,2.0611324660227166,83.03863225551972,758.6288621123006,49.98053091941181,191.716
0.014689169419132096,1.637541164788772,,773.0971930970165,56.31695695251181,207.686
0.023756870951858033,2.822642666621183,73.99177967756283,773.0962174360434,,219.13
0.016304004,2.397553771691416,92.98691636095384,807.7224868917785,48.776210608671136,210.655
0.010766336644134794,1.9722489084655017,57.35920288576087,767.2810449248675,36.10078554825467,223.833
0.018403870570311735,2.567626408399694,68.41973587,820.6242388,41.359542067554074,212.846
0.008387396,2.0275426593991357,79.98492475391335,778.7182915966732,56.28941581154208,209.406
0.023666098465617576,3.1040367906830943,68.05192012947775,790.1231594216479,42.51257692410949,223.268
0.013643616211673686,3.2714346113481865,81.67691090038991,770.4027268100093,55.455091387184645,204.857
0.020135107,1.7522641999413295,65.88599427207683,823.3097335470331,59.82539825750088,194.265
0.031400677220820336,2.576188991570549,67.92770810264985,804.3513974918474,49.62082039366974,194.429
0.042867653863598976,3.065549683499075,87.50408654470667,812.7575448483811,49.857454915990466,183.691
0.034191671,1.9774008271121795,71.43671829327478,808.0189907664724,58.24576229112654,192.644
0.015923159,1.5364422321493159,51.76805798722704,829.9541262037917,48.217446316047244,198.177
0.012551671029124186,2.7064439119370434,63.379395715993084,839.7299882695623,35.083604132861645,216.598
0.015497456974719933,2.226263175905213,,828.9930783017041,52.74671929625373,209.668
0.034759878,2.2502530924052353,65.38026379174603,839.2265418,46.174287801828875,182.425
0.015519940348212517,2.441484066443131,94.19237304508087,774.5958007040442,53.50838267201383,203.169
0.019725522,2.2157301785308356,60.29653101257347,835.5561969954975,60.13313521526074,184.068
0.016792843410875214,1.6737670351460854,,827.8957330733673,61.21734355,196.622
0.017158663,2.007045760024705,79.73480547826358,769.8884505475734,52.98503873082741,200.442
0.029014185232046616,2.610605669861803,72.72552563179767,822.7905608034622,35.78942240206932,204.511
0.026205784249589904,2.931570438084862,75.75072387588965,763.9176734041996,50.20277941,196.902
0.019735557,2.8165446622330683,77.00053509304901,799.4771204782018,44.24058865,215.927
0.023768356702057375,2.293231443820339,80.54906372283457,767.8574695845431,40.41024745585059,206.64
0.042289436933877766,2.529960224990899,57.822453205693336,860,49.853005493243295,144.941
0.03628954,2.615831218785368,60.03859971,838.3063528639781,50.203514917977074,168.226
0.014786660222836494,2.5201719945491945,76.13933658092196,812.8005767928711,46.69731226187381,213.395
0.024757229051242228,2.235133943,72.51293394476419,797.5421042635414,58.896759944610984,194.16
0.021276570734959775,2.6343041334088446,55.51551020623815,815.3760985351753,48.83970614787334,203.803
0.022414591313413564,3.4288417141421283,64.58191762432114,786.7823958077362,32.13613377971389,224.884
0.00683503,2.4056627251636793,63.59238645063635,814.4924485831779,39.71272223111505,229.336
0.022882002062157417,,87.27012657278179,778.9142172416686,34.05167681717656,216.34
0.022166047391847202,2.5758672120632387,74.45732862,799.3587429292294,52.17867297120837,208.975
0.01850339,3.2355327475271403,56.36385247163458,833.8133280806163,44.51896682665387,205.849
0.023142137241262614,2.3119554446698536,68.96159963941521,790.7643922,46.640123523188784,206.446
0.017698827298742136,1.4567669178645823,62.62578054432833,831.9844235596865,47.69396603565405,209.941
0.014700401507443443,2.5625819312840252,82.66470682182252,832.3283423395266,57.17430082,193.922
0.024417001,2.4223163582700664,76.56558477541654,793.7919057752575,42.854200357659444,209.427
0.021664084,1.6575426535315687,75.36314269460159,797.8877052016104,62.90016928016442,198.274
0.009669841,2.281935148626977,68.69974787716524,797.0336764844552,46.23674571672875,220.636
0.024212637,2.290130751,55.012821936529605,837.1961255418148,49.95478019861517,200.154
0.025190223667529356,2.5050519245884586,62.12109063123249,828.3980404179749,60.22300003,190.446
0.02099265,2.8965500201714356,57.929745848716976,812.2437531390013,51.901478691383595,202.364
0.023821264,1.541860664250836,62.320059966155256,818.9755943434811,62.321676329035526,189.917
0.034781404943536536,3.062600178300493,78.91472726247264,758.8269964803758,38.41916219775252,193.439
0.023297679979963046,2.554017637542669,72.18864390852903,769.5438173483631,54.901289873313935,201.919
0.020930083005715243,2.942288589640156,71.59153507570596,791.4070687526345,39.65559065357216,213.991
0.013024272789646272,2.587236571960265,74.78912008739864,807.7566882311156,72,191.408
0.025961639318325885,2.030541088072421,75.35233011480373,743.5821890860966,46.512096519158604,188.165
0.015376792542370602,2.5278892050716433,86.76640627,828.669747,47.86530836337113,210.098
0.026828024,2.55398571,73.69760187624433,753.8484602,72,172.461
0.034968157,3.1017904641215015,62.134534790342606,810.3290461647553,35.23360079663586,197.432
0.018222706341192753,2.6498376045942673,57.398486647906935,848.7650667284091,50.51261951450173,197.199
0.016120560656886197,1.9047728417326133,66.88778313144435,825.5164255640325,52.40779022,209.079
0.032933350271989154,2.2103453730641904,73.42162459925127,810.8502653115671,48.124457847192396,199.021
0.019896671681478302,,78.61564148498672,764.5159541985412,54.926944787045315,192.417
0.019400301268681232,2.381940192176686,67.38699322571912,795.0737897530691,42.50591361197849,220.884
0.020139739,3.002526073,73.39871276262689,796.6827655910349,63.82278105170227,198.381
0.012321793498665476,2.703024444696506,82.61865654481188,740,44.49106607,198.591
0.023501558692033957,2.0982404270148822,69.24982384078784,808.6525884,53.70176553505936,202.956
0.023839795,2.2304075751309638,93.62526031,758.1634400185385,43.643836988417625,191.203
0.018516594,2.6887610270670033,73.97360459640784,809.8235289,42.10726946464372,217.134
0.029941759602690167,2.727728562,,810.0618543692291,51.40821741553917,194.365
0.018206416495657032,2.9666828593434458,77.65008004987568,819.7646953191927,51.132524044689355,205.373
0.026256745,3.088429132688346,71.62749864558882,782.0944829,55.716569062039675,199.624
0.019369329246849094,1.7335269079876365,80.29474775487856,788.8633665909008,44.13920848716953,208.892
0.019732409326795965,2.262264411562266,66.34671318006032,775.7576854401996,62.97520624505541,188.413
0.017939022,1.141540869535167,66.27776749628978,793.1206294456401,45.67670077318942,208.73
0.030502163091297187,1.1020858580234127,72.64488246789253,799.3050969360382,41.979841706054685,212.133
0.023605032822817066,2.4424716671393494,63.03531141005543,795.6414575287697,45.18224563381595,213.528
0.016229653376875354,2.169888414212053,70.47193112156988,859.7566545125896,50.479609193556044,188.475
0.019205637,2.317007794344395,83.16749537098802,779.0847013215384,40.291657307934486,222.926
0.027788118,2.1048106994272375,53.730174831693574,780.9857923878908,51.149307859523745,197.489
0.027902176634844785,2.6458442888384117,66.13837715180956,837.6028647686962,71.60416062901146,173.719
,1.719601660433978,86.59170987,785.7750533360409,42.63177217956352,202.169
0.025867043,2.4963977294064095,67.55292444514171,781.9912840858259,41.234294217621766,206.862
0.021697779,2.2568303733192585,79.73638327442089,763.8031837239474,50.387366058726215,199.474
0.017512112602198628,2.0347147885918733,92.69341485455162,767.9849078058071,54.81280792516353,199.685
0.019293761993986483,2.728252116633878,63.333285675309966,812.7127308617123,51.29405425292353,209.186
0.02160393,1.954365129744117,68.91668191187544,815.6873358687419,49.4508146,206.475
0.036433724,2.776764429,53.574102535442435,860,53.02268632369835,157.513
0.0276728,1.7228486925204654,68.87285179005137,830.4191140611492,45.649620182867594,197.474
0.028582279826023203,2.083849631662985,75.70396029254772,809.1334033,39.219766404504725,207.042
0.022959010031031967,2.6134776048127937,78.18835373,816.0380701068782,42.85811414001217,210.697
0.031167245,3.1733889395374355,81.06664145145871,,56.345590964152194,188.55
0.018263031554370077,2.110295360996357,86.17232414,746.2733831947098,45.74915215487549,193.609
0.014091459982527216,2.164705425,74.24434914482283,763.5052909064141,68.02274473560006,193.248
0.025264058769684655,2.7697434149023366,79.54938308,794.7928494697774,53.51807838607114,202.344
0.034308712,3.7567683281413875,71.52898174402881,816.8268114398074,63.07542323689841,177.466
0.03277546,2.7845852183050397,64.37928771307278,819.9688747555705,50.20885689,191.391
0.02782817,2.144531948152594,70.43507935925464,838.6496933590506,49.73794642585173,205.263
0.010926860894099907,2.7684686443047264,76.17396042578858,835.5077436819015,46.22595884446476,208.334
0.024290256612069364,,69.48173227469776,824.7580807534864,41.52740343,211.314
0.017180671804263373,3.2303138204463746,76.89455136900617,831.9745474583406,49.195852344868676,198.305
0.013863268447531243,2.2659564845553053,63.20798647404908,859.8487996215873,49.29634224241234,195.824
0.032792094,2.6448953232431553,72.05659524945814,814.6313231329178,44.94670406266306,206.203
0.012358895013988484,2.624279905789011,73.00527265125449,816.2852436,49.141727166050124,217.35
0.030740891023428064,2.3284801902145444,64.59345297511994,810.2784607681795,64.86339210912426,181.724
0.020692551792137776,2.1611623364114174,89.14223593616828,805.0866208858679,56.55376343959603,195.075
0.036909356866738394,3.0044801548242446,76.38442437528758,805.6582428262182,48.74972936286219,187.347
0.032349564,,84.53977515583144,821.9249892194023,61.02335516158253,175.523
0.033587291882263004,2.648866869301762,76.49719829810913,756.5486716811982,47.94028700185878,192.46
0.010539197754915025,2.0167389420452797,57.40165875204825,833.5286587113309,46.061791734474795,205.632
0.016005800479071686,1.3065981044874175,74.50984008760562,815.8789207901272,53.57937925628614,211.202
0.033350341,3.3039348956650825,66.47845944368473,801.5578422790152,55.93567665,182.888
,3.267508111394114,51.46247786227395,800.0113000516028,37.292364065251455,209.998
0.02118463,1.8984009112770033,77.81498386720023,785.0993720769239,52.15561287745358,206.819
0.028572611117844045,3.3612509599617555,67.85501744796925,811.4116799749661,49.73045631345016,207.614
0.020432534650046463,2.418835207224858,66.56683521634794,829.1593576323256,39.157290540761764,207.535
0.031523781,2.0229451910766443,80.11396357,,63.86608497030807,181.04
,2.3155095638252194,89.59585898571041,782.4208971456071,57.97240810723309,187.119
0.026940429,1.937310006802499,67.21274260485073,833.8820163140032,51.160978201059685,194.836
0.018654289543575574,2.5952447532644287,80.85796449992017,806.5723885654501,45.97113450074439,216.078
0.022206055,3.4535555114985184,85.78163214269071,798.2175156227646,60.72166477584217,194.456
0.030788117095025595,2.0822003473596213,,769.6272505818027,50.124318776801076,186.088
0.014775168,2.3669587743672382,71.12430345440151,744.9396416973761,49.88240667356878,201.544
0.026959250966897916,2.6481248273628752,67.06407410415383,811.3485768088984,48.13682780200874,192.913
0.033910712,3.1123047816433385,74.13628926246993,761.9595347237034,50.991981135613536,188.14
0.016070227,2.215838970298688,69.22873104822798,769.0020229388858,45.73949205932532,206.698
0.012990097348149173,2.595880264031475,72.47717422753556,825.7649172705567,55.269153726164376,206.101
0.023438650311880412,2.8013559241730985,75.86144565854072,829.4140615113831,39.34074623559453,215.926
0.023894658656966803,1.7429518172107854,72.67145096473041,793.7652041324842,55.80777257074487,201.751
0.017241285,2.6739007533298302,82.91779196469032,769.3526391601463,62.506839687181134,194.477
0.015552345,1.9888863489974602,74.42799766514877,784.8607782835469,48.42373653761835,205.264
0.022821117535709017,2.5519252385094586,78.20486902289491,793.4284968417888,41.505177448497605,206.637
0.017845470048104228,2.537718091,73.86746998011884,823.4620578,39.291883610299955,218.753
0.025192142826601233,2.416515802871205,74.41834185759895,795.9050521088469,44.53883639650122,211.6
0.023620611,3.172605245691412,59.81653212,798.0177957376404,50.76028581306717,203.256
0.029777646466894844,2.4726452058573294,69.22428895728602,798.7057476332596,59.77024732644681,190.727
0.031315662,2.1144877452264055,54.74606459669825,802.7724473848392,53.25913244262694,188.232
0.034280638,2.9166829431520442,56.056926842572665,855.1851098592219,41.809432226519796,162.292
0.020402698,1.8832257514208468,68.61328173,,53.61494465236708,198.042
0.02775033,2.264093206830362,79.50562127,776.6609938920714,,198.47
0.025766756,2.2595665871364297,62.03775930553833,805.3429748416295,57.79122690458601,198.173
0.021489280484255267,2.3180644582744416,81.86840290145001,835.4518748222033,45.247932253957146,199.154
0.021679698135149035,2.555107253149689,68.23837492,822.6610462989394,47.67839680578575,209.919
0.025681194,3.050707670272468,62.18249154663532,812.5924352211777,42.09667939279904,196.964
0.035103160896548295,1.8472186542073583,67.00320592270634,790.9728257161822,68.00860114466727,177.028
0.018816992,2.1094185629994264,56.44122312969626,798.6234402128923,36.54217669748494,221.715
0.022695891,2.5577764461112897,73.19559032860067,817.4043926250216,51.45390127430175,202.324
,3.0893421137941766,65.7434031,803.6499443634642,42.90300984927537,208.868
0.037855403,3.269233076356687,66.63719981,842.2746522,,171.091
0.028943729,2.123718378797959,63.71599874476057,,53.017471189372934,190.035
0.026812685834479183,2.7837746173706632,71.29730283511347,769.6646021616573,,198.072
0.027168162296103353,2.43464324,61.30512608632499,795.2330688143456,61.468366799996375,195.649
0.011218553708315798,1.6776016082605354,81.95899515689888,773.6401269141815,37.02511468112918,218.671
0.01341386,2.2306544608494687,80.22757478233441,825.0349000283406,45.49467317391971,206.771
0.035326280557671064,2.949100653583302,73.22429311817746,790.5521328994771,60.67339701038563,193.302
0.037210509227947046,2.758780984484365,73.93928344,804.2210511,38.884513951500985,207.082
0.016218702,2.2417566896845664,73.48781227,845.0543132,,193.634
0.034572995,2.077822360991736,65.32813542190875,799.0454930046268,59.75792272207741,190.626
0.013590914,1.181909645,78.93404386528603,788.3313459220107,58.661550304658874,204.984
0.024619757942650564,2.9490657005742644,53.936882814316135,846.9982705,50.13339190645475,192.645
0.027109123958550727,2.896556138343731,87.43117833615412,768.6041307554221,,189.085
0.024477327,2.5235577545758257,80.96539203,803.975087,,222.581
0.019489610965795205,3.0762933274346183,74.43901624,828.4923176421717,48.22939397100112,203.138
0.024837390016552177,1.9606614167613317,74.76283171964263,794.2552185345232,56.97473761961459,198.314
0.012680118060203013,2.7959829400608855,87.52971985183274,815.6632540436356,37.39780183862477,226.382
0.020070852,1.384907379,70.51831858645257,777.0694572669593,61.712681060733516,201.624
0.025932137065664978,2.7972863260036847,,776.4294260164163,51.086370788696435,203.605
0.026453102650375298,1.8265483828060871,95.08155932315873,769.1470384921302,50.577035368478725,191.288
0.028423050949158674,2.5477957040873336,80.84957315073966,824.3839904970463,52.021633226787635,197.828
0.030740790709830712,2.794236137767034,73.51853505,782.2219528130927,38.60454081648828,206.292
0.020226671284971177,2.9431777437428432,70.19113121001735,789.4415851054872,52.74540857,206.352
0.021650118760635224,2.669537042676567,75.63354122938524,808.4108281823552,44.29431613487918,207.423
0.025568252791833716,,,762.1553051018221,50.99916423906499,192.314
0.025698962983238094,2.390120007823108,77.40176713,809.6822664557967,54.02449401390609,205.457
0.026043640035020663,3.096272394425215,71.06812137967631,799.4305101826143,28,220.644
0.032941387,2.272687896463174,66.87151432347304,833.2401309,34.151753341227476,193.214
0.016372924,2.077306914502385,78.82974040484957,775.2446006596325,50.74580303939558,207.776
0.023169749,1.7706075369297465,56.86641210668099,830.2256934760591,64.12083328472423,192.529
0.032401181960299424,,81.51983834131912,784.5435356590406,56.73059116694563,188.347
0.027795319212053884,2.6201728739165304,67.14797322312248,827.0656104884258,44.04328624597464,207.592
0.020409184,2.421454134180737,66.72851149437271,804.6688048148607,57.463106865161095,206.02
0.018562070702975785,2.3134422686067317,59.91156101033263,859.5314904096634,56.18751525654512,188.344
0.017783125037367804,3.279780743788223,74.58900523999945,768.5797512297539,,200.811
0.024773103674707097,3.2212481017152332,86.54765285707226,798.5686841222616,56.995820209656124,203.469
0.031448663082248335,2.4003220958872964,79.31049913,764.3874692432842,51.78587216384711,192.414
0.022974964853810387,,86.23650266327131,796.7155955175779,61.58035572223305,201.291
0.023429256048486276,2.222404611,67.88838219013577,812.2378378,44.569392672898495,212.329
0.027806271506208888,2.799609360773624,56.20672971547654,835.3280713621532,38.12466413877647,194.525
0.020808675591941488,1.8077539675101941,76.82880245,783.3499664756723,56.27336275837857,205.359
0.025565615,1.870924892178241,72.80673620666857,770.2942773726197,44.70704732134341,205.385
0.017696779570450585,,62.05727587043759,860,48.76033891790357,190.371
0.018574663446033604,3.4840801195168427,71.92377732994844,815.8758686849009,63.08981317866248,193.099
0.027945690444562812,2.6418027437558065,70.31978966682156,767.1949643426823,47.368632274555566,200.39
0.016594943,2.714737634052167,61.734236051573895,840.1406528949183,50.09008773983105,204.775
,2.1862669222068254,66.13939463429395,808.3233845,50.34192772087638,206.023
0.025937784,3.047748565271527,73.31871314,824.6945806192981,54.539849310757646,193.277
0.020504202090403826,,49.332222546868486,828.9398934090509,51.67292071298177,189.729
0.025833197452153886,2.0689445027673097,71.25767250057237,783.5791811704554,47.676625757354024,214.093
0.026653756894704117,1.8151193534475984,71.94085506738094,805.1400275110093,54.87849824462499,196.348
0.028551869512715954,2.6477718630964633,58.771750507666624,845.6270831920343,51.107388543812206,185.222
0.016038021,2.089134162291442,52.827962643574736,860,52.33229803268897,192.697
0.014632086167062333,2.4150805601095304,58.66951425454609,817.2479333141451,51.36792862,211.583
0.029895135,2.7911542810136316,72.46201476214465,817.2499174922443,43.78137189,202.995
0.037276571,3.2456052471262153,72.43071264433733,783.5755493702255,39.28056341502077,201.764
0.025635700681178337,2.310858273880674,63.72751645389749,814.9559091284721,32.45291049887232,210.122
0.027813204,3.0161254524887133,74.03936657,825.8716171650002,37.27002605885656,202.816
0.025594052,2.5828945852138423,76.00292514979077,784.6592427142505,32.742252961805534,219.389
0.027195106724858024,3.500086479288445,77.63576863,797.1876801319085,49.92152726677089,197.583
0.027939956149604362,2.752699965376612,66.21449286379654,818.8343888642706,48.126920012670375,202.163
0.021487501517070413,1.950831191157794,54.82293922898977,820.1902743704863,50.74422351931762,203.283
0.016935724,2.3633975754701133,63.65780776430764,,38.73240253863036,222.216
0.032971256115216424,3.1969936813997957,79.20024004106212,796.7053151,46.909818310589834,201.477
0.023420823,1.7040627630997056,81.04468722806384,805.0933607252828,38.090968427373824,208.879
0.029597738466998577,1.9864406100859173,62.839403190553654,790.9180965475877,,197.799
0.022487945104127098,1.7665777519433332,61.234254361290006,828.6023977065265,38.58897022,208.975
0.037701528,3.2537501549457906,73.42842056000167,783.9073797780442,59.50880720456267,187.707
0.015334949450653394,1.7878007858453453,59.901501641750585,851.5117505466566,35.96902659250518,196.003
0.036373231691568725,1.8897558981880067,66.32197577587395,836.8180307018544,47.908275711900636,180.026
0.033004089,2.4789680687756905,63.34160782631647,827.0803022224381,,179.807
0.032249586659806255,2.6419649026645184,79.75347907816888,787.8701436799811,48.03963599021666,206.918
0.026812013866892193,2.3250584636567924,68.35825727769897,,39.48399996862458,195.865
0.016777404037121524,2.4991220745184695,68.83141548206278,814.1908204559419,53.36653922209198,210.531
0.02373336,2.389431729518786,60.896763860148646,829.3571596241462,52.68952737139861,201.32
0.030425889061957142,2.235257826,80.95647779933192,774.9891928062309,57.86324970695114,199.787
0.029614035900382293,2.399057164240329,72.60947474258589,805.646515,48.28278993649837,206.265
0.020477379451347883,1.6917553212863932,,780.5056447578168,41.24850983020778,217.709
0.018760188,2.1737233334656336,74.20526717419176,832.2968438179192,58.43701096821609,198.763
0.022542322,1.893667678745708,66.84141569389635,761.4320001150221,54.76122323099319,190.498
0.024646116,2.5793391405327166,72.94719995313021,798.2323692555126,51.66984961834973,205.988
0.021032958,2.461527667445432,73.04284409290649,810.6595033431518,,209.042
0.025433164477231884,2.688069696994577,76.19948499,781.8411274955037,48.76317922667765,203.957
0.014762860793729888,3.0254084271708788,85.17718579607342,773.5874095198532,60.16922081002434,211.537
0.013459246591293453,1.436095399,73.26386276451578,764.9076054078475,52.43621080873609,208.982
0.027648819,1.8371303178484062,77.99728822,808.1083184530943,53.79108208993617,190.755
0.025066059,1.6267199306800673,59.55904293288778,807.4340377380707,51.427806613390494,192.904
0.023232722,2.8075943981874323,73.64469639636559,793.4066960322976,49.544932567144194,201.31
0.009150742,1.6096410662528335,73.39920572702427,802.6600150656905,42.589799655213426,226.319
0.024624795522863098,1.7287223692076767,70.54634671081362,811.1472794362426,32.95164091247503,211.271
0.018491572,2.0952477019627023,90.16522838207604,800.9740968997601,56.004268890980775,202.591
0.025507101903753934,2.797201570975557,71.05662822759824,768.4376615107514,49.45338694252363,203.209
0.019155086,2.646518887453007,49.26990181465581,832.0361178572799,38.654059506455056,208.532
0.017397676709865275,2.6629049317143334,62.86274717,808.5679987215689,56.96860028640482,200.763
0.016287582055878724,1.257073547895577,76.16237129901585,780.9024334,54.89077509223709,200.661
0.031915552,1.8502282270475399,68.27987026237965,831.5235142440904,56.06512608604642,187.123
0.019304879,2.1429795642348775,84.45136844777362,748.5311224039981,53.20208546805957,190.86
0.025932613050007384,2.619760232332846,71.35149017828691,786.8718790626011,,197.035
0.011633632452151703,1.7068950698029681,71.00218705381994,811.9743842310679,48.66833192922218,216.203
0.016503608100938236,2.237914753341626,75.30967216,779.435927,51.25522414496769,210.012
0.026454896989468638,2.3489876437786386,,763.7588558096281,61.01385370447135,176.279
0.027156682560708172,2.6685544853158696,45,824.1897788687176,47.23308399785861,193.677
,2.6648792481437455,,795.0787631629198,56.925269305594874,199.298
0.037491313,3.018940367864452,73.96307752103601,780.2678144830649,65.83493933270657,180.897
0.018632194,1.7536201148015698,69.16021823542634,751.4679971671567,41.04104810289189,200.363
0.017556751840624545,2.8272046240292426,75.39506983,818.4665036184736,48.10373694500886,214.247
0.037010176,2.470908415193221,79.29323180683461,800.7331235767523,45.66489277290077,194.223
0.019121243971008815,2.4103404448760894,59.169955586254076,838.1971403766139,48.50067903862785,204.501
0.033980296735325516,2.1145117303431413,58.23249678803914,824.5293255820594,52.90088722745297,178.995
0.013248545862775166,3.037548721547709,71.95295869,773.8808553542547,45.591617958179256,212.597
0.027696945094438888,2.848770338999042,98.04805935920878,800.9276845641261,52.58853027671227,193.599
0.013999021682630241,2.2128164005114916,85.53411753758891,796.1548126764122,57.92898214,206.187
,,67.33174364,798.9534148917122,41.31898435006539,206.116
0.020417938,2.6347165124383043,,777.4865930123638,43.24355223467111,206.273
0.011740145260123873,1.7782415655438442,93.15312880946482,840.3387254109343,51.086219099163785,202.256
0.018820888245111873,1.9607201644913952,75.96452409,814.7357267815628,65.55910458,202.035
0.007615304,2.2558764280815504,87.40368882784516,743.2416498024883,45.09656563705139,199.499
0.018683597822183817,2.1816107312841173,83.56222095927296,780.5707278149058,44.565450284455515,209.501
0.022616235,2.7346388270073696,74.45301453182913,793.2559765468847,36.22270663477321,217.545
0.0172405,2.851249091719356,73.06949459445934,813.3393066432184,52.589407986074264,216.053
0.036568843,1.832943075262284,71.84536755846777,842.8472657067358,39.81678775,178.016
0.013629445475610525,2.8427928599610355,54.84259340769652,835.9940957313481,46.62034684468135,211.823
0.039767838756219295,3.1030546386275892,65.18776339913695,801.5428625919726,53.588531801614245,188.022
0.037438294,3.2038249362749944,73.45541415079498,836.4280057949192,53.903571843122755,155.572
0.018601179,2.287765153759879,66.84945094818492,782.2801426646021,43.475811920839796,220.03
0.018447522261474246,1.6931841865206723,,798.2046925731314,49.00586844305459,207.431
0.030813329222214365,2.170257523862155,74.16396233,774.4862701595954,37.87802737707075,200.611
,2.111916080392925,59.11909053735657,832.7837457863303,56.35819766754156,186.395
0.035260624863879556,2.8185024722670873,67.24380584746967,793.1893499258844,41.90348372555216,194.794
0.039375068408190765,2.2659968719528436,73.7198489,804.9747964466612,66.32662757527447,167.457
0.030838607883454442,1.5855957042510118,65.86124617273094,779.2698808994033,48.187581893053256,197.14
0.028816067830816753,2.603773867552921,,775.1603405362405,49.29382400369271,196.826
0.012727495443936922,2.0502890287502407,80.59742271807043,774.0869301220948,43.97986705,218.143
0.019834411,2.850810377671405,79.31789049266654,794.7228432042133,39.30333386,214.917
0.024280714469833316,2.700869119325847,69.90413285573777,807.3692922609024,56.47502244868017,204.836
0.026808759985213582,3.3255036336066883,53.11955174861501,803.6363353821396,43.4057616,201.427
0.026381852048155695,,74.12045842041982,794.4133555103756,46.59064080027151,206.454
0.016538433482091136,1.9214339974468877,71.59918346446115,761.0073721683685,42.17298657694495,215.636
0.011680033,2.2322047320558447,72.04701436902938,811.5742254328593,43.58696791673138,214.504
0.022525752003765442,2.7426248016438364,56.40018286953512,802.9580668,45.193834436061024,204.612
0.018440691248044823,2.080493332168353,74.40080157543105,803.1870734430375,57.22865876157821,206.865
0.005,2.0530317335635115,74.22293233826856,783.0343549296073,58.549404870360995,218.623
0.013972766,2.1835233731056456,,818.8303321550125,59.39843377663215,206.886
0.018616928950370138,1.9257428814517819,74.99989228753647,846.5969965652805,49.76877388124539,198.072
0.030735012,1.7176071312669947,65.61627336924508,849.285771,53.92423052183539,173.059
0.018226249649021992,2.2652628933605894,73.34051809,807.8137765282289,58.35001544007132,200.324
0.017141637,3.426739921456454,82.63813123684314,775.4551140256887,60.07796755,197.933
0.024355189622174367,2.819932249406364,59.190173118005006,,47.46245664629324,196.808
0.024734865,2.013415942390743,71.89775952932858,790.0056576277545,28,223.382
0.019573457213907984,2.2519352446225223,64.57314905794844,799.6128586734205,61.440863555651774,202.626
0.028826580646459023,2.9393079715990313,72.98366959663025,800.5524508100239,37.45769861789635,211.547
0.032406873,2.3005268827572585,49.49278496,828.7857880732705,51.721894183220755,178.824
0.023660309132497937,3.0258456511368057,71.54004262,784.9934547368848,59.05861564480275,193.309
0.042571593,1.8647601746176123,78.58336526287805,807.0253269084661,35.78693062581299,201.556
0.027349713,1.535889746531776,65.36976881,860,67.38097908316337,165.126
0.011500374393328638,2.9658068515831073,82.7748779,774.2531557615683,44.190808832782615,213.146
0.036023467,3.368938312550028,80.30840043977227,800.0085439766816,49.41121330099695,190.369
0.017315560562504138,2.7637678612668153,68.65371953715209,798.3563737005102,47.93277701080638,208.294
0.026094857,2.416628840639028,74.04744293782453,750.6252926834666,44.35769989311047,192.455
0.011066435971528517,2.736867468,65.94137389733052,818.6334597152367,45.824689834191474,226.688
0.023874958549770762,2.2541120596688358,73.41490855229478,778.1889761204369,52.15258218,202.825
0.034878176,2.362618361166665,67.12211600144258,822.6082577166561,55.00025238308274,180.573
0.03400227,3.808735258651189,58.64861547,839.3408619264912,52.11016596479346,175.299
0.030908951244600767,2.581835003810297,75.60973478802495,761.2030178048673,53.07001907632892,187.569
0.017281173687384247,2.458525244851745,78.45469988743667,787.1973227145688,40.59149895857118,217.293
0.021265557,2.599481280508123,,798.7083982890446,53.671989182391606,206.879
0.020460048994742182,1.9679668028904942,81.41454584031081,811.1659276461189,55.219686964419495,197.059
0.030499707097671778,1.9631349256070476,68.76405527805633,787.6781569860215,43.40031055748011,207.096
0.019513712347813086,1.9704517948979154,69.61114144795978,821.0408634925622,52.89644742032769,199.649
0.028669297,2.6331757587121074,71.09450182446965,817.0413570464062,44.278065695215176,204.094
0.020542360564804782,2.5640135153575963,59.17578259885626,829.8933201133508,45.73374961081757,205.397
0.027124184230545655,2.7200081513479346,68.54098216344305,793.2277859902072,45.15784598694127,203.398
0.017177577126567714,1.5594541133498503,85.02489610859527,820.0687914124796,43.434372881273646,209.559
,2.7210941318591946,65.66219195248122,783.6664939326951,42.593533122467484,211.613
0.027577382312808273,2.5967419341253155,,798.9434019938205,57.50979761346921,192.146
0.010704610307933621,2.5898287495860037,79.68952264380383,825.8479789730392,47.98802628148117,219.605
0.030993235450530548,2.7046371764156674,66.60754261343024,798.4791244869442,39.426493973163275,206.62
0.026639785394940278,,84.01295517172315,810.8986620034519,57.36740384,199.356
0.032157494917529984,2.8348524934436052,69.02690804779746,813.9799053460589,50.495962334890365,190.823
0.020554107852712205,1.765439723,59.379007757656424,829.1801696359901,46.549387732827476,200.643
0.019338642193041586,,65.59828426,791.5429698,32.7534528,222.272
,2.598638564,70.00028878332222,764.9237836834172,58.99461895714946,188.187
0.01923169,1.821466606929628,65.01524452551692,777.8436487381333,51.93059638689054,202.365
0.028711258240253685,3.000848946590579,58.146059647233585,823.6980273288252,37.404212662630314,200.565
0.031492883348840914,2.8202629055793893,,803.4694204359934,49.353062460497526,201.345
0.021255777,2.0459263976644984,74.59695109,778.7354367722821,49.34662004100335,201.39
0.023138731,2.6982282976977845,66.33782914694262,827.9103041499997,46.07133779829464,204.257
0.021129185322567287,2.940513936,79.60480743100231,768.2564953415712,57.69701000628935,200.603
0.022072237,2.0184563336586114,57.563462313862374,786.0246970516987,42.255873839263415,212.806
0.022667491687262332,2.8510056678064006,72.71901541339766,797.9762562324994,45.41754266571209,211.43
0.033449400901078084,2.0651939292972097,63.51588897067345,794.4204999928263,62.49897254294384,184.517
0.019508318,2.7311322419752457,82.41250950097604,,51.01402209107201,205.433
0.021979351112042068,3.2146394964682066,67.06763885042862,821.0448163399736,49.97633857190963,202.725
0.016929866868652672,2.5439709753756024,85.57763499385017,804.0642826056547,37.05061954664245,214.24
0.028634782990761363,2.436952269365299,82.52958074347674,785.9331084574217,45.143389491827456,208.18
0.016553487,1.9140737314302791,78.01717240886079,770.2286810601876,37.62282826858089,214.295
0.029734869,2.3889085870307767,57.58720764214162,807.8614153,42.37954392842873,206.88
0.028566938,2.0639713805869695,70.99488223865653,,36.51442627310179,216.492
0.026912776,3.2215448592898133,83.95283745643228,763.8169846506995,48.96991997416109,201.613
0.023387515261923994,3.060555525375937,81.37757568884821,787.2092955551759,59.819445483346826,195.574
0.018483394431689972,3.253966142375381,62.602846017727295,843.6841480021532,36.33383658113088,216.299
0.024314493,2.809156534748528,90.19573780434676,794.7531566386072,47.63755643379639,203.217
0.028345622544971395,2.8407966686713233,,841.0019438739753,50.81462570601431,186.225
0.026176517876541128,2.3043477972801685,69.24739928,819.1143639,41.42460317688649,202.897
0.016373244,1.8159177318282118,81.00316808237687,766.1971882443654,66.01264143522192,200.801
0.018636718913102673,1.6916340531323495,68.70943086128251,779.0861699305356,,207.277
0.021051705,3.597331881236058,,781.2593673339359,46.169022385612514,213.287
0.032145388,3.0520836479463056,75.94540498733393,780.1293484076781,43.00879202144401,199.121
0.02366928,3.051388562573408,71.92992364061209,830.0264998630446,34.89608651658544,208.388
0.021902698,2.7038705793905207,62.31882149235212,815.3041394312745,,210.627
0.030056044975993217,3.1319734511436326,60.66518581470376,801.0179485557578,41.31403775,206.186
0.018082049738966644,2.0530012571193623,64.35735055368413,795.76889,42.86912229048358,211.794
0.030236199260680524,2.5768301334920496,67.67323616450827,816.8259919572863,48.75256787646791,197.542
0.027310429331067136,2.106636412454547,80.21385044573032,804.7526173576427,38.68127961166822,217.843
0.009946452,2.3150157718145383,85.78926412,788.3214521496844,47.02567404803443,215.022
0.015513324512906462,2.8599544242814434,63.68403031883546,822.9296508946207,47.24352887336799,211.298
0.009638486,2.500617856468837,54.611393061701335,806.8703623228307,45.76408359574621,215.664
0.026247234581570654,2.717940620490005,73.33995907,806.7485076900933,52.96563441575497,204.598
0.030921109186672503,2.757700735,72.35399453904266,778.8873306837323,42.13087907973879,199.241
0.028890854666237878,2.743311634326285,75.78126979019812,783.0051397434127,56.61270288433259,193.977
0.014282256,2.061345099124858,72.55697455630357,769.8316870419413,54.27792007,205.685
0.023495853,2.4143928952994016,58.635986588556236,,32.25776327,218.283
0.019210938729651805,2.6308806938483826,75.36203312518238,768.2451762199235,42.94157188394429,206.55
0.014095438458983462,2.179137540722308,75.54087942159882,782.5805877774785,52.16957853063382,201.546
0.033045714,1.928975471989487,76.58610822042762,785.3198694664105,47.400006021705536,197.943
0.024930374,2.329922208567522,82.24082718,784.1933083105408,51.07088395896461,203.583
0.027046299901021673,2.5724810058446383,64.11318838770029,779.1591112315183,57.21817680899889,189.618
0.028424951724649074,2.0934651448698034,67.00399870379648,795.8167474294958,44.42872089055807,206.439
0.025237873355256207,2.0909701018739635,83.97823632222405,785.4648250574932,37.60609008524171,211.365
0.014662307,3.070691585799323,64.80701451870675,810.3946862911017,37.08520857842926,223.185
0.015603574,2.4155094620496023,68.83557166413296,796.1018195825677,,216.564
0.034783666,2.9060932006314895,69.46315216366342,837.1011513299759,49.751002892118045,180.57
0.022841996,2.4764906342497204,70.59613087,772.6937354043398,57.16867257623685,200.688
0.036823357157726055,,69.52934770746417,839.2592248780877,56.05722790944642,166.511
0.026754466030729555,3.126630603048273,60.28638033621024,823.6705719539968,63.03370012949764,176.222
0.024133800908645284,1.8464640886231634,68.90508846070745,804.4711374111049,58.48725407485098,192.534
0.025603863052783067,2.2867681639996476,69.87850093108034,813.0685870581747,35.074557572175046,206.879
,2.4607349117265396,90.20541426152013,796.5531066545533,38.25029032030611,212.031
0.032282653,,82.30876042,784.4147738,,195.385
0.031959191,2.7274209237837286,70.74552237608627,784.0467295778036,61.20345293289378,184.513
0.026373133816292988,2.7512449222258075,69.35355725150039,792.6408800064944,44.10840853389997,214.532
0.021138272870299936,2.739310282913113,74.02104731293795,768.9681608035837,38.140891634916585,212.589
0.024487152705177474,1.5481691642220459,88.27213808,781.0217783544906,48.622083236175555,195.874
0.025647360050536357,2.6349115175952473,68.38383122918968,808.9422362336389,43.41648234299217,205.728
0.007525562,3.3124081094687714,64.23994900788264,773.9322856684769,58.25537184131833,207.298
0.012071911253787941,1.555369343371283,80.02776310583072,776.1985544556726,47.48535319709826,215.237
0.039078361066746434,3.5551525636370664,71.89822660749373,778.6452876720327,45.597514245339596,182.474
0.023739029,1.381759610373814,78.28955700552669,806.1644920075656,61.31696128156538,197.521
0.026385893,3.1704048025948435,85.51265344433838,795.9550382396909,49.84922164155286,194.476
0.019839732542695103,2.350057870019484,76.37622618265686,771.0028485637437,43.667511266839206,208.67
0.02982707,2.431899650195953,75.77118241386084,762.9518772,,199.103
0.016082288725095185,2.8655753765276963,61.18631924133298,812.1688827202092,58.14724064902636,203.657
0.01720563,2.874576010840836,72.29946012,806.7697436832055,50.849687716018025,215.629
0.035284795,2.9262043759443244,,860,45.44346173758187,154.563
,2.3793197027927206,,809.5369168276322,55.01354017575448,192.311
0.026006976569732432,2.490907357179781,49.31841714881109,842.5198854644032,48.41255310460983,178.638
0.030572191221057518,2.1794664472267464,73.49844062819875,817.2375736648564,43.050738521332846,201.953
0.019504473667641256,2.748723279186075,65.11796513465714,860,50.28617184523725,192.967
0.034168147091118435,2.6400983185017273,79.76109467477487,794.4693937262078,53.81224412483807,191.583
0.025520363,2.168475035968595,,779.7308719847706,34.78418886305049,222.084
0.014219763751700662,2.778684497098555,71.10921167219273,811.2118975982129,49.60217320581635,207.725
,3.1808982826396943,77.75658602624073,809.2125418603218,49.468083059816195,189.264
0.038681113,1.9236795528678505,78.73728270280682,784.7959019800751,43.61887901760176,195.337
0.025862507652557286,1.1700716559018751,71.93851434755244,825.5012900833692,52.147521051346914,196.992
0.033019553,2.735006773,76.62920183873345,794.8818258518006,53.991283140218016,195.219
0.009662874,1.7087713495112884,72.14057953101421,786.0995540793549,32.78394946,228.725
0.018714176361609047,2.431822043412982,79.26995856642431,780.7013115187717,45.72878951798146,213.884
0.031098531,3.167790698512817,71.65217829396872,766.5179350724645,62.24080035122708,184.885
0.017738154325394245,2.1464261578341346,,802.4651951,41.08222519483243,216.038
0.018689415,2.8879000556233443,84.82290053340289,794.1676922526455,50.50431250006501,208.69
0.031074711,2.334669808267138,68.08302387669605,806.7869008188778,57.08538811084526,199.239
0.009379599,2.775922940922855,72.34263159945135,783.6743774493905,52.56864139163657,211.71
0.012056267518317775,2.435318822455258,76.40290970493692,759.3440767169183,55.55857575775948,207.847
0.028558132490022148,2.5747755355791857,80.30166078655988,749.3379101442259,63.098621,169.016
0.025173133,2.5898360405141565,70.22257320473138,779.3063210230213,64.45156061672968,191.893
0.021845170162230018,2.4930086355802072,64.04889044477464,819.1381276990336,52.76137835094361,195.355
0.024651902593155372,,72.35747496195255,764.3942448567522,48.38457885060141,195.34
0.024964888,2.099288948559413,59.52887388555999,797.5857323189084,51.73119545993975,203.334
0.019442231874623878,2.499287687953152,79.24598849,779.6907245,41.75613250034044,206.234
0.032530309,2.0226971242588916,75.97229920512916,791.5634737453979,62.528053550716244,187.338
0.028628519,2.405739458936222,74.90741030879796,790.0798809087443,47.52499775194592,203.026
0.029009249,2.1073972211999417,75.76264014628966,798.2835495888169,49.266026044992536,205.718
0.011429146319421959,2.340269621184657,86.89536268114273,814.1488841505468,46.28841582895582,209.454
0.022551892371677106,2.681648377741149,68.28785843999249,785.8044157509498,37.316285142103936,216.979
0.014993543476519886,2.103670991,76.06960205821773,815.1480874551073,42.17458557260298,210.761
0.031303553,1.8822449436705067,77.72070831822938,740,44.94586471793787,180.179
0.022302234950035138,2.410074182843374,76.69337439935602,791.7252388591381,42.210901502862136,205.72
0.021580337,1.936696865744231,64.62125595,793.7599895160139,49.17737236521046,214.615
0.021280741323708354,2.7526377366296435,83.29519251883158,794.8497776503473,64.22244648891835,185.368
0.025340941,2.4388160892205977,67.86616335240996,795.0557786288623,46.78708953144869,203.841
0.016256386183629516,2.5941414689062365,68.13808188,818.1759124091152,63.29174269,193.518
0.005,1.066920789388133,66.81240469,811.8363521791039,51.97125851593316,222.864
0.017134304877598885,2.617313203,79.21354832315623,778.4855512554058,48.83355796182953,213.116
0.017493715,1.7758124934640447,69.36503998815434,782.2553648018247,52.87560071643682,204.397
0.017982357,3.013102504030735,57.24732789636439,811.3414667537176,48.558547493837324,205.174
0.031955981,2.015478702042044,64.38312749133554,829.0904269,39.79381488548087,186.249
0.027301644,3.0022426749524915,75.73970738142032,782.7070262598714,54.57576134671321,198.911
0.029033355,2.8791901910483877,73.62235087893147,782.2941547348922,43.49289168574823,199.779
0.025355177676091314,,74.65705510997104,833.0762320081146,36.605861900208474,204.083
0.029991496,3.0974676798906855,73.04597882254149,784.9795596350743,57.21465896829015,187.952
0.029606054329129366,3.017541684939212,61.848063012681635,860,51.952449138406145,170.532
0.017456339,2.0946081336252753,68.44122524233359,808.6048386560981,33.407353995073215,230
0.021517555,2.604522978418251,90.18774068958751,753.041903,66.75882599162759,184.791
0.027930074663422285,2.736094993028008,84.90900401930787,790.1925155585366,52.05472293133027,195.394
0.021293324690343736,2.731910820280292,73.05667064,812.7028563688328,47.43137673618068,202.572
0.024051622,2.6747799571768867,69.95631479,791.4318526,37.67184082877885,209.846
0.030283423011421597,2.094894570380543,56.570447548027474,,53.171235300135706,167.626
0.027306855,2.220217638744588,79.14383146354308,758.8977569656038,45.09721049939472,191.998
0.026120933430626072,2.605557812540373,79.53294375828244,762.8593259849476,57.278387064501565,188.947
,1.9461835674917762,70.92490850544426,762.0058075207841,53.16485169774975,209.796
0.031073986017171425,2.838291283150165,77.74086915839118,780.6568512593203,39.137602466104475,203.772
0.026417499,1.653583896477198,81.53823176840845,797.2673667299481,64.02641108,198.826
0.009134871,1.7492318390557715,73.18920523,816.0232652477355,58.370414925644944,214.824
0.020044918344025536,2.8357030061251174,96.97263367188073,740,46.97691812954817,184.132
0.028730356523445414,2.6635277562075483,61.85544446829582,834.7974488,67.11095107764794,171.897
0.035971923,1.9911097887491982,75.20052022748814,789.1060528632019,42.17604534156544,199.738
0.023250191683573437,3.065053810098865,79.03857368757258,812.8648669329707,59.87167391,191.11
0.036948908,2.738393484008077,80.30951897459241,782.9171573609726,53.786583351467115,188.635
0.018638005709425774,2.069060523846714,77.43211205681261,787.9132263452883,51.84993728330281,206.593
0.020926415,2.050395465391892,68.41133441048584,806.5839069,47.166612711445474,219.013
0.037372626,2.0900748657566917,65.47089048912424,860,61.66294550174409,144.582
0.020280196092081836,3.0515877784119914,78.25547823056137,819.3209928534854,45.75433974256543,213.507
0.027841370102224892,3.909949494141599,76.77423606605322,807.0136775429631,,197.341
0.030760736691313496,2.0084671715155977,68.11331014,841.9615452,56.43599687750812,169.031
0.024807051868072732,,72.64041997324168,814.6589685694854,46.208611683703694,207.669
0.035585962138849084,2.1129516190807625,73.20832494,807.2040970857174,52.83845545473733,186.225
0.028513591305577055,2.2127605719795267,75.04138389942973,762.1456758743101,60.188182354438744,183.346
0.031925702386585056,2.7817884135807223,61.03102035356475,790.1984484664886,43.52658623404751,199.357
0.02354516,2.4392268592454975,71.74116402097181,791.9412914186049,33.52609879597716,215.857
0.012923735641737634,2.6155069383471887,59.86033512036678,806.8551666,41.97248900834168,222.113
0.018416728146954678,2.798997351869155,84.05754474387876,772.386184,57.38943153999114,202.151
0.012059469036240125,1.8081364130497604,72.08293317,778.4297835909327,51.28812397120074,214.648
0.023996782568096002,2.103514825074949,,824.7071229516666,51.49097252887966,206.06
0.030925107123804384,2.310428806566171,78.74850529613506,783.6031766535833,62.417862006931955,187.582
0.030471372996025967,2.6393829577204735,64.33586042708687,807.3362309905361,37.033059613698114,207.538
0.033520013597263976,2.752717047296139,90.12957311202311,793.6603611577483,49.827465476092684,196.313
0.028784233642579125,2.757722608265929,74.87919436370122,762.6555664032524,56.00723815465915,189.654
0.018245230184242046,1.9280908773926009,53.094884365303756,813.3265154,39.339301782501884,211.602
0.030666657,3.7572726078491288,61.03300080992082,792.9305921474581,57.59042731196505,191.047
0.026407629680070238,2.117741140976291,81.51818190157476,779.1630360545919,50.73123076562335,204.613
0.030077736757333166,2.770798148715314,57.49269286492863,804.8827691183772,45.234545151846945,198.103
0.037288931,2.669529461389867,62.7642126,778.6938805458991,51.77024076403052,172.992
0.010011677534693965,2.8668396176690965,83.43724494856897,779.9697633038053,39.43861730894547,222.212
0.021592068752996456,2.408571239887002,72.64234245000196,795.6944410553807,,204.1
0.027133299,1.6578758508349045,67.24910039245967,830.2880287455546,60.13938155966912,185.586
0.027244382780880087,2.691828723069272,64.73706904169084,802.4613856054799,49.88484183279714,200.77
0.017778127,2.3175381793484866,86.23083448340574,806.5896545292475,36.20267256459444,215.816
0.023152790064878807,3.634130902,67.99741560196756,847.4535087,56.03254479350808,181.89
0.018729472323649236,3.425992160632916,64.78662740169831,789.1811892190165,64.38256372912463,191.309
0.021297596,2.783489427993738,72.01751054563037,830.5441013074184,56.343664520651515,199.157
0.021030012772776545,2.3729148979781813,74.13647965594103,794.5624546,57.34646280883565,202.133
0.019813886,3.1321675144366417,74.29669289685177,753.5729156970909,61.348822635623456,190.006
0.02566864,2.9717727010619788,,,66.14489394878409,188.431
0.009177015,3.0336297667995042,72.43769994889773,778.5021131280067,47.243613302440046,211.128
0.027936987,1.9993283187209545,74.09415301265724,803.7371068361393,38.776167542663636,212.886
0.031340825,,67.75252798726812,818.2828326785584,40.47709602,196.612
0.027113883415794075,2.065076695404165,79.80918348157307,796.0864850762997,51.09027083228413,205.937
0.026479652398088263,2.7139042234258053,79.81885591636784,777.9458315049335,56.03407895738128,198.296
0.019744412205334877,3.1976160642087983,59.26040935717198,796.3072288639613,54.06220770387257,205.131
0.013176492006420435,1.6977623488418097,73.18664525960075,784.3646464542371,46.66236350990489,222.925
0.023098770610086836,2.4439788262814246,83.46075857787348,806.6180754552638,50.88408894216585,207.919
0.035309645,3.0564939903662647,54.62939920209889,832.7607728,49.10505072321376,183.296
0.027722356560640586,2.6165321981192373,66.85462365587797,824.0758872144308,44.415418182063185,205.62
0.014462705396689103,2.268654612732766,71.10581808694627,796.2679852549288,60.13613159537132,207.708
0.019518118138712372,2.048248787238059,65.65407193941732,777.3848286309471,43.71184223101425,216.882
0.012534086875701579,2.211483338151795,67.99248499124741,822.2403724277492,45.175787769835274,218.363
0.023201722554367442,2.105577589200915,78.32822605378347,795.7769617222064,31.280244368678975,216.797
0.024052339681845548,2.7103581501538745,84.58270539532573,766.3664208735204,49.79712794374905,197.221
0.025871204430040807,1.8742810690862595,71.20362949,790.3361188009723,58.509988598750276,191.265
0.025474763,1.7139621048756883,66.45674527130299,801.4691030209765,43.08325488801505,212.839
0.026496625528797377,2.257053434,85.76098031182212,786.0826047758376,59.565318967165126,191.045
0.025276617,2.3450910687382414,68.31536601331766,769.7811283771723,54.20264454212243,190.807
0.036162765281088194,2.654575972,66.23544635119036,813.1108392179551,53.31296966112495,187.368
0.015619114250160148,2.720007786127846,77.48536941428593,804.6788018581574,60.56318820156666,198.176
0.018274671421434012,2.804038030307708,75.81816361711415,778.4979141656157,49.182325804048276,210.817
0.028626300366415593,2.617174215,83.47797861556158,796.8769027,53.88503721787901,200.029
0.042615890028627895,2.7891504745406204,77.97309942381688,,51.72369795218655,180.035
0.024667937847166418,2.499433052789022,77.53843884685774,814.1985890410522,55.071246166710765,200.717
0.022031997956784337,2.8999360475801086,74.63172022799634,793.8751148529052,58.77517099769928,201.985
0.029282066222736533,2.5813310222655463,59.15280020841756,801.7826143884896,51.18020804101862,194.981
0.023546311794773515,2.6578600262700025,65.05247469381185,802.4719125089584,45.67448622236477,215.737
0.038904151,2.5342298509309162,,778.1369207724881,44.64035154313371,192.681
0.026119292223586953,2.037587739547459,64.01049098490154,802.9384408418691,58.752987029615824,200.925
0.023710044,1.8290638473196186,66.89174995535788,799.4225066,58.43191033481527,198.334
0.020124408,2.5434741091502855,76.02216897,801.1771667565813,50.002474521357016,207.081
0.012438755822102061,1.9716723271473253,61.82216347618015,822.2656912124847,47.10652048855907,214.971
0.02890131,1.868238515476595,77.30784174218476,786.3662916883341,55.09823217985817,192.183
0.040742251,3.039986256906662,77.24031873402825,785.1951809950743,54.64486784817929,183.214
0.02296086,2.5143421524247356,83.13215306337808,785.9489633432089,35.024740043672246,203.674
0.014961169532885591,1.7869967818157693,57.142747915303644,800.7180544040342,53.078317178662985,211.438
0.041882337,3.037254609571332,77.37929650036415,772.9171004390797,44.61546345316597,192.712
0.020053974288683246,2.556215574704607,82.70351157590045,822.7786668641484,51.935761662865225,208.727
,2.671428334170898,65.30097373,776.8566892578386,37.300940470215814,218.818
0.012445162,1.4841298244606465,69.00204217494593,806.9679240864338,50.72972131350869,209.941
0.027279111,2.619105504362776,65.17384062514714,811.8344977008545,52.05353646331367,195.183
0.021605212927136373,2.819842501,67.74333615819927,803.4056253718468,42.880782296902986,214.476
0.027175729389737186,,59.96896385798233,843.7075781692691,56.399410831525614,171.955
0.031393638088324655,3.1610357240659717,75.57825773858987,829.2117005758334,50.63567524442671,187.127
0.027024220923319384,2.5262631747282116,51.483552207919985,787.9666423514724,40.36493324474746,199.601
0.022173512072260815,2.811731830183254,75.44621432,797.3059993333954,71.82214314290714,192.214
0.020714438426865742,2.302286146276251,60.941989580633745,802.7984358881539,57.52249944792291,194.023
0.020036716927322902,2.2164587555415367,72.40839797978373,819.8898718,41.18058749411271,218.635
0.030151556903303126,2.615927034807887,84.30951879991234,770.3765890017565,51.39300620876916,185.486
0.029146903,2.5673505121440106,73.75346633310987,825.0021735587673,42.97943010649698,196.998
0.027951342,2.2137230421645078,75.51390001554817,818.3516334607442,52.031901377871506,187.654
0.017099938392670527,2.3377517810794455,63.89288865814448,827.7628858617485,49.06800958224099,206.564
0.034239970587576454,2.8730701600517192,70.01829864306306,797.3431805483664,49.05915425314577,198.22
0.027010271773895977,3.3426584724839077,76.59843515299984,836.5361151,47.865467992736264,187.476
0.028311561,1.8623407599108495,60.72103031989174,807.0601427560886,34.896841369520025,206.342
0.023804455509685653,2.5040964232350835,59.710433065310966,,33.45226456002207,209.086
0.020675741349468833,2.927244760215753,79.64148635204937,793.0919825678982,54.40603535560413,196.792
0.023665664274834183,2.6712915976875795,64.57550850745412,,54.077466305570894,212.727
0.019751273417853238,3.1798110441875895,67.79095425168899,806.3500941,57.069926759918914,202.375
0.032025501,2.6490305754792645,84.77423396496172,852.1199799575003,49.58870277008153,176.798
0.012789614491262404,2.883936101629792,66.61339932,796.8594295034985,51.93416389798075,209.962
0.035861070105690666,2.738057704,,787.9010196831451,44.61745433965724,200.092
0.029115332,1.797489298641418,88.03895676463483,813.2765843734885,50.56144973389924,184.793
0.015309253442093704,,60.24834783223655,781.2427630737936,52.790112108742356,210.486
0.030518292,1.5571430760268599,68.87671421,817.3531692,54.408348659058554,200.81
0.024285307,3.109103758606956,94.64137181304854,759.2983867359279,44.92512105,191.783
0.026999255338317166,2.228795470015759,74.04320656,782.4502339516669,,193.854
0.020188686,2.0641477080361503,76.74461064131589,749.1694399056092,37.173092089109176,209.926
0.025303978338890722,2.798611009853806,74.85274836703405,799.5057108535431,40.492774957978185,204.344
0.034708334,2.3186241755304215,68.71465378711402,760.6375456044123,57.076339013323064,184.883
0.024069651839580156,2.380137022985189,72.6375316,806.6333898,41.69310675084741,212.112
0.031672691,2.7182863619588256,51.30292433881448,827.8284817720822,43.08371747917369,185.755
0.023460200998806642,2.6132584319964924,73.09416887969792,796.8849224140713,55.181318193051915,205.927
0.028913276413625406,2.8272104018893023,73.20823911082132,768.6641683193241,62.33220038887578,182.381
0.023910680289729785,2.0763495120192403,68.36157551186889,777.9718289462021,43.97596947368131,214.764
0.033888339,2.431026549,68.80631159562547,818.6040964151941,52.47450218335465,194.397
0.02834323,2.353765265739012,65.29430789686563,822.3969346713794,48.79830732129807,198.281
0.03389771,2.247917004673765,62.50718490047463,774.8558597969384,62.00551616809859,187.481
0.027313849627576162,2.052728773,,778.7114918012729,56.35938567,202.73
0.025786326651403558,1.5094007990782532,63.27973594967636,823.6752825099883,48.50247478,196.159
0.018720029764532263,2.298450408881413,75.13735828,800.4694359749584,44.596140281742095,214.389
0.043295659,2.8078962658599163,66.52032488188352,811.2654285915928,58.11792620854088,172.171
0.011077143534479255,1.9949976753893086,58.951429411280856,816.8671579930178,46.928045498146936,216.816
0.03386576,,75.27948576342584,754.5402287522625,60.164220211059764,169.631
0.042204424,2.131449372468536,72.18670272922203,790.8367615739222,40.94009371088424,198.945
0.020008382321489965,2.181077607838333,75.89410673612538,770.7177713,51.00291567948138,201.07
0.017531765,1.662116270907628,85.14841116495276,758.4014826376941,47.30084072,199.634
0.030294638,1.905170127162898,75.40222178,806.2277139335646,43.56633289852453,206.159
0.032179478,2.363615485,77.70486494243148,809.3825784240115,50.30573273333312,194.415
0.027584551004043667,2.3244473203537095,59.463147576867314,802.2425585043349,31.378105792754642,211.562
0.025552796,2.2700224054833145,90.47144952230596,,52.93435155876871,200.955
0.035185582,2.828580734954309,68.11084718,780.2806412426497,57.41669855204781,184.759
0.011438256768227106,1.1458943544068638,77.94980350183148,803.8759390435421,56.341521096403206,214.449
0.021106910113137707,2.638708224190627,76.77324885,794.4940173678146,39.13287812,211.545
0.023977000141235424,2.1486424773426696,80.97985604721268,762.6304930347036,43.60455106913321,199.09
0.036566953,2.539625866222867,68.63373400828523,818.7858686077259,59.29897559367187,174.948
0.027640221432546807,1.6545405837247342,88.38076237193076,813.0667371472141,70.18300455677736,175.598
0.027768977822798874,3.311235351447514,75.43274558538921,817.2682082137406,49.357904241065526,201.64
0.032786006,2.2853816425056053,68.53485413,814.0466052683228,44.42774856954995,190.351
0.010164170307329983,3.5067024062043712,85.80722501486864,793.5087066323467,44.59250868361284,223.526
0.020825015,2.8313560416520183,64.96111439910462,,60.79234119964006,192.654
0.031122077023365908,3.1237566925178277,67.14000112049541,819.5418149135868,62.327653850880836,181.345
0.012285188008732502,2.5541782364429193,80.49644258299575,789.3580760911984,55.656424799856666,211.149
0.027259489552774692,2.4419414870648013,80.16519037618622,783.7608563801593,55.42138187571159,207.534
0.027438598014849047,1.9479598963044429,70.13405656688879,810.2810277119647,48.19945000087378,202.213
0.025178408255618755,2.3438376579037583,70.50030741675447,834.5056969573737,48.32019026203941,194.367
0.018703797,2.053450836505295,79.49523178945566,787.2761786819036,39.09482295606682,211.806
0.020354264933304094,1.8987500612007606,56.55743876184444,788.3030999960986,42.44302287634423,218.792
0.020548264878331807,,71.08151788105356,811.1907321717623,45.84428690509173,215.924
0.038757583,2.488497501865163,71.85646356,,52.18727723701681,180.912
0.030671647107901327,3.250259978463058,76.76625716668406,806.7835869407178,40.31772819313451,204.399
0.027267181929991263,2.781560535578534,69.29906949104884,765.9022792025652,50.58608142682926,202.796
0.035739145847604396,3.121482192238953,73.07061201375704,803.9832130758557,52.095588335134465,195.086
0.024407909747646617,2.6934396632432263,70.18141371627377,795.8645315626994,49.17533773998804,203.099
0.015764089777153087,1.4751224656522124,62.085491239285936,791.6825308191145,56.074234391749975,209.384
0.025103199,1.8526440026062834,62.786179688408126,832.8053246,63.41339621974843,181.188
0.029846629,2.0531779259585425,88.32462806498731,775.3146379765785,28,212.815
0.021991651,1.7017224968732405,65.87442991,808.4009800561865,69.16275547284496,192.288
0.019431023637794746,2.3867636717616745,80.60130893,793.3766315336386,62.90704883847728,203.51
0.030982028021978417,1.9366874136399317,89.58451450650743,764.0682644114598,49.537472293257274,193.383
0.018038456,3.2901240447112334,85.39253053080711,777.6614146637324,58.202552391369075,194.511
0.023627615708782333,2.488584341228046,68.77858960301415,814.5943597418606,67.11994440662234,195.194
0.016519272160177612,2.1482124709303805,74.62030013609562,799.7612047415619,67.32747951,200.992
0.017773992989421755,2.587851351963272,80.95871860094273,758.1322874320269,60.90356850537469,191.011
0.017568079,2.226183070000201,83.33620924429164,784.7226677623462,53.475413377242184,201.396
0.027520218,2.2796637459263827,67.71545058004091,770.6176408408841,44.27519335961319,205.647
0.026061332522102697,1.9431742512524723,90.09761816826028,791.3190930527936,35.09460153901744,212.166
0.018956459296958755,2.794431006,65.69374089952345,805.844219,62.59695414152728,196.892
0.032994914,2.1952608907279973,80.45909080652918,795.3140808781213,52.77319350287386,196.803
0.016749341414268044,2.155458418777222,85.13212488751456,804.2404044279419,48.91261014788168,220.317
0.029905156951300384,3.9742832076816192,62.3111507,818.1940077068313,45.95915366,199.2
0.011925413019792115,1.6590365237164297,87.58342491655364,783.6283784100071,63.16472373545939,210.755
,3.0758651446380076,61.831634397859624,809.0052474108481,58.92182469527394,206.142
0.026574019204707783,3.243177081909048,70.87878706359258,826.4017645667222,44.28529518386823,197.643
,3.1123615603218298,85.06127032988395,740,45.90544035860868,192.636
0.013615007,2.278358773,72.81771183883444,797.7782915008933,36.29646862619368,216.748
0.030678802,2.5214823192206324,72.90821829168522,797.2913965166362,41.94110699611482,199.733
0.02495925,2.610699996835729,63.523708396481865,786.3430550270272,57.47334625,194.84
0.016286685,2.393773148164128,74.78365719569716,806.7090318800393,58.69367257184105,212.549
0.012197136666245327,2.262587401219197,79.85251917840566,816.382449,47.31307639432281,217.341
0.017425726313307802,3.1049794233823054,60.11701478779645,820.5232959655931,53.89382650170677,201.699
0.024470984210653135,2.299077559423635,85.89356979187434,762.1130087320903,50.00135453,192.554
0.028357575,2.286242630535092,81.24574681,,49.485773463436246,184.923
0.030172287537671143,2.7850755188395344,66.93539322019227,802.4759357906983,49.56435403037756,195.098
0.027776586668665993,2.7322880580929714,76.58166858139631,749.6960639266778,56.558186482335046,180.581
0.027331479,2.4593103742730364,61.23666303929616,801.3506469615432,53.17548007714175,193.497
0.027628462451729015,2.552684226652317,73.57788065945394,760.9340801,40.898703071178545,207.387
0.030807730068047243,2.8821893069601403,74.93625701194854,,65.57909100796833,177.751
0.034984048,2.3260415785708366,87.78077955868599,774.8082605814174,45.284305052282875,192.859
0.021683612622436576,2.045234275641482,75.04876817,780.4243761406802,42.119373731758174,218.311
0.020010668445566798,2.8733910946447314,80.50752063576037,795.3388005756427,54.57437678,203.607
0.024977058,1.8270501808881572,68.73198439,832.0220797,41.95525897388556,205.814
0.026582107,2.178843036208532,75.11181169002275,770.7283059160025,50.79128339868588,197.784
0.025286007,2.6454265691952474,94.50227004205104,756.2671720965895,58.46808480945045,174.439
0.019377223,2.530862065,,800.7162459613548,65.84068402607343,205.485
0.022743673091084812,2.1205062827088206,86.10987081929544,770.2572197379816,51.76183329890892,196.777
0.032799746332622844,3.137580926040378,57.92768534937438,809.6185784236278,54.367328999623176,191.848
0.020539502422328524,3.0062227263234567,76.15632219446375,838.8539183013851,45.50306290847384,202.582
0.014025414476188446,1.2632195606720882,73.7567815,792.8456218,58.41430459607259,204.9
0.014193729057641817,2.6840004768604024,94.10458684,777.0583571027405,44.54750771710427,205.126
0.034739884,2.953276598594842,56.11452507150564,811.1749844001845,44.112146650204764,194.151
0.023599639624234527,2.646851407144586,64.37883182077711,774.5006275166637,67.54242472122269,183.846
0.027155493,3.158407666608859,62.13151300636414,804.2732694874184,62.492689541943925,199.965
0.028745959107321598,2.426657555295832,76.43966565232057,797.9254262682954,57.12286664722149,192.402
0.023581027,3.244520584024623,69.48964420552606,794.7825491648995,48.75396307024444,203.728
0.021982968,2.7898026137085594,65.62234252048987,,44.32054673592155,200.42
0.015063543,,63.62540567904338,761.7316535217426,56.264385572457485,194.673
0.018759449,3.0075461377194954,80.74970317456906,825.0745179314599,43.724517023215874,212.445
0.019261999,3.0815280983092963,72.65394036286455,800.9877155090401,49.33842890586715,212.782
0.020755567980868018,2.203504398,65.45630569,809.6005649092046,39.71507181,220.779
0.017694372352893693,1.6437058026203815,76.68387457252214,788.7017666194829,54.72209150794709,204.051
0.027348980081107203,1.6567871853026028,58.154515075823774,786.6589950591535,48.08289158,202.55
0.020958744,2.4234639443999195,66.06780398230475,808.0389518531553,55.72888185892285,198.456
0.043143369,2.9500854826899534,45.01765760757037,789.7348666,47.540506303524126,182.969
0.022425683185899704,2.708812355511485,77.86650636495955,743.0103882137348,41.37564896112937,191.758
0.017963458728180472,3.5438823512632567,74.28225381066235,799.5807627194929,55.078601701337426,209.576
0.023633435746714768,2.179044033200689,81.35278147992523,786.3440199744861,54.14441795284834,201.55
0.024798972,3.063981835866721,,805.2363184118175,57.76888910321238,196.485
0.024635445594567595,1.5674049562727905,77.32825242686798,762.2240764,37.85562160149073,200.569
0.021251669573100637,2.6514509238431656,68.03264468,817.6849427184953,52.97533741694918,204.68
0.017494680465599082,2.235207282504938,64.64373909104917,804.5563908,46.63957189524266,212.418
0.017052799,2.983646914291181,69.04664377590424,815.9068160131359,50.21886391914741,210.998
0.034576144,2.1913670450624707,76.63330625676144,804.7691264419325,57.54089038963224,184.41
0.023166257,2.492235048982104,85.10601486746178,816.8898899342291,48.81498533616262,201.286
0.025669756134687687,2.0856916879483087,68.88764193,762.2080090484424,59.20102183701242,184
0.029153143,2.8876077440196415,67.63201901322093,816.0440589464382,54.638692974828956,193.12
0.028655821149595286,2.453028182309753,66.3146387,806.5491766347441,62.40790768007203,185.708
0.008250183,2.0149513361617206,71.15668775,796.4913548178738,56.24659511579716,213.914
0.025040432,2.2357022141887737,77.87086695332013,813.9545965696597,51.111867946373145,199.675
0.023567982,2.3118139647389917,71.78083158490223,811.1771337627014,49.44144699646072,198.79
0.019969436988859994,2.989446306582981,75.34848510161949,794.8974739880889,47.86581254088369,209.436
0.017037099,2.9225784391908647,74.98136569889655,787.5335542891262,59.38609364377822,206.401
0.038351231728973714,2.2188938260465787,78.93060627163693,842.3355951491914,52.20559526063979,172.437
0.023948734628170237,1.6918818789747223,75.27592617775733,779.1199521397104,43.98420181175168,207.184
0.031740942,2.420786992786119,76.87205776075254,773.998405,34.020615195428206,210.037
0.018870467098541812,1.5329588798341733,85.38249455497277,797.589029,41.02393901177962,213.979
0.030332264,3.101877058462735,71.74479992258752,787.8656031491845,48.27895528979495,205.858
0.020023553186892966,2.0301523824940126,75.33072872320716,791.8382080423363,56.19705336192183,209.898
0.028485487,2.3537896005286716,70.39737270197998,791.3677368136903,43.59112119049436,201.383
0.013735289,1.8490823776778558,95.90202542627217,780.7207073082222,45.481077300754976,215.067
0.020889679920785525,2.5739502455570236,88.60238379235551,781.9460084180093,45.85029041378387,205.308
0.026780522984536988,2.8503032582091654,72.68528595619152,780.4459414915009,28.15684757068727,208.259
0.024542828824712513,3.3890459144125953,72.1425814,836.7430256768438,56.02367548776973,187.808
0.024605894731276248,3.1693621302439743,53.37361231812358,813.1061677187519,53.63757519356083,195.127
0.01394553,1.605037079168966,68.60301833,804.7658203412587,62.32154387892501,199.373
0.029071876929531983,3.230258523312809,80.97730734331775,808.7130222458973,53.65311196522493,200.595
0.018347504,2.4021054257606385,94.51410321190244,788.4055855754328,44.42772662491286,216.56
0.022798314,2.431358789444528,61.929525899475706,785.0197115868274,43.3486217,210.3
0.028372393,2.390149506894104,69.09646065755487,793.3263514964148,55.65897260400758,196.133
0.027662602443875802,2.8526532977787036,73.90170473973082,818.9751826927342,72,175.912
0.024243909,2.6856543071473595,81.03178277296173,836.7036632950893,60.15546421663295,186.091
0.032630884,2.888501233,71.08947401,778.4387833662271,55.283016979914954,194.947
0.037646204669625205,3.0284378822753193,73.90508626,799.1217843588801,46.64230824194941,196.516
0.024003594,2.1052459017183973,72.03562554,789.0913526657275,48.81656366,200.089
0.032581914,2.5191264219263716,62.96951278,812.1939582973389,49.36936259878058,196.296
0.008769904,3.2230981269174235,73.94639518012751,807.6730452406438,35.779747815761255,230
0.023416213873660538,2.8335407639257992,64.01345644583536,838.1882066219032,54.858381289677894,200.349
0.020713364,2.9197491632900694,81.66527292923915,797.0224839404249,51.383250827118005,210.839
0.024101990873893482,1.9412783697225742,74.78179344099692,813.3689250262898,53.71440717640971,202.527
0.018603031,2.7806094692883705,76.33542912352685,783.5830016,59.998587181062874,197.247
0.016430872,,75.00792468,809.3608814869773,52.87608036180673,205.463
0.021946736800542425,3.229475873645986,,777.2208747187601,54.388815066812974,202.564
0.026799084358850995,2.6162761162838786,81.08758083607427,748.2024847438906,52.62816511,189.379
0.015373537941887831,2.724471861129238,79.85077032902379,762.8151035407811,36.55197937065314,212.83
0.022907356998056384,3.0690219772578944,79.80044304772622,788.3910694524117,66.59115029125441,193.359
0.016706979895037458,1.8865037586605622,78.85270371947524,812.8712681644996,53.01439754,204.383
0.016159759455540507,2.505056793241588,63.94392101394733,826.8928108270903,46.63564861998074,206.029
0.024802749655459706,2.654057060235908,67.76596480668553,776.7992357,46.1961039,203.38
0.014698207982363315,1.746587497511749,89.77908757554057,769.1712313050434,46.45446743237447,215.964
0.031136264,2.6578245294351577,64.39933550145643,818.6713430429302,30.667907690026375,209.21
0.018703275135881815,2.474505767020043,77.83545983075969,773.0094864,42.917812203308394,206.882
0.027729426245156015,2.279209075739409,67.77147772792392,803.2513737107859,53.73575518976165,195.619
0.029407386006289105,2.4836920162431366,90.89143356,800.4367999891624,53.04314575035983,202.875
0.025380731,3.0944586647464547,78.03068700880517,766.5892126054543,48.47545556,191.001
0.01737512,2.2785868641895566,72.68242104549326,828.4125424514312,43.208020905299286,213.739
0.032721779,2.654949867830274,76.46648425157638,759.3488878160063,49.40200230671193,187.745
0.020720159674407452,2.7795157062664044,77.91354257003859,804.5901570015825,51.33497374731699,205.827
0.020374934,2.681766752402152,78.12271683942465,807.9397383109465,49.43956344425329,211.042
0.022258174,2.446331134,59.71180819627501,818.7188847,59.50447308482654,191.211
0.019875589,1.912927966224729,77.15861232826421,778.8101619428785,54.06321367499006,201.705
0.020535481032587382,2.4017598676643512,89.41104533632048,775.2614179969133,45.41656251,209.033
0.019414390635999944,1.8080736546722975,85.59189413394417,804.7876916498237,34.670519554172664,206.92
0.015116613643304163,2.9600642943746696,59.416768064364184,818.7296421923537,40.52752550266292,221.971
0.015589317109349323,3.1198347920616074,76.57243465952791,754.7990324,71.50199824234468,183.512
0.026549895932891948,2.2555863939126595,70.10136585092758,800.5495905317653,53.338943606034434,196.378
,3.4243628663587913,68.56885694676866,793.5992618791036,56.654190106381684,194.466
0.020147479237165353,2.948470028973698,,777.7757657266478,60.18587406747123,186.905
0.028665178604013117,2.039826052595349,88.93739055453074,801.3177375654556,48.67000291834951,197.164
0.01998791,1.6081143979390597,66.84611262,793.1588642202713,45.85022059114846,213.17
0.014008050572627348,2.9472660137556375,74.93438215956125,789.9127174864229,,212.591
0.031326642371721336,2.841757637432417,73.88689711393546,785.1999134,58.675058256986595,190.958
0.007282746,2.224693458715468,60.52438995787425,790.1925088,42.59638025671307,217.467
0.017051098,2.509756156752179,72.79713608809176,837.3077345058338,53.90018114511363,194.99
0.02406927,1.8833480315026558,75.25128089,803.0686059120321,40.40285210347051,212.072
0.036488613,3.1316401446400164,64.90857515071625,,41.18911714687293,198.091
0.018870952530133635,2.218940596607339,62.912991264610156,815.1150338869478,45.90498927198626,210.835
0.033537067,3.4548383185488216,72.5281321,830.370707,38.777656210125116,188.624
0.026347891914630515,2.9988074135788416,79.79684091534097,752.5575666,39.127884524379006,205.862
0.033746872,2.7464772375944464,80.93240490741134,,48.156799182320654,200.69
0.021343022702773145,2.4721290378554412,70.27372824541807,762.8969369179282,60.89855551179258,188.247
0.021775156,2.6469059832223505,71.77975006124157,765.6126706996769,52.239529046618095,200.08
,2.0542570612295146,53.36559027,800.0874557029956,58.63117248,192.699
0.011237657675026255,2.727536413416984,83.59113086139487,825.3286563938434,41.347515063067775,214.806
0.024583482,2.675824291438637,66.39942057544205,797.0977902989499,68.45971212947379,195.242
0.030239537790682183,2.666348366474831,77.98155666521619,776.4065710328861,51.55840976795049,197.877
0.040778295,3.0382306781669275,60.91353646721662,824.5693536312275,52.01097949840716,174.618
0.028700985,1.7199692900851073,76.57929516979529,793.7583948487448,46.42210082718039,207.752
0.029684440305934874,2.918807831439009,71.91486340086763,779.1682608645326,43.14803656970937,200.944
0.022983998535835527,2.2249521691848284,65.98628216186685,831.7881272,,190.213
0.027277897,2.2803057254460164,81.98431152575435,764.6221743156178,50.23716606,201.295
0.010127593399444773,1.8685530074065948,74.01919900791015,822.9931456044833,,212.994
0.022225087099550685,2.6624269616440603,56.31163085838329,809.0302483882829,48.36977646499958,206.641
0.016417712,,85.36433130412782,807.0721461540946,46.57338976738117,211.177
0.026288738005571737,2.2761236499957285,69.44374614877266,796.6661468201443,55.62767306323117,200.478
0.019109080184964503,2.8575327304064793,,804.3928068978992,49.909740117753444,212.607
0.019515221,3.2102365668288124,70.75882326134784,767.2434452,39.37999364347371,206.232
0.021656273152017215,2.729618730482133,73.68796455235231,821.6405416122915,53.57922002951114,196.922
0.021311115264596007,2.052857655245914,71.25087170841003,787.4591267859278,64.83265807873234,190.214
0.034611291,1.1228937074319512,79.72468874109066,776.2120472078485,35.894197747761986,205.194
0.029183718288059803,2.6485499053599733,67.86266516990244,806.6337508,60.744084918772586,194.975
0.027384133,2.636525110624171,71.67483525,762.7925050404236,46.386318891162645,200.509
0.021163395,2.890375916216621,57.568968431941656,782.9760724095319,42.714831988834334,206.518
0.024461407,2.4169700498438558,84.60422617436639,744.8677120150334,35.24124541381136,204.441
0.033694878591858546,2.822155856314441,70.17316260470787,774.8395301645876,66.47119146750761,186.149
0.027064284191930778,2.745140187309523,81.90648882491105,809.1855707676054,47.68550683104922,201.857
0.022151391752335582,2.465828029311319,45,825.1265823285091,43.69987750477656,205.931
0.023277838,2.354136783941469,78.56229440128358,836.6514098568605,53.00273512,198.716
0.033203758512010344,2.1589926890670688,65.04859789352811,822.7410216439897,52.71914989537218,186.876
0.023747548,2.082526328413788,75.94844144114872,742.9928063057431,59.264290178601016,178.305
0.016429014575088254,2.5332679060431076,57.213639733954466,797.5307158336012,54.766809278421505,204.245
0.013617247579965878,1.979063972910778,,810.1445016457263,45.14357971793531,220.933
0.025459029549298864,2.6798619215347546,81.04928743738262,776.7419115047733,47.01267018830102,206.495
0.027361435,2.953539492429745,73.13628979813633,806.2250838565667,57.98503148950971,189.173
0.036761229,3.058166343512443,68.67817618842925,780.55679,60.43391342173872,181.675
0.019594379,2.107810049850604,76.90074656078738,771.7481253,59.518870812839566,198.907
0.031277895761344314,2.8860639660043437,68.16406439971499,830.4939352726674,58.889003287201874,178.923
0.019256346561215967,2.537833732590429,70.67530434,806.7638016207412,41.05827187770426,218.86
0.021339848785558294,2.6290964987700463,67.40931059568993,791.4622326487129,56.81403945100567,198.239
0.017245321078163796,2.1773123971101596,75.67609697,794.8095692126329,43.54121253907223,217.31
0.030446401914344813,2.6926602898164065,83.95817822989488,834.8778732103905,39.487994874432125,192.982
0.020446925290918207,2.354230916803387,57.95276605211909,794.7548515262071,55.566512555077765,204.93
0.022421595,3.0033906139631297,71.09612249481415,746.6649948464177,43.59011681556085,195.551
0.007789713,2.3361702030960876,71.67743195854047,792.0323854171659,62.499297109496915,215.517
0.021650999,2.5451544719756214,59.221873821684106,817.5898201050628,55.09358153146362,200.963
0.034637099503998806,3.319863032410309,59.087789072615806,792.5893913349083,48.57967413239396,203.486
0.021392427777465688,2.7094788672534516,95.63535718870932,792.0986365199144,34.08343224683401,208.397
0.010503148875727817,2.468853494944446,72.30349140935097,821.9715363926575,56.819312028320674,213.361
0.027031245699722213,2.7568268605000945,86.49656494784149,758.6642838346428,48.911791233159505,197.091
0.027097544531316298,2.196121347170769,66.73882755274751,784.3518208,59.28174359979366,191.552
0.031582937,2.1431767267134183,85.83530817223877,801.4278236545864,48.864903714008854,199.441
0.01463578,1.8598231731618384,80.31387630792055,781.2334190457411,42.02724418967477,215.467
0.028130820791059448,2.4162099384837985,59.88931831,792.9431529296132,46.09247881691566,214.259
0.032833812,2.7605907399936185,56.84455399501571,805.6338751713729,53.089025687397864,190.155
0.029670089922724123,2.0744562368924857,66.81262850311214,805.7913052613494,52.51643696833106,200.975
0.026879022288885536,2.790371483115586,80.35017114295174,742.6577558667123,54.474350845089276,177.007
0.010697694842220077,2.488021150581853,64.62258045343229,810.5874953809431,54.29783362767627,214.342
0.018447682,1.9114952559317113,92.83133467605447,770.3130789,31.039923438156578,208.363
0.022241548,3.3215419570606692,69.78162907186413,794.9204397,56.93623201,194.626
,2.176577238755045,82.97144913883226,796.2292663,48.992434925598666,193.08
0.020485266,1.9057450916451129,70.15688503750228,814.8444186353867,47.21824984718062,210.892
0.020507160039731572,3.0943484877244454,61.585823639257235,831.3469029,46.692790781596926,210.032
0.019605846909207893,,87.24407103666842,793.7843920649339,38.04725757733539,216.943
0.013509710789574575,2.7387781925865013,74.11835926903524,,50.17804810468148,203.198
0.030442472106348706,2.8258457368323606,77.19938459010959,850.9542947589603,52.69495548964156,168.791
0.027206681861115425,2.689907811536853,78.68259877846508,837.0775810036309,46.408726957388026,196.044
0.025094019540903647,3.4993851429027103,61.69028504240605,813.6503120746635,42.09215410565168,205.537
0.034038079,2.5560868884607832,68.06213578479563,814.5941115948613,47.49260184934479,187.018
0.035001748560504156,2.2152882706702264,73.07010774962913,806.2277200044797,49.17614493396607,200.601
0.023424923619133252,2.660275267666526,74.64634842281203,785.2153032618215,40.31573383768728,209.276
0.030479518651891777,1.7676157046955403,53.773060524414774,817.5043640964387,46.51761468993855,196.758
0.031006206,2.8944178544345425,68.75833005722798,831.9009277204603,42.49052901416108,193.352
0.026143179,2.601639428117538,79.46415566357251,786.0157586955171,48.537456304874695,203.635
0.016425010772926685,2.5750303798488057,77.12106044477218,762.6375217565068,28,214.793
0.014719032,1.6501640552370782,88.48915933562103,758.8048670904117,51.61132653403251,197.849
0.018494009357879832,2.4929513806778734,63.753177257884936,811.5225504866145,43.910250252195226,211.561
0.025708842889197992,2.5707556046471005,65.87761268,784.1670920011464,57.93763620572596,193.718
0.014987334645871472,2.2322132582033323,66.09496834253818,808.4615877904314,43.37667439,216.02
0.026005863,2.7968756603873937,,797.5839566091046,47.80743894998377,204.348
0.019822052376544858,2.3175179669252155,87.17439804,771.490808,68.02841604708156,184.048
0.030825003666302586,2.038042298,68.13813984566383,,49.403205544706566,202.917
0.02657336,2.280091941588226,67.69790837590722,783.1191939810998,54.95044754116733,195.736
0.024249166622101682,2.372612611561011,68.76232913152643,781.5105639706309,61.635991072634546,199.334
0.0273178,2.5713232392325587,,800.0496261201658,50.279116094250305,201.304
0.025043063,2.146528511984986,68.32943825,773.4880125995749,41.296467408205395,201.324
0.028091880553183693,1.7757270926781832,62.13329058468062,824.9373547777232,36.268511236758286,209.935
0.028752406500011506,3.1332839092624702,57.250790946069685,819.8491192673498,48.968235030171805,192.63
0.02452909,2.279526561047311,84.10091141805904,777.0167164511421,40.67487386562927,212.387
0.023869569262385294,2.288543732623044,77.37663375688675,845.3590781162368,48.91300820510755,186.797
0.030975726,2.144781285,76.98376163915268,804.4782404810735,51.00177357819815,190.395
0.011681648787021758,2.9688575918188684,74.53724816,801.7098837655861,49.53444646213847,222.507
0.033062315569825765,2.3603755906617994,68.57399904676593,806.9947791,51.90878287130473,187.21
0.023070681062491428,3.9311367966234183,68.38990899513642,810.1660760491694,46.10443734059313,194.06
0.014830220485216605,2.8066915424305634,66.82244167313706,822.7724764567182,40.03029411309112,217.287
0.033937323,2.802784105733754,68.22791959069316,823.2511807305774,39.84406782675828,193.598
0.028482328180583116,3.164474688760286,89.17116431326355,799.034866,45.66315969190403,198.897
0.015466502155349733,2.5754485919101415,67.07656153849193,803.0132234838763,55.75797263315739,205.954
0.024305856564507577,2.173684803764279,57.70501761128204,807.2902696443002,66.73325406451133,186.33
0.022581202792485027,1.7732346367088068,67.25716356389037,819.7182563380329,44.088105620377895,202.726
0.012504911,2.6704480260444026,75.48601941469556,775.4511070168811,56.71513862572214,207.961
0.012327191717998587,2.6868806527341658,75.38436580765935,757.2495723966352,47.55141103719212,201.071
0.006817469,1.9292102176139188,62.656298410648354,818.8656353307902,51.12047046330046,216.318
,3.439023249253538,55.70904602087772,846.9182731474709,49.915669199061846,166.108
0.038783592852751535,3.586237961521633,66.10340273395074,855.4672900082704,,140
0.041813427919169074,2.802207248,63.010769551494946,790.3090458361081,55.08380561585999,180.714
0.024945231714308888,,57.765185769092156,826.6616293358787,72,181.546
0.017641389,3.2413937846806777,75.16541426747527,774.3751991736575,47.567066490261546,204.838
0.041397901298939194,2.5238615639560993,75.29478053877293,774.1795436110249,50.64405070832085,187.311
0.02169504,2.561154459090198,68.03493906087625,794.5039009442303,43.17623455801593,204.556
0.027758179819254665,2.582179312785412,70.51231682,768.8198031839426,46.43591157513129,200.142
0.027947371312352524,1.9975910873728882,73.36837531182503,850.6033834064074,54.22076578440876,183.709
0.023589228166601334,2.4870313266793023,74.50945611784567,808.5094058701626,53.67670048,207.125
0.018141707327898122,1.6802754439740146,76.79234848046342,812.4801461,55.23703123332435,203.961
0.029083893017636146,2.6758103102183384,70.25614166201525,816.4361159401079,48.102400138401286,203.599
0.037486686,2.9334587133838275,61.11685169805854,812.5652630179374,44.39060673392329,187.52
0.027743611364578046,2.5494620965487873,68.23211537089097,811.8106228,47.02935981,203.628
0.033120703,2.741163176,65.7788822,778.6491278717855,56.09379999511231,184.944
,3.1384610004976494,76.03306055659812,834.4237531971689,50.16114227898006,202.464
0.031513126,2.4198588982248688,69.06276461678182,833.4608508842604,38.98863641547585,187.122
0.028810822872145463,2.8906440066017187,79.62419477741543,740,55.08496689389035,173.231
0.017532077239936265,1.8747999700299878,70.92578131809978,829.4176302354605,51.02412277462802,208.184
0.015456271511979907,1.3089084902924164,75.23162448492545,793.7406724658181,55.95956734464805,210.507
0.032391077,2.3424388669665266,79.60870810518912,788.8874179,47.60285465,194.509
0.020635015,2.0479534713221548,67.43895768586358,776.6426890044019,47.25309045483551,210.653
0.023412279574222192,1.722284260112878,77.88342391263528,794.9826404008501,51.40888909150693,206.866
0.032895252,2.257039687783587,70.10213816689983,775.2673112772529,39.98582325261084,199.791
0.025862035807310814,3.2303098957786096,63.92454165133508,791.6090307898047,,197.428
0.02348043,3.1076859128453114,72.30852466430503,,51.47178840508195,205.537
0.024557971,2.724200388353148,71.10397852702958,824.1630631327315,50.924593531270794,200.012
0.019458877,1.7825378134988576,65.10781231976182,821.4810324682683,56.488806534715614,207.221
0.028247127192025264,2.665792705431815,70.76175314882947,803.0489555,46.749580753725645,200.05
0.015429793576652692,2.4771733,69.99053531523816,786.0390964402759,,228.505
0.034301981,3.4282298417904724,72.01443191627627,825.9945718720792,51.19717375849312,186.993
0.034485351335983634,2.8213974432011106,71.34796345685838,811.4789699216279,47.10287237,195.573
0.018396333648945575,2.8478013763895427,72.38700780319462,819.6865177005624,43.98769970338358,211.333
0.037435463601157584,3.5876335332172955,66.48904351127716,770.3415031231101,67.32020395126852,177.769
0.032944052,2.7224268129992204,61.71032271093891,800.0891101237809,57.080902990869774,190.983
0.022065288,2.432200921304751,78.35915794169789,768.8611643804578,43.209708924419246,210.928
0.026779095612208065,2.0173204175241186,79.15839515328923,827.5385128050362,62.105401942937156,184.275
0.01848796,,70.41719175707954,792.5015197,40.519640286019886,215.627
0.017401304734768284,2.1970122974833965,62.59611941249187,812.5159553102175,30.608705661440112,225.103
0.037149976325486486,2.2585574595242592,70.90391993053592,798.0409789460386,44.605064891047235,207.145
0.016927908,2.032473568946061,68.67656119783955,776.2474238880127,63.876661766535406,198.064
0.030402611910624645,,63.30728128107977,835.0119187295674,43.657105812186565,194.711
,1.967892945390831,74.09470672626637,788.1614210218437,43.02648374649183,201.825
0.024561772,1.592390617472053,73.30613337527194,787.9300312869814,45.73489292239753,207.269
0.020881600796470893,2.560906669492958,62.55144764217137,822.7534077383767,60.868125664419125,191.403
0.024757993,2.5127864431584355,60.63772581260877,806.0771022442308,62.96009774,188.888
0.030450813280845854,2.443607178306448,79.24302188456167,800.7926868343905,39.81436379188395,202.576
0.027744165774673535,2.4635118323359633,82.09645693,797.1896022664489,56.76774005539269,188.389
0.015192940648427543,3.262065246655279,79.57821250775886,796.1663199198159,44.64598834235487,208.04
0.012822994440440752,2.120139453300555,72.19723659050977,754.9974067074094,67.34475229818366,184.232
0.012417958260881079,2.393497531919545,87.87952102239053,784.8934040742233,44.11941941907177,217.727
0.028712477741949766,2.7791868746902346,57.71754835663358,815.7670301742303,44.41018044020882,210.048
0.027674471764237787,3.081600004861983,69.46366974200441,802.3266876818361,44.837912938125335,205.559
0.026111766220530856,2.370844127837568,54.323676265171414,824.6243369284965,44.37683136496013,206.986
0.019679250448692114,2.835470015,76.50330027518645,749.5007517066362,46.40382656173353,199.225
0.005,3.0637751220390634,73.42632886512527,810.5126087809645,43.672690985499514,226.107
0.013800013378254207,2.415679484933151,65.48762311,785.1479359247695,52.21579852524995,218.343
0.020540659751700358,2.331458935223159,67.07253960827109,807.7691107049556,65.31421094264255,191.97
0.032477216632441394,2.8347670501065965,64.54733142,856.9317206446302,44.07953279418766,170.7
0.016400053114660456,2.1264644290541317,80.79397607179898,790.3007041868112,45.481712864708165,225.248
0.020485209,2.2374584224656813,73.92863046897288,826.4766439181383,49.67264077,203.123
0.019159297158894025,2.395655551049605,81.95651492804835,784.6552931066938,56.27075007886188,209.084
,1.6444943576462336,62.23930921,804.9202439884625,,199.965
0.037159659,1.3555143378347476,73.14145848165197,840.3467024551073,41.372009128282826,182.733
0.038931966,2.8306627805168088,57.54413327895106,851.4089306720296,51.080849045908586,163.25
0.027724285071660484,3.2521899564029395,77.43548195,812.2766903042585,57.68654140505228,194.807
0.026012211412553832,1.5144546568349915,64.09783915437448,791.9978605,,211.572
0.034827707853920885,2.90116767,80.70980453633697,806.2228128637605,48.488290060666976,194.132
0.023846843,2.986519291007719,59.96859683610869,785.7566649947411,48.76557436374874,209.391
0.028618811795980796,2.671076337841941,65.75338957079182,824.8286920675919,47.128286275598924,194.081
0.016931591,1.2337958854215585,73.75236682847225,821.4123064374869,30.526578477118345,226.941
0.027114004267259108,1.80720467,65.85079736150905,808.0411404270028,54.03915696308988,197.765
0.019868083458048115,2.230837488341819,59.55700155859244,824.4499528788386,56.540812367394686,192.541
0.030953488,2.899324260989522,70.07133011306628,791.6734367168514,59.860183090056665,194.724
0.036494355,4,73.67484069585768,784.9715617302084,50.36075927895721,194.619
0.015310750004778741,2.4398156046861263,63.40024952055256,796.2030784926379,53.22713951859837,209.186
0.036647494,2.3464365919919272,71.46074623093551,789.1076614738729,47.755067884504264,196.356
0.033918271,3.8433602738041173,65.31322546100837,770.4309301662365,38.364132528680585,196.655
0.024216479397505018,3.2431181677327703,71.08976726966578,768.7146937830012,53.45443977692039,209.49
,3.0947128565108692,77.67984078412326,796.9194324692664,48.392202539165524,200.827
0.022637443,3.9675989616816807,59.77364736745014,814.3643068955686,47.62407542857614,208.236
0.016657283,3.1576596184825565,63.99597553510722,769.6674681522312,71.72414397,192.766
0.018424081,1.846899289938221,63.51528628,845.2984992229601,44.05685348,208.045
0.024414309,,62.60826877863863,840.0830371215474,53.70428945327943,189.287
0.021728429615238416,3.2257874079353632,74.84118669782832,793.5464656628053,39.62460388730752,213.506
0.006114884,2.2228422761729796,80.66579163800974,782.0844019208632,50.082459219517354,224.412
0.027836318995542567,,83.03045295305871,799.3853898341913,43.322157515493046,203.931
0.034316468268383846,3.355301918548427,81.36162484537107,753.8666419658771,56.992333193946344,170.443
0.020733949,2.6088105727497304,69.22823872296317,773.0553242575708,49.98360902948884,204.795
0.023381116251591234,2.5404980045599674,71.33733161839432,784.4991881330291,35.91343424985435,208.209
,3.0802325213475443,78.91450066196035,778.586276,59.67874783751412,172.914
0.029465646807613426,2.9446553680357206,61.50056549889508,756.5388954049849,47.93005702218977,183.192
0.016813783570805728,2.827391662465605,81.12151314257407,810.5885870942407,61.33055625370417,203.904
0.031002522169120188,3.3052095234788643,71.63958117070649,783.7750196617123,51.97263646378803,188.881
0.020130314094978806,2.987193493834224,59.15476713512362,786.5718410179798,50.83194274418186,197.972
0.020856050549556467,2.479948448106473,68.31992804687157,,44.28798288828527,210.768
0.03537797,3.5045073574476007,70.70701604106495,797.1902040919255,55.04077204104968,198.463
0.038376875,2.4766329107920138,65.10612954405849,813.1692051589805,53.54046346230271,183.794
0.03595345,2.284140514,52.18801936212809,848.7269043418345,44.376383026074464,168.162
0.023403880651449643,1.4224548757126645,76.90468449604461,794.0614255,47.93059009,205.126
0.026415448,2.4272684224348717,62.72429294289004,775.5819553423402,63.438184939159015,189.034
0.018793979595442597,2.280854981897162,,797.7138902381878,47.541028619813176,209.646
0.026856201068645086,3.654870281516142,70.15833701,791.5343970488357,48.76689449763551,198.235
0.035366713,2.3924772707342323,73.63893991195847,818.3064848933622,53.80705240842378,188.183
0.009529508,2.2895030018525566,68.60001675159461,850.5982018671681,53.21828145587355,198.841
0.030578206,2.4578955240099596,79.62700097801675,843.5433396329245,49.26233159319934,181.802
0.022745155933570446,2.907622235,80.33940750918688,822.8088371902212,46.74392291217945,213.755
0.027877981221345015,2.820527615287516,65.43282711729475,843.3747613,72,170.909
0.014383577,2.726843910034083,88.81359047067131,775.3727378988872,47.61992267345149,218.889
0.042591812,2.5943211362754974,71.97294190325668,792.7624875840601,55.17726860304222,182.102
,2.136705393293363,80.82210906600083,767.8776612292775,34.40641661872995,221.15
0.037550717342635466,3.319335212641932,79.25753632359232,833.8239142002548,59.44986391036242,170.338
0.020161695188340118,2.736642916505799,69.16928862216623,805.7333020342356,50.71379336882892,201.342
0.031833633,3.174636878,60.86559917762822,808.1052586780274,49.74572252735623,202.608
0.038892572,3.080433032919137,73.93855265,795.5832582956995,43.38154506956308,201.264
0.029936930784289426,2.462092410991066,66.44025853171821,837.9289060677811,52.91291671502598,179.605
0.021328345973294797,2.3398057614928516,69.84830189322659,779.2897540318294,42.41876914848817,210.022
0.024600680736519047,2.4083398833820917,67.24374306,,50.96917072217795,206.712
0.024107147436963076,2.991704782998259,74.96196584871043,795.4956889483076,42.75034109471153,212.051
,2.237028603346697,77.70468947508445,754.1158527952165,33.707713355370515,205.291
0.026688525816983645,1.913237003221648,64.51719317900059,818.8547161507797,50.21542659413448,201.684
0.015966087536618323,2.154640797557375,66.69926695868583,802.5205103265247,45.18049373612845,218.335
0.033372436,3.1166636852643808,82.53105868350329,741.7466469095006,53.725775926675226,165.87
0.03198498,2.476931851963907,69.50727025539388,798.1498138063977,50.92506315421929,202.551
0.023170124,2.431151374,70.64359491421739,786.0490917560777,56.55755269141521,205.509
0.008376761,1.7975436999158085,89.44172070723164,811.3754814,48.295765874867065,219.187
0.029895270332927628,3.205328563907842,91.33850667063423,777.7625339907247,58.13366912927066,187.361
0.015462528070195096,2.293722966522052,72.76903022157455,766.6661528794107,54.70986486048388,200.703
0.023268557885122342,1.947132807074797,,783.5988016151067,55.41540906658135,201.039
0.030471409,2.923642751260118,78.47926679251303,803.4161827070924,,185.746
0.027643438442969744,2.0329006267478515,75.36400497757086,807.1128812882577,64.95750666861804,194.039
0.018097844742264804,3.1478920931635663,94.17854705906342,771.4083797304125,59.253933760294935,192.687
0.040500399,2.235670769328598,71.48772686,814.3283123846538,55.520460777732474,172.305
0.032488608,2.9489900089519323,83.54719665582107,811.5054932147852,51.23466153965887,184.556
0.034790277,1.971011557631397,58.42995537354697,831.8980673187874,48.59925712444048,174.224
0.017528824735218242,2.3531005800639213,71.90187681,813.8419068666685,,206.555
0.031613277,2.886519618855577,,816.3997790642497,46.00500764646164,193.021
0.035573995,3.2589978943561215,68.94032573073665,782.5932770138403,42.42587680593249,195.697
0.019432699,1.9680442580265805,82.55244781523805,740,48.09664227910459,186.46
0.022267560438398892,2.8441528616655907,61.82892688776652,810.3862274746963,39.03817106139384,214.716
0.025442965908030486,2.9546924553396128,74.05966079311062,814.3321926619525,65.46036758870046,193.129
0.038877566156157395,3.0832646447840926,83.68308735,825.7561599836122,,175.246
0.021901292,2.691325293874973,75.34881937406159,802.2074806727952,42.65945947729655,209.532
0.018022933850739196,2.789994953047233,64.15022415683717,812.9662398267283,53.13515769809827,202.436
0.025218853,2.667934325453906,87.56058365950801,785.6858297318272,53.00267708086395,196.361
0.021438264,2.820196711877187,62.982846853853715,819.549973,40.565420277828295,209.434
0.013509473155498969,1.6034133086113385,78.52698447210157,,64.79067488101062,204.015
0.030458142,2.4759728463577617,76.21534512656046,783.2823392648684,44.15469235410543,193.679
0.023069115096441547,2.2767661474832264,67.62586079073817,781.5726866,66.19949977118708,185.185
0.020404467148644356,2.706307605720808,70.71613022370786,,35.04171241803995,217.374
0.026168532947058724,2.0028962504038055,76.41342653600928,791.5597710002721,33.77173860302071,221.194
0.02513883,2.2374255125707014,76.46894774283969,775.441048,32.62165436013301,205.237
0.027997260097325033,2.401771325470816,67.80547819231896,813.0701678943542,60.23735463569537,181.661
0.020018801465117454,2.494302295772808,50.94956475963771,797.2861982858724,61.27014633453221,193.064
0.036343228,1.918330285531242,69.56303639806579,820.0415199010275,47.15545810328863,189.092
0.027922993200861036,3.291120795735915,67.36150217794977,782.0325786541516,62.18788574763753,193.527
0.027670649781029653,2.5011758987062516,67.30584735340969,775.1505006516462,65.41989079065712,186.651
0.032313051,2.2472942764601385,79.44357480582066,760.3478785,29.18749509,199.178
0.024516748,2.8206895449597775,62.942663939932714,747.5824168293934,43.55570591960147,188.763
0.027881196896719855,1.3090613462297045,69.00066322788771,802.2985144370164,39.956070614555465,211.973
0.032127964,2.0996982478126114,78.92283488473228,822.4751100217704,46.11615863395736,194.795
0.030580946871458334,,72.46972853986671,804.6060494500261,58.65170533,188.519
0.035070792,2.726445870871418,83.87983988034264,798.7533713484127,39.49556606727746,202.124
0.029624936277458797,2.5848387951450165,82.47457505539127,759.7433742742194,53.62382815455661,180.456
0.018779404672148125,2.8420123657866427,,803.5957041906264,40.11723230739607,214.712
0.025899333857641163,2.0259162136783404,86.03490356839475,767.4393265987806,53.56824778571457,186.587
0.012950060258686969,2.0959383894802035,58.11010471510275,758.8356563461546,,205.25
0.022760556,2.8734637019325366,77.57299821993671,768.5718073941607,40.19915593,209.184
0.036285006,2.8304190430043783,64.03038544,780.1570443791159,61.87068645022943,181.939
0.020529259998993382,3.336105799397984,,827.1839383448962,58.171553486722296,197.936
0.022631117911571942,2.734933269,57.70320018334571,789.3333644422139,53.351358487097706,192.585
0.02637596,1.9759084789918453,82.35618699495433,806.3428829646181,48.143591241611915,198.796
0.033324761,2.3270018542643722,69.90666255,851.0043663,48.33348311898988,179.572
0.033016365,1.7579103165459746,69.30020602684681,814.9059303453854,57.71806529164118,183.776
0.030168677886391562,3.2672847884002376,76.11274185436724,774.7643758732024,42.998142383198385,209.04
0.020339888337453635,2.8038920224138177,78.39360745014153,806.6912660054787,55.15214791909499,206.279
0.027066990077915323,3.1137342844660116,83.57442213761885,815.9409283927448,45.12105901860476,199.494
0.024154514,1.6074996415709202,74.14219498297192,805.1797485556697,51.54988837383631,199.859
0.011028689266208418,2.9686042149046576,65.77361189817012,752.5034814900835,40.837111709187056,206.77
0.019546735,2.1857799046145305,58.74640526186602,819.7454318442655,57.33945791005599,207.385
0.029057574,3.604360122132265,71.23545556089003,798.3012134914344,65.57497345267404,188.198
0.027999223724956637,2.7730626013501163,67.80593179410108,791.8699885035398,45.845760321811106,199.256
0.013275017,2.136038012131949,82.97699700591062,775.4575853,44.95956358,213.973
0.036405151,2.647723499366654,62.96351961640124,823.7409781936094,63.47577636512555,179.657
0.039686334,2.8160287222149765,68.32630657,788.0820691138824,57.97759575452189,190.704
0.018979416077261703,2.4148149657811513,77.34466822078596,830.4472498035924,45.04110837680351,206.933
,2.3734539363147595,78.92280269603543,772.5711238087493,54.443174693140804,203.756
0.028320262,2.431766406632238,71.46691615809385,797.0311068911188,38.446668557885836,213.944
0.027931196202608224,2.2974993371169496,,777.4726198917824,43.42486504163061,201.898
0.011272863844649128,2.731301105598679,71.60298743773251,769.2627666550669,42.18545547343604,221.64
0.018733404,,76.71809038064694,789.7371157,51.10614012854387,213.437
0.019944106,1.9858888423304033,53.011699119104065,839.2866924780394,48.12141739,200.829
0.020496967734787513,2.6850271223189455,69.09511732089577,788.7130592566476,37.475207589653635,213.535
0.023021355987779282,2.8501544932058893,60.963781017661795,791.0389022573133,51.93391760915012,209.124
0.026100397354184124,2.5850534143549626,70.78572120610862,809.3434796248358,54.71311934187181,201.082
0.029683148,1.661381614240945,83.80072049778653,812.9946835544366,47.36246199948531,198.859
0.03125599,2.1875116614230508,73.40311272,805.4466196041536,44.69613559581867,196.918
0.020270632377416557,2.894467270401661,76.54123591088029,796.1866950880986,49.713636157869885,213.984
0.010312247698608711,2.6441248781045394,80.72126345673033,766.1673191012401,53.46936690069036,208.515
0.00818399,1.5296123687790617,70.53154193240061,770.2828392451389,50.37230462146854,204.902
0.026584536,2.643931597424276,68.84747442013757,848.0852796790614,49.86887728323994,179.151
0.015842455949223684,2.751929725356811,74.22654133897366,795.9673914926452,52.06482267953271,210.775
0.036998559314401144,2.7801831221739954,64.65721531832438,853.8047803723812,42.31930329276682,158.215
0.025364955,2.3130896033309787,71.65292053580194,830.8106929068025,52.582752799852614,199.765
0.024208327486730814,,58.909766889639684,808.6988896535322,68.30752666744414,182.319
0.021138377638112698,2.397838947987049,72.61116375548741,853.6985339941469,51.282553348716476,200.621
0.025392926492392644,2.079454615574546,76.51689075663276,810.6842055545012,54.43948664854719,203.154
0.016070558,2.1178294927251047,75.4717263,,44.62330480469864,205.708
0.032029021,2.7560809038962844,74.45198080908892,809.4984291547614,47.58987248840424,194.593
0.015961628481835778,,64.86840317965182,838.0299178004225,43.3555913,205.416
0.017714641,1.858632017422548,71.45561721,797.8783770622504,50.37962741770086,213.017
0.038564601,2.663862049596541,80.34573902076362,792.7594427700934,51.66756957817467,201.941
0.014039628497525597,1.8650739653694561,65.27251497,768.1151406616407,49.14053189660931,206.241
0.019472635,2.6130284595820297,78.87670003369765,754.3712775199548,53.402632359997035,188.161
,,57.71662325881651,789.545223,48.58337965636094,201.548
0.021202722633455375,2.6880435818010917,81.66072695982527,776.2484349,45.08358525098592,208.751
0.030001586,2.379537624106406,72.29235632665922,799.5325107705316,45.668767421317426,200.363
0.023399599,1.8089818178680677,84.83256383478309,755.5994629090536,43.56116711434112,201.833
,2.468505374420479,68.45666308306613,816.7019473492561,55.945817725254564,193.727
0.034142215381788674,2.7628136117563744,79.54200827816837,766.5353555614465,47.699844407573316,195.369
0.016737393563555667,2.2940973313315194,79.07348862442791,781.4791163498486,39.70767410911158,212.014
0.030371444,2.3535441670268074,74.42028945975753,829.5124505263179,39.44438431612131,209.733
0.028602817139375583,2.555279920443933,69.31629977916906,817.1710806683631,51.18293834478604,198.347
0.017649845772584452,2.621755914041406,68.47160201441302,829.4285430225025,41.97376140268692,204.55
0.032771831,3.065807199438717,55.27610622031125,835.1075247,37.51046831823434,185.736
0.022105809056896256,2.4224692623961515,78.05668184047656,800.3253862072469,46.248115956409876,212.504
0.013231898133985738,3.2233583912254504,71.16422965861543,855.5159176952891,42.77167438449784,203.175
0.0189465,3.0474491379633672,,828.6588840790196,51.81775384865463,200.527
0.031937276,2.1540724742460458,71.81563510096373,777.0677639,43.71959911411262,202.493
0.017406689,2.637998306,62.38431233942609,810.8374545,43.11197953952179,213.162
,2.9369387080971165,72.68347600117002,771.7080909948777,49.59940287021787,201.193
0.016301016452262104,2.3101368109039933,87.50167526090655,759.4288827668032,42.489150158086716,204.248
0.027144029924910416,2.386594661004104,79.82921777632896,812.8682784977017,65.95434690168892,187.266
0.040642309975913914,3.1485467103528277,73.92103121607582,754.0063789055948,48.57373002454141,181.402
,2.4350783284102295,61.82080787373167,813.2119663258638,46.36187984917365,211.451
0.038912155454294564,2.7245874209500895,74.77944631,785.0170931638112,33.46291256219935,201.761
0.0186236,1.9438065708472743,68.18681124617797,806.4113044640856,39.98611829298441,208.397
0.021808849062741192,1.5486408663035698,74.40974733767425,789.3277151314293,30.91636045,221.835
0.029295750619878966,2.2430036519039853,78.27783206863509,799.7232273234107,40.76266490400275,203.317
0.022133696432034795,2.5585167861868947,71.21909948326606,793.6460350763004,43.431245762288576,217.684
0.018135913,1.942304673591627,78.58405624827742,794.4660464860905,43.25946107,212.228
0.033611807,2.9270444953676718,69.19650869911908,768.4901954727181,51.09841001309659,193.489
0.011924862617792537,,70.83048603262489,856.6871096765453,41.020479027139814,203.667
0.020777652160092062,2.9025216182942217,60.55795179119942,,56.22278670931291,197.831
0.020729732415929257,1.2917573007039544,70.55372346,760.1726841488523,46.95331309049959,191.416
0.025987135723132607,2.4309714087574164,52.315408442970195,848.8262916527726,53.361745926897655,171.407
0.024073603724560532,2.352797572976302,48.10665385618033,796.3173901562774,43.70539121688556,201.042
0.027759327624417077,1.7285949233524698,80.18153593,740,45.0426387,185.24
0.015364975107503492,2.75150956,69.12915736234615,820.1329110215472,45.52908688688544,219.674
0.032142942,2.438382246775602,69.29870038176331,817.8391824055798,54.92656696472917,190.409
0.018447191287154344,1.8840097692158815,69.47287189944247,819.9751360869598,54.255523571246044,204.453
,2.3577163875113483,71.60051287271313,765.3854169425276,51.02404156067241,211.897
0.020249119,3.2146825019027045,73.33287721820247,813.5473299,47.67287287885683,208.084
0.025534617981468888,3.5947188479883776,66.86056336132953,806.9095423357475,50.94368309668313,201.563
0.021343052,1.6814577742578378,70.54064771676273,783.8424612566869,54.14406791096274,200.653
0.034441141,2.5927688620701295,85.23328792668651,774.0555263,47.00735220557309,199.811
0.021149524165712735,2.312988704664724,76.96539769116121,794.1617920773444,49.35741773451565,208.421
0.018279491,2.51535494,63.781052989318695,784.8303086,42.90357764614348,216.09
0.040840266,2.9988465527356345,71.87990421979647,791.7656334607761,48.53974436830913,179.921
0.021174832,2.1764743742944135,72.42880524701198,808.8660780284072,53.290982260894346,203.178
0.020595954,3.1018823499338946,69.76362267678543,799.5010410075524,58.42922371,193.453
0.020378543989956765,2.9992217113956143,77.13724687,808.9381846699257,42.04702643612855,215.901
0.026660636,3.075885817889397,76.65773622105537,813.7288227900841,49.51471432689459,191.741
0.020368836,2.8303013924045297,88.54220856483198,740,64.20967861203069,176.782
0.027464023,2.957795196473966,61.498574684595965,833.5415819430451,42.80185461311014,199.835
0.027025696643928246,2.3398153969968636,72.77101338926401,812.6246268870893,54.84542453928147,185.81
0.026474716,2.961385615,79.88650601609353,774.8207728082282,33.542987481676505,208.791
0.023351411615282414,2.2797159705972603,91.28221237960369,766.4680992749034,51.00704519399145,200.294
0.029581908632617483,2.486411102904796,64.27522560490212,776.4336305834363,55.014191006202466,194.468
0.021293996597074656,2.056296943306073,73.00676877929176,750.9159426157892,43.62561710019368,196.37
0.025820008357243705,2.7574316662035088,51.75053462545935,860,63.59929842255344,168.37
0.035084747070614236,2.961322660716634,69.52347269545682,860,53.77696589117717,154.419
0.019855899976001446,3.3591608121696783,77.84188049101898,841.6490685573647,49.10938466240954,195.551
0.039877378,2.130307620622991,86.82207532,798.5853972055704,44.75435539186686,194.758
0.015423432014463478,2.195514323986648,,773.5809570863972,44.98985640061744,214.304
0.016473523792924057,2.9085365124354166,61.66846870541408,795.3229828736601,54.03295633,200.359
0.027683365832009133,2.733154703985109,,818.4042842,61.541089284610486,186.269
0.039284184,3.0932130574789545,66.84413852168706,,56.65312699190897,182.759
0.024899857,2.1069737016761914,76.95599603467487,740,60.298183474635806,165.096
0.016620808,2.5643889363889047,63.89515438,789.5787307157033,53.87810601874652,202.609
0.024301015014001497,2.395455871027788,75.56854473333482,815.4536520822362,54.980482480817756,196.016
0.033926131,2.6830238244222486,84.74685349020439,746.4212601469762,50.65907542700745,181.246
0.027294992,1.8373977663487988,72.85102489127938,835.1126590847837,,191.897
,2.772635208268799,66.65645519892966,793.8145505797988,55.57921672812317,210.043
0.018896628,3.3756293995773423,77.31580617057053,,55.88320835754514,200.427
0.017791016105338904,2.3979321526818134,74.85109385379697,823.4378858,55.09323232246219,217.626
0.015923200540139626,2.6410354861198293,83.94022406925123,759.9496077503603,54.879015431811915,201.993
0.016684480033797647,2.445448111752662,89.54836907325965,788.2427176304833,55.51520492091837,204.788
0.014970028144775185,2.8365422406625322,74.39233045038839,741.2530480132021,58.30927699763546,185.945
0.016466946833133905,1.843551156,60.662247743968315,805.5891313750625,62.06832193491568,207.514
0.019828023559825526,3.2836313385656815,,795.4265366638656,46.75568192688245,214.571
0.035734446,2.709486260663834,74.03698351999113,816.9911967736598,45.153821379146905,188.66
0.025787560667008824,2.745078641494147,70.68352528386364,787.5159690402371,41.40500900201637,208.824
0.024426833,3.1624021808010863,72.79543125,843.1173262202378,49.60391606859799,190.185
0.021307347467840396,2.152622971408621,65.50114089982227,834.0063186445431,45.24341364427051,200.733
0.026559165,2.1596689263869826,65.86810457,780.8679048923709,49.68612353218946,202.199
0.024898505880107034,1.9664094725720171,59.30076229882443,799.2997556,52.04831426049983,202.527
0.023341603221338693,2.5292536819891573,75.39449357106098,819.1612460283183,70.63414608771478,188.8
0.037533898,2.570908185537007,60.11000050606252,800.1913409447462,52.257875178906815,182.672
0.015187561,2.860628733,68.23229311875751,799.1046004643546,68.91233676318267,197.647
0.024157739321738217,2.0533991612451694,65.97677520244461,779.7958399990715,51.182879769348716,204.766
0.035311633709227505,2.9612857228280545,71.18299856451932,780.2049021922115,43.66696993431867,191.438
0.022535008,3.292758095726997,79.69188777818592,761.8204012302928,59.09702385508567,196.761
0.027415849,2.742859389270916,76.29104099892228,778.1460745,50.81961336408652,201.429
0.014349235611970766,3.357637624963435,64.79667249960531,772.9650626386183,39.10061340842972,222.038
0.017407096258835457,2.6868146103466843,72.42328835225928,842.7776835949824,51.91716679681994,200.862
0.019194153308676232,2.719530164041607,67.80224858025734,773.1741055829874,33.38073515628432,225.523
,2.5717637077480404,60.12581505138736,822.1907689842028,49.37558048,193.359
0.020656067277620146,2.635909707858864,79.51447705461617,800.4178025788315,40.45230133537785,222.671
0.035643816206301186,2.8358237866326923,69.00501483311459,797.0066127420656,61.856983234134255,189.08
0.031008769,2.875993553456019,81.24589566433475,787.4010359,44.825147507884694,198.391
0.027736237004231654,2.4309429769496123,67.76520875161033,797.1835933854188,51.73468178749369,198.185
0.023439302570570284,2.3623081635291547,70.79810882753812,835.2602074038953,49.77999235,191.448
0.028759254308776676,2.184659259377836,73.19653077687481,773.8288991315952,42.731562465583416,195.7
0.020587849707828197,2.075344350022589,81.20646681301673,,56.03397109156196,194.055
0.027411945,2.785750275972866,68.23883725317599,835.8908620757891,47.050656821352646,198.217
0.019069695,2.5182675003157162,65.72712239391413,840.1277225879245,45.24836342950915,207.237
0.015215546572777527,2.725820543854966,69.78733100599764,771.3314905708995,55.325343277529555,203.298
0.031944420819797564,2.153808245756615,82.64347791760152,784.0706934650199,45.64959910196936,202.813
0.019044373293248373,2.7246789905242186,78.36870680367043,759.9699623888978,46.43427516263119,203.405
0.025059238491829512,2.8985744558669553,73.18124385052863,825.4179875837193,50.420692891105084,193.819
0.036263168,2.297749077373147,82.75104229531925,805.3196756439826,59.516396434250815,185.407
0.022486034,3.222607643266008,78.78490913,808.1030489,54.229080129905675,203.714
0.019666767525104774,,81.06794415310976,773.8044559214816,49.27216494572441,203.153
0.011497379302089699,2.941860726531392,61.59642057390176,807.3087914681203,43.38854949186698,221.364
0.028414904058430203,2.6049688695218958,78.08852927035886,781.5521787960346,50.442857244379375,200.53
0.018688547326526368,3.2730371345028453,80.69730176568673,778.140559,54.586499768375674,197.769
0.027732430843066747,2.139156985278875,76.36053753363763,811.2885864549226,54.15394507875622,197.246
0.018218104,1.7278795657239412,69.54270237,773.6537496434481,45.75206943960662,199.87
0.029208545044355626,2.718372450372891,74.15845597,791.0649478937527,,203.576
0.005,2.194447838,66.57465851840578,820.0758621542041,,219.922
0.022863614078236456,1.994223037568382,71.78541694719299,810.3651969,52.622618144047635,207.412
0.016728089733826244,2.551641231592366,73.15044371827113,804.3043613793262,61.15613733537281,202.759
0.037901595,1.9512789794928045,86.19598556520837,751.5245747522506,,165.482
0.027735617,3.222117217859668,68.83797626,793.2024934014349,54.546534567418355,201.303
0.020810367103807743,2.0254574418210147,74.39831474,793.9298536374307,58.833034749625014,195.38
,2.8280166306708177,78.30107214669214,781.3213198478217,37.01798745581546,200.959
0.022617220312379553,2.823849404684337,85.81071585413595,826.2391488497087,66.89782590296582,184.5
0.017584184127000198,2.599512244483032,72.74904795800781,821.7052563076387,40.966783304692015,214.811
0.021736503441098967,2.241850345205513,67.49019464835797,809.5627661919925,47.42772260642123,201.692
0.017859635,1.3403077938709982,68.74084787462691,796.9325855106961,58.26336254545736,203.441
0.023995770943712347,2.5034514820718425,78.22237041549862,798.1209948680963,59.55007252317108,192.514
0.028153073769152673,2.5205047521123767,74.71007732,771.4640735072755,53.15049740904836,188.786
0.021791612206643173,3.042012781559011,81.74849062597792,808.1356097,57.75075465337104,201.993
0.036769323,2.5613786429559546,77.90734678863579,801.2182656697813,55.84688572995161,192.728
0.006617368,2.053863301642471,99.38316598896924,740,31.540938177381964,210.591
0.033148541479065395,2.2952325577929913,64.69342174115579,802.1298572510128,57.17533685048817,191.142
0.023552016771247526,2.349487568,80.09755337168693,751.5305985083368,43.50617926794105,199.376
0.026572391,2.9074826140531256,81.83230146275731,805.7084234847957,48.15136871923314,202.06
0.030782265320006608,2.5415373678068067,74.17577039516243,804.6815851774236,58.10815849595478,185.761
0.019422372299164846,2.9485225599178735,62.80394544135921,792.2351667121399,49.71228673,215.68
0.010200683958358802,2.5898140906873177,78.55368021589845,806.9888628143847,49.764000925241774,224.65
0.011836297,1.7983377359226387,87.99133616525509,790.2188526039629,60.05559950681266,207.516
0.021258474116998986,2.600525456136626,76.06593516504039,793.9753330963674,52.83192977539795,206.053
0.027434403464224648,2.8724320937153767,86.43989262116277,770.4432538513962,57.081497156568346,193.733
0.023610658057025304,2.227906164727675,91.64987262718142,814.2037576668557,,206.845
0.033278302,2.8088768986707984,81.92584643,812.5907811792641,54.547067218477785,188.669
0.017597824753328883,2.9642334094846965,82.21529705894986,794.4969688426811,48.39162314,212.239
0.011214194190438932,1.9537498249875789,61.00754636691537,814.7105033355587,46.07916339874762,222.553
0.037269003,2.3087950155888817,60.266350169006635,815.2497415,46.857969115071896,187.645
0.027921004669480207,3.037735345934601,71.85656366161136,805.2798457446795,46.66123400456504,215.703
0.025981470452654327,2.4254144573796292,66.93572324983798,799.8313937389719,48.320029959627604,203.888
0.011357834414047892,1.985983198449914,84.45577210415667,820.7641133683481,48.92779359992369,212.235
0.016365904024000177,2.239464335639026,61.69773303145819,806.8406931316981,48.013228777631376,210.697
0.029090313162386028,3.156568172972284,83.46302475,768.4553528185577,53.982713500016686,188.882
0.025530082410774382,2.4406839951816264,74.30287460300762,792.7036116327847,49.46702125354683,211.685
0.032477503,3.1419719508923865,66.99391201307236,806.8644969532597,64.34287869298427,187.27
0.031504902,1.6651075814662777,62.67571714054413,855.9108305250644,43.722828052967756,169.392
0.020228040708785304,2.021708118483162,79.81739445343243,839.6089879742372,55.94540073595534,187.758
0.026849193677818763,2.456865573658343,81.70473515385788,792.4057065498672,50.762216036491196,199.906
0.012388395709777402,1.7226664954180357,78.49954913501907,769.0206472709604,32.12358500015297,218.234
0.014456324098005747,2.3024940277794177,66.27978441532744,801.1412630485895,55.19779421456272,205.726
0.029882129,1.3612155042431908,67.84433107595487,777.1276333331173,58.74906626463505,181.927
0.030959407,2.939804118888369,76.13478498829971,806.0096784356032,40.457119573555254,200.034
0.013738774148193645,2.736401627377689,51.104978472052075,825.2996584148003,42.10116720395129,203.974
0.018189428,2.5410822550992798,72.89225377,817.7715883664168,42.228096952837475,214.681
0.019583932,1.4959411276456307,76.71944204101442,794.2450876813217,47.40552273058471,210.602
0.017361428242809816,2.8474522250901306,74.88535658338265,810.1663912927647,51.82179465475654,214.861
0.025292606290031806,2.2679447635740626,83.69374205646335,807.1631632,48.613957331169225,201.885
0.020121279408430347,1.9100990190848557,75.18368681606017,816.7030685098528,52.04920309883432,208.651
0.030694980051732042,2.2542237857594096,66.02070321300283,800.2592738584359,53.73824227894884,194.723
0.036793772149041754,,63.16206169963655,806.5996329323258,48.49254664041253,187.092
0.024201844425746064,1.9620571102238962,69.92324675589242,812.1994150778711,39.416635950427576,212.268
0.023371772823071544,2.9805979335488546,69.25056670069533,779.4150743117552,42.32775597750952,205.021
0.018352879257445016,2.6454763628003075,61.56286562,824.1266324115071,39.63697337,210.016
0.023449150392032794,1.9009042410562826,81.20096809755515,743.6018053753332,56.31488999836255,180.749
0.016798278175681823,2.313641958503552,67.02863570259781,782.9526713789627,51.14088360885196,215.455
0.029941908025115992,2.4147228046371914,74.59213509655731,789.2832717042791,30.527235858422234,215.814
0.023138745140164996,,62.79200954896348,809.0778849,55.852765439413595,196.455
0.041069911,3.7318706540032913,70.99784856,838.4639048340421,49.93950344315695,161.678
0.027740708,3.1849440664939914,74.27688715073424,743.7249009382423,53.33458032827205,173.191
0.017696918482620286,1.771063105534532,68.85779819430083,847.6759972771712,37.852100644371745,203.384
0.023522471531355303,2.1903342877827248,69.85799492172256,760.2878096657569,51.13798686890893,194.374
0.033770322,2.997696029774407,82.55764266,761.7802481,43.73991322195246,194.457
0.023908433,2.3946029301425953,54.40679575653151,844.5165574483408,46.69536791525081,192.971
0.029814548398831516,2.6030635148025674,85.18889491438287,740.8310763130149,61.28380883888869,165.577
0.014520456,1.8684341593331941,72.71519393973888,803.6050846881473,47.65217569126648,212.289
0.027143412470134645,2.8690595764725373,71.32387065,812.8627212218522,50.903651243362226,198.295
0.024934384,2.5091167559226415,70.79993117692075,791.8355343,42.46067399477148,207.057
0.024258341375869893,1.7885284426597199,67.37744396703717,838.2055635832518,57.51132042,187.08
0.023269511773820122,2.208595801976325,70.92623092,825.6904208755627,61.11645400539469,190.651
0.025681872731675714,2.122280634281286,79.46577116116836,831.1137463963477,46.07616556426656,200.653
0.014052991377011312,1.2250459645220755,84.89953131,774.5715362965466,40.59940549,210.886
0.030002669,2.163167612553944,59.67428194445873,804.3705514,43.50197388678236,199.092
0.017558501016253388,2.5515387557916616,73.64372289644342,809.6322239144738,49.523953560527794,209.603
0.016457728457038568,2.1957629291187546,75.40034394690663,754.1046795843426,43.85047979419387,196.536
0.031622504,2.1539744784999457,70.17580825904268,808.2267655484504,66.40974627,185.834
0.023336117595242078,2.6237378773827404,81.66434479762107,,57.81246380807184,198.245
0.012196909796176002,3.3818128841848143,77.33407090419168,823.9198618898552,51.07319691099997,212.095
0.020358361619309682,2.924294481180176,67.60693718010644,748.4763416768079,38.41287972656878,198.038
0.033739380628316065,2.475380767822061,69.32159120475791,807.9221683943638,45.24628244490597,199.47
0.021253098,2.7348673284898677,68.47930434389195,816.7351508332504,46.29570029,206.997
0.020046786262744684,2.5792790396344856,78.92597705231897,797.4940278299197,45.18646481163345,213.57
0.031848883,3.0774775911880448,77.94095949080204,783.3202050109231,61.17435394107128,193.573
0.021835153,2.2686457845291956,55.93040750154893,834.2009620479995,48.085881009009036,195.135
0.027350163,2.4779926275568154,65.60414466071185,784.8445900398889,42.32114863249585,206.913
0.020859634,2.241297397188861,,773.6891576354991,65.79904569543044,196.478
0.023572501,2.8666721643076514,,795.3781196704359,48.09724206179729,208.152
0.012163286456470326,3.308832771743118,70.30514057855977,794.9482484021808,52.90458134754767,206.776
0.026738835,3.5372442919360925,62.28949074411768,800.0670223640449,39.16992757829743,208.768
0.023987152601118146,2.034242611239027,79.82978171530013,791.1558671414548,57.95223086501025,192.766
0.036470645,2.495474656935997,73.95398568806891,813.9521478800305,68.53107864,179.711
0.035217284575059744,1.885396396301972,45,837.0730941922271,35.40274145759241,172.777
0.029756065,2.509097230120525,86.31357276889608,778.8025956811251,47.46378345,206.777
0.021987233213157067,2.088435558828861,71.26480347875821,792.6503277790134,46.06891549325313,211.204
0.019274964457024334,2.1613903453564682,77.96612034352806,804.3663657798062,47.66929051776894,216.137
0.023043302512654944,2.691782085538499,78.82258994,824.5996848874386,37.62777903381891,214.45
0.030473419025746885,2.457071365229724,81.89586561087485,774.4997008792578,62.63434919596207,188.997
0.022286553,2.379326640448244,83.29940210749037,780.8297127549157,55.02192354021848,194.369
0.039844812,2.792748474,78.01602094,771.4205478146248,35.493801201449934,187.128
0.026367611,2.745959510267783,75.11687179240515,783.0972133876749,54.75827983675059,197.9
0.036372219,2.893438301861226,71.14394831253429,803.7550272258527,45.59425796447029,202.76
0.025550063,2.523594076320091,78.78324361400388,771.9589585604639,48.450199587471104,210.492
0.018468996721809475,3.010938203127135,58.39737353883039,836.5816936705903,61.748358049330236,196.999
0.019295963837233174,1.5920940874255691,59.93266349167553,813.3601903844711,,230
0.025258853,,71.29003116013705,765.9465090803227,31.55721411786991,212.237
0.019970501891555064,2.2886459696202803,74.89541835864937,809.9420477705262,40.627172481353256,213.994
0.016756835,3.2853941289994637,76.83077583030297,772.2721443036068,55.57838335547024,202.422
0.015606506,2.092939835993846,57.38523663469286,814.3518454,52.19759524536429,209.13
0.031781567,2.554147506630504,70.06148133472968,800.8179698959367,35.68966556228611,209.731
0.017426347031620073,2.2746055818654716,68.33639609819134,821.7879054414233,45.30603492103948,214.062
0.026489811206976487,1.9567528942205918,73.56851233738313,813.1491796991437,46.85093649314649,201.859
0.025216087668995812,2.1883049532194736,69.42362788684244,820.8505886881713,36.300301194924536,206.658
0.022806810097310035,2.9159763926470155,87.92501706532079,787.3935747498364,40.68890374428386,207.134
0.019260741,2.420837118878381,74.04170885879299,780.1442118249796,57.361019921551446,202.912
0.028174603907724066,2.266641484,82.92897506999097,828.1952158177368,68.91323254572987,177.182
0.027045645937152103,2.6401304949031434,60.83224149826738,772.5783245587468,,177.182
0.035691327,2.2180090352440947,71.80280744674407,821.5772067,,196.018
0.013748526182313713,2.8554207881288893,67.55075935248468,769.2355309149423,46.40743190659476,206.707
0.027779843113010474,3.4127980925913612,68.41898397727057,780.9908359128736,52.71945559492441,193.526
0.026337702345924138,3.0408902548567234,76.67871049545236,787.3629737,55.72457505783429,198.918
0.039277331283666575,3.4337871055858287,73.83631649,792.7550538557754,36.45199760573241,205.826
0.020545650929750723,3.0751519276860484,69.68293995,788.8592625623709,59.640471144556024,211.962
0.026656684411713455,3.116107847121416,81.26784100471268,789.3189267260942,51.27748337511043,194.987
0.036832213,2.8260957997779186,72.75969856233691,827.5982307,44.59922499702065,183.29
0.025395275741365485,,77.47579301312327,785.5299841511985,58.483566993847305,196.827
0.021057617,2.2901994420992606,74.78019848764814,808.0630011113752,58.67468439170979,199.04
0.012005303698950401,1.9320977139844016,76.47399544374139,775.8288627,43.72085979643351,215.227
0.023635437,1.3686441306923094,67.34984936981587,801.8976926825699,43.841048424891746,213.232
0.023682202494761967,2.354074872626422,56.32439668258745,829.1998549943639,44.41375726477025,206.009
0.036721925083933404,2.7505399679387614,84.46326255918042,795.2105067066959,40.87809778449224,197.906
0.019273661,1.8075093613838074,78.07428663285796,790.5017371137396,45.54890051719079,204.268
0.013966371144816234,2.2319969307768766,60.15102237135364,801.9371156755498,40.616442198657566,215.076
0.022341790069958116,,77.71437176070283,798.9090159177412,67.27912825012541,192.216
0.031455376,1.8458989554797427,71.56724314546922,824.5051914876105,49.61774377950295,188.124
0.018221772455626253,3.082234584143883,70.93574403659052,762.4433117943006,40.88701033108279,212.886
0.018769319242770935,2.815708329086548,76.37896569445005,790.1489931781027,51.47742919417752,206.97
0.016440584,2.551606666354394,,745.5048137183371,58.151003920702735,187.705
0.020944713651786538,3.5176846140874884,75.85210932066059,804.3156728100267,57.382930911046074,201.513
0.019466433445984973,2.4205540596666704,53.88456884,828.9013536524641,47.797566492356914,209.727
0.020245131745391137,2.306167698207166,55.88429946931749,740,52.100112955163596,191.662
0.019319321594735848,2.171731773196969,77.97661230632472,782.1437802442415,47.87605475533291,210.089
0.031204862,2.76956597,,777.9680123718363,46.04149266316512,201.995
0.022986323,2.3039779352871936,81.98837083002275,758.2615248495333,58.600637537956274,188.714
0.017265943684716074,2.810322708188029,81.10937605527457,778.6405608922173,36.28423431887444,219.81
0.025461536792431128,,62.00715134592555,809.3472892,46.83765014471243,197.907
0.020954039,2.637040978921086,73.06395769,818.7563029382861,57.505695576972144,202.211
0.024058627577079984,3.4688785636053807,59.76928365588145,805.8709129018766,39.02020297355617,209.102
0.019093699813506074,1.0983867472874862,73.77706123376825,774.2921954600133,53.56138800891596,207.963
0.019887638747251343,2.6883382186255838,,784.2057484,37.664668884865556,208.934
,2.490464739038734,90.47819114,795.0178995412397,44.182250411926255,192.295
0.033681056477550216,3.1417096435492087,74.54768928546245,771.5185329973496,35.575169153026465,204.327
0.017006638844226565,2.3731493264682926,75.79155853835849,779.2366748694346,65.55421434964984,205.707
0.017827154,2.522187785037331,75.82172978595045,806.4030752291501,46.00306326369534,220.509
0.033396504373179814,2.676210894245347,61.01921276149828,808.9511963,28,210.294
0.028719975,3.365834747723058,53.453240894983196,846.7358642862423,51.82948386086213,178.577
0.035478032399798395,2.421529705991338,72.07715113599745,822.5977069782574,36.402724119291946,191.439
0.023759527,3.0582651038736026,63.88769637127183,818.4264535270129,54.97702768523032,199.603
0.019246437138952834,2.935229710663258,84.89687246293263,759.0795756366483,,194.313
0.022435541,3.126559261,80.12864468,809.8947154214275,44.485238020441614,207.51
0.021722096302501305,2.3783404062779776,58.05889152547276,843.9334840376978,43.11482686304265,210.118
0.022525121812918186,1.973909135801124,61.79747809397499,,49.12766646405643,202.345
0.017860611921827557,2.351632022817919,78.59584517134645,775.7643688,,209.698
0.023627944,2.3647531430699504,63.08502442,797.3682300719308,45.14700067336586,208.915
0.027271199510233688,3.872012689615262,63.36087906763017,816.6480777781986,52.180147828160486,197.152
0.041312186,2.088652637010762,66.74391024624475,818.8476018430323,57.20450068998272,174.331
0.034847088,2.2713062964380613,,769.9124720639867,44.959328074357835,198.008
,1.8593510190567328,66.57304342011393,815.3872102517308,38.87916167456185,216.812
0.024195283325249485,3.204225118706419,85.20137504897548,807.4255200340546,51.640210829135434,197.546
0.035869678,2.8425111732654824,73.25138940461133,795.0401877136154,62.53293952830397,185.522
0.044655828250493496,2.7942266477865965,69.50387498337231,798.3115780356342,51.76905273594806,182.155
0.026443641,,72.91423652,804.6367699798174,59.337069870864816,200.558
0.021897869,2.6924690188578326,59.124978164105514,804.0368812087152,50.65070918598421,209.081
0.034221692,2.5511812388346287,61.12292638651375,829.8326315584255,47.21692534239282,181.278
0.030249603,3.2497491871931854,64.94383989942715,839.9134827115531,30.57248591190247,203.292
0.02855652,1.4381542597058803,60.787821780067844,792.1651675382449,39.67349261644559,211.44
0.028869175461914233,2.376032923816832,74.93644004608807,788.4020789033044,44.635510107013374,204.751
0.024497996968105198,1.748154532901864,62.749034504774144,792.8638312353203,51.378475158905424,213.251
0.018237727,2.747449827,63.00993476650018,852.5622132838114,57.69512502630485,193.323
0.024204568516687102,2.4502291403589984,62.11445949550965,818.3529608560115,46.544710689202624,204.73
0.028737098,3.3988674253801117,71.77029818,776.0232809335722,50.64047014253018,197.206
0.023865083141449524,2.040593390333858,55.22337827843913,795.4230714396713,62.66056369615636,190.528
0.029274892,2.9577194800978313,96.80171977985768,784.2316151681958,57.147499241901436,187.859
0.023598745,1.5476101657623076,66.50139353833129,800.3679269761291,44.69438106810933,202.864
0.021205273,1.4734934267540463,65.39102105818131,814.0711172908744,59.158146748198234,188.764
0.04067581,2.1409100250675595,80.26511826185792,780.2130611761394,43.08296026667738,198.153
0.028511153803996717,2.442766020327683,65.99580239012565,773.7948439295081,55.30347459316336,192.612
0.019752072,2.630342562782333,82.80274556336416,808.3278618611091,52.45372780952286,203.278
0.02791169,1.8508722774570714,70.47663829084912,817.3787476643242,50.47493127596221,200.947
0.024873953,2.6084971762043008,57.83873246321558,815.6539745975479,52.07150444144806,202.84
0.015758538,1.431508519337774,78.80254619108192,788.7809504,40.58770076959605,215.187
,2.675139463496456,77.20528528913371,779.5623142198227,48.923559086011174,198.017
0.020889167,2.2948611532163476,90.07149752131936,769.0636898202172,56.38317736795731,191.26
0.020354165,2.8648845058188925,64.45112827660803,802.2100987654874,54.12442451889729,210.254
0.0172278,2.5152022235926412,86.80686567797092,740,46.32442426671168,193.344
0.022246578216777085,2.026914564009842,63.54158001228262,788.6512675477857,51.47262154622666,201.011
0.018745109472059963,1.4782011917570204,74.99267512350224,762.0859034683247,59.00407757704505,207.005
0.028296641603667558,2.373267541090711,63.520546954480224,800.6155994023954,49.86618595483948,204.028
0.015079834,2.1374587999640977,63.34512530204897,799.4199247585816,54.71607258079659,204.716
0.03372246,2.2844764068733485,58.80520842491363,799.2034050058696,59.594996090410966,189.597
0.018486817106691263,2.9060515382907344,77.09049960705556,812.6557233292118,55.43387983338006,200.503
0.023137847,2.0016702110317945,66.90434163596836,781.0628188896335,44.40680058615881,208.11
0.016197830492919722,2.595620159792545,77.84935821003046,,,214.573
0.019805553033753847,2.416318274310242,76.75360623,788.3114271367156,42.276865371289865,216.443
0.018510782833163222,2.4883382098239313,77.22864390433595,793.4137149,59.36929867734201,204.136
0.030610510648537023,2.4566144835155606,76.09539070809876,761.3709927691516,53.05230950141038,191
0.023947147864515052,2.6771542275880083,60.605130170924056,809.7486635842265,40.485393650947024,215.283
0.014262405803897172,2.052592354456345,65.08051610788534,770.1637358849846,48.305919169632126,214.236
0.015011787944341834,1.6351271681810786,74.11636898656923,824.3263810910545,50.35599528608086,216.125
,1.7502098282419385,78.64121052554482,773.1260341,53.17575004514815,189.821
0.026580827,2.8791907499443687,70.37165408110802,749.5958908755327,56.599303703680796,184.2
0.020948994221684537,2.137653789909548,57.09309806179248,830.2599747,66.34563549799145,187.486
0.022776033882581988,,76.00662862090803,795.5783695482493,44.444267847231785,213.847
0.018220852303738967,1.5270784010683776,75.23712858994125,793.9314550759752,55.98031060983863,204.947
0.038778451,1.8873812906944893,75.88031889,780.0258567490405,44.41346355326815,183.947
0.030594051563793315,2.0415121107503644,67.39212462293776,810.1751009848571,44.12015566996629,197.752
0.041782582,1.5580345195403176,76.37408492,786.4866172790232,50.21731634133355,188.636
0.015422960212129131,2.2006545458689235,67.78324803,809.9353991823442,44.77943754468039,213.897
0.026907772535304235,2.0556953789703747,71.71862645923031,797.0403891606107,46.305057994100096,200.582
0.021942834,2.4995393609794783,66.92977447323781,821.7095345494039,54.90227968235771,205.651
0.029540781,2.255639607301936,68.49775416,784.6028575609907,40.92550038680184,198.475
0.029646070004395668,2.2131165477808086,70.08964563741041,764.2185900736025,50.421537992483884,191.172
0.018924661687730167,,79.30894733491726,777.8043074973925,56.604653019338166,208.114
0.030719183242410852,3.158722657620327,65.09886078,860,45.27215046902901,163.421
0.026196289167145614,1.5598957267388793,75.05366905403112,843.5380363961739,58.138734372544306,190.734
0.023987596249543348,2.891196578672478,77.31027251223412,801.1318828077068,53.70867778988762,210.01
0.029063067428640198,2.5422155471229653,61.18149554,815.9241551436834,57.43598074293659,189.521
0.032987469591878565,2.761480385555779,73.82282948447971,814.7801101876654,48.297641152747154,188.977
0.017681814,2.4136243614933894,71.83771132,761.293435,54.42201616923613,202.265
0.018133254784916272,2.945404406722621,,823.7729703874978,51.896966025357074,196.171
0.028423344843400814,3.198689391288798,77.04800724794185,823.9131037726038,42.48347879223907,197.211
0.033126721,2.6790456123008006,62.068273425613995,809.6026293491657,57.78002820934563,185.836
0.029418812923057442,2.077540152118583,84.39558763583949,764.7565078938385,70.15147880439682,167.378
0.029784860243108394,1.643126212510117,75.84031975,848.9993258312304,55.89449204698917,173.624
0.014444643247837936,1.985851796600339,86.23261170060287,740,37.47515721120611,198.13
0.033507316,3.034098660391337,68.24488588748842,802.8871311300203,49.00962188558327,200.375
0.025672763292798443,1.9758879695135914,75.27834092713863,834.8736507089382,47.72711760639743,190.797
0.03946052,3.0101374235711544,75.10170493638857,807.4157635931618,51.14383470871966,190.875
,2.7310179731015545,56.67189453461888,806.8767302311606,60.86939481,190.788
0.020842474,1.7224401296371092,55.307854567978396,803.5934324038994,55.20094760633979,207.947
0.012086988706740758,2.431078443622776,78.30366670861882,796.5330719366718,,220.796
0.036832244,3.3134284343259184,78.38357473337443,768.8932579647803,48.44790525089905,186.587
0.019766770592974724,2.171975298051136,71.67365426871997,,59.17490025,204.376
0.025327889,2.1969364878967825,76.63599248118676,832.4967168739167,57.210104747940385,191.475
0.025662331,2.4789369103439727,51.57740210124035,800.2803699360242,59.5868843,192.195
0.033239225,,83.72644902984821,814.8744062924857,45.078341349905706,189.367
0.015968794340595886,3.1046055582859067,65.98747819691458,786.2354656425439,48.75190036293294,211.226
0.023574998,3.0323847143511085,77.45770595,794.5854706523694,53.72244958410579,201.637
0.034044057,1.621439834218847,51.32077172,805.8049977937694,64.43663189420153,178.611
0.013992208834723012,2.561689251491127,64.51130608879774,836.3656548308708,72,188.586
0.030553814504379887,3.0294461168223576,90.96240596019089,806.9782127126402,38.894451689525916,203.209
0.019365325985389436,3.031886176496685,71.82582553289782,823.7886116546949,61.50573843189699,204.355
0.026831762316720374,2.776221246956097,66.81277972090739,814.2479224482478,49.26551397279056,202.022
0.016295426,2.4343482059680848,78.85156116543561,771.2192422708324,50.54100248106252,202.806
0.025070216,2.303741168464838,78.78202751055962,784.9079236369876,44.158907378501034,200.126
0.017273141,1.993510488054966,75.94902906395994,785.4708748063083,52.052357701629916,215.228
0.019456752,2.738187591913313,58.02667675314323,817.9894139655145,47.16482076759436,214.586
,1.9943944950718213,75.75645739941994,786.1229299324465,56.95368816165221,210.556
0.036528889,,69.93880455708754,786.7450821,44.526814357531244,197.549
0.022020614,2.4009408462822472,68.75492685847864,795.3570612597538,59.29034536057878,200.672
0.022409330544787387,2.099371646694009,52.686603542173955,782.1043257458603,44.45891137490953,205.228
0.028256243,1.5468775820546676,71.64403979629988,808.9128281,66.06910288993032,195.166
0.029422603,2.719499566309797,82.39705995149998,816.6582953849456,62.18003049687749,181.822
0.019422447566162987,2.8889327036752195,88.43617979114606,791.1662755856997,40.620344810878706,220.079
0.022592265259777276,2.2997312662187364,74.84938063,784.4831525461425,51.131335874090475,197.434
0.023251555014774702,2.1133643110159923,68.61765644855643,807.2902503107011,41.31005479202511,210.401
0.034499596248462674,3.003433001876048,76.40840918422359,819.9227813374831,59.63805745869718,175.003
0.021601241,2.1852708634089053,80.58678129073478,777.5296083703598,56.71652548470833,201.188
0.008212245,2.2543847742546377,67.81551734653371,812.3704182225697,65.43939211914783,207.193
0.01913243,2.409137592094986,79.86425656767184,827.1997807206412,37.666912239911426,216.596
0.019869428863805407,3.321318847703125,63.61670357292461,824.4918065258909,46.572975726052974,210.22
0.022054763422493035,2.9561066230366584,63.55782422383633,810.1762856281962,,210.372
0.029060711303694867,2.9081733475829767,68.22499209085005,809.6275513555278,50.52808040005062,197.565
0.023717139,,89.99762652765853,779.2671206248477,55.80978266873885,196.09
0.036940326,3.3121989447744618,87.74430742108711,763.2940659459555,53.38284759720725,172.648
0.033268539,2.7123341678334487,70.99681983537747,821.3374801589592,45.72908681377671,196.968
0.028143931,2.720986445309083,65.36001675736537,791.4984196305531,29.13269383380421,213.216
0.023351775783118818,3.291297542471303,72.74735197,780.898066,61.470326533079344,190.241
0.023936884629145713,2.8348609948521792,85.51342218852031,774.1669977346183,44.84139805242188,199.511
0.04113842,2.4146173987212305,69.58694468349555,763.4208635,45.702157319950295,193.081
0.026086242,2.994514378865369,67.75101057776082,780.3907660811602,50.682458873568436,201
0.016918608649514534,2.722396965548649,71.32500251014775,788.8972974845175,53.641957628811376,210.653
0.026919645138670185,2.376965836628173,71.00235348743058,786.4007769639347,40.458780387070505,210.129
0.025321043922398513,2.825737322493444,73.01315292,801.4217005508442,59.75324798840646,200.951
0.030726093905710045,2.1760978839366163,66.98020878286943,793.4754696220783,28,215.113
0.020147616,2.086281792,78.51625129661365,804.1204050716361,65.52883751379973,193.647
0.020649723,2.7655189647599596,66.65743272638949,770.0747218309535,58.53559576960524,195.767
0.014496560936242278,3.2048145661036225,72.13655462632173,792.0507972777078,50.79007471407749,215.91
0.028105576636613065,1.6716784129309414,,810.7743762323046,54.99992324380983,193.553
0.019215424,2.115288162008158,62.27870509282877,812.3051342838007,52.34763196384258,203.931
0.037796526,3.007853878449183,66.65191253753743,801.9517911757939,35.14309694802214,205.399
0.023389176755727215,1.6577780573497056,75.09814177308608,806.6092513,52.671651674528036,202.833
0.021127316,1.9586474139146142,82.52108814042953,740,53.22862627698573,179.094
0.022221456,1.888964845397075,65.79437309498216,843.5292125329905,59.08311541637225,180.963
0.033216361,2.5249915213382863,76.11336177611837,798.2274183423085,56.20287045137724,191.914
0.027328722,3.3750994370912872,81.73696091730736,787.9796235881716,52.52684515467877,197.81
0.026338739734660215,2.7188745443137874,81.42764298457064,769.1228035523557,53.07509792481315,195.1
0.033524822,2.648068800048083,59.538011005881295,783.9413494403752,48.85923081755962,198.791
0.022958591,2.273586532513784,57.00805371120448,835.1345982334542,48.86983662218972,197.309
0.025461592853296033,1.7199302145250437,74.73576525974023,786.0164082023479,54.90791895484028,202.311
0.013918020926531327,2.8489271278965296,76.58541887292661,802.9042291737651,39.00150144850491,220.476
0.005069438,2.0876317430229188,71.52187335041236,788.8145327,54.52415160701021,222.542
0.018079182801109768,2.916005412076786,74.87578531264873,793.1403881905563,47.35830254888793,216.634
0.022912231716500087,2.003493710737805,89.74364189946009,763.201135,,185.335
0.024895546,1.6981235765621672,75.75717250164159,796.7931656895462,47.185909741888906,207.628
0.012238244096560824,1.9562930765178619,74.80260097246165,769.7869040808623,57.02581155700002,200.518
0.033287406,3.2260565315608947,81.27347765249894,,55.20158032,188.315
0.025466641208202814,2.036841615199294,68.23006266480675,824.4484290281357,58.70946197055896,184.898
0.019546316,2.333075132471777,75.26845912,824.8662304537792,50.85836295290631,203.182
0.017372861525153507,1.6831525373292324,73.27603585410927,805.8307132799509,51.21449517478445,214.682
0.023656423005507632,2.589421078661563,65.30422935235639,847.9838599708052,59.28174173305423,192.216
0.021387305,2.775223233853877,84.19424684,778.5805186,54.11304070463898,202.43
0.021870215103157575,,80.04533353322734,795.7507166984653,53.89957129499649,199.935
0.012547393,2.4764491583631862,50.891436221685915,780.5627776701601,56.40721295051728,203.32
0.023454140272431336,3.169473197224855,75.09118086812012,812.2825063499724,48.167531587208494,216.759
0.02571341,1.389949199251007,78.66266500392872,772.2421850356193,,207.372
0.016076249,2.249829146562523,87.34230989369532,782.2684692718113,36.24727325622125,224.833
0.026068703995275496,2.5716602047458887,74.85512524972951,798.9451387768162,48.27552131452295,210.649
0.019228146222162165,2.7226228195751228,75.37659581302503,777.4620852168721,36.815674600150075,214.604
0.012864786381459782,2.1254239478913526,75.82516369,829.1870103797723,51.47384104129714,206.725
0.016660411,1.6617151303893558,90.85873731701083,808.4599247373676,61.67814434,203.84
0.028302971213976763,2.4173553741827627,60.064744533868065,785.7678079680612,53.56748088939398,199.276
0.025376194231413955,3.0330610561795326,67.23674684,798.7898147961457,40.82724227147525,209.466
0.018947068127378126,1.9421962191476372,66.72942430770233,792.1576123994544,43.348495,210.117
0.031233867318403944,2.761210466210378,76.44193534600969,819.8663059967915,,188.227
0.032576645305846676,2.555412929401592,61.22278861186578,847.8881281,61.02749042737105,156.015
0.02206807,2.400915946727315,71.35209863105572,767.5365603726679,42.210680362872075,202.85
0.035632971,3.340807798911122,71.67676565734367,790.2814202896072,64.51888090029792,176.996
0.038557944083122186,2.3093643844932537,64.75493495,808.9306235240288,46.310434530968585,181.698
0.037599534585356274,3.2020493418107545,76.36363642034588,810.8687300244098,62.67312734846769,179.212
0.030688049866171033,3.2091280732633494,63.82836603743571,818.9813548376032,55.01150525975812,184.542
0.029185235042182206,2.690017355042556,88.89309662962044,800.8415585933415,49.61000168285317,205.403
0.014362890803451494,2.248901619,76.04679681819482,819.3670429753798,44.01808837846552,214.617
0.019772769572477478,2.6959383376925157,93.26678598376007,803.9507620140687,59.95042753601583,199.608
0.013721801863756043,2.0316420478536377,78.36991180305165,779.2125921686697,58.068017831667035,204.178
0.016246625,3.1384878313374487,69.02429105328115,829.5067758904618,58.302670395804675,201.987
0.017798383476065882,2.4862091221782885,59.256352400318704,807.2586643516415,28,223.528
0.042784121,2.5251818538830437,73.24731934856734,798.8386881724888,55.47820871223471,190.438
0.012064358,1.5241952103510772,73.77085947368955,798.4686798377503,58.39035583065224,211.372
0.025505782,2.7098993326627148,80.41570386320114,789.2699811662585,,200.771
0.020515072737963647,2.136243061210516,,825.0605039748498,42.13903668783841,206.332
0.022766754442842506,2.6150314195825795,58.54486120815069,840.7034611399205,59.77010320713605,191.242
0.030832065639445183,2.215679487390177,75.61966968,777.6301337630753,54.98710360526218,192.652
0.010897294789737073,2.847403338,88.88669172,796.5710204,47.71719684517049,218.594
0.006100202,1.9606001236488069,60.55255248263663,777.6562430265049,49.95121263,224.909
0.024969698869356616,2.360052378438506,82.48802149874919,793.5348911516174,43.64706333,211.449
0.03341207,2.5607454151797406,68.79600551020395,772.7170889792003,59.442926690901956,182.521
0.023305274,2.4950028046502384,80.36036852547251,813.2780359365981,,194.476
0.015219827500894213,2.0397037663752213,82.63775294023571,781.1449413709092,56.281177728669086,201.368
0.033496123,2.9170270514894843,68.37680521472444,815.1281666197523,50.79720734841076,194.839
0.023176899261163213,2.4919472983694693,78.32210208719391,802.9956799462527,55.39372265239789,200.487
0.019712187301146773,,63.84226472741616,812.8766899794709,50.41248461029137,205.226
0.026061740318051738,2.1286766747591255,60.677801705543935,827.8108865647998,62.29001152899144,185.552
0.012630475,2.998979934846383,67.12348966085898,805.1410156315358,41.27729338250503,221.362
0.034315820915658865,2.2475745195727104,73.54964576560542,814.0193160838098,69.59288834902712,171.629
0.031445428242423475,2.6787671481676134,79.54264166999047,813.6900873661718,48.48209841334454,198.968
0.027457177225561423,2.966305749071841,85.96199095363073,806.3976909204222,53.319833093164505,193.163
0.021566753,2.5999676992932126,,787.2933213663754,43.85636314587736,205.093
0.022315043,2.927300134447702,62.27919767387941,835.3530837422213,48.31345129355689,206.766
0.006338852,1.9353700677514194,70.18420131835227,778.7485778559782,40.37975648543494,230
0.026570208523938384,2.696824713944201,75.21474400289428,765.9282980614078,41.41914083970626,203.584
0.015914096928281437,2.6015969710031603,83.51430387519733,820.5331962102459,35.96362260218152,219.778
0.032899571,2.328550045115914,66.84965710699443,811.9465203608764,50.86024838761549,192.345
0.023268880143739006,2.2087468101176864,66.39485076527767,791.9274236503461,49.58962403175078,206.676
,2.116417557775467,71.91255929248312,837.3192244110303,37.514074949530695,216.55
0.029734308904304667,1.876239147581658,96.26588820595988,820.9093702565008,51.4633776,189.519
0.041213347,2.537410486438595,52.764680048900345,808.5590930038461,39.64418408495895,187.954
0.029916447947052158,2.8800248092819327,73.46572698573145,805.6664495976772,59.08612008777479,195.126
0.015593900078226615,1.898367820563744,76.82081729225993,764.1934101726453,54.452496335529595,202.589
0.034021058,2.6478303763589857,75.01014419455099,812.6051547550447,52.743067269465215,191.332
0.023259029,3.1589634298728058,66.18678807821713,786.7911392973966,44.922459644059906,211.498
0.026562880879692632,2.618827996460748,86.74542653,769.2993543530712,44.209599650234246,199.129
0.022000788468363498,2.351545335951656,69.84666444352246,838.1844032462124,44.20188033012144,198.744
0.021727278127245724,2.7593306175825187,69.43426131131096,806.7874197812097,49.94523933783882,202.245
0.024969273851133237,2.767181832918513,67.10444194460669,781.4451767033528,38.43415926727491,213.346
0.015104785596406269,1.8309298342046725,77.30085037115823,816.1017009472685,51.149025184093276,217.307
0.024744149,2.3981107425565162,81.30049352473053,,48.533561473996464,202.766
0.023931444,2.730630643983675,81.39195552,783.6239847146373,60.34938256213876,204.571
0.028026989367375486,2.121686618934694,80.67131157,740.9863264278125,44.857155143171255,179.084
0.025819764846773743,2.886993839574188,76.87287184789376,792.7578368940393,69.09743372091197,186.699
0.022541421154113037,2.0733549068830044,56.92063607223092,817.3267189524109,38.68600863,211.104
0.020114138195946752,2.017214767480261,67.35221362359162,805.8529970278706,52.341556677848466,201.482
0.024513004153743884,1.2702044182018528,74.73589590359308,822.1346240356241,43.53854282286634,201.89
0.021913714,2.40044505,83.34646134386813,811.9605881381403,43.29778702814578,212.08
0.025914666,3.141453681,63.95797384801021,784.6067057828743,46.85735467059003,199.789
0.028824570395988063,2.991388881484093,,814.9335092,52.75552845,188.578
0.012156044542111576,,75.99814972966631,765.5451532007189,55.692062073880116,196.209
0.026824431578614485,2.5721165306084557,73.78606253,816.0519384649126,54.74081518,199.065
0.030184471289120576,3.265290429165401,85.05203687598643,762.0677262,58.21176369436651,179.797
0.020860517280188496,2.3773830268365694,81.20146645541548,783.6762372748956,53.58419163911291,213.329
0.025242756,2.264896989429999,69.37494334481819,794.108144,65.17440658140055,193.78
0.017066753208683123,2.1253220931960897,86.27124676234384,767.7845491771336,59.17314507961588,194.132
0.026229638992687543,2.3866921741199616,77.01585996686359,799.4535778252978,45.69113873961546,212.344
0.019772246,2.6961695747400274,83.16242818193692,779.51082,50.220679867230025,193.735
0.031208462687189235,2.7785077026321505,56.12236719586609,821.5159683450048,47.30925815750304,184.085
0.014708944233394064,3.4577507138191574,65.11574497927978,830.0234927167197,42.72122955877634,211.2
0.021295122328657354,2.083976395601046,73.16135711921052,808.8695855365163,52.793246740227254,195.41
0.029685102,2.616217125142453,59.25697093325307,807.7602928370072,46.81428986,193.062
0.027532170117003617,2.4079487246881435,66.36524088678884,790.3936124429473,59.719205473486326,193.77
0.017996374595521888,2.199718430495515,68.67725562,833.7989057957504,60.929441791561146,189.295
0.028244554370736374,2.2798507077537424,64.27960921325462,768.6936956942883,43.59416323383567,202.238
0.022052234,2.7611433659530724,75.48446389473085,822.2029844,62.23739874516256,194.302
0.027707697194453568,3.197222594423571,69.09768018288308,837.7481681387031,40.483367337940244,200.991
0.032592256,2.1794400525729136,70.87447352717886,786.1883023991167,46.75298220823793,195.283
0.014928813369033449,2.388869271044675,90.16248677101746,778.7794868558716,39.525346968386195,217.91
0.030737495188294585,2.2855526103151034,61.375150976447586,806.7760211824017,39.734833816044485,203.265
0.027594561,2.2202204006771895,81.81829605468441,765.2197398981597,45.54925454,196.153
0.013883699778319198,2.2459968798807086,86.45397065576694,817.6429395336801,53.87482504200517,195.783
0.030482602,2.4908299600547346,58.95300179,746.010997,49.850825335641275,186.543
0.023136631920600226,3.238575267530573,,815.6923292935136,37.48398313590903,218.126
0.01917997,2.0623578114772805,76.36152665981618,780.4481657284663,42.076129000572735,217.005
0.029101266,2.7934918444711223,70.40593590316648,832.0785282501441,40.72022784382615,194.008
,2.3689956297932846,60.16987599167906,825.7145698736681,34.98803654814844,201.779
0.026013887386511492,3.595086535116624,84.97002958450067,802.2205021382798,42.444127354143454,212.213
0.020571476,1.317450653220925,80.19642702095008,773.3417731593207,41.57931369572932,200.518
0.026801079,2.284180029240012,65.21975499,821.7456430228543,28,211.234
0.023146066089456085,2.1761303802471166,74.63138775,808.1832222519324,50.00976019,205.617
0.023703101,3.1986425019339007,71.76501444644587,812.6363856679824,39.70495663,216.091
0.025737626,2.4245094885398712,74.34419561545126,819.6591150735472,61.06573265,194.984
0.021436545451204693,2.921722732491488,93.68604489628464,778.2207721151966,52.68349231541055,202.762
0.031499369,1.9847123834227332,51.47043878856901,835.3038043746446,45.240363885252265,184.272
0.027710098,1.7022147007773247,53.38843293835531,822.1003820997686,72,184.574
0.034406469,3.822466815812387,,794.9620677181508,56.51526586555877,194.73
0.025502897462982704,2.8768557897523857,71.72575815395953,790.6304322011752,60.55011541014874,191.493
0.016405812,2.3062460391327066,61.95188205170393,820.1080124575196,43.58258529337696,215.544
0.02391993,2.4604841741885553,58.86119645,,45.864323991512336,200.99
0.026346018503483677,2.2907767855222776,60.482725140221916,767.8030681910124,41.22262149255392,202.519
0.014105351657575413,2.4727310855594378,81.02333015873072,759.2058732068256,47.59772750518375,204.374
0.012029189697973482,2.6558359305248684,74.28947767486866,819.9176466612004,37.606964504962725,227.329
0.028190685660496165,2.4895756760357663,67.47394328184154,799.6289092710782,53.924070652242186,201.042
0.021526665,3.234187239099858,65.23098023120828,788.6108972057685,50.04044934257905,208.735
0.022002279188596395,2.0800203501868455,73.48946812353896,817.0079552240147,45.592761047140506,218.082
0.013447224096688666,2.0585649987280066,67.89219905181821,816.2666432,46.08933045,213.991
0.025592912909303073,2.384781946946121,52.000389216047125,845.3751494818199,53.535905477945064,179.588
0.028603739745696383,,84.95596893976888,812.3457233394943,50.64425697374175,203.092
0.019796858192932653,2.5279126943193484,79.06451448312563,759.9498017651428,56.17303536361007,194.526
0.019137025533872306,3.0349853371945867,71.42919102461886,811.0586121433928,41.80822964,215.248
0.010987787953215719,2.165503322241527,69.39440615151928,771.7325812019501,51.41760741036695,213.731
0.026605983137688277,2.396277359466353,57.32161979470291,827.2256597735279,47.387131879809054,194.202
0.023558853,1.6470986300421309,78.96282379,799.6047320543339,45.630881904986424,202.588
0.017037192,1.4703530374091554,83.48002704,800.4434919472774,49.38817252685533,214.639
,3.0165549006458283,76.14801996860893,789.7300366764962,43.65127125919856,204.564
0.017066928501570357,2.608193535,69.97504996395885,796.8960471488898,55.568327555956444,216.726
0.017664298288660247,2.7333989954155893,64.15653709,837.1441629463649,55.155050575649646,207.921
0.021524367861872208,1.7980707558761901,68.81791147452972,829.6671423545534,44.44926123176528,205.388
0.017770992638954555,1.9969432109978156,72.66555267432756,790.9272821,47.05186059043592,206.524
0.030183284,2.312303531856247,75.46959499292393,796.0207333109852,50.39113875353247,196.417
0.019759684506761327,2.6503621236158703,80.78620663360574,789.4259957851107,53.29173084844232,209.974
0.014294750800369094,2.210660365293199,57.80806905014064,824.5362112446701,45.157073230848724,211.235
0.031147120352664502,1.4978731702402561,72.27665657717182,813.0466109805235,45.88607484267669,202.393
0.035801578,2.9550495051993613,63.25601006954233,840.9029109083166,41.01325447952275,184.563
0.040259002,1.6516109933560932,71.26060477,813.1769499084643,53.49964167937895,169.946
0.018095022,2.682295594378383,69.22933952279654,820.9127271160803,43.51097102486499,212.55
,2.2089243797954667,76.24819657,774.8480719,51.484188563742336,205.274
0.02002791,1.9852343044342073,67.93063176,777.8590832474414,54.46770045202137,193.879
0.021631311,2.273027071326809,69.46288900152389,820.7112156283839,33.880738484467145,217.602
0.021940572448025324,2.975009559822165,77.86105701128402,,42.89410835714402,214.672
0.022115110482100863,1.8731847514512001,80.00221293315592,779.5639013219051,37.23889945074175,218.588
0.025635679,2.500679429192735,53.634801429107014,798.6427712694843,50.93046817542672,190.444
0.030807811361100165,3.374696950836631,84.72098221825156,813.4661184584003,45.730244094453866,192.071
,1.7790386554775548,,819.0086021329679,41.483012526025234,216.387
0.023844337761025614,2.475674927503093,70.49228969705915,811.6490361656118,53.60355642924414,202.324
0.028980005057277866,3.0657236491899953,78.31609643,807.0159385095164,61.90603366532556,194.029
0.026994543961594078,2.7117471825853796,67.44839123163118,778.4430886180281,54.10017642799835,192.786
0.028804133334911577,2.568899270681642,84.42501814418054,803.6305365795901,48.25901905603063,192.445
0.016845118,1.9005143996922675,86.76741804411704,761.5342045236044,63.42729022965646,192.102
0.014292892382454488,1,81.47016897991092,740,36.76133304806387,207.915
0.021732408734079587,2.163603956738366,75.32120777987566,765.2684380621674,50.68415612872994,205.073
0.026344785628209154,2.6393526677127124,,827.2549116300164,52.07008405509215,195.43
0.0254985,1.8426132871680823,59.78457901628055,799.5919159020887,51.50196842744573,193.381
0.013103921326281548,3.1111788767742503,74.88795907214839,774.9407183040814,45.76009334443808,202.842
0.023752397749108735,2.6256131737495263,,799.3523765853838,49.16622639424547,189.897
0.023411503522495988,2.6996318058590605,81.75450759271658,791.8666541177816,43.168956677247984,212.582
0.020179815523984707,3.075784750933104,74.11794647761113,760.5598281301066,51.115087723934955,195.897
0.028586717,3.129970194594991,78.29770110141784,776.3450338832405,54.995819181970425,193.753
0.026745762563502362,2.5378728927441956,82.09391718649971,795.0188205337822,41.45089093038607,207.615
0.018373356,1.5600103013868583,68.94976629862099,763.2857986362231,72,187.982
0.007848238,1.854870013348526,59.43799924232528,798.9007411301578,52.698391658484645,212.67
0.018755042453128784,2.4818835244330644,65.61484100584092,845.5811162935147,48.20309343203461,203.824
0.024774754120928465,2.564953127122549,95.15971475863098,773.3687665,54.137787318019534,191.155
0.021764766032536884,3.111102737161856,64.35522374205404,791.9764784990115,42.669093819295085,206.058
0.031529923,2.4341155831709536,65.81954761356998,857.4752607,52.930843640403566,167.182
0.027102339,2.0501518275210633,67.33966873756734,799.1367838047933,54.371068505677144,195.918
0.026964378041801677,2.3867607131846693,69.99992077323333,795.8045485202463,40.93554343806697,210.196
0.015872376537113417,2.006216226860477,73.67497690214033,784.2165962,56.43008201437762,201.414
0.012783933845403172,1.9185543227210422,,794.1048155102545,54.41287015453349,213.077
,2.5804674258320053,69.42263744271338,838.5903800606889,58.37028105103257,189.441
0.020487837435054345,2.620163944820898,67.35204180387835,753.4980403267134,55.65726028833307,192.359
0.020272178498680515,2.6086823778122925,73.37366133,808.3996669219473,57.59378083010945,201.751
0.020733795,,70.83054787202286,805.0360649230655,58.317780052596945,196.58
0.020764307859119664,2.126500004820647,74.80507518703529,776.9304108184109,55.39080633652017,199.264
0.022727404722395966,2.124535549695752,80.40013720539747,780.3417031,56.88461598777138,193.581
0.023922003595721022,2.5892428710431417,59.0502244,802.4967314843976,56.39637725623636,195.393
0.025430431,2.7774678067149283,76.14335499418375,787.5312974225753,67.21322174787811,187.091
0.023036321800397046,2.3769848074058912,78.55238162707566,787.8058511050859,47.84518128747148,205.803
0.01623799,2.3054566065046207,76.34310917828304,778.9178175156983,51.89476086855526,205.894
0.011749486112237086,2.936186519989223,81.98842046265807,803.4390486392778,46.89580315402912,214.757
0.021715640076175494,2.7285788787206053,80.86555678049271,770.3640641594901,55.00702315912547,193.915
0.022356761,3.8697135589328138,75.35589745229838,796.6668073249109,53.05737853,208.161
0.022273474,2.879619505194515,59.440893067684186,817.3074371618277,56.12591271427867,198.93
0.03033649,2.593218493409826,78.61837703130644,798.6751695249401,46.12626387175325,200.735
0.016140013933934567,1.848868534549764,55.34967305448235,788.2233185,31.540042404613562,226.778
0.027493803470410083,2.1879827189860452,68.99676315,799.2848611,58.658278648313974,198.177
0.034859763,2.378284615785273,64.47584062083978,822.7080257988079,55.07960753688546,180.401
0.021358444,2.015138287139009,73.40359664971142,813.8916508,45.13625720551567,213.794
0.030079991369453378,2.0653013217305087,65.38665159330574,807.5109529085038,41.11740631499735,198.893
0.033732823275213465,2.7147709857821565,77.31609983,746.2574942050209,54.893051300199964,171.773
0.024275887673507975,1.5607529014465378,68.53641733911877,764.8672127053312,52.54411543400401,200.286
0.019383085146193003,2.473764964394621,66.18308030991135,786.5191634655168,48.765995857071715,216.832
0.029334291405434847,3.124443762,87.1103399,765.4407110830285,47.818380439641885,194.043
0.015176526508576774,1.4256094252270155,74.57970957760077,817.6196971556609,55.857755716485116,205.764
0.025598340758630562,2.023715667938811,83.59070948788072,804.1379355494644,67.73203367102533,195.521
0.019046156,2.0728198933634467,70.46193574,814.0034051199178,47.964980569098046,207.229
0.026726692,2.308024206651358,76.37614648796281,804.6956745464126,58.19544987165917,193.613
0.012484014102944386,2.214414237379954,71.30411613,813.4567589214694,43.792989910609535,215.212
0.005,2.5504591139301938,61.25541399873966,801.8190805,69.25714919,213.062
0.023736581822999415,2.154945180312965,67.79240686,824.6073560126769,56.23137602538967,190.927
0.023782345715333178,2.472226710897254,87.2721318,783.2229782,49.73618196,204.912
0.020515601,2.0414643764874283,65.91678994183611,815.2113719471837,46.276378250673545,213.483
0.024191715635738912,2.325632983533049,67.70997570863067,839.4680168260735,58.12541056856503,196.591
0.023557997,2.4211297702183128,71.27905703238048,797.4416567,49.57225216669281,210.466
0.020085863890414925,2.518203429888985,70.84420431939958,740,43.21718789,192.364
0.013934798318541044,3.077802936511333,83.59332017021117,792.3501766849259,49.64988009415597,216.919
0.023754371,2.6989489907128434,73.16586835114525,791.9199969733264,53.188400726623065,203.61
0.005,2.5466544570451277,80.27221516511196,779.2907007332774,64.44869265568812,198.658
0.020948135,2.807223894028701,75.41769809983393,816.2684910622246,57.841938188836295,200.197
0.020705920464845165,2.9833217159482843,82.42898069737063,766.8999157220009,50.09932028,197.491
0.026640407040480187,3.1575675513975643,69.44606448477191,781.9092023923849,40.55940601,209.106
0.023429032196780473,1.1680344304609962,85.91382045916401,755.1202380521174,56.48411766,185.156
0.023545573617452683,1.4107076283133537,69.02434921062662,822.2428582442068,47.93832568242224,203.128
0.016325990430677676,2.832319213002837,70.14789776109399,842.5699747781431,64.65863450780165,190.324
0.029394019168435592,,63.81188137808922,791.3328836,51.05153996729173,198.512
0.030011214,2.871188303131742,61.284088050645856,860,49.60021757470875,171.283
0.029729099,2.9622565436107324,68.93665599,798.4508890211561,47.61370539857665,201.736
0.016532907127316334,2.4295172730846524,74.97271311327772,824.7049702034673,43.70672651527509,213.96
0.009876638,2.2495157527984406,68.95515517,796.5197655207306,48.34570811435069,227.754
0.025283038296366828,3.338167292332262,73.97173106,749.1564353546031,58.72808837544995,180.721
0.011522123811155645,2.384721992365748,64.06085878264612,836.9994306195601,32.407415465866265,221.821
0.03924703,2.8921205493646167,61.89948511523541,859.8726196703533,40.51446408237232,152.518
0.022037640623516833,3.3718979701977605,70.97084917,796.9608069910695,46.78044282912371,211.535
0.031719326,2.8937896766530633,70.58007719,824.7561244676263,45.23392887359782,191.196
0.032707937,3.278054296945998,92.72971061138145,801.2879624868435,48.569127844548674,192.238
0.019512707331941593,,,794.0171717228022,55.62834760184969,206.514
0.034348868,3.3254988892381374,69.94471344153018,807.1018161291694,42.54710271368214,196.503
0.020459713829274872,2.179028536892551,57.78938997144624,808.5544403474292,41.91065546458747,208.859
0.023951603708662242,2.6539289352693403,72.49539066007766,793.0680831830215,50.24994877080222,210.302
0.023883022,2.9503855615117915,67.55193409801898,772.9056141996597,44.925317847597675,211.742
0.031656351317020055,2.314498269904066,60.84147503859684,788.7082465187397,36.31641339625574,202.687
0.030317867,3.1571606055818577,66.83968090947685,801.8703844497614,,191.464
0.021097173075087607,2.184427413289303,60.52920632133559,793.2777215503318,56.03891076,191.544
0.029743198296106575,1.6097143965252458,79.78249236333585,794.6812062675834,45.328742672485674,202.848
0.012664048,2.9645957856780374,72.61943418,798.4804439022148,49.60403813532931,214.974
0.015371744869381499,2.825165838,78.53418630319806,793.0564465070596,30.078567407072338,225.561
0.023123107652817235,1.7809682559351045,,797.7435717317413,44.75559767248923,207.826
0.024634850294634775,3.357314410031601,75.10582704018937,778.1210071778357,51.581198359470065,197.24
0.02271449,2.0760291954864356,72.15347793544277,824.4175384105671,44.56269360336614,209.794
0.028012973590719588,2.296972112,67.86770949633771,808.4310004364163,37.69657674949443,207.314
0.020992593,2.607336130977874,64.16884705878574,778.6364908,54.58688499497865,205.038
0.025354519667932715,2.750297918288207,72.75028601804324,763.5173624527778,46.364360579704076,204.099
0.024602397146044654,2.357626002502739,73.79953776,814.7981053,49.12807906562504,195.013
0.034399046,2.2530608438106103,68.87777510249171,809.4391486001268,46.60458426721282,192.552
0.009037156,2.647142030104421,75.60428485153876,783.9865353348551,49.732068711515765,220.185
0.017174964,3.995275435569959,75.43082712688677,751.0730372687044,54.57488047004961,192.075
0.029614569,2.5102146176262665,61.29405755013127,843.4262038172919,35.52994248281339,183.529
0.022384606,2.7922279669446866,92.88390255953242,766.4989823335198,52.55014296201449,195.552
,3.1851193977894647,73.34260639718596,792.2574865892238,46.04666064947253,212.44
0.025366802372263172,3.0710863857659767,73.66631716,785.0995724598874,51.30177432649635,202.129
0.033895354,2.4447491039371276,68.53517373752042,806.1832358123147,40.55995772294627,203.203
0.025068454395610652,2.6585589814018107,68.53393593931075,833.8566897215901,44.46219182938082,198.663
0.020679210871723606,2.4762531460127892,66.14788279,793.2411118663363,46.92233946517415,202.994
0.013492956264754555,2.519214591349367,65.40646175033572,812.3219328397706,50.60536645391642,214.969
0.024155507,1.8945938062550018,65.11523612081798,752.6503721432371,39.84867754871246,203.643
0.03469737,3.271745685893319,86.97649354217096,779.3363678521312,44.97149928405311,186.762
0.020612966035400575,2.8100594666687604,77.95373215672916,779.9078982056428,56.491160242262424,205.663
0.015458472185493363,2.3954251888200173,82.53160007,801.4144251043518,46.41553072805619,222.28
0.013778231158085477,2.074348513028934,69.68564297773817,837.3943793005358,45.860075294025634,215.743
0.030790707743117738,2.7541019746649904,85.06763196285559,755.9175689908382,53.94129340738131,186.326
0.023574153,3.0515296144300366,70.79099951064836,853.1683871,43.65398340492449,197.331
0.022100488053200702,2.2802343459655265,62.566996593387415,849.9349776403242,51.12777787179024,199.297
0.017240012695208144,2.5879202858661197,66.37463796820646,749.3315816617069,55.598813299014374,191.414
0.019618455385197988,3.032849693132509,69.07328287411647,740,40.14727780731505,201.752
0.018051391002319877,1.8337837036618052,69.26673338483961,791.2929342637843,42.759464082280786,204.546
0.034837134201379856,2.595006338467008,79.25061944286115,785.7208956,42.00815937242932,195.292
0.024326465549589636,2.0618546446270707,64.89647505844876,789.0713322750742,53.64476420824167,187.961
0.032684784849632324,2.7317060196103617,61.37891411822535,813.7036495207951,38.98697907,203.978
0.032738633,2.806962820301631,62.999162657015454,801.8670205168443,57.76508452772542,192.889
0.029727670062587783,3.0327978898491685,82.58415495377184,786.0322482629588,,185.319
0.019641157330705105,2.223747869567625,70.80322270295383,772.1484430594629,34.845597624561584,218.594
0.017539185262092034,2.7810149215930577,72.04406988163616,766.1362037,40.10655217431796,207.182
0.032140717,3.0300250923679677,90.66549947884388,760.9219134482859,37.00840658927688,197.002
0.025387058,2.3245465256291435,81.37487917726307,792.5287777412916,55.69946597625533,193.136
0.016281649,2.2957763255293067,79.52604952860888,841.4965410106304,50.72438815,200.32
0.025734656,3.030226046426814,82.73666358953807,773.5878778456037,57.280168805924475,192.689
0.028291408,2.9477437920837346,93.97584904262905,836.5349985051636,49.38622157407783,186.078
0.025583533901832357,2.5963957784376093,96.17062547466563,760.9393131080284,50.12444287435593,191.886
0.026474869,2.5036067479160495,69.57226993269131,772.52259,43.06201673515717,211.915
0.021113196,2.591715257876051,74.10625712866083,779.5211704658822,45.58199384055884,210.176
0.024171456089651253,2.6172962836540448,79.50446718046501,779.8790038551218,52.449283237127744,199.204
0.010304280377905557,2.4056021879352776,67.14020791040069,806.6963820076794,,217.202
0.020356562727960086,2.360614667852961,84.58877988619885,795.4302408228098,28,217.188
0.018605238,2.321708422109917,77.16600111377501,777.6267139577275,36.952202660208314,214.34
0.023672250060113004,2.289445359336011,72.86044270434563,828.3032423672267,50.631905284599306,201.752
0.036706708,2.96182753,69.58030336056895,787.7506094000125,47.05358934908833,201.219
0.021439989353973725,2.4670314458117977,80.76082668266343,786.7895592487164,45.70229442245891,202.884
0.01978206,2.4613031396731975,83.18573290962723,827.3994399,56.582843832637636,195.049
0.025203891634525084,2.8364238270086406,71.05692050073849,818.7111319681305,50.46417183930048,202.957
0.017603597035546325,1.8121264416517295,74.93439084429802,799.2584859,56.732951541898615,209.05
0.020520540552725692,2.8130137694999995,68.38992756603488,793.3678593210011,49.526078382923885,205.71
,2.023525597804426,61.743979248454444,806.6986600320669,48.94808578685294,201.684
0.023906740978456943,2.9501419366441604,60.48398784904816,777.2605725,44.669797787363144,211.398
0.032808990269880905,2.5145351347421703,68.71569986575388,797.5549100824691,52.22356373072077,201.381
0.013400560058442488,2.905345435492831,66.54933339221438,796.5337742733375,,213.068
0.022445448,2.0336432034996643,56.41602566944654,799.5138462,50.42267559,208.152
0.028625913913296722,2.4091208586213404,64.24532920461023,805.2176491,61.245482037739265,191.226
0.026596303,3.3767504134182964,60.62583016144568,828.4511612962232,41.52981858102767,213.756
0.026105148,2.9205191533894794,71.30867120896536,812.3364680292982,51.45597961069927,203.322
0.012316023560756392,2.489687550823666,70.35000640721368,816.4691885046282,57.44524186130052,212.512
0.027119550915793128,1.8848377395566225,70.40478048707648,787.7062832678781,45.19863529429754,199.722
0.033749130881386466,2.322172556438804,73.14310783,759.4309511741959,64.49940482539884,180.685
0.020578836794232714,1.9955316150673066,52.54134508315359,840.6194927777033,64.82282611,181.206
0.029023491889117542,1.8050016130820001,58.65790744657824,824.8583621491453,35.47096903550263,204.029
,2.2462186828149453,76.04194910711277,803.0450775966235,56.598412488441326,206.075
0.018088911599679493,2.138875146815243,81.98912897,757.4611518904728,47.556923919120614,204.003
0.021530223901530726,2.2800472654472372,74.54256532705868,773.3418404,49.29363515325492,208.612
,2.2324854975586583,66.28268774897163,,66.53892364,191.756
0.033957918007938154,2.3592398696087638,66.44907622212322,822.1151439424143,59.65172321974596,180.111
0.031179923727725708,2.6495820347260945,73.35288071559944,784.1935902040733,42.284617263938955,207.82
0.02813478,2.880819673555785,76.40462629207745,771.2832522135631,38.52914924,205.517
0.017831113,2.145662433523966,91.52167460321961,766.6819927,47.43278509,200.185
0.023687407,1.9964966507977273,70.23045898,790.9814662,44.129002810034045,215.494
0.027188697,1.9964195264602123,63.11382643355805,823.9068473336569,43.00836623267429,205.154
0.023466450737346167,2.919446525279812,80.38336291017161,792.1980446952313,51.61299580158858,197.749
0.024519269000865374,,76.81639678903161,814.3579164951067,57.01932302151215,196.982
0.028253967,3.4732661366363837,72.07137274,817.2694867652928,,195.037
0.029919544976173038,2.3415984065762845,70.44187475872224,780.7074157173436,61.84163972349196,189.361
0.025346659096211827,1.657084838479386,69.31681339,825.6380285396917,49.75887268355075,199.24
0.013477326340040315,2.926118644,69.87735248273532,793.3459405737152,44.899155208115815,210.801
0.027040463911896948,2.255101324834101,82.43226096325205,820.2904069295371,43.216544280247454,208.222
0.005596966,2.7748820237061707,84.06877142347476,779.0611151335589,46.36044835108172,220.219
0.027954481864614387,2.7557966260855418,54.18623066,806.0972565721111,43.894018666708824,197.417
0.031644675,2.2532698983166015,59.284745427346934,779.4495067383209,49.34008944787776,197.169
0.020764582,2.153382177816497,66.32513062944027,775.3970192329472,50.48242153637164,196.819
0.024297265,2.1911015041335955,91.26844895820123,788.6603050864381,44.85655615105687,207.216
0.025380840517755843,2.330817570321625,78.62130735607988,780.4208290908141,51.15520778001285,196.421
0.017313631926075507,2.6334450573342982,64.9497395,787.9798184,54.18209707045277,197.595
0.020981829,2.7006231861839565,80.37451400083665,818.6926633,51.48664213000494,203.939
0.028514761751584773,,57.46141958462024,828.6555834795697,64.73361221522623,176.112
,,60.40541955109275,796.7964596853682,64.27372091977726,181.698
0.023475327,3.083764085347255,87.09996792010995,785.1284670810619,54.71794044116431,208.355
0.024082163,2.334123782920608,71.61666317,846.8505923485548,56.31474562491913,181.819
0.019189619013611173,2.883958226571974,61.02511787,787.9085945,38.84288010352685,213.319
0.022597512,2.295688179383248,69.14663858519957,807.0006710118795,47.68116709113868,208.862
0.030135026,2.7915412475967587,61.98830603802597,786.2247092957589,50.71262674846465,192.225
,2.792878214,58.83579311708529,819.3512970221391,54.56044475,221.61
0.025479074825364798,2.875109071351756,69.56837196244143,841.7163382833442,47.72280339018164,189.48
0.026243296,1.6386907289677684,90.03314402604316,805.4569962967568,48.60286141763299,204.269
,2.9163124993038676,76.87821953551145,840.4769583424122,40.01219384599138,194.821
0.025164824254368206,1.8577331936488881,68.07292650123719,832.1545087280967,57.64165683834145,187.743
0.030857906,2.9918238662486427,94.67686145692387,740,54.489454244578496,168.42
0.025875811847311966,1.7298726869259826,67.68309597,762.0310523685002,40.80903320055301,204.285
0.018100073799913245,1.5013573120521455,79.13130213924504,806.3202023114628,48.12412778906586,203.208
0.038824693,3.1206508736966665,77.36188715,793.9928539195472,51.81040158112445,193.232
0.028049131,1.9976851562085298,64.60258178764303,819.0351053087828,57.29890191246318,189.835
0.018957307,2.472512581630187,63.47115774065536,825.1886883896134,49.95592480414648,201.782
0.026614240547506687,2.0987040060447724,84.25005958980223,804.8701040712973,38.11734968590806,213.973
0.025168798326130313,2.9016651373298403,73.22691421540385,800.6672676095288,53.94178866572004,203.064
0.038032986,1.7384817323365953,72.00139922257604,778.3898507393648,64.61088557907216,184.486
0.028236582,2.5217236739233115,76.13831365,764.4560534175466,54.940292654601464,187.772
0.030979755,1.9009401720202908,64.85783865397613,817.4213595746583,47.20888861948657,196.481
0.022921370983742816,2.6712954755098863,75.31082668341924,784.5034418421053,45.293418455412436,205.965
,3.6416469072582363,53.01149567,840.0033350245911,47.97475008309191,178.556
0.017664592,3.0587903123187883,61.889486520788154,806.3591752415558,,209.59
0.030620308826680334,2.3975024450181976,68.45933808,806.6795441,54.271605074709406,193.007
0.034292602,2.555266599890014,71.27229953901954,792.2129542192056,48.39111014427041,190.819
0.024309034499931038,1.8236302848005224,70.91807067,781.5980877574139,55.27270149119604,200.266
0.029018417010227684,2.5508748240013683,74.97662938,790.8237257,44.742479152623346,199.664
0.024407408,2.266210280148534,70.92363790609843,815.6278306,51.06585066,199.786
0.022487051,2.1196806399203663,81.66318664746011,807.9829467741615,44.24609473185088,199.893
0.016611976250684446,2.690433110166404,63.54214415,776.3093612944342,54.31130189873556,203.993
0.028050229254291424,2.4505904278362936,72.64487240642099,773.1542612051601,48.334745802189715,201.122
0.025744296538685055,2.745749768944155,62.86491898184525,819.6300468817892,49.85332380498284,196.58
0.022828555953122387,1.5255193801211016,77.24828115665991,827.6912099183413,43.897270110239766,206.074
0.013247637817820124,1.2873117631095252,85.44057968707348,778.7350081423754,50.34017371,210.973
0.030005881643447512,2.402822498473366,60.714151747248266,813.0475768612419,52.819431798771966,193.819
0.020322002269139897,2.8214594241335713,67.49945604035011,825.5330392728072,43.417661143666884,202.351
0.006893751,2.3422301459435615,67.50981741618682,777.7204156862263,56.86038320274848,218.091
0.017306695,2.4379308878969503,58.62619882117077,853.7710678674295,,208.61
0.030717689,2.689537922978813,60.19183447544518,811.8422394398387,45.038864863569756,205.704
0.022068378217150887,3.1292736704764685,66.91002846966074,803.5670379155819,48.66524409110447,208.942
0.030205761,3.031088555769176,71.10625832151877,786.3198475193108,60.230385960436614,195.442
0.017463275025553667,2.578210952575329,68.72049473699542,796.6294002,43.932160590198194,217.554
0.033244491,2.9939122910733404,81.47636369449881,794.8155209760885,56.46272277623715,196.122
0.023496733774934078,1.9886607973945898,80.65423941996018,789.1833124827525,54.86588178265716,193.978
,3.2254802860600886,71.32053046003743,770.7205081055755,43.29242921395365,217.259
0.012117778695849126,1.5403240484690381,66.12904758644135,800.1930288035259,51.21487075838196,216.994
0.031702553807181635,1.9742536066387566,74.03398352222972,771.5350738325156,44.094486465483875,204.65
0.027439761153130484,2.1254010343911007,80.79850531301656,832.5736515960675,70.25885787196758,175.319
0.024755337284532303,2.1103780339372835,75.35941609551429,806.2992630020743,70.74861372998323,179.545
0.019288599,2.723740884,79.52620299170363,769.1060130391145,43.73346770631895,207.443
0.024290703728457836,3.194384668,51.532280751637984,789.9819661485221,42.72276984713893,202.931
0.018451593,1.9514986485946992,61.64826254960045,786.8808763409677,61.32383773273729,199.467
0.026027938,2.495199709835263,71.31598505792665,799.1854384,55.87709792745685,196.077
0.029095672,2.6158633861873923,83.04523085817988,768.2603027383287,53.88560966098265,200.153
0.014605096505604528,1.7078436402590476,69.34384330866013,801.7342335214978,60.238961074500295,207.218
0.036895827710224545,3.3514274538256617,76.36208668696479,805.3742955655041,55.06358269154188,184.872
0.011938712149527924,,67.72854539238153,812.4395265,45.753458391402994,220.424
0.029626179324537004,2.636728614449374,67.08985798595783,750.8240708029014,50.875987926584614,187.734
0.030926117,2.5638732965267454,62.771808272542145,782.8435339373829,57.091197671248594,185.803
0.022781539,2.4647733165701187,65.74841601496642,798.3551745573756,49.37678184286292,199.125
0.031484612137357273,1.8653381881242803,74.01975908872124,823.2366979600499,58.161310462955896,176.903
0.026741364,2.962243796936412,83.45712764348013,812.6306342197478,46.68249241480274,207.314
0.025757321599656113,1.864680505459356,64.12484087525753,766.4435708402087,49.86849379945703,198.17
0.015255156876291432,2.7042436890155455,94.35151238365097,780.6118415560993,41.49284059244684,208.975
0.014246824178034929,1.2780086857770752,78.18061048977071,833.2530553958412,59.07949812412427,205.811
0.027216936788748758,2.9616616563449236,64.87462802878807,802.6754798231859,44.86362512610292,205.467
0.023248344993256925,1.513024749816843,70.02168527263925,798.7268713311895,45.83302555207396,199.5
0.021787532107104605,1.741877313088712,70.33472772,832.2311638520972,46.54787878994125,201.595
0.009511681,1.959368998942324,75.02137126995062,830.5204526386475,52.71008668845901,202.957
0.027636205838059487,2.409659794670156,82.79140330650095,786.7429876,35.55145346510237,217.793
0.025413707,2.176875201623412,72.90400421540384,818.7668398016342,57.47749001083813,203.366
0.033247428,2.851575444703512,93.44835242,789.3148134952008,51.33754285183989,196.463
0.012928702669925834,2.171537428212517,75.77625016419105,846.2884537764289,38.80445777,209.827
0.029650953,2.4597210138861074,69.48549570462434,841.8101829092477,47.34855126617629,191.506
0.031181027944298924,2.7265247658382767,67.88432144139728,812.6346411967758,55.60992116634895,191.53
0.022855717205743798,2.7156334377993474,92.54316243,760.8182012732814,55.037152390322234,186.991
0.022853011701829167,2.8238572921644574,74.25276841057898,812.9566587959845,33.45335411578705,217.283
0.031794548401529545,2.9078897308240412,70.83786959000217,832.0465278237914,49.47986450895582,182.427
0.010100016489012353,2.194088752885858,72.49616689,809.2976958458025,51.634880326542124,215.785
0.030144441046423644,2.3345356157736186,66.53413372676256,783.6539066287891,54.63465793172664,197.288
0.016443681111178294,2.5701415724102104,64.10726378675787,781.6382686763766,48.62082146140091,207.223
0.030898126950439093,2.0854440340241553,72.15842660756987,835.4854557308543,48.22783299172102,174.695
0.013314456770158476,2.872642866895942,82.61092359120683,769.9601329802456,69.56305408,192.41
0.011200102056732896,2.806136328884959,82.27703891720415,790.0140915759597,50.09529558435401,216.959
0.024983771358651995,2.9963877451176835,85.77594277549755,816.1686153411224,41.92511889557476,214.501
0.011123688019539299,2.082515600889236,82.29343823,774.6235437868427,37.86827674340672,220.743
0.029339291,3.5030197727257555,75.02363900495543,763.0946672649048,50.97414159,197.109
0.018656376276285115,1.7255549674965749,69.86813170125328,825.3280047891436,61.38951899445948,192.194
,2.6185535972073484,77.47147274943988,797.4962013339873,61.68023542,188.137
0.011869640746295155,2.6029530276148134,81.16103048460887,846.6863787366415,40.75204455911776,211.144
0.023757739408852188,3.387485873,82.99584965846282,789.7678075192106,33.71292138134601,216.04
0.014902434151182298,1.4807443441107635,80.57018872013163,806.9682605679036,56.77005549,207.352
0.013398620697685463,3.0949892389460087,72.05000489008154,825.4310537190214,39.440353346568315,221.153
0.014195739725006661,2.064457817273312,74.75475321990677,805.6910533133279,43.06786667066689,229.154
0.029021192,2.699973101343192,74.56026631671196,824.3250746930265,47.96667011,190.743
0.029021333,2.7745685338533566,56.010006598953886,836.3797212897307,54.86871744931902,184.429
0.026613539487737634,2.3421738492732014,75.18835657930231,801.6053987796438,46.71109464799726,204.864
0.024752177827706227,2.1107052843466487,64.12757158744151,778.9394109470092,44.66110552797133,201.144
0.017773927702070386,3.422262859925011,78.42262156,754.8118968682952,60.344182566748934,193.189
0.010082046402772033,2.3137837108616734,85.54568016311987,794.8701851,47.655163615723964,217.163
0.0335636,2.182041477990028,,795.1608751372436,49.15318820893343,202.784
0.031323321827025755,2.412885944681735,65.78152893611428,816.2351748608884,46.02950102442454,193.633
0.023103695208047673,,69.94961731820655,777.3003646971788,37.85133358210616,216.07
0.020326236844356447,2.4216239099516543,85.53156641966176,811.9182037920182,40.16028323208572,210.501
0.014900926811423762,2.1735362700975704,70.58039495146028,833.4010376132155,48.753658135866544,212.405
0.026857445,2.8156316797532206,71.89193277120724,805.5965961279571,48.57711237252219,203.733
0.030319980693642317,2.269118782199481,76.62856151375186,781.3356785567825,57.09286702438445,186.869
0.03733654,3.676018235108108,75.26991295,778.1383753,56.72829694296671,183.755
0.026643736605190576,2.4252032887744193,83.92208179,778.6243064455296,43.504316775424215,202.784
0.019970688,2.206360636292292,81.66077199886698,821.2458347096618,54.69514277,208.036
0.014091508109800649,3.0738269876815574,88.03303584872478,797.2087630217445,50.61678142896015,209.37
0.022087195,1.7560495209565192,61.09155963055138,834.7869221505497,59.59014940688062,189.555
0.024861755937819637,2.252555997,64.91086562884037,802.6498856248313,46.728029656309936,206.231
0.025102535,2.725225907068145,77.35234629050625,804.8748762532464,49.21086736111227,195.593
0.02051914,2.5668180420447455,82.41282197969284,782.5569290322385,47.44162125,207.103
0.035208288003435645,2.2210471060520036,67.67465856,767.7906063702577,42.608155279103684,185.763
0.029635959578596455,1.986869391394292,79.23374240946552,786.4163291,48.27975701913881,206.339
0.029837551816764025,3.8065545785959394,62.9604471,807.2395349933142,40.67245006671322,208.313
0.026299096346626187,1.683367246590405,64.91827004707625,776.8526457551228,51.23274500466389,200.758
0.037533997,2.907181297376055,73.71293097687257,810.0810962782988,43.42484978701435,194.186
0.021122255659288058,2.5504926238225876,75.62997240150578,794.0971490599035,58.17337269578009,198.165
0.027531714286312903,2.9377752739647973,56.99422039446709,828.6806659676664,43.432216717039346,186.093
0.033967689044158644,2.8184232393617368,76.97438221,809.8586765379937,49.62038744277712,191.311
0.021074405184531186,2.0509217525379806,64.54218753081824,825.324247,65.25328099123126,187.566
0.023468395323337853,,55.37840298,800.9003175878828,32.46148351510459,222.093
0.012795841078698853,2.3822920891934873,70.73398489772302,787.4897518847519,39.01448034782318,223.962
0.026479788616560557,1.9904893426461974,64.28807631419424,808.2065730608431,55.544440057363225,195.209
0.023370881822633385,2.2990548263109907,77.25781482094771,813.1800449936012,49.21130120815762,212.444
0.021008734,1.5549884919866017,64.94230115969353,799.5453282602156,60.88600648374758,201.654
0.015285892,2.2660668833723814,70.69586810789352,788.9304840256425,37.63768175475564,219.284
0.030394326,2.998637997850149,65.19758775385992,816.3697811143628,49.09482742264885,192.914
0.01683879,3.4559438279270607,64.06223290479053,778.6490472531366,54.239028130348174,202.621
0.023032723,2.202741934035098,74.16413706185685,806.1713390169682,53.75980201552218,210.953
,2.461181750542268,,814.7999304614513,40.35974816066006,209.149
0.017294248959608488,2.2159308368237474,72.70461555470102,764.0042971112126,40.152720734708026,212.999
0.023604536301398506,2.2923212004279176,83.93583728942819,807.5883599955557,53.39954465806517,198.421
0.013171484193657636,2.6849137498564355,57.95896253775368,787.5074700914147,56.05387228391994,205.193
0.030568052201586145,2.7862092959773745,83.20082230225901,805.4129171406071,56.41070436717184,190.323
0.014843842,1.2401429289169428,71.91902554154183,791.4110709234081,56.65143792249472,213.48
0.024736072,2.981141894606546,67.87189392,784.4494139618572,,208.813
0.022087151367495894,2.922593331836799,50.793869809354604,809.9188323723581,56.14301133260027,202.545
0.033991074,,,831.7552894684073,64.18007715018871,170.135
,2.973297529677526,73.65320989607471,803.9264442085259,54.16952763623328,191.128
0.023587787741788314,2.088743761055469,61.24517888189013,800.7287327115727,48.109120822671414,205.565
0.025873582,2.4891788335188894,85.04571076819214,801.0030874040511,48.343484265040736,199.762
0.012530276,1.6994701169793893,65.89974181866096,812.9522267682428,57.84259575779922,214.748
0.04296589,1.8635394264291458,70.69290813941954,802.4339344733667,57.23067711636332,175.821
0.028193481253137528,1.9607762952368142,67.68349186236773,772.7931838853967,37.632367621286065,212.336
0.028256405805251343,2.499606924106386,74.58955417741927,798.5476446410966,37.40651735686519,218.414
0.023514696017252278,2.515539352,72.75031176945097,761.4046594640955,60.51360227,191.657
0.019165324645445167,2.914676678911065,62.87943322880374,771.4309344452272,43.48740505357544,197.822
0.015932905,2.1574276547794344,65.63048058507377,795.6744041825608,54.61775120755134,202.28
0.017350447685431584,2.339671225,70.31364808334705,783.3235319139918,52.18901028240202,211.69
0.021628230263407745,2.697651304114947,69.44523273777915,835.7369563,42.39797193396129,198.344
0.039189278425085815,3.2690938876577795,64.32265199,837.2943464393927,56.062212243288855,158.327
0.028578533,3.0790845774295983,77.35150768116395,823.9358769034783,53.74718067727473,194.879
0.026614689989723904,2.1175001708111743,68.66219712432584,793.4309074301367,44.97572875080884,203.273
0.028226766,2.523831113283093,,785.1452732793958,42.045915031934925,209.09
0.013789450419834063,2.1162867872310116,79.70837868622289,791.5148733189382,57.10624105176643,201.981
,2.7938403524215256,59.77316864480837,801.1062356584996,39.790766724357304,207.057
0.027126285311432057,2.399818982493617,71.08989912,813.0271664,65.04472263,185.856
,2.7307334207397425,47.272716275578574,832.4604137696614,,196.201
0.018840731297944162,2.1038317353354925,72.09207830507063,860,35.15334615183106,203.556
0.031457365282785824,2.169961279127946,85.79925663737824,816.6316573527582,52.84026346,187.293
0.015330560452617534,2.060993810684783,78.84385527067236,783.7879669804823,50.48380805615041,208.14
0.024525934244578433,3.3676103381964775,80.57732876911157,816.5999736553279,56.00207598800368,193.288
0.024651238116451635,2.8983902306379843,68.22530262514381,803.6255778276478,60.58939664745387,195.252
0.011435359922209306,3.184712441120236,77.42175298433912,785.0657460533246,45.68968900607702,218.598
0.028661354644277874,2.797095236848481,56.39987209,827.3034645373177,44.08046161425566,202.075
0.036055258,1.6576440161055452,,769.5344488486675,51.792446599834214,183.792
0.025737130709710173,2.772884805060387,80.89891384346593,819.8887204287081,44.80924495,207.574
0.026067375905039374,2.263153116043944,78.97694904,776.5018900259515,45.31208197463607,199.939
0.016854873,2.826765313672247,67.87931930596105,798.6695715,44.47206663470383,219.383
0.031004777723646307,2.98848097,70.34612640071185,747.3192409396839,52.47586992045651,177.254
0.022935666204797697,,74.45317110759729,769.4376376434333,50.84934554404861,196.752
0.025742641772513137,2.3899988333421653,87.76579875962395,774.8195144135058,49.62459613,198.566
0.023336301215233196,2.6578230415006394,84.86272282656323,752.2577428833023,53.216134848407215,192.013
0.020149098425975686,3.9452694185538606,60.70985545614468,804.2946156076988,42.22535453431122,211.259
0.029004813709139952,2.2586724826034916,78.46035839391637,,62.61092549148641,189.123
0.030186397744341842,3.030981149084556,75.23733859997202,779.5037250531326,42.98885089087497,202.467
0.026711379024318013,2.6969879885716854,62.64377152431383,774.4338628971283,54.68438428161141,188.594
0.029011718759715817,2.916206660519701,65.82484134578854,801.2447148,,195.433
0.014751012,2.5427353618244655,80.38930134,830.6458808195493,42.53259453684166,209.519
0.026734819508304107,2.2888091960719774,74.90730058085674,793.0037084057744,46.72236968940227,205.78
0.031611297114346654,2.5352133930423806,64.21321084875403,837.9496677572284,50.212362775963975,176.997
0.005376948,2.215979704638144,70.38012843921958,758.5050059742166,50.90874470182856,208.496
0.03400036,2.6276540139770597,78.91590678153949,,44.285450632313356,188.299
0.044032934,3.133530263008316,80.52465255566895,797.5571170504695,55.99534078929632,184.677
0.023275313,1.7158514428981924,80.26813409864234,822.0690681357158,51.90747867134945,201.182
0.018103205488768877,2.6267140859354794,70.62720632758837,761.6285457095964,54.48755658298958,194.647
0.023737433224224364,,65.43495992846539,773.6462090566922,59.21184807936933,190.721
0.025125351,2.9254743002832138,,784.1106598371397,49.87733868567486,198.154
0.028378231928865332,2.568594181932427,85.73164609546691,855.0463063033694,55.84948175751474,170.653
0.037337090765983044,2.445055964057034,74.38888134588302,779.0709825723666,49.13067766917779,180.384
0.027095896,2.8714422695667183,59.809596718794594,807.0439004503426,57.041194195714716,194.481
,2.432978021551556,74.25481003994823,804.2344069559892,49.971779974988536,217.626
0.012251445,2.587302855,70.74529722280052,782.890998,56.10359022934131,205.435
0.026605148,2.9814043399226864,71.45345935056362,784.2956819191177,60.72800466390389,193.46
0.026678367668818804,1.9692931164295353,70.26406356399318,825.9036594227139,55.91602017647324,187.891
0.025816138083901236,2.8114423367836223,87.49037690699836,760.9663239984807,53.95091979819932,186.021
0.017922493366524704,2.5419926827564634,73.61692964991653,813.8325084864906,45.58431407963691,218.37
0.031098940158278597,2.529159989787232,69.80162775132817,798.9055702872881,72,180.903
0.023841986832319292,2.260548086396656,90.58621977155784,789.0258706876978,36.618360010132065,208.447
0.008894658,1.4968373890369984,75.92810371304166,767.7503009682431,64.21189124123146,201.809
0.021879408,2.4994246362307537,72.67686440439807,856.0749587644143,46.59528159847577,196.704
0.027105192,2.168196823034897,63.63826825246298,820.7891326491671,42.17776948513609,193.652
0.02751814,3.073783597979011,62.982383614070265,800.9273439,45.427422621599575,199.697
0.016835299,,70.13346678504308,810.7385640691956,50.96438373255967,215.804
0.024292317,1.9598311926142369,78.15086425025682,765.9201046090596,53.422672002596705,193.539
0.035073297,2.2492743812666847,62.28415660605175,813.4007888139456,55.619625304368974,181.763
0.036692219288880216,3.101926670495448,74.93205144564087,792.4128834931146,50.28008635825891,182.912
0.018694625089905423,2.3179110180708946,70.32679055,824.1181398420132,63.42358535816258,198.399
0.028233067,2.8155994986782185,67.75435463491033,813.5770662793961,54.80817830310921,196.145
0.025902548812312676,2.1374010424840586,51.833709206135794,829.8406443989807,46.506344866877114,191.139
0.024165955143580675,2.882921210908802,62.536108045590716,814.9111782732602,49.98364376157648,207.893
0.029079907704838315,2.5822427764007614,76.21468808407998,800.2633649602888,50.62519109,193.303
0.016821073,2.8739679706727803,73.75627923219578,836.2991751673605,45.04919699753666,207.562
0.022011362192500553,2.9670493216312672,72.09738301188652,824.2996086631038,52.04699681490359,204.521
0.033295521,2.8307463664225545,64.81818829,795.9947753,32.577945483328605,216.085
0.030338685511297602,3.3210322446345493,65.19106705697386,804.7338087948965,53.72027116,190.487
0.020237387638983063,2.367700929030816,58.03893831614547,811.5933061791357,43.98063785214822,213.637
0.037050517,2.270493237837396,57.514470533361916,821.7046207640359,47.46992195081582,187.002
0.021342988506208915,2.958246145819579,76.00756285449674,805.2694865507616,56.27859735139642,201.024
0.009987324,1.681696658,76.51060601,828.4550518840957,45.72613952,216.269
0.023581178345743057,2.7543311141613795,69.08206261785274,814.3106644317421,54.94889520808528,199.611
0.030323273,2.622531740308971,,807.6466302068178,54.83179793336898,194.272
0.033204935,2.011784569871601,64.46138356345863,781.9701519376287,67.02760588,186.769
0.038797641041444834,2.4178636251692223,80.46116114465121,812.7736735393304,55.30287076452746,181.13
0.021163906035786825,3.2444056746596246,73.83337514144468,806.0921512369947,57.571380469854475,197.051
0.027473902395743783,2.623601204,62.07330772278815,787.3710568688759,61.996399857188024,194.962
0.031834914,2.6134865515137005,82.06252178840398,776.6221630646792,52.28060783993522,191.7
0.016556611317560387,2.2577758505043235,76.32895306236892,793.3354946285561,28,225.268
0.030625561,2.250691761458155,73.33027895842353,803.9952704604298,50.615615977962264,199.884
0.040882467,2.607713481333381,78.95698875237733,793.7636119672833,39.77305729,199.75
0.027138238025143164,2.299031400228752,53.272151318771066,795.8841243335514,62.398837172290534,193.317
0.027290082,2.217678500530566,87.09402081730613,761.6836506164713,62.36642686782644,182.448
0.020433352,2.022778620478999,72.72537385893992,804.8656563808604,48.96665092708674,214.435
0.026265074125221444,3.3132042554321197,80.28900668237316,834.7442055611987,41.414222270282245,200.865
0.022995456799863066,,84.11646298484082,750.3931827317809,48.553964444016486,198.229
0.027658753955720483,2.791405731461468,79.08717648271585,794.1049177305795,60.96584833104227,187.166
0.036434086,2.778707866080421,61.092999656429555,789.3808283402395,39.562399417770315,198.52
0.030884507,2.5733247764431573,71.49148599975145,829.7114247799468,56.40261356378635,190.269
0.024522578226552703,1.515323093597314,74.86414567744437,806.3707518123783,50.36450773,204.987
0.027645093310891683,3.4315613247824395,85.22527680813175,764.9939185734349,41.79943642626461,195.473
0.024417585,2.1667893520412247,88.30600001419097,740,56.58918768001108,177.512
0.018705551031838907,2.1599442912930438,78.21460028278152,794.0097546521367,38.47838815371087,220.775
0.027430874162780134,1.7460789787514193,62.155705344166485,810.0533929,60.82227965587999,186.192
0.032601104,2.314334457017755,66.7592347,789.5424537579756,52.42884927566077,186.038
0.017387349968858243,2.833831296,58.25273658924595,840.7736466,45.74725163319099,210.114
0.025654548116289505,2.356773494951098,65.65934867,827.5926093246504,46.90943045441652,198.778
0.020258970468907487,2.8018095455605683,95.52569946,789.0454768666829,52.29505812395778,203.792
0.027292557096205185,2.3622278881684005,63.972869212314066,778.7549783978487,52.26872225,202.433
0.024314648274538695,2.393297755376519,71.53418256499995,794.9890242727414,35.875649051398355,219.821
0.031344738057000734,,75.27196744979531,797.3262147400226,38.82517718376464,204.716
0.022818767,2.0155194410619774,69.14709392162152,817.8117318809236,55.554464783576215,205.766
0.020377118,2.4082037434194614,71.20611316,768.5342214901538,58.39288598366006,197.411
0.037582503,1.9564469593746798,70.32238475533842,799.0205513723828,54.66075176317266,198.551
0.016431822419134434,1.5557384521714925,82.82521686983881,779.0332562543668,47.77576629011373,207.73
0.023202772,2.004837302681618,81.64203854,782.1468079,46.25620165299236,205.679
0.020644662,3.0871875806687066,57.90932038598639,767.9780787,53.10893191637594,196.266
0.021208636,1.583638898028986,62.973859312396314,815.6183197511979,46.95628433508143,208.329
0.021263586261854314,2.1121511635420758,66.43178508101606,765.2606054063348,48.58234429036415,190.034
0.029179982919967994,2.794858973854939,61.745758166097055,820.6973234549191,40.394446077287256,194.07
0.03430364,2.8900990262075226,61.89330863400883,803.8219780318202,57.719325079654794,196.897
0.025760122584509673,1.4600350209781798,71.20366609289438,785.6744271,,199.126
0.021879941969634036,2.7464742294212474,74.45751881030536,833.7308142280867,44.736454744350496,203.361
0.027108684707230463,2.9767848989730603,61.540522901020616,804.6380647,56.62264145,193.827
0.025889884873531138,,71.42217131592611,835.6925531112402,43.53948632683348,196.707
0.018299773195208126,2.274044769121841,64.15250648279424,808.5379758128423,70.04067468369962,191.133
0.019507559308821063,1.8459935256997007,83.36226933270069,781.5163210430372,48.144582729858065,208.677
0.024937534226742112,2.4358791584055224,69.05859372265752,799.8798903822772,49.83881560353431,207.727
0.010980740934774512,2.1786201215222536,80.83792805711664,776.7738446223241,59.740181792533896,210.571
0.025883482796312564,2.444604728756995,74.97078493069473,795.3335984633688,47.70971293956089,209.172
0.016935946,2.220056912133933,80.03306123091636,828.9924747405906,52.44307852,205.186
0.024707272,2.4122658619589377,66.85658449129926,829.7861048,53.67328776058943,199.25
0.026201774292817608,2.9429286680586073,74.42149657200727,770.6305642921598,42.71986510662167,203.231
0.028018047,2.704826846425166,73.15971544486773,789.6772274555925,36.766412716280605,215.474
0.021192184035878563,2.150832088610602,83.51613666216183,839.4001392042724,59.74600433499394,187.341
0.03640833,2.425010520468362,67.42210447999625,790.9042142228487,65.99728064115867,181.713
0.025082421097222515,3.022503074709088,71.20643265387979,810.6628239701568,43.71198456326368,205.285
0.030713072211326905,2.0213591978050616,70.26213521577101,838.8700072287522,64.10031376801743,174.343
0.015546705138595416,3.371573713322743,70.28219631087136,776.0475886109839,56.68340986156956,204.573
0.035568361,3.0992286813644965,72.38326863706043,792.3728216,43.99030509090031,201.484
0.025531759,2.5914736030418823,58.502879862861796,810.5232547091169,48.97271566,195.003
0.019573346557411643,2.2694314462128022,81.35780653253113,,44.30751561886807,217.752
0.026054896575822703,3.259697279690755,84.40336924,812.1328389809654,45.55461625904054,203.384
0.032372562,3.1254059726280525,90.20570599849486,785.6958836783596,38.99053657908432,204.811
0.023661701,2.4312832691569324,91.63591453618528,779.7060417621018,50.92924775159027,198.357
0.020226306283596042,3.196543711736047,74.61856072526385,770.5000536752707,60.41119747901424,200.312
0.03223775,1.5202598936905247,79.88703233643018,756.6045688,53.57794119849367,186.54
0.017674671584738563,1.811016277817979,74.76067534,824.3277672736656,45.40172607119201,203.562
0.020461173,2.4699773702199384,,814.5191123552959,44.80646710461216,201.899
0.018827254416397453,2.6508142643467063,73.90054174313768,802.5102496123117,49.19978961523785,206.663
0.023526925,2.800405392378663,71.63992169,805.1020805180834,49.292404485975275,201.56
0.020866347640124412,2.2041517530281958,78.91673845516505,800.1354188680023,51.13022092703349,205.489
0.028319872,2.5842428894295724,69.68929883938182,814.7847006760973,55.938042941022466,187.318
0.034225319,2.3583770752758912,77.86391619213379,775.4673586846379,48.988095202067996,192.927
0.023447392572762182,1.499989104576541,66.74405173787748,800.2754779906786,41.29400171138815,202.824
0.019491975896769324,3.2582371916507906,71.59198532213925,800.1917723203815,45.13197376296032,206.757
0.031447239,2.251614163839289,63.94104755690117,813.6425493656824,46.40903141401313,194.598
0.025615517,3.661730013409041,76.73445502011008,778.4966317728283,48.34640896149502,199.942
0.023099253,1.8859326393812745,75.41592862,765.0080994124029,55.02807398655279,192.899
0.023906612479277452,1.9532343609343723,86.66982415416989,795.1255298667705,52.72345144798244,195.138
0.030949711405448017,2.735508620509583,75.06886885819067,824.2546269,49.78347358733845,190.143
0.031772653,2.0722028325365835,90.38681583,790.8595314774655,46.386837660771384,198.495
0.019778994721646737,2.522560201468072,80.33126703,796.4502589254429,46.79079451667355,212.976
0.026151255329117877,2.1167728243084563,59.858698596573106,814.6477752724749,48.556848575709246,203.979
0.024416452089916545,2.2436100704473736,64.97073285340845,786.0653053776223,43.35129259950717,207.272
0.025453948826444067,2.590100491033065,75.40195650483071,778.0571854331029,40.480052130342656,218.389
0.027077397959967848,2.1742595236431406,81.39570816088538,807.0287797,57.75690590531907,190.435
0.029142598,3.947942699397822,67.61701559,748.3058776294807,53.17326643912713,176.156
0.019355310088835277,2.3263425032198173,61.74240472123037,809.2203829489098,38.62579365308717,218.243
0.033088089,3.2061298825128013,75.30162760792435,792.2228845468135,39.54658953801267,204.546
0.027050736876154374,2.891393249903912,70.74537825637326,809.1022445968869,49.15276757,203.981
0.023881327550094072,1.7972638718519396,61.113595153717085,831.8052154752206,64.21330797813751,182.247
0.031531643783790926,3.4175010537129387,71.94977348185382,812.7745867277858,54.89550080831405,184.746
0.03507536,1.9240775990862145,51.46230274773471,820.6946000427957,,179.533
0.019773362,,73.62963018927556,811.2421662813326,39.66279580912193,211.276
0.030087489135501525,2.5063528540489153,65.86572367015435,827.7137682048614,53.39688813159759,186.232
0.015488810700683834,2.689231017315299,81.32143983308919,809.3986289448308,60.03351803,209.747
0.026800534514421232,2.9979442408851793,68.03694977549823,813.4902036180281,57.120133265027405,191.091
0.034502549185090534,2.8312613071862573,83.09451433060065,800.2693131062296,56.64724382476011,184.079
0.022640686375348475,2.865308744283382,80.54366108336626,780.6246944806178,54.38313680097647,197.617
0.029346825838986398,1.849683129564229,84.42866354700367,771.4499429683541,55.27126508263315,191.875
0.031897915212748554,3.3982446140553675,68.83191118942628,794.7114779862204,49.13290837449842,205.825
0.027575389239619573,3.283181736607233,70.97626623831057,810.6631715136832,67.03568817974812,181.336
0.020664637273854453,2.803843366457942,79.61936910488308,803.8114473100652,57.63598610505275,201.833
0.020874734089435357,2.630013478,75.84154994880988,789.3102941585198,49.278155944904604,212.091
0.024147176365668772,1.8449892795683165,54.76727106743482,853.5524046504719,49.08018941702651,183.716
0.021532834053419277,2.99595144,80.78824098519232,820.1212571065054,45.68919214540487,206.878
0.028373319328801612,2.1955207379563966,68.43124895864705,788.7717797258083,45.53812164965771,203.008
0.012527778587510736,2.826051183123084,65.23821304237997,794.7025527685878,57.542675871980336,216.364
0.035190563,1.886246039118665,74.73961400865508,815.2628477890655,44.57221973605334,193.029
0.024219260207169708,2.0430649686180944,79.71621329789947,,30.454180505576144,220.65
0.033677819,2.4064537263530017,76.22531047,809.6468947024802,50.631656746520534,186.993
0.021500874326531062,2.223046255509078,70.36860171443328,801.7897295647208,53.12903315394837,197.022
0.031159866721942084,3.1824268553312365,67.12960130257677,824.7850364,57.55844571,189.123
0.022353491,2.5641742887440113,73.09035928,813.2869378955523,48.86976525665718,207.827
0.019602472845208063,2.9539772577784387,66.20402926709318,812.7255071949635,61.82777973604872,197.912
0.020242601918281804,2.3752801200089637,69.17957117,749.7954076084362,59.63460483445971,189.776
0.020397138,2.0293747284805166,69.79214253696567,792.8123246248585,43.92663333,218.492
0.020213326624401267,1.9233030058370026,72.75227501527445,782.1675574635728,60.53705392,198.853
0.021245932,2.3230535008124065,61.884225587736466,815.1636643110586,47.975654716969885,202.845
0.023944524105782006,2.0439388760755106,79.32819692994161,799.1402823861076,54.14475081400943,206.914
0.028125445663957402,2.192480487372478,68.97544215434337,844.1499858780039,41.85936282243983,188.637
0.018697135748394197,2.0635886760094584,54.559263679476985,836.4059460092394,54.718839931462774,192.572
0.022802152,2.197336863915296,81.35115275593515,793.4000334811681,50.02098850917786,202.56
0.024122108,3.180919675151289,55.891001685859635,809.1237818912822,48.990989578194984,209.267
0.018790223923137846,2.0633873934068223,62.669776804881465,787.3430444704054,50.417465590209524,211.099
0.021866324007486955,2.897562140456276,63.95353887,754.5455930797048,47.808494738445354,198.941
0.028490968,2.439483823359261,74.00251020598782,794.3144665429173,56.740157685777746,188.623
,2.0395892801103894,66.96419579315427,825.3575654394486,40.10372895380865,204.841
0.024071553,1.8329683961625869,69.63452816220864,799.3289774,58.45157461652764,197.334
0.029739638119040034,3.3956996860472444,62.46050018700811,789.626742,58.42903297017807,184.045
0.034600231,2.1208581204429144,64.44876572441116,751.8341062806478,42.80134718783395,191.702
0.020575864047226448,2.0655475065662703,78.32329617,794.3242229,40.181512456369674,212.245
0.037591139,3.3976146165454346,,771.4700496666869,53.17518468878507,183.605
0.028144003,3.209637763967863,82.67099331,816.8646647048399,58.30560472436091,185.705
0.017417665,3.392800637987847,79.18011389446869,818.3806329610466,56.67997950981233,201.547
0.031903396,2.5081216499535857,50.138011697953694,836.2102106561497,41.89673274386963,186.735
0.00989858,2.7241238775908596,69.91564659771441,793.7215417228217,51.43245992554126,208.991
0.006021648,2.229111115135619,74.25349931497337,796.2586310732075,38.8022449,230
0.020936595115275913,1.6236216279941287,69.54982570913918,780.1552689545205,45.18397057528754,204.456
0.023955951783376637,2.136623822656005,82.11935793318463,794.8668826,34.211895563270524,214.706
0.019299466357077893,1.767744934,88.90714336,820.4739459845994,65.13953069828352,182.44
0.025022917972984757,2.502355511006655,75.23088248077201,807.8972497056635,58.09365433,205.616
0.027443252908618612,2.4017655235339044,64.78300476,794.8496925259516,47.75777582742334,199.301
0.031348615522646665,2.8855797251885065,74.60980542410607,,48.89470327093718,187.562
0.020428612,2.5374802485808954,82.95417774452874,794.5810610922574,41.79596496994698,217.086
0.012822499753866269,2.8599605262377463,73.01355092702593,844.9963966415952,45.12490941793736,210.53
0.017177882866232518,2.054711382907189,95.75080287,775.805952,52.76057036297888,198.163
0.023874765640178635,3.2206245363478225,74.80564511410049,841.1282603430009,44.32153071924227,193.887
0.018260664,1.7094566435054768,55.82739521239432,807.6746442424816,54.960953063859805,202.458
0.016768089643469476,3.7172442619246593,78.23312421001725,768.7606663779203,50.271142200393165,205.761
0.021917684791024034,3.2782053293803592,72.66771552502868,801.6668114295412,44.62068765381761,212.296
0.023583898,3.1267914621007886,73.83861924864385,811.4006730308658,46.70100038858374,211.857
0.010235442555719142,2.5965758564115426,58.91007154373973,789.9762977537778,38.047598077903814,229.097
0.019830822,2.3848298835298363,91.39050686470743,796.9771114,53.30950617319663,211.996
0.031797203,2.0245940263124793,70.67670536,829.5156116428116,52.853773000865345,175.276
0.023932613,2.2844459809094535,71.71532182737876,778.0299305520563,44.208174013475286,207.039
0.016100221235794444,2.720787090778407,67.10223364652282,787.5748638702394,56.757706093809375,210.379
0.037980883,2.07068259,72.78643485,787.8263345,58.084595677722746,184.13
0.024581409,2.771157900327471,80.13324023403544,785.6354451966317,47.12380213798902,215.583
0.013219648287451412,2.398086301,77.67803918407127,792.5837558354579,56.46937009,215.958
0.015044602474530197,1.9440421898642954,77.58349670776532,779.5629557293057,47.65834741642407,211.768
0.028208596771013936,2.399736282402484,82.88395781203256,768.5101438372271,58.117370047138095,187.531
0.025500269943915483,1.9974890667364904,73.85591351626371,770.1538145018592,47.531603318885686,202.401
0.015816276187338645,1.8845187841305844,70.25346264672955,765.7017142,44.140007211539434,211.516
0.019427964,2.488212312641167,84.52931308,824.7175141881864,46.72207447227195,208.076
0.037524117,3.1415678689487065,55.57402056690046,770.4465174776011,35.397518209594416,198.294
0.033855141,2.9799563719226603,71.68004116289895,791.1661513667541,65.17725551467417,185.745
0.019490498,2.473581626831039,60.778598036185755,786.7206257621621,43.417084069047014,216.016
0.012505591082111281,2.2344877760223714,76.28739528200182,791.9133628,53.32447645837059,208.214
0.03741182,1.8300021093057888,76.38514876405821,827.8121568433603,46.95450589830839,185.092
0.018013250094945765,2.1831562152105266,64.17417838817506,790.0782212122334,57.58918165936514,202.379
0.025779328066219496,2.6980021949384305,66.96088465661528,804.3116331420392,55.24405715059656,206.351
0.030002623684004064,1.762570715608383,57.287412671518574,834.0370033001866,61.163807684291136,179.529
0.027304868,3.423698207046206,73.93137158656151,764.1304703246943,41.70988529329797,205.853
0.021185084,2.5671852415943968,77.68336801598392,795.8466929077069,50.408865674086286,214.67
0.017644984,2.677342114924432,94.95239745312048,769.7204337037396,38.409467273082385,208.722
0.018893326,2.6066133971971372,,795.9837501931055,51.25808353110024,207.13
0.012864416214031341,2.717078072430619,63.86135008844851,847.6265027666515,40.54483055999296,207.094
0.032923457,2.9045888498147203,78.56986897469403,827.3644580842887,54.900304582854886,174.099
0.017591308273889918,2.497213252792415,85.49689157639554,785.0819765,44.87968220741483,207.759
0.019260001350550508,3.462956160947191,62.58531332985058,813.0549147678074,,209.378
0.027273103,2.6842945496359834,67.51693840133265,798.7027597980989,45.81061770696574,214.872
0.026963092448189667,2.0704691118207568,68.44152718915262,799.2607287,51.33358342,205.56
0.028716871543803712,2.857969867142296,67.93923059388345,792.7132740660956,42.46547457481892,197.1
0.024574503,2.374399908,91.26941872776997,744.6137891190243,51.61947647354091,176.541
0.024032042,1.6514763729927289,78.35986021767324,793.8770437535264,45.75183656067421,205.995
0.025909513,2.8038665384630375,70.51689934921514,816.2209266,46.02170272607292,202.545
0.022996722687151885,2.174910968,61.51046225540717,780.0426927660595,52.91087756732676,204.653
0.035867385954987986,2.304655683823594,72.58878533225595,809.0743568027839,59.81780408318001,179.293
,2.7562118309129766,63.47133341874638,816.2873848,41.764600916591256,206.028
0.020053061960661478,2.316305480100351,79.75298568391054,826.7511145233899,39.011734007988565,208.898
0.029328648282517102,1.830245366634057,100,795.0169323037148,46.85342043184789,195.049
0.023875604432535804,2.281778973995523,69.56662384,854.5581887498698,50.82163124994982,186.989
0.036968858,1.7086160943759667,51.31374532932884,818.6828169244175,53.11365034697623,181.137
0.028649740733642896,2.9650880685676397,55.45749289797824,814.1756812167903,48.64882951130568,199.498
0.024074562,2.3914377302860346,71.47719036064338,791.3957187288388,36.21172726478447,214.205
0.034244661244861044,2.5095163759568013,72.67206440588443,778.8688969077313,51.514335661128015,190.592
0.030319874,2.6938155340275336,71.22156235014029,,47.024868793320294,196.974
0.023669471,2.5320969804312985,65.28836353588957,805.7786527710624,47.31265442486571,209.629
0.017202566897814665,2.203754669972718,56.47713064616626,846.5125757951612,46.44946064835281,193.573
0.025984824718338583,2.295737692513822,55.748332772346124,824.0157921,50.79387592607375,194.761
0.018670411727909293,2.525716944945629,60.57555574004127,860,57.214273638304874,177.844
0.023680553448314625,2.9041849135234985,79.3060193,795.7122906605757,41.075540036188954,209.971
0.027057291,2.748327681717142,66.82746787938913,809.2596897316868,47.35332009,201.36
0.018149753,2.5809583678823502,78.66887595,776.0912681776507,39.990130197596955,213.002
0.024408143,2.854796863301896,67.53688898880876,803.8041207,47.860313022695586,202.694
0.024732103,2.2951382045008137,75.07064086682496,801.1080991761515,49.216631296854544,202.52
0.037770503613595456,3.186480288013192,58.73365721189057,777.4291026,51.99752105770152,183.252
0.025237033,3.1126176184231276,87.39304039799441,814.8241903270996,59.55731812889366,191.136
0.028571179144497943,2.442028632636512,73.09672464783327,806.6237250010413,42.15166527,207.725
0.022963444313755514,2.161541019627616,73.12704600991272,802.4028456831949,,219.011
0.016907868,2.2424049116551714,66.42488398135507,781.7093292297031,47.75413552012841,210.507
0.024618853783293974,3.083022551426516,71.18280554031175,820.7797283911059,44.821449141887996,211.137
0.031807188174113696,2.7421735920043613,75.80681905903671,802.0493574,49.19511633,202.15
0.017821172704322104,2.261246551158231,70.56204362,810.8173803101856,58.35314578,205.218
0.008794531,1.806517949355063,64.63630080856558,801.3398768852968,40.422746221672014,230
0.016975555463211216,1.7533212952989188,76.19249557487225,803.0895942805518,57.00665658265736,210.591
0.018700627156980953,2.0641038467336656,63.54671663207162,798.5912157238383,53.971098114655234,202.091
0.027528576,2.374084335264385,75.14138493016112,,55.424195802042064,194.169
0.026683767184325607,3.1663499228686938,91.65518106617249,799.9278498701403,59.427565095527896,195.658
,3.1025396082170156,71.00147286569128,773.7616590014704,48.99886035656547,193.324
0.017679164353054704,2.2719455312703474,79.92613596535399,827.9135586696397,62.13967926874864,208.472
0.023520490527863425,3.0283231938753175,66.73022423937603,796.8153712125875,66.24856756683059,190.316
0.015266585,2.1843024949135597,67.35253213768416,856.8444388567609,56.54216468339002,184.464
0.026908005816156787,2.8185678993591625,73.86865028725302,856.7428977125124,46.21061125685643,181.62
0.016112887987256956,2.891832093763412,68.82897339433947,784.8975291346683,50.48266207470246,214.289
0.037827825,3.183708413790429,65.96705542867146,835.8265543701673,50.32492923,167.133
0.022579898561906637,2.235936846,,780.9983753150437,52.04199414,203.814
0.031674054396647985,2.8797097778700302,78.87190884989386,785.5213658743057,50.20743465292373,192.476
0.031372126,2.522321219130814,48.898462229795555,809.9626083,45.939979442891065,194.172
0.026149587623158277,2.2356669018178743,61.95528759081596,799.9610663452773,57.362004472930714,189.551
0.02999627,3.119646897789486,64.54898662647858,791.3519808,43.595313137765544,206.221
0.018215916347955184,3.413642207535441,68.65670947503561,823.2961726301613,56.919879995168344,200.037
0.021701511246838584,1.7721107226940376,78.96636004,750.6299634668655,51.94723500787493,190.004
0.027453233,3.0686924195011316,82.06258453363387,772.1177002909368,59.528483668645634,197.383
0.021092928483380752,2.4953698881321493,76.93912118365569,825.8563735794668,44.21570083686004,202.92
0.023691974042446523,2.6436643914996942,66.39882855230672,797.174728,62.12726887479484,195.268
0.023506915,1.774180242697658,72.04828209567823,797.1811193050102,56.943058986003386,208.184
0.015099897528828322,2.246697884313075,,797.0792329599756,28,230
0.028624502,2.0574500796837025,80.97636315363614,819.6242115932195,40.051579508601534,199.563
0.029549567,2.374861541536148,80.54541749,762.0949549818257,59.267448916044145,176.915
0.027845083462151896,1.902236153794664,82.03461380138886,789.0470269046409,50.08645748,204.999
0.01848755,,69.41589414015074,787.3458662954775,50.76562881669367,208.399
0.021876273004041238,2.4681347359510375,80.20249337529361,808.7447448572909,34.14556387,217.773
0.033069041,2.774419186448179,62.24228257701324,824.9945772628572,46.38630151885759,200.134
0.011193418722749085,1.7074655362187945,75.85943568716898,769.7577928958495,44.82805067984713,211.07
0.016856956687912206,2.5779164490876973,70.60010716352926,796.9369333740314,45.319721782962915,220.029
0.032089641,3.200675482345819,78.83533422373621,790.4979366271199,52.92616637686438,188.93
0.025728902,3.0003441219995333,,860,51.96446463495891,176.914
0.005,2.0172830199449407,70.68047851472696,823.4311757736765,47.47230781573382,221.578
0.032174931393681966,2.7989788433498237,65.85197042317262,786.9735062689637,61.12738984580863,187.142
0.005285714,1.578851515108941,79.00786213977281,760.172942,38.481675465600205,217.736
0.028037265482403734,,73.36098186,819.3135019,54.57487553199999,202.388
0.019033247,2.1978350756002167,71.74703409403415,813.9963249965556,34.88922775574788,218.982
0.019066529,2.141220433055971,73.88577059754216,776.2900885,60.10604503919825,197.137
0.024567220305546738,2.5992645451421104,77.08219079814226,776.2166189442754,37.12074472263677,210.262
0.023149685180981778,2.591422122920286,64.03628128026186,824.9322461991975,51.44656457307578,194.177
0.029382853107644807,2.7599084340787035,65.57300249079107,838.9719156766685,37.15697002778473,190.919
0.037874948,,77.81360175,801.9725435452805,55.52579479,179.242
0.029532625400855946,2.0934013575884745,,787.6997628145211,49.73051191054075,195.848
0.012839417115344984,2.604254538970205,82.32237662,798.9193441254907,61.90191914577471,198
0.020904868931549848,2.071839030612404,70.29766515350369,786.9294817205496,48.05405461044201,207.161
0.022748339,,72.22637662310639,808.3428551609401,32.45681283022381,212.795
0.023583965120324922,1.502383942807969,72.22959080903155,787.8087802541698,28.78759068,223.118
0.013054506010737866,2.034203947826204,70.34052858772304,789.7984140956726,39.73500844,214.542
0.030465012519160322,2.321958246449318,84.62628437013763,762.9197971994116,40.55756363029799,202.074
0.017330901059615485,2.362672642704959,73.26414038907447,786.2341116061555,44.974337123071365,207.312
0.015450852357281084,1.8018771709106365,76.18254416152769,790.1161213747451,55.62374170723568,208.524
0.022004100614846856,,85.27934417017418,758.9970221353079,54.55077327415642,196.706
0.024404528721681643,2.8863936475771594,71.79365074855492,819.0423537,57.031773920372736,193.345
0.028189843288122997,3.0499854661886356,82.86863182269478,775.9761210444387,54.724933645002835,196.257
0.033175070578079585,2.379725150687917,69.99953066169307,818.0565347069642,41.664487848709385,194.564
0.017141523327902204,1.935048347560855,79.29462533172783,800.6843524778145,48.78117389899218,203.232
0.02341757,2.302979792987982,71.10399329913241,826.6671392481683,44.35743593875026,212.927
0.028412005,2.4476108863116437,82.11448715747956,797.6751247050964,52.91830155796548,192.433
0.023870383924352086,3.3932131233520244,69.00804660737404,815.6340431384147,,197.076
0.017544456556354247,2.3389316803759126,58.81950386788066,799.9675160157601,41.11257981342042,213.043
0.010954029357135967,3.384199486314588,74.21184345229375,798.6754933151474,53.532905091643784,224.822
0.031347516,2.5618332641027406,84.74761160286427,777.5720447887799,46.84100824160096,192.923
0.023760599588586083,2.8582359455314443,73.68627872296028,822.5527608581219,54.42956555246076,192.969
0.026677144,2.041316327814055,69.44400693655197,781.1972846936251,51.00731057874405,189.414
0.016219020072544863,2.5419651070851756,75.72850698,790.0828314481179,46.04182488090591,221.251
0.017699598625578017,2.6424661896004675,72.65526129492483,791.0349910186847,72,195.818
0.032851071,1.9418931294134838,67.99544378168565,821.5507305766686,43.952035372114715,180.753
0.017838093383093084,1.974677584053075,81.3153839,806.4734976,48.03190760521705,220.966
0.034394089,2.2258258627869885,,803.1725464655971,63.65490874809718,179.725
0.016990076015217518,2.8765106558858546,78.67185514905121,790.5432645540055,53.374136526003035,209.334
0.018349562442940157,2.9997391115937257,84.91855841272147,756.4494704267734,50.41133835908751,203.055
0.025537691,3.201195985611333,68.71960899561569,772.5697356586404,47.50597393648315,201.105
0.013682725834860862,1.9947561801758944,53.711427351485575,773.2170458016959,42.91340281162047,200.747
0.016714902129202805,1.4168878324230694,78.65938192,818.4026905930289,40.19015350348335,210.78
0.023297605173446614,3.458932593012458,76.63953342908314,784.2736634603662,37.47058864658347,213.553
0.028970233,2.4774101508326813,69.60914989,793.2690896377998,38.78865717063221,207.653
0.015512083010095898,1.8098412745192642,76.85422786326016,808.9693333672296,45.68193668911973,209.449
0.019950603190174505,3.105073221815003,76.77414825630343,787.9738481930275,51.68313159950509,209.091
0.024007627574828518,2.403788357783029,68.29969203187964,801.9969249119871,50.68021996924638,209.189
0.017138435609792675,2.6492733362504444,64.40044391438006,815.6481115584761,45.95167920973822,214.842
0.024744813117219898,2.4231033855102386,69.29312536515381,841.4852409926954,50.43401155927275,191.538
0.019734714003951118,2.6063320049669487,71.95919661076643,765.0246763739752,60.84950491436393,194.947
0.026424196,,76.83921747,776.0323660118546,53.66062559978694,190.636
0.026054150316594145,2.567879436020608,83.52338119847788,810.5857238085996,45.15409876021535,199.899
0.020330375255231646,,74.73356825146813,784.5644867232567,57.673363804941125,203.248
0.022859780196064872,2.587274843094524,90.57772236947832,740,47.17097223660818,181.806
0.032917827,2.735261902635884,82.07132820402214,770.767281,52.61913928157562,190.316
0.016762988790085545,3.1854173503803964,,825.6850436,50.548865159421645,206.071
0.031078900287839068,2.731350427625601,64.1280963,790.6724162098216,44.904603681952466,203.137
0.029572736538782486,2.3764099219154007,80.76696725550717,776.3676001761763,65.33319946342105,181.254
0.023694512452323208,3.096736323377141,65.86342797661298,823.2114786917134,48.30981304815578,192.788
0.032235077,4,68.42154769191819,826.5860548316002,53.16762771475942,180.198
0.02277354,3.085409415,66.85659581183197,818.7511475,56.042662150652845,199.864
0.018546531187644794,,77.28947990894288,797.2331407673956,42.251636154818016,212.071
0.036785617,3.3322682065807525,75.80701482893181,803.1140486274874,50.77272001690984,192.72
0.016380233737740273,2.736086949337912,75.94514088836642,827.7808141079678,,220.667
0.022806586386627834,2.2655430225202444,53.233965425160434,790.3133336973409,45.702963528177065,200.62
0.021769221956444807,,72.31890018357916,825.1566618539434,47.04500302888626,200.642
0.014100808,2.571246961249975,61.055729505935716,809.0982127314142,62.63478307740361,203.927
0.025034084131309822,3.0002103422392343,79.10252679332484,796.6303149,56.53474241772121,188.179
0.015661124084142393,2.6577926485088863,80.61968983621324,762.5346088879784,65.31376016284769,191.446
0.021603091,2.624555532172688,62.35581209349797,819.7098152588273,47.032174014915746,206.987
0.021627546,1.8473971417803896,77.92645958,772.3535518252455,56.89761559,199.283
0.012673625097484445,2.5076145286038454,60.451612664315014,823.9675332494635,72,195.679
0.017039117314460308,,80.45444829711965,,47.20719363448521,204.503
0.017562057332064934,3.066974659122467,71.02894059,802.0369400449072,64.13140910880125,203.095
0.023887055296711424,1.8414954144573592,76.67033644832617,808.1702905689838,52.85441777213737,200.627
0.031783241,2.067829239314587,60.81107881793074,829.9573053854298,49.75524786235745,191.2
0.035721600856312666,,87.09996619867549,758.3446181330856,50.30248114078156,186.294
0.018668300318669263,1.2786915301997788,62.182740046843605,855.7596470450208,47.070059525067066,193.302
0.016573147,2.586291800842307,85.11623049513327,812.4329194,42.85189610545686,208.408
0.010960746235232239,1,83.20007433607188,785.2353517297145,29.148791667873777,230
0.023495987128381687,2.989377848622362,83.38564503179889,773.4219487552768,45.57499786523987,202.653
0.027861716623842077,1.769196178437304,,796.3674961779174,51.640905021033305,201.859
0.030143068546093048,2.875386349112126,60.18890618103844,798.0941289763941,60.67581637633679,182.628
0.030695378409859246,2.4022582643164765,72.04447137043435,792.7949826341884,45.21046967170503,198.138
0.019710502398412114,2.6789478452396014,81.33640349751194,813.0553385975496,55.95688611,205.436
0.015851486208310145,2.0103953015734635,73.75388382893675,815.7478205324194,72,199.798
0.027624382511539314,2.6867552430181925,82.52460995145397,786.5072218381971,33.09009873296801,212.892
0.029747477753192066,3.0203304449977546,59.99517421117476,824.1112701485379,28.293348988419492,204.419
0.027366930109870773,2.633051071474099,64.92357750650625,833.1198165522597,64.17200409182493,185.767
0.031284435725128956,2.424770645180506,73.31130157902267,758.9698037458727,57.747074459627584,172.768
0.034098106533409625,2.213506721889273,93.19943284151645,,48.688837907953925,186.174
0.021569582057930296,1.6557965197242135,75.43915701,823.6188356473732,58.88555663507415,188.672
0.023808364499041175,2.426933760467864,71.91880287239739,800.7020510107302,43.21383547267222,211.26
0.024401839599630416,2.1344055782033813,81.01279994657529,793.5803455288259,42.95795377170576,213.269
0.023843793,2.5547847211364028,68.88280333319906,798.571892,,202.661
0.024919124428629456,2.8727297961812646,83.07080822090228,778.7324959149373,44.25943051725285,202.199
0.028439817352448056,1.7898031566689472,45,824.2735988589275,52.242687760624776,182.408
0.028614921088621362,1.972562620113198,64.29882305686903,834.7576356248195,54.55552903885515,181.715
0.011970919044008365,2.0472321701417067,74.05880600155761,802.4514431541709,68.61170207529231,206.742
0.030561790241785722,2.291751465,78.44648580089353,775.0839445173663,50.79272557,196.086
0.028188481591327277,1.2530212413250252,68.92252940074441,821.7516343,54.38935177119483,196.588
0.019713962,2.1635763706112234,71.05174181398829,795.9138667295103,43.918919712325334,224.704
0.030683505361034653,2.8486311032578433,69.73398688757246,802.4334005763924,35.44072253282883,207.546
0.025464459256444683,2.5541014118902763,54.61664818885704,761.5863137312923,,196.723
0.015084666756258252,2.182487234,,754.2353781247117,,193.492
0.033026583740919956,2.669027804149665,59.845676844040014,,41.01765368100143,197.941
0.028092299881179453,1.935316060432419,83.88274181708238,800.3626310021151,47.42390877388285,209.832
0.014997043366967226,1.8913253982435325,65.74549908745028,817.5824679841553,58.16576309715804,204.351
0.027864132900293513,2.9134768066575916,83.16675981615943,770.6518031846662,42.238731855077546,193.751
0.028640432,2.284894172913067,79.44303128233204,829.5736105895124,55.95465391940008,194.064
0.017441175859416305,2.434935841426912,85.45145809256483,762.7704215324901,53.61596929412478,196.33
0.022341431,2.1645163032613293,65.71672301472033,815.1866960268419,45.614814888542284,210.375
0.022489461,2.735470252669565,,822.2419198026835,50.50782077430779,202.284
0.018612024751689042,2.7578927653375787,74.96756194996436,806.4303050543805,34.27208530472192,224.488
0.029730695277200903,1.4021699350648293,76.47174490777113,833.0448460951175,47.75497473654851,188.454
0.010773799632156826,2.0836450909230892,73.23006866514194,788.3687214062013,52.05569477,215.078
0.028077568,1.6975763864710958,77.67543342768842,787.9041020251695,53.27014319282905,189.68
0.022646007295841698,2.4789745507793666,70.97285693181666,817.8668272924497,40.964771881478036,217.61
0.018277089,2.9751084287047904,71.87004907221117,794.9364485,46.453067720771344,203.676
,2.476887517692227,77.60588083182294,777.0651028052548,,194.41
0.014652071671909649,2.2148168256980307,59.728562395874626,826.5988103404469,46.21649647468142,210.448
0.015655175071571582,3.3326743690840526,79.83787679726576,756.2849132044041,53.288617882604186,200.87
0.031519176577737514,1.952933558095825,57.904796727245525,829.7255762520915,45.497145074344516,185.919
0.016302952745869306,1.510592122517797,69.95331532858788,817.3624380908702,51.94010595324667,211.724
0.025878451363919648,2.6290462349415535,,767.1251325490003,52.70700805195848,198.171
0.033215451663164315,1.915000757975728,60.96755066115749,799.3215923506727,54.49946866346201,193.635
0.036064846,1.7507269862047194,,797.1186372581852,52.89221798551113,182.858
0.016280053,2.9582928201429954,63.48610157077324,772.0187091849482,50.112141859428384,202.508
0.023755473699655773,2.9505742295261923,81.73955859266471,793.1217775581473,48.68110972325754,200.507
0.023867375377852065,2.761163425346048,59.540815597905706,791.8839952,44.91432270874244,202.365
0.027710752134786958,2.7980605722640295,68.33791421131052,792.7433009412381,48.22022816310297,204.009
0.018658791352009596,3.3129287266824656,70.69803449,791.2415870069333,35.842021630563174,225.997
0.019145734426445935,2.350200984872776,66.56122275921933,816.4040546077096,45.898627719576915,208.612
,1.393749102970999,75.76372776670958,799.5564362360872,72,190.49
0.027737328309562808,2.527154124,76.42750392082851,820.3781936112699,31.38044099255098,207.797
0.013652481143555164,2.2043232031454294,59.179699048483386,815.7037923663769,35.03087689903084,210.755
0.030641604523709853,2.843370314461965,79.96128667033246,832.6380968648774,45.80438868971302,189.492
0.024620392,2.5597114075432095,59.55811762481552,833.3346625802985,40.91659587262467,206.138
0.030103718124108163,2.4377869239125314,77.55639053844267,,,198.297
0.034046075735025376,1.8207188706568236,68.99049441422923,820.3464503216983,44.64862763792937,189.433
0.026162356,2.949682775740513,65.70435830910355,829.9276095843086,52.178496245350836,194.055
0.014384504841802752,2.9229376949828385,73.90922663204212,776.9350996811439,52.01043948899228,206.556
0.027506234646082723,1.6573200798064944,80.48872599555297,807.9113934,44.120001845022465,209.277
0.028002888188253604,2.545447886431318,77.71988158906672,829.2610864193416,,200.24
0.021294545456967053,2.6638910512616496,74.78883487614188,811.8515761525066,54.04048755554727,204.925
0.027559278610666517,,74.61756615199153,775.1949361828383,34.96181783,213.76
0.021625786485114186,1.5047928502903218,77.73307915680063,793.9621909680033,44.10199187759725,210.507
0.017477554,2.231902803869266,70.36218876047657,781.5786331429259,50.47445389405729,214.373
0.025585622,2.7474351986142054,83.29548231064516,784.2961562795265,51.71074213512179,196.372
0.017164450081434565,2.4446385970804956,71.52572043379735,793.4283438169465,38.82197523339704,215.943
0.011314828962950225,1.6064051265161772,83.21020625,746.9746605983079,42.442144695576275,215.356
0.020408013213216426,2.1451808559866268,74.07420015287514,772.8860945884205,41.45248954786423,203.668
0.028457414,2.8475512021799263,79.27458615744676,800.4555450613982,61.13708869782276,188.716
0.035097537,3.5381832807535463,76.0737966,829.7996824985429,45.48338994639506,183.298
0.034783543,1.5438409621476574,73.04538730162157,821.5407352241924,51.78816502322489,190.318
0.030230041096897045,2.2438591928944045,48.67061134117273,797.5444571262191,54.47319319,181.164
0.035004977,3.108065356004939,69.97010025822834,810.1722372916937,58.26843989998322,188.734
0.022603095553707337,2.286960337936932,70.65812521,835.0597323010362,43.74578927071111,204.9
0.019111085015118122,2.422462953916773,66.97891388702222,796.9509681432415,60.89356059551919,205.282
0.024871819557640163,2.5356792188961994,58.52215037588388,847.4543287,44.95604434225201,193.17
0.019622866490252154,2.5038226813251265,75.66438882,813.8464392639088,48.56463312750542,209.608
0.033192851,2.092622967519883,73.61049602131624,779.6891235681536,49.84992521445753,202.969
0.032219956,2.1076713814554493,71.51717661616539,781.8293564,62.533313822244324,181.903
0.016184240249789518,,69.38512020549096,831.3345463527559,48.08825153469412,211.083
0.024845728,1.6673656526282967,81.26999129923779,799.3868868252656,53.137121739781726,203.25
0.024462731856862766,2.4049751093455685,82.35579013083294,794.4353746076177,38.87152603912594,214.096
0.027955863,2.4914039411606863,72.09852940598961,792.1496397737277,56.435851151168556,198.296
0.025938435161174982,2.458873384329396,84.82663590185146,811.7752243319579,55.80456124334386,195.164
0.031266395561751543,2.696856107021152,62.447002788105976,801.6581956472384,52.03137436732095,195.845
0.023446450334558312,2.5480630423690886,68.72959013032664,803.7001447871118,52.611112849531146,204.191
0.026489358,2.309756286571486,69.56203351007888,780.6541238,54.955719094748375,191.329
0.024476432939605823,2.6050038195355807,69.83434598851575,780.0449789310235,53.794366820209824,196.506
0.020487098,2.5802892453555284,88.32104007024697,781.8437441171025,49.322939530558315,199.724
0.029488561534486073,2.701896403433437,66.91178400429266,817.0101547023185,54.33193797,188.227
0.014625776,2.1209805495178236,75.56660487043804,803.7785155497469,47.79544327086915,218.893
0.039271241,2.644717708445064,80.68601451905513,767.3444424648249,35.179933368492726,188.244
0.036403082,2.06080267,61.52370455514362,819.4036120375755,61.243236702970044,178.451
0.022285664158407686,3.096083753974266,78.79061195798242,811.9900988595887,52.95763998646947,211.307
0.025609204698268582,2.8626612526516055,82.08636916903006,787.6655072,61.99207462070888,193.364
0.023721693670753753,3.0130259000298603,82.26488845780538,805.7912658,46.392294295947565,203.975
0.024335857220010602,3.1245796182749626,80.39298843861539,786.3677135341667,44.01299433170256,200.279
0.034528562,2.540874180527984,76.39062493182878,794.5146403841702,49.17844689931139,195.555
0.019383711,2.3630397814206443,71.21162767,800.9606395210483,56.86898277804368,200.136
0.032154706806382875,2.656896299823288,80.93021936954699,793.7090291665002,59.45948057547787,183.564
0.035662809,3.2075246037157292,70.14877258380406,836.393898,55.48921699503437,178.416
0.027846496266954124,3.2898931351124423,65.76457518520026,740,50.02854568472839,180.219
0.023272493475902527,,67.24399402099188,836.0500725763902,52.433672566072026,200.85
0.019933723,3.101833144,79.60302957581577,794.1959283483322,63.41109909508454,196.544
0.021631448,1.4255218384414865,90.05324607,806.3881896930201,58.1032249,195.554
0.025318877,2.460733779768169,98.85483551,750.2183510944218,51.14014901760044,181.985
0.031893222,3.0846946660687893,56.54812106354097,816.0140330032651,41.17364179441121,189.141
0.020968948608264544,3.0391770617240397,67.52508839,762.5414892577737,31.756143078060997,204.637
0.015735863805574603,3.252358226767615,86.09391914501751,793.8739526721236,57.38658382475303,206.021
0.021120168715811037,2.8223746329881076,64.38316486453213,808.8233663158904,57.39723200664633,205.646
0.014078125387130288,2.720540236558166,77.21259644451422,773.0987790714265,51.23634027467059,200.934
0.015561741221242991,3.5250010292126657,66.90718466077031,785.9840465910819,47.251017489313384,215.789
0.024755055635318886,2.198895020726648,84.54660623918323,819.2743637,36.00143850209016,203.913
0.025859796,2.746319742569444,,843.4696176520458,47.487615484199736,201.479
0.032821977,2.332131014286732,71.53754377815788,820.7817956248455,48.37037134489218,193.265
0.031345318,2.5231912816211746,63.69174334526603,821.1185340879647,37.83414931285963,195.028
0.019085086318677617,1.8864799824330194,78.84559642969167,766.3356826532678,52.59722775655086,206.731
0.024922295,2.9885920201546012,78.85087394,815.0350015636129,50.009710228101724,207.385
0.014071610233676488,1.8960547302719961,68.32798568176338,,47.772626505511866,223.423
,1.8135382730590472,69.03882111794519,838.3246339372354,46.857903678144694,200.026
0.032861702,3.0780816870006595,69.51835131193589,805.9734953,58.080505418534266,191.286
0.031598527,2.4891149080749613,82.97673624827794,829.6619614,58.770438501366314,176.559
0.017842137116803207,2.6548387865399237,61.37601605237234,812.3154191208525,45.13060207,207.48
0.020260120291182716,2.114848714231269,61.98144166023005,797.9872200545767,,205.136
0.017313283009212744,2.641991199333756,61.44397773906073,780.2015437659385,56.579343737028026,198.304
0.029738766878666077,2.5154096174699885,61.47987293519613,821.8082472376483,56.684837453341856,188.391
0.022237331,2.213058341616571,68.44973353755039,777.6587362,50.28398848,211.869
0.032608082,3.113158584710044,89.20877266,766.0901270792747,49.65413132101512,192.149
0.022229179782840114,3.0689983559649265,78.51188655923654,830.7149491900794,53.79578482792956,195.595
0.023745707,2.517243758702845,75.40991390509262,836.9237222221882,48.45135281,197.144
0.034000946,3.4073688457086853,,798.7271703827779,40.097937234556056,207.175
0.029606853584498848,1.8986971738643954,58.14080918576068,858.2182014209397,53.36731853244586,162.763
0.030741714,2.226712451146991,78.23830278657505,845.6474755,64.29091849612787,177.904
0.022435551277435264,2.295112681885182,,798.3854178230076,57.026009312523236,198.243
0.03322953,2.5361821245371226,55.80242661086661,792.2563477363459,57.079901180230955,185.9
0.025953195558939615,2.021663312558916,58.908691797912965,786.0435487841669,49.81425903470465,204.644
0.029686944868147224,2.714211258585813,76.83258889189514,795.4497177767229,51.15780328,204.366
0.034966902,2.043499805916452,61.93440367,859.2959847889662,43.36056984681064,166.66
0.019504509,1.754150856601053,70.76206563148399,800.0043182403994,48.50662637623548,208.096
0.026057223514386763,1.7212445600113544,61.89211892953286,822.4686664188537,41.89540182749825,202.608
0.011350850071375061,2.9877245158495915,74.5641458,801.3240662553095,57.66120036713641,205.211
0.027322166,3.2054461539522006,76.00903938830903,818.9592871470944,51.91786889383724,204.235
0.029023165,1.711685598160681,83.46526781350641,752.8279463257214,61.13539620647855,175.395
0.020083505,2.860734677696936,86.18768168299569,756.0425332664945,61.57210465123096,180.072
0.014804845894469268,2.188554587818866,59.23304600621118,820.0021357455266,44.627542812878936,213.729
0.019036881722066974,2.137272758772574,,809.5291588643879,56.85072686490154,208.859
,2.467109774326652,83.20288775,828.7348518161625,53.02100741972797,185.505
0.024257323491452782,2.5835838499018937,61.98370087090008,782.4099882600821,52.38941789394963,196.192
0.022225652816838994,2.2904009229915343,76.79323715893563,767.9777328,51.17497325116715,204.256
0.015287936558537451,2.545436803557305,74.26049723,796.0753459259918,35.67013783659483,220.309
0.031712341468212855,3.5565335048074846,63.009444855442524,,50.24050229109723,168.461
0.018315152,2.9108910612981447,51.87898443503819,847.1534481046175,60.09831316,189.983
0.009089325,1.8761388359466675,84.09587624352406,805.8524870853904,45.12902260669958,222.727
0.018532704424485187,2.427052779189373,66.05726435092157,847.5190472479321,45.080481588287086,205.091
0.017337672113733535,2.2289777367756276,70.00096856164718,808.7473742267275,47.93323248317222,216.152
0.027525337,3.163745562518455,78.58952228493891,759.8317273308069,55.77431686,188.58
0.020733032111463396,2.426897239558861,80.918746,777.8091033030795,48.41960930910531,202.51
0.019742678168011275,2.4532505593648564,79.05609909002456,755.2113118941202,53.01189884257106,197.388
0.011116179339869983,1.8218238276864633,73.20552082152994,779.1174337798258,53.95785303216442,208.997
0.030156027905818512,1.9593925838023758,79.08956740356433,823.5329801762746,61.39048566150927,179.473
0.033249507,1.8689868109590126,58.31429286258015,789.8642794639128,,192.751
,1.4325228453146637,61.019125311290516,822.8806840814641,49.258097408556544,203.23
0.010258772,2.7307117403735814,67.19680079536428,818.0563486942597,50.620415915531595,218.791
0.021327327031844628,2.289130717810299,71.3293404,789.5257591813228,46.22822445,217.155
0.023508324630598317,3.110475771851581,73.94290881546367,828.826449,53.90891757547214,205.283
0.029907424300919305,2.640455724,71.24231983675894,792.4564451809356,43.057970984607294,207.052
0.015961800126290247,1.8573635617003919,74.36388055828374,768.2661554293512,54.49111650954184,202.943
0.015444399116911759,1.7775135107727618,71.12764584245672,775.6704448874217,47.446531636532235,215.067
0.020874497062002166,2.5491260228793595,69.95970826573769,809.3023406361696,46.02522506616338,204.934
0.017000838705130302,1.8099421690863884,73.90043036488629,786.2235283,64.23065428529875,203.072
0.037989396308153775,3.0491086079922356,70.94736418629363,781.8057427772817,61.09108659155596,185.059
0.035616597,3.0891143719417506,69.23884478181316,816.7141185118245,55.266972300372714,185.145
0.036253997436092644,3.2269831969692446,63.01524815592377,794.8261922139367,49.00214377434074,187.157
0.024978381,1.6058993583686154,75.19107998208223,801.1106964234431,37.51742590091463,218.064
0.02066853,3.2800452916324514,72.35870676,788.5694400847057,49.26935635151626,211.542
0.032402944,2.885882358677838,74.02034098859939,,64.97732192707024,177.673
0.019586060599161383,2.4471951203614783,84.05914057739571,763.5310901342539,39.732165752226386,206.209
0.032402733,3.1667687451195707,83.82643185070185,798.8569013,50.175999279143376,186.908
0.021592377982603748,2.808528306765927,66.90077428285566,797.1824753424781,47.21181185,208.116
0.015908223332453564,2.2618540409412438,66.21757640315639,823.9804054318504,56.119886564352456,202.271
0.021576428744773595,2.108471292610349,70.80762883208213,801.3143614843603,62.00724960088093,199.365
0.023866144,2.6619794318914822,70.20254002401639,803.6240000326537,64.19530625308445,193.466
0.027267135374105664,2.4579630462161224,72.65460108814364,789.0452847428334,51.61910628486792,197.759
0.017228315796592425,2.436347825392182,58.86418152367814,791.0222406374063,48.48087253249622,211.502
0.037786853,2.209042213,66.28916886909623,815.6865632240349,54.27669664270384,183.118
0.015700004114452867,2.7290447177822688,72.94617853737522,753.9250598304761,36.199790964637124,213.661
0.010904264483372936,2.3696804543813905,79.04852742,802.5093225311689,47.580303132743495,218.868
0.030259037575763884,2.7303481114882935,63.14665591,802.0072993,50.04509478307626,196.262
0.023846668399470947,2.3385816878022068,69.00656589697836,809.3242721087518,53.75355272572176,201.332
0.027504991654216913,2.4063211039128833,,826.0817754686998,49.38233441810622,199.482
0.034354155572788106,2.396303099880765,83.93637288199511,840.8348100849105,49.35050544946553,171.522
0.022544465856941833,3.528947422540714,71.93497839956008,797.6317976286963,47.15827270652384,211.525
0.028627019,2.8959617627393928,81.30071083135738,769.2024877950867,45.84218493597227,197.564
0.029737092411282834,2.7826165109231025,78.14130448685995,786.6186868212667,39.72078515715938,204.23
0.020969662034819564,2.2131581361413155,74.14482665854186,843.5737623266468,37.88555006324881,203.973
0.025291841844133304,,67.70968082,832.5130633641573,63.39180011802549,186.161
0.026352746071886826,2.9880150726207653,62.635463482007125,810.4104879499719,45.72748351972842,195.055
0.020585771222966044,2.811062733432652,81.48012771780218,753.8052547460196,54.05990549173673,189.93
0.012291657031580803,1,61.03479300588406,852.5254926159506,37.67900272354742,206.91
0.031222086098768337,2.700228488150771,72.65378971,809.6195465013825,50.70909401323123,199.183
0.01637275,2.9511076611496683,75.79690086667715,794.3019544255279,43.74525733105236,212.764
0.012204525535222803,2.4592251846043482,69.82525310410225,801.5705621220316,54.68931437575242,213.814
0.019466766132113688,2.178121243493841,73.01285955178606,794.5585998438992,43.988550095714956,212.539
0.017973269480613632,2.049155178415042,78.76454365803247,766.3894647053224,44.89198774144695,210.629
0.014732662,1.876856542350399,81.18898530505044,787.3108398488787,57.483383125667046,209.605
,2.7711689010758147,78.70221593403478,,52.664238105446536,200.111
0.019115112007431868,2.8466464585096944,86.68097485155711,766.6596714211618,66.08240886613802,182.974
0.023430763609104063,2.0965997520755284,73.85373256707892,781.1631772583398,28.206078134818124,228.202
0.017540989,3.035425272473635,79.1566937,790.3909895030664,53.507991773959226,204.468
0.019315505,2.2992854690004867,76.00310616220828,,48.81117632602005,204.127
0.041901309,1.6069303196334732,63.06441868494561,790.1480008669021,46.93505341381005,176.875
0.017706719917669245,3.149406287757162,70.44043684872739,820.2045770550817,46.95590546713392,209.839
0.024581208,2.4422195452098037,62.71269495081317,802.8131713274083,56.547194546570395,204.393
,2.6766493630047825,85.25349508180713,772.9667945893406,39.087290570207784,204.296
0.020364464092183558,1.9161239042961602,79.66330451364236,792.2928301598141,,201.267
0.035727334,2.675413895128799,72.29024066519962,812.6660288,57.138174737067466,183.923
,1.9098485182848315,59.20365148674408,785.3698270275128,43.20571575124087,191.569
0.032999245,3.400133271936839,71.93473244433751,814.6212534381198,42.162715905332405,192.153
0.026420631586409532,3.0708280956035203,56.49365176,790.3200959857674,43.93068963,196.751
0.030133808,1.8778585971705617,57.74355936805671,815.9664003805713,48.75399301399368,189.878
0.035792094536450526,2.3160082062160328,72.39564984150903,766.5480677422088,49.66281835012675,188.893
0.027719112,2.343728329904659,62.24872482618973,807.7045209991977,54.229518389130476,201.207
0.017816188677179882,2.0469808756235426,76.96024307378869,797.0746561,42.97209183408628,216.593
0.020482699,3.020564303733943,74.98804994625493,822.5700681432209,40.389789598314024,210.817
0.014139573530797114,2.871911008587114,65.85611074475338,822.0317600391918,72,194.302
0.023374484,2.642221551289835,75.36150626,749.0512722440851,48.364664830296846,198.568
0.02336621,2.388174362064896,64.98076542734069,806.0063713206083,61.24718736194036,200.289
0.026580421557930382,2.1030825503035313,73.45517195565425,852.2674171766905,60.37492939873219,186.431
0.026883562,2.044435398619992,70.15619884952534,794.8868622651511,32.31328542539043,215.188
0.028545254,2.664967333808671,73.77795019586506,793.9926980273134,57.72491652233643,193.994
0.021819508536642204,2.715393859638784,75.71183004266693,808.6858330377917,49.79172686323904,205.287
0.025630661086475385,2.6126023758838017,,788.0372090553454,56.760339711325635,198.143
0.025206681532691837,1.678934858,77.91688579232228,838.0708976881215,51.98255727422985,192.55
0.02674166,3.0389341068039584,77.75134436813578,832.7730113780126,49.206239725325915,195.222
0.026663986,3.2053021731128126,68.08095018717252,789.4328794543669,47.999621019706396,195.563
0.015422306792330953,3.1061736896848386,72.04564676059931,840.1948837230866,42.52441135,204.29
0.020921323238480526,2.552250928307833,73.62457097,,47.87612924649776,188.274
0.022360112,2.147427540172603,55.82555746,857.0162320111494,57.14228724031453,172.503
0.027982637141667193,2.4732001524382476,61.30667282565651,793.0787768178104,38.22768454416859,201.851
0.020689245019051422,2.879362539,63.63565686009469,804.2106672481291,61.922008554577836,197.229
0.025693467056966124,2.7181135735492297,71.61658371799133,763.4194635290378,45.811142100984135,196.814
0.015071914,2.120015959368512,60.79809295659159,829.7874098,48.21308518831086,214.27
0.028690247746401554,1.9343442543200218,71.88894722902972,827.2420944749696,61.91213987560824,184.474
0.024204158859273798,,73.54618901884334,796.6163134966313,54.94681750217535,196.879
0.023894166,3.1296877221894803,67.15242113700772,817.1749848606958,50.87777826862606,204.759
0.024687608913608588,,68.50195956817443,818.5894222210995,36.31270497444875,212.508
0.023624414523510266,2.8003121901213985,86.32864134,782.5140861877759,68.45239595312268,175.439
0.020454220164106262,2.4881460935772144,79.34593241419245,805.5751473198205,42.57964560020014,213.231
0.033675887,2.886079146723797,75.14577455500556,806.5189691257879,,194.76
0.021354992463357834,1.8249553704437622,61.73747101530281,849.7941102892902,44.37801942614144,195.02
0.028430218,2.4052824988434978,,766.7301301562346,50.22847856353247,196.508
0.027329928103194342,2.7930469093760477,61.58741078842648,826.4477046500087,52.08182138735987,195.31
0.032996637,2.448112264145275,57.61200010534624,812.8203432854581,55.95101749,186.464
0.016935726280335257,1.9853949507284974,67.26126476076197,775.1140813758195,61.85293495305924,195.357
0.015519336932533509,3.4007447099696755,77.93007052382954,790.6033353,55.715529021944896,210.425
0.019967315580498805,1.746764302187671,61.14167001,825.7545431194071,59.62757540493277,193.576
0.023837465519429456,1.785557464617313,67.31069641358259,766.1567458437432,,201.627
0.02681535,1.6604253980880803,67.16226386481901,838.3281200381662,35.00953828501808,205.198
0.020072734522281213,1.9949177732583556,60.84671128819711,802.5741537919619,48.84089301569035,208.284
0.016481272966305898,2.278450548056983,90.57910839811834,771.0302542780366,59.287016643729956,196.256
0.018408074,2.9150210548616706,68.77420452868536,770.0991022450248,66.13642049,199.707
0.023628179,3.04124437,79.43990658,778.7296679296105,47.308285969770154,202.671
0.035728085,,65.56294720120927,845.6200610451866,36.584642729080024,176.577
0.018935248564158562,2.4627690340756527,67.28646773064936,832.0681138843665,43.32490395884511,200.476
0.025583618,2.122271440124404,80.14650961977172,783.9063559246305,42.911740284627996,207.175
0.021088396187274212,1.7181221718563093,74.75722049630937,776.2540351407663,51.97860335894794,206.81
0.020367794812420282,2.3344993759178667,76.42196636820773,786.8278640755716,56.28717439432701,203.84
0.007784942,2.295369218,,764.6075141422644,48.52589782062596,213.838
0.026608695,2.461838100510194,58.3327617,795.4674010501867,44.466346717896926,205.823
0.026790771,2.913043342791522,81.18032477660645,808.9597057856226,53.90880153142283,202.486
0.018609300880917702,3.4338706452627292,64.64349266769311,815.4458440888952,37.25531598969203,216.44
0.021885482,1.7095292999274192,62.258493597242136,780.7206504273624,48.521242692857186,199.632
0.030283429264079204,2.5664834186844514,64.13751957096767,793.1489432727977,44.12221009421941,200.164
0.019633134,2.238783903292872,76.30122516859099,759.7021250878203,59.83480499,189.947
0.035876488,2.8938391223241444,75.59020164227451,769.6116258262987,53.80039914189054,188.32
0.028148254,2.539782111406581,76.03707489,,47.701954543368984,197.894
0.034617069,2.6625397517862996,67.59420680942219,791.4621061771606,43.90536996043631,198.961
0.016302585514680397,3.087920524864876,63.55261935226464,801.5554815287193,52.447228512635526,211.027
0.028265556657367324,2.429159298373591,68.59032053163553,813.7079692370519,51.445024050597624,192.237
0.036809950343515106,2.7993080456624706,66.86420667307645,820.0265117026663,40.056860270090084,195.303
0.023965281108731716,2.6956688163246105,86.15532774,787.7528084240611,54.24792101068457,199.351
0.022936972716555072,2.4578553268298218,71.48506432585887,800.5447579515351,63.61066374,195.599
0.014547505914831461,1.6506692854826144,74.07877849543982,784.5674222489963,60.36441487112043,208.928
0.022107081,2.822901832975733,66.39756226153249,841.373306,42.27226409710681,205.005
0.022241150449671853,2.846739524299885,76.86832871137737,769.7513736315938,51.37139369110615,199.044
0.022200273457160653,2.1615701751125407,57.87743652661784,794.5115835443335,57.59104950697229,197.014
0.022476999055288657,2.6883127246425804,81.63371212462418,808.2170852112652,57.94118699,204.962
0.021030995,1.747110618263621,89.94958985564998,763.9921950031699,35.03428196470272,216.513
0.035226355,2.0103910713295603,52.28307634467593,,35.06592128938519,196.33
0.029356807614100144,3.478961839765012,77.77092412238706,750.7886683,63.111222786214505,186.736
0.032336351,,68.58531442592599,817.9383604809263,42.91872567002214,190.25
0.015020207621669538,2.7981261324415048,78.04211066526473,760.8913703767529,48.65547560945343,203.223
0.015230615240784048,3.3144795196888035,62.74324334275091,791.6352204912832,57.78901898758704,210.247
0.027572081220334773,,74.15139037,828.5335072,52.63784056095372,198.152
0.029876648,3.055066796402179,87.20158688490628,789.8883871036709,44.85999222229807,202.273
0.037862389,3.684894281828119,67.18886235827375,805.5654614211985,71.84066082797422,171.119
0.016689089,2.097665980736849,75.20559766646427,794.6604762615879,63.01271946983703,191.925
0.030136221849744127,1.9735909997286027,74.06452070502196,781.4894650103923,39.27020071449655,208.341
0.022938355,3.2456384941907928,63.01610904178738,781.3279004002295,42.91077183571109,208.177
0.029761657928653793,2.8192338286942222,74.56241855,818.3279786662162,49.57126095196642,196.359
0.011602033819446205,3.367240823421503,75.85371791411099,786.4281173,40.55853852305136,222.285
0.02581824,3.0494157140803866,69.00046618533051,830.0651902742414,36.90558653096819,200.022
0.027309259366987602,3.0312254457844268,66.9689317,833.4132093547678,46.77565761163876,182.227
0.023796135102432885,2.8313008296700666,84.69894906081592,771.519446,46.205427148704196,195.841
0.032290144686528896,2.411117416321509,54.75578386053809,813.2354503004141,,195.77
0.011544669206664374,2.795794805800052,80.98745131,775.0467616183432,42.94240242026741,211.15
0.028235831,2.594199504680947,72.41044084164777,800.4699000863131,38.363992247674176,207.226
0.041365634137085716,2.3125796175486726,70.06244419005277,793.1464596499537,41.09343797157888,194.88
0.028346692,2.927482251299704,74.83276345,852.3946221,57.33712814430935,173.456
0.023970645,2.726120132,67.84506008408769,747.6679205,54.588624755636324,188.573
0.024116193385482883,1.5480634775108988,68.91501382583478,791.5008651289146,54.63735864119517,198.858
0.014504147580408529,2.010988373128654,82.42773230328446,783.8834847407859,49.294953929135154,213.866
0.031066431358293893,2.0599723251379727,67.36264285236233,799.9654678293709,53.59098812,196.788
0.030918328,2.4072163935815585,78.29685233930755,783.5642734833751,46.85166005140942,200.169
0.040308089,3.3348229184753064,72.85325419036211,800.3084538799412,54.19810319847937,183.607
0.029402866,3.096957969868117,73.86657256619621,740,62.079232600388615,176.32
0.035684127,3.271226591289342,60.91201888294203,789.7500355913164,46.2878708,194.153
0.026187715403107333,2.4787049070119878,80.27046283547256,740,53.05062964,182.432
0.015520661950479027,3.102605122157162,62.58143485428318,823.7576420225141,48.10875606314904,203.761
0.027298662899778607,3.473752339549403,71.27517816,770.2029458,44.18574356247178,193.163
0.023823871,1.4988769319026716,84.32263235287849,804.4500159044441,,205.669
0.030786597592332005,2.5196709741457375,76.64143943436699,782.5784479219576,58.81791512865955,188.639
0.026927122209304117,2.951885642432372,59.72213100268968,787.4362507246184,40.69630113045723,207.282
0.022603428,2.5706090977687044,68.94459810808777,802.8058453740257,42.50449351541404,212.509
0.014685190535627448,2.6592545964507224,72.75682499,782.7434849194262,61.39634088116063,207.133
0.021488839808106956,2.8040148827428397,48.46909829519653,769.5639028696562,55.44248655844726,192.873
0.013631451,2.487691736184912,72.08495408217426,820.8533416365134,46.876419496968666,217.108
0.02681834,2.131042413,71.99127982346144,803.2355552189264,62.22443288250583,188.99
0.031088551094796947,2.457669969311174,58.753257873440745,860,43.48009324694792,166.779
0.027836378,1.9344933421509523,63.37158991466511,778.0557039656745,44.51842262013503,203.212
0.027760691,2.044962697557936,62.23742307918807,813.1434614582026,46.71614100483778,197.119
0.021997113851663905,2.8969935815039056,60.73917522600891,799.4798485586368,42.20426224565194,210.643
0.013323184638315309,1.8703663740743908,65.18911521644603,,51.00832244268171,218.54
0.030884228015134678,2.775598783662673,70.74576674216166,816.7069605175113,,201.304
0.036078761,2.4392655914035917,75.38591326448636,794.4943805481035,44.789394490635544,194.111
0.018192219910525997,2.4148439493885756,65.51207521992387,818.6428481868458,56.76808954403861,193.642
0.025324479,2.209395599618743,76.18011744991496,758.8057725536321,55.82791449,192.713
0.016124299,3.4545446355023186,88.22428419312423,810.6245261247913,38.12850516917866,219.114
0.02596102,2.657926,68.91759506,822.3290830558294,45.43829819146414,206.265
0.022739969,2.7417671202598215,73.55683558824136,763.1007048305765,49.10226407577826,200.946
0.024455571,2.740543435112363,73.09827338204964,770.7948927748848,49.66464603977719,204.145
0.026322866108911908,1.766189432645658,60.99006801710607,794.3886601546343,42.26333975852243,204.041
0.030353275547644738,2.432463144707851,75.62280171550773,781.0247998138195,67.44915471396679,179.085
0.026131932,2.5786403798902113,76.73000734182938,790.1869684521773,58.77123822526356,188.69
0.027137587358949753,2.556827789652279,62.54127812805089,860,57.49573853704485,176.285
0.022561561492855226,2.634255411,72.49214016685372,800.6236248382631,51.31344571741752,209.08
0.017345342056793542,1.9684340830408225,68.0968072,798.0702606177343,62.055870846873084,204.479
0.038144098689388006,2.5951769599239416,71.18901025799161,787.6329164011414,46.91200718008958,186.246
0.023650164,1.7147129765701932,74.76501861241712,785.2737585145848,53.918191500717725,196.861
0.034309765,1.2240701313956723,84.38894825688823,781.1341943124658,51.025821548734264,181.177
0.028379869052397498,2.601882250093467,84.59508938770962,774.0034480931458,46.737226442847486,195.348
0.026969714290448647,2.9982375691531122,65.88895881436594,828.0591033485708,58.423424176483024,186.595
,2.4824339717462363,60.20062991955336,812.498327,38.92870656915936,202.263
0.021733098064193906,2.237090057118869,75.16926657854563,769.9227811,70.58401000166543,189.523
0.026631103493712678,3.229211325775796,73.30126435897297,771.7369964314297,41.42382884683381,202.563
0.026562238,3.6947095855617675,82.06825331732318,824.9733650949978,62.58131772614169,192.151
0.028265938404192614,2.7253678656798077,57.44709659761909,782.5717076245191,55.964863816987965,198.003
0.013856234288690558,2.7092784740122386,67.77633871804251,767.5077491,60.89268856078951,191.354
0.025126853,1.5857807121237621,62.87126292559044,774.2781756790066,43.41520043892348,205.326
0.027676809,2.396394465,81.51244026138674,764.5460362254306,49.89373436570532,189.218
0.029659072375247175,2.3445536055132776,84.01306781965542,764.4098874578966,37.079471874245996,203.641
0.031753768515966424,2.183264664479332,58.836587129535964,784.4289554715438,47.5268621,200.23
0.015281273401984439,2.299169333031318,67.64827117453818,765.6211731835788,37.99954416012197,223.943
0.032272351,2.446443607839257,67.49720613790781,785.2651586,52.610328737354386,194.988
0.023564554113799124,1.7991215979294126,80.88864168618568,785.6698335034653,50.12302379052562,199.141
0.026810184667355092,2.1167103266970124,68.25643818294013,814.1130138032694,63.329895012780064,191.676
0.017402367462471317,3.0217242829455175,87.86112030545783,760.9154742390674,57.620259757483105,188.993
0.037277825,2.533214502632603,72.42244477523711,771.0611810312699,46.16506840497029,189.475
0.025157988,2.707592053000322,75.57484139527176,801.7417630091769,54.48236680486222,197.951
0.021836,2.6320067003174277,71.65662117200975,805.9767554048253,63.63899142079476,198.912
0.024334253,1.8411827002943448,55.412616270718765,818.1474153060949,39.14606662247351,212.115
0.032281412257246456,2.0685455911675454,78.25898116508674,803.5774441106456,42.671521577831626,204.9
0.021225799151036114,2.900825745,64.30155423407179,827.5431837099309,68.00952631073713,187.458
0.029231392,2.641202782440652,84.26822112456684,786.2686395023057,52.55742906211875,197.14
0.019855468,3.403178765544334,54.325634745254376,842.2276655166207,56.620746460055194,189.62
0.036799776512049555,2.5916333387411954,77.18892541838525,770.2221548800126,28,201.822
0.026866739,3.5192502596690005,78.98446079235131,847.7382193308836,63.92851164086241,166.833
0.026959707,2.062562570013424,97.57372209200363,782.2965672890303,56.165866790868556,187.423
0.029158244389866875,2.72904365,70.3837409,792.7415492654097,51.68243507592019,196.258
0.018488786,,88.62492134057828,740,29.506492568608163,206.975
0.012832777917584075,1.9461138464902705,71.96019967161858,843.4075915073294,43.34831829317177,216.161
0.02077188,2.054282195439571,77.43272538217676,747.1482059432918,43.06776022537142,198.135
0.017147346533716443,3.075316184865959,76.08817579776782,817.2631132898872,52.60332706974517,210.142
0.022926836,3.0667862393314764,84.47548636,811.8272624135834,51.42377725735688,208.005
0.017641894588131066,2.6172489917681516,74.24864165730017,795.0796226244258,56.288013198144014,202.31
0.020065573112754413,2.4351524088700924,81.74134812959925,815.8193051413494,31.225634505471206,217.414
0.020301957,2.755706161,67.66977077210095,831.1974448163954,47.63425532045102,207.616
0.039421545,2.5893716050965123,86.27954168891992,771.0967526794703,52.53274913257569,185.077
0.020399456,2.453746423435159,88.12035099840269,769.1258667914647,46.03792640154519,196.707
0.024906429,2.9200107109269164,66.44050868,793.4158646542052,43.766629531287606,211.191
0.02273438,1.9429756915582832,63.71311532649469,785.3298384291078,35.22016801769875,221.705
0.012059056307582899,2.2251309340685785,68.62186638962646,800.672884,48.13751540406849,213.488
0.023389156094289685,1.8517284788106916,74.53159474351096,770.3044912529776,54.44180650646605,191.09
0.020977430692182532,2.358251312978963,69.19357874972329,784.8577686432563,49.68853824002435,205.959
0.029778257507656024,2.4007980538817466,76.11577339492115,777.9179124936115,55.86547020873473,196.047
0.020466756564852893,2.1986636914615905,63.077032307888295,785.9716795663512,51.26006212989733,190.748
0.027251770475653636,2.333517787559848,65.53812469682853,786.6542161250404,51.803127380277814,197.031
0.019615615716618608,1.816145893873819,60.53016559945334,841.8688117373619,55.02006222953339,193.18
0.01451449,2.3921252895044844,63.313396104248525,757.5341486862045,47.46336739154741,202.803
0.027241839,3.2916959920242497,72.98837519607727,775.5509019524319,72,178.468
0.031755876,3.160622666352313,78.46161534520965,759.5596386789072,41.278018060141655,187.337
0.036526045,3.2855818043846208,67.19358366762441,780.3408566177225,68.01655019942014,178.281
0.028414891033473215,2.6868881644237934,76.64502758860056,785.2381336098489,49.05465418484732,198.911
0.033101535,2.9403929962314383,68.89818721548347,793.193547,49.081942907632985,200.092
0.021957888,2.582317787544056,83.26459014938528,754.9289056,42.70495083374987,201.241
0.02390492,2.8800091549434605,81.85558541405028,809.3260042648789,42.73699988765227,211.722
0.031282187632248895,1.531107380112945,66.39066525190599,827.4621603,53.21611313995979,181.735
0.018574891132391573,2.913517698731451,84.55349859765988,802.2306013325464,37.09442194194385,223.073
0.019663652238652983,2.1139608989195375,76.10576220231248,795.2810569898841,28,227.707
0.014053370345540949,2.638918066269962,56.54795731729419,828.5679950003611,29.89943463757957,227.7
0.01950796,2.8880912435775525,76.67426953557994,810.6968788004349,67.81765951116127,188.931
0.028834789019505744,3.0439366909491365,84.27442813477703,773.3072242103536,52.95804718328977,198.485
0.03642239,2.811534459054797,89.11479797691398,,33.92522145649016,200.784
0.023994175574361024,1.9524785542174874,75.95515425419161,794.5891750706885,60.11783397048423,193.558
0.024014585158553408,1.8918428152275402,66.04212383,817.9051601618809,60.18278192800611,195.176
0.019195375509061422,2.070006538020512,70.56190068272272,794.1150835,43.388649538838855,218.998
0.020201221978846946,2.7261996215588904,70.88855395413529,799.1403936620443,35.76681074,218.23
0.016745354,2.085178305888217,62.66903497455211,843.8404029719204,52.28961136635357,199.198
0.016418854,2.1498052467404682,88.17136755202058,740,39.14035425869154,195.334
0.022828265336723164,2.141887467966948,83.18776117679118,791.0859095115184,50.74623379575433,202.344
0.019696779247161757,2.1455089652654555,69.57615413784033,817.9105294773734,,206.918
0.033827581,3.178760331839803,73.03984889794484,795.0248558493116,56.626478086500356,194.863
0.006018698,2.105498917896611,62.565122684182235,818.8533976582366,39.54454643,226.529
0.025617705621658615,2.6132596038331632,59.344044298809244,838.1219549292509,43.63228875399993,191.29
0.030576087641521955,2.5626112194367345,78.33609838,778.5356827256342,40.96362339784796,207.257
0.018676064281750015,2.018169392903746,79.49135626936234,832.5199969746027,58.90157154664095,190.132
0.019682218368029053,2.6915316674930145,71.21381022,770.3478563262945,48.16917378720591,206.054
0.022022764470723738,1.2645441958768917,83.77912172,777.5728746504348,40.51222867344548,210.699
0.023886384421683893,3.0185172150338984,75.17609393895243,812.8424307,61.522791634661594,195.064
0.035692688,2.8881381252789478,83.28066480862137,771.5112739090735,41.341078188964474,191.78
0.032166901,2.8895234197800357,75.63256187051591,812.9686177262253,44.56138590209563,198.291
0.026657059,2.1112702644582146,59.99118969648207,783.1908274730591,38.77141537149274,206.713
0.007322054,2.9351206606513833,46.84875241307265,851.7377912824297,46.73816863390027,197.26
0.028125543,2.089291372715218,81.33193776158757,796.1934322002797,42.88973777588899,197.302
0.019312783576276988,2.5331323259838943,77.65854212210307,807.7404835889586,38.72876466450309,222.015
0.013468641539053682,2.270717552215752,72.36785527833447,786.1428699,43.770130948764866,221.261
0.026277610106055355,2.0890329670148517,80.69983928459425,783.0644786065155,51.71809057197826,200.241
0.028657073,3.3149696825090595,65.33928865786045,811.1800093595227,52.23884831995335,196.109
0.037076783,,74.44334684198112,784.7114336574449,42.29036038870858,203.551
0.021828467968591888,1.7999756474906419,64.66030385598475,775.8635859786665,46.06768315669145,202.874
0.021493994,2.7895614473872263,78.19983524973969,768.5234582232115,46.30946233056174,197.937
0.017082380582260318,2.3000565183909014,68.99379475917496,811.9798473924727,57.528378910888414,206.326
0.022470879150237873,2.5180256971755446,68.71905509,780.0165725325778,53.63635944647556,196.866
0.025805907,1.9235287774378782,64.86084605110457,854.1059130337046,41.297967688161066,187.62
0.016786126692827093,1.7141316967028661,67.06436607083727,817.2937129332937,47.16815724927755,209.912
0.015797651,2.0727679360054627,62.514584041331915,826.4862364103512,36.716170877138175,218.023
0.012162909075331008,1.7760559597514352,77.97654924179702,775.6158022081867,37.53991786019344,223.422
0.019755451542813225,2.7375259559325933,72.18182206189852,804.1231396215953,64.23205891170839,204.468
0.019970603575092744,2.127027309736304,63.60253629558122,806.9049823,51.09422529705887,204.147
0.033102739,3.1851384432724923,71.56351720638418,827.2267649612984,56.00806251,183.896
0.019664072609455505,2.537400765,80.26179789,778.5464908573942,39.625947895563584,206.589
0.014297565490765322,2.3835346737903444,72.14623594,813.5002315875745,61.47430189012678,211.294
0.025030869797261004,2.8900838880112327,91.29834215642926,797.1982329261426,41.75694544718444,202.297
0.021691395,3.013975078170584,64.55949269251504,833.0214493610259,62.064690533770985,193.026
0.030897426,2.3057633294015027,75.52877817744547,820.9913456580109,59.19065683159624,185.547
0.017173827017336062,1.8798432592314447,78.38833678362721,783.8782249973569,62.55817201381551,198.31
0.016673345994655496,2.8978537608694834,80.05358524991942,813.1758330543959,55.98147145821594,204.251
0.020614508785226235,2.4140447951899646,83.97973551302144,792.5779076706916,54.76546698605301,201.789
0.014891865887775668,2.478308511077041,70.05911239586422,766.8433363148218,62.08488313777542,199.191
0.034346648,3.2107747554453208,64.79370211,814.0842803051464,65.10460193503448,174.738
0.021352136512474404,2.302071850753403,82.91599186150569,782.3598207657502,46.96104434628392,210.858
0.017615969,2.513097127852095,65.15349056888147,818.3803653,52.930359921809966,210.072
0.019638141021786976,2.7016275756896597,81.62270442227351,754.3220936176994,65.8361614,183.46
0.029076730426968667,1.8818971547874646,86.22375352078308,791.6375429610866,56.29015164593324,193.596
0.033083794337887565,2.9138995874484888,73.17840446,745.6855679,46.76412925339439,177.924
0.022749473,2.3973875967928033,62.15587012,805.0678287855246,49.695055988726885,209.64
0.015410697374916198,2.836553419,61.84236464264647,807.8341557088695,53.659895117029755,201.79
0.035209441446192216,3.1218063127497095,72.82979317417377,791.3770123888124,60.60486107408912,186.127
0.017238746741782274,1.7668232184284303,73.15039682,804.7362047,51.84174729799824,207.93
0.027944697290944016,3.307134076253891,68.77553444052418,788.1468516080274,32.89638505606352,211.295
0.011726137,,75.23166050634438,774.6767947740844,,222.426
0.021603990508405262,3.2190576738197816,69.61334821518662,769.2169516899578,55.708385975090884,205.028
0.026772291,3.1363256372246697,73.66923559995533,804.4994696568732,55.47565624161696,197.384
0.017607240042263057,2.4441868359026615,61.61686379666568,818.0170697091049,57.60522235067403,205.844
0.014374428126743933,2.7268858873455284,61.18124431284796,833.7778622832083,61.10196053622073,199.275
0.017511325513043595,1.8235966123368046,71.92805634381392,751.6056728102901,47.04659744146178,192.715
,,65.73672343082977,792.3722819635833,56.32740281998892,210.78
0.023388079,,62.50941962804969,781.5427897351096,48.011329429097664,202.424
0.016742944920422106,2.9464723322100763,69.88767275359935,778.237316,,212.212
0.028429797845221844,1.8007470315220797,80.44551865594404,773.2118207350395,44.09541048,198.525
0.019001159791767426,2.1104095400520593,83.25225477941704,792.8758759,67.87264777858995,200.274
0.030718227768628304,3.163018992372248,58.43048409954733,785.3627279659704,53.99091549147402,201.443
0.018407759254736922,2.3566451916291955,67.43556259229102,826.7366150337648,38.276955948893146,222.751
0.033728437,2.2405650754718502,55.21761402498185,827.4508791796906,49.89471258350516,176.817
0.025478171530510782,2.9301428754764385,62.54133752059038,812.8342609545647,50.529252184990575,204.245
0.021533741141191737,1.5102784137861396,71.48764608,830.8848959,40.668918417489124,208.907
0.031920947,,72.65869780825659,798.5814358356729,36.614322835872045,208.15
0.017632041,2.214060188699855,65.17609454698592,761.2434127350136,38.45892745919847,214.144
0.021404383089917794,1.9727196937191747,59.728439234670226,819.3314955847695,47.60817707843075,205.006
0.026269676,3.1236637228693596,75.30502789682154,808.9609542,61.06389923244741,198.322
0.030910254,2.9621572154174687,82.10130928819099,763.4590734,41.04153738900557,192.811
0.027408036141210908,2.938405729544771,66.46354757,812.4652662,48.49423520162927,197.571
0.010991588299340214,2.3933817780908866,80.76633147472475,766.9770925661855,38.98333419689047,218.975
0.012589193679025765,1.655062142612187,,797.4638287918957,50.81650018149052,222.46
,2.721046297148951,68.37163569408277,784.0675657,51.35228848960959,212.687
0.036221544938357435,2.690620764,66.49240438270947,795.7010262563982,54.991111126780176,182.909
0.017170471,3.1404266291224605,62.19412870798274,822.1690997925921,45.413896502320064,219.356
0.031217319322627494,2.6492286705469836,,797.2028140285527,51.91569904662537,190.822
0.027227025945453842,2.775664294,88.42079320316292,743.9348419528827,50.66311664816405,190.169
0.023856053593683563,,70.77842377067884,827.1979755834245,63.806561924677496,185.535
0.023050174649445292,1.6597280366641596,79.08674838948633,745.0707557998126,57.77691759708451,185.81
0.026681999,2.2357098721450623,71.12207248390717,773.0091723663552,56.28545650152556,193.086
0.033630557282653205,2.548736012016673,70.67388646336263,781.6177587847857,47.836249864277846,189.844
0.019588214,2.129147286133505,73.36792348108123,791.2222734327252,41.48723418642707,220.897
0.032214159,3.1301524754754304,80.42074679065863,826.2619885352196,64.89954308915586,167.333
0.026859255125463076,2.778581419493909,74.99844154204158,775.3989604444362,52.697002311272406,204.082
0.024262458477031013,2.6739291040270823,66.03741652615047,797.2747949176475,58.61622197564975,195.49
,2.611466770841796,82.49625101411738,777.1327648125124,56.60937526982131,190.977
0.030643514597984922,3.133837420762453,76.61138718610567,809.1273946691842,52.375642,187.281
0.019609973657907828,2.7682865452176197,66.28219994,832.5676043413283,51.79655963042423,195.093
0.025829700322646507,2.4655369874691986,73.50105659645445,786.5823677940407,48.62501620115849,206.326
0.032901516035778844,2.500248566692746,67.11216108756183,798.4114037175524,41.65635657121141,198.5
0.030959973,3.1926356217815712,68.92909781170701,778.2392539498838,47.12803113499725,195.766
0.014826996,,72.03325764208465,827.8419271860657,54.673051379901636,208.249
0.019213395970836197,2.2006394716600255,84.52040790055777,789.7813734095712,52.580623007863736,212.653
0.032221741,2.210143119188044,72.16525501679774,755.2041674287732,47.62724231858448,189.399
0.017713716,2.172923663251109,69.53516684,812.7905548752915,40.970666053932405,213.411
0.029095621668723568,2.2466920163507687,67.74353638551575,819.7099141,53.10669849968156,197.021
0.027670189253449464,2.374638296214705,90.78863717961298,740,42.161588060617795,178.825
0.012277391,2.3579988062508854,56.97885307667559,795.7334346463977,48.51587808349757,215.417
0.026052721657367234,3.017040462442832,64.91049957171882,805.5555966945915,51.97490703843184,193.004
0.025126583702420154,2.8607221093699042,67.49267329113566,787.7141388958504,47.88196821802245,207.609
0.019507913473037264,2.6078032103973783,88.99604089253313,771.7836628624352,49.779852400267764,207.043
0.012386114178914413,2.2717247234534566,75.73911627561608,780.6122400733685,52.69870585543013,214.558
0.029375578707814536,,66.6724783,797.2139431192824,41.713427033199935,207.754
0.018955823528336205,1.3360619176841755,69.36525378550863,812.8791196862452,41.51177533666038,216.318
0.033206028,2.345538123938408,79.38612792,777.4092592773167,53.17494291133499,188.161
0.026231094282427803,2.7160051688791804,80.71968379595513,811.5579252,46.57621612338656,198.154
0.016203582732775248,2.939293360951077,77.00539991305276,759.5342802410312,55.79113588160911,198.067
0.036641845,2.3278835707101395,71.45418836111091,793.1530752600871,46.03784717780011,196.648
0.032133428,2.1084061116098294,53.46901695365085,777.2406198341067,49.444319148193536,190.471
0.026719825718080625,2.4302565455506198,89.36152759579096,778.2532653520669,52.95258761274832,193.578
0.025896591015975575,2.5643403208633617,74.84351996164203,813.9625034,54.87458971449963,200.64
0.019596431789877262,2.684023786,85.00709907649203,816.6509014167682,44.84326272957766,208.798
0.027660960931461906,2.7298372981070744,60.68587699824879,819.9779778,41.69165395984117,206.276
0.017901828568818116,3.666703276997705,64.75311164057085,830.6680167523507,40.15498168890544,215.727
0.026111838893951866,2.0878399404436725,62.520870816406315,802.6533261939782,43.07827799777979,210.789
0.021540024795513486,2.1855866336690375,69.00620933724788,803.6234746415272,44.959725359847354,207.303
0.020490143873464314,2.2149269388846826,70.77602290907913,763.3906626076123,59.67629906127672,199.418
0.022275573,2.8274729193192063,66.14541806394246,,45.06038045887966,208.965
0.025006572374542273,2.5254052477785374,61.11643686884274,823.9421517383464,28.915431539009422,214.955
0.029835806726501275,3.0625158505388885,79.93527761249672,764.0270366689775,60.49126306334158,188.534
0.034948078543101974,2.750118142886127,64.48979213,803.5657559607077,40.09728694789636,206.122
0.020671395,2.735410213751904,67.73371643517945,815.6889768228149,55.75287451997461,212.194
0.041573272100323036,3.277218719576192,78.10728843096346,821.6192546,59.66994188481648,164.4
0.019066844529006567,2.562684289360922,70.23418534516266,813.0002978917051,45.48289048430009,213.472
0.015029303,1.993708152143041,79.64542126400482,781.5291644903484,43.02764793217081,212.748
0.032991637,1.9205477088546328,61.94566588287084,812.302262,48.309539551038796,191.672
0.019274578224989652,2.287554726376872,78.67096991878292,807.3138166646195,38.27346186739287,208.602
0.027323255874968203,3.1164660009579945,75.04563532452931,803.6587748761755,38.66402047184484,208.924
0.033829312,2.3844598100997128,75.84372562515522,748.7705394148793,49.39634770328304,183.766
0.030383098206897517,2.0241280436648186,80.77537859830173,794.2284215072322,48.373511965439754,194.402
0.016087606435448105,3.0345557515872223,77.64099888887401,782.4783742,38.79932914609476,229.161
0.03109565,2.535941875921835,79.09225709036572,830.5246467472917,42.153444822359745,190.85
0.025886672178822283,1.8497549043351469,81.83729824,772.9561483234629,45.48729105318104,194.439
0.015900570756702453,1.4298148207364791,70.44961566150016,816.8393382513752,49.09409681635212,216.934
0.033505487,3.2074475369390782,56.93984026964322,833.4495224035531,45.99210898266671,183.936
0.02277763,3.657473533371168,60.36081367,854.9873443451047,41.719714000634056,191.526
0.011415623,2.6006079880146977,,809.4261717421332,48.729049145578344,218.791
0.026732277,3.500664174826132,77.81638081854116,763.6136797661711,57.50333839466871,192.287
0.034556946,2.422645644392523,81.35137242457273,761.9142436,67.03954663,170.01
0.020761763241174673,2.1643022677433046,73.04745449774478,788.2788903,59.72926921,200.232
0.023784438,2.141658278497114,93.49629324795045,780.6985161047993,46.75745755,187.22
0.025381643,2.4579136948638145,97.26921368872733,836.9732502,45.442235177825495,188.944
0.022660026899503118,3.9249713030285713,68.80006028,808.9753146808586,55.690799188390436,209.501
0.036186255583800384,2.8769490050183597,73.41984851850118,766.6092412,48.17961982134704,190.949
0.031782513,1.9694207294510395,75.45751450781925,815.4111842123534,49.775323756323864,197.645
0.03242424,2.6368711010758217,76.50482316962925,792.5002365518144,45.196340990637204,192.794
0.022744669640866647,2.6216869490374113,78.35540357963947,779.7532279410151,63.79609592174715,189.915
0.022053695,2.204502141074486,65.07833887496075,804.6068839862195,37.08499983,219.299
0.029903745711037242,2.210974584,74.12435402746884,802.1808204582629,41.887956189241876,211.551
0.015232502739202314,1.8991854674284905,75.37031075287565,806.3770594880615,51.38401352984014,209.931
0.007056671,1.5209714339880303,75.40167113952563,817.1670666018707,45.96959404897423,222.856
0.023394396206498885,3.0157459193137788,79.32776975339888,748.0914212971878,44.66687089997758,192.24
0.021880822,3.089426728519067,64.67317718,829.9441533142432,43.49379551810962,203.366
0.014566743148708202,2.565187988,61.58722612033481,790.1809360814538,51.61500165093952,214.158
0.013470913,,61.75283921890015,818.4070922061384,47.583004007128984,215.995
0.028102105244075637,3.196491189901436,74.09138347,786.6079698350717,31.821124420721514,215.45
0.020991276866021907,2.680639031813954,75.85261568151095,768.8450114586914,47.415238936974575,203.918
0.014839865812574633,1.9620501964765087,80.81464212922731,804.5720364570661,64.23214984129481,208.556
0.026621667,3.2327691241277603,55.53413946968028,828.982357,56.07843111,187.322
0.040885462,2.7125709669027307,77.27767733,774.5062196191288,36.49099696285975,205.762
0.015413634453209504,2.2343266483783752,85.58224754449218,802.1003965,49.858552606868045,212.085
0.028873455917126187,3.6291111159074134,70.89556992945522,791.3250937165832,39.07796104911611,203.768
0.029581574161542445,2.9764455202709312,74.58322624223706,836.3702770286344,43.17032409795414,189.5
0.022381604582470974,2.418312142294121,67.82543570887752,787.9008049,31.99200525556324,216.829
0.023356491661307276,1.7413754593480097,89.40735684521306,772.0149026631459,39.189504425882284,205.519
0.021816034985340255,2.798866224428498,68.30988481339483,,60.55320820438988,194.898
0.026736659,3.0570693839853313,64.79694529463218,800.4986297723638,60.84906795961552,200.084
0.005,2.178112205842266,70.43966328992815,810.6129834971248,,226.044
0.020220457,2.2267470807449485,80.66098703231003,740,43.85964493277379,193.402
0.013798840432439674,2.7281781087989945,78.39401589,814.7066273299968,56.17445003171808,201.134
0.026470462041697427,2.8819206086822717,71.00079380521889,779.8186825262738,48.619252843771804,196.463
0.026644497941968756,2.576173053385026,71.89420277195833,767.8219043497656,42.928779986440695,199.529
0.018074176674318255,2.571614958339871,81.04164882612866,827.0913482551271,43.24227397204309,212.907
0.025184783,3.0942590698256693,78.96746456,768.4157724661181,62.204428141959156,188.109
0.027749377968217488,,86.23975775277323,773.3954294260683,39.611472823306556,203.873
0.015469247,2.2775484298743147,68.98438669843006,810.4085472745152,36.447477454726425,228.499
0.024416931,2.110307585849342,81.7961773,784.1019637362768,60.16659276830677,192.907
0.025768311539479408,2.346408847398809,65.01504863086893,805.1023827980816,59.21509211637226,194.413
0.025326314,2.359682472851304,69.84268907307516,784.2339364744413,42.11830731162702,202.426
0.022633306400503508,2.840085027203538,59.88060888962245,822.3664845717076,49.349867838117525,209.163
0.026537562,1.6207389090277238,81.69268302094846,773.7849339,47.96944307,202.053
0.025420533,1.0551915249769515,73.63144059905953,806.1018981747402,55.665995769860764,208.074
0.027680196925531916,2.202751867523651,65.42073228,786.8458889085588,41.122379741417525,203.842
0.012599829771455016,1.8197472065363909,72.81781906433922,782.7223202975262,50.384597036090874,212.31
0.023654479,1.6160886543017936,92.97178533,796.9265885364091,62.804795281738755,193.088
0.019933138,2.8972859277340466,84.84920015727779,776.2759642881047,45.49913929702428,198.963
0.023036082549570902,2.0652251623334563,80.24426042295158,785.7746054529841,48.11518652576967,200.079
0.023093462364458917,1.9599916378236297,75.17652828171238,793.4653226602264,47.707054265302936,208.405
,1.7849439707586825,71.90271712710758,836.1314883337369,66.56292131120333,186.593
0.023021934508351397,2.2464209672519306,73.55993187038948,797.9088937468896,45.68472165,196.586
0.028293112182643694,2.5591224620685598,65.17884901,812.5357356329384,41.30625787122212,202.257
0.019749706,3.262371717479504,58.22547255422257,820.0688671265073,55.068015352082256,204.479
0.016189352,2.078082204644734,81.06443534,775.9713857531813,53.498144929573286,208.556
0.027422658811528805,2.372825887,74.69362471,791.8485749974737,61.029125853371404,188.479
0.031240603,2.994556986754141,69.46579184646278,783.6155940028492,56.17835357704098,189.459
0.017436027,3.0239873248193914,69.71020926696728,807.0908111,,209.112
0.019385683950594375,2.8026613448589273,83.53214765324846,860,54.53944309847811,188.363
0.017537315090054524,2.6403846166401173,70.89539311038283,743.7886580817226,65.54120538412133,179.663
0.017547875934077993,2.0690550811278854,69.73104136503817,818.0274632275436,54.32457983674492,202.701
0.027636309,2.7649495649081812,65.10715078219333,816.4796400859318,35.799353695055146,212.771
0.030156609872108865,2.3935445488077876,67.87399681607684,834.6327277458004,67.31637887297637,172.776
0.025916188,1.6232853539460212,73.33283650742968,807.1289434562734,43.937141135949034,203.831
,2.6042255252585482,74.97678055392458,807.0934951779178,48.126673490584444,205.865
0.027920263529161878,2.4727710509198193,71.33956224796243,823.5159022980047,48.59269092184868,194.731
0.022517834023917015,1.8477345385378074,79.42051765821394,778.9897681965111,54.74705933586433,198.64
0.021129894408954623,2.0209364210710357,55.57418063443393,807.3319453199963,,209.735
0.029507089,2.6125388041184303,83.44877862820363,806.8497649594053,44.672501315406414,196.864
,2.8197182305705946,76.83438245739846,794.0814785,47.90128850543594,204.555
0.0293466,2.4367167622675376,81.28702517188428,776.5711538899669,54.96543141433516,193.2
0.03064715,2.0109187769370984,66.00050601646507,,44.95007724234347,197.21
0.019388460602930625,1.9907290411579108,77.84860800951428,783.4461479,55.563004112619204,205.992
0.013042654847175572,2.443146227208427,,803.5458265,63.72890563816798,203.107
0.020531715,2.3549174493968885,66.67998214724736,,46.13657084996673,205.12
0.020601495441680162,2.8996049268875703,71.71108240116364,803.4750096528463,59.96194253070721,199.276
0.011987706141889567,2.1195877084946586,57.301178687904795,829.4253359420707,50.319660024153634,221.873
0.023451332,1.8792921816686219,78.12868322234135,800.5752335248189,49.00518290740767,204.555
0.023905768,2.386269614558385,64.44186000325904,780.0742479606042,42.21830567367621,207.527
0.025240820078094715,2.127778491335263,56.95334092718561,771.7842364929389,41.965323167440815,200.815
0.020369647,2.7636633434757987,84.51299301441134,785.6754794567516,,193.042
0.010224290166883173,2.6131419576899373,74.56765932102847,796.4024497422297,51.62744982201965,213.723
0.011786172204385862,2.5310445738885012,77.42208981622879,812.7592041872801,49.69050936250155,213.056
0.031578831040472335,2.698651708304244,53.582190582783035,785.3843968252773,63.44489497594185,186.385
0.018716820995815855,2.029717832,74.08473963950118,,,200.772
0.039814231,2.323920773802968,80.35241310651107,789.2167866972612,42.24373752871486,193.104
0.023968983190359613,2.361305651235407,59.02051418356274,844.8540419327871,45.76273908069189,195.308
0.022145675524388963,2.6909585582405087,88.87054068519929,814.4961308066074,47.29269010882808,199.14
0.025421514,2.281980103169215,85.5075627,747.5077769517436,46.11370821852049,190.641
0.025088681570297578,2.011686967673346,84.67452108915839,805.7482971514709,50.03577429817424,205.68
0.033658602,2.3225956572560875,83.18613334878746,758.5999021724696,43.99912192,190.447
0.016608393008996192,2.7052024363921947,67.25328115898606,834.1151319160338,56.943417539895925,191.664
0.021749893729408776,1.8431036957307692,67.65073738921247,817.1351117274897,66.62636913156985,185.813
0.015076222051104047,1.4091717353938784,75.61046488385708,774.8537443655964,49.64854969839509,206.622
0.024875283724922412,2.2000733590778676,73.60063264923309,786.9060786683033,49.96010985353124,198.445
0.024147971986136288,2.898885348850546,62.872655184964614,,52.891933822465006,203.989
0.016486590628626292,2.2430665440530526,72.61462054328395,760.3117904361238,47.47733505100509,202.318
,2.678391296837962,65.79485662321575,797.3942736425419,42.51363227391713,215.795
0.026299306,1.621339647244973,66.89709147843953,822.0176635504167,52.03001484599183,194.386
0.029596047716356797,2.5929221393362853,62.252882044586556,775.1004236460087,45.813665798314254,198.606
0.032169663,2.6421311527280036,76.04126114629953,825.8197207891587,54.15191468412478,182.532
0.018752852,2.774173908617656,64.34479090346933,782.3223589503907,53.21445174928986,198.067
0.031539313,2.5768983761954547,66.43207234653244,825.8900263170705,50.68108956051652,189.85
0.02047532,2.6618812477284095,59.42126923947502,829.7346836181581,65.68821350335061,192.17
0.023608632754899477,,61.48467579174974,834.3092992459631,56.967498421781876,192.433
0.017300516,2.280428408273617,68.89841188103088,782.3783250135292,65.02260439882667,200.554
0.016003764103477064,2.1566504464848877,69.43168388898232,804.7050104095753,42.07468396250941,220.432
0.024902529,2.8795222744648763,62.28312118504119,860,52.51729484730422,179.282
0.034380389,2.7021013470701103,67.36324721819416,804.8188684006236,49.065956001024226,202.525
0.022786725,2.767559472017684,88.20616355930069,775.4183115165634,61.573429415781554,181.424
0.016029851510606062,2.271072986420876,87.43187645347541,789.5748756,50.85048230659347,210.134
0.013024851244693466,2.529299874828404,79.20589888886899,777.1850964683391,46.72880713378248,219.246
0.023323799,2.6789049567841676,82.43296640025741,771.6651334084605,63.86971665760668,194.209
0.010869347,2.032288971058882,77.17465876167222,772.8492933410483,52.26288142257688,213.875
0.037988922,2.392044667,68.80549008588716,798.0642493258138,54.04845792867082,183.746
0.018950734091736275,2.061046846105049,74.69955687048066,740,52.71242138122797,192.693
0.017774424,1.9410601536783922,70.04512569333889,780.9087096398325,44.89494686263626,214.172
0.021672202904873743,2.2770526227166163,79.21837984952042,798.2299271206109,61.075565120585026,196.796
0.02131521,2.402117351412542,69.36399566481316,749.3021284420893,37.58225971842799,204.765
0.024766063882865598,2.0542001441937625,64.26034877460737,796.4881438,59.453137112159745,197.681
0.04611001,2.2836421856443927,76.72318704647716,802.0674626,50.53402529434759,183.172
0.028500401,2.092680341113694,74.83847838177253,773.5208129126071,46.94292785499648,194.865
0.025186347,2.2007427117623024,64.00922871130273,848.3283511951532,37.44783866995342,202.955
0.030134867034589955,1.8639033147582502,76.61269803,799.0339851,50.153057649419274,188.965
0.033079597,3.143969203803012,83.53079786930175,740,52.828077817079716,172.4
0.014267728122079906,1.7190293825508016,62.16995990097779,777.8135205402706,43.918145955199805,213.049
0.019904637787073548,1.2524000149006005,,784.9544813251688,64.58072954183785,195.591
0.026242655,2.076234017380775,91.05878012710814,794.3586723583853,54.59567385373648,205.231
0.043718611,3.2500285409866363,64.87520259,799.1741335384778,64.30776415944094,172.901
0.012639930624261421,2.0961680510208263,65.60666384,848.5412539669702,,206.513
0.021505818,2.1514360330939497,62.84925642565601,860,49.72580639763688,180.645
0.026365279294006838,1.8085867816469126,71.92921276646936,770.6298699843325,46.05629856686991,189.898
0.023808129394255965,2.6974869309512037,86.81437776260407,819.6890708943623,46.94235989510706,200.112
0.022903706086702287,2.9768152287411347,80.62735117039009,830.2981670378279,34.658544725876546,209.175
0.022695491,2.3371747423385996,72.74819084528639,821.8451070028746,42.32675294306356,210.19
0.017398532172143648,2.5250605856183723,65.70768319315647,832.1952371836454,39.52770874172718,211.533
0.017523224719001845,2.498373748697317,67.47568789795444,,46.44102757241327,215.407
0.022848758,2.4200126464398064,71.56981615,809.2411052643913,56.6976371,198.4
0.026837430959954722,2.621624871614084,68.86937669419852,815.6986817333039,37.507708074431804,207.018
0.033361696,2.8769938497975627,52.928012630568304,780.4865290723386,64.40424694192305,171.171
,3.2229341478263303,64.31452255777683,830.1859298020802,37.350529007986744,200.003
0.022499076,2.9124152220590305,52.83988267528888,844.1837914544499,54.65287519529167,184.866
0.021770687385290817,2.3798320268945288,81.19272017,775.0173716246373,51.97135902772439,195.32
0.027595989329259017,2.4013717709707145,71.30674359180547,797.3690839662006,43.72783399522373,202.024
0.0167829,3.121366326,66.02125135217538,794.4390113904519,50.602225338745555,216.305
0.035746664,2.954311431381651,83.35258335836967,815.0327279499487,53.62282175017892,187.025
0.020577288741142973,2.0017489033877536,91.93427886,781.0777826160377,52.33774259,202.683
0.020476162641696598,2.0450290868060312,82.03233940860005,858.8892092276834,43.422546821935974,190.923
0.018783997523874857,2.884281719855763,84.84729686352132,821.4034837389371,55.129377216240265,202.523
0.028639868215444224,2.383017721201115,76.53348462,797.6292157439588,55.08471787343687,193.769
0.026258597170060866,2.444634373,53.13531933969899,857.3860879233177,43.304384225207265,182.907
0.026601284,3.073184385286201,92.08383877296687,742.9151339670394,38.73910713561762,195.126
0.025598496028466016,2.848229638221343,,841.5315062778966,56.886281847482906,184.186
0.019393149719385216,1.890200714234304,85.15012671613135,827.5530383182164,32.06466598873891,218.86
0.023097964588180735,2.1043881599379475,80.95590366,804.7277958,61.035560879717735,195.569
0.020874024942436967,2.975901379256397,76.58759120341284,810.9336289,44.656480197074615,213.654
0.017988081328366896,2.264968569520594,,765.5755826688642,48.368877161076725,200.195
0.016356357355965145,2.2310715946725157,75.58031413224126,784.7996358004368,45.85271787970112,215.282
,2.7838909646973518,70.58590047042948,780.4383572776827,,190.172
0.021392980957663177,3.000458500916849,58.60049660150049,812.8264827387022,35.00729582989905,217.52
0.019299679,1.507387475141819,82.85421112603518,823.0466067370318,34.382696214575994,222.285
0.021253971244450998,3.2022026785775095,76.43579608807093,793.7898895953323,50.47795413269167,208.495
0.025604384800213018,2.7758912483526705,80.32006206817401,811.5979629797054,70.40719790032011,180.786
0.021531068,3.3605877845525782,75.87825317,775.4900841142882,57.87453128053068,202.215
0.029679279,3.3684203362092937,80.24204767080951,796.6230286812106,50.03536985,198.342
0.028968701965803454,2.6396906021439426,73.98409147739119,785.3825164480565,54.30393223007896,202.177
0.028529632585021666,2.409343410967344,53.4236181,860,52.958240260044406,169.99
0.023364132469467995,2.436398291273028,88.27520529,779.2857251921432,33.89013030801265,216.824
0.027611465810525506,1.6803270507288692,79.77600825857675,776.4058131867555,54.150425089882845,192.918
0.015740440084925412,2.5960057636479266,57.58933136142597,834.6609830775142,50.17826432150114,204.367
0.025840389687172317,3.0349751313340887,69.01684008,801.6450728931918,41.694813424932974,210.86
0.007763783,,48.567230879308426,798.8801564792496,52.22574763200187,223.149
0.022258830256207424,2.3636268476225193,89.86989196100876,749.7361217882033,46.410162902868464,189.433
0.012137285485167905,,74.05656998,790.1176926393292,57.780642738045486,215.296
0.017795578996806744,2.250190397247338,56.58355530076358,,50.478918907804996,208.945
0.030763322700490706,2.658462801830077,70.91463826691167,,40.75553610534663,198.032
0.021356292563417804,2.9299935143568616,76.40728478035668,801.9583826402304,66.0889064,198.18
0.029722597158894186,2.139491972620686,68.25609774233095,835.6118921007369,41.61078579057457,195.883
0.027505707018474372,2.881839618311025,73.63764218,811.7247801226587,50.328803567757674,201.083
0.030201973686894173,2.176021177260485,69.50216307,751.3278471353325,36.94282106511433,191.94
0.021598201062469805,2.1221884971165688,57.969451564457486,764.6682246676812,53.475579662318296,194.423
0.018698539384914448,2.340223109262652,64.44268150516392,787.0663338687774,51.75518417629184,204.759
0.029921714,,57.92799338234724,830.0375865,44.979366796188415,187.39
0.015054596684470232,1.5784220934878856,78.44712488,801.7813463357079,43.730939287061304,222.843
0.026585376,2.462809751285253,78.6016842,,49.95619788128768,193.879
0.028864164572061805,3.1417997246144616,66.66144199602707,788.4370672737789,41.11387015941709,216.128
0.026122085,2.4605420794334627,81.42668675058364,799.4819198563055,35.615122637911654,212.959
0.029263839935318822,1.3869116189501176,78.41012651852327,783.9909865970898,56.96653729097004,194.226
0.029360914520863646,2.0482717937040364,90.20935121,815.7874694587429,52.636651441762474,194.674
0.016880026,2.3401744723547093,61.80423919507484,844.4874099904421,58.46238621323121,194.673
0.043872477,2.8618291127934787,64.02024425168159,805.5394331383869,43.65247972316777,183.638
0.035088208,3.385662003568219,72.41204751921155,777.0022931630959,46.955497652672925,190.919
0.041082323,2.758915430734118,61.220665835887345,818.1342684148001,59.47044082377714,182.501
0.023372892,1.2796752816481463,63.63887852887864,798.4577477816373,63.62692606104095,193.449
0.013235289,,62.01874718141281,816.60769,45.38179291936628,212.75
0.025162726469913205,2.7969920915586965,75.03643903821752,819.2098923,33.330250552036915,216.895
0.028162767165718656,2.7997085757161866,69.94340796718988,831.0157203,39.23089879565328,200.945
0.026997594007585585,3.8207604775546606,68.40543488581318,822.0465843136453,43.805255899704704,199.676
0.025223041626823303,3.4847337227294286,74.18583130154238,777.3829694893749,50.81876462333102,195.43
0.027404378554707114,1,59.28715519150383,,34.71901807360358,209.799
0.031799867883635216,2.832618533,65.1350755,789.6105303201133,55.74246408028568,196.656
0.016076263468705103,2.8186744955120133,64.84690348150521,858.8775233020524,62.52688059902684,192.194
0.008699105,1,79.90418941275955,798.1095886,47.941178373366455,220.267
0.018874839463031083,3.0601995642983786,75.58211410806885,822.6305942,49.75186199458482,211.47
0.024123750739597247,1.6519918572144083,66.09204481020726,763.4358448579299,60.04850129810836,190.309
0.031683447,3.061764093410918,61.26401989,821.3197350664663,36.22684054,204.251
0.014626781,2.121204232092376,77.03890524073165,792.5151099655956,52.98930954,212.372
0.024777759885204163,2.6057315614875534,99.07334915088538,770.1774212486641,43.49511380935627,188.671
0.019650398678620645,2.5436804443091603,69.31570241411727,813.3099271861605,52.57809562607012,201.431
0.029006528,2.6907504616831996,75.46086344679286,787.4457896229612,39.54525715068376,205.199
0.023172400491529705,1.1620911654467458,64.17421532560518,839.0657852632937,50.628233154863814,198.438
0.023155269,2.345306168473284,,771.8457674158541,57.65755991146025,193.093
0.026584082024673376,1.9507782366131154,51.000480886258025,793.7371788480463,47.80869706,204.295
0.029666860926307107,2.8176471142386545,78.16526173,817.1543227176047,55.17451188989402,189.237
,2.0868941686193687,67.86594585731137,765.9238167902619,,197.641
0.032281558,3.8226172854027824,73.07830892804161,776.6063242,56.39982982611724,194.504
0.028421162997350473,2.3805369144265276,57.58557304581926,786.6464606331441,59.84665675,187.372
0.029760178697728408,2.768529117144893,83.46755166311986,838.1796021858522,55.278672478476906,180.887
0.017598575427041428,1.8813873441329643,65.65290292096233,793.1165605853474,43.58139434892829,222.647
0.014872229893335615,2.0937066792793626,87.83211323494169,787.3523549549368,46.320596093281026,207.228
0.024395369301127078,2.598737026632361,75.34900292089841,835.1094784258939,49.11463112379101,198.839
0.030139579,3.024802196031738,70.68414585147313,825.2612612,,202.58
0.024061934649438434,2.833066355656664,71.94325607776878,803.1443967130886,55.589293175941826,195.877
0.036754771,2.4170030476977877,63.88749193764079,830.2222790131018,47.097965782255656,179.961
0.023123574999050083,2.537130028171469,87.15737469556473,769.4947680562416,35.747140714305566,211.589
0.02714208,2.6976044550837686,78.14243289525994,818.1673328843788,38.78737216871285,206.038
0.021680196492551543,2.6117095891273716,54.02753717914656,829.3577733,68.12821685,184.48
0.021589728,2.2836693062861775,61.87324145280887,832.9957326975366,46.22177316,203.89
0.010479866724686808,2.624911818769221,75.09002664,780.7907999020115,35.64508189775021,221.62
0.024931151,2.3329937013206647,73.3199475,804.6691580293968,71.81405191,178.493
0.021672254095965366,3.1553110960351654,62.620654261688316,794.9510468967998,42.85235950656517,207.235
0.019895307908819278,1,52.37067507552368,830.0235481640275,60.862808205150735,190.245
0.017125951813037804,2.2597733403073836,76.79241426584994,757.1606599593167,58.16062568266425,194.287
0.018891975443062488,2.890206559387437,78.77634808,813.1057809308993,59.51867245522945,205.962
0.021645932708041507,1.7185222244476224,90.04838365724515,786.4283871099092,51.6093018,200.167
0.016357648202315653,2.7436616025471183,87.52939574706986,836.2613829550169,50.752750101731166,200.994
0.029740103691631242,,68.14992431208573,792.2569373543811,64.26438328547906,194.557
0.016878264184224848,1.5784281140198713,61.13992676791806,780.4910604391123,31.963933762811493,225.918
0.026475854,2.3173880603690296,75.22805515021412,822.3190006538508,35.52446928395255,213.022
0.027003211,2.199119811372699,66.87159750839396,809.7628932,60.39233625729357,189.102
0.017858463,1.0927334558310533,86.55310806210224,763.1101595568241,49.87284065096765,196.397
0.011259144188813316,2.795730404611187,74.84684971417843,829.4164299370088,59.99019348088929,203.558
0.019033214666342148,2.074102279978967,68.60882598225498,785.9985169444034,53.46771952005395,212.939
0.032367042,2.514423721540861,75.78453986599719,798.1130557413296,,193.483
0.032984422,2.6295885073456264,57.974584739152604,776.1669255804508,59.877688878821445,188.37
0.028715964592039376,3.4994787179582216,71.67918942087995,797.1227620389689,60.67643676188497,193.757
0.023823969,3.294440797032663,59.26960959697708,797.1724833,41.10110653051355,208.845
0.025602821853776603,2.5755634070709803,45,860,53.93395751899194,173.193
0.015396271755877603,2.2787294739536077,74.73247128441488,778.9937721,50.22591985533443,207.888
0.026257985145987896,2.189132119156346,74.62021678,818.6662763713725,42.911772077498995,205.967
0.025988795,2.690792489791642,66.31786855372741,814.9457726269318,42.51283330034207,208.657
0.022166115503935824,2.078052568770502,70.81467355252217,774.0169709342167,46.02181706799884,207.254
0.029918981960888765,2.234589156522919,79.27702923184687,775.6976397848291,43.153816500091985,198.065
0.037771377,3.055971085480608,77.19899107747875,793.4587295062711,43.85838068614111,194.723
0.022893727002879033,2.510106305492777,84.70574106587767,781.1376530694383,,207.326
0.014152537430049066,2.005030588285447,80.83088367096374,787.7870176,67.17332180580222,197.066
0.01867486,1.740475880802465,89.66518478451025,790.0552854766507,52.003450791422935,198.209
0.033383307766646976,2.428749201071106,76.49675589,743.2053560019324,45.561212968085236,174.688
0.018976627636741662,1.9650669015080675,68.39812327799531,810.6656441142927,63.50911017090479,194.045
0.021721975858762295,2.1736161825124958,67.19140264243116,827.3953182436627,51.70430386339035,203.143
0.033564212,3.686940793302301,76.18220472770827,799.4170985108715,50.665164907788046,193.711
0.029198235088499537,2.686207381620508,75.49786745073017,,44.26852161266599,195.534
0.020930005,2.278225892021355,69.01348398367055,796.7523900194603,44.49359717293403,214.559
0.023525296802996358,,63.815002828868714,765.7236586701006,62.07431738527122,180.264
0.018264110645913566,1.930479100412691,77.25076550787412,786.8313859463318,52.974276560645364,202.708
0.026713553,2.3639712815981335,54.48829574603937,793.5017228990184,50.73289195897989,197.973
0.032365612,2.5532184104641926,60.77752485464464,803.4540729576419,55.89309081,189.814
0.014609783684102247,2.7450311051806002,61.17719980046827,804.1016802,50.32435626221991,211.767
0.021290827514647725,1.8590291920248667,79.64754092465958,783.2490730520291,35.36310113535734,210.567
0.041905724,2.226567195763499,63.84568394303825,813.8604797496591,47.62041446864958,188.224
0.019041824733617332,1.5216398135199292,64.31509798343177,792.3883614641445,50.73625506751515,195.705
0.026600959548907805,2.845043265039736,74.12109572044002,,44.89580836451841,204.591
0.025631591470498757,2.752526828848931,73.34008693508187,802.8158020479259,56.33072675370005,197.537
0.03329836,2.288527978653972,67.65735850865975,791.5606559387539,52.845616900737795,193.132
0.014335131563359959,1.5346936794061352,82.93274159828363,774.0815101507623,43.796899714198254,217.06
0.018279499064620976,,80.07971710118906,798.9363247,58.77700112,202.113
0.031175618,2.2781160073269007,74.66652520209139,790.7888270480968,46.793400245695054,204.353
0.037043856,2.4910624495191978,76.61297009,795.5385034227709,39.551709032549994,203.744
0.02504638,3.315017072161863,75.23418544152102,760.5188937704829,65.42399457711956,188.255
0.029109852,2.624209872,64.68825015607867,792.2188442400048,44.577116117862964,200.067
0.024150446465538537,1.7212256752827133,87.23251581228986,794.4186483840874,48.524929529983986,207.988
0.031016776916740978,3.045095617529896,71.11618937382184,810.1951172150724,39.249582584019244,202.488
0.025305992574797286,2.592475460916127,66.55817639137551,789.2864425547181,40.951767923886415,207.703
0.020648567,2.423089471043124,82.09765687821813,777.6998102733755,44.242582691025184,202.635
0.025182044072067793,2.344077685194796,56.032936571443365,771.6797816935992,53.29216753081899,200.724
0.033192505,2.789848704783658,84.54394281822493,788.5580616239296,53.693681126090055,184.344
0.016653979078698464,2.4187391400447753,74.16695752178411,803.2829259362652,50.79646661282548,209.085
0.032348714,3.106849866812423,77.68195393310745,801.2931317259138,60.91862312108345,191.909
0.032254497,3.2324500519264685,71.56682171,795.7630061862632,35.193980880311194,213.848
0.020564576849182132,2.5257518711420794,69.25635197291808,811.9073605697739,62.54610153826991,200.119
0.023225879022158894,2.9747447435084178,65.44955311426949,860,49.302383588802634,179.756
0.022773275978143017,2.0462932575534682,69.27037165915947,808.3370545641358,59.84063037125816,195.331
0.019643982,1.3175258874991425,84.09800954851205,756.8345165676955,45.89475185370198,201.338
0.025834579,2.6831683326877798,63.912606928100764,783.3718852,67.10645701,195.281
0.022428610338222257,2.2525288735675533,61.748987466046245,831.9801307013271,,204.467
0.025690209216244448,1.9918131335557083,88.33473015,825.0039585100376,61.053753713941106,185.653
0.020151195789140604,2.4510591614422284,71.8868248,824.0903787300197,41.323805640129095,204.824
0.027306039,2.7753305723179267,62.830120565616575,777.7831656686419,47.50929717384811,204.312
0.022765794008862708,3.067012609,50.10061199599852,852.8578742197363,58.13791061533193,176.458
0.027393750565581236,2.082759976290242,69.03854208969554,812.9839978786889,39.57430002477561,205.035
0.015796392173813262,2.1977131210407217,62.68520974621051,822.7443135694772,51.53780709537583,209.342
0.026873868515992924,3.166713757702958,69.43126560608758,825.4118668,48.40243767165427,201.778
0.03620657,2.5809014944283675,78.20878427484368,782.2108533417644,55.72350005063715,189.502
0.020678533,2.7992408246921623,72.01522069024296,827.2524257226263,47.203670213037896,206.001
0.030650184890553545,2.6960610962438034,67.07960788,789.2741484187916,45.26954412703554,200.692
0.026827780673444112,1.9775742977099218,68.74871479835231,,61.40546559317638,186.214
0.027359794461321783,1.8428959178208844,68.61615917187336,783.3660115616296,55.85501580840415,204.354
0.016133550290212236,1.8902321187203932,78.67998954532258,811.6734259772868,45.90037659478592,218.199
0.014410002580836872,1.9481759581914608,61.00522711608546,789.9778294070953,59.480131440580934,197.5
0.012679438590073127,2.692381804338806,87.08307398801925,754.4514187218193,38.66090956073072,217.137
0.019530254750981996,2.861776826000997,72.17011405962685,792.4920458075405,44.02166396875692,210.251
0.031683321,3.540920451200522,87.01545701804224,815.5624035168878,50.92915068,203.624
0.03574936,1.4674669753050558,89.76231444457045,798.9037135942978,49.06590057329951,195.944
0.019951975,2.8127612821568686,71.27293864865628,798.4308889204791,51.59214570813231,212.769
0.03115284,2.199242440781554,64.15810279925641,820.8954237710369,44.06598992843962,190.207
,2.901188527632619,88.84600431498768,774.1839804878705,59.30334584864712,207.589
0.029756114544308394,2.5711547839095794,62.47013318429048,822.7620652184852,50.92408497,195.595
0.027184452594687703,2.8547865195657427,62.208183409208246,799.7974056241901,40.28479390100013,213.157
0.031035303221394694,2.3470669842427916,74.44464928920748,787.8629718938142,50.226691768484315,197.714
0.034250510607649734,2.6833259872481303,68.51150508,801.3672555043424,67.30232964311406,179.746
0.029349763772885416,3.5300807451233083,63.269130362325335,805.4364671429431,60.32383234,195.619
0.026015424,1.5182669728256313,60.58602319153391,,48.042217759065075,193.939
0.029550607591844358,2.601538609820184,71.52967782282218,813.3470738454012,39.43511880097087,209.837
0.024073768394189884,2.124085486741662,65.52793676002965,812.4032347291221,49.172737714119464,203
,,82.81361038,804.8980562388824,59.65700421,192.727
0.022317312,2.1322052520595225,83.00190848374034,817.6543102666192,51.54971209245832,210.417
0.026527525387005185,2.708702835658709,62.82227893166585,836.5130177688923,57.49944228201712,189.642
0.032395621217656254,2.3181566568480627,80.51426169785996,779.1553798006415,44.80772565255083,192.38
0.022479880885258083,2.4871848080214094,70.21960806,810.7475686861152,60.60530958947932,203.543
,1.7294345981444599,69.75797113885278,794.4453283214403,57.33711296586172,192.713
0.030878435370026283,2.4133415381072374,81.61134746,795.8496858568998,59.97946087449123,190.121
0.021784183,2.554841644,66.80875843590907,836.5142053716604,36.05671556700204,212.576
0.027934628,2.339452637874851,74.02030890429424,827.4540878374012,49.508406423231925,191.183
0.019656775176648003,2.845707306046415,76.71781180173717,764.8184871737395,42.14690680670127,205.017
0.006972702,3.111008588987456,82.88845664879834,843.3187323960386,50.12015165700423,214.639
0.014518139472234523,2.304873879389426,74.40293386953518,816.7169586898766,33.26849044497651,230
0.025893037,2.5746613145847372,75.40954327448706,802.0115644935496,63.690290786595874,188.619
0.033083163,2.2183901528380505,73.97963099873027,787.0985032267952,43.76598017282298,206.082
0.01877687,3.1487959847124927,60.946178402159646,809.1540220019701,44.60634631916385,219.875
0.023642609294755017,2.4499323640177906,74.67916653,804.0535603088739,43.164774152453184,209.057
0.029853897,3.1512550271946345,64.55284125188774,800.8901013229934,50.863625263785735,198.849
0.029625815,1.8821652371627031,56.600554115454635,808.9076717166627,54.64959017241049,191.165
0.027018289684019627,2.3114816395145685,71.69831712136082,786.5010706601303,35.819734470012705,216.455
0.020996087545161867,1.8506886509032525,91.77838644013345,832.2010742,48.54154698441569,199.708
0.018385419321626465,1.861463982364189,71.43972970866271,788.2536504658648,46.538460149205406,210.687
0.027170196,2.3068560825374185,,830.5923593639733,48.64886355728126,195.755
0.021262553868812806,3.5031422603890885,72.92392055043486,804.1324189946653,50.080517389185175,201.988
0.029291017,2.592875867089042,75.89817654213604,801.4110228180007,54.78891183196386,193.752
0.038546973,2.1220452979553692,74.64579767062602,753.5976249295855,48.838193127688065,182.435
0.024252726156343166,2.277084370662887,75.22764333698773,785.1761249326685,49.35934676,196.731
0.017669995,3.0260459237635824,66.56012507029583,760.5809962224336,42.556311687054055,208.201
0.02240349,2.3613063479648786,76.06980412235136,799.1013364272488,52.056912437964925,199.692
0.017248989,2.899474959662799,65.12715007579284,769.7369661208054,41.079111990060724,201.212
0.025932254565062107,2.4268673049187313,66.34404398631504,794.6962372371357,39.18994331590733,203.93
0.016796458112896057,1.9794110273486316,67.04132455,782.0885527210943,65.55979325544169,192.161
0.018802688168224637,3.1862391051545513,58.554164802657056,800.5493026821339,55.27779143605548,196.833
0.019696604,2.479238664536866,81.21055159516075,812.2499849045764,49.98942187019176,200.785
,3.3151798550203857,66.87737163816503,763.0691453059195,45.15211632780867,205.749
0.025821139628146535,3.0709765188944975,67.27267085072927,781.9481075502841,49.93656609586787,198.34
0.014243183159677894,2.6109710061435845,,821.9118319467187,39.89958667621366,216.353
0.032461204,2.9984474825293286,77.24718454007542,802.7839202187564,50.02548083226118,198.662
0.010923605,2.40315465,69.28887348597665,824.1348567765621,65.51502229873992,198.968
0.022439723657504088,2.804208072860157,74.57068358864049,769.4225247,44.043729715547215,205.656
0.015358947950099972,1.9024037398420393,73.93692233761332,844.9790521908474,50.621765792526425,207.547
0.016019394267776335,2.296149222975926,80.22638281561157,766.6443979882614,43.79207431614919,207.158
,1.6358195837018465,65.22938082272003,809.2719196577165,43.362695473756744,209.266
0.022643249,2.5266496438180113,72.33194051090597,802.9361846934166,40.49402971813874,207.143
0.028777228511277942,2.9500093004252275,69.27383131068885,826.7182293,48.90511245020772,190.398
0.021471443609723705,1.5459616629452568,63.915512528790366,799.4363568774188,42.535452973599796,214.512
0.041131701,2.3934352852926395,71.59028714161192,811.3028349959524,64.65926240549257,162.915
0.021779873132924253,2.2225306211707725,67.61532364,802.8024388144484,49.78032035583882,198.011
0.021192167357055047,2.5341597063759203,78.73576386340957,792.1311332912236,44.11236039029893,218.217
0.023908336,2.2182347189147094,63.163335270908014,800.1318821,51.75916610754857,203.953
0.012709884291866114,2.271513199956378,80.67864213792072,805.0562637868533,56.912541639279596,208.365
0.027377857254312535,2.8403176350727475,76.42630092392044,812.7722358740564,48.385064506457105,203.546
0.014713316827499977,1.8425180769476468,64.89484999880844,791.6143183192431,44.220276776160745,216.003
0.024628476,2.423283101179791,63.985732346889364,768.0529259416255,46.54932734725018,191.557
0.023021047944267254,,72.82755877394469,790.0642786831646,54.96492024657485,202.723
0.025079859,1.9435186264065716,76.16814566857286,765.949415,53.295057826848236,184.634
0.032210120264876275,3.2796493974048304,68.36147707308076,771.1750238835397,42.34042865982183,190.269
0.015837728,1.2358722701801699,74.67096494263343,790.1099356264946,54.588379747078065,210.124
0.028384596,2.2081439296545704,,799.1276750149801,50.39849574818116,193.804
0.026158907782307332,3.186098789565812,65.64081514836391,807.7354448546421,50.70520829147998,198.984
0.030750131416870448,2.7720149070768274,94.44884096204939,816.1999530794661,30.946831457317682,201.913
0.027502939,,81.07682981315206,817.0764281994716,37.63497637070102,205.166
0.013215342749282634,2.0292933188569147,86.47751305598696,819.0019278085001,46.94323770020636,211.628
0.025729631,3.865388581730561,53.79799989526775,802.9473282191874,44.762639905914824,206.933
0.035089192,2.4671647680914783,64.87438659,807.329111,42.29556865,206.143
0.031707472094735914,2.651651520418329,75.74125200855907,794.1139808963562,48.898794999134225,192.982
0.020287633687811814,2.644234292477741,72.83116233224474,803.6721061,54.84068310026036,208.472
0.018844166097030608,2.6267314171918485,69.96951646,,48.28170690566881,214.825
0.029615249206680797,3.5932314928603555,86.11531591753709,770.1613724023665,44.43148533343807,193.245
0.030722595999656648,2.068570683245989,73.72541921925793,792.8389914705043,41.07484328209718,203.924
0.032053423,2.7754987070883725,66.46643620279984,792.9673064650582,43.63151916944173,195.715
0.019751217711706168,1.3927328365933007,85.00079444880913,845.7937766059206,42.61777354464604,195.887
0.025747983388166994,2.5033297986616128,,807.3942531798917,48.23692775611177,197.254
0.025423162581348746,2.0936786880704887,87.91355597150319,740,61.776603734618796,168.699
0.007172741,2.1621204399562766,,851.2747882919203,38.78629389038188,211.768
0.030932294,3.149094149,66.59683728390344,,55.225117651041785,188.787
,2.2918213709298025,64.55385914854736,775.0414659485946,40.36603909595182,223.976
0.016884752725331263,2.196624984,82.67864525167806,829.5964337154228,60.36059969253988,202.354
0.026187264,3.525394177,75.79430009653296,,36.73894360826093,201.483
0.032643901,2.954716206513979,56.834660784881855,,51.72595509659807,197.77
0.024532434858687877,2.5372867566632147,81.68758626,776.3535927460703,56.708659463094996,197.561
0.028119354,,82.99872665274226,761.8763194948111,52.78448694396605,186.057
0.008394628,2.903853094984969,77.27442822630697,803.1948484319604,42.645245213680525,226.011
0.036241882,3.2806525186782722,73.27366600137059,822.4108799349103,55.20258294310294,179.986
0.014933306,1.9958130375776741,64.64122482,836.5750054982651,60.19161697128182,202.697
0.020893584608176696,2.7494383098686463,74.24190476,760.2428857868057,48.93455557039629,199.207
0.012087606898451116,3.0043120733519535,75.52905512,808.8967829981594,29.194516488680442,230
0.018173416446531095,1.7224359831506186,63.63866953937821,805.9805277405877,45.23183463322766,211.825
0.00974368,2.067985610283894,78.20032384,814.6728226330139,52.694657894140555,211.998
0.015582367635882827,3.3138760625996087,69.08184802052811,819.2821318907395,40.38535016076446,209.708
0.013453707,2.729631073561212,82.75003696578544,823.2054719252338,47.52174338820374,203.028
0.023097477018810188,2.4281686901356903,69.21871026908613,798.0311977754125,46.450488206018285,205.314
0.028848070108138828,1.6809268464700247,79.18985803331255,768.3985381571532,43.57169478707342,199.067
0.022332202788259516,1.7484530734196055,76.88452113502458,790.7483918761558,56.571686369547415,197.64
0.023526409007128747,2.9725719215282984,68.79740273044155,808.8702023235004,46.61347886228929,206.571
0.028274393394970593,2.311391422964725,70.54754976436193,815.4321584190441,62.72351674,186.955
0.025322552918346886,1.599689627,70.33583262903797,797.4456302,54.43337841323091,199.677
0.027169314808357516,2.1417138438155723,82.51160233,806.6186208727793,56.47080651096846,191.806
0.027722347735478055,2.6929157395264514,62.182365234426115,816.0819520536697,39.69743449448849,199.68
0.031642992,2.683448769797764,61.881260377037286,812.5621302283083,59.91616084560823,189.531
0.016701538996154015,2.6841769141717697,69.75832951861672,782.2788053309652,30.46899043886316,224.576
0.019423083,2.750172466301324,59.53123376483492,798.7549964,40.63245946445822,212.721
0.038224008,1.8411142495766017,72.57284935405713,810.7108435725497,40.34560908621982,194.013
0.033561078433327576,1.8994827240477092,63.375195680736425,829.6313323391036,56.207192225465306,178.6
0.022494967,2.6297130108405957,67.78365653997614,794.8943009718647,49.20094314461536,206.391
0.024026934,2.848635288,59.040985664347716,854.6418130970591,54.82810269859653,187.049
0.022685361002747657,3.817023648145418,71.00868523123373,803.2675725400684,55.36522652843135,196.105
0.041922248445767904,2.9521657537166632,59.96245618595444,857.7661118075114,42.085262710679245,152.037
0.015472110700535903,3.269154880234299,87.47926860486554,800.7022283069393,70.78167036135025,201.138
0.023857968,2.2200938938871406,68.20341902447653,801.4261158692781,40.83352794777019,213.606
0.027135313,2.9378458232809876,77.43351713419668,758.2854049882551,56.551614176313436,185.258
0.027194621,1.9855401313689538,74.51005925613403,776.5662435150034,,195.961
0.033177249325650096,2.409383510713158,85.84632370473439,764.399828,53.499105889662076,178.699
0.032560137921201646,2.709698733580745,69.15915168532105,770.5835973,52.87286571402107,196.781
0.022253445729737996,1.2997744799108333,72.03499622217986,785.3096744841783,48.60035276214814,208.541
0.024974465313740864,1.971634511097839,78.36636207,,51.66922336776448,200.088
0.029775492681281275,2.3441651466240874,75.34742292,809.6947109226214,47.197113965447585,199.501
0.027125055449284407,3.309544231682608,71.99534647565295,808.4852246455813,67.32588319,191.393
0.018967712450064626,2.1777453635254003,71.56968476303503,793.8163807970201,58.57730517592632,205.482
0.035880822,3.193901007760371,67.22539167396191,803.9995226619585,52.44606769260015,191.652
0.028441510183941802,2.3526231299925953,81.88780972607795,823.9016424770566,56.681177545530204,181.807
0.017297042425857077,2.405504455587308,76.82759441570705,792.7582315796521,45.47253854784584,212.463
0.017770557536950733,1.9064610632310914,74.77665911,794.7625349735907,49.59366874039291,212.539
0.02498699,3.0699215881242514,,805.0691747913651,46.218010928774774,204.296
0.02381509,2.432130086869366,77.47904784873909,810.7403786462824,53.91420533922819,194.738
0.014592873223546214,2.0466507856337035,69.91027900980967,827.6109949156853,61.54952408898931,195.386
0.025549402596584097,2.4339412271241128,77.71213760536405,788.4314796087019,50.85236124722447,201.544
0.033640725,3.1963297099189836,78.74676334380916,769.7233649075483,54.310547227981395,188.172
0.033246332,2.6581761917537543,76.02695330685243,787.8248514,38.78477886316046,199.063
0.034568598962110314,2.8273510143102003,73.17191252,788.2758962498382,52.11929655338841,193.536
0.037301708,1.741219539840953,60.75492495520937,800.1276143001948,63.31921898868248,175.582
0.011427561975869771,2.1989231618607583,64.84352469029992,764.1751894013152,45.97137400304456,201.068
0.015385759835476492,2.209575820866574,,769.9803069538611,38.445098682620866,216.928
0.026285898769112533,2.405102708398401,55.597611521625716,810.5760485672447,40.372689877950506,203.766
0.028409465714011893,2.2299377099015354,63.323301479936866,860,49.19846017,179.656
0.016580323748571935,2.514893141149559,75.53886414390573,778.2346748031874,62.133466634213974,192.314
0.020311112600478954,2.397563843252086,86.50534773697638,791.5253226579459,44.46381162395838,207.449
0.017029311,2.063922278812675,77.57339460093455,813.1696376755832,47.875601239178785,215.355
0.023872334720822303,1.717573072,89.01171699,797.1261148068512,61.795792370747066,189.267
0.026952632,2.1490684560330533,77.06724604388711,759.2670423738779,38.60839970933263,202.511
0.03043914,2.546715731584198,,824.0041271638532,52.527492588250524,185.361
0.026531892500744513,3.0961054334999836,83.28553600893252,803.4106178217576,61.76317281607805,191.384
0.030010313721431384,2.695461924930421,68.67766136324964,825.3350395005492,48.76831556,192.198
0.024288565,2.3024042649882737,70.23533626963373,795.2603651,53.634621077377616,207.239
0.022260412437594662,2.549244437600442,73.91686895339122,811.3052165,49.65889717973258,205.094
0.018721404,,66.49678660278347,806.7677388674826,45.354888000909064,205.369
0.0368383,1.6833574605520618,60.445980776664946,839.4973051535962,43.62346413353583,172.974
0.027096128597055652,2.561879919374067,62.15505224766093,792.4108766,46.19752839362433,208.979
0.033281805,3.1159727096778282,80.83789852350776,838.0799635,55.488176547536376,169.509
,3.026612221024111,68.04505926009185,840.0929352307378,57.430978214766796,183.182
0.024307421292738288,2.701031273440229,74.52643028847585,792.4554555541216,52.98196612420908,205.407
0.019714447724594495,2.3011578378153152,63.98258261744038,793.7403189217446,57.86194735080083,207.075
0.020656117,2.2423582682749617,87.33932896506784,768.5798307674115,48.52518702,200.566
,3.315678035299222,73.49285681550926,794.5756950550419,43.32049368463117,209.909
0.020615168,2.6589789001436293,74.25770212889695,839.6462510366707,44.938604205261356,196.906
0.026040402,2.252746460694207,55.21871717245064,798.5685421101892,44.078816561696826,204.799
0.024897746250854152,1.8405262333683599,73.58788973576037,827.0792895523264,48.22398593023961,205.744
0.032702997,2.951329114,65.59254784908788,784.7792551126138,62.22224766,188.464
0.025759028647403433,2.7149534616852846,78.75302124020203,818.4966637,47.907405410561196,207.007
0.026899524966583325,2.5498686249176923,63.04064116397364,797.5346116385712,33.61033240672393,212.179
0.045344401119055425,3.2727260143969183,79.90422529935759,778.0248296136273,40.25122629067721,186.282
0.025002280837841118,2.6608786345369118,58.41751115205457,777.6611872215077,54.598023405295585,185.866
0.026498437,2.623954861,54.089439219971766,793.4159506741412,54.647290085738916,189.329
0.033903304,1.9079666193594758,65.19001576,840.9385110947127,48.932155421574954,169.887
0.010694874,2.3371854158561893,77.05639449,801.2865261,41.69888804290621,226.371
0.022941025,2.016819953,59.898139959928905,860,52.41025216136166,184.808
0.024452706274486133,2.366147567534912,55.09818074349239,845.7115219,52.05831090560369,182.335
0.030985990631282607,1.8376246749527687,65.67634596498199,787.9716937336765,56.14920114,187.656
0.02438409,2.5169067096864643,64.68958916641925,790.6019053281208,53.93083272007641,204.114
0.030679505863021424,2.5824053078243288,93.47208487722766,767.0661356703954,46.15759990620409,189.151
0.024214562,1.8689454581358262,64.73818717971129,809.8731136,35.28501772464244,216.117
0.016396692,2.886046105324435,72.90559667,802.767433,48.32535283182095,214.164
0.023011265081704046,2.093986875,60.80704660923071,783.8787847,45.018981460900385,208.05
0.017774926265205514,2.3799953497494273,79.95361042,807.4915383865218,49.52724648173937,207.905
0.025674839453756974,2.1931798074318727,86.15015552623099,758.7311943715433,55.17924695483992,192.427
0.030979659,2.8800957856624834,65.15944951104127,813.4553228763816,39.64964399157546,196.385
0.023233162066904917,1.6970171555313556,76.52041294,812.6326509179827,62.56736119737721,195.868
0.032297483582442964,2.3928947487464183,67.07193561717703,785.3677019164802,54.60570215571492,189.377
0.025615334,2.693757736416145,63.06744568429175,812.5561855843107,60.682033107042955,201.887
0.028885121993835142,2.482597068581495,68.57423611496132,812.5391827628381,37.76012531,210.128
0.031530326752582064,2.990100559245461,66.92021427856102,791.0940492387754,40.918145822618854,205.164
0.022804743341062604,2.6426776819078603,62.76332385,834.0801450195382,52.244298038794525,200.214
0.023469151723063856,2.6100998293689597,64.67673567142712,804.9770720977034,55.25038689171225,206.173
0.024220206607415244,1.4299533492967047,68.81825768080834,811.1335265293048,55.408685520934554,203.924
0.024194569020866426,1.931829676965509,79.57961822013127,817.5823221273504,65.94244010079268,189.129
0.025012360863713282,2.7452039291905237,71.16248301,802.4117965389474,50.50602522,209.656
0.025218903,2.5221745204101724,74.86105706834617,777.8291341690227,47.95987855907549,210.135
0.022055924342046056,1.5776771851791025,72.32380711978101,785.0274448151063,60.44273242616117,198.035
0.014792184361854421,2.439002763971241,72.21613666,740,45.27411358843554,199.046
0.017677933846016403,2.162901390537538,93.35828216233274,756.0877958,37.23051626,199.436
0.019741349,2.9304191474333128,84.23720368610056,793.7032650643738,41.06283573176743,213.119
0.019942094264585236,2.6008985818815176,69.23419763317938,789.9911382349142,35.11326845267051,213.176
0.040795989,,68.19465436089173,815.4663763313125,51.99392255926387,180.637
0.030140289,1.8718923848713787,71.29593029670058,821.5523996662998,46.980315632783835,199.977
0.044409656,2.6970347346632546,63.53610911058354,810.9803070077879,56.31299856682071,168.441
0.027700331,3.5436869424857234,89.26149623209525,788.5490588281845,58.346372435201076,197.344
0.015399031,1.6429681036257517,71.53931069964548,803.3297019730312,48.43499808739493,207.492
0.026984737025146532,2.619594745354095,82.91363119493136,836.1968705569745,43.40035299554504,198.368
0.007525947,1.7292511975909897,71.54299544738915,813.1456130282675,42.87885266809794,230
0.012617208617053852,2.947620099868765,83.74522492392961,740,52.70968197823349,189.872
0.024098385302827586,1.4319815511512244,60.283752047148724,821.9417785946127,57.14682083307934,198.028
0.034275331,2.5229728851345263,80.91551972186735,789.0632577526655,51.521727988962915,192.086
0.020189763502133737,2.0944457473110356,80.72606929359415,785.2977316032052,63.41089891,192.779
0.029617379838514597,2.678659020569963,66.31570264,769.7274663101357,45.21464838425647,199.518
0.029332674485494724,2.083422627192703,53.72948291365744,828.1875757730668,,184.826
0.026173458,2.7796507841172033,81.55236626203207,795.7973592054602,66.35647540598741,186.428
0.028484932,2.656543638887139,70.58499523,777.5589368,51.11299454734193,195.109
0.009148691,2.671889377792335,80.44328069,,43.85744637557233,213.556
0.010582747087274642,3.059710063735115,79.43642125563642,744.3004620948375,46.48466569045095,209.837
0.027381155283823802,2.375204827,63.01868186971098,810.4133166945604,54.89592457521919,191.084
0.024662714658515713,2.5384173299378774,58.55700276918927,860,32.72710052238075,195.488
0.033585621612538814,3.022966619999746,78.41079698379983,827.2431153218714,50.43999494181843,194.965
,2.2514588368828443,62.22202092391163,797.0124224325905,48.509650142129736,209.051
0.03306654,3.1546455610278286,75.42589701099007,791.4970502579248,54.66011457830486,192.574
0.032083355,2.3262053462025643,82.2252617,779.5565639496652,49.10634561779841,190.54
0.032250521,2.605301173645014,72.54171438891447,793.5934570534594,49.05406925360207,201.138
0.032620713,2.574530874786418,75.71986819515936,790.1082541915873,43.66007349739635,199.855
0.013283129189457961,2.0092722257794096,70.59356462220794,797.7850088,52.92715131383988,206.537
0.031339159,2.8584629160673467,82.15174873071953,786.7762041119781,43.980342604063694,200.05
0.029532647343591126,2.8516593870762725,70.26971134531247,801.5010247,37.76122983391099,204.312
0.008841625,2.5385724019713094,81.11311095,825.3282723778658,44.16064374331044,213.63
0.020183774194378296,1.643848132170036,63.78936835280314,789.1151798867005,60.14098223561497,203.051
0.021153371349834357,3.089998852,52.77801663272895,825.5785253545039,59.667731735073154,192.786
0.028757532879642632,2.4086368923128028,92.58038380697285,814.0377490581737,55.996236372258856,181.987
0.027640672255564495,2.1314575303937744,67.21983484830108,845.3692953026193,45.66115576052852,192.592
0.016940479374414553,2.6437349908707275,71.11628591577742,794.1791169425918,45.644528691375655,219.89
0.025648844684519247,2.2415946079639153,65.84451694868444,817.1423153929421,47.841914083984214,199.73
0.032996449320855284,2.486630735928854,68.51852580660595,829.8357126,56.479727220251604,181.951
0.025646793886961894,2.737447234977861,,782.7614613213093,52.15888414888773,191.067
0.018035704422611487,2.8758237999789142,53.30034877,,51.29453724185127,206.588
0.028716299080233515,3.2211461654665086,71.32120351519606,,37.16679618150887,209.648
0.026712983,1.2326851077286605,72.90037039403717,766.4208409996298,51.54555340511376,193.714
0.026377514,2.5318581599840178,75.18099064978303,782.4438836138993,43.52097413370459,201.022
0.013158805547342872,2.486193209007225,82.64270694,756.5895001839874,50.545035717886726,206.021
0.023500769,2.330923102200432,76.61811231101834,779.3279447520767,57.79228237579518,199.056
0.024878413,2.548365011442823,60.89820269645215,821.9531409367537,48.127976034168306,198.843
0.015152153017844849,1.6357392905391142,73.03847564915796,794.0898622056682,46.761576209562506,224.386
,2.4635930004357625,80.84736157072311,782.6195568089316,37.39948445564544,221.772
0.0062676,2.308537531989249,72.56038814179837,799.6257164442982,54.84379343096634,217.641
0.025965227317415997,2.2695103249380004,79.53271418235657,784.1055234508681,46.03842679660008,208.281
0.036819502,3.287045286746057,66.07173991982931,810.9261422951826,46.99068484547094,189.249
0.027840747,2.970884042367298,52.66886495,827.1089431801689,40.07001134046507,194.541
0.035482838,1.616308646283083,57.41934213806369,796.2959382,54.517381714214636,187.373
0.022498047,2.434301824791381,72.71742473482192,794.0803600413793,47.82955502811679,211.71
0.008715093,2.196175293200724,70.40387263212314,775.9091480862136,,209.906
0.03121462,1.9524234333678885,83.92218640212621,815.0576347516507,38.30279876,198.89
0.02463991,3.310710974319227,71.55289762620386,824.4355383337357,51.373179346661914,190.588
0.025848079789781833,2.8140286891868094,80.35384103322966,789.3547677080758,54.840703128947226,193.093
0.020152147,2.7911327737038913,60.81061319529349,796.3610833033915,45.87860213785012,211.038
,2.4720190850212482,77.03956617877023,795.4096311965563,56.68483214506843,206.253
0.023095401203007005,2.2874154592394538,84.99038334999065,832.3331223155667,54.194026261712374,194.092
0.023468391602088495,2.4424846589079974,77.42967792813695,761.4445048617334,65.84009563365177,187.185
0.011208898353027135,2.5944202849234146,68.88736929150363,806.2474431864847,45.23366957726001,216.647
0.020194772640289238,2.447354305165917,59.44916117,860,51.06305516783026,185.701
0.028841711729441867,3.5145761505018576,68.34077058787155,814.1067496747118,36.92352980252378,212.696
0.021140624314690756,3.2030708058197352,56.549267235335876,841.7634929834744,39.806803177127264,207.511
0.022781137365334117,2.4748787732245194,66.30289028776053,790.0718855364954,44.23165362768901,210.807
0.005548817,1.6693889806101208,80.96699925374801,791.0549128376941,51.415336209773194,219.392
0.026105675551681952,2.6493629015038467,80.27996512070885,793.4908940381467,55.16022928613779,192.157
0.023196358997795968,2.2255524132393334,64.35208904,829.7658499,47.655119205852905,197.636
0.010491229648944325,2.0216168877649405,75.04994598,815.6604231654586,44.652779107400306,221.701
0.032330261211941574,2.0580577406100518,65.73576592934953,768.8309279319882,65.1045647,185.964
0.022362894828702923,3.1650090107469073,76.72712942754477,824.2065908852916,47.39959430970333,206.047
0.022189038043960635,2.7927669449923247,74.32416215993081,752.4134805,55.67508370725575,190.495
0.024323477939852484,2.7612964932440804,83.72333582,786.0663371965054,61.13504077826493,197.038
0.022387826204475082,2.9365315196079944,74.26111441926307,783.8131835311711,51.96445598644253,208.354
0.011120942311872255,2.591493243647067,68.52371398446813,758.4059037,55.650900612362776,201.49
0.023669373,2.6478894027211703,68.21960920383422,819.1577282570016,56.04079406441224,205.252
0.026010002,1.9622307920967663,69.84300199546763,849.5689198302598,40.274631418715394,191.832
0.021056285384965838,,74.26627537278054,779.4514985,44.49347641429714,204.888
0.014796798331357584,2.2440787514763456,79.39178172399612,832.5138610198904,58.417363350535794,203.684
0.018539033390475287,2.0462653889200704,67.70547591973651,762.3551127353544,48.04703605940842,203.813
0.012329960376525506,2.681948882038796,64.83763564204169,846.8439389514576,40.550679490458506,207.741
0.032431760477491633,2.523707053655805,80.91255583294708,774.0191761965709,49.49404733811412,187.551
0.015394127052081505,2.115470569592225,92.40379107744809,815.7016194485717,48.395457027124415,212.427
0.01646132,2.2547676478755267,,801.3491734102313,55.492705519222355,217.307
0.022880883576448473,3.5891094851368015,73.41020767375281,819.7916167217261,47.34436149162269,208.392
0.031273073,1.6929953135245628,65.8467589,836.3069191833661,58.756253447500605,176.483
0.021822294,,59.75617039529944,851.8640983150831,44.13991277,196.747
0.026658305255164955,2.6099848994131323,66.54536670306175,793.3860518412563,61.446644032304306,188.744
0.023105347,2.0110034980136473,77.51350422426658,781.1980795297499,57.062444055583484,195.008
0.032303898,2.107305460101309,67.21022172274785,824.1819223401225,50.99691900980745,187.204
0.030659201256651294,2.7483171898841654,64.20341805807594,803.6183668080389,47.17908651764924,201.135
0.035520791976070464,3.0785824439296876,62.28215203333331,799.9024903353119,,193.963
0.019282865979754583,2.6465214364691336,70.45752830964356,793.0367825885452,44.52911326727435,214.746
0.018655778,3.385336970415818,59.579605197781206,804.1000592771342,45.412438496146265,213.527
0.033008943,1.6565070989429493,83.02518811166235,767.2214130777729,50.29306169,185.754
0.020470717175214065,1.9008066195235906,75.25108776476043,746.1804498,35.12905277562087,201.989
0.009259592,1.9876268886601212,74.04230470819196,815.5673710419659,46.21614546327751,223.065
0.020746623177811226,2.0709597688617825,81.18328615494308,788.2090216587225,53.183927956433514,203.007
0.024614683,2.1908468821330374,,849.4085761719077,45.19828835943662,193.191
0.025510385016222648,,69.83851236138068,812.3318650493171,59.72399892063779,190.727
0.036682641,3.4495655552067115,86.80820369633263,778.7049743335531,45.949609468733875,188.704
0.032270118,2.116848892603318,74.4262904,830.3554267411068,48.571497175860564,189.676
0.019498126,2.6644290138416253,78.65135865948571,765.1111914242688,48.431404939814996,198.319
0.020650773898295276,2.680651551372064,58.750735163394566,844.0103901977587,44.30233026886181,197.825
0.025195368691757463,3.4125356661914807,68.28046157195827,785.8707793366987,38.437081401905225,218.935
0.012339629306818142,2.736388787227453,72.36652903784558,793.455465,29.969594469946216,230
0.028658695325757266,2.3952630672270234,63.07206049260866,805.8261638030408,63.10527989791693,191.706
0.029882461894855016,2.1739337868623965,79.46582740611045,798.0494810537926,54.09157039033431,199.267
0.035512076134398926,2.5399221220149757,80.02751643524606,788.0297934504848,60.132597373768334,189.199
0.021166472449812356,2.0825073185584486,52.43086496197617,800.2992940694053,43.54100744586054,205.452
0.025771889094980835,1.947592832965743,79.96595323883498,818.8248503128838,46.28554643,200.215
0.018982506,2.397909461663609,75.89718791906884,788.8992790348221,43.892381715812675,219.163
0.024000868908501526,2.140908888303701,75.01856594761556,776.4486403393672,63.98861199511854,192.291
0.027817448481098742,2.5336480520653324,70.63766236235674,778.0503345062607,42.42918666226536,197.151
0.031376516887744864,2.0446666472221033,67.01219586516984,,38.161114505775046,202.138
0.019735192226316464,1.720006667027252,67.97218849970254,806.1462982328615,57.429198724550574,202.634
0.032776761863634866,2.9576243813586602,66.56103500844362,824.5049841951653,46.87356379,191.233
0.023869024203713743,2.2471096581472656,80.13478977012205,798.5416682,37.25734051218059,206.015
0.019561768,2.178104589634624,75.64272553981876,776.9358767441472,52.54823011352701,196.882
0.016831741864688058,2.250235540697793,79.31437776881961,802.3678770286111,48.744081734974124,205.417
0.036012658,2.3207144120211707,64.83004196287283,759.1727489450628,57.874162403840906,177.531
0.028768792,3.2363950745351513,52.90129840323577,810.1869938831209,53.498789985514755,191.959
0.032573093,2.6638799397669555,61.76118105126976,794.2020926534102,43.87738932450927,207.573
0.019817603906216785,2.638900776256222,65.48714563,,56.22427868098173,196.667
0.036531612,3.236410011333456,,817.8951504443216,46.04308959604882,190.719
0.028799355712139055,1.425591153,58.21969987334159,804.7883524853061,55.02196517430908,196.185
0.021092140826076085,2.043726774903347,71.29988401560992,855.0492831141605,58.67279173777146,191.587
0.026803346196257877,2.957480056673527,74.95858797516009,796.6829395703703,53.76208584215328,201.327
0.026151096,3.091388768597632,,823.6538829824146,43.83428677419513,197.096
0.024043524315459777,2.0666260039959767,62.28423968374716,792.2751838958125,50.39368932890474,198.692
0.024638904,2.8735445286848824,54.65894954693927,827.4581226811371,53.184359858145925,206.598
0.034284578539208466,3.5133605579552745,80.31680524,782.1425761305109,55.21718107348319,185.107
0.019555409425766456,2.2094491861959558,81.51971817082698,784.7259702837846,55.30518919186231,197.655
0.022217004,3.7447795107836974,68.56331518819017,770.2529434405084,52.379359860404406,204.203
0.042440758,2.342815814178397,76.92683974681688,806.4494062676156,49.62607976056539,183.427
0.032140698,2.4559603663869303,71.39208227534667,776.5763568920885,39.67713726718632,208.089
0.029736172,3.143531379074183,69.47241054539016,800.8960572745641,41.74981426289328,198.574
0.034277349,3.1208316103437324,86.73455135080286,827.7960634646608,52.30290739133195,178.854
0.017519985384815435,1.935721899110779,73.00173165864558,746.5286680796132,61.83624926,189.612
0.016564464432173673,2.3155814109296626,71.03803129306368,765.2596460950575,56.59845083457595,195.433
0.024998020614662716,2.0674977734775752,59.52070605268348,834.8609413817837,62.01842719853465,176.388
0.042017861,2.5486350065791012,71.56114506138316,804.0838626508099,48.74703036944405,171.59
0.023782296359841623,2.4958889837494205,65.50070499498854,841.6320005472985,43.91935104409446,194.85
0.017698951217149456,2.355813824184923,83.54605567,792.4607966637187,48.97011851004864,207.286
0.019768543,2.347993851649793,80.42457163327398,772.9785554311358,53.62793909297209,204.548
0.021816985,2.6596362544411765,80.98107552892935,782.0070088,,207.566
0.010883985794944621,3.0642551411669006,82.76002554197429,819.1626410799479,30.45132232816299,229.756
0.023571225682221968,2.344466753607661,68.76808919,756.1214281,46.262735585100295,197.414
0.030771094,2.333714181548233,63.987894968958685,806.2174510216429,42.20508848461798,213.529
0.028131574405643355,3.188419801400958,64.91441494959376,816.5921577743055,49.714919385541116,200.736
0.009451036,2.084010158924665,71.69935099458161,815.6274931,55.28389721,215.475
0.02715647,2.2428425431213737,67.40915112583109,813.7579043517384,37.775558246057905,210.156
0.014142840699955693,1.9471951993740189,75.07645089166913,766.8825995260087,58.152007758421504,195.982
0.01890036,2.3088043948367916,68.56076437352391,793.2044942626974,33.96189516983204,212.976
0.016968231371408155,2.1819891996039376,81.41057221145522,784.9023733883048,62.541515206795694,196.505
0.029357863455089717,2.102440303,64.98590092773745,799.3969254088554,56.91337429055127,191.421
0.034320220015976496,2.8370490993726745,65.65240643648987,859.3893186040915,31.996447310578738,168.388
0.021763710972426187,2.0673826496925662,65.40207675272967,768.8868122,44.82605072011372,197.745
0.013619788,2.113644864252315,71.85389767165039,787.7080709797285,60.12856689984658,195.189
0.024911553,3.1784715531717795,,807.0795666147567,44.03732305,207.163
0.020190043516439087,3.1064422308692032,73.53758818165454,809.2907067955832,60.72337150534771,196.567
0.023768799,1.7256505781366633,68.34530447947027,796.3300529686691,65.49111921271609,192.523
0.031311269,,76.27123980430676,807.0806617760337,,200.457
0.020833996462007325,1.801757027,75.30277668164354,,49.30192085500135,196.687
0.028358398,2.2945581764650234,52.114458718017424,799.8821254711168,47.88286522,197.972
0.027680922,1.9250845525284308,71.13818099492434,807.1793393877576,62.663565816781635,194.535
,1.8628289832143485,81.82351977,795.1561372529243,51.682600400528344,205.393
0.030231952662857837,1.1395905884626418,83.00445321936935,814.4203346233943,41.92922863263367,187.585
0.019944146292570596,1.7589564333046943,74.68040677243411,810.8562039513054,49.818509070116576,204.327
0.032554315,2.7827666368127923,81.64111578441731,793.3080955011432,49.31666694623395,190.947
0.032454986,2.444261511424256,79.25686014844233,790.2417655321572,45.55830912975993,194.519
0.035416688,2.5345839000722106,91.93417395333005,754.2423938258247,34.24350660723741,196.644
0.024090139310741932,2.1653681362413737,73.23601124526918,795.1619059073555,60.28938752742094,194.167
,1.8048042902169878,74.48721845317799,750.3613106165521,56.96012117312959,186.723
0.014530409712941785,1.5091284719975582,68.65358039,802.6038792523094,47.48272397837087,222.401
0.018093991087170302,2.474474006686227,80.40541104163032,799.5490770811476,,210.269
0.029551475880958068,2.3420085868784883,78.67983097580435,817.1097039746213,54.01413105526759,204.705
0.024245271045788067,1.222706300290164,93.92265658047468,782.4755649030917,64.91001440194268,193.877
0.024410176915762874,2.5471667789052206,,831.1101773,55.64511138646028,196.796
0.020979662587053603,3.3494373060570557,59.449270719729356,813.1216056,34.145135618569306,222.973
0.026637909927683244,1.6477352107107328,61.887831273819536,817.3489123621854,54.79572130555774,188.786
0.031090309029148486,2.9232813343744524,60.583409053282004,794.9923288013791,55.27220184217074,193.724
0.031304939,3.067974122781427,66.29796200116711,837.9144038946666,48.514467097750895,183.15
0.021314554137193492,1.6842550046671958,77.55654405145796,836.3788539747854,46.69466237948322,206.834
0.027996398545894724,2.3334968403841025,81.51585120735673,791.9339640461158,48.471999969960535,200.346
0.017249401,3.100367635558743,88.46208537058217,744.7982982831115,55.369993667238205,182.373
0.024667834056412312,3.2048939199260102,66.20834390722263,813.4362892127225,45.49363902215887,207.947
0.019115454011010117,,82.88755168,827.8802750388929,65.32494142,193.416
0.017067158032927285,2.2677033942601064,62.79975534609234,834.2664027834968,43.62554120576972,216.274
0.019004575792292446,3.0009233796792723,71.14066587,837.6290352230201,51.42557235239439,198.157
0.023658192295674913,3.0812086108345333,54.172489083584225,811.1981110256432,54.965562075520445,197.631
0.010729895,,72.55393715889926,783.1365371169798,45.09971841677188,218.937
0.027313481,2.529419695965426,63.71882315069639,793.0883416508389,51.54148614316917,196.635
0.016848355693848516,2.6937873894745734,78.45878626285007,784.6797024530777,51.52388234586825,201.233
0.03305617,2.6089499293420197,69.90928535315388,770.2911857981121,56.06090664038151,187.53
0.022461064569678883,3.192240687890552,73.30277579411131,791.3928689056513,71.61322926,193.202
0.016381900623599666,2.4539718470983205,80.32824433693499,826.8396387507576,51.52089611413806,214.856
0.021127801921451198,3.029849971797467,65.02762670078565,843.7671085666583,45.58789985013878,198.113
0.027828271852108143,1.7943612676418121,73.43035634,781.5444993566613,49.61040444,189.347
0.00873949,,80.42118850535205,794.2429356159282,55.98810557011601,215.497
0.030897850219141442,2.6272321357688364,87.2070302,772.9976534217016,42.12612475793515,198.267
0.033910935,2.441810454667488,76.63280083037378,806.4053218634795,55.30865597746895,188.414
0.033925491,3.839275752209587,55.52420081038187,860,51.298695318793726,156.536
0.023350117076040174,2.5977222147975456,68.24339782990258,817.5205726726883,58.88696710065117,192.249
0.020053963,2.053298280826256,,803.5026960618956,64.894775,195.614
0.023041871733543835,2.058974722736754,59.48823552708705,814.3529759376452,46.91530258583847,200.899
0.018453045591800672,1.4337046171451804,73.59654257,809.0257214115672,47.08074400952198,216.519
0.022876453,2.8414703366652354,64.08140354580478,837.3810567722403,55.26626014336239,196.068
0.024422836,2.333729361,77.63109201582193,790.0032837841502,56.51166383584856,203.355
0.019851555,3.7269357589253866,73.73957520478845,835.6365293899503,55.08890762019405,200.356
0.019307532,2.805243539172948,63.718458135110744,793.5412047969622,60.768866552644376,197.888
0.029590094,2.1726648014864303,58.98330448,813.6655954072909,48.49968370303399,195.49
0.014611785755057647,2.7458609880821148,88.78603667138242,767.6401295089031,59.29253346155755,193.423
0.027593747092936202,2.7152357213881846,,804.8397860383512,31.399343482493947,215.18
0.026095992015262214,2.1593123714019384,67.42819863128207,,40.71103774,208.969
0.011528705,3.7954179003936312,57.11200789719685,829.3910653450923,48.580747088277946,210.693
0.031501572250839945,2.867087362365817,71.31728347029816,791.3984065804817,54.52922098643552,193.001
0.006839849,1.837577230609167,55.81135678023925,816.0333559202966,45.179040788432246,218.458
0.027434781,1.2012997720079912,78.57194949077392,811.9612545,50.018387950846936,203.425
0.028447796059852412,2.266615606,69.73066088395464,779.2236751591126,45.68473121385156,190.626
0.019667904,2.8865710660302297,79.38466099404232,790.7048513,43.64661801482183,218.219
0.023508367,3.118273729519868,69.86087565021951,789.1831768637239,49.02317741521137,207.3
0.015749574278458855,2.6194181544936295,82.72365176935516,792.3654132033249,45.19900623605864,216.119
0.029723657262677956,2.4137203130159848,64.91954931485267,780.9371111371356,51.084652647378384,191.138
0.011450558133464791,2.532215429519751,67.71845187467672,828.8957822957016,59.79705126819929,196.299
0.027848821665370418,3.247793904799169,73.00365743147121,773.1400434747586,49.237219070201405,197.52
0.033783314,2.817048067240599,70.25121933790547,793.5268997248994,46.83832575164697,201.002
0.018005894794183755,1.7896192400230462,57.07451023994056,799.0971316835645,44.39245339036821,217.035
0.020396858,2.1231419633758075,68.19754106419703,814.0628543976708,54.09945284598301,199.904
0.017590673448777346,2.196469237366343,68.40497627234754,786.5587135650349,53.49009827090708,211.668
0.034377738,2.6218348347368736,55.372927632845496,777.7660349426721,,183.415
0.021154581,3.6170819303510666,67.60076868022081,815.3507839843726,42.737671519427714,207.55
0.018833438,2.7912242451035634,80.98584103542528,806.4938121076963,54.850464627407696,199.34
0.014147075219427046,1.1419600185485124,71.82982960432027,815.5158107169037,53.089968653529304,210.586
0.032623946,2.6811932124070603,86.57287279618058,755.8826557737027,49.71670061529863,189.506
0.024434478391256773,2.4648649367257724,65.18459185860526,770.3031260783387,56.00678130545541,197.529
0.027199802,2.925853046259075,57.41781485418422,832.4527837359253,55.08741304097111,183.903
0.029027233,1.9517378314023883,78.78854702461933,814.0753676622953,53.123384966937074,196.988
0.025000110125658687,1.3511853410082533,76.05378993618528,824.6817498,65.74841485378474,181.854
0.020100874186779225,1.4772152763882966,65.66211296295373,818.7542823787126,52.28971386,201.897
0.024770116941320395,2.3225645151091547,61.74598681668468,748.0728252,61.89843967851237,175.432
0.015203999665659948,2.9016610451209193,69.64058591268164,813.1815473693341,42.96335220835487,224.529
0.021309313,3.0323852779248535,69.41311248407348,853.9786903784317,70.22804644376455,175.512
0.022370354407888343,,56.38576201751704,825.2659174733133,57.740279302893065,184.041
0.035137098,2.9652094312910284,64.15948049,801.5162529140645,59.759904646138985,187.277
0.028293526,3.1737158216427805,59.83643704893874,808.4931374,45.742812453373915,197.141
0.011706043310692376,2.4149353995294556,74.39735790644364,843.8158645865637,36.738099452888065,215.72
0.020105801424496753,1.6779822191479479,70.25258386459977,754.0274996,65.69376993363129,184.047
0.0189182,2.859078999678984,69.65596698313871,780.3931966927173,54.95062532903949,202.12
0.030440119297333305,3.101671118694764,63.82389659380985,838.8949672253548,43.51875107973299,188.995
0.020666433054996852,2.3100977726012917,70.58525190974635,805.7241139685544,44.97743572082214,205.195
0.021290308,2.8341400523127414,92.93503009928537,802.2569140887945,45.57262456866672,206.585
0.029608748105430727,2.7285557393825197,71.23047053456258,825.4889242295199,54.84821339,191.365
0.023815472732755086,3.3837772834548776,64.97520807470703,787.4128070515773,46.86680785084024,204.992
0.037367899583029524,2.218068285,71.29216993568535,796.9270365907689,67.37176227259594,176.692
0.03604525,2.9068516247809444,60.79746491816189,787.4541431772279,48.61961706904795,194.728
0.012609573038701975,3.300515977247999,71.35190162591489,813.9311715799466,48.94429647985985,219.008
0.019722917,3.0759958927658855,66.23346099884625,839.5732319375174,59.218253828917874,195.519
0.011984544080362826,2.3793200401617254,76.87309105677276,776.6965964422567,44.73389949837214,212.996
0.036062919,2.814321095970265,71.56583831626443,762.4618390725075,42.55167205087135,181.829
0.015072179645749367,2.3801686192020224,61.36728604567901,815.5081711636163,61.398072296919544,198.679
0.022369789520126866,2.1287891180570133,71.79209851,817.1946778,58.232016384408254,197.459
0.023040519,2.792006812245994,79.85212761607013,791.8492542840411,52.64081483628543,203.269
0.019826597002618684,2.697842241519683,85.60234277816679,773.2219067538327,52.88986943160463,199.185
0.019612935433444174,2.3371126460413545,75.62572832107936,797.0337799,52.639617013794194,207.182
0.024581465,2.5595789428321636,77.81716972722641,801.4001151,47.84071332291563,205.677
0.022099574518737473,2.6481952478054445,,819.9533265643245,58.731721575324016,205.49
0.022546122922691675,2.325646020236293,77.21173083,784.3374364894914,56.04699646468363,198.924
0.022265472,2.740785765450555,66.75069046533535,856.6021585883955,57.34817844795315,181.619
0.018975968192853344,1.6401990686644556,63.99699885788695,807.9148927567536,45.77075506,215.232
0.015873785279465882,2.133173848904763,77.09927279777986,769.1407158904041,43.33310235300962,210.698
0.032160247768570724,2.856191765908042,64.45627896,809.1236601746915,50.936961220595535,188.804
0.029089983568634584,2.400285205487504,77.73002260762448,772.7974744680206,37.90594962265321,207.56
0.010468144343689607,2.867922224826805,79.44556166163835,786.9801392335156,49.29741903618757,219.082
0.011347928114107838,2.71542086,66.75569171241085,832.1473652238932,50.99463057880473,215.337
0.026495206030661026,2.7381680869845826,75.74624398,801.5033905997849,59.116687050006654,199.512
0.022160818530461746,2.641901478624299,67.40832723385027,773.6545559272446,43.20552916,205.966
0.027093556,2.9697900475739756,65.37984786,818.0245673541756,67.75761484587566,189.682
0.035993808981688205,2.2836073140950015,87.98324701320765,771.4670612868365,56.189750155098245,168.723
0.014449523377592314,1.7630427726749336,67.83566774291607,,49.35431576501621,209.794
0.010948900931367873,3.791108426634536,75.39360304788525,778.1295438469647,45.04148175214744,215.802
0.040816618,1.8868347816898754,77.49977715079305,,48.40334278,181.974
0.028462756710584868,2.1085744647301117,91.19564027,815.1584075126367,57.36702343129961,184.069
0.017816678854698953,2.6387340235107217,74.33618073312479,814.2580366616787,52.90631196206948,208.567
0.027243288273527427,2.8827408394736374,80.34572133320174,751.9388183711634,43.92044202,202.752
0.018969521421009758,3.0593705875405366,75.48597472689012,784.6352371067138,53.47633704494152,199.377
0.019336917448534236,2.396653593671205,81.00691202,789.9917327985524,60.720843593802776,197.853
0.028270855179819487,2.969988080670482,81.13381392930586,795.5804584908755,38.97775730321317,208.444
0.032500276751475723,2.410315216,65.06125139054733,766.8736864,,194.593
0.021131313560672646,2.2008272292613453,84.88679439769524,785.3302846200455,39.66419760096428,217.2
0.022620469,2.724545366575458,62.97175899134815,793.7883313597249,57.68433131009955,198.863
0.023589212,2.701993978632987,68.98135884422851,780.0842337438199,51.57492180290126,202.949
0.027493130026030904,2.518853799258357,74.93240721525967,823.1715047864196,44.212005586274714,194.403
0.020616514511568738,2.41610186,78.47746525645012,806.3288623049212,48.09927653850107,201.101
0.019764035005530943,2.9630579158122345,69.81886220598423,792.7772636,59.50260722289751,201.14
0.020363438401813923,2.037126984635758,69.88439323040338,800.4506419144118,48.53611929,203.662
0.0093444,3.472197075023712,71.85974562665595,770.0226659076993,70.03625807,188.247
0.032402095,2.203814236004207,64.09501956,779.2940602243837,47.3930654,195.63
0.020423303233244927,2.380844926,86.04533631,798.9779616994364,52.773917184567196,201.723
0.032851074729688026,2.6119991958315127,60.12217513889994,842.5933186922117,70.41698375093164,160.446
0.036335919784212294,2.6102146408859794,76.54629603342744,791.8108792,43.76539180372341,196.79
0.023239471,3.008503934533645,55.36048426264001,812.1686107,59.20726437046785,193.461
0.023108941,3.0322144005654468,78.45786318060331,811.7631352730072,42.10131829351043,213.493
0.027502556668062225,2.8535675523556776,83.73126332474925,786.9261876748143,51.556334701897356,200.506
0.037475801,1.3517126505973882,68.27094129806989,816.1813794,56.02720677279384,181.688
0.028131337353413804,3.0024675766249307,49.585848138940634,803.0744166033234,56.96191871094511,183.518
0.012558341839538146,2.5736899308658434,63.84147793332306,820.4594428,34.80041146938529,221.162
0.023529706745662148,2.439897287925402,74.49517248256127,816.4121072,49.35832804309431,200.755
0.022135031,2.214189906224312,57.43520864172261,840.5104443173069,43.40780398504431,201.403
0.032462175316747166,2.0729369741616894,64.16258190188664,841.1389917987241,60.20338912582714,167.922
0.031035016704917043,2.660412231044152,80.55260598154166,787.7061041364238,44.74864481539103,198.155
0.028936277266500696,1.963892690139077,48.69176869806686,815.6032502227926,37.05227446,203.376
0.023824953539257926,2.568894217504934,71.09014747029316,795.8010852978797,50.84921618310623,209.264
0.014266025398130681,2.5456527005386165,70.38271255933186,817.8653163313833,43.88689190388623,211.296
0.023931995216049325,2.3372339173562957,67.20094254168532,838.7882636,56.78544139,191.61
0.036786079,1.9747596542805024,69.40235068,828.1205798,52.60200589376318,176.858
,2.584247405856134,80.35743518540905,796.6643585793256,41.70319198532456,224.855
0.027450000296010905,2.0846449940018252,82.83963205313916,778.8661798582971,53.21996029461799,184.499
0.030056635437264584,3.240078633796175,74.3215983,784.6660446878132,61.57519131,192.903
0.037930684,3.0712258534511436,71.93690390062402,797.9313376727724,45.725108536163575,193.471
0.033413939,1.9348471066916342,72.43350899795324,789.1644871565228,37.82486019129247,202.687
0.021033485258249652,2.253425135864754,65.36566098,832.1858227,44.06766368895202,191.935
0.021111921696999183,2.4075994423075278,61.449706292281036,797.8940051023236,42.25995635975119,214.726
0.028364893,2.2742179759348127,58.72486275267714,798.3725199432438,52.016302882466036,195.145
0.024449719,3.364801191075546,61.12413765530243,810.8407166447502,47.21665414392215,199.209
,2.7873018380973624,64.10754549631281,792.7081975660104,40.80924683,210.296
0.028410466401308204,2.5001877544615874,84.26943252188185,812.3343079778349,47.10985838946531,196.225
0.029517486415119205,2.736842565956215,78.93804577781782,819.3767784400312,28,200.398
0.021539732561674838,2.0159988282442085,63.318407190927886,806.1968191,61.078058279057075,189.114
0.016584727603766752,2.336131424,62.14507580879317,839.6901215951714,49.37657379013043,195.707
0.023934828,3.1143488746463306,70.34058544729065,819.4569538843919,56.73486339452058,199.103
0.031222819,2.2827829106737485,,835.7697900547084,51.486440623761574,178.28
0.019908400230575992,2.4697586068502826,61.902115553776945,842.2706812791007,47.64375142377495,196.287
0.019622392820169202,2.372646090414149,86.86218612557964,824.4957053,56.50456124228626,196.844
0.037791608,3.047700393097221,67.99067047448445,790.0938078661877,31.297389855409115,201.106
0.026744545685974765,3.1528247870459323,70.03831834,789.9490264689219,48.252497688811225,200.677
0.034196795,2.5828135957616962,84.89284330452504,786.7554661275498,44.15760374116996,194.532
0.027955844763811348,2.931340151195582,60.15557219068262,823.0325082465654,52.81093737060947,195.252
0.034524857,3.165310521741623,76.23641084191492,799.1813347129037,45.11124853353719,202.191
0.01724273,2.3424611558194917,73.88790877615571,811.4697476180062,48.989941014075846,219.913
0.022380374,2.4871919290775573,73.54347928635548,807.6490812,41.334978464346264,209.446
0.018048361559208435,1.844544861781936,69.73541614344963,793.6316077476778,40.73350118327938,214.332
0.035152273,1.8731377833667695,79.97123799,750.1801902709249,56.94044803,167.95
0.016437948435281284,2.644398104389144,72.17877078237605,793.5066978762311,53.97130753381303,202.091
0.022764612973966956,2.914490442841752,70.19997113110473,784.9338362577944,55.09626630520746,204.356
0.022880617367408665,2.056486291436208,75.43302898356359,831.7780185085918,58.93399335,185.718
0.014371477,2.467650185130535,89.2541475,740.5421115,34.390283861214435,207.271
0.035057987,2.4703588828839473,69.85119792,754.9778521820247,51.79463822256893,178.453
0.026986222271392097,1.4573472018866813,54.82686850767481,801.6148895,60.022527,189.642
0.034506112,2.4664348895255026,83.97445035,777.3734275743606,52.35437308228366,200.786
0.009339696,2.476876217334431,81.74359247086795,808.7764330415889,61.46583562658557,216.108
0.022085969974052676,3.0190379784133543,71.63282037481986,747.9979725169749,35.75900617306448,200.917
0.008665818,3.3282787059952197,,823.3034215983544,38.52565334137757,221.082
0.026891788,2.1492565405276416,69.33155599555856,795.3146600856669,54.89625192183627,203.476
0.021354775567589156,2.467355488580243,67.09757623785276,816.9148951142008,48.97449640190081,210.488
0.017565459328479333,,73.95528908943584,775.4612819,43.0260615,214.609
0.020019672403268112,2.9261181799101155,77.55771388756317,789.1394194890676,52.70470582401962,200.972
0.014825547376281837,2.400310255049687,74.51157654293443,801.6122498888361,46.567161508083345,215.073
0.020134609534480014,2.09497487,71.14936783,796.7554880137245,65.09813478622621,197.677
0.028934898174200554,2.8297960145863255,67.61356694298242,837.7104492065006,52.16789408836649,186.392
0.019601614,2.9819126070140927,78.25250888228516,832.6176146,39.06990152393175,206.121
0.017321132,1.7005499922788792,85.32329064749672,774.3808491740464,70.15421216,187.432
0.028846881648999893,2.3288626395683893,66.98863037,,67.78838689723506,182.267
0.013848379032736165,2.6687336355908537,87.26676308010981,773.9110000312777,58.03839432226235,200.907
0.029777655913364526,3.166962777168611,71.69406312014621,781.2093223315846,50.77549292232043,195.147
0.026081791465831373,2.3202507861234856,66.17876277037846,801.6506790235957,59.95189014088463,198.833
0.007135959,2.387316695898002,71.11955105159514,829.9942857885786,42.78265716951753,227.889
0.03607215,1.6870366410239304,59.55018134060556,823.0505295676799,48.75106329161992,184.977
0.02810649,2.053484677,63.731821350750394,787.2920800626122,31.300535124714546,214.162
0.014490858771174377,2.841501382987745,66.71085354578608,805.9441417,48.42380187672844,218.758
0.012185030195740415,1.5499474508789604,60.83254107914365,811.1793411469259,59.40976334227732,205.773
0.026805295328425478,2.4635026928052692,59.644948893457496,805.0593157009907,40.26567162658185,211.15
0.020357342330248947,2.474980246888671,69.52794210269784,780.9129821092334,48.48734649,216.974
0.017103821,2.0810914296884815,87.20209300964254,816.2628526489859,50.04782658432736,209.634
0.023996907,3.0251474728714607,74.65198084761977,764.1145474488808,57.14489539444118,191.323
0.023342476345275222,3.4567460849247946,85.13931405469354,816.9378499508701,50.686808790610094,207.755
0.019035932,2.732356399116546,54.089490961720834,806.9417968557442,45.33107755726294,211.919
0.025676486918228995,2.6834311016596373,,749.7966336154061,58.218119849398406,180.043
0.016899648,3.2611283753681817,64.54983691051257,819.5168256109338,54.187980699515386,204.936
0.020639652225095572,3.1576687956009577,53.63783988,846.0598357688687,29.56028381935985,203.79
0.026461261078637107,2.320949634574063,48.816545398742434,842.4607182908363,42.50456119945271,181.076
0.028961614,,74.08057112202167,845.8684963125127,44.26110326305342,185.345
0.028764598043643105,2.6111744505533965,78.59022624123419,806.8504622124013,60.57590233479111,187.249
,2.1773083442192824,75.62220462259356,774.2979467149412,31.960895403170518,211.94
,2.018701999719443,70.03923597033251,812.9315567155423,53.86217234842501,198.23
0.016525228,2.145972692463491,62.39434903839733,830.9101664854946,40.21518851079256,219.783
0.028584596508071027,2.1919995656051157,64.8191951,818.1311770178036,58.279446248165215,194.392
0.024378351237276004,2.837088584133925,71.46570028433025,,46.11738657973989,204.745
0.017718706991064072,2.3686003987741477,70.54779852559658,816.9186682078647,49.01744154161315,208.795
0.024936297053364365,2.532963400959709,69.66296262203342,799.9248839929087,57.44858292209019,201.053
0.025558403119624554,3.438082619841766,73.62638216159216,839.9412670740294,62.42636361052378,182.821
0.025214393507784434,2.7946829334644687,83.74710716742375,767.9681681338193,52.63458150457352,196.792
,2.915843055626969,83.68333565141269,785.7526410239685,37.48513820727993,213.628
0.032359350030323926,2.8509961012167646,71.59989145195132,852.7365697467943,51.22426969593892,166.138
0.021337711,2.3702897602883257,81.10884762217847,799.0957712054352,,208.939
0.030370911243735397,3.084541744701413,86.69490824420907,763.9193081259393,59.06794012568786,185.403
0.027584098956834856,2.5271988559093557,72.30911275921736,799.8234853362962,46.63372314971069,198.411
0.027572077509000797,2.2984477184008965,71.49005433421236,781.0791667382524,52.65325641513318,187.393
0.021690099549735855,2.1723337309082495,77.49338048088788,826.7509029847682,49.32253580212181,202.373
0.026607639365646456,2.4245213892807307,76.23617711268153,845.0886446473068,52.99505987017444,188.213
0.03504408,2.9451966559246694,74.63313674346905,775.3201033504605,,185.98
,2.163036813957885,82.40570542846277,792.9785093644501,45.07072505776255,209.105
0.035888931165006924,2.282993393859328,70.76094504198163,799.5919485020006,32.65089789273564,202.968
0.023500262,2.288612337520103,68.35105121930034,,53.68314401358921,193.997
0.017067989,2.6628819343544325,82.01472385584484,789.8679057508023,58.656012080349825,208.719
,2.5366516821218053,76.02652458441904,802.8212256095795,56.72119508836706,208.464
0.025076822901880912,2.4827005651102874,64.11232603,825.1615242793337,59.96303504,187.424
0.015624604147993661,2.732889870705198,57.85087168151094,823.0984601057513,39.52206809,209.957
0.025205781,2.1059284481203187,74.4070531,740,52.84870437,178.961
0.026580588494464194,1.6810875629837079,75.84951092469012,797.1375116,41.01097873197244,207.569
0.027816866,,91.98855132458897,786.4244600470167,54.97115218,189.34
0.016171660187606834,2.4426793461646805,,807.9583978187721,59.58924868699594,203.185
0.043964768,1.698817865733221,69.65938862068079,840.6692488613082,59.61132528158679,149.013
0.032924715802341444,2.2866551405268356,88.17918607396652,788.0156579814741,54.24616901104472,184.245
0.021356329939818175,2.0362798649640768,58.752238635052194,833.0530806656361,49.373339667888914,197.449
0.024995359854105004,2.734640980028505,76.73498743333167,804.043337,49.57623489,206.343
0.026982991713201995,2.804938880516543,66.66644243094456,769.7929343628506,56.81189422804519,183.717
0.016946085496056078,1.2773224977274589,65.34249402642422,814.7456298485624,51.83067627477665,215.966
0.034485274,1.9806234516739347,60.51160040189093,770.5351551144255,55.40782817340677,182.037
0.027409335785040838,2.1579778944236856,78.59430396168445,807.5434790316498,48.89075162846332,202.517
0.030461381149651703,1.8946960622173012,83.81038498483531,752.7120044442117,50.28969711344419,190.072
0.016625978774938897,2.8832092474616733,66.36891990973562,793.1233818902379,40.71334812275696,226.763
0.034282991683842044,2.667368375266292,,778.7195041801479,48.04757843786031,192.412
0.017223265956348495,2.8377183722580845,72.70065137113068,797.4196644648692,52.310831690378194,200.382
0.02402646,2.7802658137634326,65.78193949984355,744.5347690181023,55.77540024791595,174.313
0.023387680436425834,2.192080770267764,91.78179905,803.5661549,49.89025844121337,206.588
0.025271214,2.433109860649292,65.87768671,813.8620741660521,33.41539429362534,220.687
0.017114224003543774,2.8034834074999875,80.59721409564135,810.0164350968407,50.89187557843421,214.565
0.021659547,2.870279609317479,70.07589789169054,827.1538340229802,40.96701492501666,206.232
0.032912065,3.2544325363021382,68.38157015802888,831.9963998,48.05824714782667,179.825
0.025081233433256748,2.526764722809092,72.09619548998907,778.7556036316124,49.17154319601902,198.193
0.017021608984833715,,81.95854325216932,756.3022472064017,67.73423295823336,181.516
0.028815921307435304,2.861191811789592,71.31583874665414,786.0936093060565,,201.552
0.032571279254386167,2.5173329963758864,68.11996866388697,817.9980287241262,43.08620495224718,201.36
0.024866152,2.654601355758311,67.76951693,752.9071537589543,51.507332055091624,197.288
0.031636776174211435,3.3857846955727195,59.828880110166885,807.2980319,55.277731207441875,195.132
0.027825817,2.6693854,69.78011188726549,826.4158961381783,62.319670032206545,187.81
0.025516630950122736,2.272564907725883,55.58999917517578,795.7901344,42.467169075959305,211.358
0.0335566,3.1985954779973724,70.80414882125801,785.5116852631758,58.04751804791849,183.894
0.025857029132961583,,84.59374715859174,773.4882760892643,49.51776110202742,201.683
0.034036307378752254,2.0732439574663397,80.94993331879816,801.2153669776566,54.75998281,189.578
0.015796538293742512,1.8081892684394782,72.68541163137517,772.9249572048952,65.62015972637175,202.465
0.016387735544157567,2.625861474801528,74.21887496412519,811.7001168832782,54.30931998248761,205.294
0.024678391,3.291775764975194,72.71856727905262,810.5788209,52.30865344,202.783
0.023817391211180084,2.6432397285621336,59.47574835054703,787.5092275,55.58621615,199.826
0.022238773479437847,2.8817858991338294,69.95388766,767.7273410712492,47.44706376971395,202.374
0.046637019860746025,2.0938471582084937,71.7942285,757.0788446881363,51.49434465208038,162.784
0.041404167,2.371251903,57.339642020208444,790.4078499749922,36.59245728045102,188.68
0.028077462133196264,2.451987053861703,79.2284873,822.6961027738456,45.82724708256122,201.882
0.02522501,2.766228366235668,68.58241919071756,803.9216263574502,42.283370080143484,208.943
0.03635208,,71.57069128679288,806.6052034,40.98961407710931,201.592
0.023528845383704627,2.4010167690488466,64.96990583757649,778.9970417139069,43.684502737328664,209.489
0.031072676,2.076307030067601,62.102897814041356,810.1283231995072,55.469773747761565,192.068
0.032718178582376224,2.777906367658083,68.34786468583265,847.2388932321046,52.55782421,171.112
0.027098722,1.9356121322564155,87.96558763043977,740,48.93641212474115,178.966
0.028222839,2.8454130199807173,83.94009775568736,782.0622759560349,54.96879553587501,185.478
0.026243268284787343,2.468603052615301,83.69913765113054,790.1097473946525,53.112710628450266,197.609
0.023929799852652305,2.7573652865648888,85.93890687280137,757.0827002202965,51.330892741192976,184.801
0.022742472,2.817960383,70.69878010112856,791.7680611632615,55.951188233143206,207.591
0.017608110653773636,2.562051241522027,81.10106814378565,858.6139717193257,58.29609715434379,180.986
0.030054723,2.1679031920358636,,809.0743406437261,43.84582481,197.797
0.009902633,2.8160806436450256,76.87759854204121,764.0397901326293,53.01217349186348,206.131
0.022951406,2.4006823537466917,78.49883479369078,834.3028605352963,54.21136479588933,195.491
0.031446666,3.5399635154124796,66.75250283,836.5036419423611,48.36849840864551,183.885
0.011240549,2.4201087056278787,63.89912876866022,800.8099486760133,57.887074365397055,209.557
0.014426958705665892,2.844859267194618,,796.2326062830299,44.324685761472594,216.828
0.029450651115680036,2.6644144642428746,80.49998467,783.7726953909131,41.88406793223422,194.717
0.029042325466795672,2.9319898285650488,67.91793361176923,809.8625248021876,41.04583859,204.438
0.026084755,3.087671143,75.64620892076866,790.2043026947325,48.17715109835892,197.329
0.028038347425777647,2.8619854559302778,66.00306583945584,763.6377419,45.871014367073926,195.668
0.017694036,2.5975419198410425,86.19133674017917,770.0163793,46.49735035645214,208.212
0.030698686,2.620050231136253,69.61449331798987,813.4797524390237,49.42848250969383,188.244
0.021234147416826343,2.4575778733135087,,742.9618355250541,48.66482782199435,192.879
0.020696021174347046,3.3421549585897576,68.76330685442358,784.9058471568327,28,216.873
0.021347529718697807,1.8932729745408439,91.98617678473742,768.4408410167454,47.20315340833803,202.078
0.033679802,2.3573685058381635,64.28700679,860,56.50709086569527,156.567
0.025716830060719467,2.3903208958202695,74.29334454806052,799.4923505363475,53.252554375096324,199.202
0.020569797,2.9200129973308746,67.14846294,803.6793927565351,56.07077194,206.485
0.020510382,2.073735325996389,80.86291664782631,822.1819417880607,51.46242058893902,208.841
0.024638393,,79.17687413046045,802.1075279075568,65.13596113734901,195.965
0.028011779942532643,2.788459204575519,72.75906045402076,782.8448122165465,52.02881394,195.406
0.011199763720456295,2.3332215721047094,79.55292544302736,806.6507609453699,50.367879527234585,205.35
0.031162390442974156,2.1374647672973066,74.88514771309086,770.6851791958712,42.33208082855303,198.043
0.029092843636046167,1.5704269625896536,63.35860760027178,789.2579388315535,41.82656362539601,202.698
0.034571152,2.0445108980637126,67.30622003993648,797.7351464828604,68.45384403749453,181.033
0.036695255,2.850426795859607,79.80776645,766.8021537,45.62537704058623,192.255
0.020683063,2.2043118502694905,78.41335213301133,818.4869854742759,66.85781623359469,192.954
0.026963321262789306,2.176910002900309,69.43561537296453,826.4322264700422,48.122259299968604,202.481
0.017085040385611344,2.8064668621036732,63.03038459433396,823.5105288716003,45.30373207665947,213.726
0.021238460828439377,2.302734220000682,78.43898160336101,809.7392115516287,56.61507180318021,206.386
0.028954011,2.7415638557208113,54.138093541060755,799.1867924022558,52.25749801672852,191.438
0.027601248,2.6861141158081625,66.99892375705791,784.3883008025334,51.48234531,200.47
0.029612991,1.7626226546511292,68.62824259215387,798.5488260032299,43.45068861664799,203.921
0.005717963,2.6432906648016496,70.82345639,815.683623,53.172825624815246,221.809
0.021541917981005517,1.611761449239463,72.94949816577154,821.7518734258035,44.31260438279973,199.862
0.018213337442518077,1,84.69019064573696,784.8207248660824,45.87890595195991,207.413
0.024253691875543524,2.065292108278629,69.54489629972447,768.4339852,56.01655268991145,191.449
0.029865563614387698,3.528986046141279,58.40673386680289,766.6884084837817,41.99539823293065,201.92
0.027080650171667883,1.6284910486658561,70.47350373753251,836.6708177,53.635636661521175,195.245
0.03074428,,64.27899335256367,814.8265591829353,54.22302186826858,183.35
0.018998122124784016,2.071186469813877,,758.4849353,51.22660693600374,192.414
0.017645988894386472,1.8654242848913798,66.26167363998522,811.0101501962891,41.53612388048053,225.427
0.018921227983737868,2.477931119159958,70.98310333923591,,37.98316258367015,205.316
0.026465932784551314,3.5278848537124716,77.92961144149724,836.0835575643251,55.88711474401994,184.364
0.024107813205675586,2.0909963768760647,81.78837426620645,771.4629876408211,42.23740779190894,200.479
0.02054196,2.2047201712554116,88.11429892291729,759.8984034006953,52.71657885529579,195.146
0.011775633,1.450229009712421,78.49892095813422,776.7669517809521,61.92809904008112,203.969
0.030499783999575418,2.665831947812792,62.33356946184736,809.2123862714301,39.62883891,206.969
0.026138548,3.1970056825562123,66.12844308,814.1822474,44.85050056923321,203.917
0.022894537,3.028509015495401,75.03044472196024,827.6558887015107,61.47669577373185,194.895
0.022796733,1.8764237562133412,66.73406113042824,839.0593573484796,,193.403
0.020875588689342556,2.410291605531761,82.63744346926805,788.2801437464424,53.546064612288795,209.229
0.019392413305804344,2.328265355733408,61.39108465321075,812.6260883059131,39.58920900313589,212.719
0.028490091270813228,2.6197936802657313,77.84421778910625,777.7065242681525,50.36935234713523,199.295
0.025475189839568525,2.756619912534944,75.16442548601222,784.6669029567778,62.870321728194334,185.837
0.02936176,3.996073349,,827.8109352755258,58.72008997,185.571
0.014516628397192081,2.743949104445407,73.2625703,803.6277067491238,49.26235672445216,215.824
0.021079945095163106,1.8998542370573839,76.57454333254917,797.5312463560062,56.000044048076404,201.697
0.022980046881039214,,79.27381236092718,779.3591811758843,59.60910077187264,197.552
0.015323977928172937,2.395696455353633,,774.9320837438667,51.22400055592325,205.079
0.018199314494341153,,67.03112072173442,793.6075064199352,50.26098849942716,209.832
0.023657506022340638,2.2474820029956195,,808.5088518493679,49.049676942533814,205.201
0.030441292,2.7482062984436335,77.55808956338483,766.6518067950884,60.61651415898362,188.291
0.021767425460439947,2.373265428940533,69.74310909,830.0353523636652,61.93097910906287,196.227
0.026721233,3.045937331716269,72.52455261838219,784.5205527081408,56.560710390329156,195.734
0.005,2.5451457059394116,78.96594427632334,793.9304349881571,49.91290528124732,227.989
0.027170340988489222,2.406859728995639,71.02247525596303,811.8668475659363,37.68613337853952,211.73
0.03436573,2.4112095115602834,75.21404733543599,813.0244518631955,46.907071436066076,189.2
0.021881403,2.8198196526524484,69.87720330204131,822.2310389129508,,210.27
0.025615833270385767,1.824535493842376,58.592216603737306,,49.93788388133253,210.657
0.030711409,2.640057597896222,77.81736861671293,798.7652645878073,52.23485607250918,199.524
0.010691431599674074,2.594620031773965,56.84483771,812.5997079307714,59.012382281984756,203.54
0.020724548,1.6894540403832317,78.33408802507317,781.3612657241583,45.730954557297366,209.454
0.030587423704737507,3.004006022492632,52.79674576353559,860,31.901301486869986,177.905
0.024240880833264575,2.096761311927583,74.91401694,816.3096708809086,62.20753970687836,193.271
0.028927379,2.5338796305733493,71.10178205299252,794.6082027883584,41.22579212864706,205.158
0.026158429576471087,1.452897548830841,75.12764523555236,761.4754655613526,52.078643585028715,189.574
0.027826403518563962,2.912952728,74.91375109221593,776.7853334,56.41472942063462,192.184
0.020886137,3.124268686253769,66.77994903888062,813.0641237097107,54.283205556258416,204.472
0.029410528150032797,2.920910588179278,76.57418411,,56.69600992446163,193.263
0.026952022862854582,1,76.31115504698127,813.8026443314383,54.69404907159939,196.363
0.029361413,2.481535313,90.79080353874767,740,41.38156126788517,179.984
0.035366607844181275,1.6119167903860654,66.97506003975123,806.6401488104003,59.02878322171185,186.34
0.019264402139500814,2.186557603744258,86.06179423251668,823.8278037749387,44.01823271866782,209.356
0.026354526706946782,2.691159601335633,75.92428470011198,785.8151381757824,47.468130752927976,199.35
0.020928626541887013,3.101455965998307,89.28100060835001,779.4348762400821,61.78645309221141,186.232
0.017520838,1.748922434176745,78.66803758756112,756.9604617629972,53.186381143772714,197.433
0.018455315094859093,2.5718066097626746,64.23129435266794,806.9210219368247,54.132437087468176,195.299
0.023915661343082213,2.519396317378096,79.30825814665542,812.4742260617442,54.32721858,201.413
0.023490861464462973,3.1945452989184044,76.95077378690915,799.0459584659053,71.43714464,186.331
0.026832484266836668,2.855622977090648,64.87682064789405,771.5958923167202,51.216470177660966,189.865
0.027136036,2.7056125940014946,73.96504391337393,816.7507055745259,44.67952652962104,196.582
0.015367495038042316,2.061023393,62.34118096421338,814.0176593692916,42.497008237923836,216.552
0.018277159849390406,1.7090440541366412,67.64263435327855,797.8451162157335,61.77843005689204,200.156
0.025157406460123755,2.7747250906579866,61.33665729816156,835.3500464385139,55.59154036299441,192.388
0.025128960018614574,2.326740151,74.96866843622989,818.6099175561167,54.30325045581763,196.959
0.017231085035393542,2.275827602450017,87.7195968,789.1886172320977,55.40332818946602,206.878
0.021977046,3.1563539058558043,71.36882033528308,771.6364555203078,50.64420491670494,209.287
0.021318166,2.9213230389369884,78.89610593147836,785.9182366635338,47.679028059845514,205.606
0.027142051,2.156671218058386,62.90912023974057,800.0710486481711,62.12229845217028,193.766
0.016651985987874457,3.4356866058511724,68.94854048616713,763.6910431153003,46.195423738531304,205.289
0.020385730749169696,2.3576477164098315,87.99210330277113,771.9594546355366,38.89261201179281,213.616
,2.5524179577369988,69.43930424280214,814.9625017994877,50.12969651921533,200.751
0.022654075,1.8008212847333318,70.59529103133102,830.0102606978877,55.394854289226174,194.448
0.017544964884064918,2.567682688844575,48.520463394782226,822.9402984815696,35.18453140821722,216.491
0.029703512308339952,3.3113841026976694,77.63854134,790.0342657292227,36.39487451106307,205.621
0.015366096230507359,3.1697272646742083,75.15924306116884,805.0412562677304,,219.537
0.029354711,,81.33320131481878,795.8592284338996,60.99536150546789,193.984
0.023420681936402746,2.0998308179252554,73.13979513316252,822.7260657360468,51.209173473939856,199.904
0.030161900078778087,2.5660890756875054,69.31901712341387,793.9652619869117,53.41206257641832,189.504
0.024127111,1.9729804937966229,59.98880118679861,817.1278846611517,47.20946769352476,207.765
0.019496019,2.6271613279392523,55.826268462990086,793.9889206131414,48.923548213743054,210.098
0.022768065119727142,1.6438185152220885,81.32945387422839,787.2659114327084,53.89236265352817,196.822
0.015280265225218437,2.9994702194755916,68.78318415,781.8736209,59.953340562150274,205.244
0.018978044206823686,2.509554181460454,66.44435356666672,795.7173748292921,48.87564629941507,217.29
0.019417785872250515,2.7510393458909714,74.70085677511344,817.9370076796562,63.64951561722311,193.629
0.018866509966955394,2.3999716217229583,73.50876389422788,821.9652897483896,54.336645263561955,204.324
0.035464026,2.469858545412499,63.760209695364296,780.2297113796152,43.39556079177035,193.698
0.021269982082620816,1.6934672185468505,67.74908497041892,804.3045565791448,57.40831038219188,203.931
0.018956716,2.0832613339846446,83.76268358124167,805.9314018320913,44.59866880948868,209.286
0.027490475301481073,2.9629829937678744,68.96020343375223,774.1587689496822,49.70520168736614,198.82
0.033324489,2.431350276878603,69.97483076863575,764.2640136384526,55.88871574,180.244
0.033925755,3.4380573086354356,72.46429988919104,812.9215816659263,47.43260460550058,199.702
0.033917538,3.569299491110642,83.20228538087792,775.0046122,42.90477366188584,201.147
0.021634406281085858,3.345387909232627,61.849845037821616,794.5120507709639,65.82334597238334,190.055
0.017146722,2.5399318703432394,60.061495403545614,810.4765076981321,52.24694054820418,212.953
0.025744800263761115,2.3341116024907795,62.10354495507058,797.7772838100092,58.45032674441389,194.424
0.023211074,1.9757283245863122,72.25409462321119,768.9856789174637,49.52514230234182,198.31
0.021514734948273384,3.182147387238227,84.94449746,810.5113398505209,48.42072818826813,207.256
0.027143749,2.2897016572981808,74.02110386400363,784.9356939327017,57.90989925105326,199.746
0.038844348,3.0581140746190787,72.04816346718644,767.7895928997099,,175.333
0.023745010788367046,2.8892786113522986,70.34473714260874,749.3627583998759,68.68103794377015,176.332
0.00692131,1.639087208122092,83.65065515707337,787.1992234506752,56.67405647771482,220.753
0.024226556757076467,2.3212805522966424,77.32820405039998,821.1785558107229,41.64747369234536,212.072
0.026882011728316214,3.198085420159191,72.83906511660423,791.4986567228577,51.23860063,200.315
0.017163775072067695,2.784126232,87.15792234,803.1022444483594,55.90154634841094,214.407
,1.4543471549772826,46.34293319668444,823.1960498393556,45.29012178861674,212.135
0.012304739951084066,2.8543838971944986,64.75461366,770.9320013565526,40.043527416126615,215.854
0.021437029780147276,2.2322639292086914,81.08493375413174,786.0701773797316,51.132204933526715,200.294
0.023765399650202752,2.156752474122945,83.20132598729836,831.8504017224585,52.50283646,195.321
0.013846901604379035,3.023904286577794,70.61243344,795.5890043817456,45.054780405388556,220.652
0.025845914,3.5808809413245295,56.50537729170712,797.3157901100573,56.20322304608265,195.831
0.024775053668465163,2.4714838343746584,71.67652420693798,765.7052877859769,56.81846574476368,185.071
0.02149153,3.0646405342735403,75.47192162034744,787.7984704781059,55.390292092245005,212.374
0.025539379667441523,2.122791768947197,65.81202739881753,799.1705682040849,44.63876886288594,207.21
0.021639913965219814,2.642053946037276,75.43743369,823.7389765372811,54.95403149074054,193.731
0.02472945,2.3825853122081373,72.05996435618634,799.3211090602698,54.481709685842524,203.986
0.012166162520124424,2.0438021707217966,59.16766750877005,814.28958,64.46265339,198.741
0.015581868362979631,2.076062390071771,83.01607132561188,757.4414506193023,45.72720541517331,194.804
0.019516500044255387,1.6868922252407714,84.0970657,744.7417011502891,42.88988477750434,198.008
0.021628728178520736,3.0986777625543573,65.50814333513442,789.4909459180359,54.643894937011396,213.838
0.019757692805054357,2.064958931539933,74.73291081199838,784.0665025070317,50.474633281456946,206.896
0.029564839974150985,2.484295506879013,65.02337938386769,814.5825814476179,58.063928378520295,191.687
0.023383042,1.1989374713883103,71.63349434120589,778.8765521458774,37.87194335329346,204.265
0.032767305085826016,1.6909522772114134,75.61789637820655,801.9427368152294,46.97256260192099,200.32
0.016213008535669593,2.817856134745868,72.42070630193318,822.5264999943603,52.05535975244841,209.76
0.028504941,3.053250415816052,70.49365840676808,803.8102976867998,63.14851166324483,189.406
0.032482446,3.3254719571548255,60.006941763663264,807.1924392133028,57.722660222633365,187.849
0.010855143272204234,3.1329759266478345,56.450031218225426,781.6170767855807,66.75937973047566,199.916
0.024042128067351676,3.282756587445432,58.910012189266574,830.0126513465331,50.273269040384704,203.48
0.016827143401939658,2.949883737435796,69.16332776,789.7261175668939,54.88366377939738,210.591
0.014091489730138462,2.5393784137884126,86.48264843081965,831.9223704633173,60.160477264007035,193.266
0.024230331,2.7115002610248378,64.24154108481311,824.2795260033788,44.622137949176675,200.823
0.01585045,2.366594268228121,73.93950457226161,793.7881383004432,52.00883763811696,214.012
0.028245996,2.388889609614106,60.180320979245096,854.4394596584987,51.35661322575225,169.067
0.024829911281213177,,93.29162368916408,754.6301337387525,,196.321
0.019540949548131573,2.095763183942775,73.05182047,780.1932826859636,60.00776071171862,196.963
0.026351432,2.896617716635818,75.76254613,806.3290639887641,57.323196515223835,196.117
0.022900738,2.0664770734618663,70.33811289924739,,53.20495206273376,200.89
0.024336714176637388,3.009803640813254,73.26231411434703,821.9409732359918,48.64731732262428,211.672
0.018983497,2.1103319471995303,81.23153204383567,748.6289640245865,49.86486847773845,187.734
0.018808621,2.759526667846554,68.38355448,781.7690091,59.36014072218485,204.01
0.017049267194616552,2.160307868853726,76.23639607874487,758.7520628295371,41.78164016916625,209.19
0.030957649202608708,2.106341807133121,77.94889290257927,767.5392757874463,71.84501018932181,177.58
0.020525282145000833,2.0861564816669573,81.34081244,806.8983355062373,42.33918093464523,208.583
0.031444985,1.7182648075496032,76.92605098,784.2051844041187,55.29952854769281,194.051
0.023203071,3.0128234195714536,79.88538313454191,798.3001346191801,55.01501102330112,197.004
0.018483136,3.491324009350668,64.42784939900568,802.3887744601199,38.501923162426905,213.564
0.015728599023667272,2.8020921010818256,78.44299128727349,770.9307035581086,48.10552244408566,210.153
,,56.347730871011144,832.7596031114458,54.53410220586881,202.343
0.009931251,2.0400920735469015,66.67050547194835,826.3202515628246,59.087859222317256,195.972
0.026713395,,79.82983274043359,817.3549184968304,72,183.872
,3.0122709590065275,80.99334516989336,784.2176133289115,54.92345905181319,210.37
0.010379267180211807,2.284996798947859,78.51311090708768,759.5384350273102,49.19208965916315,214.611
0.028460485,2.7255678819820695,65.81794819800118,791.8920394974408,50.757994991761414,200.556
0.025460439,2.8548498239893885,67.50800345591928,784.3589906290387,47.150304636934685,196.81
0.013199059390806456,1.8820349342724771,67.81382981508573,807.8841453594572,42.40561150648199,224.041
0.025703357,2.8869916310590797,61.21415201046427,814.5575764962183,59.41176611652845,189.917
0.01436791,2.558989209596744,60.33486397497727,807.4888621,60.90974560390841,206.333
0.0197053,2.417336657379502,80.65771751035345,774.5579953557185,50.63351523854264,202.668
0.033923283,3.2974391954284563,78.16626197379284,813.5898101107382,57.650835267119135,178.458
0.023958026633809026,3.5446090222891025,55.80441909050684,848.1912896707523,45.33351040591763,195.395
0.034809877,2.409002796619876,67.86598565606683,814.3765532,49.462706880175794,188.303
0.024222141,2.787648281193942,87.14760576692208,755.7749111534148,37.343360732010154,204.479
0.025397244,2.2111734569246906,61.182792657664564,830.9463935335203,58.54434304862794,191.246
0.017965555,1.7965770662310865,73.94549514215416,752.7305600662389,47.34997413034545,194.932
0.021127706200569855,2.8371403613588937,77.62852766658887,807.0457515036439,49.65796424105818,207.868
0.02845794,2.3132006218016206,77.95162524913454,783.5788824854509,36.130056318319184,206.068
0.022911068476459025,2.9524927790917417,52.663296531539544,847.9627707724208,37.373817133024716,192.778
0.014114405978885866,2.2283245102305225,77.51076667607748,782.8118609326326,38.71727624297492,230
0.0161376,3.191070179772183,80.99612943429342,759.2223569280495,56.31138552093909,192.206
0.024173109091515387,2.1683603174333568,76.62509301029976,838.5503543949104,47.37193083,207.146
0.019199934233855104,,65.63517742872729,766.2675191903928,43.85575926091711,207.69
0.023298270756262156,2.660395694854445,80.28372230724732,800.9404253793679,53.272999109255245,199.817
0.021820754910182143,2.516945623926112,84.81354850237392,740,44.221387281646635,185.026
0.026542360963522683,2.1237828471920137,76.39162248203799,,38.05957887409873,204.3
0.024084593424274797,2.498437634558465,76.85395908276223,771.0100752881505,58.586072378713894,190.243
0.024867147554522444,2.124415918253264,64.81129547,799.6545174132036,49.20546747017274,207.819
0.031778615660092026,2.8940484638557926,77.25155947,795.4066024193296,43.57778545,205.789
0.012520139362971932,2.1071896065764153,74.75081273717159,802.4014219891417,53.07602936278934,209.592
0.039181397,2.592417299675897,69.42953587870993,806.2546675977992,41.07950589807944,198.929
0.024562794,1.8651224905959067,72.81154093158227,798.9235418537393,52.31611254396026,208.436
0.027639288,3.3301903607864682,77.05812129120761,748.1557736978373,56.050326009465294,177.297
0.028676116795055443,3.0441401147699647,83.05879172201637,799.0802961607654,44.96503399102532,199.072
,1.9523837455831519,78.74294484263224,766.7618156409119,69.70525421,184.512
0.019709887593373023,2.3509216639641632,78.39205395078216,765.6320344583726,68.06531236057864,185.585
0.05044401,2.7569667601831434,60.08304799145865,860,42.53331219757944,140
0.014427071894394175,2.4750274690375993,59.116128990220986,809.7080608743098,33.58063339932111,225.208
0.027071060624090343,2.8511384148893666,64.67195216212824,775.9245897224546,56.56992516575889,201.299
,2.5870139454817744,77.34556466883762,801.731996,46.69144112305741,216.12
0.022520435914831553,2.7239695483531854,77.26857577946602,798.5005860325867,43.07072839687506,217.633
,,61.75812896684557,806.8599852410765,43.74707893321053,218.028
0.022325515970626764,2.3690039968246017,75.11621030549531,816.9856814103167,52.01777031176521,208.16
0.019574644620774028,2.1466490861088254,68.71391239354365,,41.126582883728695,208.803
0.028342617364480974,2.8434445768663474,66.89524159492429,817.2901057,44.08754853108819,196.183
0.022750332302400852,2.3298071780887395,64.51744734149278,784.260967,51.752950603272865,211.696
0.023201752957412343,1.982549102289199,68.16625648762297,802.7098918215348,60.23541300460383,199.962
0.025510583404367446,2.4219198026523197,60.56920806,856.2941763443205,65.62327410958224,166.546
,2.615314005040372,65.79756332447015,819.8152764756269,44.340967483134655,208.165
0.024826981,2.5904598758099247,82.48841760863174,812.5441068016662,50.877780053503834,197.753
0.015695309113939345,2.5870649992680117,65.65619697107732,814.289342,61.29618474081784,195.87
0.010470145,1.5215265182600908,66.45109593939495,860,49.68828418614321,193.364
0.020328974753661903,2.9073126441873733,73.84399793749873,786.8595206020124,51.00577541581096,205.307
0.027792758,2.1947400410248803,78.29164510679419,792.1615026490136,50.97731841,207.841
0.029337037879555154,3.2488384992773716,72.23475500631004,788.8237152698476,38.71281853,211.844
0.025371531,1.7543075963318986,70.58724835097776,808.0511369644659,52.017454046341065,208.976
0.026562495935201876,3.4452204464203464,66.38856292180996,773.2181564,,198.413
0.015253430164655924,1.7377425170796617,65.18938170708108,851.2033158821729,50.577665153398485,199.824
0.029386822245421385,3.3965194009748583,69.45173724670515,797.4224179345615,54.66970545126069,194.895
0.025400379029208185,2.425115226639103,81.14869907846698,740,63.39702688772791,165.576
0.032312061096440234,3.434081974571258,76.40959115024789,804.4808031537707,51.03563409877052,203.505
0.014345361538588964,2.4604399416835854,78.54476667952827,779.6088981,49.04862387269935,214.78
0.030123578658984233,2.294987488931404,75.37182794390282,,44.98783017823643,198.402
0.039702533,2.5484360035450444,68.67129638539315,832.4321066161249,48.31434836,176.822
0.031281021,3.2975968511163467,74.39986448934405,821.6738046699772,53.30887755437221,182.069
0.02502933,1.8953488929117421,81.32371893250648,771.0644250327148,45.22630700692651,193.499
0.02452592,1.9462370833192302,72.54099944092083,800.8215921844002,64.83454297247619,186.787
,1.888982195750407,82.98354908,799.7402784,55.783810111783744,196.509
0.034151364122061476,2.748150099104646,75.17765415272147,787.4621769506564,42.117579259995985,200.798
0.022888234,2.6526892576041186,66.47713351548057,812.7744852450197,58.37962996404363,198.69
0.01763423,1.9187523275748974,76.69763550065501,769.6892973288751,54.29743449571529,195.878
0.043202816,2.4879290740627447,81.93031926023164,759.2138173971018,42.93247289,177.147
0.023583179691531977,,77.70848651073617,767.7861113616528,47.18113176190877,200.653
0.014934337,2.5956301508884305,,847.1001945736703,52.43380325924526,202.907
0.011420028328676671,2.0823551805778298,68.53159592,814.5363889695282,43.383426506280784,230
0.034905047438711825,1.4567734049984662,73.34941879380796,794.9182594469625,44.93690914619951,194.907
0.019906692149313943,1.5522100894636883,80.82338315173067,825.9531765138212,52.92041916888595,195.9
0.023944354169562393,,92.24074136,752.0896875950692,44.442695336500435,192.017
0.025757604973000777,2.3983524041309696,81.27166778675442,815.4884953151023,,191.954
0.026063197,2.268222939676767,77.43350354921287,804.7598532404011,56.882646652863556,209.448
0.019988010856393266,2.5655041021284046,76.03955246,804.6596031379148,47.59775724182855,206.658
0.038895057,2.1828479846460733,66.97172458,823.181544,39.116132663902405,187.293
0.021114244,2.5228321127325044,66.26072730047535,854.9384016,62.276803613682816,186.368
0.023994729559224215,2.4113950986677968,65.65287754865119,803.5276747775346,45.77250935695732,198.393
0.035884723,2.570132174085079,68.94224025355554,760.4797296846027,48.78181323427579,183.682
0.011669487,2.6424951441604416,70.28534677618475,837.7373580557775,51.040758310442044,203.093
0.022442926,2.758511827120353,70.01051966557917,779.5390998977994,57.9999694,188.779
0.03494553,3.028667901345798,,782.0368035618878,47.88195180648754,193.726
0.017100404519348678,1.6527403212242042,,778.1044722845452,50.92991869456474,201.234
0.025454193800337827,2.531642800181286,75.37333706270324,784.9840836790307,54.42417423105549,196.367
0.031590993676749106,2.9444685514648383,75.61554161241436,799.5048828222039,52.739980493211576,193.72
0.027580710725535165,3.2218032185406438,,822.1305170380622,57.750660614107005,191.527
0.010333024812589747,1.4791253145123748,77.15385729,800.6678060722286,41.51970333990658,226.33
0.011547792983162223,2.7524087754110442,65.68453424265975,825.9700436379939,72,192.966
0.028294591810383185,2.478492199473851,58.85455112003328,800.5724560986351,56.717938908590405,192.463
0.022895253470053018,2.360477542479755,76.23020039941451,774.9175369732899,57.59033713195077,192.241
0.030548066810055424,2.1137915239258223,81.98893767081537,817.1734013,48.97754762,198.144
0.018193939103998462,2.153753088721023,72.70327696744985,782.4200722495636,59.29582433,204.942
0.022474217,2.5912044428022245,59.188489190687015,770.1793771500214,65.49066996,187.11
0.025890048760298306,1.8142610358961262,60.895994317348105,795.5866791128514,48.50407978608125,204.292
0.024497194491891864,2.1693149107767504,68.19063328832256,859.1663200268847,,190.977
0.019808591472730935,2.9033159479232076,67.70377844914762,800.3282894799611,66.42169727256814,193.72
0.028498965336916666,3.301362413771277,80.71535761067754,810.8185761169103,50.02072829664548,194.342
0.030982171983672837,2.3415378811644807,68.26678089949684,860,59.41082186125545,162.282
0.00871071,2.7275600860307807,75.83773848,830.2143560796173,47.59543627447554,214.507
0.027407081,2.829185340281639,64.97542645527122,781.1370723724817,46.38853394,202.608
0.034529129,2.6288712520495525,78.920564,765.0881789451556,59.06762321,169.937
0.022887892086139953,2.308888255988476,71.13881132,841.4628425371824,46.63703311,198.33
0.023078230422720565,2.3671218736557837,69.96567157939616,795.2280105364507,44.02603482592461,210.304
0.024744694,3.0260235494174426,65.91378629640265,843.4766270191435,,200.792
0.024178392,2.344311325943229,66.33992192237453,811.5222350586091,44.92295699832724,211.018
0.025909400380429475,,,786.3915230173784,50.27327572408718,200.144
0.037065747688979564,3.1465073454110706,66.88952425600684,794.6586300390076,72,177.538
0.024726854823955452,1.8049931575250477,78.6792265,811.3227247116464,59.44829849634746,193.001
,2.8062447596024116,72.28999554285629,770.0877168,55.78814034673922,190.415
0.031996226,2.4256032410902604,71.34007732,847.5216317530134,39.552598580767274,188.804
0.025431062856300795,2.7273279641805486,63.973518395483026,822.8291627416941,49.960304781964915,199.425
0.025968975,2.3904709631447325,59.38742881147759,842.5897314810994,51.00096451451293,195.483
0.026052752,2.8136868108507977,59.14346617106345,829.7044012185867,47.755499396175225,197.705
0.022513268753151315,2.5573261245779007,64.67918258837415,819.1930591386172,64.86093540740353,186.259
0.022873862952448164,2.9642691689186345,81.23988538326056,,49.35329820944842,209.914
0.019555105859993323,2.8347416503020466,78.92576450975902,845.3072235919661,41.00199790723735,203.098
0.032060219,2.997010262182679,78.09178850329153,805.0913953542866,50.90007428,198.127
0.020328681301966252,2.444473552370197,78.62628840921396,860,50.73788982708146,182.938
0.021983958,2.173594023832813,66.93604324507153,798.7566670431999,49.56476631684339,198.835
0.008246167,2.008472323772992,71.11311038359374,824.9119594713483,49.91937511825447,211.087
0.008362967,1.9018467823704142,70.28794565538037,821.6329921590839,55.198357884768356,211.675
0.022483467515864754,1.9755478225611802,71.27216574590366,801.764006,66.09220385020387,197.697
0.021718128,1.7063580978712967,65.61074141917001,789.8624781727242,53.76083230405422,204.371
0.018201198346368033,2.0473895213618953,72.98413561565667,804.6677496827322,59.503056401566525,204.721
0.019176977784093878,2.5206186453069477,68.48670699147924,791.4164102491972,43.43616689652579,216.293
0.011553774581254358,2.6703552986932637,72.10723998805017,802.8899105779411,48.475422527141184,220.383
,3.3793023036484398,73.98274922056358,793.9904312720357,47.65889003206703,198.384
0.031072087710854505,2.511878560482889,71.96685808326912,803.3100547790467,42.093802643882825,205.533
0.025463555632684282,2.664538584508115,84.64030416,785.2617991365271,37.982952355159306,205.254
0.019534722,2.5901868263235044,78.87328581,791.7334907626297,45.03576168864912,216.489
0.021243635033041455,1.9715018905458286,76.72925529725647,807.9385106076473,49.04074078434202,210.855
0.019295727209172657,3.1409065352930097,81.56245956134684,794.3506031833306,47.47594507571939,206.69
0.032211160280071024,2.4303085783921166,69.18572006785222,826.6103913469968,48.50652403596561,184.295
0.029280761,2.418413211013295,61.14118342442741,816.5308483842626,45.60665112261088,202.173
0.021800790069270912,2.0481126913784964,63.42851652,819.8592558740183,38.440818925450046,214.815
0.024852751332171744,3.105149336051467,,810.3103575345303,41.43629098910914,211.753
0.032744248,2.4692360061705534,71.56924879019236,806.5797195570223,54.055932893954086,197.137
0.038942337,2.085290784640606,74.66142152424851,804.4345737,36.372029237079246,199.517
0.017715746,3.0723105970419815,78.02372977163759,812.9878621560381,55.901127799049924,209.948
0.041491546,2.8159627609218294,69.43568216904814,818.2079416632515,35.38104284844708,190.635
0.024411797477427447,2.9800886073558046,81.81400657351719,787.5215624239548,45.90380079,203.927
0.016607654626271236,1.9635287045622847,70.1564856,778.6878599428836,49.86284387060369,208.128
0.024434167237030627,2.146807900834655,64.39015431,821.6439961668457,40.53771052931118,201.974
0.031344675,2.2500202782947416,73.33958596241023,769.2981865263871,53.789229821659504,193.405
0.019179948,2.52122907,79.76950471293286,825.9529721191617,40.23574888355943,212.698
0.021484165953317882,2.1677321628011104,66.33925785860544,753.5352840577837,51.72990174245899,191.259
0.014546999251391066,3.240525764284003,77.43813254110269,793.2246632932248,56.23638103095185,207.416
0.027548857122704724,2.578332624903568,59.46203543187607,814.1459264289175,63.59810275,188.538
0.021277652,,72.41443346353071,801.3373416723473,56.97807729641617,196.194
0.032963439301824514,2.430717203081492,68.12739684392741,826.5544908,35.07791600931789,207.886
0.027560568,2.3718043568420564,59.62605383078723,833.8844195212226,53.75312291249445,183.85
0.032454124145374255,1.9198961836874493,73.55740754454759,793.4915545737858,67.51983001037556,180.795
0.022988922,3.192993147521358,59.49432674512108,826.7786989149513,56.86533655433462,196.084
0.020621727,2.8844354360751674,78.03641234544396,778.3646884650074,69.98505822326065,193.903
0.024225510850740567,2.9100849708179606,95.01113291721282,797.3388035646526,70.86742851,180.793
0.036223935343445084,2.7132326486168923,63.44882193544081,836.1843935013646,53.53871431127417,167.862
0.010481701,2.4194030232839787,65.43704228602397,813.8156106898391,53.96143692596542,220.399
0.024880577545795104,3.009569130660512,61.76093417644837,805.1450394601603,54.26218977397798,199.598
0.028355564,3.6565312273896904,60.018683178353314,826.6408609,42.50865437063546,198.684
0.020704025181528835,2.086490324096912,86.28239853533142,752.4200020404203,50.03746225503057,189.943
0.020105923,3.0626183455280658,70.01005921308827,811.4754701989758,45.37589310714679,203.866
0.025606584,2.427608811552218,77.52866306694474,823.9753829751725,49.63413398962038,198.521
0.042590214,2.746828067005417,77.64023460766661,806.1464962,47.34439874791282,185.999
0.022721176230648253,2.327047250760548,66.73519032600848,778.3944843181434,33.72976118928345,211.003
0.018748976487067717,,75.61424016998913,795.9738219325922,43.155473903675976,210.278
0.019150841095878623,3.667933783000982,,790.3788555,49.77338655935976,203.078
0.005557242,2.4909028910929165,96.83072258678138,744.7732534958564,,215.504
0.025168427,2.0097001163830943,77.19308933342508,806.9110543576121,36.124679615379456,206.853
0.034135012248621976,2.4438191518159145,,799.6618135444304,58.980286060757834,190.467
0.030812362205407604,2.7818370704829705,80.3488174,774.9895940448531,58.37959180158244,186.394
0.020555184780708856,3.1558360116640998,74.32761188317498,788.5700679038374,39.48137718425346,221.222
0.022163464624514365,2.556193295186034,77.85153516,777.1167911,52.62577018035485,198.114
0.022774726068888668,2.194405849,83.74793914422148,787.7792687465667,42.14911860173537,211.601
0.00906892,1.1985032784737804,82.57402012356773,758.9543485464208,57.30960454818189,200.295
0.021945677,2.9794038222556134,70.99172171797147,786.3181289499828,50.20235365046806,201.9
0.022482254,2.2458132622552816,54.785591743913194,860,47.70620464219257,177.975
0.025169102,2.084206518444113,52.75629993,824.2964730042762,48.69077002020729,190.322
0.017023086,1.5705396499417472,84.72420185382569,793.8752776,,207.468
0.020250022913777945,2.8180313748046344,77.29427802088262,763.8664006867482,60.40276399911883,186.801
0.03857449,2.057748664809106,87.39285438,830.7792444973398,55.870788191955825,170.129
0.018805669546720617,3.0877816755882157,74.07170800961596,799.6580519522414,42.21149618227174,214.494
0.014022901551707014,2.9265465493953284,80.72810347883637,858.1993122142759,55.774768765351126,190.562
0.022214236529768443,3.5807039843028496,75.77140217377776,804.5682238503207,47.728860331038106,205.986
0.028171015,2.307614803843327,78.29578710862154,778.1896242,55.44122473820766,197.424
0.030821549963094455,2.6203767629534145,,768.6840126050828,59.46110009609306,186.562
0.016076426,1.794166921695349,56.33279548656555,810.7869357,57.637804093985615,203.459
0.029334024,2.614425036792019,84.95166368922534,819.8426483686601,51.862419526625416,193.729
0.023418476927654364,2.486996365578423,69.79811722619901,817.6686174059682,58.78924406224412,205.647
,3.4085193343246463,72.94469823764656,810.6354619481043,32.94343717,208.932
0.032549306,2.331800883800573,74.22619102145234,770.6722020287779,47.96803800300802,185.68
0.018275416696959985,2.432601692418756,78.42223168119052,774.4643606249451,44.03086248656002,207.967
0.021817720587361054,2.190523303463987,72.48819689388564,804.2547670577029,60.653469737923416,199.49
0.026457439,2.884639479072088,68.02711966,810.5064362933924,62.56836995002001,198.458
0.014361054956735878,3.6110938177234724,76.75785741645676,818.0990417990994,43.97844668534679,220.057
0.016274169,1.7506151592112813,78.34483308501497,784.2378430053687,49.41201656372322,215.206
0.050149041,2.401946651260699,64.24083753706677,823.4257879728941,39.26865889707408,168.071
0.011412547,2.6815511653215296,77.96887770204728,818.0544007656598,37.52308366013154,228.331
0.024447701464488422,2.014492533825004,66.27195974,787.2149180577732,43.664875122683725,206.967
0.031999492,2.371442643718055,70.09217592243148,813.4095241763889,40.97974829521367,209.856
0.032479698,2.047261456091075,78.33582189420756,813.4216995597542,58.84137901874351,187.916
0.03408153,2.2432871133018164,65.86335616,799.4794975413861,48.09186089754641,191.983
0.021769499022906678,1.7302486974681583,68.78614021224541,746.8626199046683,52.619570057491565,193.795
0.029611124624419012,3.325782508433729,66.37731883,769.5153570385619,52.984820698069456,195.189
0.028569763,2.640962411368142,65.51486219163844,807.9949634,42.40494827920029,208.928
,2.7847733976538023,77.25939634325918,797.2408740396544,45.65119229693495,202.226
0.0248081,2.9019582648560505,68.51726876827149,785.5356825390415,50.14121236690385,208.842
0.012472755416381681,2.2423328590280303,69.01298843910389,786.3831420371927,42.92391177196943,228.94
0.018919611776371175,1.6869390040973906,70.16438589568482,776.8389813,36.44659860178392,213.511
0.020567534886160983,,80.03442301707602,860,36.56595970023905,192.262
0.023376551482106787,2.6094378293597273,75.26805615023407,770.2863852624251,49.32659891494284,203.465
0.026147708842000558,3.026322526,78.57304407925876,801.2295835120373,39.552635123869116,219.078
0.019784696318579778,2.952670231613065,62.915898572268404,829.0433801927101,40.780020448581936,217.379
0.017074647,1.3800148612624865,71.82732538,812.5028360817904,55.18030650090829,202.68
0.026545796,3.0040219639139893,78.27934464768809,763.3540120821557,54.96720160890275,186.36
0.031274118,3.269270249241587,49.86548219359516,834.1081310295575,49.92331105287939,183.099
0.033532275721273416,2.2835366349115978,73.08865859693071,806.4085561140827,52.74398161113356,186.861
0.015701431737234525,1.8961846239535713,79.18921671327223,808.0798593,34.96741170180849,230
,2.5602061282645083,64.91557487448412,817.5498231241487,61.59124494787834,193.226
0.014235712093792586,2.496569768907098,58.55328533562904,828.7631087533136,61.65899171433568,204.577
0.027624348976380504,2.091148546378133,56.449147774497334,839.4360739854684,54.774015942145226,180.443
0.023887058,2.8489867496353183,78.27471343859447,797.5887055553965,64.04821681042378,195.438
0.013070496407862996,2.9095181714319853,78.53594046531262,777.3337611142971,36.876407513780066,224.045
0.02445448,2.0601329696782877,70.87829668737939,765.0425975379891,56.35047207040587,193.397
0.018410836902038378,2.3303857384879505,85.82152948218557,766.0319602706334,44.554025411919575,210.878
0.023552898302977313,2.5255323504867278,100,771.3530741,60.63531274688534,186.032
0.023835500250160745,1.7020397916585273,60.69642180522162,806.1044856989316,48.13668637159642,200.692
0.028586202,2.5943797103085986,66.32892038570628,852.4067585660266,54.377265534462154,174.033
0.030627172159963887,2.7004531307507724,61.541917242399656,860,48.66382001207056,162.678
0.011925279320262648,2.1958755693778462,72.14709757524976,783.7171384500731,49.33630244,217.789
0.027264404,2.661606857479302,70.13165797540896,773.4219178014226,52.62267243839737,192.347
0.029141227171202447,2.2816582459333197,79.48571401,806.5279570676497,42.56579518239169,200.234
0.028646454780245127,3.113875520157757,73.75333636803006,833.5711399662792,50.67254029686524,189.085
0.014153993,2.1005347723674923,82.73925462209904,797.1592557315739,41.029387313841724,216.277
0.025441529105103798,2.3708507832919508,83.78303983945015,806.4890068067157,37.990660471042844,217.347
,2.156164671721134,63.267694429105504,821.1036371934212,38.67401866121298,214.367
0.022410008008409338,2.9916788934268173,57.17666705491909,808.6925615255544,42.234346283816905,208.532
0.023019239135670413,2.245330263412217,65.08437958033232,854.5604427078199,48.99462837772834,185.351
0.031769466,2.815742313153626,67.62931675934792,801.3788565105006,43.37775491107805,203.007
0.026382984090445347,2.2353697382601014,75.67798826890447,802.7423717124594,32.73813576625759,202.415
0.020497264674096655,,71.94271937027716,,38.63536750608818,218.157
0.007729308,2.552713868523048,70.92468938527449,791.3644567341672,40.05126563847473,227.706
0.023358127041941606,3.4110766346286208,67.13829360210052,823.0060981292668,41.28010442974685,213.478
0.033397735,1.461997640259567,70.95757481,772.0024376236387,39.37177154966289,194.575
0.021853409405944775,1.3042600462073113,88.96951451,782.6140897245781,46.773675461706766,205.221
0.022350200584361973,3.6486598401378405,65.66633161610488,821.1856947493832,,207.137
0.046622003,3.2982989510453287,82.00951050159935,785.5323495751511,36.73338752993923,182.4
0.017498022049859632,2.973218212,67.61857230096466,800.9981234277142,43.74765355481614,218.313
0.032248774,2.8932144660167936,75.89756357943209,805.0402527448347,48.37728788423015,191.781
0.020930468,2.4706308676126527,77.53546848153276,776.7333785492585,60.62880667588713,191.881
0.032225744803188947,2.508466005026525,74.68404815191386,857.7733588504382,54.55493660089771,160.566
0.034767506,1.8362724723032602,73.78021171565985,769.1197155969596,47.29851217211809,197.914
0.020625362663792574,1.6265326463159218,73.68528355313344,821.3392892,51.06789239772222,209.938
0.01750256,1.8069503993672744,71.19037466,778.1390068,40.279333756540524,211.33
0.030920533103353666,2.2336879792388467,70.84985932,830.1083527275574,57.74058091529356,186.072
0.030744099998266407,1.6083032513550362,64.01928138,819.2690850305553,58.981210223632594,189.335
0.025266265871948905,2.5230016960952826,54.88821248491991,858.9559058316281,59.378021614629716,174.874
0.023189693945476635,2.7594093052337483,72.80994206285091,755.1192597,49.96148308781871,197.77
0.029999966454197426,2.2612301146211187,70.62687140511962,795.5816000357396,50.3345825,200.579
0.036600192,2.767797586498176,61.95845786073008,806.2351553487656,49.16404592690641,191.242
0.027658862,2.590162633363372,78.62799088,800.5275326152591,59.08895011760874,191.146
0.035428029,2.509972225166926,61.677197268811305,817.8951511200432,42.15303065,189.335
0.020314489190199608,2.832821280471284,80.28086226956083,809.5927067342244,36.59468389020246,219.194
0.024119770164222808,3.3221177838652305,77.14071615532852,784.3079785043733,51.60514288871493,201.826
0.014877086859597308,1.8949101185201207,66.26401118719707,823.9655063658325,58.63055607924316,200.305
0.027691920834922466,2.7070768079305623,62.85161240286473,810.2062360586326,46.00805431411798,206.901
0.017845115925321363,3.6544100563032282,78.74336042995908,767.4968391322084,37.855221933962284,214.81
0.022891831729925614,2.3041422913762424,67.13566853,802.9233014545807,47.02248134931736,202.331
0.023060659,2.359606789072332,81.23178416442109,799.6290442984845,46.804711476181396,216.143
0.034972369,3.7190520391334116,82.61181950507226,822.2980354788192,41.987804567339495,187.109
0.024613764355776616,2.418289427071741,73.89692749836529,805.9682767833823,54.50646570018786,196.717
0.021138369517876746,3.162246713470572,74.50435822,804.229792,41.24121766440079,207.923
0.016716714475585537,1.7908699502059724,82.79902538548465,809.4031001824947,52.12900491129247,203.708
0.027985756448867433,2.3049752555284644,74.62144373900549,809.2231961683647,49.054574992795224,206.315
0.018074502727651036,2.787754838081725,79.67656193804454,762.2633840159073,42.92742583060047,210.31
0.016622638711940602,1.2590092529359054,61.557546591761366,822.3411376630615,55.180978426697344,208.759
0.024918144921645687,2.2542675407532746,,805.7581237198143,65.02588163020769,191.08
0.032378881,2.945412896779616,80.49061047,762.0171568496637,55.99888408402252,189.791
0.038217669,2.579984997,80.42740045724621,793.3390304580415,44.08898891256143,192.493
0.027320303,2.3255059755633893,65.85714375345431,839.3543196,37.50415327847354,197.547
0.017473494,2.3025329055940746,72.23396290318723,807.6469670615826,38.30266936674983,221.861
0.029727857184984254,2.997891637664562,76.08272029420296,836.8574005,52.80412700350584,181.69
0.024746433597381594,1.9471339676588708,81.79086381944111,796.9560286854866,48.27855276,199.529
0.034463025,2.520299774070163,75.37706727710382,827.6066499327325,49.36391986076593,178.201
0.022041967578377196,3.399231150529541,74.62556428768065,813.1065655962232,42.09576685169902,204.293
0.030232098792682783,3.2160736072625262,62.75948878666147,830.0060811538814,53.92877240417625,189.161
0.015681718,3.040442816544751,64.99134308755073,747.0252885587257,45.10778336831805,198.22
0.023762754533275855,2.3445517011702215,60.42788555190173,815.1218478106853,43.10890848342397,209.176
0.020245877027523836,2.9978088415193302,64.63795888833202,798.7482681298023,37.33971859,213.785
0.019577000903995386,2.172565990787405,72.94826764865978,808.1509173444214,45.88581778,214.881
0.033182661188649536,,68.26037081,795.7523418170085,50.94722975513398,196
0.021689814983254157,1.9203871802177956,75.46720770670876,828.6240972865447,58.778946149208295,200.787
0.028022889319516228,2.433153987952158,66.15769854671507,797.4971565747521,48.709167641192735,201.484
0.037806409,2.5548311472660203,66.38390233049785,814.1187517166868,54.15700660179696,172.392
0.02950068,2.7737212561337037,58.700118027421254,780.9510507001643,57.28786209423928,194.406
0.027793540704049755,2.455995207666284,80.45553201790294,801.3611095300512,43.33635184625907,213.542
0.033802919,2.1507985397478198,71.99457924616429,781.3495379018095,61.79830227563639,182.714
0.021044872438774627,2.1012364322788155,51.38602606209015,816.7705154496748,43.19400914465612,203.788
0.031356219,2.279708919994535,63.41600308070273,803.2550858008365,,201.682
0.03336754,3.1670051207401126,68.28276264640364,860,56.28944486685806,158.743
0.017536230337492804,2.3904421410951886,69.94454066283524,820.9781528678762,36.96831608112629,220.341
0.033855970328373966,1.5429273232647596,58.38224733741621,816.5043304713985,49.57206874368314,186.242
0.029595853645814522,3.9849798562165994,85.18259617821508,789.2053198107618,35.29311126746664,212.343
0.026259202107717636,3.078653984753624,77.22181284075145,794.9486622473943,37.33166856657206,214.346
0.019573787211753027,3.284316024520309,70.4859987,816.6337993440636,56.33292018221939,196.92
0.013110741937365712,2.6511793476592276,80.90080835463823,815.7815490311249,45.06556451683879,223.356
0.021369401,2.157928156,68.57631900355815,800.9751154,61.401955466562136,202.994
0.022704093,1.988569589,66.80935356790711,787.438681,42.08532674622401,217.334
0.015975483128022487,2.631504225271631,71.49287798,834.6396612,53.83978978499025,207.583
0.026303292,1.6724446362438168,83.83805881225669,772.1721420443153,45.02699132230409,200.503
0.022484829388721858,2.471206772341718,62.31425510795188,822.6083497597505,49.16625004459429,203.275
0.021717226,2.9791742684194973,77.22202230620567,764.4025378974388,45.56587136761833,198.547
0.026720879174945065,2.3568523775966224,62.36370221023867,809.6938098333806,44.78243583114054,201.815
0.019691331,2.3703898398085723,81.82588342765789,810.5292780112696,45.27828319683647,209.364
0.020438650426844347,2.641947851119023,75.72679931,801.9920219265766,49.98358219064294,211.468
0.027318951777963663,2.253510917271492,74.49309657252985,803.7882774,56.40723333522914,197.852
0.028140353,2.3673183102120396,53.01072635135977,822.1628469484461,45.49834164251056,197.326
0.021033739796259616,2.7574339920928708,81.67604950160374,801.1430737952096,58.25997858099742,192.721
0.014274191,2.529153879940622,79.04758007348708,783.2705172860026,60.7720457,201.967
0.018549205720478912,2.4612492703977513,58.31451801659725,749.0622996287773,53.86841170454817,182.076
0.025175454,2.6117653,76.78710345725068,816.1898974839015,57.46018289953961,202.894
0.01867904,2.9653627250852126,85.01265741,802.4245482155628,58.33513155944616,208.234
0.024613852132455545,2.876617936591044,84.76275680436927,772.8141325,43.875592005582575,208.256
0.030059223427483794,1.480830326,79.16698749113442,795.6130826542502,57.81726402242353,196.377
0.023040372631807977,3.3324473692389107,59.670031612605854,805.2997373668502,34.92511701334722,212.957
0.021952442,1.7364879596949785,64.69125933,795.0094217451875,39.40095808949251,213.169
0.027403887490713312,3.179976708396743,79.7705798,740,58.337053069258616,170.357
0.021040757403354073,2.731913386971992,75.02064612709246,829.5736587329154,65.12355320487555,188.303
0.018845589,2.917299971901871,67.54354851391051,822.0949321908241,57.000384078401154,199.695
0.023329147237715862,2.6303479709731667,75.46845696200174,740,40.341365437923486,190.141
0.036066822756662634,2.431864961,,810.8527846596053,50.79844699006004,193.8
0.023130717,2.34961503,62.62067882,842.7026045571187,51.744006354482586,189.113
0.034553531,2.888631804161709,64.62970283622363,805.3211896296492,64.42958906998636,176.963
0.017539815645400945,2.4552824291119886,79.30009890666095,803.6585042676325,56.920405366829314,209.929
0.032184378,3.2562011171438323,78.81974525253148,756.1333912704481,52.457013995486584,179.233
0.030020789,2.9517312102082487,73.39823425524654,790.8474206832495,48.478993536322385,195.458
0.017502293031471005,3.2523691717591765,66.39217256016542,838.3807113810757,33.63553505282802,215.923
0.025303556,2.081741424623818,71.96770294392395,787.6292973189986,45.98691681792686,204.249
0.018605033297065983,2.5782052894443424,61.2585538,773.5918117700395,55.78524683177994,203.313
0.014747647,2.517920992175052,85.12416474706576,771.3610039189754,43.067161062603596,203.392
0.012945703440457361,2.308930702456683,63.56350228963553,823.8423146442217,52.44379340136875,210.745
0.033275562322266306,2.3839213407821505,64.84585147,768.2677625503081,37.92551500744268,192.747
0.032816332053336145,2.7654756539161793,74.49222425231906,780.9572082445834,46.255192056452366,199.435
0.032928389180530954,2.5863624852306155,78.50996577828019,758.2881349440358,65.29046489,179.297
0.017636528868366683,2.802493671715435,84.94443098,758.6605213221117,57.279046998440656,198.274
0.005,1.1683876148769883,61.198132166817814,782.1273803748411,51.43325933121435,214.548
,2.8861204507079474,99.48627988294201,759.7697733650785,46.203512118360514,185.947
0.028700496081118673,3.782735492160697,75.85847736626931,802.498234,56.19270769381472,191.963
0.03714008,2.4239092810103915,79.29042330928723,837.8351177022748,46.47574378014767,170.102
0.021663741,2.9725949782719803,81.27117990149756,794.0064155845616,53.46948282,204.464
0.027722181151361255,3.1849704070400233,81.21729780229984,816.3333314933346,53.41527841,195.544
0.014846138165446077,2.011576002280424,79.69282892094537,810.5660945523063,51.588677231907184,208.339
0.017994175514095462,2.061911662509761,74.55927644354756,811.0352112,34.238648032565976,222.569
0.028910918,2.570793860124021,70.00568905941186,796.3727877190213,48.46826180246978,204.076
0.034062144,3.080828356936465,52.33245472571086,828.0529209923689,59.86278611144513,178.597
0.017918407719955357,2.1532250554874146,77.83209869,802.3136153272974,42.89241219402342,216.04
0.028507558524097254,3.4627233402967583,72.99159054156314,782.2793165315652,49.29942781567428,199.589
0.013974642154216425,2.2275070998530344,72.48663140645586,792.8272630291364,66.97212489718996,195.1
0.022169261,2.424397082365499,63.42418744136614,824.9475193,48.87988745487127,198.979
0.020478288644532598,2.960221575947323,75.26965434780438,783.2405021845126,53.52773750280609,207.337
0.018596657441881253,2.116229008963663,60.35072721823892,789.3439376154716,55.016707636991256,207.642
0.029934709197154637,2.8647906334315842,71.03086940346638,815.9940441088621,43.52257484993085,207.817
0.036725001,2.254441113954844,60.38310614458488,796.9278371735927,67.58690146555584,178.571
0.022414891448713944,3.419579457406797,70.80949099480526,793.7233992107482,63.69822846,185.779
0.028192667855952758,2.638507088155416,73.91535282212037,775.6922770189806,50.28393889314426,196.83
0.022572377686873552,2.1631003244991116,75.55197409442748,800.6954521724031,53.09881443196458,206.253
0.029919991322610667,2.511596315113548,90.85289432630599,749.0532462724316,55.83942291082359,173.641
0.022996261,1.9387667588308024,59.574102102252844,801.4951388,56.15849800751906,196.678
0.024744202477490335,2.683496717532439,64.23199721409703,811.6542858907684,42.34768282221873,211.481
0.023527572,2.741720431,65.13723917432611,759.7660104356692,61.91967292639827,190.297
0.022523909,2.2634683419107806,,841.3393366562458,46.010453251215665,197.537
0.024829007,2.754049271138334,71.18674344121202,798.3727800427569,58.98636034859307,187.803
0.014526073,2.5011518598352076,70.13068261631753,828.8834448651822,43.708498143100186,207.684
0.019402858397883138,1.7964810553540898,87.03750745038178,761.5287745425948,51.53835144703431,202.529
0.019406026534537366,2.6476454825936084,71.14450009474552,809.0778410277468,55.83400840652462,196.966
0.023468370941257255,1.823128807792954,73.93256250007195,813.5539321738233,40.54584813119845,205.071
0.025285798,2.704500428,75.21692487728299,767.4930618125098,60.34220917920652,188.005
0.025221796,2.3352359003810195,66.30402984305177,772.4116626307806,55.370650220735314,197.412
0.012193439166680394,,50.31229215037936,846.2594154229896,53.14219567015434,193.745
0.020609032321018277,2.068368489228019,67.69989177,803.3545947774913,44.14107839550145,203.283
0.025059015956840118,1.4009142358133915,64.10222995667905,780.7963954073734,40.05740714447688,215.338
,2.4731717491003624,53.75234192238081,858.9688150326593,39.50806237506435,147.678
0.025802771175055497,2.588605490752937,84.61431434933166,777.8398113554008,40.79009454917976,204.504
0.022820402070287404,2.892186649716104,68.81962183671166,798.3993292274993,57.486487615248926,202.045
0.010758766,2.466678800934592,,783.9788345456466,54.87515782558216,216.952
0.024879486038698925,2.787840060568066,64.61874379,827.8367768,55.88369739611457,197.208
0.021619155,1.8617128708357886,68.08812641,840.2209688260047,51.96056675849552,203.187
,2.5783524298688323,62.06882043,,56.05219641459185,201.592
0.029571956,2.693704929368346,73.91740126442218,770.1318685858253,59.37909388079782,179.143
0.016804016,2.7444309435878242,71.24707433450769,819.3802134789418,49.18900634043361,207.264
0.021432496830857392,2.3864521558688625,82.27278302501192,798.6147704455749,61.510817041689485,198.299
0.041891667518640624,3.573143838853878,73.96741594270524,801.9640845,54.896575189877865,179.229
0.021341958703299944,2.302356013624068,70.91788645403987,756.2874104267087,35.77109326776286,207.002
0.027020992337287653,2.213847640431375,65.05617787734491,818.3590441213094,43.286141654841686,203.247
0.029475300167830353,2.293798959,65.74360050097829,777.4506401417307,47.445968123190234,197.93
0.039630055,2.2100030218973905,76.30167144,809.2378132678701,61.636892635172245,178.874
0.025774973,1.660452054331432,68.11314016417458,794.0170633716473,38.06457021912349,213.612
,3.1377693886399785,74.54127084151268,775.4583394184228,54.72192626205227,196.497
0.024179722851032936,2.130557565011612,77.04249271434298,822.7095497481499,70.99691943124995,187.624
0.022895149,2.4340053785150926,84.59910180197386,746.9057474,29.950885349764704,205.153
0.022543444707763174,2.6238527025260936,79.67755506210472,804.0478948789046,42.46481550530086,206.407
0.022288969699607544,1.4808619376878738,,806.3429876311538,56.85234118542782,204.005
0.018456721,1.9589900124137982,70.98387643256777,787.9919578481189,52.30906426768395,212.036
0.028217513,2.565000285476275,,771.7241948004571,51.63299723325277,195.252
0.024771223760309984,2.489596550645246,71.69559241549685,757.5670362661241,43.631662987806706,203.558
0.016658592,2.5760485153188672,69.05875333640063,788.4654163155878,40.20889066073569,225.858
0.020977430578995582,2.072004817608495,61.03619789849084,788.4307636689756,42.201026083058075,207.589
0.032724291,2.1863260170307455,66.4484919,794.0177521089427,42.72200745361298,202.498
0.025164417922191904,2.9490409451158874,64.71702772273169,793.3677027635922,,214.144
0.018385295941703704,2.2703855628126473,65.71371261490226,810.4820140456136,52.36018984899603,206.601
0.024278229625103714,3.0971042251164658,76.31335107655084,787.2357775687016,63.160445070036936,198.817
0.010930339710421963,1.9211716401946703,69.80584133482495,778.9535264413131,43.91482667036977,224.985
0.026117213088074593,3.4499421598378124,,740,44.17681243715689,186.061
0.015488066780799878,1.6076096012055257,66.24351019020732,799.8590226854593,48.57222842026569,218.799
0.026375065,2.500183526506581,65.56558441,790.7311520784111,34.92306845413928,221.051
0.01624244,2.0258351524690528,72.59381989379591,798.6021187,53.03871022291295,201.581
0.032034761,2.890399443077957,67.46395068625742,818.2739130612676,49.59698208009683,202.071
0.026767447286421813,2.3512592902958787,59.93169404871739,814.9999998203552,64.85520281143836,185.835
0.025049425359834076,2.298074014185268,69.93061637281468,801.7735751090293,36.00191639,220.046
0.018286768536636123,3.1496783339635526,67.27711864496763,804.6431736597336,,216.88
0.026016067,2.848016863,64.20375369705658,828.4025110031127,56.92268993686263,193.788
0.033675729,2.606538952167791,59.63176832072557,822.6844272356321,49.64870637155181,184.483
0.022281609,2.827859761538828,83.29626012692567,757.4079434102896,58.56507024665864,193.714
0.019922342325119285,2.2897847793513613,78.48178130810555,793.7752484883903,,201.357
0.013453870969788733,2.366028910111804,68.42177061979204,801.9282424638701,47.491496751789725,219.931
0.024991214,2.2943310954823284,67.83802655007698,803.4157546876521,52.67562072543042,201.372
0.017153499752432768,2.834854445253254,79.31897195167465,799.2288195146334,54.45930565717917,199.892
0.039714956,2.3273953929051263,52.65708406790466,787.3372001790976,56.80848929983841,177.268
0.019666641689455883,2.5096530978508103,80.84276914,763.2974625649975,36.67365843757586,212.249
0.034522903,2.169461993522444,66.44455922,758.9953748301514,40.55195611293869,188.769
0.018575510978070926,2.5270307028972985,63.28031213503891,,54.990207241882814,195.039
0.042263740702183444,3.2713464622630557,67.02050227737513,825.6737911105482,36.99002632328556,181.924
0.012681515608501098,2.092089886590552,74.34412939826791,812.7225327707607,41.720665378313214,218.647
0.024986986,1.4648290865115419,72.63777307726002,813.6192135774967,38.58772784018388,210.232
0.029379610506932954,2.7218329271872603,70.67139071,781.7992000529564,49.33333053163038,201.399
0.029313090401393904,2.7599753021974816,66.82675679732242,860,46.17443356588932,175.049
0.027924124294797882,1.9703089805921667,82.63868345396321,773.4087391539205,42.279268807081735,200.374
0.018704515,1.5832006244786587,79.50414227243573,768.1556224667265,49.78495858889577,198.222
0.018875889615185264,1.7675756052253355,67.66448222474085,772.2187805584122,51.307065052010635,195.813
0.019077192585386704,2.351140666887309,66.87137706424159,787.3291422315662,36.84965333107607,213.697
0.036709779379014366,2.5588490497715286,71.84441498155428,796.5388167390561,38.16976039629523,204.136
0.037111786,2.6010846332689197,72.88911852236821,813.8766759773466,48.20042435875336,178.854
0.020591292,1.8738629040468284,79.07894099534701,794.1846543415973,53.64916058348571,207.168
0.037091529,3.106343862782369,72.82014365271229,830.5346758824719,56.731854159968734,171.021
0.035051081,2.4756097741413594,61.15402786666479,,52.308451351797935,189.827
0.034921632,2.6828461477973664,75.38932857030015,795.8233039403577,37.248123299630095,208.044
0.031347166,3.225367099597371,78.74306847119094,816.3831862858077,51.09439121277923,192.26
0.021493212,2.5649482669490786,56.945146916097556,814.9138563,48.812649032192404,205.971
0.028370471467464284,3.5555110654437363,54.061663583412034,849.6480692791081,43.19752992771098,180.837
0.018271983319112468,2.6475847692032906,69.01054986,782.1466835937919,61.67491292526822,201.923
0.026273579,2.7560226948841855,61.63034099066184,787.3370387240659,46.113118390056144,199.5
0.030032599115729235,2.6839797840471697,70.76267515480258,820.3579022757696,50.23276559288807,180.085
0.025188893281076024,2.4106877232448065,67.15962390925648,848.4199811897666,57.02438382966032,184.536
0.034148935,2.3393948758999428,84.00763906754953,786.9140519279508,61.42665966942083,193.78
0.039102134,2.584100268841763,69.05623375113818,803.6325628373953,40.12144413,189.732
,1.5865635018205015,79.09002774703457,756.0748709,45.485593506639134,203.75
0.016753635502086056,2.3899136481399057,73.56433468,775.8762217,53.70197354447146,209.91
0.031937085,2.379189802,55.405070531184094,812.4240468826088,51.747698661816166,198.228
0.023955364745964512,2.864978407958345,63.06916307418491,811.5194540606361,55.17595061569992,202.181
0.021824648869951058,2.438016883899063,83.83527095926367,803.2586687815456,46.28432526411165,211.455
0.009388659,3.1708746590070724,66.07268911811018,782.5293138542928,54.12738159230782,216.615
0.035619339,2.7921854522940914,65.93101379396876,860,63.10445007957773,147.15
0.027339388814698135,2.3858956344328983,47.097130758959814,792.2472855831087,64.12267347237224,182.9
0.026851918435448895,2.410272824394617,69.19315335664362,824.3619281401584,61.001172689159915,185.39
0.017678956882290466,2.6815350245049547,79.62503008,829.9825690954259,,195.726
0.025069005669117753,2.8122620053096403,,790.2010760218393,51.829061651251706,205.8
0.019621865177502928,2.6794333567310993,68.22913731122534,797.5491290824606,56.06642256229499,202.764
0.024085781108911884,3.2593529944418314,70.33498493129777,812.7654073,39.1134977,212.223
0.023073201642290417,2.7896001651652633,79.53454810390409,782.7817995209513,57.071196703613936,189.483
0.026164637,2.244523700471316,68.84418922,803.7595784168985,31.934333459197973,219.855
0.030498604289586957,2.9380518982409876,82.77426068378743,771.1684392327459,54.775470967868586,190.497
0.016900026017417177,2.4642366847479593,72.54207603901872,785.5326773792236,56.97471244866007,199.289
0.030742316,2.6391909320787406,,811.1712851520524,59.595865616700465,192.509
0.020777252385297797,2.487282208654017,80.34792354,827.9352459505147,54.10309626663573,201.119
0.024756607,2.711702246204912,76.59294657292472,762.8002721185806,50.74663851145796,189.649
0.023705319,3.021591930486429,73.59998848226542,794.6426224688574,44.27795921522227,211.24
0.026921918618238616,2.4072090396988344,73.07971946042355,856.0284382204263,48.09976733535382,179.629
0.01610193,2.9154078333468396,79.90024488091187,782.4419034756695,46.81332788160733,203.213
0.015205807939026875,1.459283732,78.06108876123889,818.6169694283041,71.04231230166103,190.963
0.030026717832045618,3.297211255,73.54091159330646,776.5083892,61.74304554405755,187.525
0.027038866615621285,2.540983511976355,72.31884907011253,811.9062602433962,34.61871025930654,207.989
0.029658462,3.122162343438843,74.79484318832888,781.5975957339007,54.57176981,193.097
0.034822674405390414,2.5141880386822404,70.58601869,776.6077529357991,43.796921031697046,198.25
0.011463010188113892,2.147469073143574,75.83611900482614,775.2359868897881,,212.438
0.020555901394921753,3.343423476614116,67.28878246556656,833.8577509,39.17892746323707,205.776
0.036091998,2.9825171194395823,,777.6636392990961,44.42222378,192.309
0.017077888998360574,2.7624205146733165,63.52194152161918,799.3654481549958,41.861439295347914,223.164
0.014949244,1.1988338225124917,67.10408448367356,790.1486248329728,48.25640588956515,210.766
0.023456285480112037,2.563261537454014,73.12057735585014,805.7005626,54.46487159632044,199.087
0.017230520621271277,2.9268589627557833,83.83318405,806.0001848498691,38.63025447099545,220.126
0.025916804138957538,2.3084834947146406,82.66869966672934,813.0733145,60.72509396251801,195.73
0.024961633703915912,3.052040539315864,60.97309564178434,787.4430119948233,54.74529819809991,193.152
0.027909973,3.171120244,100,832.1402470553548,54.23460289402222,181.14
0.029182053474652542,3.045871382099019,72.46350005664227,847.4352001098277,54.85714079149647,178.853
0.021905486,2.3777681352150717,83.39207911695233,777.8331177864814,49.38949388561576,204.522
0.027364179774495352,2.734546295238686,73.67715294910566,762.6256103316758,64.94165649218361,174.392
0.022886877655456536,2.964530640383953,70.64138194342723,772.023846,47.56951272247558,200.937
0.021485561,3.4730715076112464,72.63328291266497,808.8755536060498,53.84836143780857,204.325
0.023814701,2.0327270504126336,88.70282904,772.8908675344836,,199.296
0.016881768,3.1904464187433916,91.38694347905599,776.8697520886818,59.46941966,202.401
0.030005571237191386,2.7760161787005235,72.47618588140827,817.3965240256811,60.96483886418399,184.414
0.029604349,2.1239451271513072,69.50196062,803.1062776297981,35.127924668838325,215.521
0.017108750047549894,1.547110775631149,65.87487639,772.0446267035443,46.89835093151881,200.955
0.023488037678535394,1.956483018513856,84.88851072372421,765.3827176167538,56.16810048151919,195.392
0.022852912939744386,2.7035024718859515,74.55946860562365,781.8366720034933,54.60530306292618,197.135
0.021407531004422088,2.392268191891139,85.44072224838959,756.0054585670496,46.48968154932433,202.442
0.021457852386334977,1.8305399314713853,86.19068442540268,808.2664119137692,50.10647349239769,202.099
0.045603074,3.096668161408425,66.57137164803011,802.2655592,67.61262878190952,169.911
0.020626526476250965,2.8741406409768366,81.27503374435064,778.3123668370175,53.204851485184825,207.626
0.024359107,2.6578305964906224,76.83363798,802.6817248574976,60.099419112451756,192.924
0.029967214701856544,2.8144588166611104,59.541482472507994,774.3409386079865,49.89303432021227,186.373
0.024734217,2.087595118893851,66.99420625679403,807.9648186761481,46.63653990569812,195.368
0.020654984,2.320269915232701,70.37792308,801.5151297954233,46.48253529750572,211.693
0.026724259754327122,2.3547110393846857,57.962686342080545,792.7049284249674,67.10331657711575,188.494
0.025620626424667704,2.4655776188127856,58.672386460221546,837.1777396071099,58.89612647246227,177.307
0.035246336,2.115240445394591,61.671564601559844,793.3086034353527,72,181.705
0.027954558,2.654388380592408,73.99265368746889,800.8082940254127,36.13594918560215,210.624
0.034534111169656684,2.454113416018473,75.66643185,800.9060889,48.94650893239136,197.892
0.012017988561616441,1.9935886987789688,84.83759385,804.5873227605326,51.19376247409201,216.658
0.016220685981555016,2.1732503725750267,69.64744715758535,785.1226763853842,51.86985421189231,217.94
0.0154911,3.2648680320276604,69.58067104634806,755.5604870301592,39.29958180553386,206.12
0.0319193,2.0358421947885663,79.33960467239996,754.5001235,44.99312913,193.165
0.018366343840248885,3.0102595831578896,76.47669896048714,804.7690017150678,43.01797267388063,212.433
0.030526527597231234,3.229403182841544,65.57102226504561,829.7441016600203,54.12809601816202,191.499
0.024575468,2.8497878036189594,75.29515438750133,784.7689175543637,54.110320463149876,200.343
,2.9269713332705476,72.35179122848133,789.0281029198565,41.30634901323768,206.216
0.022879541550105728,2.460237353101051,90.03400679199405,754.1011461859946,36.85932197253206,199.873
0.024362158524889446,2.5058305984017273,74.64266228,766.5707509768728,71.58800465855583,183.143
0.024797191256015254,,73.88937721882894,789.2338851847154,47.403057726693824,202.172
0.031544681515770764,2.7903960814090842,64.78390807,774.4329353989777,50.88634474617557,190.406
0.019236115305017547,3.037931403365142,81.49876181926274,808.8832056,49.55231960711919,216.508
0.023896122,2.714361175509619,60.91651590510146,779.4133912,62.37969461111812,187.747
0.013225641591754713,2.8148157480835354,67.93725768131941,798.0884591925378,38.07815728941605,222.204
0.014945561473797126,3.315620019694095,71.29248771176984,791.8296264546863,69.01499168115356,197.402
0.031667779,2.2043720663004622,69.66459321043699,757.2215290906289,51.66167414626993,187.675
0.020849136308552462,2.6342432768065374,65.04783139795207,785.9390667486288,51.34693579383432,209.561
0.028822030432939457,2.9751064171466064,64.34528110135571,814.9274433672325,47.24668813142377,202.554
0.021392029,2.846899452153437,,756.5777926085291,54.88316824271697,189.033
0.021338782,1.8781745569304766,78.09984304957571,798.7254947256081,60.21830467903759,203.861
0.012788883,1.9438298790691833,65.54245918309563,858.8844114239678,44.504736096539546,194.812
0.025927890057759025,2.4904074479799125,76.22243823811137,797.1045893521223,43.162721915477086,213.217
0.023337007,2.6265213118474464,75.28427712840329,855.5182323071795,,196.203
0.025874362444348997,2.630823082825208,72.76481725,789.6034502090188,59.198223612960845,185.408
0.028246893421392482,2.9360722527955954,75.32759795119235,827.7167722904312,53.979052351113964,194.424
0.023101289008266662,2.653703470737025,56.607199582000305,842.7524325714534,45.03393543602295,196.54
0.014461425,1.962081351,,784.5914092275393,38.33544000742108,222.64
0.033187509,1.911574014522047,82.56447017658057,785.9375539293864,,198.313
0.028759838145760525,2.007735759396839,79.61308533902644,,50.45746842047005,194.37
0.013143121801878772,2.1894017359127096,78.38556483246286,800.0469186418429,57.35546927910597,209.682
0.023487814865696666,2.8618691124098765,62.57616914246711,825.9217724626353,47.59741034557602,201.889
0.018676884236044865,1.659792468692281,71.84103917071896,803.6563066,37.952910456948935,216.08
0.02875943,2.3949073025937215,85.23853571,827.3845131661154,53.323872775673514,193.335
0.017251738,2.2829202178875283,64.37050362566268,827.8819744122374,55.42273808523753,207.185
0.020076110865698847,2.1872767964414424,64.55430630209763,823.1330115164121,51.48016811563666,198.768
0.020390926207930364,2.040997330894358,65.27462584447736,786.5379387232055,43.67726418723614,204.319
0.027831347,2.637965079452998,51.491889942299096,854.5654231011235,40.291966064781896,181.677
0.022192747702589832,2.7112062071847203,86.47511902347703,799.9525157,47.056659674100324,215.631
0.022693887,2.048330794,80.12335291662625,741.9097587413797,64.20693779551503,162.707
0.035189079561173675,2.6784156514307846,72.46478925581872,805.5924049850237,42.344165083694655,200.81
0.023679689,2.216667543487545,85.76211499242436,796.1108973445131,51.30101165268552,206.047
0.020241426,1.1357539771665257,62.22171346780529,810.9154895146978,44.48756688439251,203.613
0.025609803047908695,2.3290964824728073,82.07146814829338,781.3009577,46.27308806604391,205.852
0.035029755296995604,3.0065207610228324,68.66628509410795,830.1880887320029,47.380309468785505,185.658
0.018661247320974045,2.2623337608645606,80.06529834010838,784.1798202,45.10855827091073,204.215
0.013431892516939646,2.857744709029789,77.32414462534386,777.7914281335765,,194.263
0.024253090583111377,1.9418491288500181,73.60382072000596,814.8658942565893,48.04486013,205.018
0.018991023182586116,2.7332325626852723,85.28582202745358,785.8271152111213,62.68928234,191.68
0.022716738072174034,1.982893494186681,66.67322139591886,771.4676452950938,42.067563998276725,202.525
0.030668648392117744,1.8038130154045495,73.57051415329842,793.5375531432334,46.37777558995448,207.438
0.031562404,,79.55574219773916,766.7683587521092,36.11277108397259,199.616
0.035770817700292765,2.6480869092934096,72.16584886992679,788.3324992596064,51.42439058843814,190.605
0.025089360660538015,2.4728943848097864,68.34601651958141,789.6415832481192,49.44991869708172,209.167
0.023103755935644007,2.0938895951584633,80.87923289,803.0248010457013,50.879382858713754,198.738
0.022890253690323648,2.473163488550721,62.93819183491192,820.2154605350973,28.729629563342673,215.095
0.024060783181787258,2.7401108903459854,79.46339427381795,777.4063095,47.68346207999425,200.929
0.028741139,2.0010679056425773,72.61809904017812,798.2694730877826,61.886895495124755,186.647
0.005519166,2.6768877360908814,76.58089506939963,800.2134198581391,58.66623620709025,216.071
0.033674412313872096,2.010292284,63.218001598084285,787.0453065465073,53.68832056700476,191.619
0.021954782206595365,3.1866051067650574,,826.2662484491464,,194.487
0.023907485,2.4918621002848056,80.85704103103211,818.8408767,55.641113872136266,188.556
0.015380770161317317,,60.97890338597978,811.4477586610016,42.35231381,226.445
0.030652586,2.058663217,94.51884481,790.9291349537408,49.85389343,193.207
0.023442186596697664,2.759375155525052,68.40375055669914,811.1725998594275,51.62663330722897,200.31
0.017779458,2.0744473667535925,67.16894042152005,816.8025736127819,58.23153701819951,205.64
0.033064691,2.2791170886658842,88.01333979,788.3627812625722,50.89751973600837,181.318
0.028382968809501453,2.663567026461434,77.22138964228265,834.6550522765389,41.33850722658208,191.831
0.024759289,2.8165706030929183,67.64235725524286,811.0939529112447,55.28655035408041,202.312
0.040393194350126206,2.4972695477151245,72.43566225123813,767.1244900184483,55.36965219918467,178.854
0.020807306558759592,2.1444793166285825,63.67934504,763.7239517438305,45.429040706500466,203.661
0.031531602,,67.76330383,837.9178546912968,34.07018225,196.265
0.014400884129295835,2.5018704445259354,65.22991931820052,813.9849128183511,46.89383374,209.621
0.013215398343793233,2.9262634675870673,78.20997549853404,782.2171938014507,53.67364602476498,219.532
0.031418761,2.736403290475894,59.83108213528034,774.7714447507316,43.48795407491347,198.773
0.026512847946295895,1.9698412201566622,79.30191110019042,748.4357109266231,54.93361755881525,187.021
0.021711814778122243,2.0159109381238887,65.31147598375168,786.9080690700937,58.26283361514338,203.464
0.022588396573430498,1.7467986354429363,,811.7176392204377,57.45159958909342,199.173
0.029728589,2.143819767978371,79.91850922788497,802.9709849346534,67.98248297,192.225
0.029413278,2.9056271464242345,64.63272475994943,805.5380406098275,54.23164538591136,187.483
0.023737035142258462,2.661612674164791,62.49999698211943,851.9987398,45.61930835420033,180.512
0.022103188,3.0406263321767812,63.81435341283243,751.2413045709197,52.07957796100844,190.435
0.026128749,3.160240397909747,64.80571458232369,804.2610253954535,44.82071255281888,200.176
0.034174552,2.1245263060362842,71.33948650175401,793.5943148014858,56.639867822245215,196.366
0.028891723,2.7765753936841104,92.63549032453986,818.3331353450226,34.99469593398169,196.603
0.016876787285530836,2.5607920969175137,66.39511307395402,802.1518709103054,44.59066755751759,219.039
0.0344777,2.8867015379386483,71.07303346698633,784.8180803618363,48.755955585897944,200.779
0.014108313024234674,1.399156955997844,58.61056005626055,799.7767204392919,48.93100280918854,216.78
0.025743254599739356,3.1818278629088903,86.29692319,794.2412333,,195.881
0.017850523,2.733788271029449,78.17181359505892,781.3082037,51.34836726543754,199.316
0.026179145,3.226339475332318,70.78987742689472,839.5006215311757,49.61636906350171,183.595
0.018448968754745325,2.465210931477889,62.667827427707124,792.9505000644432,54.17351149571806,209.514
0.027811316132599035,2.922467638141839,53.58606459071018,836.3347026839176,61.71187873344134,182.338
0.034398535,2.3345738837574657,78.08740309,793.0992307522695,45.17302765406215,203.75
0.012370802781107562,3.0298008609559917,73.18833183927036,829.0180705407257,58.50379606918143,197.584
0.027912570360233275,2.0035816440628675,75.38619871552952,810.9792802337379,51.20446270287878,193.795
0.016804398,2.9331671950081684,78.26420562,763.0039358788596,52.15085914566011,210.93
0.030596912619168904,2.699451456458621,90.25635773748733,785.0416583809614,51.69819351146467,192.616
0.018775874,2.3184603342706294,61.88836618,808.6714844600501,58.87955632456217,205.974
0.015040608533819213,2.977604835934577,81.83451734810873,818.5693080544324,55.25501574,205.743
0.018045495,2.7223207054975256,51.734180609521815,794.9605353751563,55.58546919694208,194.092
0.025037601,3.1325103417688864,68.97996668820949,829.8537096771588,57.490052688810856,193.145
0.03792297,2.3234705734650105,81.72473065148714,771.9509735144234,58.044229798316024,180.875
0.017819538750284206,2.320243384588818,62.53531337647031,807.7998676310457,47.52378177,212.949
0.023961639232196158,1.558064791131984,71.00095473338885,858.3887399682692,42.83360812,186.597
0.021890120580006965,2.8207378033830404,80.43232094517441,809.5133428,52.939986103090455,201.01
0.024543463917074078,2.8655669535463826,,776.7835654589121,48.40783574012846,203.846
0.020241516195411452,3.1416461277407346,74.69692976975159,794.5603118950095,35.945960150439745,217.823
0.028900978771082622,1.2421575228650765,58.35923799559224,834.8652698940666,62.279034535851395,180.14
0.031893754,3.047319323877714,65.21390441320158,843.6168061390268,59.060567886059076,171.188
0.017213912283916544,3.2069626109453786,63.81645702420328,793.1529565875486,51.65143252680324,212.792
0.028292914,2.157223077871314,,795.3473153,52.50125827013491,207.502
0.017251343,2.675708191048251,64.98970267265925,,47.47286084875717,204.71
0.015805851317540906,2.1051065877856927,61.26696975522991,811.9933954217568,43.61880985,213.831
0.020901219259819855,2.684759569918711,58.08260620109088,798.1228565267189,37.712582436888276,210.896
0.020079775,3.261203793715495,73.3881722,801.1910450193449,56.18038277336993,202.624
0.023617974,2.1633052622145916,85.25615840461667,821.8531158,43.59517672805404,208.079
0.025364778,3.2824700242881004,72.33351592272038,791.6021460931304,45.972516276891895,202.919
0.030644770436097816,3.047563913142785,78.11341494911751,813.1227330122591,51.775899705467545,191.183
0.02557321,3.0000205419857653,77.26900942689223,777.4375993703562,56.61642198198959,194.495
0.042052861446920595,3.1779083339767897,69.12363641340481,824.8688361769264,41.778862614218724,181.106
0.025281585329991065,3.3231215306965973,74.04541232852368,778.6095356409196,63.10342139819242,187.362
0.020200752594672657,2.7666534307531343,89.21759822,791.2387231570551,50.60318709952415,201.297
0.021921276443110586,2.781160056396834,59.83544510602088,784.0481398062022,63.27498375068931,194.144
0.023068089,2.090334912556368,77.72024479188325,809.7183029413212,46.27013209554907,208.773
0.021584508,2.9189281750814975,95.78079582299287,762.0622623805333,48.69128015394688,193.574
0.024984545,2.1250422008177248,77.54675197479426,769.4408687499133,63.118321999995956,186.231
0.031317524,2.7466899861472687,87.67165164,764.5372539081067,62.816273708469105,181.122
0.020862902,2.9671391128053486,91.09153792762132,772.1317564835128,64.92549268,191.042
0.020064288,1.3462187695424812,63.87240889501253,823.9119854855709,59.53244084689029,199.368
0.032694267,2.3786378425634607,72.76468028441255,818.5305332452403,46.33496016791605,196.333
0.013580822,2.784159694932822,84.59370287599708,,45.97283460541958,211.045
0.024676735,3.2291414394330618,72.59735812947814,791.8495807339116,47.20610607910164,213.206
,3.2849753346668233,,754.9957633670703,54.98151382406024,185.456
0.045307827,2.640061681781557,76.63099877078713,771.9568312,52.18145919144814,178.2
0.010102353,2.655569376678022,74.80022347,806.6186343025859,41.30316776306829,226.317
0.030255015,2.234273816250452,78.18141670758868,800.1585599539957,51.18663927642024,190.37
0.023352216,2.006211988277087,83.36467861818768,823.5984968914042,55.29704146180173,189.043
0.022889591360201467,2.4084808142613925,62.01490036152913,777.305492,30.086090915196625,214.026
0.026181113961370524,3.1945344822257433,70.2268739,835.0311872594707,54.41339821099892,192.615
0.037918246724743775,2.488970702515356,62.250167552805664,,56.33383433452451,176.912
0.019911192860373555,2.0925568069497165,84.30035527274937,810.6895465397846,48.06929966,200.496
0.012746764,2.3236127867114647,64.45727733240172,809.7648170285239,,214.296
0.017190262,2.245096653942486,67.99262226471481,811.1474206219334,55.14251497587862,199.436
0.021819747,1.7731027426302801,72.82376519371843,833.5551849571816,46.44167891416779,203.717
0.028461753000952657,2.329685124798975,87.41360709583927,825.2255475,43.87169935670429,202.896
0.024510672,2.167686905113623,75.68113375314543,824.0734786503349,47.94999834823948,207.27
0.019496656,1.7504124570208521,77.33141944092874,808.6513780233253,45.291907003437686,202.061
0.023652675,3.112720631058062,70.59128098978456,779.9563449175461,56.784815496927244,191.818
0.023778457848893236,2.9166884824705708,75.57449111929262,808.2661384472146,56.674283355660535,204.377
0.033796966,3.0662082623875015,85.72712326189848,743.5403211970626,64.55708394,164.822
0.030270914695170143,3.152395894976146,76.07515919270546,822.4517649,53.61382908646649,191.959
0.023297240294053348,3.055766294629253,61.706838951487924,833.1954106815903,46.24388685242714,208.176
0.019199852479678182,3.1976966708682935,84.69549931189343,787.5598798114165,58.48968074955452,199.733
0.016774299,1.9441545597553016,69.40446702325886,770.8579684241671,37.310545808484534,211.773
,2.3428342471423202,82.59942168338569,740,47.96649964573934,182.203
0.031794864992311614,2.768548339813095,67.46068416418186,813.2628446177664,50.21253455573178,192.646
0.034984795868281175,2.5712246370811465,89.02412338879353,815.5249234747236,51.4626831,186.069
0.020657632492420183,2.070016211871192,82.40902395838037,799.9614762725748,64.27366473,198.386
0.026824497808067893,2.916811072136239,73.77834713,,54.17833365376518,199.03
0.041395297,3.4917987838353275,65.21521655609091,831.5376196582673,45.05306581325461,167.264
0.027813299395342113,1.6417859399555437,,743.9300612710291,63.74949823352093,174.14
,2.9138529294735203,70.05492426230897,787.4811003453608,50.15685393516161,198.495
0.014449785991171934,2.2308182327954182,61.44192889994231,770.7516031944494,57.26883347365655,207.562
0.028862383553345774,2.2333057295019954,79.79838122925543,804.6346629579547,31.301325344497037,207.309
0.017117754440390535,2.400839206015919,81.45708059758624,776.0928910797523,37.583874005415865,205.792
0.014772155080662949,2.109103880569844,62.95197433784048,822.4020860816717,54.278325157415345,203.941
0.029179362443334626,1.4898305634795015,,796.040466,48.237204055769155,198.679
0.019462392,2.190270256,80.07680175946822,841.5912512776821,41.502926199325344,206.393
0.032075024,2.458856011117296,66.36049212227485,770.7339531183089,54.15860316824238,188.482
0.031821470471385296,,73.20308537544147,793.1223733541574,37.026498658865926,207.521
0.031701884534844516,1.8233978282063523,85.71385247571561,772.2905149473986,57.94057708479224,191.998
0.032128056248310555,2.6007862139097195,62.947542671539075,814.3249458552435,50.76903851298418,198.556
0.016952367590578898,2.5551572857166223,91.04939401983953,766.3436862469508,51.87597573,204.331
0.020947452732838632,2.2495185040834893,80.64470091857281,822.4993980945075,40.299928555674576,205.868
0.028589429183880515,2.615548140751899,76.92677262013385,777.6843693,48.41393789042116,196.811
0.031585067,2.2180868085230476,79.72646129030382,789.6565425564613,57.04469560598416,197.137
0.020983973181498507,1.7083017010143569,78.49052618,754.7400053806197,57.11648469738772,187.453
0.028355218084750302,3.7270359986636343,70.61390942912446,796.3353767096975,35.434075057152725,213.15
0.013654609611119743,2.3053818473339196,67.29159635746103,834.9371024824887,51.540930858386176,207.241
0.032117700987144365,2.982583539811344,77.48802329764216,756.8876562,58.707298214510544,176.415
0.021595447581878775,2.806097524076357,75.75289286390168,775.9793888898637,50.64377163518722,200.977
0.024161328087676744,2.6694939712652315,82.83796796072467,758.1601965040913,48.689080285243755,200.557
0.015808683,2.8196037371847087,59.210343163429144,775.3927413091807,62.21211359459387,197.561
0.038587437,3.360027007904405,78.67283193151448,812.6880423854313,52.242613397228155,184.43
0.016942634,2.260121029,63.22351235894172,807.9512531430909,44.24450385179305,222.356
0.014596937703944879,3.2988728524788447,66.34860099705222,798.7677860625157,53.78226757407025,209.342
0.024957748469495916,1.8097758939561808,73.600249,802.3904881161052,62.55102058594993,196.693
0.021219831,2.3421804306654543,77.58365252520638,798.0702315932901,44.08489235214719,212.728
0.023986817,3.30787574,79.63339203004558,819.1848551243439,34.535188200205184,215.609
0.023999412,2.3656897402739583,,837.4562183281269,68.12494328122635,186.125
0.021168486685438862,1.899466652853547,84.76536646035277,801.3214484451065,50.80314890326664,205.1
0.031298004,3.221357970419269,89.31578814841758,781.0416234213964,46.831858391106024,192.727
0.021760283034504765,2.094897951201247,85.72614795712114,803.3787374020977,53.733789281454435,197.036
0.026543156431497614,2.144361559825651,78.28441019640243,790.7228614503751,47.193945112079966,199.74
0.028969264352070694,3.3343449700265486,68.71753166666458,780.3720504465988,36.085002188490115,208.691
0.024259120539001453,3.0773346307064555,74.27069478026459,828.1253441874609,57.504288783837254,195.207
,1.5945730052376055,74.61807640169404,784.1733707168399,46.45874257795775,220.459
0.029400785193038053,2.3928650380072427,57.86785859696221,859.9292665408017,46.00663109776179,174.52
0.033012128,2.1458439670360736,68.18878120444522,809.0153062752747,45.82664976888493,189.605
0.034020941369073354,2.9565461213968933,68.95290910437814,765.7260341949459,,190.515
0.035027799,2.626535987532519,73.57366369,802.9076711056877,56.238700767892446,185.77
0.037539352243513055,2.383496516805015,66.51903891419536,790.1988591800435,58.37603703887679,185.703
0.011217448,2.0210067763113426,63.76664140204033,771.8790955033485,47.98936155,208.115
0.014040552538591041,1.7740495184009006,80.96304852222111,811.6994626576248,51.909463195345324,209.189
0.023339457,2.3649445282812622,61.23628086195457,810.1460199,33.92713198624983,208.015
0.022661683846867106,3.4613677836610806,47.38482398116455,855.9715905594176,51.71480527829201,192.841
0.022308500247940833,2.5943956488146993,83.16057971835637,791.2832091662556,50.08914335361959,204.364
0.026948129,3.277584476526861,66.63331376591283,849.2376768490284,53.63559854,168.338
0.013463979921594553,2.134556632689894,79.41555894481587,805.8937115993541,54.150990542898796,212.391
0.012700303382821219,1.7792702467374248,57.909127869709984,835.4560668,54.39366707667849,197.114
0.019894504378535516,2.819041395751133,65.94817280496684,807.1702678966543,60.49906590271517,201.575
0.022055274058890906,2.6265463986031556,84.41579216140995,831.5692688,53.283527927038854,201.46
0.016915907,2.940851647750141,80.21461781938594,773.8836733025541,51.396238608819495,202.99
0.027031376,2.0994339920738803,63.618731009063204,803.2187975636263,49.16532877836631,200.187
,2.471928870326399,71.08573893,769.6864001,49.57864847802335,183.563
0.025009053,1.9945893971905284,73.06247728863171,805.9327767270072,36.72996350321445,210.356
0.020436756,2.084191352276248,74.29342468763058,819.4401035014256,47.29864983450565,204.529
0.024243662629160695,2.4692973657897856,75.17311100720383,757.1398830677649,41.303722248311765,198.722
0.025744706736934176,2.5742062935802346,81.66086349098181,802.1952075689003,46.89863872775559,200.954
0.024080506763021307,2.1185538510520328,66.41246446742781,756.5126185585282,37.461942756354304,197.449
0.021924522737279073,2.917829723681608,79.83642347674542,797.5435688025527,46.35981893200812,202.962
0.029863589358993685,2.3872689908585274,69.89268175621176,818.1400592731973,37.86521068335347,205.116
0.025215388293994043,2.344830210657168,51.556544474831234,759.0758663313007,60.60348004349876,185.143
0.035504851,2.242598079109431,68.14352565,811.1472289106624,41.94145452,191.646
,2.668575183332385,69.52011440317766,773.4615532755173,53.62849255576341,199.125
0.005,2.4266210090020737,60.176802679632054,841.8947279384406,45.081119528864605,218.414
0.017832691,2.0657677942096764,74.87819443873492,807.8369025595582,40.96753729974945,209.876
0.026172520187864094,2.2077384299511635,70.20707451,779.3798488101484,57.995193282253645,198.547
0.025107803886742896,2.2913782414156487,78.21683315669652,785.8975961432195,42.60536174566051,203.183
0.023077144841629153,1.9846646483860164,79.89165659422842,800.1656863164212,53.22225971425621,207.371
0.028144816,2.320988335731706,65.75192015251864,799.4897365,45.457373131528044,209.286
0.016488364446788556,2.4475870574604883,73.46683322,801.0550292116367,45.99624263,215.016
0.025320393045533872,2.8726083358155856,74.66535100549041,828.0620401763161,34.78518765,205.588
0.034460272391754435,,85.45323360577518,792.1010756218476,43.26321111920365,195.371
0.016764210432558543,2.7480435285019054,69.54223931968268,787.989608,56.19909501929765,199.726
0.022321205028756327,2.211737783458542,71.11621028470688,802.2057190680839,51.59928953,206.403
0.018813575381569525,2.5897135071272204,65.97941357111495,826.3705698704374,57.11890274610704,204.31
0.015892297,3.152749642498717,84.74462466315535,775.2743930089091,55.62653596075453,203.352
0.018349831,2.8124721547318616,75.85149773812144,813.9236422024532,30.907568459644526,224.743
0.033069287558473645,,73.69971345377526,758.1193936006549,51.625991266385434,184.269
0.026127205729490486,2.2063370618656455,82.40372803557497,764.7466774925546,43.57383928584123,198.799
,2.5429151549521376,79.98580315676412,752.5405106405958,47.89714760626265,197.518
0.016012904162808622,2.2648121209995002,59.71642881553308,828.9491486538309,59.83974006779063,201.701
0.031568048115207914,3.408689902411805,80.29978613327353,783.9023895622959,44.85852425,193.64
0.026744805197885777,2.866976151134521,71.23305529853937,807.0339914230123,59.57141785831213,190.891
0.026765341,,,814.0137587697579,52.740603530882424,200.844
0.026725609,2.436784724070523,75.58936770226848,789.4531821936828,38.40548083727397,210.063
0.025197708854611728,2.398280575103452,72.21123136378617,810.5105875958649,56.533851781913484,194.771
0.021169489,1.791306477131431,88.89710866259057,778.4512573633367,53.219325975920285,194.497
0.040593419,2.422351828872361,95.72399725591855,771.2407315647649,63.482806636265806,171.795
0.033842526721219936,2.759006256565142,89.24355870382882,797.2123968560355,51.994451041583936,188.476
0.023431616049254533,2.625436023,,753.9954613410487,49.21187962147449,195.453
0.024354342507325193,2.1692327471672557,81.41918395394202,805.3955416097426,51.60980456447322,205.375
0.019727467540968907,1.9809140895142274,77.19883028855958,790.7081596805548,47.29739201,208.732
0.026665773,2.3487088233721116,63.842555206646054,809.2425780900088,,200.444
0.024639282,2.1220028638056836,73.3559751,822.7570772657951,55.54075873927691,202.52
0.016734904270407316,3.220188041349477,70.33611512746883,795.2134378198718,39.00668062261798,227.053
0.037843117830787566,2.4288242314147244,69.68444072,855.3018597909034,46.80242159815293,162.158
0.027858922570546143,2.724556237751925,87.81607394327372,792.2071989821329,48.97349614255841,196.457
0.022322459394850273,2.721201732410087,68.55670978984921,747.2201291004636,60.47197333322367,186.555
0.026652068145976336,3.348250237272433,62.77233690525074,851.9456047702718,35.907004076686924,188.117
0.023241804319718933,2.722904137341918,56.09213786853807,860,45.489361540360576,178.69
0.020501603822081334,2.878390438385697,72.32317997,776.3682424043687,46.227320079779645,210.216
0.011051965383444893,2.6462178460440073,53.87786872584209,860,42.4793108,195.935
0.026702794269356636,2.2009734918956454,72.88416250458093,795.8604354029121,43.90342666308689,200.796
0.020374256585606376,2.1717042897822147,70.50184316,816.0343718893565,33.95806307768241,220.885
0.026414545,2.9676548618449243,72.30723542557459,783.1728063939418,53.66582943288215,195.28
0.027566311638687703,3.210214434905417,66.90772897132908,820.5617418234938,48.761784952027796,196.502
0.018482384,1.396034839465687,69.16861118496124,818.9736092183557,40.839830964224575,209.494
0.018841826957067497,2.515950626549894,81.27092199424861,841.3292053631485,44.734060859191274,203.084
0.027285866667022502,2.6086002287944976,70.48718205566541,852.2579456038679,,175.712
0.036313636964894105,3.3687372676411043,69.65927561,813.8963665561527,,187.318
0.020388132574695753,2.8891909430627507,67.28766371435859,797.9967935735845,52.14710299885273,209.162
0.022029133,2.125620228787246,89.12200307537572,763.6727638749852,43.85068267828663,203.342
0.022069072735615338,1.9292253345179682,54.17056637,803.4797689444979,52.75404846,202.497
0.018011822,2.123782451769389,64.9183964,832.0662133174353,63.96640987,196.57
0.032660392,2.792757409482377,74.95707025495578,780.8533646,44.55383657916203,204.625
0.028194592843600735,2.478575876363419,80.36400709861601,791.2978348117304,52.51026456177935,187.798
0.013477933735120993,2.4495098582359933,82.58059254028151,792.0451369020426,52.77394887285002,215.029
0.025888888,2.9774048267688116,82.96153679945074,768.6970085335802,48.100951508653274,196.897
0.020867445819674337,2.8280218406785065,82.71547417,824.3532534032065,44.573302447220286,214.59
0.021616672,2.719978059305366,71.83360586941815,793.5100300783623,47.20194512927431,201.428
0.028966328012947552,2.766806002504952,71.45676075810614,825.2628060816364,52.25861513066365,191.428
0.026847530089313905,2.801782658467574,66.65813233136747,792.1758205014186,50.17986503429017,190.932
0.031299946,2.457418284397863,71.02828276197117,823.1637026007126,53.316704599269116,187.708
0.034728359,2.368794326564788,72.54860324672372,786.6235127858755,46.386519315336876,189.299
0.013659008013508238,2.403147020633934,78.19719170710458,770.3627657,48.43011244440353,214.529
0.017850180768379784,1.7643953777705663,,803.4302040908871,47.49037359155174,207.83
0.018938412793899594,1.733861643700417,80.77140755693225,813.1904133266352,41.43828088425691,220.562
0.032887495,2.4637598345651863,69.38925515067218,823.3452707259761,,193.452
0.030650700956007457,2.3385006464921263,90.58961936984383,769.1161458776928,56.668912996673185,185.143
0.027950457971527398,1.8201421598773484,74.41908664134483,770.1255785505417,39.193010405517114,206.392
0.011431236827486856,2.5250453944088083,66.98138083034544,831.7484396508928,44.74570367968491,214.177
0.024198275,2.5192228704042527,79.81504999304042,784.4922735384556,48.35153809,202.478
0.009238837,2.5213634750681164,70.86980910567652,782.2701086107683,50.34116831235456,220.514
0.018943275251833442,1.9274263239115226,81.91070242484248,814.5359202693805,57.32141246437316,194.855
0.023765951384758722,2.907671725802375,60.19441442410051,801.6749649508631,45.166968797575734,207.576
0.016454611097114623,2.9410450578757077,89.62998206458231,816.6075486003389,50.73709641,210.981
0.032754639,2.4763940721204256,61.48128002170673,805.0126916971816,45.622322932470766,196.264
0.016464756478508764,1.450041347,67.58863192558209,785.5843316,49.85919289658963,214.013
0.023335210834351295,2.0056689525519045,76.42840586632377,800.5874359912488,64.30523909063592,204.966
0.016977932769916125,2.9490934391943995,70.32342060296186,829.079442,54.45844490446068,196.156
0.029505030349067957,3.536461825050225,82.96546780302371,747.5178357410012,45.557977048687576,188.219
0.027132735,3.1593929236271343,80.40161267633597,782.9085858851032,62.31202188296891,191.483
0.020975282,2.115008080225176,67.16032692480368,773.4950456333735,49.28778381302722,203.149
0.019149010659066233,1.5693122761620588,57.764469185172715,846.7156314056211,63.67089626,184.933
0.021049242284933413,2.8305134396687177,70.36244673103174,785.3423323818093,30.03496856074374,218.376
0.030478058,3.122161896452019,85.47342142227843,772.2686271601676,42.57861551923305,195.938
0.031366529,2.6938474131160404,67.83332424238404,829.6175959298333,44.57185682757733,188.683
0.027855850411321003,2.5229747404031566,63.21635899,807.8221518817762,48.78447877741559,202.486
0.020562123900776535,2.2642324431810135,63.56122265677541,820.7435400132755,61.08407923742703,193.78
0.028177318697671518,2.557968125651247,86.98635204757971,768.0905459,54.26391428469698,185.518
0.028307291,2.216343216350233,86.17268184,825.0348461817551,58.271372025565704,185.114
0.030306281,2.581792802704204,76.73552231617735,763.7143062416005,37.35158122355138,204.748
0.034275608,1.9834086984256372,93.98840254277542,790.6828321,31.92822010945861,198.994
0.028550861,2.8729432321356985,69.63691322326211,801.8523241700957,59.10717571781266,192.923
0.016273874,2.6550017049217045,74.17880913676574,836.0186443601016,58.17375104906902,195.168
0.021994652953005955,2.299739749818507,73.7208137,763.3030005725435,55.761323682896474,195.147
0.032479724,1.8523835881671407,56.47561633492042,819.9888390015196,50.76713755345963,187.924
0.031798848934974124,2.1204285205763105,73.27240857694423,802.3390802550863,,201.553
0.014793738123711162,2.340901872727254,67.74270748121114,819.7242393312075,50.189100880396516,216.403
0.015798933481002638,2.6789287598057863,74.36299014781581,760.2875108911396,40.96329986335232,205.518
0.0319934,2.0996332956719153,68.83422991,784.0699960410939,47.18414807,200.359
0.029340248,2.9836505928993904,59.49514719098923,823.6129568897884,44.92238317324135,204.837
0.015118288720839475,2.4253011804086184,69.27340180937179,851.3149092819581,50.57164163139426,197.203
0.026111108290257146,1.882230547757073,85.95042666667503,775.8789204079103,56.52594054256212,191.486
0.030002805712170424,3.5440735420535576,66.91074600369086,793.3655673081801,60.34946032661167,190.683
0.031831907,2.688405090041138,80.88173207969501,740,61.82227212119807,165.504
,2.290670672739741,79.54421024599044,762.4854328240182,65.06846423547549,184.007
0.020716827998932368,3.189032020194828,75.64254831498708,814.1180345,66.47784492301625,187.928
0.017125076,2.512141547141247,70.14338922746698,808.3213170537657,56.529016086534945,202.737
0.026692995,2.878005152183236,70.95506426,746.3863730500094,51.05454096201606,183.676
0.016292899958755727,2.388266332395989,68.0058243,,60.75443048377906,201.482
0.024435792646583524,2.3888899161898562,78.04941391331597,767.2584120349555,51.803451126424925,198.77
0.009807732,2.034217316423677,65.60689394803613,803.0966910203196,52.22013756614548,220.683
0.007281842,1.9731885994237832,57.964848159242344,791.5583091,38.44219696121944,225.989
0.033757049,2.7420723680317596,47.09655867547709,841.6551564394297,56.25072924619847,174.754
0.010392520513863994,1.980780454625965,72.74528094294901,801.5490490693442,66.36182440884487,211.131
0.033484306632594066,1.7024064008159263,92.56058673,784.7276373123923,43.636325793790675,207.508
0.024643193721217035,2.087745143420663,75.71392123324677,784.0923293229131,60.56571577241323,189.113
0.029425929587479787,2.689057343078736,68.70888495942572,781.5657545851224,46.69170020799791,199.56
0.028484719938111976,2.6364125288798275,75.66521600153345,769.2005265468167,43.28998405063352,194.416
0.022996054701843283,3.0337183925915467,78.33019326775711,779.3628635070046,44.26319614789303,206.583
0.008281752,3.123067563,71.05392846639457,827.8192837896321,59.37546882488982,210.763
0.018763548609176017,2.8180134611870407,80.71527334512356,809.0613102197527,50.30279667275925,203.593
0.033603959,2.9916900394746406,49.375183188998605,810.7057367990687,53.84554639068819,181.688
0.022709677889783984,1.9797577999686249,59.54055772,819.0989996991789,47.33506191716607,205.707
,2.2229540317941967,65.74146999027676,831.1223203747007,37.38945318212918,206.706
0.022636687961931082,2.729274835371292,89.50187122573405,795.9365394252724,51.29291696,195.75
0.030770210939584326,2.359088934853152,65.25846309393454,819.8960432620652,64.13201660836575,173.812
0.021434494391990525,2.288412684090638,64.13214387790774,796.2140047293076,60.069418624396036,192.182
0.018430677659826623,2.3496832192385826,69.22715844187645,802.1457225902792,50.70429168332817,213.511
0.02173449,2.6048764321331195,,860,53.09828286653568,178.326
0.020358152171911094,2.2129567107026444,68.40996378137304,821.6191140049374,52.82111954783742,204.96
0.03194751,2.003584771245868,70.05675644603522,784.5850833,50.87572886980966,190.796
0.014780071,2.2087364521400703,67.98683919846842,800.5939176831383,32.268104840872596,230
0.024574835,1.525920568324111,86.62730248346514,795.4550467877751,47.36918226855591,202.006
0.040537205567391134,2.101437649372894,66.92495120148268,832.1774899657605,42.35194944,165.278
0.026283855849938333,3.2798605330690216,68.94491412047655,800.7768961,54.15402460800918,194.831
0.025502608586606773,3.5421594915173813,79.36139966467498,805.2613890872091,63.17477705722689,191.664
0.015929844284712183,2.657280876572583,76.54022899453241,787.3060116286488,47.25714024917072,215.814
0.032870275,2.4929472634521574,95.33320039957556,814.5730785709585,54.94935447642628,185.211
0.031999932,2.6565811493557248,77.01059706538986,789.9209391887007,,199.789
0.018049641203894365,3.0221526219354433,66.86616814701259,797.9769578844106,46.984222706610666,208.939
0.022269417529257495,2.148867643198084,85.75713915,740,53.48491437,179.628
0.033934088,2.6275834133050475,57.6895309,805.3597757088826,36.85899054686011,204.636
0.018536671,,,813.5941927180221,,202.787
0.01570731,1.819691051911014,93.42190975241691,784.4602471881431,53.10261549894334,200.068
0.011772207,2.1571128616611315,67.78461545,838.3810143613565,60.544167049036666,198.389
0.028278780961236826,2.894752386533288,64.94208335231687,775.2368151076605,49.05726292395446,201.836
0.026377033298497533,2.6035951942060294,71.99255571,800.5699692876896,58.59266513351314,198.848
0.010690864792352322,2.4128338174605894,,778.1228162995984,37.12439951920833,224.118
0.030640151,2.224042162763486,60.140874632952624,796.2178166360048,42.98473660416361,196.962
0.022614047,1.967497515573671,81.07253268215135,767.4539890757582,53.19543210814733,193.477
0.023949246659755487,3.3743173050444684,62.25847006489364,825.203077,58.38977705,199.873
0.028936581,3.2075327405922014,61.52379160157146,817.3526818978978,55.445704542273326,185.875
0.021764455184016526,3.0743757156994787,71.46287603374856,803.5461425454114,32.49563936514626,222.432
0.031260765448113514,1.7904227289789572,66.33366199910508,828.4154326897425,61.770776693354755,176.75
0.020705547915871283,2.4538656891426323,76.41530727666472,819.3314824,41.17634584960672,209.049
0.023569318,2.934016753856624,72.93676472777612,823.9309087326181,47.506241879826675,199.586
0.026270320230952295,3.0638588440864325,76.84495911884551,797.6627557,63.98641422782567,193.515
0.027943065600864257,2.2370177358303587,77.19069627,826.5459524368302,49.97841135557074,192.668
0.021830393391955697,1.0053924802605902,,799.2281632527073,44.20111042324288,207.713
0.021402863288415824,3.0189104196590297,94.47947354482157,807.8014735683211,45.049474616704465,205.687
0.026943066352031128,2.521507837690231,68.61643887369004,776.8008681689998,48.73082231,200.823
0.017098023853427215,2.1720873579159368,71.15451437,,54.16332063464681,211.255
0.028952811728515042,2.0831943025038377,76.29857343308706,779.0461273567101,51.69202959572481,187.192
0.033398981,2.4817254654200043,80.25575016729758,778.5051613664061,55.97280496900215,189.233
0.020879749300067706,2.406601276488615,76.53164275449426,796.7667712093179,47.34126297927753,212.849
,2.5941130452907553,56.58066666634198,811.7994377,51.60547340414625,199.803
0.032249155675866135,2.4899307399958017,60.43805974785141,840.1332673754023,53.46199009,180.562
0.027631833,3.059819727800274,73.34250019311867,805.4296408,46.727502412585096,197.253
0.027816412411764753,1.9250511211594952,59.68364218075233,,46.89846013001335,188.159
0.015698678546535397,1.8639794332589794,59.40578025401726,830.2579146527153,35.070107738615306,216.822
0.033002892,1.9294339339880855,88.84984515344537,782.5902089979519,54.12186023901874,188.708
0.026457933849719097,2.897258334654112,59.99893645496779,803.1840718113791,54.66802941,199.536
0.014762241088311171,2.3013261545774197,69.46769925928253,762.3089499365315,42.50341962996604,214.708
0.014837434643898854,2.6514487489130816,69.61112639,763.6486985321233,45.29423841596911,207.614
0.028007261080536278,2.5017170567505875,71.24026081,792.9324099712019,39.413801829401216,213.899
0.027844104697146054,2.6641978934853348,80.98520658484918,801.6170674300309,48.08037512183046,199.707
0.016397389606147963,3.387408933983629,70.49615567255603,789.2658056821442,51.00991775102486,210.514
,,80.75592748397186,775.9996742011843,48.00225788,203.598
0.033636401,2.430651852922616,59.98404992435404,784.9673017538183,34.788171697587295,199.737
0.011670032144214902,2.7271662074901464,72.09671820951763,789.2811386580923,48.67614840244594,219.232
0.018743440331774566,2.111064014290994,94.99606324136069,817.5159097,51.67362540649625,202.856
0.024862774,2.7751152483165686,77.15226318450338,823.309698,47.11403985714816,206.037
0.03054218,2.420354949123895,77.73371689,746.380948,46.24243893009883,187.435
0.024030824,2.4923010762580526,74.45168248875794,786.0028507,56.22353194841935,194.545
0.019174894288498605,2.4889875835835373,80.92429984537269,757.4949216528003,47.62566834996227,206.883
0.015355303295417639,2.170282121229676,82.59814657617787,816.7420628247049,59.36289378623652,208.647
0.007000665,3.074425607,75.31616298795431,804.3289014260176,57.225187489333656,211.532
0.021904558,2.529422093265389,77.35348040284896,803.9354929244424,32.549939348653766,225.188
0.024571747,2.3661763977316643,73.69923274710068,812.9671359642489,62.50810057397023,186.831
0.031847212999072366,2.836968835633365,68.95941221379572,777.4852929999049,45.69618769808808,205.806
0.023290318,3.207658037997015,78.88614816804885,,39.71751481454981,204.594
0.016755514471279903,1.4714520553963562,69.99618049082949,774.7053343680227,,197.649
0.019994773492168532,1.7889618749423004,65.69883916705385,792.7749146,62.72414190133468,204.756
0.0225311,2.6046130829091885,74.43061638616274,790.8890419325197,55.36461855,199.307
0.014565308,3.2200683998370336,69.79201758279716,815.5001059081002,61.23476616124391,211.94
0.013741944051443862,2.2243346807726843,58.89366394779822,851.8072612996723,47.96189314579601,202.182
0.030074289501814955,2.4902385570288077,71.15662762274873,810.8325048817399,43.678214642232696,203.118
0.015121544285346579,2.364430841431465,61.48233110883515,825.0974405842378,,207.469
0.013406739711074258,2.169710159022399,73.95829524,770.9000408698556,40.87451748838177,220.131
0.030757918887096634,2.6557486849087333,82.80132972114791,794.6733492428493,58.13032559,192.924
0.029188040858238323,2.0928772021074913,66.50086297968049,816.2296009094623,50.38707153986238,201.511
0.025196172327034506,,73.69720247577355,798.4350207035635,29.31822551609064,222.925
0.030303163041528625,2.307953774308987,75.52482241263336,789.4994292289433,54.085865632950686,198.738
0.031010562901240386,2.8331111186801814,80.14435581043685,804.8972011557383,51.01512582966477,199.375
0.034810148,2.806351045245227,,783.2729306973521,54.398341378275674,186.96
0.026143770349741455,2.0789321820447544,66.0119179,805.8093601611888,42.41158485597983,197.407
0.026858102,3.597334478160306,71.64145718005284,769.5429732948911,49.86767957933922,191.244
0.013885308019176649,2.4547238643741522,75.46496652850517,779.7883952382127,49.58642274176872,215.428
0.021194355202100067,2.0063154878021576,79.95857193,791.4115548021364,37.984410277209285,217.445
0.029947911558392416,2.6751948594313992,66.61156261,824.3582166718512,48.05124422503942,194.127
0.036336454439448135,2.0341212880350117,57.75198867618176,831.8394518,53.202059972877926,170.57
0.009637201,1.7409517489651414,73.05971433457141,799.9299151474625,41.76570542,216.113
0.022108139208296386,2.4326814108342907,68.49981628077316,805.1050146282003,56.714666070924785,210.612
0.029934977,3.421948467897027,92.93948073183685,756.5871576257256,54.49867362665449,176.336
0.011955855395023767,2.611593285955897,62.01892572807329,811.1066733453151,66.65645810015478,207.09
0.030659566325258986,3.3145278819639197,66.81775769471221,789.7879213608354,43.816222324407136,205.25
0.033950847,2.8092718613271503,86.67623092,784.6801856530088,52.61514749568028,185.316
0.023703029,2.230291540348211,87.58129569537095,832.6933881737118,37.62719916500153,209.239
0.019623265654118448,2.084059320167273,57.65711327497138,763.4875473074803,36.713431531062476,211.533
0.021023934156984114,2.4454008528680973,69.08289232006825,840.5040593748317,59.55134868448785,185.341
0.026814425685411716,2.2794200296057827,58.37639519867493,821.4907726226012,65.32452521304765,173.827
0.023332586522849228,1.739389542588944,75.88954513013175,782.6679071,47.69881665872083,203.531
0.014676535014048408,3.474793768226513,78.72630601789209,750.7580725500379,54.641780375924576,200.533
0.021346343935717983,2.777645631355166,62.46265000248094,823.3674614169091,57.710632518307634,206.224
0.031937538,2.1722351780911824,67.13931651645885,807.7916643664896,42.264687497364655,198.202
0.029924096707982066,2.6082105914657627,86.09728786550608,778.7980544012901,60.924716208962096,186.354
0.027965464,2.8006111070234905,77.06664951597054,835.0845318643119,51.94083875944677,186.425
0.0315795,2.502157836688203,70.71305896300015,769.0736293725894,71.06952318597402,183.993
0.035953301923970095,2.0554695955366427,60.69937298366738,816.7386250619304,51.394192955113304,182.958
0.030283427680444706,2.5876518047792207,65.89521668454753,801.4139670696577,42.663487902323375,199.855
0.015167605927166435,2.348294991,58.36271926975745,825.0098528703298,57.14849781869243,203.389
0.014693986572550664,2.3618049258658305,64.35937117460101,822.597945,35.61555646452124,224.041
0.036422876809273586,1.6863801353555807,73.20243894,781.6823591240277,44.37305159240765,192.245
0.028460936,1.9620668882308778,72.00861752,754.3186345970465,43.521609788626805,191.801
0.032972021,2.557267035088267,69.13400942368472,773.9685182447546,48.20734666,191.41
0.023520894116158646,2.292818564002874,65.48292941016993,788.3388032129233,59.211674649034954,196.114
0.026012311,2.5398838696800388,66.65978582440864,771.8256451668988,70.08678085328769,183.435
0.03314396,2.4218844720612536,74.42278848575478,803.6159227210103,38.017380274137864,209.08
0.036160322,3.399236850251508,68.58970554187778,816.1634221245132,,183.462
0.038721706771420936,2.6267216383813627,65.24315738535336,809.9730573382992,48.691074144131825,178.841
0.031098909043235458,2.3263076029627228,78.63234437,772.5876191592954,45.33228187,196.396
0.025130223,2.6321422762451734,84.33628102953688,784.5678949728297,55.84012261368376,187.295
0.016243080901613572,2.3178815148244927,69.01801028978726,788.5972730287394,48.95631936454284,220.304
0.020697111281057463,2.229397589029937,79.43003754417256,810.3458081290643,59.71924542594155,197.551
0.035371828,2.5844900905647115,60.068538549736445,827.1834134489441,47.381443634142066,177.626
0.036271796,2.752398851305633,79.27366314697782,767.1196783773436,52.429800797648724,191.825
0.029300547081280683,2.4930985127024634,70.77320335705383,838.3820920563242,44.282525344509196,192.988
0.021628263,2.709980830306426,73.98935560818526,854.7356749178068,60.96587386085635,189.396
,2.515072360763966,63.44511648427003,783.3264752767166,40.735414257945365,222.888
0.041659231960874975,2.8247259218362935,64.19330752054864,825.4119798530091,53.970228228840284,170.025
0.022850825485209406,2.325062770306656,80.21811468295891,786.2366136591343,39.89134458887722,209.465
0.028456889,1.8685699728037628,73.10336790858187,826.6985720520121,46.49721146136905,189.598
0.028171634655464996,2.4058292164020467,75.58698071713403,772.5451245573496,61.373728034766614,186.698
0.033487002,2.541345782395062,76.59526094848252,811.4443784269455,47.70926894322718,197.889
0.026479392,2.6566168863149713,73.42420438546465,810.5740465278651,46.39714122103168,210.793
0.020547612387081776,2.026252819000326,78.08179350990982,776.4111374755091,52.102162500795465,208.797
0.029411907,2.7485872562923155,63.70654283541444,782.9297675972315,45.76591327995164,196.737
0.034316961,3.2209505204391604,61.02322140049899,824.0149402775279,62.465505111334636,171.862
0.020182174698553552,2.6288507470671187,63.41606835823022,805.6550297239472,51.42608362311318,214.565
0.020887387,2.068404597938202,74.82707306,800.2615348285607,44.522188108930465,206.76
0.031151969423585484,3.256252188178975,69.59607721320462,788.0564966769174,57.18609345884919,192.123
0.023180394834158017,3.3501941512119924,,770.8704097084436,63.47303397143134,191.7
0.015063594,3.050453081329514,,805.5764504712403,55.296058346118585,211.103
0.009354061,,78.76277305521769,808.6631314845122,41.69700585,225.684
0.021149409786912956,2.4933840597160826,84.67931002146763,786.6201787171324,41.34417101128939,207.062
0.033592210655241116,3.098404886705513,59.64550363685067,772.2734547707009,59.50818072,177.226
0.029036274,2.9583121878890344,71.82647501673166,781.2609235311833,54.919939680452515,193.248
0.014714782315549518,2.1056409486653607,76.74570169131214,784.9782493320547,,203.635
0.024313705848253563,2.272383696935158,73.41559279925869,786.4480827573644,41.87901086819199,208.497
0.025806508274258334,2.158315997376658,71.56446768867991,825.123395,36.866247919730384,212.358
0.017652163321564475,1.9438303192855506,79.38898524896341,806.2834407473468,33.395916874686044,217.874
0.037410972535903864,3.0342017832193307,74.15786438983163,786.7948542702917,51.134939642125005,188.027
0.018046428586707772,3.0418379226250933,77.68603996174491,790.0613946462348,40.25151023849782,213.323
0.034188832612654575,4,,790.8139685051818,50.64664356368872,186.942
0.018873886890053346,1.9355416607240228,80.54950765914425,817.2706657,43.555748678077435,205.693
0.031283992,3.4199260414408252,82.53165892170973,815.1027927092655,49.58701371545335,201.051
0.017258769778996614,3.1159770922020273,57.551249432746445,824.2110409104798,71.11626379046322,198.966
0.026672068307212842,1.7536283171661526,67.83683625455122,813.5624939154563,,195.881
0.014060154822986738,2.372083335178232,79.35154950488965,763.9001819083801,49.78211101886807,206.825
0.016234013,2.360535259039557,64.19798263311311,819.9502600180984,53.82186134302132,210.443
0.025495954249885714,2.283483180124896,88.18278790290908,753.2596093544263,61.20884111825702,184.052
0.026184878877626702,3.0029972875640025,79.95816689454759,839.2782282776667,46.224917691968706,187.717
0.023246399518359783,2.573237424743956,59.14856928183946,812.5759402823975,54.874143238952016,202.471
0.02655412,2.145808922266993,78.62965527417319,812.4824928210969,53.524954464012126,200.407
0.025346469635002995,,,807.7392228891891,47.57844364835694,205.567
0.028549218000629602,1.7215214009114972,75.72109842542297,807.1542651632751,56.731258141014635,194.96
0.019595310858782394,2.352580593351754,87.88040066850891,801.4771415576927,61.12078046674603,201.753
0.028063383909061285,2.6185860735695075,100,,57.27964927871091,187.891
0.01695569,2.7071889239518474,73.33307613990776,781.4993829360757,56.34479556370359,198.68
0.036608783,1.9766807513229363,92.11957757403803,773.1149037932558,66.95468900557836,180.824
0.025025777990135865,2.7191201,75.00193581373675,841.7840918565757,53.24387669227327,190.599
0.025128815575957787,2.967454597152151,61.63522727718839,790.9018557689893,53.20770861921569,208.327
0.016038696,2.5751759755269332,58.81789146512308,813.0953233543471,45.050419041654926,213.578
0.014521527846834123,2.028380993,72.78590993763302,818.5120785649491,45.730699105357616,209.339
0.038022377,3.124950657993851,85.16158267613156,816.1360115628164,43.28602450798047,187.758
0.024925747,1.8216680647313788,60.24353903369012,808.4440105474115,51.78411388729608,205.761
0.012598199186883211,1.4468313952438698,71.03328957461245,784.4655713437388,50.638180945047786,217.423
0.022495468579657528,2.285493352584436,78.27189445020942,802.7456040298302,55.87513013904631,189.677
0.029932936321545114,1.8302619285519168,61.45164381774317,789.3625835440419,,201.449
0.018425382280270946,1.501905969728325,76.99175782232821,,37.28042645899954,206.384
0.023774340140595297,2.619663668196888,61.689924853907726,788.5157225972209,50.81270191643533,200.743
0.026431409211724544,2.272032801733642,72.20379977227343,753.2718370993877,54.77031885583371,188.074
0.023834312,2.7712006996077307,79.60622156105282,786.8831291898873,54.07662822051056,202.451
0.022683824479555696,2.427340591766718,73.52010417133799,782.0523124975083,43.63716505407243,208.09
0.011331660750434413,,80.17542995746153,774.9614839191083,49.702451112196556,213.33
0.019566779807384412,2.584820294140093,58.98498428418185,813.9827128006954,48.871448623395814,203.219
0.040327157,3.057625109742291,70.59181984036556,775.4953581899766,39.57253158475716,194.063
0.037450216,2.1629127162553745,58.214585717713184,797.8191476786167,48.59092899736465,198.457
0.010867690369029879,1.009131841333862,80.52894042251546,762.4681176153308,50.905069602065446,202.12
0.022933070803746042,2.417322039102955,68.14444836588225,803.1556774345544,,199.682
0.020244282,2.1873557262826377,63.30510272373121,834.3381624727283,40.73063133562678,201.246
0.033691348,1.667425408,69.98900453,830.5640656967024,48.232613495925655,180.323
0.028536017106517535,2.197979549,62.77195701906929,798.2620489,44.11501000216147,197.771
0.02995496,3.250777129433235,58.34699673179034,790.2007602414559,51.13336035,194.501
0.032821884,2.585855605687069,82.04018565288362,779.1348603507877,46.396391424274725,201.639
0.021341585868074883,2.870324051288544,76.64624091169391,794.0149642,56.395330796646505,200.702
0.028559716355629726,2.8266999662702674,70.79416550361901,821.4442092760864,53.991447939734506,191.783
0.027862720721076605,2.831672042409787,73.55330728602338,819.3775578386085,48.066313642929074,189.828
0.014475030938387305,2.801879673,62.25693673633687,815.1072797675831,50.54439202103214,212.768
0.022423488,3.083281047943562,80.64808854446179,786.0764342933477,61.31614866263263,194.768
0.026518430319998537,2.5300695475131363,88.02231582480273,787.2263466478537,58.016181805825475,193.396
0.022406791,2.1167029853709067,65.00221110754404,832.4870043405851,51.74499313176978,203.935
0.0191158,1.9551672027111513,75.27663076999957,775.2804086152084,43.559229574861895,216.474
0.021254268,2.2605127351698306,80.93306294251724,789.1948584646673,53.90433684982884,202.142
0.018825272657584005,2.0525659389963335,83.34325004526659,788.7476808066709,47.40280147021147,212.839
0.025833132,3.0069067955918705,62.09946091961551,814.2668052872365,54.58326146646717,189.563
0.027344300304354904,,65.74028758,814.5731636,,205.478
0.016798254086728005,2.2533727624065354,69.16836639143295,818.6690439413942,46.78584139287979,212.236
0.030510854,,64.60188155,828.0639873030442,43.80670304610385,190.132
0.019328710176520617,2.7742905188221885,71.55256944496692,818.6418992455277,55.098032824153236,201.884
0.022867036,2.756903832361273,63.56281402895125,803.8736319,46.33315051128603,204.633
,2.4676268526994236,74.26578275172211,813.0655003068467,39.98892904526703,202.904
0.016215794652588923,2.8847682188417454,63.96476433832671,817.4384129,47.29467530407857,213.203
0.027578118206173945,3.504623844610972,73.80914524531747,808.8406236627591,61.857252218838575,189.257
0.023692470367657467,2.2879553389558605,58.079399875183455,798.9117245262617,57.66373296271878,199.342
0.013031625261713411,1.869593967,75.52076548269194,841.5945666932408,46.77263594761391,198.917
0.025774879008177078,2.307629641793881,61.26759119,786.0546560420055,47.86083780446546,200.801
0.021722725554318437,2.8089247604078635,80.32998273877675,771.1379438,39.834799929294135,213.311
0.041119039,2.489912033805928,70.96596206967622,774.3528354,49.514429004193644,177.775
0.022641304331819476,2.646864130834776,64.93851389747164,819.6373735096248,57.79635271573865,197.961
0.025073095628393653,2.8178570240915586,71.36506704783369,823.9820843280181,49.28053754799407,200.44
0.029981711,2.575794909636796,70.57721398383221,776.4229425116787,48.33284859553458,199.227
0.018389371374323813,2.501388513189119,81.81660462659487,787.0232679070681,50.88906528189503,204.589
0.031527469,2.876120368619106,75.32949271257782,807.7605192667746,55.88036513226242,190.972
0.017272483636925302,2.355932269049559,77.00714033712123,803.7267277830742,52.50794711508123,199.678
0.032082687,2.1514599822372533,72.39747303547458,829.2884355546686,,183.933
0.029801282628477692,2.2440339591461838,65.41344175391558,799.4028463,40.48953030984044,212.87
0.018997302,2.717706017852062,70.00221418231085,790.5168261214076,46.65403462061842,213.493
0.022539746740820286,2.987455105732651,69.41050704509358,848.4497311583254,57.08322557,187.661
0.028611280505589743,2.5725172155354183,85.7760603,771.9822781760873,58.67584717962704,193.751
0.005852036,1.3974927981247396,69.79214395693005,820.3692179639967,37.346899308856194,230
0.017401640363089946,2.734775685218593,80.92493954,814.4545674367789,50.83906679008793,211.434
0.019796067000918467,2.5758861693298907,64.41248491874492,788.3044371511967,57.09445263211859,203.631
0.02563565,2.711356333959891,71.99792143082502,773.6077708527736,46.395157755577976,205.249
0.031113553,2.9314067019723478,79.40881136102176,790.7558130465287,46.96083320188646,200.283
0.026303623475895058,2.701722456493768,86.25080372675718,740,67.08715345931077,167.642
0.015322565877471018,2.229917438976879,82.13634609853446,817.9591298274192,49.43610546714059,203.482
0.014476643,2.062140931680296,68.81544013320436,799.7303644171404,51.68202438798444,212.195
0.023924762611941777,2.3558157819610592,58.5716777,805.8035457564049,50.132792311065195,203.937
0.021405460279232406,2.094200045124862,75.36132044813537,820.8189754147951,43.463929179275915,213.088
0.027887393,2.6635927134248547,70.28414358737149,808.6253997759925,62.65815590709892,186.094
0.035158250739960796,2.667100460657098,71.70725898704377,802.7608208736393,39.91788663222694,194.566
0.036003960410427256,2.932218413931905,77.64055092435714,755.1542063003044,58.20475251810478,169.392
0.024937778,2.3069962228761254,63.448038070054984,772.9973761494628,43.796458941469936,202.031
0.020976135547023565,2.3311983781851646,73.46003106905107,781.2843538938993,64.50006950865689,188.063
0.011354935,1.878708540830225,79.78823788,821.6498686595748,36.94806095922139,221.146
0.033551258864870724,2.459799317286154,74.36947589940975,811.2064202870247,49.04882563393799,194.088
0.025541744333264962,2.3749320344565477,74.19313045162971,770.8162354,42.60032865878182,203.803
0.038610124,2.5585845412849015,83.77115300625331,778.5070194,61.20871956225106,175.768
0.041193692,2.931057177173819,84.00738046357989,826.9230868488452,49.98817912305527,173.527
0.019798145801164173,2.8108178794969483,61.191131241441695,826.6942063320225,58.71941620110493,196.049
0.027954021237347283,1.966079122316278,81.93191086,801.3381338,42.93259295248813,197.042
0.028675929518688803,2.825331131180947,65.66976771775046,792.8001935750531,39.52917219503631,206.677
0.024801535975751163,2.035842989763681,79.42897145244787,770.7389772503855,46.64251046304103,194.597
0.036842061678136195,2.8170931468519296,76.66461927467418,798.1439339391322,35.95626553293043,209.355
0.005,2.428146170654764,76.41902305703218,795.4474933109949,55.38647172724897,212.039
0.021237745911230323,2.169461954973316,71.04263842133204,794.9904758376457,72,189.032
0.026845891100027938,2.0797917790893865,64.88960422191288,805.8998888,42.20039212619307,205.009
0.010109609968937451,2.414240413341217,74.56244965039399,780.5417684564713,55.68879783085184,211.114
0.017839686174006324,1.9755085053534476,88.65113310049527,810.8906251450047,72,195.389
0.011161453444529389,2.4635671678577924,79.75272627504917,815.9373541408013,44.60062447474057,226.284
0.016899532155903275,1.632269570240462,81.26730823433613,786.6466999,42.23563011870987,220.076
0.018975033380884125,1.9386367073092927,72.19061797832747,754.4941305,39.590905103784074,197.271
0.031254556,1.4367617125002357,65.00254162,836.0514564593333,54.11685257,174.031
0.030460552,2.099301487093931,53.86288887958852,831.3233225794467,50.99271714245407,185.559
0.031726556,2.385790638880577,,791.1256317794998,53.52491092756436,190.895
0.040647132,2.678240457370449,64.02158374415234,823.0747034087102,56.22711392147306,163.225
0.030526303,2.867957149302912,92.06726778050972,778.496658,56.28549331986473,184.857
0.029107987311840024,2.7421653245904944,69.82069236142522,802.3308835,52.99002529263246,203.105
0.020411051745022914,2.8551856501049806,72.63635256,814.0869501599268,58.46902122220943,197.175
0.028066884932539966,2.9490235580746544,89.53163243492165,810.3159672792917,44.57186758793502,203.382
0.020546212958043323,2.5197531227156635,74.43515909610302,786.4203046474246,,204.452
0.027216502,2.875669931520902,70.34527696848701,781.7629067732144,51.69615629264792,198.244
,2.305473576,76.35054290872536,762.4640432111348,51.97655351935649,205.964
0.021492513209661314,3.0041492216237424,71.90384787956924,837.5086953189731,53.41334411959831,193.321
0.016247520008164405,2.9567605331354807,70.58298738178237,822.7811643070992,52.16038108964525,209.885
0.030900924,1.8038730353653207,63.491650686109246,811.9612467,54.434071855409485,192.133
0.020258700760076683,2.794851712,77.32878343237806,795.3311185050917,61.24631583013291,206.146
0.013208851174753497,1.8377206705178075,76.72581420223766,788.3933014434234,50.22296176620375,203.322
0.026817503395613115,2.771295037501588,81.92809692,783.7059753769947,51.495296774711335,192.455
0.026624391044891997,3.154698002143858,72.15637239524733,837.8754036254447,58.61824812436965,181.105
0.024533131350073137,2.011757216556714,82.33458589666151,810.8811605580263,55.71510220248638,189.474
0.021671609,2.583612022742902,84.28106175972555,828.5070004666109,59.73300175037337,194.048
0.018543398997128945,1.9663064291239667,,808.4980862963193,52.68380698775521,201.123
0.027420018097231304,2.5186005365234205,82.50254548617147,811.1757328045492,48.53374462616507,193.591
0.035147561,3.6663748491405466,61.89373493464163,811.5643649834832,57.29941436900011,187.459
0.022342176,2.5746613189843046,70.04165141478302,833.8329761294199,49.85109641083658,202.25
0.016438347373634095,1.7470701004472202,57.426985068465385,826.3252217019465,51.71978216790687,205.098
,2.2270566234933376,78.25869597761503,789.0495024740492,44.21402000886256,211.049
0.020585206,2.6460698536458955,73.88116321484988,816.9500472320096,38.04317513726322,221.938
0.022999560497326797,2.8792792535651976,67.04760239938476,806.8269432683959,45.538796654511415,205.36
0.023244846534298737,3.2912340955837074,62.37128848725209,816.6284593,54.65737266541721,197.571
0.020110963,2.645402997694033,56.37577929814921,805.8760329,47.390759297035295,212.451
0.019194502315993466,3.561727541352309,85.32489324730125,744.6542256454669,46.35055300607121,195.494
0.018983342,2.51333673,77.88331203570702,758.9411886596328,39.617599299515184,206.646
0.026023766,2.3280775083485565,,823.1446862,39.50795566484685,204.998
0.020677579918676445,1.9922732052389311,80.86092046652489,793.6084347836401,52.41026679021549,210.408
0.038657133,3.003363044407615,,792.3433251892461,59.00561116,186.015
0.015327317581098598,2.732261515986189,75.87152849076043,793.6040743,49.10332400891368,206.438
0.025300711108816053,2.4998247592177165,68.69551372129783,823.7702269695138,36.53984836466554,215.979
0.026829749905851078,2.054065108620527,69.99388273513323,834.4430402,43.495436614033984,197.147
0.015657823,2.1553918916486907,78.13979954022358,824.3617393153809,50.65643973819174,205.714
0.022115203861035333,2.311285033772598,62.31444097035846,804.8471380277073,58.56355478266885,196.711
0.030034756482522563,2.3952489814907163,65.87800453860412,838.812323,37.18921201230792,190.58
0.019147851219624794,2.949320233560095,57.33464766314101,833.0630126473887,58.25395692548287,191.479
0.021133493,2.238972074427993,81.11915460980084,810.8672609140586,43.55498340747121,210.812
0.02547327,1.1407825477359257,82.70814446376566,762.1822694698894,54.27542655549909,197.714
0.020792269235630434,1.6250128102912682,75.92471830031927,807.5189056774353,54.698430417980916,201.902
0.021770673,3.1652831416679796,83.77005390142361,773.3320659108405,63.94893891570227,192.155
0.020339465224700502,2.5620880175654692,56.66581013726183,780.3342360105253,53.85846200675256,197.969
0.024498707,3.144367821591213,87.95958121953596,785.362198,52.96407776034626,201.606
0.019480159590769965,1.7778934861889781,76.06936296469434,790.0249602024236,55.61293835033638,197.598
0.028702366014614903,2.453536297763347,80.64570833527345,806.1391195329619,41.92508033953714,199.391
0.018191695363373464,2.857929329533603,82.43167117,828.5814379869526,50.026062924183684,199.462
0.026580992,2.760455645978541,68.91156771242004,810.0642305739212,55.72995278148354,192.572
0.024254446,2.6302575095535814,78.78377549,807.3796203,57.109213395550135,192.185
0.032883856,2.1126794125712474,79.50459072,829.7730861376418,42.434251797394644,187.91
,2.893825145265953,76.28080833619441,789.6506359172078,50.79506649775937,183.969
0.022070961416045372,2.682366494712978,56.87344737096345,767.4393870274677,57.255288569914484,188.654
0.023315342030037333,2.1607155708140633,73.63515698847134,781.3937014,,207.945
0.015307976934497881,3.501054620766385,83.13753341490464,789.6372287,46.945545750452105,207.926
0.008416386,1,63.92361961778323,789.4663804566859,66.85039961,206.375
0.031764899,1.547094016136715,83.38331170412718,805.0069874180754,51.21250319943243,189.151
0.027850027123460096,2.9530256949490075,61.46191007,775.0450846639673,69.38487432998342,182.751
0.022134603,2.637683696786065,77.09155628815338,797.1724981,51.187077867236844,209.683
0.013778924019904399,1.990981071229534,85.11298633753833,780.8445213599368,52.343956319151715,207.515
0.036498688,2.7137532219976706,63.25342151335661,831.6786807862779,49.523945218047935,179.193
0.015685279,2.8667226711851233,70.67514422476259,796.2590051591947,59.429753029611604,208.692
0.031531797,2.978541485553903,81.16578739142031,805.3575980237457,55.499843946877874,191.223
0.022721123247516118,2.2757130124387377,83.27128705415393,775.4426266408849,39.31932186399271,206.547
0.036790683,2.6111835965467725,71.83479405625373,799.9056454678519,43.93822382995141,193.422
0.027026297779189825,2.102750964,78.70312831044798,813.3391180374274,34.08906509654567,201.587
0.016547319,2.3433379197954385,84.88166423446718,813.2342239808352,49.821436397304915,210.2
0.006875199,1.3545292265254567,90.48201951721727,823.4968970233532,43.80767829043663,220.904
0.022703579,2.8937132511696015,71.21794111888177,794.8535333835506,41.00078546340478,208.354
,2.1355687795503537,72.13647681633516,829.3169391958601,44.900859430461495,218.799
0.029916909760805407,1.8958863780980821,75.02893438406115,824.4396912,41.64382556032453,203.236
0.029588638940781984,2.7149466954713977,71.02554866757788,764.5164683285649,50.69274238499177,196.903
0.020799444,1.239328251271107,63.19467298,818.7427986774976,44.423620571770115,202.609
0.024796191,1.8081495597701345,86.75234191551021,834.1396386840938,45.55876801726441,199.126
0.023045661,2.4286583939127575,66.86853094139356,836.8303532362628,43.80644628222144,203.276
0.022117666970772335,1.3167650086378093,82.02939924018585,770.4866726195503,46.958879274260426,194.591
0.027096362739530196,3.247236825580794,62.31589678696339,823.2329897117561,45.07028490621941,197.101
0.032185853706597684,3.1725938851267377,64.03460469287369,810.1022007742989,43.148629443994274,199.765
0.020301038,2.371461525991861,66.59342061924247,810.2512482131634,57.63812244158772,202.144
0.025012217036490824,2.5669060166752744,76.63628548286738,833.0367418146319,62.25051271410544,191.555
0.023057267,2.944221520632008,52.38258213842411,855.4270462457325,43.414849256406164,189.807
0.026088205959306273,2.3049986243908225,65.22301745466966,801.2122511608887,44.893595938864564,204.375
0.017865193,1.9260964429091532,83.42166806932354,762.3040992342422,55.21889867392941,194.044
0.031738976,1.7961610534403811,76.70823795,749.045502,39.41116370099197,192.1
,2.589043248504427,89.94549835421151,793.6537630181961,46.837800056509685,211.128
0.024912414027843274,3.272339667156134,77.1481936,807.7417915091631,53.91016018769716,200.787
0.033962783,2.8499565444482515,59.64086736542056,823.8108131087229,62.57017415902834,160.991
0.018935677923240767,1.984534114,65.13839459687816,781.1805626779089,57.49559685813781,196.439
0.026389304158937327,2.4022130493972678,93.35685192212682,755.5377310802833,50.18903347454496,197.135
0.023748861357371705,2.1712970701290004,68.24888622583161,788.5102299030242,50.039698660804525,208.454
0.028286371755286803,3.003435697,54.34714753683412,860,72,156.936
0.025389355,2.004765819545676,72.36724162160372,812.7077258928447,46.03033681269692,207.151
0.031354511,,96.54125529634226,754.6575906366196,35.94171903952718,193.94
0.025248428766246007,2.2635291870198375,63.07622836174023,789.7396382618853,41.88817355873762,215.339
,2.4167950208840416,74.36916767166527,796.0381733524157,40.74323704136923,195.814
0.030694705802946448,2.6237005681875485,67.97199715537332,833.5156458466388,60.89552693067223,179.866
0.00994093,,77.56052398190458,791.8864497775212,58.607020170718755,203.539
0.019443511112406848,2.3012989417939456,83.84499631774597,777.8470828242894,51.43525394293982,201.788
0.03228444,2.731663990481893,59.48139110480264,800.5974535,47.32954254104768,194.329
0.025963723063564575,2.4348009835942084,56.390137378714634,796.1770224825423,44.09063007,198.084
0.03561896,2.084951909895245,65.44920070105469,833.6540136599825,68.51512300626226,166.188
0.022878731899949913,,79.87656797,774.4855572,46.418259296055965,192.75
0.031098593923264254,2.7068007033308894,50.55470939050233,859.6487783637609,51.15444631812231,155.007
0.013284483250290285,2.2739675355175213,58.58522329069905,792.5919523213012,51.44322778605832,205.379
0.032736469342787164,1.8401332823663148,62.28773978766782,822.2945319285417,44.70739615899984,193.63
0.018494345701869763,2.624298046422056,81.79196902041116,798.2206602,35.34702025629872,218.691
0.017995071911329357,,62.22380230800107,817.4749632076393,43.287713116584435,222.544
0.031854371196686715,2.589314964203982,89.06603620236261,813.6315797046539,61.266740454979455,182.5
0.031793777,2.037022349122954,60.456448237261796,825.8798773295099,44.62309122750733,186.353
0.017345843484152204,2.0505130090664823,68.89547322650407,769.1006219532609,44.07681225877783,209.903
0.032727511,2.0033728771634425,78.47748834022093,808.4852535464055,45.161527743277624,198.208
0.025489332,2.411359657155549,78.09063259623467,810.3681296280249,47.02106191974006,206.504
0.033413791,2.717059495506633,58.67272435450739,826.2613165215305,50.695081601963494,176.343
0.026891091,2.69523274,82.29955166850975,820.2087327074222,50.07772440386487,197.787
0.022571217,2.219040978,67.6571086,758.3020298000131,50.01176671217033,196.764
0.026757032601748658,2.5235330527768305,87.8280891,781.2977768299831,41.54777444021979,201.742
0.021638158425284253,2.3639267629523335,70.33077461592222,835.6167829955672,47.67892928200033,201.154
0.028063471,2.0597630659561093,69.96061632400666,806.2443248967458,58.45389263653995,194.899
0.018941481,2.8051906957229575,56.58338371685336,834.9351499,62.60974689596078,192.292
0.019022798,2.4882563466532512,76.21749791938973,830.1312868087585,53.379046788422244,203.667
0.020961773,2.5328149979045156,87.45852668699662,802.2499624194068,45.971282293355216,209.556
0.023270464485025892,2.3458102356361135,55.472673582230556,794.3248546310714,56.09004924028854,201.358
0.023195450328712078,3.2434106801554456,92.55287968933406,,47.75736755,207.09
0.027642441,3.110564623256823,68.40236724270841,796.5079994691087,54.34620444,197.016
0.027131136,1.9563591692007236,66.33636345,820.1912470441058,52.59791996092082,196.105
0.026224405,2.9653867078339977,74.43235342098798,782.6294924363425,41.678305137074425,201.455
0.020427573506627314,2.5948782661683087,68.66930588503793,812.2617594,63.504481514334095,195.19
0.018344023,2.531034405155534,59.590947137835414,820.5468073182949,52.94523489163681,208.719
0.052277927,2.3422575440928504,66.86387693271236,794.5246139,43.86312316585099,186.559
0.016768267,2.3242051872655454,65.12192209306968,799.7070256,53.02821000158706,210.523
0.025927950266281665,3.0244297833113665,70.23275172337962,822.3390246,46.482409402442165,193.762
0.024092493,2.3692265538706736,78.63062801451558,815.9759878822149,43.491622205460935,201.472
0.016993184,3.0228179990245154,71.03346938063497,768.2925415373231,48.88240253,200.893
0.026804968565948977,1.904689315765565,74.44930464600812,,46.37224652920453,185.115
0.025776456992938776,3.2065023504673524,56.60735292385977,791.6931793063254,49.43643532941946,199.816
0.032460114,3.0451958427406036,81.91644168362859,760.0925845025134,54.95374049555478,174.589
0.022946893692718788,2.6844189996048486,68.63762641022569,796.4716056203835,65.71618528783875,192.664
0.032419701,2.2618335553403557,78.32265549680044,822.2707759635746,46.51400482802397,190.36
0.034531715,3.505536000790631,68.01661681195856,782.8846379929934,44.090546018703215,194.125
0.02421996,2.7596159121874457,68.71387990116126,821.4567826103327,45.983615135561955,209.098
0.022901055362296932,1.8797456482331936,73.31098838790071,794.3556309056894,33.59234054489095,218.252
0.027510601,2.777051870661702,59.534189941295296,852.5111814287446,45.68344193380743,192.867
0.023449160814359493,2.9336392397810758,53.81847577536995,850.4078491581917,52.73450910145178,183.904
0.014527283499198776,2.079408065299637,63.584683165437255,768.6372148289112,44.36037145538526,220.025
0.023904852817881343,2.626596260247201,89.22720148522133,768.5388356,48.18263337830339,204.19
0.037079718,3.1614669288775383,67.62036851744273,789.7533152586993,46.41687221010335,191.81
0.018433221327074582,1.6376449673897193,81.32732161369886,798.7779949283463,62.03638762287805,199.371
0.019935268,2.560135107121303,83.11097800738312,784.3517657505465,41.11388289,212.246
0.0419356,2.6987172969275326,62.76502813826997,793.3295101455265,63.604536446513535,173.36
0.027892379113384155,2.725298664846385,83.88018659689111,814.4867244,48.82351521876779,203.629
0.022105448543735483,2.702789,72.40798133708586,787.1835666,56.80785955677613,200.906
0.033539627,3.126818571719473,76.34976568406395,794.7971912313322,47.59089080856089,198.182
0.020163144906289003,2.3566701305644746,65.97770597528262,822.9718801930939,56.80903650697594,197.942
0.019313336730334727,2.8680606636057098,81.34233712131501,771.9397934614256,41.03883136398909,212.814
0.027940704935173956,,67.76974905512876,783.8873849185693,47.80468101547359,195.644
0.035608211,2.6021431817211345,63.985318617930034,835.7543227860942,53.97501327965676,173.083
0.021001942588078835,2.0631987867589356,68.72354401560214,810.9488450399252,54.62005082786403,203.38
0.012936205,1.8428259437289436,64.26029715303656,802.8480245360837,50.451867516158465,216.714
0.018869939,2.968325084181427,70.46922045390455,807.2348521822561,55.46919858257203,212.416
0.037173184,1.8385679654115057,74.87480948024711,794.3455545258136,41.77849167452626,199.699
0.012298735721708153,2.6354618517870536,59.97340521230471,816.0700857005503,60.62783343275107,199.094
0.021108227919507182,1.9063751726128428,62.93337130094682,775.1552201064077,38.08330838624737,213.099
0.025904047,3.18448659,78.92919956178244,845.4938108076974,44.40548528519651,198.471
0.028960319919640334,2.7928775349382065,83.86897581132496,790.0315615679219,46.669738111338134,201.05
0.013986720275081377,3.219426858953923,76.67270524748825,798.2237366096912,50.296849870722646,209.448
0.03049581,3.081320222082172,80.49532013179481,762.9907211013577,48.34200856502741,183.914
0.026419976,2.6183133041482267,73.28696792365513,785.4357498207927,48.204090535124024,196.608
0.023266286158411743,1.9711977844353075,75.72105269282116,765.7066227742218,56.883170773121186,188.294
0.035782144,2.706165764230752,68.08934912426623,818.8181825907528,51.693766363632925,191.217
0.023113613828473437,2.0144281267977164,73.63667662657518,767.5529576888736,54.22358903038076,191.152
0.037757681,3.322810828947003,,821.5295104144353,42.52712586127882,187.784
0.027356747,2.556561172595828,79.59254834284218,768.5451993510964,61.962370626177915,187.309
0.032187313621257756,2.3890149279652233,67.29642044979438,792.4532469610346,30.144024623626514,215.829
0.028003812280587206,1.8957068602052844,66.26354244261923,780.3651464513915,56.597845721691236,196.034
0.008500323,2.300498246989954,75.90403633152211,760.7764567910297,48.038046360134786,205.297
0.02539262,2.875064880755496,82.76937195,769.6223312924608,55.45751259149654,191.424
0.027221023778673168,1.9784996856264274,81.09446725357394,788.9969689161893,45.82732478381437,204.739
0.024307263295444474,2.1360336341538715,77.21742027173082,824.4848248987236,45.49689734546217,208.721
0.028230118,2.446624556879721,71.87645507498247,768.9282174570596,49.17987517208004,193.141
0.025429343767109563,2.251777456996901,70.89017865793052,783.4334632927117,54.99087677,192.83
0.028650291,2.6462961004071746,69.22791892414354,807.9283256922948,59.18465380747049,186.851
0.020466753222686162,2.8665070257540695,76.59485817318779,792.4610081670772,42.77658164827215,218.369
0.011739790294093902,3.1319347102257638,78.46552634072285,767.6891438399532,50.276008111062595,213.795
,2.9532567117463224,61.04120516650744,811.5295718053851,40.66351401717955,206.481
0.021606959390842582,2.190215684302264,79.60897956,799.7873328394325,50.57825457494676,198.423
0.026930829,3.1552383097389676,92.12551706083683,,55.05175573206991,188.802
0.029261928111052847,1.2830030394217549,91.24542086138088,796.7761605157294,53.880243984998934,191.034
0.028930593987569742,2.717829678205183,69.08866537144122,855.5251219257644,63.209719376043935,161.805
0.027464766,2.255457824,79.60182223844889,764.1420918728054,47.69670864,191.196
,1.3478484533271653,75.54033372661537,777.9897251226604,48.57917448309162,207.022
0.022775953,3.371512884,71.00379670783543,837.1884634331383,45.75013168567072,202.766
0.022835390195403177,3.4280814901065693,64.40267670518263,774.0996095493474,32.87987788802883,218.362
0.036258949,2.4484342737640437,81.33218396960388,801.7507474722305,46.079208059595295,195.975
0.024706129903538737,2.052855041764598,83.19372343717706,794.5568406939758,58.11317644865571,199.993
0.031931485616550126,2.181732950906885,65.61528425497116,803.8005740267944,,196.721
0.022148268975599048,2.9025552753570576,62.76763014,793.6923672718402,44.89243551668202,204.443
0.029426703935570876,2.573617446938875,84.48342167231056,759.7188967945931,47.65089057940708,194.86
0.020979163329046903,2.9852324889750856,63.050926947257956,794.8627538890269,43.908763957721035,215.305
0.026525628920331664,2.631568750057631,70.52905656,834.3238143501668,44.240493451065085,197.534
0.026447821308494043,2.437792932522313,74.08234851222511,789.0645950203534,41.68003122,200.821
0.022641317447982638,2.3324588601603513,77.44746157736039,772.9184058838568,36.43530679375489,208.619
0.014125664734225099,1.2691466409743157,71.45091765263153,809.4301314120115,57.86421015,209.803
0.017567313,2.683687942458627,64.06279100518677,815.2400641998192,,204.345
0.043391343814498065,3.7387505882674428,62.764877195322754,777.9865854666875,42.03421563288034,183.903
0.021193921,2.3439745760076285,74.13155204829256,803.4858859976774,66.10619336081987,203.468
0.012373745975964785,2.079166444,60.72339473766602,804.9404623204623,54.36318417390834,210.299
0.03650439,3.1997098471194954,67.72223339010542,,59.72770405375944,164.066
0.023817099844160222,1.744071977148011,58.76851657803732,823.1886539127331,,197.192
0.026162829718019833,2.7982780667909215,78.46853457114204,740,52.11470076340819,174.039
0.023684775,1.9224212080103817,78.78421226729614,813.5492543929105,50.38152520979817,202.847
0.036767059,2.9698652224193762,76.28337801679082,824.1195831,39.95349268339547,196.561
0.031502675,1.1914231894680578,82.81751008298849,767.9726312530926,50.15503223282204,195.322
0.019142013822824287,3.0150237979287606,63.08989848312542,808.8359301,52.77158081196695,210.12
0.027366009,,73.90666634778592,823.068807,57.554845102700895,185.328
0.032564429,2.4938024019005156,57.650960228483605,827.6153325339694,56.89318434690192,176.235
0.025235147844884814,2.7175983317485253,87.91721478553274,742.6997464597388,45.01034073889472,179.856
0.030281349530778445,3.071304396429089,64.94560319468293,793.5848791798036,40.75349966889616,203.406
0.024972931,2.1713681491260806,48.46637940962772,818.3935210759425,42.84483591407782,196.071
0.015862002424253827,3.1596638459298365,71.77555004598688,806.7686719369796,43.92576314007084,206.044
0.02836901,2.9353033743301595,62.42420740214037,771.6083972893871,63.051389162604224,187.608
0.019208002,2.916927273228742,68.18010730923751,774.8853064869614,39.93547168856316,214.488
0.017597379678263334,2.843697028367036,74.18926779514075,800.9024357917556,55.25541328349199,204.632
0.023165435032876294,3.1119603896217485,55.950923179033005,845.1079264648232,43.10442933713643,195.265
,2.051592069734656,75.92041016738678,791.5398347170068,45.63686189970983,209.368
0.032015190952868894,2.5982396083348736,88.10930290375941,792.2253154292064,47.20090076847395,188.571
0.0275452,2.5658930143314835,63.37495308656391,792.4655282900563,44.95547279370004,198.12
0.031795142,1.9212375684827485,71.08968507969816,811.4283293284024,62.97786485477575,183.346
0.014675046144722119,2.700582302559897,,768.7851106863553,51.38270585,201.862
0.027836718147320416,1.9821327777263509,66.74626201675814,792.5992410653934,63.324388562386815,198.013
0.030030600874399446,2.758547484281088,62.67653760148366,800.9745808666165,47.658169919645026,194.507
0.028063388178388896,2.962920986,63.413828073118346,784.7574282614944,64.52212331404816,178.802
0.019855541741762996,1.4005450568176265,64.59269910893143,823.4041677310261,44.828689180045515,219.997
0.017712028865591076,2.556636641818818,,746.1267718278534,46.68523696533416,188.527
0.009599301,3.287960566,87.78595546593544,785.1453258534256,37.20910944596467,220.182
0.023671279,,83.25657127714094,759.0558211977847,41.85346025400803,198.431
0.030275388535584015,2.0222113796970898,84.16887027013942,792.4635047056164,47.05425971995062,194.657
0.025022337972961436,2.1834557735147246,82.13834514800979,810.0629385336315,43.97086473871791,209.014
0.024852267633861752,2.00394178,77.74186265,826.4880521419095,55.70890726293083,183.667
0.021845879,2.0113684899455744,67.79544530406011,816.4141836446797,47.28659379527473,203.575
0.027053193,2.926077972385996,71.14326709,786.9591142289728,55.823683692460726,197.289
0.03453642,2.414252667868026,70.24517374158802,786.0331790338242,35.36720614432731,210.481
0.036132558,3.0922876933789967,82.04482962810161,758.1025528052669,47.13925969908011,188.146
0.019512553831993403,2.801613908429866,92.66690078519426,787.0643134528872,49.32064609433299,217.969
0.021750984277454578,3.138504463623362,66.05264586072332,814.0339702292941,60.38343573664986,197.503
0.023423458098164863,2.2363994744816464,75.90008001414697,764.5522442842172,59.453174464814985,189.456
,1.7544699471957148,65.02481372745225,782.9989272328702,42.994737080963134,223.209
0.019560616090600672,1.7838796139668545,53.93826641030374,819.4989399268301,49.825966800341256,203.237
0.041719837,2.4397922020690612,79.43229651119889,834.0348311933111,43.51992026749598,171.117
0.023451664,2.193379840412717,71.19046776877089,771.4113281886943,47.81489524479313,205.092
0.020961846,2.2645195121035977,77.77548778795958,844.9039850922638,53.31713385437569,192.842
0.025338596626686184,2.035893826451999,71.69482467180843,796.4728186,41.73231267313038,205.757
0.020183546756138437,2.5686182469223016,76.89736536370364,807.3801349000959,63.62302706129093,201.246
0.024926414514205148,3.534525927,83.00796286195047,811.1450569601121,68.17627247731794,178.333
0.015288628619393653,2.400433814244999,71.63263664095096,782.6778504176319,63.32610526448819,201.015
0.016474809105570244,2.608661568424479,70.14630807550706,800.9458831382476,52.692284332403084,209.801
0.026588415231769556,2.0926873777467474,72.93616012995368,,51.97746883039474,194.708
0.008848064,2.832135339084542,70.21773778659544,773.5323874620283,69.34708933865585,197.607
0.025139194552490238,2.772060019867478,88.16469060486585,792.8010641133767,47.53678513695702,195.823
0.028465601039620758,3.108480820388788,74.30278015198856,808.6917001835945,61.52477065689368,182.775
0.022875977736049283,2.5422876237109784,58.91090374,804.5102754679103,49.715754381719634,213.405
0.022777955,2.1128665005440395,57.90497933380155,856.3955669157637,41.47643377882907,188.275
0.015505502413164042,2.658137877983574,52.221693046312836,808.3788180720685,65.72994932358984,191.053
0.031057776,2.681128919705502,84.53305253721832,794.2725255054086,48.604791300846536,193.006
0.025651386657455245,2.793025140286815,91.10167803,834.5376261,49.67683807191138,198.919
0.020957159,2.582608053,74.34003221643447,774.3158183446229,43.38890650066372,209.688
0.034419142,2.4756406085359624,58.11794268092362,824.2598794,36.883773534538534,199.331
0.036891735,2.3135390926129826,81.03280896319677,807.1250663738682,50.929897152135496,181.173
0.020321849113326334,2.510639774730051,75.08843105237486,793.2952568243624,33.550378647150396,220.501
0.029930268429381263,2.38095859,85.75523883682067,817.6187555530038,58.862795662013525,185.162
0.034370924,2.281964209666359,77.59529073544553,810.1108565313566,40.61122683659821,203.931
0.020802486,2.4293050835404797,71.7269916,764.9052255324498,44.88384220861323,203.762
0.034572168,2.872198980035171,71.13429984307184,794.8792109,58.75625381292932,187.669
0.006933892,2.811870391507793,66.80755313472764,801.8312002557747,42.758787577893266,222.253
0.021092028214470225,1.874124364880085,80.38224180643586,792.1670429352192,43.377640915382855,217.274
0.028699613618233637,2.521691838949779,67.23699051128582,813.3795528245488,46.49226288012082,204.819
0.024368618980593473,2.490195800096648,81.92191946029708,795.3354238771058,52.59071142771918,199.371
0.018489070185271274,2.608589257949974,63.97255226814731,804.2075010878945,42.41728096466662,214.69
0.033212921,2.505354798577694,81.52723949181963,818.1362040697488,,193.414
0.032200794112239174,1.8223703626929724,77.05299686406303,,,203.284
0.009699323,1.5014032739876888,69.23351418231711,785.0952874800873,52.20315131662093,223.206
0.03350461,2.393410371573425,64.6688262,771.6418361441392,56.03238199934587,184.356
0.005,2.033447355936345,71.17221039848964,804.1779848596482,49.63001239742593,212.479
0.021744738336536885,1.554290588887099,76.30906689481006,758.6727327733809,59.92025214830381,196.36
0.022888928,2.5211105595349155,92.67029321604178,780.4648139689028,42.83210700987419,201.611
0.026942886406774422,1.8376364662489024,65.57426271130844,799.9092585345167,38.72672802706492,210.876
0.019683101485185612,2.419069854297368,62.075099,789.5728941563308,,205.653
0.029459089887310462,2.500755375336284,57.61352881042994,818.1812664010057,40.85395688834815,199.983
0.020051948574836696,2.203046444177731,69.56945553020276,789.9214791878334,45.105852529255976,213.307
,2.5072850489823324,71.07911057429202,809.5083099222682,44.15413327754541,205.46
0.030837564981837033,1.908411933814477,59.80025302361457,798.3646522235757,63.62459305037406,180.615
0.009708863,2.2795252974291116,75.30057212,769.0141953804512,47.12884329221926,214.266
0.022970013,1.9804861068474033,65.29709717447567,837.4785179033803,55.57056333047672,192.381
0.023636798604465777,2.0737136575172315,64.22405202848213,828.8297524,53.94517062847233,192.818
0.022714692,2.428327534477766,71.73458131120707,810.4739164547353,51.08638381837854,206.508
0.021859287413685004,3.722269120709803,81.53211496278962,807.0790909160411,43.01203199,205.959
0.018707435002810392,2.535863565569273,66.12035959714657,772.9114099300856,47.705237095284645,199.976
0.024590725397558442,1.5795221618834938,63.50224442634065,810.8512362898688,41.13931819318604,213.908
0.028807746156051642,2.581079433404017,80.29108541753051,787.3637836344276,53.26921659212325,202.007
0.030780068,2.7046570348126835,59.490213739488965,793.6372389086428,68.32550154750115,177.525
0.027856203578076763,2.2646435463991077,73.35014932,799.0715871143788,46.04129808765817,203.113
0.014104462722597091,2.6384113953378066,71.00707528426405,765.6830990476449,47.998153341822416,209.252
0.021291603,2.8759915978257307,74.40985489144757,778.9416253687689,46.630718737556776,201.229
0.029694617962965134,2.9951521123441065,69.8366212,797.1257267401526,37.623743601089664,204.16
,2.673510672611623,88.82449657866039,786.5046357893231,62.53913915128452,187.682
0.024109731117898905,3.0454532991359877,59.052502881070744,795.9927835,41.90853040702357,203.169
0.020602315396814046,2.7542404192394496,67.77041742053012,783.0459953517347,47.88228648907585,204.03
0.024665521538396074,2.3613404619593594,64.21770686908431,860,40.456885457386875,187.492
0.023799424,2.4681703331338944,65.02145300263622,825.2550493077921,36.84021548,211.36
0.015354994829625749,2.559058300758187,57.73651800881319,775.9855192558637,54.15388677930419,203.446
0.00842551,2.697488164541788,60.00922449545495,,71.25882622723502,189.133
0.020211778595479905,,83.75446055103315,823.3431473270335,50.94165943091448,198.353
,2.9366667751929114,86.29977558,830.4741662324782,49.29857592500523,203.248
0.022798002784756084,2.538224782680782,73.47258428,844.9550924567216,56.35882264641077,189.563
0.030568628161802756,2.1270511558777807,56.40747030399855,818.0154787687402,48.57530444,190.801
0.032160503,2.6092596824203613,48.71098565869217,813.5138682945242,52.04283371063294,180.101
0.022856571126216342,2.2573492269775826,65.69168516,832.8970115975565,43.99755782574925,201.673
,1.735824831485636,76.42477541645395,794.4877608272776,42.27893089705725,206.353
0.019887999,3.2695162364398027,70.2053422,793.3679355643521,50.70664845006092,202.052
0.033112086,2.7275644664943526,61.568949234592345,810.8738631303197,42.74391457,195.342
0.036662864,3.1355230406296055,88.96528889248981,761.8933467841516,53.74285645154853,177.133
0.022182160731835168,2.769481814551543,80.63505827953259,764.1034584205973,41.94536969238096,199.143
0.013066067740997006,1.891460168535763,73.56869947795225,753.1645832948582,65.18543580635699,187.727
0.033717683,2.814672583484866,72.20867423920244,791.2439383738315,57.36895431228842,192.434
0.013603753959116217,2.86626767,80.36719404382296,820.3019176329768,47.63833975692661,214.658
0.005,2.616415137967727,76.69220748334254,830.7041747830443,,216.14
0.018235460506072988,2.856887065429955,76.60823104150647,804.6486755538557,37.689971642057934,222.823
0.007842153,1.9316382291873446,,802.2084915615867,44.609150242481576,224.32
0.030440363,2.456214473155745,71.78320154102136,853.9783312593272,54.181488240120906,157.928
0.027867014,2.3145791516226506,62.62701634371576,803.8001216277453,45.48324261036475,203.209
,2.0742614090359193,57.373440128474215,816.5925555781525,51.904775740805846,198.5
0.031657175477983905,2.7266082883361844,64.27168359104935,797.3579981471787,55.44025024223801,193.066
0.025477843,2.479512172093156,64.82712661,779.5976442064073,64.86350262524329,179.357
,2.635577665094205,68.77343345084714,792.6126347905038,35.77533598068059,215.129
0.022015697767553785,2.7557473283243716,72.45255007970235,802.6914626420286,39.958480141643506,215.841
0.035223801466689915,2.1757816336481106,68.60522422203736,780.4973169412842,50.24671065061107,199.075
0.024005967,2.637300887156129,78.48145890528706,778.8310255193383,32.76361156003446,215.469
0.011227570081578861,1.6077224766748874,74.05469574078873,830.6444357557091,43.17592334758184,214.684
0.023486482171734466,3.1551240788102493,56.657721816529744,769.0371468,58.14033393638543,199.568
0.013922695694785096,2.7794688359143853,87.17274377393495,783.3813086098733,42.46985004360852,216.704
0.028005496,2.7095117388357526,82.89937949977718,756.6776194447566,48.56175434306141,202.785
0.030531370705555675,3.1291315581285097,56.451721937698274,,56.60286568515954,171.136
0.040277144353769716,2.412745999036351,67.57876892,803.5891773277652,58.55937903560757,175.426
0.022167699966370073,,71.55230728,816.0597568450048,43.33221917,217.014
0.00905278,2.2426059374557976,63.49069446108055,840.1313153,55.063867687895126,205.215
0.016769569887784788,2.3743286496715754,78.65558772805855,797.5168772667765,54.15880037160436,204.07
0.005632923,2.5289565018312943,65.98853596868786,,33.82724322130598,213.291
0.020618324,1.9041314838458494,82.60805326246505,791.4803689726168,44.918044539736584,210.527
0.027098209590303204,2.549677387792176,65.38861658259847,804.2502201633217,47.51587184310815,203.284
0.019956286409948544,3.4566557094116277,67.70774316525105,846.1235656,35.60631731143611,203.53
0.022773879,2.9872333849026944,73.42512866225256,775.3294592721942,60.40961668,196.875
0.037166982,2.448989632751706,68.57818405719787,856.4703205076366,69.39651291355419,144.696
0.024218304155412963,3.114465630110717,64.04215594217817,829.5441035054257,39.71495319999089,207.265
0.022681390395611314,2.581471764603826,84.61617897476474,831.7146690969794,36.43746700922004,204.472
0.025325443,3.303572420804829,67.55984294714726,817.0900576333553,49.11037537765812,192.024
0.018951583642485545,3.1095415105268387,62.29677428301473,850.9632609772627,60.308824458723365,183.22
0.023824002057409296,3.0183702991265404,66.63797680130236,788.6104878462837,50.192780146850914,213.613
0.022903619493548015,1.8447028197933442,83.23498949448309,746.3172998035516,50.78354828868307,182.927
0.036757255,3.1677965991133563,64.50679019160327,827.1042302905121,51.858153610420594,184.535
0.020604560978111024,2.317373364164527,75.68616201,822.8619833605528,53.13412846725622,204.14
0.035066053,1.443487134166527,85.48136796645518,769.2528335,28.960887815962312,202.634
0.010265784510681808,1.6788233087227422,76.53387813432775,822.0235642631638,41.126757758416765,211.83
0.023682127399396718,2.634898295410889,76.96037292360573,779.5334960611341,46.05455952859675,200.746
0.021666902,1.8269815820667383,76.37348553642745,807.6935922774525,57.96580948122293,196.879
0.025172429332814317,2.4864064802467554,74.88704194,823.2266297418654,59.60483175508379,197.324
0.022985496609753082,2.8487498716296757,80.69809346866239,759.6340318812448,43.747509165041194,198.211
0.024873583160718075,3.327356337091691,87.17785954877768,827.8811936437785,34.29094885845819,204.848
0.017575543371663685,,,754.4673805657987,40.99629336361219,201.488
0.021936951478752385,1.8854290173558166,85.72270029,797.8228173057338,54.00609571,204.724
0.008164697,2.3968015062546373,69.67745247599592,802.0709109387888,32.293902465503535,227.833
0.025334032,3.061564368064804,57.78485902549164,829.4456852742064,48.178702940416315,197.647
0.023822937403408538,1.7094478947755496,71.54128634259942,759.7744743443699,40.06981127271561,201.508
0.027006197088333947,3.143775835621409,82.37757882432523,814.6053173695601,48.96060567975419,201.113
0.019926022170080396,1.8190418331738996,64.06149853569657,810.8156133,50.56348873273193,205.529
,2.8958492005055714,70.72663534782917,830.8859908652472,44.26032471495992,196.284
0.029475845,2.9880447860607977,81.99513684464742,783.8686934300695,72,181.517
0.036856418,2.2872633601817602,67.32609015399085,809.8483073548443,45.33804352481505,193.963
0.035539861921941335,3.7102216735341518,65.69905848625935,817.0058598451852,57.45297606643358,172.901
,2.963240618965702,78.06774009276418,767.9001713713533,52.17391955377735,198.199
0.014501181552749078,2.2587113166861674,62.76711940213793,807.5361690290979,42.940404629008896,213.862
0.025777569045484377,3.0888759643465544,79.49930907225675,784.0346746,38.79366574508555,212.721
0.021198905022897157,3.312045005028487,,797.6000897640588,59.63673646581914,189.483
0.023214365574765996,3.537620502217728,72.43181062,778.4586116027182,40.56064897485983,201.495
0.036281207,2.1115301652418705,67.41276653672672,815.7101350909605,56.434140966912295,186.743
0.015132704,2.5253243675768404,68.32685515227416,760.1271298419065,51.30990461459745,205.115
0.022143682846079888,,78.01645537275492,770.4605187317198,57.369164794616154,198.802
0.017421703608399904,2.7574223604159576,66.83807986272201,790.2538009349382,54.90430196015482,213.734
0.022297586976417188,1.7774210361022842,77.16242897779863,848.8856263894781,67.78690075373163,173.71
0.041864401509653246,3.7139535194324367,71.70384978527942,,45.03849328678835,194.293
0.022906169,2.527666484286831,84.56694817237596,769.0767186463413,34.32972898045236,212.281
0.025414957357714204,2.9452985744611104,66.34464490411553,802.3403204915244,53.503095907320436,199.413
0.029528894,2.269789552,93.05114892080051,771.6582188887247,,179.271
0.020854856477300614,2.1721142166316625,65.23330704961636,801.6108705591275,47.16561568391223,206.907
0.039362359180263415,2.771253485036599,,,54.964512412364364,190.212
0.016984760868014804,1.8311948995467615,72.92177721816044,845.8011263248741,38.56352086476639,207.504
0.01864167,1.7575019633422806,81.55817972332112,786.6421867542574,51.04311720000072,208.182
0.024270667575838883,3.1729155194614345,70.12345432714649,757.0943769,68.20072937554012,181.472
0.017555648683074965,2.703932853154049,58.05533213039885,819.6812544288899,48.044006009071516,207.948
0.031253432,3.3414653479533785,66.64738703710772,813.0242810878511,40.246728175627226,195.537
0.012153904426689118,2.6431573667769714,45,860,44.757460996908776,188.101
0.022834575609792726,2.5955627759524855,79.23865275073453,765.7611356535483,49.205170277827364,205.49
0.021105803487375684,2.6157126940423443,77.92174102303885,743.8331317507148,50.73416337534258,190.842
0.012967328953781991,2.7583406094649483,81.05625857739393,,57.51931187369999,215.09
,2.288788117647389,84.42769603776901,804.4609444529111,47.52671709596927,198.643
0.014270199,2.137324042342456,76.79989388710167,783.5218492999053,47.533669960675965,212.517
0.023399082444027004,3.072015143103833,81.09333409,772.2805760332872,47.032455035336625,196.431
0.032307262,2.421720051785137,,776.9388622888489,53.00870382671427,192.315
0.031305384,2.4537020105468996,75.59179737,816.1422476292732,57.851524322341426,189.358
0.022171611610610816,2.8638818744670167,79.15396917,763.0861471221635,49.03945551594956,196.837
0.034521051,2.837839681427781,75.54421711833339,804.9531206895338,56.26933418161098,186.492
0.023193568,2.548143426489573,67.81119547,806.9060990727008,49.03002037819102,202.792
,2.775643704317298,63.075378364893176,816.3331005619063,60.885022522074934,200.439
0.020568992488845923,2.852112210746805,72.61227652320318,819.5773360307643,29.509745660211276,222.56
0.021939376725587764,,,800.3010691692365,45.222108873503714,199.038
,2.770261729935573,65.05919547,793.3315485523299,,182.734
0.041981409,3.142090449943467,77.76445825105253,819.8282686656556,56.623761348524496,166.597
0.015943875,2.238106753823277,100,786.4765377,55.75723890347783,197.936
0.019675441820576824,1.620919874746484,72.01157683711902,810.5689745384032,51.33604108406713,201.368
0.013406639740300768,2.2540176054197296,61.460997026353674,847.5394600518091,48.66020381770781,204.732
0.030801319,2.371114051250777,73.95821837774866,767.2371984323208,50.39031982990142,190.772
0.020217733,2.6917466621720454,76.48895654490262,780.1244129149611,40.03900429396201,205.829
0.015852552,1.697886958760679,76.58811611918506,762.7356529285596,69.67689838504009,184.964
0.014992542982070253,2.117741830758002,70.12668646138995,755.3672723523423,52.095727635888714,192.281
0.027811372,1.9081344856652138,67.17282070624948,784.6718377525933,47.00017142209304,189.723
0.018744458964464687,2.162229378624302,89.29534175109535,795.1201541760096,42.52237165387686,216.582
0.015981663,2.872669042875061,95.13411925238002,766.9939665,57.041101538088114,200.111
0.030110323,3.1234756383416076,60.08885016751533,813.7151683,50.55625177860648,198.5
,1.7970767707598272,72.25672026938125,793.3684783834077,49.53431910189697,209.09
0.016638233397560116,2.0370695944068635,88.73725244571769,770.9379594176951,57.54448191371889,200.099
0.006713124,2.162533151041209,62.04634871656134,818.9877091494748,28,230
0.031434844832214204,2.2490935667330874,83.69657371225529,817.9268520468191,36.800962454627125,195.561
0.021888282092734697,2.104729848416156,77.68079536935987,787.4161552419772,51.35123831368037,204.626
0.021617527,2.3145301648421612,72.65995776359901,773.3323435767151,50.079012439868485,203.889
0.027437059346840126,3.1030017273499677,70.73503233523141,786.1468461444609,56.85770623177512,199.536
0.014546222813796035,3.2868299367770897,66.81237352395014,806.9019575770762,52.26841317560041,203.795
0.014105227406539302,2.356871807823331,70.64220892953264,825.1891605542041,69.39978529,200.252
0.031562365,2.602241992410586,86.77861423949868,769.3187994061196,51.13261270074184,188.185
0.025720569,3.5057226859352997,78.44502319245298,817.6805117475994,43.270232727269054,202.509
0.028749558,2.449292204193547,79.72021864667224,804.5667625885687,51.67590717027482,195.131
0.018117035451075476,2.4984270649865734,53.41427794,843.2665702714395,44.49509169644676,197.526
0.022797546,2.526323843224506,61.46809961,802.7498773523395,46.09997031001853,204.729
0.026071426,2.6443314292334175,60.05652747262785,835.4038498070835,38.225312832741984,205.718
0.020823228325795213,2.958340589147815,65.03636613908677,790.6619677,,198.53
0.015373515784054992,2.0525278726864937,75.37005797172141,798.9222098887598,36.17583463183778,229.991
0.023978339,2.619070740153301,72.88187302,826.5129794733148,48.87529510438412,198.888
0.020113827270981415,2.2639249065187856,71.56776711,782.1786136957151,49.23180595780521,214.104
0.022629792855051404,2.4810876033922478,61.23852109074468,835.9121265,48.29039958707105,197.322
0.018470324602096702,2.2268854164992913,73.19126617680018,758.6198845,34.433111826185865,205.255
0.034921937,2.785145868791535,59.637961345166495,841.7940779834014,56.83883156569248,169.552
0.024648224,3.0150475696119803,66.88722242015356,778.4151285472716,41.34641343432745,203.799
0.019475772,2.875760805748526,70.69052465880173,824.4557498464256,,205.832
0.026343479,2.7955647958208156,69.39284065075108,768.7434452,51.647828997435994,200.022
0.030741149887204507,2.3370048355595543,65.37504597,801.328394,54.41390124072984,188.718
0.017972048132184785,2.8060532990042004,54.76725054941851,827.8544678278279,46.959762632382116,211.385
0.029434383801573136,2.628758439647376,77.58836406719956,830.7149957453503,65.39289900752121,178.372
0.034838904142992844,2.6389421410375085,62.85743221363934,806.7663383872515,45.47033404645882,201.43
0.017251679629613756,2.6643592952337896,89.97505938629286,770.4407323875251,57.35734150922386,197.911
0.023302797351953737,1.8504998771120271,,790.1239569292833,33.215731143237306,211.56
0.033360758,2.534814340080734,63.11115271,800.2946899116386,43.014753381662366,192.139
0.029067491462747085,2.695668718995593,55.134442168797776,822.0262724501293,57.06002892778917,187.838
0.020380750668553594,1.4945374523656838,71.23933905246385,834.4627089630135,41.415936987284795,208.917
0.029086231041802503,2.4539331130874333,76.20046082545313,,52.68673009320765,184.329
0.018432436255732244,2.1777325482326817,61.50553067955486,830.8900370885918,32.466770640570864,218.287
0.019778865,2.0627772818472887,73.20707933407877,804.4594388876385,32.73439729914548,218.681
0.024210739550470435,1.9466146175828754,62.975567429935055,793.7499955347986,63.82131047,189.776
0.019814647583710827,,66.20192143139894,809.3560872743237,41.113103862254476,217.864
0.0223616,2.644276168816444,92.83519253356178,823.8255341100934,46.60429881,195.071
0.031272071957608935,2.563368354668375,63.534124291558925,829.5233580978687,56.28306566063618,188.32
0.013716907633217156,2.31951108,64.39175843769853,821.3446186434616,44.97542502098331,215.861
0.029555933921133176,2.2279751625433377,70.65525548227217,814.0875110655453,50.27150649476902,182.807
0.035083466,2.218371483289105,66.64853286731346,848.4569228905553,36.16801975361196,167.676
0.041293176,2.007861540938259,62.43786431,792.5327786974544,48.45794402000075,190.029
0.00925854,1.7916654788890793,77.85743232785885,751.5698857926673,60.41273437507132,192.128
0.022987059855608904,1.909758845472762,72.12743328441248,790.8277895251948,45.07481718,211.38
0.025803894,2.885807442,66.34980766298693,814.3497289,60.23630011,189.124
0.024758208637479608,2.5105530025653664,77.86228918,806.5160333410967,52.13530034985223,203.532
0.021290051051998427,2.6212120606857208,62.208731251396955,814.7428186282594,39.146731895468925,210.087
0.022663398544959332,2.234403392445002,79.31817253,834.9433718465506,53.38247042313049,190.534
,1.9891727859566934,77.03051474,779.5989427755135,31.441645301072185,223.503
0.020721594352437596,3.2206587984222983,62.607346735156185,781.0577244086552,45.600698600833375,208.429
0.020603541068276925,1.6594031979132082,73.26391230921608,782.8692163123469,56.155931119316115,194.82
0.024896606730784504,1.6562016341164316,71.74249799406371,766.9329535,42.73828587717194,204.918
0.034509391554864176,2.121972313217071,51.83876248,790.8755374951555,47.08633756704029,196.719
0.043038045,3.0005210817638734,83.08430048835821,786.8398394712128,57.34750056,176.073
0.028814995654390215,2.6904918033661995,66.77486721942347,838.8956045563914,39.27405736305075,201.174
0.026858289,3.0844278634873614,75.67077440663195,798.3257997052733,41.798292058373285,201.48
0.025020774287225395,1.9117588489053174,79.98854896289009,784.4825575349531,46.238612541381194,205.123
0.026480847,2.223497908074249,81.45612322611595,820.833865,54.002463849946956,203.555
0.025461803,2.0470409522366353,66.65885087531444,818.4852028557983,32.77106647246481,206.908
,3.4602813611130143,78.72882698767313,842.5365840743734,61.364495055884376,166.011
0.016247063,2.1251847113217304,81.93918018716435,774.2620391,51.06049346796371,207.511
0.036712884,3.2577127604503993,62.78375409763046,805.7386597515738,45.99837439141732,192.816
0.026138826,2.466033738371035,98.30322908992058,798.5312606624508,45.74411050027697,194.877
0.024373134126645987,3.0859029958604602,82.27501739912954,819.8776240597202,37.667813205830896,217.806
0.021842175888054306,2.5972238317697536,76.54890902336585,814.0455670937778,53.48898884956966,195.157
0.021956683,3.5374756146864534,71.92668377296482,800.7547121052238,46.13723212370393,215.519
0.026902120015576514,2.6371406691241503,74.28751031104188,803.6461387854741,61.98209834209066,197.549
0.016904219945183548,2.389343741874751,76.71236145172813,764.7368293,40.97482028790758,205.182
0.016915714829563822,2.0701244304916617,61.73555853746062,822.3860235,42.497486391905234,211.151
0.033050736,2.401031119,68.79388559818898,820.3341884,47.60411297331862,194.426
0.026667972942633452,2.977668635186661,85.42170854721405,827.8726144,56.03480305924958,188.252
0.011976310801302334,3.1658519156006806,64.51992282013583,762.5310301537596,53.27067511771763,209.554
0.032339098,2.000198674872641,68.49031902264869,826.4191363305129,50.51476371229903,194.034
0.032023013,3.0242821746590938,74.76846894146477,789.5517078434358,48.69831598722828,197.048
0.026871878729358832,1.965625358,67.95131694512362,789.6878654812936,57.79920219900336,201.45
0.019426073,3.221873180586435,66.78542147251159,852.0593252233964,47.02516086280686,195.319
0.025970555780718888,3.1429389920795865,70.04852872125967,775.7530749132013,52.60690846222596,198.191
0.022140588498962388,2.5747000801218247,68.46837839761653,809.6899717842086,55.25138579092672,198.159
0.020539367,,67.95595164557798,800.5745156284933,49.25949908973153,210.959
0.020382266192441757,2.491526782877524,75.58747911941411,765.1968410457193,36.96438192610772,208.063
0.016363770482687907,1.7065365237330294,63.58754898570245,795.9926965265885,61.396781138666086,202.573
0.029094155939152676,2.2492761213382773,78.04890189,807.9124208794191,44.320823713712365,197.359
0.014673555664823573,1.1598284033960142,72.85060028565131,808.2754484550911,38.368263616492776,223.503
0.010621485236234364,2.6613599047093706,86.53672703637135,779.9434153428156,47.56255538697376,218.459
0.034750692,3.4709545533103654,65.07401096853876,816.5019471014914,39.52906068664359,199.436
0.026024455228504235,2.3652125380146884,76.89798679805762,805.9408562447795,55.18214996866988,199.342
0.025784123194787165,2.2092735930326333,67.46537995112972,786.4936989294846,53.21487139,199.599
0.028403087,1.9074400363848012,68.39837035700016,795.4723509038062,32.57044468739424,217.869
0.023710421912351475,2.004878665323322,84.67184651946401,860,54.55136735217236,180.678
0.013193312120864787,2.702926786735132,80.34864193162599,776.0100149221771,45.74265066,211.142
0.027840908379835234,2.152095815157286,69.97117973868518,747.5179228056644,58.42317424085378,177.681
0.015257401890531392,2.7703718068810392,74.86056481964859,804.0244644,46.511360546126234,216.296
,1.8592550118852276,73.87203879942267,812.8498180285603,47.642938439631735,208.062
0.021952968,1.6227222504090468,64.92732622210656,816.5654269656784,62.042152202971955,199.25
0.00835465,1.5141464081892786,89.61230887903085,774.4533949443315,43.78903310944777,218.393
0.03984251,2.226322932733192,87.23272357561206,783.8333941124787,59.619591281230385,179.114
0.016351649161830753,2.411809403698133,64.80949383597525,814.9790304139508,57.73974270116096,209.542
0.016111511,1.8339818063817543,52.12786970949881,791.8066495940002,56.78827655984858,207.003
0.015043579162069791,2.621497734041427,61.02841715249954,838.5867162031393,58.11784491194638,195.995
0.018364909623550967,2.4394852736941752,69.01335940204268,,40.186448527786055,217.888
0.025174515470365564,2.2446623683392133,74.40369115064938,777.2729158364198,57.23824916002687,180.316
0.026972259276360162,2.430111854633315,80.28859421625548,776.7672349011228,57.92273424104606,200.032
,3.1253541124935142,77.45051821557378,789.0237426,46.98011622488756,219.122
0.02219945,2.234790160041125,70.58620718564734,801.0785528033381,50.96879455672949,206.768
0.019347544,2.3793513154406685,,834.4484498942859,57.2891615,207.195
0.018357643,2.5143776931161446,82.59242494163641,832.8838001814458,53.46027287,197.866
0.011460452019333475,2.7493359255062715,74.38469192454862,807.2050954103623,56.54862941000506,204.441
0.022108378972897184,2.469214393385648,72.94055309,803.6971618936417,46.48482226180216,212.198
0.036765242131122554,2.0412785508460276,79.44360305552222,803.3222907321714,43.50163692713477,196.046
0.015644978553008903,1.5705720518468376,87.45738987593987,783.0655267422035,37.378078953488455,219.13
0.028023581853575112,2.115825169923689,62.46882695,820.3276922,60.348600400578775,185.647
0.024978642044220775,2.8985893977323274,82.18909712853812,756.0395937783748,49.98170408663041,186.671
0.026982095689799142,2.197146324365387,65.11360885284554,788.9608146028621,48.898400586716036,200.13
,,87.06325819,764.7692037471896,48.650505563577326,199.02
0.026323910501190928,3.2151799368672873,73.12195079555485,823.2811150877196,50.280415498488914,196.139
0.019328702385487923,2.4048443122759053,71.97431362153343,799.5130766084424,42.665040883196845,212.939
0.026410021895114516,2.466318106331212,76.89860539129991,807.0269670338581,,176.023
0.027577371833294385,3.2601922609842395,83.08789166614362,795.5495148989439,,206.687
0.04019841,2.810513660222809,64.04670048140908,820.5673969279593,56.90292352593776,171.537
,2.3971297015149684,67.44926695503524,835.6001328222861,67.90383256467894,163.125
,2.7460605804136073,77.29452669947304,845.4121913813254,58.64364732210363,188.315
0.017765234386382882,3.6919779198036693,69.77498455652882,781.0549031,56.92193669071068,205.081
0.031083783432575736,3.1482361782362456,84.35981132338235,792.3179005,32.52081655706759,214.645
0.038176652,2.513380875,73.14965451715433,787.8887794203421,50.83433910858289,189.476
0.028145532,2.4896041559373767,87.79867168385633,758.7094079451142,41.97080946471955,190.876
0.028805201,2.252746487040533,79.59090943445449,773.5687443708835,40.21079464013452,204.63
0.02922735,2.1541653500977764,67.88451891466467,764.6844519456948,39.39696868737777,203.155
0.017102012,2.674903446813202,74.41192585982107,811.4854508640931,46.43578035279736,212.167
0.021053020942523277,,76.23243318732614,815.4244871072096,,205.757
0.017624558561719884,2.351214581,70.74491190631414,774.4025165546566,56.48864956969602,205.055
0.024393656702183956,2.568005476095637,66.31361612770424,851.9891411877916,48.687343180458306,182.842
0.034994093,2.0986067063952376,61.74920493869896,814.2235229418548,36.46021028776707,201.262
0.031257311233060824,2.501774351276524,76.10033343613283,809.9332206797537,48.02966485572909,201.048
0.018590666744499836,2.216732942799394,64.25829223517374,809.7198236389585,51.39208778941991,212.96
0.025514829713112235,1.911470360255386,70.48273769381889,793.6773673896633,50.71844243415025,195.854
,2.1101852231144878,89.23154250447564,761.8729066299449,56.92023624978218,179.71
0.015455010568919134,2.357587610203122,81.39462903,785.9762812095073,52.20434359969939,216.568
0.014693329673993033,1.953358502064099,69.83307441031384,834.3242194342615,53.993630877513844,189.365
0.033308302,2.711746148747163,62.728675174935596,828.0890662634323,42.13323457840028,198.699
0.020305606,3.3451822698369824,86.55334172718851,740,65.15739251,178.465
0.013885436436493832,3.023441415585801,80.77856402395693,791.0930281922189,47.56010846862078,215.242
0.014271053535581783,2.109583103164209,74.48700598622086,792.6234770395689,49.632991697937655,223.747
0.028359487,2.2970336530505135,61.727034516971884,860,44.20007115193603,179.175
0.016853394589217884,3.006610785166666,85.69470135662642,785.7318698017004,52.881367233445964,208.557
0.012199932059287488,1.819965158,72.77539284355238,,43.34629286345909,217.7
0.013210380634097456,1.7214303554373143,71.09623219295165,768.8474171069263,53.91907326260591,207.577
0.036066192,2.477814722672848,59.29478919526686,851.4118789359511,65.39469271700118,141.91
0.012125263082214469,2.0968981161059057,76.59216547185558,781.4162427365089,42.97425200429786,216.501
0.018955692,2.132891805326406,92.40381132116289,786.7793280291039,63.88615569263664,186.077
0.024757413273943544,2.8244874346387565,68.26611013,822.5969516943308,53.30075520824944,204.485
0.027721612675322693,2.780784707340028,85.85140814098834,797.4363009524766,55.51924847030341,190.912
0.019795271,2.320004018698059,70.25983358555231,789.3157132161804,56.15169956381186,202.905
0.019181218,4,67.58276898188731,819.4552841001005,,206.218
0.022038298,2.7002605405603117,67.55147787796805,785.3242200554621,33.40084743342416,218.689
0.018231467,2.6213099806337143,81.86460399908476,799.8940353232597,52.85275941587787,202.915
0.026952813518128716,2.7377581357514056,69.95492290729015,788.8420127,36.14865371612025,209.352
0.012060269176974624,2.1632277938252633,62.45472940539652,831.7521650021665,44.005884503397255,213.615
0.028135843,2.2422709149754345,83.25082879627615,808.366421,44.24574626610892,196.729
0.037944317,3.754012226934999,73.53469322429933,783.6180582115264,49.47315134560095,190.824
0.019599239,2.143010229059471,63.45602510263407,803.0132508149692,47.61827664495655,209.555
0.020357114622305873,2.2440114615264983,61.83609211457879,812.7256204778405,47.045716503897275,205.286
0.027623199060391648,3.083134919891526,75.21300855304126,784.8623584454025,57.15974482,198.688
,2.5117009572452917,77.41667807472494,767.2981176843898,45.66531230392052,211.635
0.023167539435198548,2.625147195329468,72.23710717,791.5733591945042,51.82687463873425,210.366
0.027666565,3.615447059133667,72.87891803875976,782.9393873718598,48.98271011392857,202.014
0.023876222,2.9714199902126994,70.07059633365742,808.7965544595635,64.20811257003601,190.026
0.026216431,2.9544065807966806,81.55244678477493,775.0601507159931,59.78578155102286,188.473
0.016794490371787336,3.1340295943891787,69.26602373090732,,49.54299302653678,202.376
0.009086459,2.3207351398977667,59.184417982646295,798.2453262624655,50.0334179,218.048
0.022800825,2.249847787267483,77.38618708478822,801.2464250976602,59.76816305,201.303
0.014608452451741713,2.9374856705897394,78.49794279409518,820.9228902200128,49.580597409877726,210.965
0.034704636,3.0727472732123795,69.43480255,811.239144,69.27964428166574,174.511
0.033134041547272994,1.9262815394683916,77.43086536152674,799.9083663350063,55.10736480734417,193.923
0.040648229,2.448369499212588,65.77686494885465,858.3596620193366,59.45628043985458,142.199
0.023926308,3.251740335371891,56.75317210586341,797.3608536949323,42.20331096,216.84
0.030942650492021575,2.7180449033872724,49.447879992989144,823.6152979519951,52.34297557580905,175.904
0.025262544064098048,2.6782612550887075,78.39039498,812.8971625237443,68.19464426770703,188.986
0.016381730512922788,2.050047735875847,73.18727009384372,798.4823845814087,57.29269114336464,205.961
0.018835514,2.0851372841741296,82.39961475977776,814.1817203631022,41.62987508,217.953
0.02068195,2.5879404577739558,80.38139323795112,773.6146409061778,48.49783047224732,204.992
0.02800055,2.1184204151446218,73.71810310716253,806.3234368027522,58.61181481188479,197.602
0.024872536772412145,2.2899041021355764,70.14501826673451,791.4326882095271,55.89834420793145,192.263
,2.619059269302899,81.05583673699039,768.0511582324439,46.89132777725784,196.333
0.029353648567953826,2.7211378018250754,78.13617407689671,750.3805649,50.059188189771355,178.674
0.028749574,2.385728968,80.91429557504047,789.9270088008893,56.88559917006191,196.807
0.025621638,2.1414520980079494,90.58211480379308,740,48.18687410733668,177.949
0.018451216825776585,2.332375311296704,71.83355333269472,796.7185224328256,52.67461898464648,216.423
0.010750081903552705,1.680513153202897,68.47019596631633,831.3837643855223,54.14100795039203,206.546
0.027292636,1.821017521587816,71.94513859,778.4262405885066,41.18274002920015,197.779
0.029903154213673372,2.7174733897285765,66.76840937602434,801.1917685602016,47.899999116634284,201.519
0.035258012,2.233991289520182,63.74346147474825,786.4523927352432,38.69143195839814,198.628
0.010624983426862016,1.9124491429408128,77.45938254865533,801.2649094646813,51.62793307,220.099
0.020453363562105475,2.5510155569232964,59.87793476519361,829.1757088,47.294406105560505,208.505
0.027396804,2.208093797621475,77.04924902866944,781.7536450640448,41.76335906896103,206.768
0.032131534,2.689526982469442,64.92426844802353,800.4596568,50.19424512958693,199.644
0.039928074,2.776598510075137,75.76826305379446,767.6132313550371,39.68250389,187.672
0.030252865616617056,2.0450902534567663,76.72956246857795,740,42.103440898200716,183.951
0.016403423283590114,3.1315214002328196,53.69252871582228,824.4983105243106,45.44404185723926,207.17
0.028373153102099674,2.3176019799067844,78.93247860964587,826.9449917035104,40.935491159877245,199.178
0.011347326885226227,3.5442844364634567,71.87965728728804,801.1674560844184,62.64609570552129,204.953
0.019803280319349165,3.125076164524594,80.47686775216323,836.0220458281609,63.33465137058687,178.5
0.032291334,3.3883197813744577,75.15092985495946,784.7537983670809,60.34752867936327,184.842
0.031540614,2.4566318148057946,74.21379413220367,819.7287723223811,45.17738523793696,195.866
0.023693645807007578,2.5801442427529784,75.75969281418969,801.5721233330511,37.09650074637282,219.958
0.021764597926179116,2.2195898489413075,63.16896051869141,788.9718686625872,57.46553262333304,195.362
0.033558238377346755,2.8902060325695555,62.31277406300109,803.6300015297267,48.573697930271386,196.886
0.014759093078427434,3.5219948896484725,72.80031812167314,798.8255229478312,40.906433292797516,228.551
0.030300418628191314,2.278362622226354,65.96500388694899,781.9539078138595,50.76329798766375,202.763
0.025451281,2.9602526136270777,76.09513048,815.4479262129873,59.00535610614145,198.793
0.028331941132679495,3.1605884951296255,64.71274753622177,824.9790737,40.63732038797865,202.299
0.024044705945044462,1.6881398115276336,86.78679367801868,804.6835511620379,35.668792233063606,212.97
0.029228086455681427,2.6673748898049614,75.98810608,791.9897597151029,68.48000827427245,182.863
0.036487897,2.1664898265577963,96.18922166685712,740,55.85001221002726,152.006
0.035220299375453776,1.9061424477729625,80.71530362203592,826.6571389737459,29.839711235476443,199.115
0.031402107,2.4592267068874105,69.47020564423737,741.3043861092916,52.26788912242816,168.914
,2.8083100061279707,81.70960199120614,,42.65022954059472,206.42
0.031521733,2.5224462614055034,76.50743578623347,797.3533630770103,41.49129765510391,203.868
0.034701429,2.7842680953150047,70.74856003000237,789.8694377,33.441059421002436,213.474
0.019708607,3.294053722012687,85.91908354863477,740,60.58648087497718,170.709
0.025022278,,61.54189085,788.9117821643255,51.58395363,202.864
,,72.54330914765299,818.9332651544062,54.02968948474392,197.796
0.024242751833424264,2.716099038230727,72.85355808661191,800.0876611185737,54.96418835,213.613
0.005,2.499136675,70.61526674322869,817.9418676562303,45.005091311274995,225.172
0.021286331441028917,3.2560582003546017,65.36936855288239,786.7241057966203,48.043405371650024,206.765
0.020443818559296542,2.6944500846585213,91.50797933671221,770.9144112088726,58.412265551664845,196.848
,3.2052647170075628,82.32765249578529,787.0806270587971,47.542611341535086,206.855
0.032303016414139976,2.231820446705016,68.89656313775073,813.3121966200158,45.61127386905062,197.204
0.024576948497934775,2.9080582231967913,77.91223433461244,832.3210034626671,45.14553483126906,194.984
0.023210366095266034,2.8207717169810977,70.37048809254738,841.6787703,45.95855163,207.991
0.036772403237760036,2.858541078967896,73.51947180550685,798.3746205841447,44.01252943781217,193.743
0.032111661316546865,3.0671630405357297,75.88642081081565,,45.508860316110415,193.691
0.030161412640811572,2.3964977719775193,69.92668414856767,791.1404542,35.558065410816674,208.827
0.021587887097731552,2.1563175651629463,76.63612589622284,807.5174548,43.475993156181616,212.917
0.014961988062899681,2.3683572135640882,81.62398367,816.1275427900108,45.27080296099619,213.644
0.030004099908448257,2.6512142643983347,88.63656718466598,780.2945922535962,50.92609523607425,191.326
0.019366538367613872,2.229484708508922,55.649909943039106,796.4596249440907,54.89856134304355,204.081
0.030246616,2.3089818360908105,72.17723625899026,754.4186594418042,55.61889556184245,174.535
0.011731148293757255,2.8336153041680783,79.26745533846633,838.5785738033424,60.928868570909714,186.498
0.039410224,2.8790591977795525,77.29283116126739,822.4956102827313,44.280085845660956,189.617
0.027127228,2.063637662481246,65.35738961779103,828.3887646779339,57.10499678952034,188.678
0.015563572613778366,3.1797147271140918,59.83993901986027,766.6451304067535,56.093623231399036,197.656
0.027191017,2.3930171744216002,61.69098362,823.7993772608015,34.80165812509426,214.871
0.026963741,2.948388452433644,68.73445575506821,773.0334804736187,49.84748427832289,197.206
0.005,1.8413916294634132,84.19255700279064,787.1381133564901,58.45705746180879,214.076
0.021330443708451722,3.0132405499588324,67.45740014080666,836.2094649700831,66.71868203416565,182.134
0.027343435408417778,2.670578203474412,85.70893766123847,740,52.34272918876649,171.113
0.021038648,1.7239400589355554,74.78908148028967,790.1133066530087,46.67568804616044,209.382
0.030455171112510105,3.5521453718765383,74.45164400601192,800.3332127215825,57.319581962256436,188.664
0.010658520429289045,1.8286715271894853,62.57485154,761.6224423,28,228.975
0.026162706,2.5320388234577154,93.72750222963451,757.1514327464221,37.674525702307015,196.673
0.020023457348600074,1.800413065488288,67.97855100438004,803.6871305545978,54.78828266918205,201.239
0.015259072747751451,2.0074378008426885,65.57199436244638,807.2327062313545,38.15991301968951,213.498
0.023576878,2.076543760220132,69.57042217224776,762.8759428794016,59.338426570307114,189.127
0.011375087901860578,2.930277744109584,64.55720673912123,844.9986306306532,35.79813763111695,213.42
0.025407255,1.416410255923682,70.18945417120925,825.0338679448247,53.48007051002062,199.578
0.019058094297269384,2.5820100455773867,76.86862011,809.8871320527705,57.170749156497905,200.322
0.013067803472928165,2.446692085281891,82.92666576203578,777.4602065464168,50.48984874274922,206.847
0.015883801829669725,2.1737518364470096,65.68750932440686,799.2640771,49.082240381037415,214.283
0.025744822603114625,2.7120347925880925,80.13055428107067,788.9643967706513,55.49159286092001,197.291
0.028591537074757846,2.8719077228164958,82.83946007002052,776.8478978130545,32.12668639958099,209.761
0.02891068,2.8062493749129804,71.74323068212414,783.6790449018486,56.15245685,190.616
0.032609079,2.5670451337834113,65.79788001582747,839.0640274021252,72,161.055
0.013637171456705803,1.5795692511904482,58.55534662191958,795.6019496374306,55.81389095213795,208.817
0.021863666946292354,2.7612320880099603,95.97874602345586,817.8561756987303,53.39820203494337,188.177
,2.0387847482283927,74.39415519726015,809.2242946,58.198222452511146,207.878
0.010409588654910519,2.6844360603197193,73.67164935871914,802.9587095,35.89715360208194,227.076
0.033533343,2.3591375713541396,65.24944309461578,794.7358543652342,35.66481455490731,208.585
0.032755281,4,61.428211010606276,818.0056276903204,46.98098722,185.349
0.024117930140288922,2.0154342465803605,75.66053867,797.0031249,44.870456029308656,198.651
0.010493067827713056,2.575268976865622,69.62099672655144,793.7273643140962,57.022735936606175,206.082
0.028050064,3.052752718643063,80.59489714050069,798.1424078375672,46.02269336994902,207.853
0.028647022,2.8836195103130535,64.80896198105202,813.5727425,46.444530245393054,203.131
0.021156156191763805,1.9448625971975915,75.05711962879049,796.2503776923999,53.778490115643216,209.445
0.012747463871975168,2.827550608013131,58.61573405097201,777.6446222068328,50.15878270709127,206.893
0.022374600214476237,2.005559752908496,63.48330867966516,831.7494614048854,46.880238928107495,208.665
0.039603886,3.470119758663764,58.920263926607205,789.8236877,65.26053948013417,175.895
0.025849521131911666,2.3857347681768672,54.58301907687412,826.0593495417764,44.70449133388516,192.067
0.034985877,2.7641804028954744,77.16021177187599,766.9191302822512,47.19925853678706,188.054
0.028915311615481887,2.311019437747119,65.09437526860636,838.0118625469195,53.562639016750445,193.626
0.031765814301899606,2.0860628327904056,67.42009424297983,787.2114782018391,50.67292527451656,199.739
0.025157747758428984,2.8579205335610256,63.47400334,811.6201366128291,38.66050093660392,208.647
0.015095502053257596,2.4112884821456646,56.89957520606216,802.1311346064113,53.96534023208745,209.55
0.020286324,2.9696338386424395,61.84216712685736,817.7807624850715,42.412241509919916,212.787
0.014978335852235179,2.7756307642271025,84.87910972183839,748.2516235814061,55.72010018270081,195.067
0.009391261,2.2322056198924085,59.997693618449496,770.0301289218635,62.33670866470365,202.219
0.025019009995908927,2.2844029391070153,72.08646200548438,805.6440138,52.04977562813299,202.797
0.013253650346995365,2.470886196527594,84.56905603713732,819.6796895558059,55.013588572616676,209.419
0.022216176,2.4720844677708267,70.97170803,790.9098115081229,41.978514382934065,208.091
0.022061830812428823,2.7571260955070334,76.25575189991915,805.9500036472353,62.38440484541418,206.392
0.013752538671685645,2.4263644981357064,78.12298748129113,792.0426056599858,50.63743542425785,216.984
0.030275783,3.4153344760279003,55.66303718814803,785.9015195500838,56.688935354470615,188.424
0.028503948917635996,2.3838448531748733,62.175759691897674,789.2835229968396,54.83261555014964,199.526
0.01919742,3.8804034549718223,67.17492598384834,849.1430412833096,40.48236137204681,206.354
0.024252817809234602,2.3740672466275115,68.50461409,786.3081212125003,53.79701365794863,200.996
0.021861953593840987,2.4765467653560864,83.13451302117697,835.0185527926587,56.51503056939378,192.751
0.020531859,1.8731698645729948,83.75800212461118,815.5916597830536,34.618205097343974,208.497
0.024057690875274592,2.3738742494462173,83.54082569676342,767.3840242136573,43.336410698488734,203.384
0.024438620827544586,3.170325397303499,,795.7776036388111,58.43463901643403,195.787
0.026641538,2.2089866532914253,71.71841805008087,790.2979976152214,38.91625400133909,211.782
0.023242313368128424,2.073112763475393,63.291049498943195,825.8619765888712,,196.953
0.017646911,1.9676876527029101,52.080205269926125,835.2601225733328,37.23518998391252,213.134
0.034723772198783275,2.228833390805025,73.22613964263624,798.8640409521655,42.619081307138124,192.034
0.030311469226333924,3.499556924258428,74.87356890526122,776.8985341176631,39.99191926892983,203.037
0.015413596,1.870553178240173,77.4878007,799.2609074394753,43.749131216784065,221.257
0.017547361211252936,2.3313677108549595,84.94958096553802,756.6542915831385,55.07119756851103,188.858
0.022580742435998436,2.404834250556787,68.66488121808995,858.9450481625815,48.15547567687467,178.654
0.031354175595256634,2.420341797198446,77.49217152,776.3786273943797,62.03782097366834,184.69
0.011577963586256375,3.0705776096963318,68.60916007,796.1349894324039,42.696912375508745,215.791
0.032931549,2.5205759787053315,,844.7160644546798,56.37017253987959,171.368
0.014593475289866261,2.434847875,67.36192488807708,775.2652956,49.23266417261423,207.914
0.031324983,1.770173169778821,56.20874166922053,835.0838428908485,36.13646743332524,193.04
0.008912202,1.6580198587735098,69.50986136973529,831.3280538032183,60.17627079584023,202.285
0.020952469761649613,2.5946842210739027,89.15573214971847,788.3992617,69.91148478,188.661
0.03557162,2.0088624591059325,80.64764424440104,803.2097560388765,34.91676219879736,204.752
0.028099559923766095,3.1400792832241136,69.77313278,787.8898276079409,58.35117555044024,190.998
0.018070979628624348,1.7846058326170318,74.88781022,792.7949344724725,,219.252
0.021887127272134287,3.1768186262732208,68.13690777729701,806.0252480698549,47.192048588386726,202.799
0.030849560917141847,2.2984608538502678,67.94003020872931,824.7666933414886,50.63263969,193.419
0.012960581260921224,3.093562828551359,76.77925882542888,824.2346237,47.216161241002375,207.081
0.023423695,3.0610062321031366,67.46944161561753,807.4691438049464,39.35454069749436,212.733
0.020694794,2.4809889061761456,74.90353928025222,758.1825454504866,48.06875018292976,202.993
0.027849401151564243,2.742665845294398,69.15791178964226,818.8507762261213,51.13037669219048,184.918
0.010455646811651585,,75.41432914876361,797.170532,36.44777277068142,223.19
0.014660975608548909,,67.17407830256498,785.7301388521245,60.19602525074778,210.269
0.026101885,1.9274021287317655,67.86748101595612,781.3764816149096,54.75316339260996,194.023
0.027332746,2.2530515739746315,59.58660362719727,774.1452763307776,49.40798646422332,191.332
0.028950173361912468,1.2680289758773826,86.74189174,740,56.81184560624707,185.046
0.021558451414465045,2.3822122125362237,85.15486508642509,778.4731317878939,45.06258338224951,202.525
0.030578490688998306,3.5369463437329944,59.01424318470029,845.1798096835802,58.72018012,169.051
0.020754092,2.707639500705181,55.81548732756921,803.8624439987359,60.380257206891876,192.859
0.014629863118536809,1.8939201220197295,76.65629177949201,811.5341162594416,55.74996564625397,218.452
0.020221846758447678,2.2913120485698495,72.47511783,765.5632525589255,54.02529862,198.229
0.024901696,2.743705400177962,73.96607800957709,806.6592495281704,53.64377456456056,207.725
0.033674122548931686,2.601347175483786,80.06520901004016,805.9214322815009,66.42201200806993,183.447
0.018710959964115533,1.993641908300265,68.01877777051126,797.5590662608829,55.75023736,204.351
0.037643302,3.0672318642283134,86.78362234000902,785.4558039106696,53.404525482835545,184.61
,2.843608580787591,66.75339453153865,793.5660194161154,45.42295830750422,200.977
0.027433574,3.099532802650435,76.10705573,811.5904521447537,38.10717373436937,206.863
0.011145886446115015,2.5354951818871188,75.79296483262223,787.2950132247975,49.306898873101396,217.881
0.023671439438582013,2.4944800782466277,61.24434442568311,850.9076622315445,57.25967441,185.465
0.029345886,,58.511913824431346,789.7931619,45.030262557510774,201.196
0.025948529,2.4309187572526025,79.25857435349754,770.4779852989878,46.85815531406719,197.005
0.019461081,,74.90868687279207,819.9556531013739,50.78726772,204.612
0.026531533438760593,2.440625327761953,70.25730932941609,806.1331913976767,35.71524151398666,208.276
0.030133868931559463,2.9534460754964855,63.306015075851995,832.1010676653882,48.25791318703199,187.713
0.024013125,2.013291937,81.82695877312864,797.7809542754624,35.04861194867256,213.704
0.030625748657209392,2.5675898905631844,63.48451553249472,786.8017066157201,48.13884169529303,195.479
0.028649881205411426,2.6693185232517145,69.41123220117878,802.9964385671067,55.03562153507725,194.962
0.028955730086774288,3.7772707162838843,65.52466400145295,809.1786088208385,44.18729783,210.934
0.027906667583095374,2.450110321624649,63.324844932936344,794.2909414,45.072817273121075,200.894
0.028310333770548805,2.8108601025269095,80.02162395298328,808.3856088294589,46.88119165091644,198.011
0.013371894231163035,3.4567235564864873,67.63044587079519,785.4941545294347,43.838460590351644,214.484
0.021276015238101555,2.0896034793882476,86.3599724,793.3863905691543,44.49702752503371,212.29
0.007437474,3.074150673993476,58.97612978703782,789.9646679,47.05502128,224.278
0.031478772976867964,2.7208610780827303,79.50198318727358,807.5093955666445,38.41705950848216,207.302
0.026850860641668927,3.0139003266944484,67.36385165365739,799.3020367366992,58.869901594859016,192.027
0.024517713130720854,2.7423323127550177,70.19576897888524,802.7294407516457,57.11584727316714,196.733
0.016661489775217978,1.6165330811125975,68.11400730217443,811.8383101454071,47.30308902982257,221.133
0.016548964635660707,2.919716077517448,66.01443305952267,791.7625747155133,49.22497277,209.921
0.035929735,3.897675766776754,76.86604759,781.7067755891138,51.87953226876514,190.523
0.03294474,2.649568207923228,68.60356733,837.0336773842145,46.961101413710516,182.5
0.026487478,2.003243606,77.42967515920193,791.4700263716428,42.84308325523862,210.235
0.024262328546023212,1.9702895725842047,64.59061823730732,795.7360491736825,52.68750162,202.104
0.022921156,2.816390098430017,73.56306764,775.6934816861292,39.03704290105927,212.173
0.010329761773543715,2.9213432718641363,70.11352972719887,774.2113192842984,49.66427667351389,210.4
0.030686207,2.922476747035867,87.41920036,779.4473930716114,53.265363299419256,191.318
0.019589249210904977,2.390207519909734,70.15949156127286,,54.203776707363495,200.974
0.016205423,2.0318781915179853,63.22220998437204,833.5784570082549,51.02535003867027,200.951
0.034074541,2.426080675,60.22734494430245,785.3418891460337,48.98451437303218,192.556
0.012607197705345878,,67.81454929,822.2800634266927,56.38175467238804,210.101
0.029102953,1.6826790853638278,74.21697668,789.8965981894332,54.69783841757461,196.795
0.031690912,2.3214545764144856,59.12067290068687,773.6301912590925,57.58846767203048,185.244
0.037125812,2.393941389380719,85.95336329510866,777.7078385400167,,193.136
0.017907410060431103,1.9549462153337336,64.19081504317559,776.3466974066367,48.31190387978445,209.354
0.034998646,1.9948436471890156,69.13040905438943,804.0631442536385,,189.879
0.025874589414124807,2.2092794029712675,83.30849496696217,778.8142209667952,44.45914203044526,205.834
0.016360510813391953,2.5281363514524497,69.56537180557953,827.8180873640524,47.00251434155232,210.968
0.015622859211025372,2.6926076651500144,88.6027087,766.6400570597809,51.77077125,208.033
0.029139817330150714,2.432902625296527,59.52090861709986,802.526279,51.87725199252711,187.598
0.036591985771336315,3.3685217620167025,88.23071178357526,791.1894474610366,42.42365473612973,198.85
0.014826245889625339,2.214189704132222,57.063565072222424,804.1604067004805,,205.869
0.024054482830194398,3.440957891991582,55.841654349610366,,42.78553272998553,213.407
0.025376742236656754,2.6349124524743663,67.21800927012994,806.0097932230793,48.17008046289405,205.241
0.018217328433147044,2.1654710179662615,64.84119224031195,833.2314658,68.25490780376984,193.96
0.021511022424918688,1.6248471894153114,74.81005277155252,773.6427584479177,43.45933555256648,214.195
0.020349447745384903,3.164582083810837,91.17759545861949,793.8226107,54.00469493536132,197.142
0.024980376869412974,3.3770272306850737,,814.8044212,56.493455622989856,191.299
0.02142592,2.319869610992679,69.83027719364885,802.3246008553142,50.05708034339253,208.599
0.027029276907558318,2.5108383556756264,62.297582704835214,808.5017201934654,45.11507936920897,200.158
0.017858814,2.8983464433322794,73.01640094914156,770.3093494910788,47.14872783273893,204.496
0.029231264301632715,2.766394876392267,64.34346834592037,788.6101463235782,48.65590217723754,203.512
0.011449895773994556,2.3144444712291716,87.10714690162249,745.8323949,61.95721867201894,194.767
,1.7801685661616315,67.98707255844346,829.6848184629881,56.49244406279992,208.245
0.022683437688777678,2.0248289986249284,82.56145822,778.5388671712109,63.55177056179807,195.37
0.010877709031461666,2.1563379614277647,75.52570287,839.5598998099274,51.78278096983877,197.285
0.020946561976703686,2.3100239315234257,78.63634523,804.0217240397881,56.06486777204473,202.299
0.029995644,3.177223291340293,66.51949394,815.5059798890283,36.88824384074784,205.585
0.038695297,2.8223774863029654,63.15495381917604,763.4735266053848,45.52871940299052,183.934
0.024964975196437388,2.456986422824831,71.54255750450386,813.7031644299636,52.578337833465945,196.416
,1.6101589668039644,66.31523456804811,837.7637079587681,53.015326665102194,197.566
0.030438284761040314,2.7613099088697943,79.80238093490725,768.9255146032906,46.55581610652259,195.437
0.036320055598654165,3.203570746900092,57.79258228119893,820.5726979502838,66.79675975265752,158.367
0.017569128,2.257366265049446,77.86145454836053,783.8493393951987,55.26237594,206.381
0.016482847,,64.50855601969805,800.7782937768794,57.570745298862406,195.865
0.037587152,2.748211711440621,75.63175567149187,804.9223660044914,58.637452504024466,185.806
0.027227302813633215,,64.43759193415447,821.5431247067719,51.64276778475209,195.155
0.019202539558473064,2.6899537166624627,71.42379414441137,796.9295869908321,42.128709110774025,211.876
0.026899875,3.2776200373641453,64.51750482,813.5914907063086,44.66182083777941,202.373
0.020700119,2.3800724969978924,,807.3436035217203,,205.453
0.023866359135568893,1.3047777557078646,,792.7414119411546,58.45009844,194.601
0.024064951595985404,2.4306500400457107,85.40265057876027,761.9479816733065,45.02608477377929,205.22
0.031244767799953495,3.2730052420487956,75.58316978860175,777.2587213030572,52.413550453423916,201.734
0.028988860136699865,2.453476432813876,62.394630313745544,818.5990447799509,49.413934210009145,190.637
0.023905425627680166,2.670800620066339,48.82508248423413,813.2483416394263,45.282286976251754,206.56
0.028873339366030572,2.2454275460806734,72.45935226887087,813.9622582300237,60.74458308635187,186.778
0.019423079998248393,2.080377007852361,66.67318004749492,792.8215553626851,48.045388838035606,207.892
0.018995816361730117,2.1062050261710406,79.63983012310698,818.5416299285483,49.660413123474676,205.039
0.019654208079941417,2.408414922758066,57.79727182013638,817.5278841597955,46.573327293689005,204.603
0.033393038918571614,3.1524109419131032,76.79796523341004,813.8512089454551,50.88163353057775,188.201
0.018238749005394874,2.5957306695094395,70.5751508,809.3423544,57.40609116895608,196.604
0.021915443,2.570817798633064,69.93722574,804.2504274134473,51.13527405226089,207.907
0.021718313167728705,2.738218947773212,83.20625773806198,768.4953307673491,51.666528291866896,192.574
0.046787843,1.905030544,75.80400281670546,,38.98054732511797,176.978
0.027684983,2.4464623332471964,70.35915654157965,769.0929607522139,47.49751283044184,192.447
0.020891416860246082,2.127267620936649,70.83319102682717,784.4160978460524,47.78979590878725,206.936
,3.125445426392346,71.46609827068922,797.8523647818572,48.09583433988306,194.616
0.021432427,1.5671946360018418,87.66286843083932,772.9318834823649,42.045630571583786,204.37
0.021202164,3.1078236302007025,83.38418984240177,765.5097762529688,37.24578714892583,213.511
0.030568298147174155,2.7487796400503224,74.45111967539131,797.7626795680793,50.99088255819435,195.776
0.025763391,2.8491380490352456,59.49360892677353,775.6777048,31.525376719290904,214.623
0.021716307,2.715445715078641,74.32317034,779.8515123516239,62.169435616125796,192.663
0.026011616,2.839912524389287,83.48516277657824,777.4004964378103,40.64248387405154,204.107
0.020660625187570482,3.0417188234987527,92.93060907235576,805.3589635651364,45.876865509473824,217.256
0.020077608095444097,3.5365143573883637,73.81167847340367,795.1980464203227,55.96425319972251,200.54
0.033609891,2.3525190706506547,82.85480641,790.0267692157836,53.90694126863272,192.374
0.024556246,1.8367765789829078,76.18251357386455,858.3817295760367,58.66807406169648,162.064
0.033788466907604814,3.1223854304848144,72.10033515771597,807.3066474,63.083133135346266,176.165
0.026774316291367617,2.867573674078832,80.10818733179383,759.2148142973385,53.15150595972723,196.673
0.022578627,3.922366180209835,66.67921267,801.4908681573949,57.001780736005934,195.812
0.026549123578173624,2.4703055299669137,63.824922751083946,817.4409114892636,58.032506488247606,184.967
0.025841348637878174,2.400356414990546,76.91304,800.6925958,44.07028929367951,211.617
0.027198936,3.2153992624293988,66.44207615602322,801.2808232843396,51.221629460785955,198.814
0.021835985044740717,2.7924473815203297,63.311942646294526,822.2971496275388,43.188998930352525,203.735
0.027381896206965243,2.4123842054973683,81.74565993652658,763.9423141697087,52.91083032943303,189.948
0.022210815281918334,2.510763697344313,70.35037964935132,,47.55500461597785,204.767
0.030643271986547527,1.902459294128124,70.48270377115587,793.7102355,35.61443636357427,213.399
0.035537444617036194,2.319263964670958,63.383085041213825,740,44.21207457208412,179.878
0.028836331432743813,2.0548546669974237,66.47967859985059,786.6789165531928,56.455539615619166,195.246
0.029754673158599768,2.354324771433655,64.53466441466021,822.6076262328191,49.2574045,196.301
0.022860947,1.5017734846917874,78.11248134743434,808.7247885702158,37.92080959721039,212.469
0.020517681,2.757654577218028,58.868784518661805,788.2990478052852,41.216889525231544,210.478
0.041074708,2.570287761005291,67.89948103,826.4645350039738,56.67180919711802,167.465
0.03101399,2.767266929215544,82.28173122,778.2183813946012,57.834603174165245,191.179
0.025529516726112682,2.904722290559982,,832.8388778881836,48.81244054009991,192.543
0.029428486268539004,2.717371994913667,66.61515675048769,805.9813929035324,44.37468801040956,205.045
0.030899569293112814,2.37884722,76.61541692,830.6340476948413,39.05022887910698,197.369
0.021797153168182887,3.0398272385846643,82.50408343274017,779.9049951096687,51.97122638728529,202.696
0.020028363,3.0200241958841194,63.12928260136728,859.1381160848749,52.30868993443394,186.592
0.019012904397802226,1.921756739431252,67.62806932174043,807.5699625053309,46.946408346167715,214.693
0.025610138806260015,2.5743165634365592,53.946308160817026,817.6536281884039,51.55356266783422,191.941
0.020559278456903106,2.5410594554356876,73.51881896126683,817.4129624339096,41.41610642401377,208.564
0.021595746422853612,2.8419146735257335,79.90618956079334,780.8629066785982,37.821850348659666,216.01
0.027322729,2.7455233045976315,74.19110017471046,800.7525696363869,42.58494249185918,193.401
0.02074523,2.5120805111915203,70.79678025080855,765.7057196879525,42.99659819580691,206.002
0.032785297134070086,3.2128721459037997,67.70702386541551,776.6760702435181,45.33695036693505,193.782
0.024471242894374606,2.720788703805704,68.29873981254141,822.2989231703434,35.82635871277408,215.843
0.029861347,2.839509561570619,74.53836039,802.7629962472625,61.55718901167569,187.571
0.016047120657934316,2.627015530007852,73.55147617940544,809.9367218951563,49.83197108267758,204.683
0.013474646473682952,3.333116407267731,81.85638313778426,759.9066369272856,55.967324171733026,195.707
0.023626977,2.3444796110854655,72.43039516941049,814.3592196,46.108190283653116,207.659
0.021433873203302308,2.4770425162768457,77.54741723,794.6652497117974,46.041428813030635,211.345
,2.6759211452963965,62.979257224985076,807.5562949411983,45.41488373122418,205.144
0.022475169247975973,2.605265267293067,69.83986113084013,826.9480460881638,58.857799019733875,188.843
0.025963433792271534,2.2792325580448862,79.13612042538307,787.6248200698525,47.77538838206806,200.731
0.018159845138834785,2.888980076656269,86.24758178,759.5886937,50.703443414929964,202.23
0.023340034250289188,3.0422041445685304,71.29888135436344,814.9923065100651,49.57745876368995,206.645
0.023586510886463376,2.8080178801984887,71.03748653640156,792.7074130209218,48.30432023393426,200.123
0.020010866234208727,2.962831018910418,75.08291674497455,782.3640822624579,52.924075451267946,196.449
0.026199031,3.116058239011357,85.68247534361166,771.1607245617053,38.21620112371481,212.344
0.006277573,2.0572737383419755,69.63724315508601,827.7283174135792,45.78718326027092,217.115
0.014408000667138862,1.8345804533425931,75.65622804228256,765.4289034,51.59376201491343,203.008
0.022182893,1.701975520905724,72.07720596983005,770.8661853549527,53.96788081,200.323
0.027700174104899306,2.8154553220666636,65.05081892528248,836.5214353840688,58.133020716547705,182.417
0.025821598924760294,2.1169537667385283,76.06087731179812,799.5799617498861,51.51818375381265,205.715
0.020957928636623643,2.6556226277028494,78.29813356,811.4049753975424,58.18030482987925,199.898
0.034585751,2.455737132546736,78.31075694788363,754.0979367032766,66.89443501554132,168.09
0.021542114186749436,2.075241830425378,76.47849460706263,758.0387038913195,48.37019098529011,206.353
0.024187309,2.7869595404962424,57.14132010336077,806.3290281161275,44.71022238798848,203.454
0.019467356,1.8011908227159314,79.58022477835235,768.9496841123599,50.12565371353311,201.551
0.027805284160475136,2.964850329640063,67.72560138,786.0655508441356,49.56820435173426,204.078
0.020464003674625968,2.5245537775756937,63.95936659,797.2879821334257,48.399900234936204,210.508
0.016406589244968454,2.5504138597682204,70.5548008,791.1249331742824,44.90769373961569,219.251
0.025978673,3.551029904275045,78.94153072,785.8004493,29.04338196640539,217.328
0.023492287,1.7722877860610764,62.174207858252046,848.4996348342889,66.32878666159402,179.83
0.028241972326312172,1.6356130791588441,73.80106829,765.9488073190548,71.79454037819943,181.646
0.021158974288774543,2.4923038832392708,65.22808194265255,765.7180100648778,52.72999672816574,198.937
0.013775715,1.768534373273611,84.56792808328697,748.4577586288634,52.021340008498996,189.591
0.017479165880888287,2.4249477325417357,48.47853409022907,827.7862012077076,52.27708138988553,200.907
0.018755396,2.083035153758277,78.06656703678085,801.4867278631175,31.313555949322126,230
0.025781035797326598,2.4812873123491146,78.67418258600834,816.9830596341493,49.85797631317189,204.344
0.026171480934369804,3.6891132735309276,72.2099254,789.0365100528472,44.04426101683967,211.048
0.013400238797709562,2.3589342117265706,75.27433431577623,816.6254207207157,54.504826661017724,206.963
0.021317327799015306,3.318808123119948,72.45573301561609,798.4102795965408,46.77122995750572,214.589
0.018143147330146783,2.1477401465895465,67.93028460618709,793.4044800971477,54.75777389170009,205.025
0.010947990112475752,1.5566766680681825,77.64263102464612,766.3061053327357,51.17050742853043,211.685
0.026415786865254344,2.8380432845573975,69.58498174960484,808.5301094246709,51.172741292557454,197.033
0.021462477,2.6364728308169108,85.33659876173742,779.1016255501485,49.53499013592776,208.491
0.027505911284354628,3.0260975050394077,93.62993030880327,760.8681053882432,50.04604420581669,186.793
0.024766186375959558,2.5223017019363496,88.81442545042115,779.496526,41.522634072714006,203.849
0.015702528,2.5556543430502168,58.91397257073917,824.5002454365235,55.70625278850782,202.929
0.028170434,2.7176098820021477,66.11970944446404,747.5514959085831,49.04833809,191.468
0.023099504,3.180376169742014,65.75011492021356,811.3315552872889,35.38650181282168,218.32
0.019853147944896978,2.285780269192094,68.02436213265665,786.4505452516652,51.19709490044068,209.213
0.027746775,2.2013998071682583,,805.6987760908041,43.46447636947055,202.685
0.014732086552978673,1.7145131772870577,73.08132042076285,810.3174671457951,53.96807694643178,211.933
0.035675027,2.966022820521241,88.67323168253365,740,45.73721581330543,167.746
0.028909707094668627,2.9078770986556455,73.02447446148274,782.2386120392745,49.26240096312276,200.855
0.026496077353225456,2.436225744907022,61.66203990394766,,53.015833947416155,202.381
0.022336953574265784,2.263695751140475,86.75690955080128,764.5215782224016,48.212070333436124,203.706
0.023645891220082167,2.388660086746338,84.95032079891826,769.9545985622068,54.78544095344513,194.831
0.024792835090986096,3.169740802934313,79.05659930253344,840.4547096932156,53.903092598774634,189.564
,2.7427768725612895,45,816.7604644891726,35.946994254564416,181.363
0.022853984434633857,2.2229063733433225,80.19127222499488,,49.63843963947047,207.111
0.028321976880690602,2.6599401304221892,75.47889836890906,753.8005569047634,48.09838105112143,185.072
0.029502866812023302,2.5667969368670382,51.25919527,803.8036973015953,48.79656694353462,185.882
0.022726572121867874,2.2249927536010277,79.85989582585351,803.7401115037933,61.601758722702826,200.326
0.028209822058768857,1.7981633888523996,81.75765833312558,796.1976306811137,55.85262371950214,195.128
0.035340456,2.7127840635257408,82.38680633000192,806.7985753454572,58.553344181847855,184.827
0.03090633,3.369498632794124,77.03145839424113,803.3822449746858,64.75457807565664,181.44
0.023500119,2.2617447533262984,78.29009557917419,814.0488899747452,60.47784298912499,190.954
0.024200672968099263,2.251336510686775,77.51680489659357,828.1235827058453,43.60276399999171,205.103
,2.551558213,76.35323671905132,842.4017642,55.36382463553535,173.09
0.037457982,2.989644712950238,80.10871166380396,828.4193914865585,53.15225857108999,180.474
0.019311851199851748,1.928179786,,798.9929444911585,28.433519100929647,225.767
0.024121677169174273,3.176192715209669,62.46317051744296,811.6285239523672,56.51611390981751,196.854
,2.2183820422482743,77.07080428181273,783.2990377061691,49.93940245818809,201.721
0.014102805846628893,1.745052450698922,86.33306079182519,801.8574196412646,50.01367638031254,215.822
0.014647682058082126,2.7094374307221445,57.50098450878346,860,55.922465341464516,187.592
,2.1048896746565524,82.18026745634178,759.2553346,39.332055658821034,200.799
0.030534326,2.7508912891763937,72.71076169911807,792.6550170035142,52.67466032211252,195.503
0.026717141636729065,,81.20982391577677,786.2611841770132,56.259356511227224,202.038
0.016174734799628238,2.723422447271239,73.39570929416493,820.6903738976703,37.33626822804249,210.382
0.018033137396176024,3.5957278128265724,78.00587257161072,786.2119948714774,47.46847388511243,209.886
0.028888183398351107,3.655746544813531,64.70611611491026,823.9577225,42.78436668930006,202.728
0.026923796539018927,2.8906421408148133,71.35107013,815.4248340909728,40.96875955914743,212.661
0.025019342961130404,2.4061449078988235,77.54659653204564,789.1272440494341,48.32280697990873,200.51
0.029535966,3.117916191903337,71.22973451,810.6631759082724,68.43005396076822,184.383
0.029603218,2.3348793757744457,78.51121411595332,762.3949337037078,54.582545329146896,183.532
0.023331013,2.7231773464434976,62.73995973898072,793.2136058598994,56.67082977372644,196.108
0.025864990611322084,2.4711001996837765,73.32419660649327,810.4037005327988,43.17428699564958,201.423
0.030935733,2.581129781,70.97034344329343,817.4423784,51.545830929752455,195.616
0.019779805083980084,1.8335322989805958,79.24441274616741,794.7184453,50.56320448600223,205.801
0.015814756387798987,1.6900812452889418,60.796669690892315,815.3740944393318,53.20888217385161,203.377
0.015762678525160046,1.3914722099259147,70.98492053734044,779.6269482521617,51.89224674258141,217.786
0.023360753709396165,2.941543111859508,71.12449515612232,785.7771301842204,36.63200672329599,210.411
0.025235475,3.4627753789935776,81.55868102817324,829.1433972845969,46.557336500283895,198.547
0.022966452549795686,2.628571165696726,74.31129542986429,802.2701421716404,60.66426629486678,197.075
0.017255465064770464,2.0353234537498155,63.55622483769673,789.9214015450045,55.31333314915972,202.081
0.01990372,2.8094713119745442,55.43349377644126,825.2676160465846,52.62230224935485,196.82
0.031067730345159875,3.0582947529837337,54.35787792696945,808.9909166775591,55.43298797,179.982
0.016526599079803573,2.187272067590459,69.95989283031255,860,43.887082166797846,194.609
0.027984158,2.9809578485394055,70.00753263291968,789.5175557546652,30.63100596537863,209.868
0.028064394617210366,2.286379626589112,67.79862947877481,793.5268786046554,47.92553073192079,199.99
0.025836465,3.0944170535385767,70.12762155,830.8732578242007,57.425300863976084,182.535
0.033780367,1.881336837369805,66.67257886271825,778.0892050664659,59.871713996178244,187.118
0.014861488550957695,1.6502766056206077,91.53175922472434,776.8726556219948,47.93045587649836,198.981
0.016945502172775885,2.9176504019574176,65.58460681750375,802.1792287706855,63.60245386498356,202.235
0.030430968687406856,3.509531796121326,76.15520277857117,781.3252357986778,69.36752618532094,180.085
0.028199392,2.415900365517208,73.27083762787507,807.6531218892495,67.70696288586356,189.295
0.022758619821331427,1.8494670414867396,76.81609158728179,785.4262215528987,48.62070898147483,201.22
0.021309076189800095,2.1669875947783073,74.04045803234608,815.8018444541746,55.748502822931066,206.222
0.027145482198166728,2.655893269785774,69.24069912413009,806.5950619062561,44.86483312364377,192.157
0.010096915036957067,2.578139486024821,53.30057937440275,808.4308354363186,47.80591202159171,212.96
0.025449801156398267,2.7689890162605657,75.10729671478506,769.7590483147038,58.67084124610244,189.309
0.020768802682096785,2.644301495352535,75.31832382683564,848.4987822660736,45.88566061073621,198.491
0.020236132198404574,1.895825817841243,82.53227449008081,775.7320688094875,50.35650809954249,208.655
0.018234630628443053,2.2889139320762846,62.374176701764284,815.8583971193862,54.30974294434973,200.189
0.021496557341709206,2.217217238406652,92.68406733941356,774.6570693,32.978066717661406,215.464
0.019688627495501924,2.222218132938048,77.53859422433781,804.7675436289312,55.73201748819369,199.993
0.029112180118987443,2.6232459421130403,85.31790434838601,781.5370796,49.968648355541376,205.633
0.023227677549494265,2.7327734086827875,75.86643481759903,810.5487773590858,49.267693009921224,207.415
0.029449671795148274,1.9475409192117072,62.02982329045677,814.1683682226696,58.75990978347618,190.681
0.030699526,2.7984382181163867,68.91432769155142,788.9016451994864,50.21382751205119,194.29
0.033903726995616834,2.0992081761552863,75.55908609314763,769.4948447,53.86519427,188.113
0.019923428556152863,2.8118058923166895,68.45781280462005,812.8407523759947,38.59732592285069,215.564
0.023461915538605688,2.0987892793809237,66.07283884227792,839.0238014608882,53.83628760924862,200.074
0.013227336,2.134798166712295,68.89619465,828.9531256356146,59.60420558898019,202.564
0.022498323657544922,2.437090377,73.10632558907926,807.9379509308675,45.72704036752743,207.493
0.024482134119316476,3.4762610739868838,61.968537217547244,801.3190374951071,59.07494119178607,187.128
0.026226727701930706,2.1643278990981436,61.332659047653216,804.4009884621928,41.73738154917922,215.541
0.021696649,2.3356619709237276,77.75365058367291,784.5075201,44.957402998578594,206.836
0.024757556,2.064764859923334,64.42239854621681,812.0182909099199,38.36688850938304,216.379
0.025902517,2.2026595393731374,71.80732429723612,842.1398638146595,56.13427656140025,188.834
0.021236086434639128,1.9794401383600095,71.36140264939776,777.7158589081561,48.80698931,207.474
0.023446878832389575,2.215201677047369,69.38789113800341,798.0199478,49.676604032051635,209.085
0.022467461523848525,1.8464784221981008,58.39679835324394,841.0542364874252,44.94919724699102,201.55
0.017882420114619386,2.582816825350267,90.61300796503329,740,58.55408898843613,184.261
0.031732681,3.6294855998100477,64.99966823135436,768.0172051540306,53.332203170764735,176.921
0.031102783,2.5421123011364517,72.98221260966457,,55.526121673061276,191.652
0.029715050559903165,2.878139523718063,56.953023652272414,781.1752728878232,53.150038322046846,197.971
0.027030181,2.9454735290422183,65.78418496419707,765.5373778110026,59.936776552119234,189.975
0.010385038354042489,2.6939243915398636,83.60148776267594,788.6856958278327,40.33554114,217.929
0.027068830410541533,3.621699779408761,51.68931037169409,802.7249818730478,45.57356536617881,199.046
0.021143685,2.726922222171684,61.528812880814954,806.5299550181933,53.00578824105558,208.84
0.006973739,2.804390960530426,66.39968849979203,814.5086414012717,51.75323235791323,212.629
0.011412429,1.7916060659018265,,792.9985499867097,39.14388367727905,230
,1.529590335961339,80.40625750137498,800.4671392356825,57.34906077943567,201.571
0.023093623007921088,2.8904505150228093,80.76066756,803.5919752952908,51.095786816299956,211.742
0.026679898688550873,2.1257497883228518,64.17019381141716,817.9358234,50.026682416757325,203.641
0.021172621065435347,,63.69119654084697,753.8980076430275,42.57828432,199.619
0.033848543509972163,2.7808550907201073,71.99257213914966,789.2843782928246,64.37332531072207,183.158
0.035084656,2.175507682349704,67.10559350878627,808.6050835876433,42.40416945003446,189.555
0.029141780791536315,2.563212287168515,71.94677436793353,772.2718279864438,70.34385923837837,180.05
0.034769483,2.318875015457112,68.42514412777861,831.6952234487179,59.468992469340705,172.839
,2.992853440571308,,860,44.73917864,140
0.012864056358068593,2.4237068917804865,67.97247171503899,803.900298,63.02490386562492,201.201
0.023871335,1.3366830886822931,57.44273946712754,,50.56470643759038,199.448
0.02538361,1.9570504604731054,67.37921250208444,809.7314094135121,60.953825067587275,196.04
0.029542832680320843,2.5694977825262217,60.97842047502155,793.9714288184774,41.32319449844959,205.714
0.031582901319428716,2.965477669782947,67.55510279,805.5948192,56.64214986738624,187.705
0.03111628,3.203268323480065,69.99375139671042,793.4218761716303,60.81638466,184.295
0.018740406,2.5025416461058874,72.81586877032649,803.010126,43.668172840571756,204.021
0.013660917755877118,2.187314545,58.967889530519855,840.1818562763431,48.73446001891583,203.877
0.024755361,1.1275085665355458,72.99651784592128,807.0906041322547,55.29356528297835,195.045
0.020435030118288164,2.366272135137806,65.30669506162369,860,44.25948970504425,197.956
0.030107759714164746,3.006912519503868,86.40293231204102,779.344761,47.59879734147525,191.814
0.028675582570346202,2.0455614420139434,72.29380572877294,762.9035994675772,49.751314873886045,193.09
0.02097319,1.6552457027804586,77.75588744242516,,53.36210795458712,201.977
0.017023136030030236,2.204180077232062,63.87122487996001,853.6254775684574,41.69957002972163,196.481
0.027575884422880805,2.155201152720577,61.26502346442724,839.0884745280046,41.460079818676896,191.191
0.024670270308855942,2.852235052504832,60.86102764514361,829.414494,49.857782571657495,198.324
0.019382569817196767,2.567432780512822,86.30177633,791.8553526571717,47.94924958588636,209.995
0.022791784545819024,2.324522872925968,58.367847516196335,822.3326811,43.97702612155831,198.677
0.027196425,2.5120501192659033,76.18403345912193,798.1809200737018,49.06379400046531,206.622
0.034866106,2.889032543858539,65.77170357385401,798.4614187463661,39.51076657,205.234
0.034775160938063876,1.3089942376747472,62.09211347673171,847.3574242792849,53.989832203174174,165.746
0.028179085,2.2668456595667794,75.61801079989102,804.3400575982971,40.49802779540912,208.356
0.02004452,1.7258638070069294,88.97577349,814.6298393774701,57.16346626220105,199.276
0.022699129943973884,2.6050222065835866,66.28835292942095,821.9754734396708,,207.901
0.024308563711725812,,77.11853520463161,760.7037758442516,36.597564238552366,202.502
0.030252140194402186,2.8138210376830144,78.72960684843115,789.8508021249418,47.962397362787485,202.1
0.016925332344700967,2.390361132664708,74.31413416,740,66.97413623849265,181.328
0.033755557,2.3559320886845985,82.98728296480773,755.3456761880459,58.40015839086953,173.607
0.033750613,3.7215313218952364,,830.3087056945444,49.47835438745292,184.459
0.012419174202052404,2.9592688413829373,81.81824415334363,757.3650735783135,53.83772036186931,200.045
0.014981768986265945,2.379352763716832,61.11320602590188,826.7105333534487,60.22017664237876,199.88
0.022082071606333714,3.7156720493019364,71.72065091032563,818.4686466957164,55.56509209,195.714
0.028799605354242797,2.697590769168607,63.52404865705407,830.0281335,46.13850111034264,200.241
0.014451973236919099,2.322024121007887,64.59561325177442,829.8711396877123,60.02822147982045,204.973
0.034081558,2.9079719107414492,69.45469927354577,779.6128657267021,60.01978156986233,192.396
0.03658466,3.800744830385951,76.42440336,786.7600641961543,52.50071714100646,199.336
0.035454149500941286,,51.351438509120584,802.3166799394414,41.36053572866972,187.875
0.013866173,1.958740968233555,70.24946585139506,808.4011813,52.91791206,216.627
0.010053604999691195,2.093814737331389,63.213099819381085,800.6814711600875,59.77933901306778,205.462
0.022455414380169146,,70.26430054062571,795.5004038173145,43.64480434976618,207.799
0.021581355285547367,2.666538558896795,67.51382324567778,828.2355357124001,48.059411444180654,201.785
0.034506699,2.574601654905381,58.71697543549159,782.6374251620545,41.10581626123381,188.714
0.021785792954214664,1.6783346186644303,68.98483528649183,818.9788616204768,64.20959106,192.135
0.025611422673821865,3.146557212579772,62.40333131423797,840.8986078891784,47.90365424506102,193.19
0.019486390083372433,2.8633531955290183,66.70244721947637,799.0399113240851,51.752646859754336,200.428
0.020823756044174233,2.3252181335248885,71.72700662952477,843.4011601,46.629742569867005,206.215
0.013655367,2.322475267979531,73.03225225025308,807.7602166256079,59.733558183529524,199.44
0.026762611,1.8593920335298164,62.388404055335755,806.9971209,55.37747775562148,193.674
0.025711606,2.2615600547084895,74.80246279557934,808.2101655316914,39.807085940350404,208.608
0.013998949583922666,3.0241871271361447,82.99087283642076,796.0623134636446,53.69915401633178,215.52
0.021016138,2.1531279326345127,66.68471639780113,788.2297314218289,57.47335702672753,199.412
0.022627025,2.198028178093636,78.56515578416106,774.2550132650513,56.73176129148358,197.642
0.030973561726445602,2.6280605738669713,83.19612033907794,,61.93320932484418,184.591
0.031002148002634792,2.017312686728395,77.56826496072748,835.9058961676099,39.767616443730205,191.122
0.010606102212025612,,79.79152852654492,757.5984656677704,57.20066400830929,198.351
0.024988771321106915,2.6163251063507857,66.84629243498681,817.7648865,50.601903750535676,201.982
0.026342630531601064,2.2597121008146077,84.90295207,761.4379700488373,49.642592823444446,191.892
,1.9314164968956997,84.50785695516788,770.2084810181111,43.87793759106795,209.157
0.013242805643019174,2.4929356954431268,76.43209335185387,822.7306043,52.98853577491342,206.071
0.018996241339581464,2.297970416,63.82627554308609,817.4942568,46.16825578305466,205.706
0.015187383,2.236698522423232,68.48240762584203,784.0645038088711,52.96577811916212,205.637
0.029837318,2.4858578023166804,78.29120583799319,807.2996667435386,46.680553825142084,200.067
0.027113149033425998,2.485761133,66.28522486934052,809.5679690797964,41.321446859047796,213.9
0.022797056689384095,3.0483733030398135,58.47117915532321,794.7879876249934,47.93065715781718,212.177
0.037137598175827326,1.7527508603752109,69.28249196282204,788.3629215137086,63.38683350996789,180.69
0.015740701,2.063654528283308,75.02947265782848,775.1781403,49.77521298174771,206.118
0.022306300534477148,3.0660903925113736,,809.8569254897454,48.02571103045707,209.391
0.021975514171893733,2.799658283604693,,825.9978714996956,53.86243605,196.837
0.027161546996119924,3.184108596009186,75.83873020348398,809.9336648024889,51.58774435648939,188.71
0.030606837787916227,3.290473422092025,74.95572315122163,778.5298345455769,50.81295001199729,187.634
0.038923344303271656,2.7589945592519136,72.64770696189619,820.5751273,40.38636410844102,184.611
0.025739306,2.511791134086859,77.63342132524389,843.4711305,55.656006797843716,186.146
0.033513312,2.666482484435813,74.96584878747423,805.2744819382319,67.34959917864836,181.036
0.021466442,2.251025647112336,73.19020398341739,790.6075450479456,46.092084183347005,202.12
0.0239209,2.6679901275802256,61.36799685019411,813.1266955,56.17392856100871,207.498
0.028301415636707627,2.139899601082064,91.63774457,794.6503672,53.57236926655518,189.034
0.027333069539564336,2.837793579244228,62.39301231,854.2925353254631,49.13020723483692,181.04
0.027097763,,67.90988028452084,835.3132170070442,51.26595717489904,186.99
0.028404439,2.9388793527218158,75.49481084889307,814.0244672413141,56.343922639231906,196.281
0.026411911,3.252619164420286,60.45321617227138,797.3143305089429,70.04123266926767,183.322
0.028939673487650818,1.7061613080252875,,822.9500683731851,41.45586393361188,208.574
0.022685801979847566,2.177065037345916,76.95132634,773.8080907458287,60.792176091275444,194.363
0.030355223235352405,2.3022321176376837,83.43339117,766.291222,58.14261144,188.188
0.023626985152919406,,73.23451317634544,805.8296780767722,45.52050210649391,202.968
0.031948887390459056,2.9965017588887704,70.14428858169283,833.0149895208568,41.62565566106742,189.109
0.013207068151744305,2.440700860468419,,769.0670695291021,41.77181996801222,205.53
0.027120273866544628,2.374204646196095,69.00738632958448,813.0186608450624,,210.077
0.028598242009136035,2.257778108861991,59.697564568596945,852.8591811601294,45.77109249674447,176.514
0.022553507697560773,3.076162365379929,86.88140178249601,745.7535124328178,50.718992230525735,182.106
0.022125538328421596,2.5422043843811784,79.22472552,,64.91994003299409,191.909
0.027120123319144013,2.1743248105524913,,793.3638384131974,36.14327370334688,208.392
0.014053290605573695,1.5136850556507735,78.90569878679929,792.6192475988452,53.086982538236185,214.824
0.015956617410990123,1.4808311414892887,62.38357616165979,814.9349177204376,50.28603765535429,209.739
0.023085040866278425,2.787166714748603,74.13297673235316,820.9893998432622,43.70640588,210.611
0.014307294959178886,2.5322583703731967,80.60903771,795.3174793,49.91822275816359,211.981
0.020206174151631076,2.843890999635778,74.31961183276185,768.1057514099824,60.60483153180482,191.665
0.031220780539951733,4,93.45072087493196,768.0415804918642,47.45682963673786,186.749
,2.2136124400356447,81.46434122880636,805.6997745858139,56.401825892111795,202.039
0.012379542041327296,3.3247476347507474,56.16701467135843,807.0079598,49.00369422229466,213.95
0.025550547,2.664670032693119,67.84309838845618,821.4747083688811,47.334292719137125,200.574
0.016433564769011012,2.2758134437538984,66.39437521676928,822.2577984144359,49.49433507,209.989
,2.6326495570403106,75.78513468,782.7922239,51.39148435820049,200.728
0.009515535,1.583981123472101,,775.7570790391471,47.125362159111155,215.84
0.04199298,2.712283067907234,63.468389558302974,825.0438635900164,51.874684084870246,173.812
,3.3130777177443353,65.47326146577585,781.6449800077464,44.589561224876704,205.157
0.012798971000915716,2.4488640331893476,62.870709334203674,770.1752230180608,54.60183185257371,202.468
0.035209106147864794,2.9073823831187093,65.34767176767365,793.2564629765183,50.99228196899083,193.747
0.027139966276435487,1.0466219614031307,79.24784857018282,828.4653632175915,43.439071415347094,196.707
0.019584674837982183,2.365113981544001,70.47438759576532,793.4572621982377,32.885593977102054,229.378
0.02148639,2.679913462117692,68.27309237782603,788.2051877,48.72847514443401,210.697
0.013248818206552956,1.9640684753512834,55.77230047,824.0270537,51.59055785128889,206.38
0.021135246397041594,2.0880084420265224,64.61489543925366,817.5011703185319,48.18627588214121,200.559
0.033122035,2.2252058596422586,72.22913551591729,767.6177145763444,54.05414223006637,186.774
0.036330922,2.3861050207733587,77.16800112167238,790.2483881505169,39.15189912161132,196.138
0.025413205487958015,2.4710439793184187,,754.4766418822207,51.529204473288125,185.994
0.007566223,,78.53490021337845,839.9940690312766,44.13768342529989,211.628
0.032039169,2.265401377006553,70.00366337783024,761.8805432403175,51.357072007035676,186.805
0.014426474020509379,2.5015806052083462,83.41922189737167,807.2439011,,210.86
0.030099090711872882,2.3010657774320245,58.59973246296599,808.3369898,,195.634
0.019138422,1.8203539478891417,72.36693439627905,758.5206451510489,53.181332140894796,190.367
0.033118190053836524,2.7651342349146013,65.13046356570564,832.8122643693746,42.87185441144299,185.531
0.016826532544314668,2.3065784948547137,60.11802569068108,825.1941819554081,50.86448148088374,206.201
0.016234130474906232,2.630269506842973,73.17694804926982,835.8578945414052,50.75114339420377,201.547
0.030124721,2.1729805829471665,67.41471207300877,805.7374968104681,47.88359320064083,199.768
0.017598096385322788,,71.46454132678153,771.9025914054411,63.74880548,190.483
0.015999895411236906,2.7342518963694253,95.38897901834392,801.6652677228114,67.31000351988432,197.699
0.018749618320661056,2.1911196541607687,79.30443497,781.7974409151076,40.19601325552156,218.404
0.040237889,3.636490581225651,73.18607355409759,775.6849680454194,56.56453155697895,177.796
0.048082861,2.076019108780453,77.87681782452161,782.4674149982607,47.07742097425486,177.811
0.040646467,3.6582151552310496,71.55289898648171,788.5947787795164,50.05817287588322,175.086
0.028190736,2.4348668553991697,58.55704627507633,784.1930080065638,40.447589251815515,208.331
0.029555716789116535,2.5718951447028346,64.13163275039967,783.5239874132559,66.17061584695864,185.342
0.029025829117157485,2.6849038495388386,66.64658208,,48.37851155218791,180.421
0.032452936,2.034945889931283,75.74250283370074,,56.94071746691821,186.28
0.018745766967857708,1.3612565476763794,67.15698308,808.4021715,53.53441186628473,202.86
0.022345847,,65.51239488138641,,42.12306752809219,210.802
0.015373882150310606,3.0167130652190206,84.19969066541225,789.6094678224105,56.71879535763799,195.573
0.018563896849204245,2.2571411776961567,68.94922501568875,830.9380136987172,65.00978414920534,189.199
0.016450624530166734,2.041376287985125,77.66112984621637,,51.69880674498836,208.141
0.017463351,1.7929077516740248,71.12730847652438,836.2715471644572,54.55963537170147,205.451
0.026322044364281018,2.462915507213639,75.66461646517433,794.7262599092214,45.48929151982147,200.187
0.025404376,,77.59202119738029,772.6688654751538,36.52925203969548,205.2
0.038837295960110915,2.9102538869586243,74.78658506919275,817.1652612322571,52.526559781286004,178.901
0.012166156498950165,2.068095602059858,74.26692977537306,769.5861675993782,48.10020419047022,218.741
0.028823997703844143,2.6208721834236846,54.837519976894995,852.8074588692575,69.61414012009004,163.622
0.037399184817928616,2.6244255855503553,,829.8387243202344,58.69622307491099,170.147
0.016513234423084777,2.6945858696180136,61.66924722037744,784.2146034966607,49.38697618516793,209.66
0.028136796077258795,2.3535697536883715,65.61324937770009,860,40.908724908100986,180.392
0.027037634816140577,2.622628131015404,60.81747702268707,819.8680782,47.43004851568566,183.653
0.02998385,,59.016133349969074,860,61.95686643266333,161.876
0.042324228,3.5180588168988005,74.47137088433087,775.4323813453635,,181.308
0.036344735261246576,3.1638418104907613,80.40982702898998,775.0085788597945,62.419652208669504,177.965
0.027914418665765606,3.3383027331315356,70.90005251,791.1007966465298,36.31352609556184,209.706
0.022651419114402837,2.688416725519901,72.49001302704232,784.8070679567398,58.93829486293839,191.528
0.035063472,2.676646464119544,71.62446074881646,786.1056564828948,42.54152421,197.007
0.023895822,2.239012117431363,68.85872210879045,788.6044723543544,51.23916342014435,203.717
0.031266671381871794,2.579706066034219,89.12328555,753.4049196864383,50.80390033567872,182.012
0.029174924860820628,2.484578299050672,84.54131540319803,794.5472553507918,38.04931972518648,201.764
0.024698640249725415,1.6566279492440286,59.30680155834494,799.5753825552905,41.95796979301002,202.974
0.028364147,2.855701632474167,68.06160619595325,781.8745901083718,45.772110462495185,194.569
0.031507729,1.5111282459519146,78.02471766606284,777.5249377277049,35.41267320255855,206.358
0.024398182242156653,1.8432129411501115,61.44460761964533,826.5045011785668,55.24821695481508,197.789
0.017946922677815835,2.401532560264771,68.34164495255699,842.4662720373635,51.30493634104692,195.204
0.012760597427303337,2.034228782898434,88.52781665084947,,59.39007331311366,196.008
0.01752923,3.0634592320603864,78.42204392,772.0658978994459,44.19170732549033,204.712
0.020534350284095552,2.4620290201198194,76.73796510968198,797.6597217074717,47.30398123359238,208.455
0.024242403416749332,1.881869696743357,68.00743346195814,793.5913706305947,54.86112691960577,200.635
0.034105543156266405,2.0456691087336756,69.68726824,820.2402513166509,64.17186017636625,183.44
0.027949577,2.4191977131552416,76.29403204199491,798.4690994,51.133770235422055,195.76
0.026536609662334443,2.9484460769911935,81.21594963249642,781.1403738214857,37.440421905169096,212.148
0.023741331542419104,2.2470570538266252,86.64320284,778.5206241986488,48.88363995114127,196.048
0.027781333367480912,2.8588247988936897,70.74328453753289,802.3535639182207,47.28971944774816,197.07
0.025052034471557256,2.889684300308075,61.54860693213012,820.3944568527393,36.23840078266809,200.409
0.020437015945194325,3.112766072159106,86.36520843968599,763.6568598701558,48.36125905595049,193.771
0.023500495,2.6587499721446237,65.12835083844364,822.4250978988913,43.328974404076924,201.19
0.018264464,2.5738060041286417,68.33015656095382,802.1569477424964,49.34658476046913,210.12
0.017648945,3.538995503718981,84.14929068,740,37.95317767614465,198.699
0.018185394517104075,2.3959849402479643,71.29581325913293,809.9815331761716,44.75414742732248,210.923
0.032182919,2.782028269622999,82.56875087322209,766.0937919694403,43.04569664499177,196.869
0.024206087918454033,2.788400452010076,69.13123343926686,803.1179649,,211.046
0.035044916076178864,2.967160188316257,78.21440572536723,792.1214820462956,54.851375086750316,185.855
0.015182716134916537,1.9568949312529031,62.62008332193582,838.2719177180006,55.87637774747786,199.174
0.030249687,2.903391073071769,64.28367054110414,796.2768129588077,46.46836565605833,203.386
0.024306829,3.383268168,67.59358755606856,778.8811228243554,36.84533834458108,219.542
0.017887574776091753,1.758959163525535,71.04872952,860,41.36461601768369,192.92
0.019860002356499082,1.7433594786912678,,800.1427679893974,50.55590738,202.391
0.034255041,2.2551717684503325,64.12515194965793,835.2450701754593,40.39903071653449,186.809
0.016875663374687194,2.258663591982896,73.52312661752515,787.9786753,53.457997717565526,215.992
0.021956493,3.0245871545514618,75.88817923292774,808.5348840844853,36.56680349139814,218.84
0.024334516383411355,2.721263421610621,,786.4069196669012,56.57603492914081,199.025
0.030653762,2.0884567165641963,75.97751830873892,775.6590804988348,40.68223816565309,195.015
0.027509829706382428,3.5073030182272547,76.61671717721869,798.6887818611232,53.63928785963874,193.12
0.023015114,2.6326286511761854,81.10772071895984,806.9199024051663,56.48734993738385,197.857
0.026342599880021234,2.874038501814625,64.32265390557903,795.3074866849608,41.97736910015193,215.955
0.014842454775485105,2.2275760072762165,66.11189540140208,799.4293806,37.71076435234146,225.138
0.026270328812322004,2.16033888,63.26412457,825.7130610525436,52.180215970896064,189.793
0.019565500134840565,2.3274963496059016,68.29968442562307,791.8344155458631,44.671430571218906,215.194
0.029764955449529586,2.416803586156963,75.88732493444557,793.5529012235183,54.04422276932683,194.039
0.032065259,2.769947060624844,73.80229147171349,779.4113036813853,52.63473394020436,183.281
0.028363365759263917,2.7120105576668494,67.72670044555552,816.2849103199466,41.60359857318966,198.626
0.025448559375122883,1.4780949118271611,63.29155577314319,784.9689129095717,47.336964999692015,199.842
0.016006287487326482,2.732277707644283,76.11570292492759,,57.61747194887746,198.797
0.018060467923279297,2.981803500835886,79.30517185367448,786.6448325904942,49.22497484721508,206.977
0.034141002,3.3269297600217604,62.101422106486254,793.3297077522598,57.39667336191863,188.131
0.032887289621881755,3.846985145586417,86.72873627326427,763.3520552952083,44.170121092952755,189.88
0.024589579612899724,2.414916656,50.661882871398305,824.8336018,41.20619218757669,207.745
0.039504192,2.0925967894271924,55.51051607378672,,51.85948908119696,190.746
0.033405169,2.744779625833872,82.70540117973209,797.2977123043642,66.41304003,183.598
0.016085719,2.848770755258804,80.85234358,804.8129677963485,52.07707162226761,210.278
0.034729706,1.749157576071608,50.93632034,850.0756881913029,,163.803
0.034835297,1.7323690470510662,84.33844289939978,851.8247436657468,45.46120814569392,169.565
0.021639328,2.7695939872569624,62.82635447843942,800.2955645344748,46.22532402459294,210.781
,2.4331871757982575,62.463340047652224,853.2147668677693,60.30084139960171,191.39
0.005,2.4354299052804254,75.44679949129781,806.6442176696995,55.659406780118076,215.325
0.027562864152461397,1.9339672208135994,64.75260409,852.2888947,40.62773579,189.063
0.033924518,2.0445452218863203,61.01112392,819.4704202158285,53.575972078662616,190.612
0.021650116,2.7622807814300243,75.78203918926008,783.1860187840774,50.30386867207496,203.345
0.010842080024601458,2.092493266650316,80.02587816,757.5204492704547,47.505386560869574,211.99
0.016786655,1.8832655288155777,59.83925794440067,815.3410951364048,47.98759834077544,211.56
0.027336456856579993,2.9277457545320154,56.70289703635885,834.5470368538727,54.82558119795256,182.285
0.024004585502889333,2.7378524992602196,77.41820133,814.5798994260151,54.64435462127253,196.766
0.017799626428588466,2.6164016563204866,63.79882181616977,836.2151714114103,54.92357085864629,197.024
0.024784755,2.7065428967299168,68.88146930533496,809.6340182428992,43.19292196,213.568
0.031397061897619184,2.625096788792758,61.22341610423614,860,57.66157177665947,161.962
0.011910731405750585,3.3249589826573533,69.76382374852699,765.2580586322531,41.739021024085034,215.365
0.013846556537961085,3.020467849330643,84.06900817465666,740,43.763019816168566,192.052
0.037120250147253495,3.1251194292739557,63.00754304105222,819.7968436,50.777107751040525,181.958
0.028211513,2.273727949660497,77.48836132870443,798.1823323616111,42.07874572412176,204.273
0.020602712193418325,2.540063544154468,54.610436429543725,833.8365282569681,42.56188781,202.755
0.022317794252338197,2.733494704443835,76.51301205,776.4655924076628,35.92025634771047,210.437
0.01854459,2.510797063617483,69.13038543068244,803.5666237333419,47.40918001325442,209.822
0.035703851862585755,2.5295737287549156,85.8327813,794.4692717827777,,200.524
0.029406817,3.4573850544040288,64.58565451056778,828.0374719673506,63.67532827245274,180.265
0.023616037,2.5238167845929196,79.8256119,814.1737077875424,40.096832192308725,213.76
0.033929817420234765,2.270068590912161,82.60226174634083,812.5265864498319,39.00952201,193.811
0.029898679,2.696843896443679,57.53400355137237,833.8053801788766,32.37717287822588,194.656
0.008329837,2.6211679912767822,63.35449011270679,753.5163692731622,43.050324264859555,209.405
0.022178323974101632,3.074895298056187,65.71960166007881,774.3977614147478,58.751726437323256,192.032
0.024017667554060203,2.2781820410576716,82.13378041814833,830.5431025245009,49.78592194247701,191.19
0.022250092743304074,,67.20627831643539,797.7186341033072,47.66922780055399,207.396
0.028668176,2.5531796298488296,76.07830356252379,818.2604304768241,64.55549391369166,179.67
0.028817293060761293,2.4906056078842385,73.07652884,794.2982288943373,64.62306114402678,198.541
0.026516408155223607,2.4942624162781812,71.47131385896044,814.5044205416949,35.94782412951085,206.197
0.036253997760425954,1.7983611217684992,77.39178361121287,764.7639304038513,51.155036779655646,178.9
0.019032958742028958,3.185754528440576,62.32210339406589,826.948435,,203.507
0.013835135801338315,2.363587210858306,77.43102264145529,763.1733067050423,61.441895920239496,204.735
0.029768889,2.925621156763922,79.33135075808354,764.6217056242358,40.18925474691748,198.391
0.021898040441456927,2.842499567733184,63.60095817456968,786.0140775430197,42.83406227167679,203.346
0.00942542,1.819144902902354,59.44164582865886,798.8249513417251,48.811494450334685,204.493
0.025104519262940706,2.7519083501346793,73.43592509,794.6901280279349,41.926055629532044,204.78
0.023158679608592143,2.725958454438715,71.44553754668571,794.1124117,64.11650496167145,180.147
0.025220849197011494,3.0604244348401846,68.88343772022478,816.2850099735721,46.855653653154675,205.075
0.028509726,2.0425340891905033,54.16600368000202,820.8414502337067,,191.459
0.017514353,2.120723651240693,77.71585545543321,825.4174886131336,57.61326359,203.727
0.018798669686609017,2.3331457183019633,76.70539901,799.8758470612086,47.43042956249063,211.252
0.019337584106543522,1.9717343137737002,69.09910468390231,804.2198810466617,55.63294335087481,210.653
0.015215902454682679,2.7045958570014674,68.94771992302022,812.8957565512712,52.49016316006788,206.723
0.031641723,2.4275077804435705,65.56191132896483,788.4534286625945,50.70333215831255,199.317
0.020280023368604502,2.113945662031208,88.33294140074183,767.5645884485401,54.760421137666015,198.336
0.019235552,2.719404337151007,75.40053846482199,809.9434686679201,45.31239425803584,207.647
0.023434665274389338,2.5966435438021813,77.66509892631265,740,48.03702913417504,182.839
,2.788335243016714,79.75904675625799,799.0142758893603,39.715877258200194,207.904
0.031751301,2.825004149096313,70.56835503259296,824.7453306946508,52.21940697590758,188.413
0.020315643147205475,3.525681098102302,72.65404586726737,778.0484220843263,44.35346991571437,214.973
0.027952905,2.241989565554813,60.171796582327914,779.6565932314775,55.653188919111166,195.633
0.009765369,2.896066184,68.38036084604032,776.1775685060852,53.75303280739515,213.989
0.024883775526089013,2.6696061761044882,89.91768723900391,805.2827622223622,47.29559743,201.814
0.00939796,2.4316053739295174,88.15444333,797.6458635745279,38.200104375883264,222.806
0.030741302288339874,2.7652346911641454,66.94495770566525,807.4099058591745,48.29095106627987,202.499
0.014211830147329027,2.577050733,54.711214888716505,830.1349081187254,46.41683566675044,207.108
0.028757448854860777,2.448877878223281,72.03375335958516,812.2972563862713,54.434625048591826,186.231
0.028577744602053177,2.388818977831166,77.40956319372731,793.4959376021869,47.860190301767055,196.845
0.039266304,2.810770237,69.88668550126859,768.0911644033122,58.55274025311656,169.633
0.011758569,2.712768844,77.41521273,821.5444707070986,51.02072997144472,213.988
0.02025106,2.187204363131707,67.43014822521245,789.3018377755013,49.52427421183879,212.009
0.013816844472275937,2.327175923648133,62.399184449759304,817.3673219,,219.506
0.020490297,2.005508172215853,88.32548882016717,778.9679713278492,39.04352966240515,212.342
0.023689591874961845,2.8244506982944304,73.51043055117964,772.1599317905662,55.19379712041537,186.465
0.021368850740067596,2.7707949543141703,51.124411659547405,789.7135408026674,37.54964691,214.548
0.037213067,3.1350743950802786,69.86645841057147,797.6227834673856,65.68776701950958,175.343
0.019567014,3.0175772133870487,65.73223753687026,806.2196551714188,40.87427503273825,216.2
0.028332408668342697,2.454572016064676,84.62039895777708,835.1852165,44.89275402,192.603
0.023739273000399824,,65.65274087,836.1366950854987,65.15052988782477,179.117
0.019709836,2.808145811104353,74.79804295982989,795.3523441,50.05876612032949,213.323
0.022990915,2.2164822088504605,90.80494699108357,759.2664790937249,,192.042
0.028153733899369503,1.718116474570196,86.69176867609634,800.8076566456394,69.15536174574638,182.243
0.028564141563410327,1.9240254950937121,64.94781014,815.3818214432101,52.57708504462626,188.816
0.021790264551703895,2.2173100655714353,86.13203243443047,813.9248113205866,43.035031310324904,203.544
0.023157620972318646,1.9684682624038943,90.43084572401591,779.6767438888104,37.104035251330885,207.999
0.035599562,3.3250277029773425,83.59055584320527,784.8347394164975,44.305108826569956,200.147
0.024440941830175422,3.108002759279805,68.50273597342941,786.0666149401128,47.96803004160353,203.418
0.030025505241752456,2.3465325314219183,64.89058815764126,774.6230295972189,55.15324011096877,189.136
0.019060576,2.0869097943524095,79.02806929543094,776.2901864433779,36.069410820543474,218.922
0.029675297871257247,2.4120418338624665,65.02004264995733,804.6071429413178,54.98575050685593,191.876
0.015364009306060532,2.2982240564399774,63.04198930063261,821.6354875407679,41.728012320508924,212.239
0.017436484,2.236092187171519,63.33752473260832,815.7578022,,219.328
0.020513400730909633,2.9630008276803057,63.55601505546303,796.9179239053957,61.28041669431526,196.44
0.031993140489289834,2.5305911303801216,59.54597678367771,821.6139579580889,38.18230196916379,196.904
0.023099780296074273,2.3212942181147707,67.46524066473589,804.8310869392617,41.81359295933944,210.717
0.024865437548491152,2.4478541538611513,80.72681345276695,797.3415125127941,35.51481648631362,212.932
0.022304945563751042,2.944343788872506,91.12288069884761,816.2062913115175,53.248843988703285,193.116
0.01913405,2.006812096123921,72.44750363031321,803.3556967429154,58.04162039642432,202.677
0.016861941,1.9720110666790736,70.56443546,,53.775382161086185,203.525
0.012953542842545898,1.9670654340442195,68.10690465430827,780.7439791953192,50.11264995770984,211.981
0.020158841444870308,2.6505759089261463,69.03472845803157,792.7625187,45.70730715624967,210.688
0.014015067,2.018565450184913,72.75099281692275,804.3473612017806,53.19841915665041,215.397
0.031184438278717988,2.909679120582624,60.79414194034812,795.3220869344349,,192.468
0.025027066498929783,2.5312710572887203,70.90931917,780.0387058852486,46.22083168416637,201.058
,3.1881145938020605,67.82160092104655,789.8224129648084,32.35037559636846,215.456
0.018708407,3.077183968137582,77.32795818877992,798.4417843648974,45.84664620895955,210.555
0.014021347182180137,2.5296906492016156,60.002751659082826,813.8640828318213,53.4240713,208.2
0.027521794024809077,2.1762428689499647,69.32552164324541,797.0669041861379,42.49875299080946,201.894
0.027702912779018467,2.0866365865144947,73.39144641059168,827.3470862033975,53.50101554749385,191.676
0.027637609,2.4553181481157464,56.186429222867275,822.6849652,39.786601834785984,198.076
0.026966753,2.8300304765996964,63.075892320927146,837.8198419961581,54.55109786309259,187.761
,2.7113063259044745,87.10567474223464,773.7345703927926,45.70200077466447,206.691
0.025309856344367727,2.247581724293539,78.74253463857126,742.8883236832668,54.44787318297104,187.802
0.012466967,2.1811328302415216,81.91742444269869,789.2213494779061,44.82583681800633,216.942
0.025954954275207474,2.671399650440324,87.91773094330459,800.3847066236841,52.26815082949594,188.139
0.015720627352188148,2.104891911968178,83.02940865,783.9058314207037,65.14438531179852,195.836
0.03021489,2.4166064587349214,79.48216480609281,771.9959734242938,50.04631073,189.731
0.015802409065380687,2.126169036134164,73.18484482717987,827.4635495083658,46.28689124889056,208.11
0.017204286744646757,2.729322134,59.652716668632394,837.5782336253899,37.38274990246316,217.22
0.018654216,1.911546287703338,73.28386591697455,798.2255509723227,53.83570810424214,206.851
0.034616723,1.9952093233891839,58.97157328912784,793.2021784678315,39.89497368273029,202.018
0.030863339,1.5774828979384203,90.79801447001294,802.6260897389462,59.087563203522805,188.104
0.018653643344028636,2.47740128,78.31039786537997,,56.90994585283251,205.185
0.025308705323654937,2.6908482377921383,72.53294204312064,802.2112325,63.06236129392653,192.387
0.020668058573641686,2.1028110122848482,89.08521512195723,,49.488275515488176,209.231
0.021967786,3.5002752004594675,78.13646390738806,788.4714066,51.30896190650501,209.308
0.015773816874028058,2.8785708703117976,71.42751026959846,804.1403872296016,52.361457419907026,208
0.019012562,3.0129358126695287,73.29013597,783.1088838,52.89227485936344,205.532
0.019189545164199687,2.3240412492284817,85.79442048459826,794.963921,46.47120736637569,210.74
0.024412726760795502,2.879356252132277,66.96782539681203,806.5411274272175,57.17171820299844,204.772
0.015611721677409741,2.144953110314302,58.49025904400706,794.1086543568578,43.793295006971036,212.233
0.023650576818301343,2.547127689039946,63.874751928416956,768.2082564,50.23287717406518,194.721
0.011548893528538946,2.571958731850202,73.66029631683092,797.5932175168601,43.090085495652616,222.175
0.020246385,2.7425022643837336,81.22823343085082,812.8663673862867,52.69009651962748,202.023
0.020467427412849182,2.614992872975641,83.07274944621759,799.7570073660983,45.78776307066515,210.979
0.020676757,2.4945254893883977,74.18182536376153,805.8966324829479,53.12872669295153,206.899
0.016222853222111942,2.549001561672842,82.97193154364417,746.0794994594011,45.754922883190005,200.157
0.017050915773798084,3.1844309365058594,66.51016516944632,808.2941234106471,41.59618174547368,212.75
0.015752869172201964,2.1015375155541745,94.11248334537551,740,45.95872760067481,193.933
0.026678079714239335,1.8783737684115542,62.027802010659556,779.2505801424693,48.99021671442905,201.275
0.020208926716798893,3.0687154499222573,79.90993139,773.6213893498125,51.46693326150863,201.145
0.017095106427472816,1.9587537400928328,73.90582671714728,745.2589104869704,58.989296450247316,182.964
0.025353632061899806,3.0276381147768747,65.28495214610754,856.2264338952676,47.93703342233671,184.799
0.005,2.1855719308053265,67.81516018373061,793.2975136374196,48.84886985060286,223.778
0.023286887515065986,2.408948416742709,82.54255221306269,764.6438077117028,50.64504605816242,198.989
0.029065499,2.182449355938689,80.76110198195573,766.7932076400122,,187.334
0.017656755408437474,1.9301927882245626,64.15440819701585,801.7215103766013,40.97127609472696,210.465
0.020454193234244335,2.4652413775928093,66.90973083381104,825.5995025191505,43.684193696169935,201.739
0.024010036679448336,2.2641919399363957,56.79981474019165,814.3461848581444,66.55657293909532,193.295
0.030173147237196843,2.1588370228492137,79.94810959612332,803.6622459685263,35.427954299633576,207.419
0.012893315036507697,2.2101924916141096,83.09491233977785,819.4189870061558,47.214643704052435,209.147
0.027676354524671716,2.701594957345621,,781.4361326387302,51.27646047504228,188.629
0.019085797,2.6222893950850716,70.93391868439178,798.6360506131566,61.15652083446689,204.211
0.021685290862706128,3.1947554851283253,74.94216300716239,804.4170199135724,50.536700686002874,206.151
0.013527358199000325,3.7302881001455903,72.84752682,770.0154772,,199.627
0.012060280212923777,2.6807390841983922,66.3084725,802.3690311,52.949735475686104,216.214
0.025516298011391405,3.3078777257911387,52.03168434,842.4123440841062,43.613483900874165,199.19
,2.7127779602943853,71.40876652738375,811.4585152756474,43.48901568172691,211.399
0.019871463839321465,1.7594755578932626,71.59606232955002,797.9201219001392,64.37411247339412,195.155
0.031213666653706795,2.786347254984902,69.17071454150704,796.1977451861046,60.02171344908446,190.018
0.028989221071817263,2.949699291138179,69.59080476869529,829.0244158456854,61.58523813990705,181.051
0.025790528937090912,2.313680501397404,57.93035996797667,860,47.391462775923365,180.693
0.032076898,2.3975655501157576,85.00445525691244,810.1530326759631,48.41309488400235,188.281
0.028023916451121733,2.510509061973155,69.30521116,759.8303943595373,62.07121050917542,176.645
0.021339996470406956,2.9683891624387773,87.67183943114689,830.6177488799149,52.567656788432835,203.582
0.020471445462092386,2.7965889951523066,53.63559867138248,815.3620478022762,41.02525829620032,204.756
0.024106442218876804,1.2855273017458517,70.23075064590554,766.8949958885792,48.40054147602384,203.597
0.024421300897180927,2.161584608178548,61.96221921725841,832.3256397331401,41.74722935084994,207.417
0.022219064,2.3131594708176366,66.73060933,837.2341000905553,38.91064321394634,204.533
0.032596109,2.5615124106753386,56.789144927647435,825.0450010022385,37.440307806174204,196.041
0.034178884,2.9583839041731483,76.14378668772304,817.8153134443747,41.497307821146485,193.226
0.028325072546843855,2.9155400073111113,68.21472386634636,804.1929623243149,49.64686844367382,191.021
0.025784995,2.931213624041581,74.72024819,793.0480480050583,58.20435379053119,205.575
0.026881238105076404,2.7105209473006786,67.74941339547256,788.9430946770956,57.95155414039089,200.368
0.018395792,1.7947208863519934,77.55968217278442,824.4204605,57.35434887472508,200.199
0.037234069,1.5483495744072822,93.80899570852623,786.0298692317448,65.79760431440732,172.012
0.013143213,2.236534373120391,64.7433022,823.360965,40.737728504550695,227.537
0.024102870599182123,3.4962580996887436,56.543482843895845,793.4244657896636,69.75173189418814,180.638
0.02919212,3.0974838918184444,59.83941632935666,785.1034813587677,48.50021809642075,193.456
0.020619761,2.2150968409185166,,767.7143495725462,49.57358677522612,194.874
0.010367344859270626,2.5853080286561774,70.06651195243087,836.6471301411865,45.51876238061044,209.702
0.020213749,,75.99217445900352,777.5150351479045,41.98589045249959,213.321
0.026264863,2.098187953906202,73.42460344,807.7796166670047,36.36924170801427,216.306
0.023969889794326373,1.8351085440713437,71.72838875954474,819.8022328223474,48.23702583763246,203.501
0.024962767508568358,2.431061894572668,57.589496333595015,796.7192176,51.779993034647234,204.476
0.031027506,2.879356114522713,62.125887686641335,811.7241257919088,51.06193182605871,192.47
0.022315669,2.114698895983833,63.10149626224999,810.5284170833668,48.23753231506323,199.493
